           time            age           mass      core_mass        He_core        CO_core          log_L       log_Teff     log_radius     phase
   0.000000E+00   0.000000E+00   3.630781E+01   0.000000E+00   0.000000E+00   0.000000E+00   5.278530E+00   4.630852E+00   9.008204E-01         1
   2.574141E-01   2.574141E-01   3.618085E+01   0.000000E+00   0.000000E+00   0.000000E+00   5.288894E+00   4.625303E+00   9.171005E-01         1
   5.148282E-01   5.148282E-01   3.604746E+01   0.000000E+00   0.000000E+00   0.000000E+00   5.299880E+00   4.622153E+00   9.288925E-01         1
   7.722422E-01   7.722422E-01   3.590606E+01   0.000000E+00   0.000000E+00   0.000000E+00   5.311281E+00   4.619418E+00   9.400626E-01         1
   1.029656E+00   1.029656E+00   3.575554E+01   0.000000E+00   0.000000E+00   0.000000E+00   5.323097E+00   4.616691E+00   9.514251E-01         1
   1.287070E+00   1.287070E+00   3.559533E+01   0.000000E+00   0.000000E+00   0.000000E+00   5.335271E+00   4.613792E+00   9.633097E-01         1
   1.544484E+00   1.544484E+00   3.542447E+01   0.000000E+00   0.000000E+00   0.000000E+00   5.347779E+00   4.610587E+00   9.759738E-01         1
   1.801899E+00   1.801899E+00   3.524214E+01   0.000000E+00   0.000000E+00   0.000000E+00   5.360678E+00   4.606937E+00   9.897232E-01         1
   2.059313E+00   2.059313E+00   3.504740E+01   0.000000E+00   0.000000E+00   0.000000E+00   5.374043E+00   4.602706E+00   1.004869E+00         1
   2.316727E+00   2.316727E+00   3.483916E+01   0.000000E+00   0.000000E+00   0.000000E+00   5.387970E+00   4.597709E+00   1.021825E+00         1
   2.574141E+00   2.574141E+00   3.461630E+01   0.000000E+00   0.000000E+00   0.000000E+00   5.402571E+00   4.591746E+00   1.041052E+00         1
   2.831555E+00   2.831555E+00   3.437795E+01   0.000000E+00   0.000000E+00   0.000000E+00   5.417990E+00   4.584498E+00   1.063258E+00         1
   3.088969E+00   3.088969E+00   3.412348E+01   0.000000E+00   0.000000E+00   0.000000E+00   5.434304E+00   4.575618E+00   1.089176E+00         1
   3.346383E+00   3.346383E+00   3.385329E+01   0.000000E+00   0.000000E+00   0.000000E+00   5.451418E+00   4.564765E+00   1.119438E+00         1
   3.603797E+00   3.603797E+00   3.356871E+01   0.000000E+00   0.000000E+00   0.000000E+00   5.469630E+00   4.551138E+00   1.155797E+00         1
   3.861211E+00   3.861211E+00   3.327376E+01   0.000000E+00   0.000000E+00   0.000000E+00   5.489321E+00   4.534182E+00   1.199825E+00         1
   4.118625E+00   4.118625E+00   3.297669E+01   0.000000E+00   0.000000E+00   0.000000E+00   5.510997E+00   4.511005E+00   1.256473E+00         1
   4.376039E+00   4.376039E+00   3.269489E+01   0.000000E+00   0.000000E+00   0.000000E+00   5.535213E+00   4.479178E+00   1.332517E+00         1
   4.633453E+00   4.633453E+00   3.245993E+01   0.000000E+00   0.000000E+00   0.000000E+00   5.562225E+00   4.432101E+00   1.440194E+00         1
   4.890868E+00   4.890868E+00   3.093871E+01   0.000000E+00   0.000000E+00   0.000000E+00   5.583850E+00   4.333898E+00   1.647388E+00         1
   4.893442E+00   4.893442E+00   3.091714E+01   0.000000E+00   0.000000E+00   0.000000E+00   5.584069E+00   4.332425E+00   1.650443E+00         1
   4.896016E+00   4.896016E+00   3.089558E+01   0.000000E+00   0.000000E+00   0.000000E+00   5.584289E+00   4.330953E+00   1.653498E+00         1
   4.898590E+00   4.898590E+00   3.087422E+01   0.000000E+00   0.000000E+00   0.000000E+00   5.584515E+00   4.329407E+00   1.656703E+00         1
   4.901164E+00   4.901164E+00   3.085293E+01   0.000000E+00   0.000000E+00   0.000000E+00   5.584744E+00   4.327832E+00   1.659966E+00         1
   4.903738E+00   4.903738E+00   3.083165E+01   0.000000E+00   0.000000E+00   0.000000E+00   5.584973E+00   4.326258E+00   1.663229E+00         1
   4.906312E+00   4.906312E+00   3.081037E+01   0.000000E+00   0.000000E+00   0.000000E+00   5.585202E+00   4.324684E+00   1.666493E+00         1
   4.908887E+00   4.908887E+00   3.078911E+01   0.000000E+00   0.000000E+00   0.000000E+00   5.585432E+00   4.323098E+00   1.669780E+00         1
   4.911461E+00   4.911461E+00   3.076787E+01   0.000000E+00   0.000000E+00   0.000000E+00   5.585663E+00   4.321503E+00   1.673084E+00         1
   4.914035E+00   4.914035E+00   3.074663E+01   0.000000E+00   0.000000E+00   0.000000E+00   5.585894E+00   4.319909E+00   1.676389E+00         1
   4.916609E+00   4.916609E+00   3.072539E+01   0.000000E+00   0.000000E+00   0.000000E+00   5.586125E+00   4.318314E+00   1.679693E+00         1
   4.919183E+00   4.919183E+00   3.070427E+01   0.000000E+00   0.000000E+00   0.000000E+00   5.586360E+00   4.316680E+00   1.683079E+00         1
   4.921757E+00   4.921757E+00   3.068327E+01   0.000000E+00   0.000000E+00   0.000000E+00   5.586600E+00   4.315004E+00   1.686551E+00         1
   4.924331E+00   4.924331E+00   3.066226E+01   0.000000E+00   0.000000E+00   0.000000E+00   5.586839E+00   4.313327E+00   1.690024E+00         1
   4.926906E+00   4.926906E+00   3.064126E+01   0.000000E+00   0.000000E+00   0.000000E+00   5.587078E+00   4.311651E+00   1.693496E+00         1
   4.929480E+00   4.929480E+00   3.062032E+01   0.000000E+00   0.000000E+00   0.000000E+00   5.587320E+00   4.309951E+00   1.697016E+00         1
   4.932054E+00   4.932054E+00   3.059944E+01   0.000000E+00   0.000000E+00   0.000000E+00   5.587563E+00   4.308235E+00   1.700570E+00         1
   4.934628E+00   4.934628E+00   3.057855E+01   0.000000E+00   0.000000E+00   0.000000E+00   5.587806E+00   4.306519E+00   1.704124E+00         1
   4.937202E+00   4.937202E+00   3.055766E+01   0.000000E+00   0.000000E+00   0.000000E+00   5.588050E+00   4.304803E+00   1.707678E+00         1
   4.939776E+00   4.939776E+00   3.053690E+01   0.000000E+00   0.000000E+00   0.000000E+00   5.588297E+00   4.303037E+00   1.711334E+00         1
   4.942350E+00   4.942350E+00   3.051618E+01   0.000000E+00   0.000000E+00   0.000000E+00   5.588547E+00   4.301256E+00   1.715020E+00         1
   4.944925E+00   4.944925E+00   3.049546E+01   0.000000E+00   0.000000E+00   0.000000E+00   5.588796E+00   4.299476E+00   1.718706E+00         1
   4.947499E+00   4.947499E+00   3.047476E+01   0.000000E+00   0.000000E+00   0.000000E+00   5.589046E+00   4.297690E+00   1.722403E+00         1
   4.950073E+00   4.950073E+00   3.045423E+01   0.000000E+00   0.000000E+00   0.000000E+00   5.589302E+00   4.295847E+00   1.726216E+00         1
   4.952647E+00   4.952647E+00   3.043370E+01   0.000000E+00   0.000000E+00   0.000000E+00   5.589557E+00   4.294004E+00   1.730029E+00         1
   4.955221E+00   4.955221E+00   3.041316E+01   0.000000E+00   0.000000E+00   0.000000E+00   5.589812E+00   4.292162E+00   1.733841E+00         1
   4.957795E+00   4.957795E+00   3.039269E+01   0.000000E+00   0.000000E+00   0.000000E+00   5.590070E+00   4.290296E+00   1.737702E+00         1
   4.960369E+00   4.960369E+00   3.037227E+01   0.000000E+00   0.000000E+00   0.000000E+00   5.590329E+00   4.288409E+00   1.741605E+00         1
   4.962944E+00   4.962944E+00   3.035185E+01   0.000000E+00   0.000000E+00   0.000000E+00   5.590589E+00   4.286523E+00   1.745508E+00         1
   4.965518E+00   4.965518E+00   3.033145E+01   0.000000E+00   0.000000E+00   0.000000E+00   5.590849E+00   4.284632E+00   1.749420E+00         1
   4.968092E+00   4.968092E+00   3.031129E+01   0.000000E+00   0.000000E+00   0.000000E+00   5.591117E+00   4.282653E+00   1.753511E+00         1
   4.970666E+00   4.970666E+00   3.029113E+01   0.000000E+00   0.000000E+00   0.000000E+00   5.591384E+00   4.280675E+00   1.757602E+00         1
   4.973240E+00   4.973240E+00   3.027097E+01   0.000000E+00   0.000000E+00   0.000000E+00   5.591652E+00   4.278696E+00   1.761693E+00         1
   4.975814E+00   4.975814E+00   3.025086E+01   0.000000E+00   0.000000E+00   0.000000E+00   5.591922E+00   4.276693E+00   1.765833E+00         1
   4.978388E+00   4.978388E+00   3.023078E+01   0.000000E+00   0.000000E+00   0.000000E+00   5.592193E+00   4.274682E+00   1.769992E+00         1
   4.980962E+00   4.980962E+00   3.021070E+01   0.000000E+00   0.000000E+00   0.000000E+00   5.592464E+00   4.272670E+00   1.774151E+00         1
   4.983537E+00   4.983537E+00   3.019074E+01   0.000000E+00   0.000000E+00   0.000000E+00   5.592738E+00   4.270619E+00   1.778391E+00         1
   4.986111E+00   4.986111E+00   3.017093E+01   0.000000E+00   0.000000E+00   0.000000E+00   5.593017E+00   4.268521E+00   1.782726E+00         1
   4.988685E+00   4.988685E+00   3.015112E+01   0.000000E+00   0.000000E+00   0.000000E+00   5.593296E+00   4.266423E+00   1.787061E+00         1
   4.991259E+00   4.991259E+00   3.013134E+01   0.000000E+00   0.000000E+00   0.000000E+00   5.593576E+00   4.264309E+00   1.791429E+00         1
   4.993833E+00   4.993833E+00   3.011164E+01   0.000000E+00   0.000000E+00   0.000000E+00   5.593860E+00   4.262161E+00   1.795866E+00         1
   4.996407E+00   4.996407E+00   3.009195E+01   0.000000E+00   0.000000E+00   0.000000E+00   5.594143E+00   4.260014E+00   1.800302E+00         1
   4.998981E+00   4.998981E+00   3.007230E+01   0.000000E+00   0.000000E+00   0.000000E+00   5.594428E+00   4.257848E+00   1.804777E+00         1
   5.001556E+00   5.001556E+00   3.005279E+01   0.000000E+00   0.000000E+00   0.000000E+00   5.594717E+00   4.255629E+00   1.809359E+00         1
   5.004130E+00   5.004130E+00   3.003329E+01   0.000000E+00   0.000000E+00   0.000000E+00   5.595006E+00   4.253410E+00   1.813942E+00         1
   5.006704E+00   5.006704E+00   3.001384E+01   0.000000E+00   0.000000E+00   0.000000E+00   5.595298E+00   4.251168E+00   1.818572E+00         1
   5.009278E+00   5.009278E+00   2.999454E+01   0.000000E+00   0.000000E+00   0.000000E+00   5.595594E+00   4.248868E+00   1.823321E+00         1
   5.011852E+00   5.011852E+00   2.997525E+01   0.000000E+00   0.000000E+00   0.000000E+00   5.595890E+00   4.246568E+00   1.828069E+00         1
   5.014426E+00   5.014426E+00   2.995599E+01   0.000000E+00   0.000000E+00   0.000000E+00   5.596188E+00   4.244250E+00   1.832854E+00         1
   5.017000E+00   5.017000E+00   2.993679E+01   0.000000E+00   0.000000E+00   0.000000E+00   5.596488E+00   4.241908E+00   1.837687E+00         1
   5.019575E+00   5.019575E+00   2.991760E+01   0.000000E+00   0.000000E+00   0.000000E+00   5.596788E+00   4.239566E+00   1.842521E+00         1
   5.022149E+00   5.022149E+00   2.989859E+01   0.000000E+00   0.000000E+00   0.000000E+00   5.597094E+00   4.237161E+00   1.847483E+00         1
   5.024723E+00   5.024723E+00   2.987969E+01   0.000000E+00   0.000000E+00   0.000000E+00   5.597404E+00   4.234717E+00   1.852526E+00         1
   5.027297E+00   5.027297E+00   2.986080E+01   0.000000E+00   0.000000E+00   0.000000E+00   5.597714E+00   4.232273E+00   1.857569E+00         1
   5.029871E+00   5.029871E+00   2.984199E+01   0.000000E+00   0.000000E+00   0.000000E+00   5.598027E+00   4.229799E+00   1.862674E+00         1
   5.032445E+00   5.032445E+00   2.982318E+01   0.000000E+00   0.000000E+00   0.000000E+00   5.598341E+00   4.227322E+00   1.867785E+00         1
   5.035019E+00   5.035019E+00   2.980443E+01   0.000000E+00   0.000000E+00   0.000000E+00   5.598656E+00   4.224825E+00   1.872936E+00         1
   5.037594E+00   5.037594E+00   2.978586E+01   0.000000E+00   0.000000E+00   0.000000E+00   5.598979E+00   4.222270E+00   1.878208E+00         1
   5.040168E+00   5.040168E+00   2.976730E+01   0.000000E+00   0.000000E+00   0.000000E+00   5.599301E+00   4.219714E+00   1.883481E+00         1
   5.042742E+00   5.042742E+00   2.974884E+01   0.000000E+00   0.000000E+00   0.000000E+00   5.599628E+00   4.217124E+00   1.888824E+00         1
   5.045316E+00   5.045316E+00   2.973044E+01   0.000000E+00   0.000000E+00   0.000000E+00   5.599957E+00   4.214517E+00   1.894203E+00         1
   5.047890E+00   5.047890E+00   2.971207E+01   0.000000E+00   0.000000E+00   0.000000E+00   5.600287E+00   4.211904E+00   1.899593E+00         1
   5.050464E+00   5.050464E+00   2.969381E+01   0.000000E+00   0.000000E+00   0.000000E+00   5.600622E+00   4.209256E+00   1.905058E+00         1
   5.053038E+00   5.053038E+00   2.967555E+01   0.000000E+00   0.000000E+00   0.000000E+00   5.600956E+00   4.206607E+00   1.910522E+00         1
   5.055613E+00   5.055613E+00   2.965747E+01   0.000000E+00   0.000000E+00   0.000000E+00   5.601299E+00   4.203927E+00   1.916054E+00         1
   5.058187E+00   5.058187E+00   2.963948E+01   0.000000E+00   0.000000E+00   0.000000E+00   5.601646E+00   4.201230E+00   1.921621E+00         1
   5.060761E+00   5.060761E+00   2.962151E+01   0.000000E+00   0.000000E+00   0.000000E+00   5.601995E+00   4.198531E+00   1.927195E+00         1
   5.063335E+00   5.063335E+00   2.960362E+01   0.000000E+00   0.000000E+00   0.000000E+00   5.602347E+00   4.195819E+00   1.932795E+00         1
   5.065909E+00   5.065909E+00   2.958574E+01   0.000000E+00   0.000000E+00   0.000000E+00   5.602699E+00   4.193107E+00   1.938394E+00         1
   5.068483E+00   5.068483E+00   2.956803E+01   0.000000E+00   0.000000E+00   0.000000E+00   5.603062E+00   4.190374E+00   1.944042E+00         1
   5.071057E+00   5.071057E+00   2.955036E+01   0.000000E+00   0.000000E+00   0.000000E+00   5.603426E+00   4.187635E+00   1.949702E+00         1
   5.073632E+00   5.073632E+00   2.953277E+01   0.000000E+00   0.000000E+00   0.000000E+00   5.603796E+00   4.184902E+00   1.955353E+00         1
   5.076206E+00   5.076206E+00   2.951528E+01   0.000000E+00   0.000000E+00   0.000000E+00   5.604172E+00   4.182177E+00   1.960991E+00         1
   5.078780E+00   5.078780E+00   2.949779E+01   0.000000E+00   0.000000E+00   0.000000E+00   5.604548E+00   4.179452E+00   1.966628E+00         1
   5.081354E+00   5.081354E+00   2.948043E+01   0.000000E+00   0.000000E+00   0.000000E+00   5.604934E+00   4.176741E+00   1.972243E+00         1
   5.083928E+00   5.083928E+00   2.946306E+01   0.000000E+00   0.000000E+00   0.000000E+00   5.605319E+00   4.174031E+00   1.977857E+00         1
   5.086502E+00   5.086502E+00   2.944583E+01   0.000000E+00   0.000000E+00   0.000000E+00   5.605717E+00   4.171350E+00   1.983417E+00         1
   5.089076E+00   5.089076E+00   2.942869E+01   0.000000E+00   0.000000E+00   0.000000E+00   5.606123E+00   4.168692E+00   1.988936E+00         1
   5.091651E+00   5.091651E+00   2.941156E+01   0.000000E+00   0.000000E+00   0.000000E+00   5.606532E+00   4.166043E+00   1.994438E+00         1
   5.094225E+00   5.094225E+00   2.939456E+01   0.000000E+00   0.000000E+00   0.000000E+00   5.606957E+00   4.163455E+00   1.999828E+00         1
   5.096799E+00   5.096799E+00   2.937756E+01   0.000000E+00   0.000000E+00   0.000000E+00   5.607382E+00   4.160866E+00   2.005218E+00         1
   5.099373E+00   5.099373E+00   2.936061E+01   0.000000E+00   0.000000E+00   0.000000E+00   5.607815E+00   4.158304E+00   2.010558E+00         1
   5.101947E+00   5.101947E+00   2.934371E+01   0.000000E+00   0.000000E+00   0.000000E+00   5.608252E+00   4.155759E+00   2.015867E+00         1
   5.104521E+00   5.104521E+00   2.932683E+01   3.067344E-01   3.067344E-01   0.000000E+00   5.608693E+00   4.153233E+00   2.021140E+00         1
   5.107095E+00   5.107095E+00   2.931013E+01   3.476433E+00   3.476433E+00   0.000000E+00   5.609180E+00   4.150890E+00   2.026070E+00         1
   5.109670E+00   5.109670E+00   2.929344E+01   6.646132E+00   6.646132E+00   0.000000E+00   5.609667E+00   4.148546E+00   2.031000E+00         1
   5.112244E+00   5.112244E+00   2.927677E+01   9.528749E+00   9.528749E+00   0.000000E+00   5.610166E+00   4.146260E+00   2.035822E+00         1
   5.114818E+00   5.114818E+00   2.926013E+01   1.199888E+01   1.199888E+01   0.000000E+00   5.610684E+00   4.144055E+00   2.040491E+00         1
   5.117392E+00   5.117392E+00   2.924349E+01   1.446901E+01   1.446901E+01   0.000000E+00   5.611202E+00   4.141850E+00   2.045160E+00         1
   5.119966E+00   5.119966E+00   2.922691E+01   1.550414E+01   1.550414E+01   0.000000E+00   5.611771E+00   4.139881E+00   2.049383E+00         1
   5.122540E+00   5.122540E+00   2.921037E+01   1.553401E+01   1.553401E+01   0.000000E+00   5.612376E+00   4.138077E+00   2.053293E+00         1
   5.125114E+00   5.125114E+00   2.919382E+01   1.556388E+01   1.556388E+01   0.000000E+00   5.612980E+00   4.136273E+00   2.057204E+00         1
   5.127689E+00   5.127689E+00   2.917728E+01   1.558362E+01   1.558362E+01   0.000000E+00   5.613682E+00   4.134903E+00   2.060295E+00         1
   5.130263E+00   5.130263E+00   2.916075E+01   1.559264E+01   1.559264E+01   0.000000E+00   5.614488E+00   4.133992E+00   2.062519E+00         1
   5.132837E+00   5.132837E+00   2.914422E+01   1.560167E+01   1.560167E+01   0.000000E+00   5.615293E+00   4.133081E+00   2.064744E+00         1
   5.135411E+00   5.135411E+00   2.912764E+01   1.560769E+01   1.560769E+01   0.000000E+00   5.616240E+00   4.132714E+00   2.065950E+00         1
   5.137985E+00   5.137985E+00   2.911098E+01   1.560892E+01   1.560892E+01   0.000000E+00   5.617413E+00   4.133218E+00   2.065530E+00         1
   5.140559E+00   5.140559E+00   2.909428E+01   1.561168E+01   1.561168E+01   0.000000E+00   5.618760E+00   4.134252E+00   2.064134E+00         1
   5.143133E+00   5.143133E+00   2.907738E+01   1.561912E+01   1.561912E+01   0.000000E+00   5.620783E+00   4.137184E+00   2.059281E+00         1
   5.145708E+00   5.145708E+00   2.906022E+01   1.562249E+01   1.562249E+01   0.000000E+00   5.625210E+00   4.144376E+00   2.047112E+00         1
   5.148282E+00   5.148282E+00   2.904231E+01   1.562300E+01   1.562300E+01   0.000000E+00   5.632197E+00   4.150004E+00   2.039349E+00         2
   5.148358E+00   5.148358E+00   2.904174E+01   1.562297E+01   1.562297E+01   0.000000E+00   5.632850E+00   4.150309E+00   2.039065E+00         2
   5.148434E+00   5.148434E+00   2.904118E+01   1.562293E+01   1.562293E+01   0.000000E+00   5.633503E+00   4.150615E+00   2.038781E+00         2
   5.148510E+00   5.148510E+00   2.904060E+01   1.562290E+01   1.562290E+01   0.000000E+00   5.634182E+00   4.150927E+00   2.038496E+00         2
   5.148586E+00   5.148586E+00   2.904003E+01   1.562286E+01   1.562286E+01   0.000000E+00   5.634915E+00   4.151253E+00   2.038209E+00         2
   5.148662E+00   5.148662E+00   2.903946E+01   1.562282E+01   1.562282E+01   0.000000E+00   5.635647E+00   4.151580E+00   2.037923E+00         2
   5.148738E+00   5.148738E+00   2.903887E+01   1.562277E+01   1.562277E+01   0.000000E+00   5.636561E+00   4.151955E+00   2.037629E+00         2
   5.148814E+00   5.148814E+00   2.903828E+01   1.562272E+01   1.562272E+01   0.000000E+00   5.637493E+00   4.152335E+00   2.037336E+00         2
   5.148890E+00   5.148890E+00   2.903769E+01   1.562267E+01   1.562267E+01   0.000000E+00   5.638494E+00   4.152730E+00   2.037045E+00         2
   5.148966E+00   5.148966E+00   2.903709E+01   1.562261E+01   1.562261E+01   0.000000E+00   5.639554E+00   4.153139E+00   2.036758E+00         2
   5.149042E+00   5.149042E+00   2.903649E+01   1.562255E+01   1.562255E+01   0.000000E+00   5.640674E+00   4.153560E+00   2.036476E+00         2
   5.149119E+00   5.149119E+00   2.903588E+01   1.562248E+01   1.562248E+01   0.000000E+00   5.641802E+00   4.153975E+00   2.036209E+00         2
   5.149195E+00   5.149195E+00   2.903526E+01   1.562241E+01   1.562241E+01   0.000000E+00   5.642929E+00   4.154379E+00   2.035966E+00         2
   5.149271E+00   5.149271E+00   2.903464E+01   1.562236E+01   1.562236E+01   0.000000E+00   5.644008E+00   4.154765E+00   2.035733E+00         2
   5.149347E+00   5.149347E+00   2.903403E+01   1.562233E+01   1.562233E+01   0.000000E+00   5.645007E+00   4.155129E+00   2.035504E+00         2
   5.149423E+00   5.149423E+00   2.903344E+01   1.562234E+01   1.562234E+01   0.000000E+00   5.645904E+00   4.155472E+00   2.035267E+00         2
   5.149499E+00   5.149499E+00   2.903284E+01   1.562236E+01   1.562236E+01   0.000000E+00   5.646777E+00   4.155810E+00   2.035028E+00         2
   5.149575E+00   5.149575E+00   2.903224E+01   1.562239E+01   1.562239E+01   0.000000E+00   5.647629E+00   4.156115E+00   2.034842E+00         2
   5.149651E+00   5.149651E+00   2.903163E+01   1.562241E+01   1.562241E+01   0.000000E+00   5.648478E+00   4.156417E+00   2.034664E+00         2
   5.149727E+00   5.149727E+00   2.903102E+01   1.562244E+01   1.562244E+01   0.000000E+00   5.649272E+00   4.156657E+00   2.034582E+00         2
   5.149803E+00   5.149803E+00   2.903040E+01   1.562246E+01   1.562246E+01   0.000000E+00   5.650061E+00   4.156888E+00   2.034513E+00         2
   5.149879E+00   5.149879E+00   2.902978E+01   1.562249E+01   1.562249E+01   0.000000E+00   5.650781E+00   4.157018E+00   2.034614E+00         2
   5.149955E+00   5.149955E+00   2.902916E+01   1.562251E+01   1.562251E+01   0.000000E+00   5.651492E+00   4.157131E+00   2.034743E+00         2
   5.150032E+00   5.150032E+00   2.902853E+01   1.562253E+01   1.562253E+01   0.000000E+00   5.652108E+00   4.157080E+00   2.035153E+00         2
   5.150108E+00   5.150108E+00   2.902790E+01   1.562256E+01   1.562256E+01   0.000000E+00   5.652718E+00   4.157022E+00   2.035574E+00         2
   5.150184E+00   5.150184E+00   2.902726E+01   1.562256E+01   1.562256E+01   0.000000E+00   5.653195E+00   4.156821E+00   2.036214E+00         2
   5.150260E+00   5.150260E+00   2.902663E+01   1.562257E+01   1.562257E+01   0.000000E+00   5.653673E+00   4.156621E+00   2.036853E+00         2
   5.150336E+00   5.150336E+00   2.902600E+01   1.562257E+01   1.562257E+01   0.000000E+00   5.654007E+00   4.156082E+00   2.038099E+00         2
   5.150412E+00   5.150412E+00   2.902536E+01   1.562257E+01   1.562257E+01   0.000000E+00   5.654333E+00   4.155523E+00   2.039380E+00         2
   5.150488E+00   5.150488E+00   2.902473E+01   1.562257E+01   1.562257E+01   0.000000E+00   5.654535E+00   4.154670E+00   2.041186E+00         2
   5.150564E+00   5.150564E+00   2.902409E+01   1.562257E+01   1.562257E+01   0.000000E+00   5.654695E+00   4.153720E+00   2.043166E+00         2
   5.150640E+00   5.150640E+00   2.902346E+01   1.562261E+01   1.562261E+01   0.000000E+00   5.654798E+00   4.152623E+00   2.045412E+00         2
   5.150716E+00   5.150716E+00   2.902282E+01   1.562270E+01   1.562270E+01   0.000000E+00   5.654825E+00   4.151332E+00   2.048007E+00         2
   5.150792E+00   5.150792E+00   2.902219E+01   1.562297E+01   1.562297E+01   0.000000E+00   5.654842E+00   4.150012E+00   2.050655E+00         2
   5.150868E+00   5.150868E+00   2.902156E+01   1.562517E+01   1.562517E+01   0.000000E+00   5.654755E+00   4.148382E+00   2.053873E+00         2
   5.150945E+00   5.150945E+00   2.902094E+01   1.562738E+01   1.562738E+01   0.000000E+00   5.654668E+00   4.146751E+00   2.057090E+00         2
   5.151021E+00   5.151021E+00   2.902031E+01   1.563223E+01   1.563223E+01   0.000000E+00   5.654509E+00   4.144642E+00   2.060775E+00         2
   5.151097E+00   5.151097E+00   2.901969E+01   1.563775E+01   1.563775E+01   0.000000E+00   5.654330E+00   4.142411E+00   2.064579E+00         2
   5.151173E+00   5.151173E+00   2.901908E+01   1.563983E+01   1.563983E+01   0.000000E+00   5.654109E+00   4.139980E+00   2.069044E+00         2
   5.151249E+00   5.151249E+00   2.901846E+01   1.563983E+01   1.563983E+01   0.000000E+00   5.653862E+00   4.137429E+00   2.073908E+00         2
   5.151325E+00   5.151325E+00   2.901785E+01   1.563982E+01   1.563982E+01   0.000000E+00   5.653571E+00   4.134693E+00   2.079138E+00         2
   5.151401E+00   5.151401E+00   2.901725E+01   1.563982E+01   1.563982E+01   0.000000E+00   5.653245E+00   4.131813E+00   2.084654E+00         2
   5.151477E+00   5.151477E+00   2.901665E+01   1.564071E+01   1.564071E+01   0.000000E+00   5.652882E+00   4.128816E+00   2.090389E+00         2
   5.151553E+00   5.151553E+00   2.901605E+01   1.564212E+01   1.564212E+01   0.000000E+00   5.652497E+00   4.125752E+00   2.096249E+00         2
   5.151629E+00   5.151629E+00   2.901547E+01   1.564772E+01   1.564772E+01   0.000000E+00   5.652049E+00   4.122509E+00   2.102560E+00         2
   5.151705E+00   5.151705E+00   2.901488E+01   1.565366E+01   1.565366E+01   0.000000E+00   5.651578E+00   4.119214E+00   2.109055E+00         2
   5.151782E+00   5.151782E+00   2.901430E+01   1.565394E+01   1.565394E+01   0.000000E+00   5.651028E+00   4.115828E+00   2.116287E+00         2
   5.151858E+00   5.151858E+00   2.901373E+01   1.565430E+01   1.565430E+01   0.000000E+00   5.650450E+00   4.112275E+00   2.123804E+00         2
   5.151934E+00   5.151934E+00   2.901317E+01   1.565470E+01   1.565470E+01   0.000000E+00   5.649839E+00   4.108516E+00   2.131691E+00         2
   5.152010E+00   5.152010E+00   2.901261E+01   1.565477E+01   1.565477E+01   0.000000E+00   5.649148E+00   4.104166E+00   2.140760E+00         2
   5.152086E+00   5.152086E+00   2.901207E+01   1.565955E+01   1.565955E+01   0.000000E+00   5.648412E+00   4.099366E+00   2.150634E+00         2
   5.152162E+00   5.152162E+00   2.901153E+01   1.566764E+01   1.566764E+01   0.000000E+00   5.647634E+00   4.094111E+00   2.160972E+00         2
   5.152238E+00   5.152238E+00   2.901101E+01   1.567090E+01   1.567090E+01   0.000000E+00   5.646796E+00   4.088078E+00   2.172657E+00         2
   5.152314E+00   5.152314E+00   2.901049E+01   1.567100E+01   1.567100E+01   0.000000E+00   5.645920E+00   4.081453E+00   2.185495E+00         2
   5.152390E+00   5.152390E+00   2.900999E+01   1.567110E+01   1.567110E+01   0.000000E+00   5.644971E+00   4.073676E+00   2.200601E+00         2
   5.152466E+00   5.152466E+00   2.900950E+01   1.567161E+01   1.567161E+01   0.000000E+00   5.643972E+00   4.064956E+00   2.217570E+00         2
   5.152542E+00   5.152542E+00   2.900902E+01   1.567164E+01   1.567164E+01   0.000000E+00   5.642908E+00   4.054926E+00   2.237126E+00         2
   5.152618E+00   5.152618E+00   2.900855E+01   1.567157E+01   1.567157E+01   0.000000E+00   5.641733E+00   4.042531E+00   2.261358E+00         2
   5.152695E+00   5.152695E+00   2.900807E+01   1.568189E+01   1.568189E+01   0.000000E+00   5.640497E+00   4.028362E+00   2.289104E+00         2
   5.152771E+00   5.152771E+00   2.900748E+01   1.568980E+01   1.568980E+01   0.000000E+00   5.639280E+00   4.013770E+00   2.317700E+00         2
   5.152847E+00   5.152847E+00   2.900669E+01   1.568996E+01   1.568996E+01   0.000000E+00   5.638084E+00   3.999668E+00   2.345323E+00         2
   5.152923E+00   5.152923E+00   2.900571E+01   1.568992E+01   1.568992E+01   0.000000E+00   5.636919E+00   3.986826E+00   2.370435E+00         2
   5.152999E+00   5.152999E+00   2.900468E+01   1.568989E+01   1.568989E+01   0.000000E+00   5.635808E+00   3.975984E+00   2.391567E+00         2
   5.153075E+00   5.153075E+00   2.900361E+01   1.569503E+01   1.569503E+01   0.000000E+00   5.634712E+00   3.967174E+00   2.408641E+00         2
   5.153151E+00   5.153151E+00   2.900250E+01   1.570442E+01   1.570442E+01   0.000000E+00   5.633630E+00   3.959791E+00   2.422864E+00         2
   5.153227E+00   5.153227E+00   2.900137E+01   1.570576E+01   1.570576E+01   0.000000E+00   5.632548E+00   3.953610E+00   2.434682E+00         2
   5.153303E+00   5.153303E+00   2.900021E+01   1.570648E+01   1.570648E+01   0.000000E+00   5.631468E+00   3.948176E+00   2.445007E+00         2
   5.153379E+00   5.153379E+00   2.899903E+01   1.570832E+01   1.570832E+01   0.000000E+00   5.630401E+00   3.943321E+00   2.454177E+00         2
   5.153455E+00   5.153455E+00   2.899784E+01   1.571618E+01   1.571618E+01   0.000000E+00   5.629380E+00   3.939009E+00   2.462291E+00         2
   5.153531E+00   5.153531E+00   2.899663E+01   1.572120E+01   1.572120E+01   0.000000E+00   5.628198E+00   3.933574E+00   2.472570E+00         2
   5.153608E+00   5.153608E+00   2.899543E+01   1.572171E+01   1.572171E+01   0.000000E+00   5.626824E+00   3.926735E+00   2.485561E+00         2
   5.153684E+00   5.153684E+00   2.899422E+01   1.572128E+01   1.572128E+01   0.000000E+00   5.625068E+00   3.916905E+00   2.504353E+00         2
   5.153760E+00   5.153760E+00   2.899299E+01   1.572133E+01   1.572133E+01   0.000000E+00   5.623145E+00   3.905942E+00   2.525352E+00         2
   5.153836E+00   5.153836E+00   2.899170E+01   1.572304E+01   1.572304E+01   0.000000E+00   5.620892E+00   3.892967E+00   2.550222E+00         2
   5.153912E+00   5.153912E+00   2.899037E+01   1.573666E+01   1.573666E+01   0.000000E+00   5.616721E+00   3.870837E+00   2.592475E+00         2
   5.153988E+00   5.153988E+00   2.898890E+01   1.573745E+01   1.573745E+01   0.000000E+00   5.610905E+00   3.838725E+00   2.653913E+00         2
   5.154064E+00   5.154064E+00   2.898723E+01   1.573813E+01   1.573813E+01   0.000000E+00   5.608579E+00   3.812716E+00   2.704732E+00         2
   5.154140E+00   5.154140E+00   2.898540E+01   1.573844E+01   1.573844E+01   0.000000E+00   5.606288E+00   3.791778E+00   2.745109E+00         2
   5.154216E+00   5.154216E+00   2.898343E+01   1.574395E+01   1.574395E+01   0.000000E+00   5.605138E+00   3.775719E+00   2.776439E+00         2
   5.154292E+00   5.154292E+00   2.898135E+01   1.575590E+01   1.575590E+01   0.000000E+00   5.605043E+00   3.764137E+00   2.799443E+00         2
   5.154368E+00   5.154368E+00   2.897919E+01   1.575578E+01   1.575578E+01   0.000000E+00   5.606307E+00   3.756017E+00   2.816333E+00         2
   5.154444E+00   5.154444E+00   2.897699E+01   1.575639E+01   1.575639E+01   0.000000E+00   5.601803E+00   3.740972E+00   2.843792E+00         2
   5.154521E+00   5.154521E+00   2.897469E+01   1.575637E+01   1.575637E+01   0.000000E+00   5.604427E+00   3.730486E+00   2.865630E+00         2
   5.154597E+00   5.154597E+00   2.897226E+01   1.576442E+01   1.576442E+01   0.000000E+00   5.606936E+00   3.720899E+00   2.885379E+00         2
   5.154673E+00   5.154673E+00   2.896973E+01   1.577412E+01   1.577412E+01   0.000000E+00   5.610480E+00   3.712484E+00   2.903584E+00         2
   5.154749E+00   5.154749E+00   2.896707E+01   1.577478E+01   1.577478E+01   0.000000E+00   5.615029E+00   3.704710E+00   2.921354E+00         2
   5.154825E+00   5.154825E+00   2.896432E+01   1.577519E+01   1.577519E+01   0.000000E+00   5.620555E+00   3.697293E+00   2.938950E+00         2
   5.154901E+00   5.154901E+00   2.896137E+01   1.577984E+01   1.577984E+01   0.000000E+00   5.627272E+00   3.690043E+00   2.956809E+00         2
   5.154977E+00   5.154977E+00   2.895829E+01   1.579047E+01   1.579047E+01   0.000000E+00   5.634693E+00   3.683244E+00   2.974117E+00         2
   5.155053E+00   5.155053E+00   2.895502E+01   1.579247E+01   1.579247E+01   0.000000E+00   5.642417E+00   3.677198E+00   2.990071E+00         2
   5.155129E+00   5.155129E+00   2.895154E+01   1.579247E+01   1.579247E+01   0.000000E+00   5.649843E+00   3.672034E+00   3.004035E+00         2
   5.155205E+00   5.155205E+00   2.894786E+01   1.579349E+01   1.579349E+01   0.000000E+00   5.656826E+00   3.667747E+00   3.016206E+00         2
   5.155281E+00   5.155281E+00   2.894401E+01   1.579922E+01   1.579922E+01   0.000000E+00   5.663012E+00   3.664001E+00   3.026763E+00         2
   5.155358E+00   5.155358E+00   2.894003E+01   1.581167E+01   1.581167E+01   0.000000E+00   5.669612E+00   3.661389E+00   3.035288E+00         2
   5.155434E+00   5.155434E+00   2.893588E+01   1.581205E+01   1.581205E+01   0.000000E+00   5.675834E+00   3.659518E+00   3.042140E+00         2
   5.155510E+00   5.155510E+00   2.893161E+01   1.581194E+01   1.581194E+01   0.000000E+00   5.681469E+00   3.657573E+00   3.048848E+00         2
   5.155586E+00   5.155586E+00   2.892721E+01   1.581227E+01   1.581227E+01   0.000000E+00   5.686893E+00   3.655760E+00   3.055186E+00         2
   5.155662E+00   5.155662E+00   2.892275E+01   1.581325E+01   1.581325E+01   0.000000E+00   5.692122E+00   3.654140E+00   3.061039E+00         2
   5.155738E+00   5.155738E+00   2.891814E+01   1.581539E+01   1.581539E+01   0.000000E+00   5.697320E+00   3.652929E+00   3.066060E+00         2
   5.155814E+00   5.155814E+00   2.891341E+01   1.582260E+01   1.582260E+01   0.000000E+00   5.702583E+00   3.652407E+00   3.069736E+00         2
   5.155890E+00   5.155890E+00   2.890861E+01   1.583242E+01   1.583242E+01   0.000000E+00   5.707863E+00   3.652228E+00   3.072735E+00         2
   5.155890E+00   5.155890E+00   2.890861E+01   1.583242E+01   1.583242E+01   0.000000E+00   5.707863E+00   3.652228E+00   3.072735E+00         4
   5.160080E+00   5.160080E+00   2.860861E+01   1.603273E+01   1.603273E+01   0.000000E+00   5.785593E+00   3.715993E+00   2.984069E+00         4
   5.164269E+00   5.164269E+00   2.831351E+01   1.622718E+01   1.622718E+01   0.000000E+00   5.791711E+00   3.721326E+00   2.976463E+00         4
   5.168459E+00   5.168459E+00   2.801500E+01   1.639493E+01   1.639493E+01   0.000000E+00   5.798017E+00   3.726199E+00   2.969869E+00         4
   5.172648E+00   5.172648E+00   2.772246E+01   1.652840E+01   1.652840E+01   0.000000E+00   5.797570E+00   3.730592E+00   2.960860E+00         4
   5.176837E+00   5.176837E+00   2.743931E+01   1.663275E+01   1.663275E+01   0.000000E+00   5.795606E+00   3.735725E+00   2.949613E+00         4
   5.181027E+00   5.181027E+00   2.715615E+01   1.673710E+01   1.673710E+01   0.000000E+00   5.793642E+00   3.740857E+00   2.938365E+00         4
   5.185216E+00   5.185216E+00   2.687300E+01   1.684146E+01   1.684146E+01   0.000000E+00   5.791679E+00   3.745990E+00   2.927118E+00         4
   5.189406E+00   5.189406E+00   2.660557E+01   1.693152E+01   1.693152E+01   0.000000E+00   5.789875E+00   3.752629E+00   2.912938E+00         4
   5.193595E+00   5.193595E+00   2.635071E+01   1.701018E+01   1.701018E+01   0.000000E+00   5.788199E+00   3.760472E+00   2.896413E+00         4
   5.197785E+00   5.197785E+00   2.609586E+01   1.708883E+01   1.708883E+01   0.000000E+00   5.786523E+00   3.768315E+00   2.879889E+00         4
   5.201974E+00   5.201974E+00   2.586268E+01   1.715341E+01   1.715341E+01   0.000000E+00   5.785007E+00   3.776208E+00   2.863346E+00         4
   5.206164E+00   5.206164E+00   2.562993E+01   1.721772E+01   1.721772E+01   0.000000E+00   5.783494E+00   3.784101E+00   2.846803E+00         4
   5.210353E+00   5.210353E+00   2.540591E+01   1.727853E+01   1.727853E+01   0.000000E+00   5.782058E+00   3.792197E+00   2.829894E+00         4
   5.214543E+00   5.214543E+00   2.519426E+01   1.733439E+01   1.733439E+01   0.000000E+00   5.780731E+00   3.800579E+00   2.812466E+00         4
   5.218732E+00   5.218732E+00   2.498260E+01   1.739026E+01   1.739026E+01   0.000000E+00   5.779405E+00   3.808961E+00   2.795039E+00         4
   5.222922E+00   5.222922E+00   2.479382E+01   1.743570E+01   1.743570E+01   0.000000E+00   5.778220E+00   3.817185E+00   2.778000E+00         4
   5.227111E+00   5.227111E+00   2.460510E+01   1.748111E+01   1.748111E+01   0.000000E+00   5.777036E+00   3.825407E+00   2.760962E+00         4
   5.231301E+00   5.231301E+00   2.442327E+01   1.752490E+01   1.752490E+01   0.000000E+00   5.775893E+00   3.834978E+00   2.741250E+00         4
   5.235490E+00   5.235490E+00   2.424697E+01   1.756737E+01   1.756737E+01   0.000000E+00   5.774785E+00   3.845627E+00   2.719397E+00         4
   5.239679E+00   5.239679E+00   2.412406E+01   1.760852E+01   1.760852E+01   0.000000E+00   5.773689E+00   3.856776E+00   2.696552E+00         4
   5.243869E+00   5.243869E+00   2.403009E+01   1.764896E+01   1.764896E+01   0.000000E+00   5.772600E+00   3.868195E+00   2.673170E+00         4
   5.248058E+00   5.248058E+00   2.388567E+01   1.768493E+01   1.768493E+01   0.000000E+00   5.771564E+00   3.874329E+00   2.660383E+00         4
   5.252248E+00   5.252248E+00   2.373302E+01   1.772017E+01   1.772017E+01   0.000000E+00   5.770537E+00   3.879600E+00   2.649327E+00         4
   5.256437E+00   5.256437E+00   2.358037E+01   1.775542E+01   1.775542E+01   0.000000E+00   5.769509E+00   3.884871E+00   2.638271E+00         4
   5.260627E+00   5.260627E+00   2.342819E+01   1.779019E+01   1.779019E+01   0.000000E+00   5.768502E+00   3.889968E+00   2.627575E+00         4
   5.264816E+00   5.264816E+00   2.328677E+01   1.781402E+01   1.781402E+01   0.000000E+00   5.767966E+00   3.891038E+00   2.625166E+00         4
   5.269006E+00   5.269006E+00   2.314536E+01   1.783785E+01   1.783785E+01   0.000000E+00   5.767431E+00   3.892108E+00   2.622758E+00         4
   5.273195E+00   5.273195E+00   2.300394E+01   1.786168E+01   1.786168E+01   0.000000E+00   5.766895E+00   3.893178E+00   2.620350E+00         4
   5.277385E+00   5.277385E+00   2.286253E+01   1.788551E+01   1.788551E+01   0.000000E+00   5.766360E+00   3.894249E+00   2.617941E+00         4
   5.281574E+00   5.281574E+00   2.272111E+01   1.790935E+01   1.790935E+01   0.000000E+00   5.765824E+00   3.895319E+00   2.615533E+00         4
   5.285764E+00   5.285764E+00   2.257970E+01   1.793318E+01   1.793318E+01   0.000000E+00   5.765288E+00   3.896389E+00   2.613125E+00         4
   5.289953E+00   5.289953E+00   2.243829E+01   1.795701E+01   1.795701E+01   0.000000E+00   5.764753E+00   3.897460E+00   2.610716E+00         4
   5.294143E+00   5.294143E+00   2.229687E+01   1.798084E+01   1.798084E+01   0.000000E+00   5.764217E+00   3.898530E+00   2.608308E+00         4
   5.298332E+00   5.298332E+00   2.215546E+01   1.800467E+01   1.800467E+01   0.000000E+00   5.763682E+00   3.899600E+00   2.605900E+00         4
   5.302521E+00   5.302521E+00   2.201404E+01   1.802850E+01   1.802850E+01   0.000000E+00   5.763146E+00   3.900670E+00   2.603491E+00         4
   5.306711E+00   5.306711E+00   2.187263E+01   1.805233E+01   1.805233E+01   0.000000E+00   5.762610E+00   3.901741E+00   2.601083E+00         4
   5.310900E+00   5.310900E+00   2.173121E+01   1.807617E+01   1.807617E+01   0.000000E+00   5.762075E+00   3.902811E+00   2.598675E+00         4
   5.315090E+00   5.315090E+00   2.158980E+01   1.810000E+01   1.810000E+01   0.000000E+00   5.761539E+00   3.903881E+00   2.596266E+00         4
   5.319279E+00   5.319279E+00   2.144838E+01   1.812383E+01   1.812383E+01   0.000000E+00   5.761004E+00   3.904951E+00   2.593858E+00         4
   5.323469E+00   5.323469E+00   2.130697E+01   1.814766E+01   1.814766E+01   0.000000E+00   5.760468E+00   3.906022E+00   2.591450E+00         4
   5.327658E+00   5.327658E+00   2.116796E+01   1.817047E+01   1.817047E+01   0.000000E+00   5.759986E+00   3.907546E+00   2.588160E+00         4
   5.331848E+00   5.331848E+00   2.104435E+01   1.818678E+01   1.818678E+01   0.000000E+00   5.759848E+00   3.911971E+00   2.579241E+00         4
   5.336037E+00   5.336037E+00   2.092074E+01   1.820308E+01   1.820308E+01   0.000000E+00   5.759710E+00   3.916397E+00   2.570321E+00         4
   5.340227E+00   5.340227E+00   2.079713E+01   1.821939E+01   1.821939E+01   0.000000E+00   5.759573E+00   3.920822E+00   2.561401E+00         4
   5.344416E+00   5.344416E+00   2.067352E+01   1.823569E+01   1.823569E+01   0.000000E+00   5.759435E+00   3.925248E+00   2.552481E+00         4
   5.348606E+00   5.348606E+00   2.055594E+01   1.825180E+01   1.825180E+01   0.000000E+00   5.759349E+00   3.935354E+00   2.532226E+00         4
   5.352795E+00   5.352795E+00   2.044329E+01   1.826702E+01   1.826702E+01   0.000000E+00   5.759316E+00   3.954394E+00   2.494129E+00         4
   5.356985E+00   5.356985E+00   2.034447E+01   1.827793E+01   1.827793E+01   0.000000E+00   5.759617E+00   4.091382E+00   2.220302E+00         4
   5.361174E+00   5.361174E+00   2.025569E+01   1.829184E+01   1.829184E+01   0.000000E+00   5.759485E+00   4.180109E+00   2.042782E+00         4
   5.365363E+00   5.365363E+00   2.017605E+01   1.830693E+01   1.830693E+01   0.000000E+00   5.759598E+00   4.435167E+00   1.532725E+00         4
   5.369553E+00   5.369553E+00   2.015554E+01   1.831654E+01   1.831654E+01   0.000000E+00   5.759744E+00   4.504057E+00   1.395016E+00         4
   5.373742E+00   5.373742E+00   2.009809E+01   1.832967E+01   1.832967E+01   0.000000E+00   5.757877E+00   4.753234E+00   8.957189E-01         4
   5.377932E+00   5.377932E+00   2.002258E+01   1.834058E+01   1.834058E+01   0.000000E+00   5.755485E+00   4.778179E+00   8.446571E-01         4
   5.382121E+00   5.382121E+00   1.994703E+01   1.834853E+01   1.834853E+01   0.000000E+00   5.752920E+00   4.800760E+00   7.981879E-01         4
   5.386311E+00   5.386311E+00   1.987101E+01   1.835633E+01   1.835633E+01   0.000000E+00   5.750261E+00   4.821874E+00   7.545985E-01         4
   5.390500E+00   5.390500E+00   1.979439E+01   1.836580E+01   1.836580E+01   0.000000E+00   5.747537E+00   4.841722E+00   7.135063E-01         4
   5.394690E+00   5.394690E+00   1.971725E+01   1.837114E+01   1.837114E+01   0.000000E+00   5.744837E+00   4.860205E+00   6.751567E-01         4
   5.398879E+00   5.398879E+00   1.963961E+01   1.837645E+01   1.837645E+01   0.000000E+00   5.742240E+00   4.877388E+00   6.395128E-01         4
   5.403069E+00   5.403069E+00   1.956143E+01   1.838221E+01   1.838221E+01   0.000000E+00   5.739852E+00   4.893330E+00   6.064705E-01         4
   5.407258E+00   5.407258E+00   1.948272E+01   1.838679E+01   1.838679E+01   0.000000E+00   5.737725E+00   4.908221E+00   5.756603E-01         4
   5.411448E+00   5.411448E+00   1.940343E+01   1.838835E+01   1.838835E+01   0.000000E+00   5.735929E+00   4.922083E+00   5.470700E-01         4
   5.415637E+00   5.415637E+00   1.932313E+01   1.838879E+01   1.838879E+01   0.000000E+00   5.734625E+00   4.935064E+00   5.204891E-01         4
   5.419826E+00   5.419826E+00   1.924223E+01   1.838988E+01   1.838988E+01   0.000000E+00   5.733570E+00   4.947803E+00   4.945132E-01         4
   5.424016E+00   5.424016E+00   1.916020E+01   1.839316E+01   1.839316E+01   0.000000E+00   5.732954E+00   4.960298E+00   4.692436E-01         4
   5.428205E+00   5.428205E+00   1.907692E+01   1.839433E+01   1.839433E+01   0.000000E+00   5.732597E+00   4.973392E+00   4.429062E-01         4
   5.432395E+00   5.432395E+00   1.899268E+01   1.839405E+01   1.839405E+01   0.000000E+00   5.732399E+00   4.987136E+00   4.153510E-01         4
   5.436584E+00   5.436584E+00   1.890658E+01   1.839171E+01   1.839171E+01   0.000000E+00   5.732325E+00   5.002965E+00   3.836879E-01         4
   5.440774E+00   5.440774E+00   1.881818E+01   1.839038E+01   1.839038E+01   0.000000E+00   5.732217E+00   5.022077E+00   3.453679E-01         4
   5.444963E+00   5.444963E+00   1.872665E+01   1.839007E+01   1.839007E+01   0.000000E+00   5.731951E+00   5.045240E+00   2.988387E-01         4
   5.449153E+00   5.449153E+00   1.862761E+01   1.839004E+01   1.839004E+01   0.000000E+00   5.731092E+00   5.074080E+00   2.406667E-01         4
   5.453342E+00   5.453342E+00   1.851716E+01   1.839294E+01   1.839294E+01   0.000000E+00   5.729180E+00   5.102756E+00   1.823559E-01         4
   5.457532E+00   5.457532E+00   1.838731E+01   1.830631E+01   1.830631E+01   0.000000E+00   5.726014E+00   5.111011E+00   1.642582E-01         4
   5.461721E+00   5.461721E+00   1.825468E+01   1.820270E+01   1.820270E+01   0.000000E+00   5.722691E+00   5.115728E+00   1.531582E-01         4
   5.465911E+00   5.465911E+00   1.812204E+01   1.809910E+01   1.809910E+01   0.000000E+00   5.719369E+00   5.120445E+00   1.420583E-01         4
   5.470100E+00   2.725331E-01   1.913940E+01   0.000000E+00   1.913940E+01   0.000000E+00   5.766602E+00   5.146286E+00   1.172686E-01         7
   5.487851E+00   2.902845E-01   1.865824E+01   0.000000E+00   1.865824E+01   0.000000E+00   5.756531E+00   5.149619E+00   1.055663E-01         7
   5.505603E+00   3.257873E-01   1.788087E+01   0.000000E+00   1.788087E+01   0.000000E+00   5.743087E+00   5.161539E+00   7.500426E-02         7
   5.523354E+00   0.000000E+00   1.556940E+01   1.556940E+01   1.729933E+01   1.461017E+01  -1.000000E+01   3.353451E+00  -4.180362E+00        14
   1.552335E+01   1.514431E+01   1.556940E+01   1.556940E+01   1.729933E+01   1.461017E+01  -1.000000E+01   3.353451E+00  -4.180362E+00        14
   2.552335E+01   4.028863E+01   1.556940E+01   1.556940E+01   1.729933E+01   1.461017E+01  -1.000000E+01   3.353451E+00  -4.180362E+00        14
   3.552335E+01   7.543294E+01   1.556940E+01   1.556940E+01   1.729933E+01   1.461017E+01  -1.000000E+01   3.353451E+00  -4.180362E+00        14
   4.552335E+01   1.205773E+02   1.556940E+01   1.556940E+01   1.729933E+01   1.461017E+01  -1.000000E+01   3.353451E+00  -4.180362E+00        14
   5.552335E+01   1.757216E+02   1.556940E+01   1.556940E+01   1.729933E+01   1.461017E+01  -1.000000E+01   3.353451E+00  -4.180362E+00        14
   6.552335E+01   2.408659E+02   1.556940E+01   1.556940E+01   1.729933E+01   1.461017E+01  -1.000000E+01   3.353451E+00  -4.180362E+00        14
   7.552335E+01   3.160102E+02   1.556940E+01   1.556940E+01   1.729933E+01   1.461017E+01  -1.000000E+01   3.353451E+00  -4.180362E+00        14
   8.552335E+01   4.011545E+02   1.556940E+01   1.556940E+01   1.729933E+01   1.461017E+01  -1.000000E+01   3.353451E+00  -4.180362E+00        14
   9.552335E+01   4.962988E+02   1.556940E+01   1.556940E+01   1.729933E+01   1.461017E+01  -1.000000E+01   3.353451E+00  -4.180362E+00        14
   1.055234E+02   6.014431E+02   1.556940E+01   1.556940E+01   1.729933E+01   1.461017E+01  -1.000000E+01   3.353451E+00  -4.180362E+00        14
   1.155234E+02   7.165874E+02   1.556940E+01   1.556940E+01   1.729933E+01   1.461017E+01  -1.000000E+01   3.353451E+00  -4.180362E+00        14
   1.255234E+02   8.417318E+02   1.556940E+01   1.556940E+01   1.729933E+01   1.461017E+01  -1.000000E+01   3.353451E+00  -4.180362E+00        14
   1.355234E+02   9.768761E+02   1.556940E+01   1.556940E+01   1.729933E+01   1.461017E+01  -1.000000E+01   3.353451E+00  -4.180362E+00        14
   1.455234E+02   1.122020E+03   1.556940E+01   1.556940E+01   1.729933E+01   1.461017E+01  -1.000000E+01   3.353451E+00  -4.180362E+00        14
   1.555234E+02   1.277165E+03   1.556940E+01   1.556940E+01   1.729933E+01   1.461017E+01  -1.000000E+01   3.353451E+00  -4.180362E+00        14
   1.655234E+02   1.442309E+03   1.556940E+01   1.556940E+01   1.729933E+01   1.461017E+01  -1.000000E+01   3.353451E+00  -4.180362E+00        14
   1.755234E+02   1.617453E+03   1.556940E+01   1.556940E+01   1.729933E+01   1.461017E+01  -1.000000E+01   3.353451E+00  -4.180362E+00        14
   1.855234E+02   1.802598E+03   1.556940E+01   1.556940E+01   1.729933E+01   1.461017E+01  -1.000000E+01   3.353451E+00  -4.180362E+00        14
   1.955234E+02   1.997742E+03   1.556940E+01   1.556940E+01   1.729933E+01   1.461017E+01  -1.000000E+01   3.353451E+00  -4.180362E+00        14
   2.055234E+02   2.202886E+03   1.556940E+01   1.556940E+01   1.729933E+01   1.461017E+01  -1.000000E+01   3.353451E+00  -4.180362E+00        14
   2.155234E+02   2.418031E+03   1.556940E+01   1.556940E+01   1.729933E+01   1.461017E+01  -1.000000E+01   3.353451E+00  -4.180362E+00        14
   2.255234E+02   2.643175E+03   1.556940E+01   1.556940E+01   1.729933E+01   1.461017E+01  -1.000000E+01   3.353451E+00  -4.180362E+00        14
   2.355234E+02   2.878319E+03   1.556940E+01   1.556940E+01   1.729933E+01   1.461017E+01  -1.000000E+01   3.353451E+00  -4.180362E+00        14
   2.455234E+02   3.123464E+03   1.556940E+01   1.556940E+01   1.729933E+01   1.461017E+01  -1.000000E+01   3.353451E+00  -4.180362E+00        14
   2.555234E+02   3.378608E+03   1.556940E+01   1.556940E+01   1.729933E+01   1.461017E+01  -1.000000E+01   3.353451E+00  -4.180362E+00        14
   2.655234E+02   3.643752E+03   1.556940E+01   1.556940E+01   1.729933E+01   1.461017E+01  -1.000000E+01   3.353451E+00  -4.180362E+00        14
   2.755234E+02   3.918896E+03   1.556940E+01   1.556940E+01   1.729933E+01   1.461017E+01  -1.000000E+01   3.353451E+00  -4.180362E+00        14
   2.855234E+02   4.204041E+03   1.556940E+01   1.556940E+01   1.729933E+01   1.461017E+01  -1.000000E+01   3.353451E+00  -4.180362E+00        14
   2.955234E+02   4.499185E+03   1.556940E+01   1.556940E+01   1.729933E+01   1.461017E+01  -1.000000E+01   3.353451E+00  -4.180362E+00        14
   3.055234E+02   4.804329E+03   1.556940E+01   1.556940E+01   1.729933E+01   1.461017E+01  -1.000000E+01   3.353451E+00  -4.180362E+00        14
   3.155234E+02   5.119474E+03   1.556940E+01   1.556940E+01   1.729933E+01   1.461017E+01  -1.000000E+01   3.353451E+00  -4.180362E+00        14
   3.255234E+02   5.444618E+03   1.556940E+01   1.556940E+01   1.729933E+01   1.461017E+01  -1.000000E+01   3.353451E+00  -4.180362E+00        14
   3.355234E+02   5.779762E+03   1.556940E+01   1.556940E+01   1.729933E+01   1.461017E+01  -1.000000E+01   3.353451E+00  -4.180362E+00        14
   3.455234E+02   6.124907E+03   1.556940E+01   1.556940E+01   1.729933E+01   1.461017E+01  -1.000000E+01   3.353451E+00  -4.180362E+00        14
   3.555234E+02   6.480051E+03   1.556940E+01   1.556940E+01   1.729933E+01   1.461017E+01  -1.000000E+01   3.353451E+00  -4.180362E+00        14
   3.655234E+02   6.845195E+03   1.556940E+01   1.556940E+01   1.729933E+01   1.461017E+01  -1.000000E+01   3.353451E+00  -4.180362E+00        14
   3.755234E+02   7.220340E+03   1.556940E+01   1.556940E+01   1.729933E+01   1.461017E+01  -1.000000E+01   3.353451E+00  -4.180362E+00        14
   3.855234E+02   7.605484E+03   1.556940E+01   1.556940E+01   1.729933E+01   1.461017E+01  -1.000000E+01   3.353451E+00  -4.180362E+00        14
   3.955234E+02   8.000628E+03   1.556940E+01   1.556940E+01   1.729933E+01   1.461017E+01  -1.000000E+01   3.353451E+00  -4.180362E+00        14
   4.055234E+02   8.405773E+03   1.556940E+01   1.556940E+01   1.729933E+01   1.461017E+01  -1.000000E+01   3.353451E+00  -4.180362E+00        14
   4.155234E+02   8.820917E+03   1.556940E+01   1.556940E+01   1.729933E+01   1.461017E+01  -1.000000E+01   3.353451E+00  -4.180362E+00        14
   4.255234E+02   9.246061E+03   1.556940E+01   1.556940E+01   1.729933E+01   1.461017E+01  -1.000000E+01   3.353451E+00  -4.180362E+00        14
   4.355234E+02   9.681205E+03   1.556940E+01   1.556940E+01   1.729933E+01   1.461017E+01  -1.000000E+01   3.353451E+00  -4.180362E+00        14
   4.455234E+02   1.012635E+04   1.556940E+01   1.556940E+01   1.729933E+01   1.461017E+01  -1.000000E+01   3.353451E+00  -4.180362E+00        14
   4.555234E+02   1.058149E+04   1.556940E+01   1.556940E+01   1.729933E+01   1.461017E+01  -1.000000E+01   3.353451E+00  -4.180362E+00        14
   4.655234E+02   1.104664E+04   1.556940E+01   1.556940E+01   1.729933E+01   1.461017E+01  -1.000000E+01   3.353451E+00  -4.180362E+00        14
   4.755234E+02   1.152178E+04   1.556940E+01   1.556940E+01   1.729933E+01   1.461017E+01  -1.000000E+01   3.353451E+00  -4.180362E+00        14
   4.855234E+02   1.200693E+04   1.556940E+01   1.556940E+01   1.729933E+01   1.461017E+01  -1.000000E+01   3.353451E+00  -4.180362E+00        14
   4.955234E+02   1.250207E+04   1.556940E+01   1.556940E+01   1.729933E+01   1.461017E+01  -1.000000E+01   3.353451E+00  -4.180362E+00        14
   5.055234E+02   1.300722E+04   1.556940E+01   1.556940E+01   1.729933E+01   1.461017E+01  -1.000000E+01   3.353451E+00  -4.180362E+00        14
   5.155234E+02   1.352236E+04   1.556940E+01   1.556940E+01   1.729933E+01   1.461017E+01  -1.000000E+01   3.353451E+00  -4.180362E+00        14
   5.255234E+02   1.404750E+04   1.556940E+01   1.556940E+01   1.729933E+01   1.461017E+01  -1.000000E+01   3.353451E+00  -4.180362E+00        14
   5.355234E+02   1.458265E+04   1.556940E+01   1.556940E+01   1.729933E+01   1.461017E+01  -1.000000E+01   3.353451E+00  -4.180362E+00        14
   5.455234E+02   1.512779E+04   1.556940E+01   1.556940E+01   1.729933E+01   1.461017E+01  -1.000000E+01   3.353451E+00  -4.180362E+00        14
   5.555234E+02   1.568294E+04   1.556940E+01   1.556940E+01   1.729933E+01   1.461017E+01  -1.000000E+01   3.353451E+00  -4.180362E+00        14
   5.655234E+02   1.624808E+04   1.556940E+01   1.556940E+01   1.729933E+01   1.461017E+01  -1.000000E+01   3.353451E+00  -4.180362E+00        14
   5.755234E+02   1.682323E+04   1.556940E+01   1.556940E+01   1.729933E+01   1.461017E+01  -1.000000E+01   3.353451E+00  -4.180362E+00        14
   5.855234E+02   1.740837E+04   1.556940E+01   1.556940E+01   1.729933E+01   1.461017E+01  -1.000000E+01   3.353451E+00  -4.180362E+00        14
   5.955234E+02   1.800351E+04   1.556940E+01   1.556940E+01   1.729933E+01   1.461017E+01  -1.000000E+01   3.353451E+00  -4.180362E+00        14
   6.055234E+02   1.860866E+04   1.556940E+01   1.556940E+01   1.729933E+01   1.461017E+01  -1.000000E+01   3.353451E+00  -4.180362E+00        14
   6.155234E+02   1.922380E+04   1.556940E+01   1.556940E+01   1.729933E+01   1.461017E+01  -1.000000E+01   3.353451E+00  -4.180362E+00        14
   6.255234E+02   1.984895E+04   1.556940E+01   1.556940E+01   1.729933E+01   1.461017E+01  -1.000000E+01   3.353451E+00  -4.180362E+00        14
   6.355234E+02   2.048409E+04   1.556940E+01   1.556940E+01   1.729933E+01   1.461017E+01  -1.000000E+01   3.353451E+00  -4.180362E+00        14
   6.455234E+02   2.112924E+04   1.556940E+01   1.556940E+01   1.729933E+01   1.461017E+01  -1.000000E+01   3.353451E+00  -4.180362E+00        14
   6.555234E+02   2.178438E+04   1.556940E+01   1.556940E+01   1.729933E+01   1.461017E+01  -1.000000E+01   3.353451E+00  -4.180362E+00        14
   6.655234E+02   2.244952E+04   1.556940E+01   1.556940E+01   1.729933E+01   1.461017E+01  -1.000000E+01   3.353451E+00  -4.180362E+00        14
   6.755234E+02   2.312467E+04   1.556940E+01   1.556940E+01   1.729933E+01   1.461017E+01  -1.000000E+01   3.353451E+00  -4.180362E+00        14
   6.855234E+02   2.380981E+04   1.556940E+01   1.556940E+01   1.729933E+01   1.461017E+01  -1.000000E+01   3.353451E+00  -4.180362E+00        14
   6.955234E+02   2.450496E+04   1.556940E+01   1.556940E+01   1.729933E+01   1.461017E+01  -1.000000E+01   3.353451E+00  -4.180362E+00        14
   7.055234E+02   2.521010E+04   1.556940E+01   1.556940E+01   1.729933E+01   1.461017E+01  -1.000000E+01   3.353451E+00  -4.180362E+00        14
   7.155234E+02   2.592525E+04   1.556940E+01   1.556940E+01   1.729933E+01   1.461017E+01  -1.000000E+01   3.353451E+00  -4.180362E+00        14
   7.255234E+02   2.665039E+04   1.556940E+01   1.556940E+01   1.729933E+01   1.461017E+01  -1.000000E+01   3.353451E+00  -4.180362E+00        14
   7.355234E+02   2.738553E+04   1.556940E+01   1.556940E+01   1.729933E+01   1.461017E+01  -1.000000E+01   3.353451E+00  -4.180362E+00        14
   7.455234E+02   2.813068E+04   1.556940E+01   1.556940E+01   1.729933E+01   1.461017E+01  -1.000000E+01   3.353451E+00  -4.180362E+00        14
   7.555234E+02   2.888582E+04   1.556940E+01   1.556940E+01   1.729933E+01   1.461017E+01  -1.000000E+01   3.353451E+00  -4.180362E+00        14
   7.655234E+02   2.965097E+04   1.556940E+01   1.556940E+01   1.729933E+01   1.461017E+01  -1.000000E+01   3.353451E+00  -4.180362E+00        14
   7.755234E+02   3.042611E+04   1.556940E+01   1.556940E+01   1.729933E+01   1.461017E+01  -1.000000E+01   3.353451E+00  -4.180362E+00        14
   7.855234E+02   3.121126E+04   1.556940E+01   1.556940E+01   1.729933E+01   1.461017E+01  -1.000000E+01   3.353451E+00  -4.180362E+00        14
   7.955234E+02   3.200640E+04   1.556940E+01   1.556940E+01   1.729933E+01   1.461017E+01  -1.000000E+01   3.353451E+00  -4.180362E+00        14
   8.055234E+02   3.281155E+04   1.556940E+01   1.556940E+01   1.729933E+01   1.461017E+01  -1.000000E+01   3.353451E+00  -4.180362E+00        14
   8.155234E+02   3.362669E+04   1.556940E+01   1.556940E+01   1.729933E+01   1.461017E+01  -1.000000E+01   3.353451E+00  -4.180362E+00        14
   8.255234E+02   3.445183E+04   1.556940E+01   1.556940E+01   1.729933E+01   1.461017E+01  -1.000000E+01   3.353451E+00  -4.180362E+00        14
   8.355234E+02   3.528698E+04   1.556940E+01   1.556940E+01   1.729933E+01   1.461017E+01  -1.000000E+01   3.353451E+00  -4.180362E+00        14
   8.455234E+02   3.613212E+04   1.556940E+01   1.556940E+01   1.729933E+01   1.461017E+01  -1.000000E+01   3.353451E+00  -4.180362E+00        14
   8.555234E+02   3.698727E+04   1.556940E+01   1.556940E+01   1.729933E+01   1.461017E+01  -1.000000E+01   3.353451E+00  -4.180362E+00        14
   8.655234E+02   3.785241E+04   1.556940E+01   1.556940E+01   1.729933E+01   1.461017E+01  -1.000000E+01   3.353451E+00  -4.180362E+00        14
   8.755234E+02   3.872756E+04   1.556940E+01   1.556940E+01   1.729933E+01   1.461017E+01  -1.000000E+01   3.353451E+00  -4.180362E+00        14
   8.855234E+02   3.961270E+04   1.556940E+01   1.556940E+01   1.729933E+01   1.461017E+01  -1.000000E+01   3.353451E+00  -4.180362E+00        14
   8.955234E+02   4.050784E+04   1.556940E+01   1.556940E+01   1.729933E+01   1.461017E+01  -1.000000E+01   3.353451E+00  -4.180362E+00        14
   9.055234E+02   4.141299E+04   1.556940E+01   1.556940E+01   1.729933E+01   1.461017E+01  -1.000000E+01   3.353451E+00  -4.180362E+00        14
   9.155234E+02   4.232813E+04   1.556940E+01   1.556940E+01   1.729933E+01   1.461017E+01  -1.000000E+01   3.353451E+00  -4.180362E+00        14
   9.255234E+02   4.325328E+04   1.556940E+01   1.556940E+01   1.729933E+01   1.461017E+01  -1.000000E+01   3.353451E+00  -4.180362E+00        14
   9.355234E+02   4.418842E+04   1.556940E+01   1.556940E+01   1.729933E+01   1.461017E+01  -1.000000E+01   3.353451E+00  -4.180362E+00        14
   9.455234E+02   4.513357E+04   1.556940E+01   1.556940E+01   1.729933E+01   1.461017E+01  -1.000000E+01   3.353451E+00  -4.180362E+00        14
   9.555234E+02   4.608871E+04   1.556940E+01   1.556940E+01   1.729933E+01   1.461017E+01  -1.000000E+01   3.353451E+00  -4.180362E+00        14
   9.655234E+02   4.705385E+04   1.556940E+01   1.556940E+01   1.729933E+01   1.461017E+01  -1.000000E+01   3.353451E+00  -4.180362E+00        14
   9.755234E+02   4.802900E+04   1.556940E+01   1.556940E+01   1.729933E+01   1.461017E+01  -1.000000E+01   3.353451E+00  -4.180362E+00        14
   9.855234E+02   4.901414E+04   1.556940E+01   1.556940E+01   1.729933E+01   1.461017E+01  -1.000000E+01   3.353451E+00  -4.180362E+00        14
   9.955234E+02   5.000929E+04   1.556940E+01   1.556940E+01   1.729933E+01   1.461017E+01  -1.000000E+01   3.353451E+00  -4.180362E+00        14
   1.005523E+03   5.101443E+04   1.556940E+01   1.556940E+01   1.729933E+01   1.461017E+01  -1.000000E+01   3.353451E+00  -4.180362E+00        14
   1.015523E+03   5.202958E+04   1.556940E+01   1.556940E+01   1.729933E+01   1.461017E+01  -1.000000E+01   3.353451E+00  -4.180362E+00        14
   1.025523E+03   5.305472E+04   1.556940E+01   1.556940E+01   1.729933E+01   1.461017E+01  -1.000000E+01   3.353451E+00  -4.180362E+00        14
   1.035523E+03   5.408986E+04   1.556940E+01   1.556940E+01   1.729933E+01   1.461017E+01  -1.000000E+01   3.353451E+00  -4.180362E+00        14
   1.045523E+03   5.513501E+04   1.556940E+01   1.556940E+01   1.729933E+01   1.461017E+01  -1.000000E+01   3.353451E+00  -4.180362E+00        14
   1.055523E+03   5.619015E+04   1.556940E+01   1.556940E+01   1.729933E+01   1.461017E+01  -1.000000E+01   3.353451E+00  -4.180362E+00        14
   1.065523E+03   5.725530E+04   1.556940E+01   1.556940E+01   1.729933E+01   1.461017E+01  -1.000000E+01   3.353451E+00  -4.180362E+00        14
   1.075523E+03   5.833044E+04   1.556940E+01   1.556940E+01   1.729933E+01   1.461017E+01  -1.000000E+01   3.353451E+00  -4.180362E+00        14
   1.085523E+03   5.941559E+04   1.556940E+01   1.556940E+01   1.729933E+01   1.461017E+01  -1.000000E+01   3.353451E+00  -4.180362E+00        14
   1.095523E+03   6.051073E+04   1.556940E+01   1.556940E+01   1.729933E+01   1.461017E+01  -1.000000E+01   3.353451E+00  -4.180362E+00        14
   1.105523E+03   6.161587E+04   1.556940E+01   1.556940E+01   1.729933E+01   1.461017E+01  -1.000000E+01   3.353451E+00  -4.180362E+00        14
   1.115523E+03   6.273102E+04   1.556940E+01   1.556940E+01   1.729933E+01   1.461017E+01  -1.000000E+01   3.353451E+00  -4.180362E+00        14
   1.125523E+03   6.385616E+04   1.556940E+01   1.556940E+01   1.729933E+01   1.461017E+01  -1.000000E+01   3.353451E+00  -4.180362E+00        14
   1.135523E+03   6.499131E+04   1.556940E+01   1.556940E+01   1.729933E+01   1.461017E+01  -1.000000E+01   3.353451E+00  -4.180362E+00        14
   1.145523E+03   6.613645E+04   1.556940E+01   1.556940E+01   1.729933E+01   1.461017E+01  -1.000000E+01   3.353451E+00  -4.180362E+00        14
   1.155523E+03   6.729160E+04   1.556940E+01   1.556940E+01   1.729933E+01   1.461017E+01  -1.000000E+01   3.353451E+00  -4.180362E+00        14
   1.165523E+03   6.845674E+04   1.556940E+01   1.556940E+01   1.729933E+01   1.461017E+01  -1.000000E+01   3.353451E+00  -4.180362E+00        14
   1.175523E+03   6.963188E+04   1.556940E+01   1.556940E+01   1.729933E+01   1.461017E+01  -1.000000E+01   3.353451E+00  -4.180362E+00        14
   1.185523E+03   7.081703E+04   1.556940E+01   1.556940E+01   1.729933E+01   1.461017E+01  -1.000000E+01   3.353451E+00  -4.180362E+00        14
   1.195523E+03   7.201217E+04   1.556940E+01   1.556940E+01   1.729933E+01   1.461017E+01  -1.000000E+01   3.353451E+00  -4.180362E+00        14
   1.205523E+03   7.321732E+04   1.556940E+01   1.556940E+01   1.729933E+01   1.461017E+01  -1.000000E+01   3.353451E+00  -4.180362E+00        14
   1.215523E+03   7.443246E+04   1.556940E+01   1.556940E+01   1.729933E+01   1.461017E+01  -1.000000E+01   3.353451E+00  -4.180362E+00        14
   1.225523E+03   7.565761E+04   1.556940E+01   1.556940E+01   1.729933E+01   1.461017E+01  -1.000000E+01   3.353451E+00  -4.180362E+00        14
   1.235523E+03   7.689275E+04   1.556940E+01   1.556940E+01   1.729933E+01   1.461017E+01  -1.000000E+01   3.353451E+00  -4.180362E+00        14
   1.245523E+03   7.813789E+04   1.556940E+01   1.556940E+01   1.729933E+01   1.461017E+01  -1.000000E+01   3.353451E+00  -4.180362E+00        14
   1.255523E+03   7.939304E+04   1.556940E+01   1.556940E+01   1.729933E+01   1.461017E+01  -1.000000E+01   3.353451E+00  -4.180362E+00        14
   1.265523E+03   8.065818E+04   1.556940E+01   1.556940E+01   1.729933E+01   1.461017E+01  -1.000000E+01   3.353451E+00  -4.180362E+00        14
   1.275523E+03   8.193333E+04   1.556940E+01   1.556940E+01   1.729933E+01   1.461017E+01  -1.000000E+01   3.353451E+00  -4.180362E+00        14
   1.285523E+03   8.321847E+04   1.556940E+01   1.556940E+01   1.729933E+01   1.461017E+01  -1.000000E+01   3.353451E+00  -4.180362E+00        14
   1.295523E+03   8.451362E+04   1.556940E+01   1.556940E+01   1.729933E+01   1.461017E+01  -1.000000E+01   3.353451E+00  -4.180362E+00        14
   1.305523E+03   8.581876E+04   1.556940E+01   1.556940E+01   1.729933E+01   1.461017E+01  -1.000000E+01   3.353451E+00  -4.180362E+00        14
   1.315523E+03   8.713390E+04   1.556940E+01   1.556940E+01   1.729933E+01   1.461017E+01  -1.000000E+01   3.353451E+00  -4.180362E+00        14
   1.325523E+03   8.845905E+04   1.556940E+01   1.556940E+01   1.729933E+01   1.461017E+01  -1.000000E+01   3.353451E+00  -4.180362E+00        14
   1.335523E+03   8.979419E+04   1.556940E+01   1.556940E+01   1.729933E+01   1.461017E+01  -1.000000E+01   3.353451E+00  -4.180362E+00        14
   1.345523E+03   9.113934E+04   1.556940E+01   1.556940E+01   1.729933E+01   1.461017E+01  -1.000000E+01   3.353451E+00  -4.180362E+00        14
   1.355523E+03   9.249448E+04   1.556940E+01   1.556940E+01   1.729933E+01   1.461017E+01  -1.000000E+01   3.353451E+00  -4.180362E+00        14
   1.365523E+03   9.385963E+04   1.556940E+01   1.556940E+01   1.729933E+01   1.461017E+01  -1.000000E+01   3.353451E+00  -4.180362E+00        14
   1.375523E+03   9.523477E+04   1.556940E+01   1.556940E+01   1.729933E+01   1.461017E+01  -1.000000E+01   3.353451E+00  -4.180362E+00        14
   1.385523E+03   9.661992E+04   1.556940E+01   1.556940E+01   1.729933E+01   1.461017E+01  -1.000000E+01   3.353451E+00  -4.180362E+00        14
   1.395523E+03   9.801506E+04   1.556940E+01   1.556940E+01   1.729933E+01   1.461017E+01  -1.000000E+01   3.353451E+00  -4.180362E+00        14
   1.405523E+03   9.942020E+04   1.556940E+01   1.556940E+01   1.729933E+01   1.461017E+01  -1.000000E+01   3.353451E+00  -4.180362E+00        14
   1.415523E+03   1.008353E+05   1.556940E+01   1.556940E+01   1.729933E+01   1.461017E+01  -1.000000E+01   3.353451E+00  -4.180362E+00        14
   1.425523E+03   1.022605E+05   1.556940E+01   1.556940E+01   1.729933E+01   1.461017E+01  -1.000000E+01   3.353451E+00  -4.180362E+00        14
   1.435523E+03   1.036956E+05   1.556940E+01   1.556940E+01   1.729933E+01   1.461017E+01  -1.000000E+01   3.353451E+00  -4.180362E+00        14
   1.445523E+03   1.051408E+05   1.556940E+01   1.556940E+01   1.729933E+01   1.461017E+01  -1.000000E+01   3.353451E+00  -4.180362E+00        14
   1.455523E+03   1.065959E+05   1.556940E+01   1.556940E+01   1.729933E+01   1.461017E+01  -1.000000E+01   3.353451E+00  -4.180362E+00        14
   1.465523E+03   1.080611E+05   1.556940E+01   1.556940E+01   1.729933E+01   1.461017E+01  -1.000000E+01   3.353451E+00  -4.180362E+00        14
   1.475523E+03   1.095362E+05   1.556940E+01   1.556940E+01   1.729933E+01   1.461017E+01  -1.000000E+01   3.353451E+00  -4.180362E+00        14
   1.485523E+03   1.110214E+05   1.556940E+01   1.556940E+01   1.729933E+01   1.461017E+01  -1.000000E+01   3.353451E+00  -4.180362E+00        14
   1.495523E+03   1.125165E+05   1.556940E+01   1.556940E+01   1.729933E+01   1.461017E+01  -1.000000E+01   3.353451E+00  -4.180362E+00        14
   1.505523E+03   1.140216E+05   1.556940E+01   1.556940E+01   1.729933E+01   1.461017E+01  -1.000000E+01   3.353451E+00  -4.180362E+00        14
   1.515523E+03   1.155368E+05   1.556940E+01   1.556940E+01   1.729933E+01   1.461017E+01  -1.000000E+01   3.353451E+00  -4.180362E+00        14
   1.525523E+03   1.170619E+05   1.556940E+01   1.556940E+01   1.729933E+01   1.461017E+01  -1.000000E+01   3.353451E+00  -4.180362E+00        14
   1.535523E+03   1.185971E+05   1.556940E+01   1.556940E+01   1.729933E+01   1.461017E+01  -1.000000E+01   3.353451E+00  -4.180362E+00        14
   1.545523E+03   1.201422E+05   1.556940E+01   1.556940E+01   1.729933E+01   1.461017E+01  -1.000000E+01   3.353451E+00  -4.180362E+00        14
   1.555523E+03   1.216974E+05   1.556940E+01   1.556940E+01   1.729933E+01   1.461017E+01  -1.000000E+01   3.353451E+00  -4.180362E+00        14
   1.565523E+03   1.232625E+05   1.556940E+01   1.556940E+01   1.729933E+01   1.461017E+01  -1.000000E+01   3.353451E+00  -4.180362E+00        14
   1.575523E+03   1.248377E+05   1.556940E+01   1.556940E+01   1.729933E+01   1.461017E+01  -1.000000E+01   3.353451E+00  -4.180362E+00        14
   1.585523E+03   1.264228E+05   1.556940E+01   1.556940E+01   1.729933E+01   1.461017E+01  -1.000000E+01   3.353451E+00  -4.180362E+00        14
   1.595523E+03   1.280179E+05   1.556940E+01   1.556940E+01   1.729933E+01   1.461017E+01  -1.000000E+01   3.353451E+00  -4.180362E+00        14
   1.605523E+03   1.296231E+05   1.556940E+01   1.556940E+01   1.729933E+01   1.461017E+01  -1.000000E+01   3.353451E+00  -4.180362E+00        14
   1.615523E+03   1.312382E+05   1.556940E+01   1.556940E+01   1.729933E+01   1.461017E+01  -1.000000E+01   3.353451E+00  -4.180362E+00        14
   1.625523E+03   1.328634E+05   1.556940E+01   1.556940E+01   1.729933E+01   1.461017E+01  -1.000000E+01   3.353451E+00  -4.180362E+00        14
   1.635523E+03   1.344985E+05   1.556940E+01   1.556940E+01   1.729933E+01   1.461017E+01  -1.000000E+01   3.353451E+00  -4.180362E+00        14
   1.645523E+03   1.361437E+05   1.556940E+01   1.556940E+01   1.729933E+01   1.461017E+01  -1.000000E+01   3.353451E+00  -4.180362E+00        14
   1.655523E+03   1.377988E+05   1.556940E+01   1.556940E+01   1.729933E+01   1.461017E+01  -1.000000E+01   3.353451E+00  -4.180362E+00        14
   1.665523E+03   1.394640E+05   1.556940E+01   1.556940E+01   1.729933E+01   1.461017E+01  -1.000000E+01   3.353451E+00  -4.180362E+00        14
   1.675523E+03   1.411391E+05   1.556940E+01   1.556940E+01   1.729933E+01   1.461017E+01  -1.000000E+01   3.353451E+00  -4.180362E+00        14
   1.685523E+03   1.428242E+05   1.556940E+01   1.556940E+01   1.729933E+01   1.461017E+01  -1.000000E+01   3.353451E+00  -4.180362E+00        14
   1.695523E+03   1.445194E+05   1.556940E+01   1.556940E+01   1.729933E+01   1.461017E+01  -1.000000E+01   3.353451E+00  -4.180362E+00        14
   1.705523E+03   1.462245E+05   1.556940E+01   1.556940E+01   1.729933E+01   1.461017E+01  -1.000000E+01   3.353451E+00  -4.180362E+00        14
   1.715523E+03   1.479397E+05   1.556940E+01   1.556940E+01   1.729933E+01   1.461017E+01  -1.000000E+01   3.353451E+00  -4.180362E+00        14
   1.725523E+03   1.496648E+05   1.556940E+01   1.556940E+01   1.729933E+01   1.461017E+01  -1.000000E+01   3.353451E+00  -4.180362E+00        14
   1.735523E+03   1.514000E+05   1.556940E+01   1.556940E+01   1.729933E+01   1.461017E+01  -1.000000E+01   3.353451E+00  -4.180362E+00        14
   1.745523E+03   1.531451E+05   1.556940E+01   1.556940E+01   1.729933E+01   1.461017E+01  -1.000000E+01   3.353451E+00  -4.180362E+00        14
   1.755523E+03   1.549003E+05   1.556940E+01   1.556940E+01   1.729933E+01   1.461017E+01  -1.000000E+01   3.353451E+00  -4.180362E+00        14
   1.765523E+03   1.566654E+05   1.556940E+01   1.556940E+01   1.729933E+01   1.461017E+01  -1.000000E+01   3.353451E+00  -4.180362E+00        14
   1.775523E+03   1.584405E+05   1.556940E+01   1.556940E+01   1.729933E+01   1.461017E+01  -1.000000E+01   3.353451E+00  -4.180362E+00        14
   1.785523E+03   1.602257E+05   1.556940E+01   1.556940E+01   1.729933E+01   1.461017E+01  -1.000000E+01   3.353451E+00  -4.180362E+00        14
   1.795523E+03   1.620208E+05   1.556940E+01   1.556940E+01   1.729933E+01   1.461017E+01  -1.000000E+01   3.353451E+00  -4.180362E+00        14
   1.805523E+03   1.638260E+05   1.556940E+01   1.556940E+01   1.729933E+01   1.461017E+01  -1.000000E+01   3.353451E+00  -4.180362E+00        14
   1.815523E+03   1.656411E+05   1.556940E+01   1.556940E+01   1.729933E+01   1.461017E+01  -1.000000E+01   3.353451E+00  -4.180362E+00        14
   1.825523E+03   1.674663E+05   1.556940E+01   1.556940E+01   1.729933E+01   1.461017E+01  -1.000000E+01   3.353451E+00  -4.180362E+00        14
   1.835523E+03   1.693014E+05   1.556940E+01   1.556940E+01   1.729933E+01   1.461017E+01  -1.000000E+01   3.353451E+00  -4.180362E+00        14
   1.845523E+03   1.711466E+05   1.556940E+01   1.556940E+01   1.729933E+01   1.461017E+01  -1.000000E+01   3.353451E+00  -4.180362E+00        14
   1.855523E+03   1.730017E+05   1.556940E+01   1.556940E+01   1.729933E+01   1.461017E+01  -1.000000E+01   3.353451E+00  -4.180362E+00        14
   1.865523E+03   1.748668E+05   1.556940E+01   1.556940E+01   1.729933E+01   1.461017E+01  -1.000000E+01   3.353451E+00  -4.180362E+00        14
   1.875523E+03   1.767420E+05   1.556940E+01   1.556940E+01   1.729933E+01   1.461017E+01  -1.000000E+01   3.353451E+00  -4.180362E+00        14
   1.885523E+03   1.786271E+05   1.556940E+01   1.556940E+01   1.729933E+01   1.461017E+01  -1.000000E+01   3.353451E+00  -4.180362E+00        14
   1.895523E+03   1.805223E+05   1.556940E+01   1.556940E+01   1.729933E+01   1.461017E+01  -1.000000E+01   3.353451E+00  -4.180362E+00        14
   1.905523E+03   1.824274E+05   1.556940E+01   1.556940E+01   1.729933E+01   1.461017E+01  -1.000000E+01   3.353451E+00  -4.180362E+00        14
   1.915523E+03   1.843426E+05   1.556940E+01   1.556940E+01   1.729933E+01   1.461017E+01  -1.000000E+01   3.353451E+00  -4.180362E+00        14
   1.925523E+03   1.862677E+05   1.556940E+01   1.556940E+01   1.729933E+01   1.461017E+01  -1.000000E+01   3.353451E+00  -4.180362E+00        14
   1.935523E+03   1.882029E+05   1.556940E+01   1.556940E+01   1.729933E+01   1.461017E+01  -1.000000E+01   3.353451E+00  -4.180362E+00        14
   1.945523E+03   1.901480E+05   1.556940E+01   1.556940E+01   1.729933E+01   1.461017E+01  -1.000000E+01   3.353451E+00  -4.180362E+00        14
   1.955523E+03   1.921031E+05   1.556940E+01   1.556940E+01   1.729933E+01   1.461017E+01  -1.000000E+01   3.353451E+00  -4.180362E+00        14
   1.965523E+03   1.940683E+05   1.556940E+01   1.556940E+01   1.729933E+01   1.461017E+01  -1.000000E+01   3.353451E+00  -4.180362E+00        14
   1.975523E+03   1.960434E+05   1.556940E+01   1.556940E+01   1.729933E+01   1.461017E+01  -1.000000E+01   3.353451E+00  -4.180362E+00        14
   1.985523E+03   1.980286E+05   1.556940E+01   1.556940E+01   1.729933E+01   1.461017E+01  -1.000000E+01   3.353451E+00  -4.180362E+00        14
   1.995523E+03   2.000237E+05   1.556940E+01   1.556940E+01   1.729933E+01   1.461017E+01  -1.000000E+01   3.353451E+00  -4.180362E+00        14
   2.005523E+03   2.020289E+05   1.556940E+01   1.556940E+01   1.729933E+01   1.461017E+01  -1.000000E+01   3.353451E+00  -4.180362E+00        14
   2.015523E+03   2.040440E+05   1.556940E+01   1.556940E+01   1.729933E+01   1.461017E+01  -1.000000E+01   3.353451E+00  -4.180362E+00        14
   2.025523E+03   2.060692E+05   1.556940E+01   1.556940E+01   1.729933E+01   1.461017E+01  -1.000000E+01   3.353451E+00  -4.180362E+00        14
   2.035523E+03   2.081043E+05   1.556940E+01   1.556940E+01   1.729933E+01   1.461017E+01  -1.000000E+01   3.353451E+00  -4.180362E+00        14
   2.045523E+03   2.101494E+05   1.556940E+01   1.556940E+01   1.729933E+01   1.461017E+01  -1.000000E+01   3.353451E+00  -4.180362E+00        14
   2.055523E+03   2.122046E+05   1.556940E+01   1.556940E+01   1.729933E+01   1.461017E+01  -1.000000E+01   3.353451E+00  -4.180362E+00        14
   2.065523E+03   2.142697E+05   1.556940E+01   1.556940E+01   1.729933E+01   1.461017E+01  -1.000000E+01   3.353451E+00  -4.180362E+00        14
   2.075523E+03   2.163449E+05   1.556940E+01   1.556940E+01   1.729933E+01   1.461017E+01  -1.000000E+01   3.353451E+00  -4.180362E+00        14
   2.085523E+03   2.184300E+05   1.556940E+01   1.556940E+01   1.729933E+01   1.461017E+01  -1.000000E+01   3.353451E+00  -4.180362E+00        14
   2.095523E+03   2.205252E+05   1.556940E+01   1.556940E+01   1.729933E+01   1.461017E+01  -1.000000E+01   3.353451E+00  -4.180362E+00        14
   2.105523E+03   2.226303E+05   1.556940E+01   1.556940E+01   1.729933E+01   1.461017E+01  -1.000000E+01   3.353451E+00  -4.180362E+00        14
   2.115523E+03   2.247455E+05   1.556940E+01   1.556940E+01   1.729933E+01   1.461017E+01  -1.000000E+01   3.353451E+00  -4.180362E+00        14
   2.125523E+03   2.268706E+05   1.556940E+01   1.556940E+01   1.729933E+01   1.461017E+01  -1.000000E+01   3.353451E+00  -4.180362E+00        14
   2.135523E+03   2.290057E+05   1.556940E+01   1.556940E+01   1.729933E+01   1.461017E+01  -1.000000E+01   3.353451E+00  -4.180362E+00        14
   2.145523E+03   2.311509E+05   1.556940E+01   1.556940E+01   1.729933E+01   1.461017E+01  -1.000000E+01   3.353451E+00  -4.180362E+00        14
   2.155523E+03   2.333060E+05   1.556940E+01   1.556940E+01   1.729933E+01   1.461017E+01  -1.000000E+01   3.353451E+00  -4.180362E+00        14
   2.165523E+03   2.354712E+05   1.556940E+01   1.556940E+01   1.729933E+01   1.461017E+01  -1.000000E+01   3.353451E+00  -4.180362E+00        14
   2.175523E+03   2.376463E+05   1.556940E+01   1.556940E+01   1.729933E+01   1.461017E+01  -1.000000E+01   3.353451E+00  -4.180362E+00        14
   2.185523E+03   2.398315E+05   1.556940E+01   1.556940E+01   1.729933E+01   1.461017E+01  -1.000000E+01   3.353451E+00  -4.180362E+00        14
   2.195523E+03   2.420266E+05   1.556940E+01   1.556940E+01   1.729933E+01   1.461017E+01  -1.000000E+01   3.353451E+00  -4.180362E+00        14
   2.205523E+03   2.442317E+05   1.556940E+01   1.556940E+01   1.729933E+01   1.461017E+01  -1.000000E+01   3.353451E+00  -4.180362E+00        14
   2.215523E+03   2.464469E+05   1.556940E+01   1.556940E+01   1.729933E+01   1.461017E+01  -1.000000E+01   3.353451E+00  -4.180362E+00        14
   2.225523E+03   2.486720E+05   1.556940E+01   1.556940E+01   1.729933E+01   1.461017E+01  -1.000000E+01   3.353451E+00  -4.180362E+00        14
   2.235523E+03   2.509072E+05   1.556940E+01   1.556940E+01   1.729933E+01   1.461017E+01  -1.000000E+01   3.353451E+00  -4.180362E+00        14
   2.245523E+03   2.531523E+05   1.556940E+01   1.556940E+01   1.729933E+01   1.461017E+01  -1.000000E+01   3.353451E+00  -4.180362E+00        14
   2.255523E+03   2.554075E+05   1.556940E+01   1.556940E+01   1.729933E+01   1.461017E+01  -1.000000E+01   3.353451E+00  -4.180362E+00        14
   2.265523E+03   2.576726E+05   1.556940E+01   1.556940E+01   1.729933E+01   1.461017E+01  -1.000000E+01   3.353451E+00  -4.180362E+00        14
   2.275523E+03   2.599478E+05   1.556940E+01   1.556940E+01   1.729933E+01   1.461017E+01  -1.000000E+01   3.353451E+00  -4.180362E+00        14
   2.285523E+03   2.622329E+05   1.556940E+01   1.556940E+01   1.729933E+01   1.461017E+01  -1.000000E+01   3.353451E+00  -4.180362E+00        14
   2.295523E+03   2.645280E+05   1.556940E+01   1.556940E+01   1.729933E+01   1.461017E+01  -1.000000E+01   3.353451E+00  -4.180362E+00        14
   2.305523E+03   2.668332E+05   1.556940E+01   1.556940E+01   1.729933E+01   1.461017E+01  -1.000000E+01   3.353451E+00  -4.180362E+00        14
   2.315523E+03   2.691483E+05   1.556940E+01   1.556940E+01   1.729933E+01   1.461017E+01  -1.000000E+01   3.353451E+00  -4.180362E+00        14
   2.325523E+03   2.714735E+05   1.556940E+01   1.556940E+01   1.729933E+01   1.461017E+01  -1.000000E+01   3.353451E+00  -4.180362E+00        14
   2.335523E+03   2.738086E+05   1.556940E+01   1.556940E+01   1.729933E+01   1.461017E+01  -1.000000E+01   3.353451E+00  -4.180362E+00        14
   2.345523E+03   2.761538E+05   1.556940E+01   1.556940E+01   1.729933E+01   1.461017E+01  -1.000000E+01   3.353451E+00  -4.180362E+00        14
   2.355523E+03   2.785089E+05   1.556940E+01   1.556940E+01   1.729933E+01   1.461017E+01  -1.000000E+01   3.353451E+00  -4.180362E+00        14
   2.365523E+03   2.808741E+05   1.556940E+01   1.556940E+01   1.729933E+01   1.461017E+01  -1.000000E+01   3.353451E+00  -4.180362E+00        14
   2.375523E+03   2.832492E+05   1.556940E+01   1.556940E+01   1.729933E+01   1.461017E+01  -1.000000E+01   3.353451E+00  -4.180362E+00        14
   2.385523E+03   2.856343E+05   1.556940E+01   1.556940E+01   1.729933E+01   1.461017E+01  -1.000000E+01   3.353451E+00  -4.180362E+00        14
   2.395523E+03   2.880295E+05   1.556940E+01   1.556940E+01   1.729933E+01   1.461017E+01  -1.000000E+01   3.353451E+00  -4.180362E+00        14
   2.405523E+03   2.904346E+05   1.556940E+01   1.556940E+01   1.729933E+01   1.461017E+01  -1.000000E+01   3.353451E+00  -4.180362E+00        14
   2.415523E+03   2.928498E+05   1.556940E+01   1.556940E+01   1.729933E+01   1.461017E+01  -1.000000E+01   3.353451E+00  -4.180362E+00        14
   2.425523E+03   2.952749E+05   1.556940E+01   1.556940E+01   1.729933E+01   1.461017E+01  -1.000000E+01   3.353451E+00  -4.180362E+00        14
   2.435523E+03   2.977101E+05   1.556940E+01   1.556940E+01   1.729933E+01   1.461017E+01  -1.000000E+01   3.353451E+00  -4.180362E+00        14
   2.445523E+03   3.001552E+05   1.556940E+01   1.556940E+01   1.729933E+01   1.461017E+01  -1.000000E+01   3.353451E+00  -4.180362E+00        14
   2.455523E+03   3.026104E+05   1.556940E+01   1.556940E+01   1.729933E+01   1.461017E+01  -1.000000E+01   3.353451E+00  -4.180362E+00        14
   2.465523E+03   3.050755E+05   1.556940E+01   1.556940E+01   1.729933E+01   1.461017E+01  -1.000000E+01   3.353451E+00  -4.180362E+00        14
   2.475523E+03   3.075506E+05   1.556940E+01   1.556940E+01   1.729933E+01   1.461017E+01  -1.000000E+01   3.353451E+00  -4.180362E+00        14
   2.485523E+03   3.100358E+05   1.556940E+01   1.556940E+01   1.729933E+01   1.461017E+01  -1.000000E+01   3.353451E+00  -4.180362E+00        14
   2.495523E+03   3.125309E+05   1.556940E+01   1.556940E+01   1.729933E+01   1.461017E+01  -1.000000E+01   3.353451E+00  -4.180362E+00        14
   2.505523E+03   3.150361E+05   1.556940E+01   1.556940E+01   1.729933E+01   1.461017E+01  -1.000000E+01   3.353451E+00  -4.180362E+00        14
   2.515523E+03   3.175512E+05   1.556940E+01   1.556940E+01   1.729933E+01   1.461017E+01  -1.000000E+01   3.353451E+00  -4.180362E+00        14
   2.525523E+03   3.200764E+05   1.556940E+01   1.556940E+01   1.729933E+01   1.461017E+01  -1.000000E+01   3.353451E+00  -4.180362E+00        14
   2.535523E+03   3.226115E+05   1.556940E+01   1.556940E+01   1.729933E+01   1.461017E+01  -1.000000E+01   3.353451E+00  -4.180362E+00        14
   2.545523E+03   3.251567E+05   1.556940E+01   1.556940E+01   1.729933E+01   1.461017E+01  -1.000000E+01   3.353451E+00  -4.180362E+00        14
   2.555523E+03   3.277118E+05   1.556940E+01   1.556940E+01   1.729933E+01   1.461017E+01  -1.000000E+01   3.353451E+00  -4.180362E+00        14
   2.565523E+03   3.302769E+05   1.556940E+01   1.556940E+01   1.729933E+01   1.461017E+01  -1.000000E+01   3.353451E+00  -4.180362E+00        14
   2.575523E+03   3.328521E+05   1.556940E+01   1.556940E+01   1.729933E+01   1.461017E+01  -1.000000E+01   3.353451E+00  -4.180362E+00        14
   2.585523E+03   3.354372E+05   1.556940E+01   1.556940E+01   1.729933E+01   1.461017E+01  -1.000000E+01   3.353451E+00  -4.180362E+00        14
   2.595523E+03   3.380324E+05   1.556940E+01   1.556940E+01   1.729933E+01   1.461017E+01  -1.000000E+01   3.353451E+00  -4.180362E+00        14
   2.605523E+03   3.406375E+05   1.556940E+01   1.556940E+01   1.729933E+01   1.461017E+01  -1.000000E+01   3.353451E+00  -4.180362E+00        14
   2.615523E+03   3.432527E+05   1.556940E+01   1.556940E+01   1.729933E+01   1.461017E+01  -1.000000E+01   3.353451E+00  -4.180362E+00        14
   2.625523E+03   3.458778E+05   1.556940E+01   1.556940E+01   1.729933E+01   1.461017E+01  -1.000000E+01   3.353451E+00  -4.180362E+00        14
   2.635523E+03   3.485130E+05   1.556940E+01   1.556940E+01   1.729933E+01   1.461017E+01  -1.000000E+01   3.353451E+00  -4.180362E+00        14
   2.645523E+03   3.511581E+05   1.556940E+01   1.556940E+01   1.729933E+01   1.461017E+01  -1.000000E+01   3.353451E+00  -4.180362E+00        14
   2.655523E+03   3.538132E+05   1.556940E+01   1.556940E+01   1.729933E+01   1.461017E+01  -1.000000E+01   3.353451E+00  -4.180362E+00        14
   2.665523E+03   3.564784E+05   1.556940E+01   1.556940E+01   1.729933E+01   1.461017E+01  -1.000000E+01   3.353451E+00  -4.180362E+00        14
   2.675523E+03   3.591535E+05   1.556940E+01   1.556940E+01   1.729933E+01   1.461017E+01  -1.000000E+01   3.353451E+00  -4.180362E+00        14
   2.685523E+03   3.618387E+05   1.556940E+01   1.556940E+01   1.729933E+01   1.461017E+01  -1.000000E+01   3.353451E+00  -4.180362E+00        14
   2.695523E+03   3.645338E+05   1.556940E+01   1.556940E+01   1.729933E+01   1.461017E+01  -1.000000E+01   3.353451E+00  -4.180362E+00        14
   2.705523E+03   3.672390E+05   1.556940E+01   1.556940E+01   1.729933E+01   1.461017E+01  -1.000000E+01   3.353451E+00  -4.180362E+00        14
   2.715523E+03   3.699541E+05   1.556940E+01   1.556940E+01   1.729933E+01   1.461017E+01  -1.000000E+01   3.353451E+00  -4.180362E+00        14
   2.725523E+03   3.726793E+05   1.556940E+01   1.556940E+01   1.729933E+01   1.461017E+01  -1.000000E+01   3.353451E+00  -4.180362E+00        14
   2.735523E+03   3.754144E+05   1.556940E+01   1.556940E+01   1.729933E+01   1.461017E+01  -1.000000E+01   3.353451E+00  -4.180362E+00        14
   2.745523E+03   3.781595E+05   1.556940E+01   1.556940E+01   1.729933E+01   1.461017E+01  -1.000000E+01   3.353451E+00  -4.180362E+00        14
   2.755523E+03   3.809147E+05   1.556940E+01   1.556940E+01   1.729933E+01   1.461017E+01  -1.000000E+01   3.353451E+00  -4.180362E+00        14
   2.765523E+03   3.836798E+05   1.556940E+01   1.556940E+01   1.729933E+01   1.461017E+01  -1.000000E+01   3.353451E+00  -4.180362E+00        14
   2.775523E+03   3.864550E+05   1.556940E+01   1.556940E+01   1.729933E+01   1.461017E+01  -1.000000E+01   3.353451E+00  -4.180362E+00        14
   2.785523E+03   3.892401E+05   1.556940E+01   1.556940E+01   1.729933E+01   1.461017E+01  -1.000000E+01   3.353451E+00  -4.180362E+00        14
   2.795523E+03   3.920353E+05   1.556940E+01   1.556940E+01   1.729933E+01   1.461017E+01  -1.000000E+01   3.353451E+00  -4.180362E+00        14
   2.805523E+03   3.948404E+05   1.556940E+01   1.556940E+01   1.729933E+01   1.461017E+01  -1.000000E+01   3.353451E+00  -4.180362E+00        14
   2.815523E+03   3.976556E+05   1.556940E+01   1.556940E+01   1.729933E+01   1.461017E+01  -1.000000E+01   3.353451E+00  -4.180362E+00        14
   2.825523E+03   4.004807E+05   1.556940E+01   1.556940E+01   1.729933E+01   1.461017E+01  -1.000000E+01   3.353451E+00  -4.180362E+00        14
   2.835523E+03   4.033158E+05   1.556940E+01   1.556940E+01   1.729933E+01   1.461017E+01  -1.000000E+01   3.353451E+00  -4.180362E+00        14
   2.845523E+03   4.061610E+05   1.556940E+01   1.556940E+01   1.729933E+01   1.461017E+01  -1.000000E+01   3.353451E+00  -4.180362E+00        14
   2.855523E+03   4.090161E+05   1.556940E+01   1.556940E+01   1.729933E+01   1.461017E+01  -1.000000E+01   3.353451E+00  -4.180362E+00        14
   2.865523E+03   4.118813E+05   1.556940E+01   1.556940E+01   1.729933E+01   1.461017E+01  -1.000000E+01   3.353451E+00  -4.180362E+00        14
   2.875523E+03   4.147564E+05   1.556940E+01   1.556940E+01   1.729933E+01   1.461017E+01  -1.000000E+01   3.353451E+00  -4.180362E+00        14
   2.885523E+03   4.176416E+05   1.556940E+01   1.556940E+01   1.729933E+01   1.461017E+01  -1.000000E+01   3.353451E+00  -4.180362E+00        14
   2.895523E+03   4.205367E+05   1.556940E+01   1.556940E+01   1.729933E+01   1.461017E+01  -1.000000E+01   3.353451E+00  -4.180362E+00        14
   2.905523E+03   4.234419E+05   1.556940E+01   1.556940E+01   1.729933E+01   1.461017E+01  -1.000000E+01   3.353451E+00  -4.180362E+00        14
   2.915523E+03   4.263570E+05   1.556940E+01   1.556940E+01   1.729933E+01   1.461017E+01  -1.000000E+01   3.353451E+00  -4.180362E+00        14
   2.925523E+03   4.292821E+05   1.556940E+01   1.556940E+01   1.729933E+01   1.461017E+01  -1.000000E+01   3.353451E+00  -4.180362E+00        14
   2.935523E+03   4.322173E+05   1.556940E+01   1.556940E+01   1.729933E+01   1.461017E+01  -1.000000E+01   3.353451E+00  -4.180362E+00        14
   2.945523E+03   4.351624E+05   1.556940E+01   1.556940E+01   1.729933E+01   1.461017E+01  -1.000000E+01   3.353451E+00  -4.180362E+00        14
   2.955523E+03   4.381176E+05   1.556940E+01   1.556940E+01   1.729933E+01   1.461017E+01  -1.000000E+01   3.353451E+00  -4.180362E+00        14
   2.965523E+03   4.410827E+05   1.556940E+01   1.556940E+01   1.729933E+01   1.461017E+01  -1.000000E+01   3.353451E+00  -4.180362E+00        14
   2.975523E+03   4.440579E+05   1.556940E+01   1.556940E+01   1.729933E+01   1.461017E+01  -1.000000E+01   3.353451E+00  -4.180362E+00        14
   2.985523E+03   4.470430E+05   1.556940E+01   1.556940E+01   1.729933E+01   1.461017E+01  -1.000000E+01   3.353451E+00  -4.180362E+00        14
   2.995523E+03   4.500381E+05   1.556940E+01   1.556940E+01   1.729933E+01   1.461017E+01  -1.000000E+01   3.353451E+00  -4.180362E+00        14
   3.005523E+03   4.530433E+05   1.556940E+01   1.556940E+01   1.729933E+01   1.461017E+01  -1.000000E+01   3.353451E+00  -4.180362E+00        14
   3.015523E+03   4.560584E+05   1.556940E+01   1.556940E+01   1.729933E+01   1.461017E+01  -1.000000E+01   3.353451E+00  -4.180362E+00        14
   3.025523E+03   4.590836E+05   1.556940E+01   1.556940E+01   1.729933E+01   1.461017E+01  -1.000000E+01   3.353451E+00  -4.180362E+00        14
   3.035523E+03   4.621187E+05   1.556940E+01   1.556940E+01   1.729933E+01   1.461017E+01  -1.000000E+01   3.353451E+00  -4.180362E+00        14
   3.045523E+03   4.651639E+05   1.556940E+01   1.556940E+01   1.729933E+01   1.461017E+01  -1.000000E+01   3.353451E+00  -4.180362E+00        14
   3.055523E+03   4.682190E+05   1.556940E+01   1.556940E+01   1.729933E+01   1.461017E+01  -1.000000E+01   3.353451E+00  -4.180362E+00        14
   3.065523E+03   4.712842E+05   1.556940E+01   1.556940E+01   1.729933E+01   1.461017E+01  -1.000000E+01   3.353451E+00  -4.180362E+00        14
   3.075523E+03   4.743593E+05   1.556940E+01   1.556940E+01   1.729933E+01   1.461017E+01  -1.000000E+01   3.353451E+00  -4.180362E+00        14
   3.085523E+03   4.774444E+05   1.556940E+01   1.556940E+01   1.729933E+01   1.461017E+01  -1.000000E+01   3.353451E+00  -4.180362E+00        14
   3.095523E+03   4.805396E+05   1.556940E+01   1.556940E+01   1.729933E+01   1.461017E+01  -1.000000E+01   3.353451E+00  -4.180362E+00        14
   3.105523E+03   4.836447E+05   1.556940E+01   1.556940E+01   1.729933E+01   1.461017E+01  -1.000000E+01   3.353451E+00  -4.180362E+00        14
   3.115523E+03   4.867599E+05   1.556940E+01   1.556940E+01   1.729933E+01   1.461017E+01  -1.000000E+01   3.353451E+00  -4.180362E+00        14
   3.125523E+03   4.898850E+05   1.556940E+01   1.556940E+01   1.729933E+01   1.461017E+01  -1.000000E+01   3.353451E+00  -4.180362E+00        14
   3.135523E+03   4.930202E+05   1.556940E+01   1.556940E+01   1.729933E+01   1.461017E+01  -1.000000E+01   3.353451E+00  -4.180362E+00        14
   3.145523E+03   4.961653E+05   1.556940E+01   1.556940E+01   1.729933E+01   1.461017E+01  -1.000000E+01   3.353451E+00  -4.180362E+00        14
   3.155523E+03   4.993205E+05   1.556940E+01   1.556940E+01   1.729933E+01   1.461017E+01  -1.000000E+01   3.353451E+00  -4.180362E+00        14
   3.165523E+03   5.024856E+05   1.556940E+01   1.556940E+01   1.729933E+01   1.461017E+01  -1.000000E+01   3.353451E+00  -4.180362E+00        14
   3.175523E+03   5.056607E+05   1.556940E+01   1.556940E+01   1.729933E+01   1.461017E+01  -1.000000E+01   3.353451E+00  -4.180362E+00        14
   3.185523E+03   5.088459E+05   1.556940E+01   1.556940E+01   1.729933E+01   1.461017E+01  -1.000000E+01   3.353451E+00  -4.180362E+00        14
   3.195523E+03   5.120410E+05   1.556940E+01   1.556940E+01   1.729933E+01   1.461017E+01  -1.000000E+01   3.353451E+00  -4.180362E+00        14
   3.205523E+03   5.152462E+05   1.556940E+01   1.556940E+01   1.729933E+01   1.461017E+01  -1.000000E+01   3.353451E+00  -4.180362E+00        14
   3.215523E+03   5.184613E+05   1.556940E+01   1.556940E+01   1.729933E+01   1.461017E+01  -1.000000E+01   3.353451E+00  -4.180362E+00        14
   3.225523E+03   5.216865E+05   1.556940E+01   1.556940E+01   1.729933E+01   1.461017E+01  -1.000000E+01   3.353451E+00  -4.180362E+00        14
   3.235523E+03   5.249216E+05   1.556940E+01   1.556940E+01   1.729933E+01   1.461017E+01  -1.000000E+01   3.353451E+00  -4.180362E+00        14
   3.245523E+03   5.281668E+05   1.556940E+01   1.556940E+01   1.729933E+01   1.461017E+01  -1.000000E+01   3.353451E+00  -4.180362E+00        14
   3.255523E+03   5.314219E+05   1.556940E+01   1.556940E+01   1.729933E+01   1.461017E+01  -1.000000E+01   3.353451E+00  -4.180362E+00        14
   3.265523E+03   5.346870E+05   1.556940E+01   1.556940E+01   1.729933E+01   1.461017E+01  -1.000000E+01   3.353451E+00  -4.180362E+00        14
   3.275523E+03   5.379622E+05   1.556940E+01   1.556940E+01   1.729933E+01   1.461017E+01  -1.000000E+01   3.353451E+00  -4.180362E+00        14
   3.285523E+03   5.412473E+05   1.556940E+01   1.556940E+01   1.729933E+01   1.461017E+01  -1.000000E+01   3.353451E+00  -4.180362E+00        14
   3.295523E+03   5.445425E+05   1.556940E+01   1.556940E+01   1.729933E+01   1.461017E+01  -1.000000E+01   3.353451E+00  -4.180362E+00        14
   3.305523E+03   5.478476E+05   1.556940E+01   1.556940E+01   1.729933E+01   1.461017E+01  -1.000000E+01   3.353451E+00  -4.180362E+00        14
   3.315523E+03   5.511628E+05   1.556940E+01   1.556940E+01   1.729933E+01   1.461017E+01  -1.000000E+01   3.353451E+00  -4.180362E+00        14
   3.325523E+03   5.544879E+05   1.556940E+01   1.556940E+01   1.729933E+01   1.461017E+01  -1.000000E+01   3.353451E+00  -4.180362E+00        14
   3.335523E+03   5.578231E+05   1.556940E+01   1.556940E+01   1.729933E+01   1.461017E+01  -1.000000E+01   3.353451E+00  -4.180362E+00        14
   3.345523E+03   5.611682E+05   1.556940E+01   1.556940E+01   1.729933E+01   1.461017E+01  -1.000000E+01   3.353451E+00  -4.180362E+00        14
   3.355523E+03   5.645233E+05   1.556940E+01   1.556940E+01   1.729933E+01   1.461017E+01  -1.000000E+01   3.353451E+00  -4.180362E+00        14
   3.365523E+03   5.678885E+05   1.556940E+01   1.556940E+01   1.729933E+01   1.461017E+01  -1.000000E+01   3.353451E+00  -4.180362E+00        14
   3.375523E+03   5.712636E+05   1.556940E+01   1.556940E+01   1.729933E+01   1.461017E+01  -1.000000E+01   3.353451E+00  -4.180362E+00        14
   3.385523E+03   5.746488E+05   1.556940E+01   1.556940E+01   1.729933E+01   1.461017E+01  -1.000000E+01   3.353451E+00  -4.180362E+00        14
   3.395523E+03   5.780439E+05   1.556940E+01   1.556940E+01   1.729933E+01   1.461017E+01  -1.000000E+01   3.353451E+00  -4.180362E+00        14
   3.405523E+03   5.814491E+05   1.556940E+01   1.556940E+01   1.729933E+01   1.461017E+01  -1.000000E+01   3.353451E+00  -4.180362E+00        14
   3.415523E+03   5.848642E+05   1.556940E+01   1.556940E+01   1.729933E+01   1.461017E+01  -1.000000E+01   3.353451E+00  -4.180362E+00        14
   3.425523E+03   5.882894E+05   1.556940E+01   1.556940E+01   1.729933E+01   1.461017E+01  -1.000000E+01   3.353451E+00  -4.180362E+00        14
   3.435523E+03   5.917245E+05   1.556940E+01   1.556940E+01   1.729933E+01   1.461017E+01  -1.000000E+01   3.353451E+00  -4.180362E+00        14
   3.445523E+03   5.951696E+05   1.556940E+01   1.556940E+01   1.729933E+01   1.461017E+01  -1.000000E+01   3.353451E+00  -4.180362E+00        14
   3.455523E+03   5.986248E+05   1.556940E+01   1.556940E+01   1.729933E+01   1.461017E+01  -1.000000E+01   3.353451E+00  -4.180362E+00        14
   3.465523E+03   6.020899E+05   1.556940E+01   1.556940E+01   1.729933E+01   1.461017E+01  -1.000000E+01   3.353451E+00  -4.180362E+00        14
   3.475523E+03   6.055651E+05   1.556940E+01   1.556940E+01   1.729933E+01   1.461017E+01  -1.000000E+01   3.353451E+00  -4.180362E+00        14
   3.485523E+03   6.090502E+05   1.556940E+01   1.556940E+01   1.729933E+01   1.461017E+01  -1.000000E+01   3.353451E+00  -4.180362E+00        14
   3.495523E+03   6.125454E+05   1.556940E+01   1.556940E+01   1.729933E+01   1.461017E+01  -1.000000E+01   3.353451E+00  -4.180362E+00        14
   3.505523E+03   6.160505E+05   1.556940E+01   1.556940E+01   1.729933E+01   1.461017E+01  -1.000000E+01   3.353451E+00  -4.180362E+00        14
   3.515523E+03   6.195657E+05   1.556940E+01   1.556940E+01   1.729933E+01   1.461017E+01  -1.000000E+01   3.353451E+00  -4.180362E+00        14
   3.525523E+03   6.230908E+05   1.556940E+01   1.556940E+01   1.729933E+01   1.461017E+01  -1.000000E+01   3.353451E+00  -4.180362E+00        14
   3.535523E+03   6.266259E+05   1.556940E+01   1.556940E+01   1.729933E+01   1.461017E+01  -1.000000E+01   3.353451E+00  -4.180362E+00        14
   3.545523E+03   6.301711E+05   1.556940E+01   1.556940E+01   1.729933E+01   1.461017E+01  -1.000000E+01   3.353451E+00  -4.180362E+00        14
   3.555523E+03   6.337262E+05   1.556940E+01   1.556940E+01   1.729933E+01   1.461017E+01  -1.000000E+01   3.353451E+00  -4.180362E+00        14
   3.565523E+03   6.372914E+05   1.556940E+01   1.556940E+01   1.729933E+01   1.461017E+01  -1.000000E+01   3.353451E+00  -4.180362E+00        14
   3.575523E+03   6.408665E+05   1.556940E+01   1.556940E+01   1.729933E+01   1.461017E+01  -1.000000E+01   3.353451E+00  -4.180362E+00        14
   3.585523E+03   6.444517E+05   1.556940E+01   1.556940E+01   1.729933E+01   1.461017E+01  -1.000000E+01   3.353451E+00  -4.180362E+00        14
   3.595523E+03   6.480468E+05   1.556940E+01   1.556940E+01   1.729933E+01   1.461017E+01  -1.000000E+01   3.353451E+00  -4.180362E+00        14
   3.605523E+03   6.516520E+05   1.556940E+01   1.556940E+01   1.729933E+01   1.461017E+01  -1.000000E+01   3.353451E+00  -4.180362E+00        14
   3.615523E+03   6.552671E+05   1.556940E+01   1.556940E+01   1.729933E+01   1.461017E+01  -1.000000E+01   3.353451E+00  -4.180362E+00        14
   3.625523E+03   6.588922E+05   1.556940E+01   1.556940E+01   1.729933E+01   1.461017E+01  -1.000000E+01   3.353451E+00  -4.180362E+00        14
   3.635523E+03   6.625274E+05   1.556940E+01   1.556940E+01   1.729933E+01   1.461017E+01  -1.000000E+01   3.353451E+00  -4.180362E+00        14
   3.645523E+03   6.661725E+05   1.556940E+01   1.556940E+01   1.729933E+01   1.461017E+01  -1.000000E+01   3.353451E+00  -4.180362E+00        14
   3.655523E+03   6.698277E+05   1.556940E+01   1.556940E+01   1.729933E+01   1.461017E+01  -1.000000E+01   3.353451E+00  -4.180362E+00        14
   3.665523E+03   6.734928E+05   1.556940E+01   1.556940E+01   1.729933E+01   1.461017E+01  -1.000000E+01   3.353451E+00  -4.180362E+00        14
   3.675523E+03   6.771680E+05   1.556940E+01   1.556940E+01   1.729933E+01   1.461017E+01  -1.000000E+01   3.353451E+00  -4.180362E+00        14
   3.685523E+03   6.808531E+05   1.556940E+01   1.556940E+01   1.729933E+01   1.461017E+01  -1.000000E+01   3.353451E+00  -4.180362E+00        14
   3.695523E+03   6.845483E+05   1.556940E+01   1.556940E+01   1.729933E+01   1.461017E+01  -1.000000E+01   3.353451E+00  -4.180362E+00        14
   3.705523E+03   6.882534E+05   1.556940E+01   1.556940E+01   1.729933E+01   1.461017E+01  -1.000000E+01   3.353451E+00  -4.180362E+00        14
   3.715523E+03   6.919685E+05   1.556940E+01   1.556940E+01   1.729933E+01   1.461017E+01  -1.000000E+01   3.353451E+00  -4.180362E+00        14
   3.725523E+03   6.956937E+05   1.556940E+01   1.556940E+01   1.729933E+01   1.461017E+01  -1.000000E+01   3.353451E+00  -4.180362E+00        14
   3.735523E+03   6.994288E+05   1.556940E+01   1.556940E+01   1.729933E+01   1.461017E+01  -1.000000E+01   3.353451E+00  -4.180362E+00        14
   3.745523E+03   7.031740E+05   1.556940E+01   1.556940E+01   1.729933E+01   1.461017E+01  -1.000000E+01   3.353451E+00  -4.180362E+00        14
   3.755523E+03   7.069291E+05   1.556940E+01   1.556940E+01   1.729933E+01   1.461017E+01  -1.000000E+01   3.353451E+00  -4.180362E+00        14
   3.765523E+03   7.106943E+05   1.556940E+01   1.556940E+01   1.729933E+01   1.461017E+01  -1.000000E+01   3.353451E+00  -4.180362E+00        14
   3.775523E+03   7.144694E+05   1.556940E+01   1.556940E+01   1.729933E+01   1.461017E+01  -1.000000E+01   3.353451E+00  -4.180362E+00        14
   3.785523E+03   7.182546E+05   1.556940E+01   1.556940E+01   1.729933E+01   1.461017E+01  -1.000000E+01   3.353451E+00  -4.180362E+00        14
   3.795523E+03   7.220497E+05   1.556940E+01   1.556940E+01   1.729933E+01   1.461017E+01  -1.000000E+01   3.353451E+00  -4.180362E+00        14
   3.805523E+03   7.258548E+05   1.556940E+01   1.556940E+01   1.729933E+01   1.461017E+01  -1.000000E+01   3.353451E+00  -4.180362E+00        14
   3.815523E+03   7.296700E+05   1.556940E+01   1.556940E+01   1.729933E+01   1.461017E+01  -1.000000E+01   3.353451E+00  -4.180362E+00        14
   3.825523E+03   7.334951E+05   1.556940E+01   1.556940E+01   1.729933E+01   1.461017E+01  -1.000000E+01   3.353451E+00  -4.180362E+00        14
   3.835523E+03   7.373303E+05   1.556940E+01   1.556940E+01   1.729933E+01   1.461017E+01  -1.000000E+01   3.353451E+00  -4.180362E+00        14
   3.845523E+03   7.411754E+05   1.556940E+01   1.556940E+01   1.729933E+01   1.461017E+01  -1.000000E+01   3.353451E+00  -4.180362E+00        14
   3.855523E+03   7.450306E+05   1.556940E+01   1.556940E+01   1.729933E+01   1.461017E+01  -1.000000E+01   3.353451E+00  -4.180362E+00        14
   3.865523E+03   7.488957E+05   1.556940E+01   1.556940E+01   1.729933E+01   1.461017E+01  -1.000000E+01   3.353451E+00  -4.180362E+00        14
   3.875523E+03   7.527708E+05   1.556940E+01   1.556940E+01   1.729933E+01   1.461017E+01  -1.000000E+01   3.353451E+00  -4.180362E+00        14
   3.885523E+03   7.566560E+05   1.556940E+01   1.556940E+01   1.729933E+01   1.461017E+01  -1.000000E+01   3.353451E+00  -4.180362E+00        14
   3.895523E+03   7.605511E+05   1.556940E+01   1.556940E+01   1.729933E+01   1.461017E+01  -1.000000E+01   3.353451E+00  -4.180362E+00        14
   3.905523E+03   7.644563E+05   1.556940E+01   1.556940E+01   1.729933E+01   1.461017E+01  -1.000000E+01   3.353451E+00  -4.180362E+00        14
   3.915523E+03   7.683714E+05   1.556940E+01   1.556940E+01   1.729933E+01   1.461017E+01  -1.000000E+01   3.353451E+00  -4.180362E+00        14
   3.925523E+03   7.722966E+05   1.556940E+01   1.556940E+01   1.729933E+01   1.461017E+01  -1.000000E+01   3.353451E+00  -4.180362E+00        14
   3.935523E+03   7.762317E+05   1.556940E+01   1.556940E+01   1.729933E+01   1.461017E+01  -1.000000E+01   3.353451E+00  -4.180362E+00        14
   3.945523E+03   7.801769E+05   1.556940E+01   1.556940E+01   1.729933E+01   1.461017E+01  -1.000000E+01   3.353451E+00  -4.180362E+00        14
   3.955523E+03   7.841320E+05   1.556940E+01   1.556940E+01   1.729933E+01   1.461017E+01  -1.000000E+01   3.353451E+00  -4.180362E+00        14
   3.965523E+03   7.880971E+05   1.556940E+01   1.556940E+01   1.729933E+01   1.461017E+01  -1.000000E+01   3.353451E+00  -4.180362E+00        14
   3.975523E+03   7.920723E+05   1.556940E+01   1.556940E+01   1.729933E+01   1.461017E+01  -1.000000E+01   3.353451E+00  -4.180362E+00        14
   3.985523E+03   7.960574E+05   1.556940E+01   1.556940E+01   1.729933E+01   1.461017E+01  -1.000000E+01   3.353451E+00  -4.180362E+00        14
   3.995523E+03   8.000526E+05   1.556940E+01   1.556940E+01   1.729933E+01   1.461017E+01  -1.000000E+01   3.353451E+00  -4.180362E+00        14
   4.005523E+03   8.040577E+05   1.556940E+01   1.556940E+01   1.729933E+01   1.461017E+01  -1.000000E+01   3.353451E+00  -4.180362E+00        14
   4.015523E+03   8.080729E+05   1.556940E+01   1.556940E+01   1.729933E+01   1.461017E+01  -1.000000E+01   3.353451E+00  -4.180362E+00        14
   4.025523E+03   8.120980E+05   1.556940E+01   1.556940E+01   1.729933E+01   1.461017E+01  -1.000000E+01   3.353451E+00  -4.180362E+00        14
   4.035523E+03   8.161332E+05   1.556940E+01   1.556940E+01   1.729933E+01   1.461017E+01  -1.000000E+01   3.353451E+00  -4.180362E+00        14
   4.045523E+03   8.201783E+05   1.556940E+01   1.556940E+01   1.729933E+01   1.461017E+01  -1.000000E+01   3.353451E+00  -4.180362E+00        14
   4.055523E+03   8.242334E+05   1.556940E+01   1.556940E+01   1.729933E+01   1.461017E+01  -1.000000E+01   3.353451E+00  -4.180362E+00        14
   4.065523E+03   8.282986E+05   1.556940E+01   1.556940E+01   1.729933E+01   1.461017E+01  -1.000000E+01   3.353451E+00  -4.180362E+00        14
   4.075523E+03   8.323737E+05   1.556940E+01   1.556940E+01   1.729933E+01   1.461017E+01  -1.000000E+01   3.353451E+00  -4.180362E+00        14
   4.085523E+03   8.364589E+05   1.556940E+01   1.556940E+01   1.729933E+01   1.461017E+01  -1.000000E+01   3.353451E+00  -4.180362E+00        14
   4.095523E+03   8.405540E+05   1.556940E+01   1.556940E+01   1.729933E+01   1.461017E+01  -1.000000E+01   3.353451E+00  -4.180362E+00        14
   4.105523E+03   8.446592E+05   1.556940E+01   1.556940E+01   1.729933E+01   1.461017E+01  -1.000000E+01   3.353451E+00  -4.180362E+00        14
   4.115523E+03   8.487743E+05   1.556940E+01   1.556940E+01   1.729933E+01   1.461017E+01  -1.000000E+01   3.353451E+00  -4.180362E+00        14
   4.125523E+03   8.528995E+05   1.556940E+01   1.556940E+01   1.729933E+01   1.461017E+01  -1.000000E+01   3.353451E+00  -4.180362E+00        14
   4.135523E+03   8.570346E+05   1.556940E+01   1.556940E+01   1.729933E+01   1.461017E+01  -1.000000E+01   3.353451E+00  -4.180362E+00        14
   4.145523E+03   8.611797E+05   1.556940E+01   1.556940E+01   1.729933E+01   1.461017E+01  -1.000000E+01   3.353451E+00  -4.180362E+00        14
   4.155523E+03   8.653349E+05   1.556940E+01   1.556940E+01   1.729933E+01   1.461017E+01  -1.000000E+01   3.353451E+00  -4.180362E+00        14
   4.165523E+03   8.695000E+05   1.556940E+01   1.556940E+01   1.729933E+01   1.461017E+01  -1.000000E+01   3.353451E+00  -4.180362E+00        14
   4.175523E+03   8.736752E+05   1.556940E+01   1.556940E+01   1.729933E+01   1.461017E+01  -1.000000E+01   3.353451E+00  -4.180362E+00        14
   4.185523E+03   8.778603E+05   1.556940E+01   1.556940E+01   1.729933E+01   1.461017E+01  -1.000000E+01   3.353451E+00  -4.180362E+00        14
   4.195523E+03   8.820555E+05   1.556940E+01   1.556940E+01   1.729933E+01   1.461017E+01  -1.000000E+01   3.353451E+00  -4.180362E+00        14
   4.205523E+03   8.862606E+05   1.556940E+01   1.556940E+01   1.729933E+01   1.461017E+01  -1.000000E+01   3.353451E+00  -4.180362E+00        14
   4.215523E+03   8.904758E+05   1.556940E+01   1.556940E+01   1.729933E+01   1.461017E+01  -1.000000E+01   3.353451E+00  -4.180362E+00        14
   4.225523E+03   8.947009E+05   1.556940E+01   1.556940E+01   1.729933E+01   1.461017E+01  -1.000000E+01   3.353451E+00  -4.180362E+00        14
   4.235523E+03   8.989360E+05   1.556940E+01   1.556940E+01   1.729933E+01   1.461017E+01  -1.000000E+01   3.353451E+00  -4.180362E+00        14
   4.245523E+03   9.031812E+05   1.556940E+01   1.556940E+01   1.729933E+01   1.461017E+01  -1.000000E+01   3.353451E+00  -4.180362E+00        14
   4.255523E+03   9.074363E+05   1.556940E+01   1.556940E+01   1.729933E+01   1.461017E+01  -1.000000E+01   3.353451E+00  -4.180362E+00        14
   4.265523E+03   9.117015E+05   1.556940E+01   1.556940E+01   1.729933E+01   1.461017E+01  -1.000000E+01   3.353451E+00  -4.180362E+00        14
   4.275523E+03   9.159766E+05   1.556940E+01   1.556940E+01   1.729933E+01   1.461017E+01  -1.000000E+01   3.353451E+00  -4.180362E+00        14
   4.285523E+03   9.202618E+05   1.556940E+01   1.556940E+01   1.729933E+01   1.461017E+01  -1.000000E+01   3.353451E+00  -4.180362E+00        14
   4.295523E+03   9.245569E+05   1.556940E+01   1.556940E+01   1.729933E+01   1.461017E+01  -1.000000E+01   3.353451E+00  -4.180362E+00        14
   4.305523E+03   9.288621E+05   1.556940E+01   1.556940E+01   1.729933E+01   1.461017E+01  -1.000000E+01   3.353451E+00  -4.180362E+00        14
   4.315523E+03   9.331772E+05   1.556940E+01   1.556940E+01   1.729933E+01   1.461017E+01  -1.000000E+01   3.353451E+00  -4.180362E+00        14
   4.325523E+03   9.375023E+05   1.556940E+01   1.556940E+01   1.729933E+01   1.461017E+01  -1.000000E+01   3.353451E+00  -4.180362E+00        14
   4.335523E+03   9.418375E+05   1.556940E+01   1.556940E+01   1.729933E+01   1.461017E+01  -1.000000E+01   3.353451E+00  -4.180362E+00        14
   4.345523E+03   9.461826E+05   1.556940E+01   1.556940E+01   1.729933E+01   1.461017E+01  -1.000000E+01   3.353451E+00  -4.180362E+00        14
   4.355523E+03   9.505378E+05   1.556940E+01   1.556940E+01   1.729933E+01   1.461017E+01  -1.000000E+01   3.353451E+00  -4.180362E+00        14
   4.365523E+03   9.549029E+05   1.556940E+01   1.556940E+01   1.729933E+01   1.461017E+01  -1.000000E+01   3.353451E+00  -4.180362E+00        14
   4.375523E+03   9.592781E+05   1.556940E+01   1.556940E+01   1.729933E+01   1.461017E+01  -1.000000E+01   3.353451E+00  -4.180362E+00        14
   4.385523E+03   9.636632E+05   1.556940E+01   1.556940E+01   1.729933E+01   1.461017E+01  -1.000000E+01   3.353451E+00  -4.180362E+00        14
   4.395523E+03   9.680584E+05   1.556940E+01   1.556940E+01   1.729933E+01   1.461017E+01  -1.000000E+01   3.353451E+00  -4.180362E+00        14
   4.405523E+03   9.724635E+05   1.556940E+01   1.556940E+01   1.729933E+01   1.461017E+01  -1.000000E+01   3.353451E+00  -4.180362E+00        14
   4.415523E+03   9.768786E+05   1.556940E+01   1.556940E+01   1.729933E+01   1.461017E+01  -1.000000E+01   3.353451E+00  -4.180362E+00        14
   4.425523E+03   9.813038E+05   1.556940E+01   1.556940E+01   1.729933E+01   1.461017E+01  -1.000000E+01   3.353451E+00  -4.180362E+00        14
   4.435523E+03   9.857389E+05   1.556940E+01   1.556940E+01   1.729933E+01   1.461017E+01  -1.000000E+01   3.353451E+00  -4.180362E+00        14
   4.445523E+03   9.901841E+05   1.556940E+01   1.556940E+01   1.729933E+01   1.461017E+01  -1.000000E+01   3.353451E+00  -4.180362E+00        14
   4.455523E+03   9.946392E+05   1.556940E+01   1.556940E+01   1.729933E+01   1.461017E+01  -1.000000E+01   3.353451E+00  -4.180362E+00        14
   4.465523E+03   9.991044E+05   1.556940E+01   1.556940E+01   1.729933E+01   1.461017E+01  -1.000000E+01   3.353451E+00  -4.180362E+00        14
   4.475523E+03   1.003580E+06   1.556940E+01   1.556940E+01   1.729933E+01   1.461017E+01  -1.000000E+01   3.353451E+00  -4.180362E+00        14
   4.485523E+03   1.008065E+06   1.556940E+01   1.556940E+01   1.729933E+01   1.461017E+01  -1.000000E+01   3.353451E+00  -4.180362E+00        14
   4.495523E+03   1.012560E+06   1.556940E+01   1.556940E+01   1.729933E+01   1.461017E+01  -1.000000E+01   3.353451E+00  -4.180362E+00        14
   4.505523E+03   1.017065E+06   1.556940E+01   1.556940E+01   1.729933E+01   1.461017E+01  -1.000000E+01   3.353451E+00  -4.180362E+00        14
   4.515523E+03   1.021580E+06   1.556940E+01   1.556940E+01   1.729933E+01   1.461017E+01  -1.000000E+01   3.353451E+00  -4.180362E+00        14
   4.525523E+03   1.026105E+06   1.556940E+01   1.556940E+01   1.729933E+01   1.461017E+01  -1.000000E+01   3.353451E+00  -4.180362E+00        14
   4.535523E+03   1.030640E+06   1.556940E+01   1.556940E+01   1.729933E+01   1.461017E+01  -1.000000E+01   3.353451E+00  -4.180362E+00        14
   4.545523E+03   1.035186E+06   1.556940E+01   1.556940E+01   1.729933E+01   1.461017E+01  -1.000000E+01   3.353451E+00  -4.180362E+00        14
   4.555523E+03   1.039741E+06   1.556940E+01   1.556940E+01   1.729933E+01   1.461017E+01  -1.000000E+01   3.353451E+00  -4.180362E+00        14
   4.565523E+03   1.044306E+06   1.556940E+01   1.556940E+01   1.729933E+01   1.461017E+01  -1.000000E+01   3.353451E+00  -4.180362E+00        14
   4.575523E+03   1.048881E+06   1.556940E+01   1.556940E+01   1.729933E+01   1.461017E+01  -1.000000E+01   3.353451E+00  -4.180362E+00        14
   4.585523E+03   1.053466E+06   1.556940E+01   1.556940E+01   1.729933E+01   1.461017E+01  -1.000000E+01   3.353451E+00  -4.180362E+00        14
   4.595523E+03   1.058061E+06   1.556940E+01   1.556940E+01   1.729933E+01   1.461017E+01  -1.000000E+01   3.353451E+00  -4.180362E+00        14
   4.605523E+03   1.062666E+06   1.556940E+01   1.556940E+01   1.729933E+01   1.461017E+01  -1.000000E+01   3.353451E+00  -4.180362E+00        14
   4.615523E+03   1.067282E+06   1.556940E+01   1.556940E+01   1.729933E+01   1.461017E+01  -1.000000E+01   3.353451E+00  -4.180362E+00        14
   4.625523E+03   1.071907E+06   1.556940E+01   1.556940E+01   1.729933E+01   1.461017E+01  -1.000000E+01   3.353451E+00  -4.180362E+00        14
   4.635523E+03   1.076542E+06   1.556940E+01   1.556940E+01   1.729933E+01   1.461017E+01  -1.000000E+01   3.353451E+00  -4.180362E+00        14
   4.645523E+03   1.081187E+06   1.556940E+01   1.556940E+01   1.729933E+01   1.461017E+01  -1.000000E+01   3.353451E+00  -4.180362E+00        14
   4.655523E+03   1.085842E+06   1.556940E+01   1.556940E+01   1.729933E+01   1.461017E+01  -1.000000E+01   3.353451E+00  -4.180362E+00        14
   4.665523E+03   1.090507E+06   1.556940E+01   1.556940E+01   1.729933E+01   1.461017E+01  -1.000000E+01   3.353451E+00  -4.180362E+00        14
   4.675523E+03   1.095182E+06   1.556940E+01   1.556940E+01   1.729933E+01   1.461017E+01  -1.000000E+01   3.353451E+00  -4.180362E+00        14
   4.685523E+03   1.099868E+06   1.556940E+01   1.556940E+01   1.729933E+01   1.461017E+01  -1.000000E+01   3.353451E+00  -4.180362E+00        14
   4.695523E+03   1.104563E+06   1.556940E+01   1.556940E+01   1.729933E+01   1.461017E+01  -1.000000E+01   3.353451E+00  -4.180362E+00        14
   4.705523E+03   1.109268E+06   1.556940E+01   1.556940E+01   1.729933E+01   1.461017E+01  -1.000000E+01   3.353451E+00  -4.180362E+00        14
   4.715523E+03   1.113983E+06   1.556940E+01   1.556940E+01   1.729933E+01   1.461017E+01  -1.000000E+01   3.353451E+00  -4.180362E+00        14
   4.725523E+03   1.118708E+06   1.556940E+01   1.556940E+01   1.729933E+01   1.461017E+01  -1.000000E+01   3.353451E+00  -4.180362E+00        14
   4.735523E+03   1.123443E+06   1.556940E+01   1.556940E+01   1.729933E+01   1.461017E+01  -1.000000E+01   3.353451E+00  -4.180362E+00        14
   4.745523E+03   1.128188E+06   1.556940E+01   1.556940E+01   1.729933E+01   1.461017E+01  -1.000000E+01   3.353451E+00  -4.180362E+00        14
   4.755523E+03   1.132944E+06   1.556940E+01   1.556940E+01   1.729933E+01   1.461017E+01  -1.000000E+01   3.353451E+00  -4.180362E+00        14
   4.765523E+03   1.137709E+06   1.556940E+01   1.556940E+01   1.729933E+01   1.461017E+01  -1.000000E+01   3.353451E+00  -4.180362E+00        14
   4.775523E+03   1.142484E+06   1.556940E+01   1.556940E+01   1.729933E+01   1.461017E+01  -1.000000E+01   3.353451E+00  -4.180362E+00        14
   4.785523E+03   1.147269E+06   1.556940E+01   1.556940E+01   1.729933E+01   1.461017E+01  -1.000000E+01   3.353451E+00  -4.180362E+00        14
   4.795523E+03   1.152064E+06   1.556940E+01   1.556940E+01   1.729933E+01   1.461017E+01  -1.000000E+01   3.353451E+00  -4.180362E+00        14
   4.805523E+03   1.156869E+06   1.556940E+01   1.556940E+01   1.729933E+01   1.461017E+01  -1.000000E+01   3.353451E+00  -4.180362E+00        14
   4.815523E+03   1.161684E+06   1.556940E+01   1.556940E+01   1.729933E+01   1.461017E+01  -1.000000E+01   3.353451E+00  -4.180362E+00        14
   4.825523E+03   1.166510E+06   1.556940E+01   1.556940E+01   1.729933E+01   1.461017E+01  -1.000000E+01   3.353451E+00  -4.180362E+00        14
   4.835523E+03   1.171345E+06   1.556940E+01   1.556940E+01   1.729933E+01   1.461017E+01  -1.000000E+01   3.353451E+00  -4.180362E+00        14
   4.845523E+03   1.176190E+06   1.556940E+01   1.556940E+01   1.729933E+01   1.461017E+01  -1.000000E+01   3.353451E+00  -4.180362E+00        14
   4.855523E+03   1.181045E+06   1.556940E+01   1.556940E+01   1.729933E+01   1.461017E+01  -1.000000E+01   3.353451E+00  -4.180362E+00        14
   4.865523E+03   1.185910E+06   1.556940E+01   1.556940E+01   1.729933E+01   1.461017E+01  -1.000000E+01   3.353451E+00  -4.180362E+00        14
   4.875523E+03   1.190785E+06   1.556940E+01   1.556940E+01   1.729933E+01   1.461017E+01  -1.000000E+01   3.353451E+00  -4.180362E+00        14
   4.885523E+03   1.195670E+06   1.556940E+01   1.556940E+01   1.729933E+01   1.461017E+01  -1.000000E+01   3.353451E+00  -4.180362E+00        14
   4.895523E+03   1.200566E+06   1.556940E+01   1.556940E+01   1.729933E+01   1.461017E+01  -1.000000E+01   3.353451E+00  -4.180362E+00        14
   4.905523E+03   1.205471E+06   1.556940E+01   1.556940E+01   1.729933E+01   1.461017E+01  -1.000000E+01   3.353451E+00  -4.180362E+00        14
   4.915523E+03   1.210386E+06   1.556940E+01   1.556940E+01   1.729933E+01   1.461017E+01  -1.000000E+01   3.353451E+00  -4.180362E+00        14
   4.925523E+03   1.215311E+06   1.556940E+01   1.556940E+01   1.729933E+01   1.461017E+01  -1.000000E+01   3.353451E+00  -4.180362E+00        14
   4.935523E+03   1.220246E+06   1.556940E+01   1.556940E+01   1.729933E+01   1.461017E+01  -1.000000E+01   3.353451E+00  -4.180362E+00        14
   4.945523E+03   1.225191E+06   1.556940E+01   1.556940E+01   1.729933E+01   1.461017E+01  -1.000000E+01   3.353451E+00  -4.180362E+00        14
   4.955523E+03   1.230146E+06   1.556940E+01   1.556940E+01   1.729933E+01   1.461017E+01  -1.000000E+01   3.353451E+00  -4.180362E+00        14
   4.965523E+03   1.235112E+06   1.556940E+01   1.556940E+01   1.729933E+01   1.461017E+01  -1.000000E+01   3.353451E+00  -4.180362E+00        14
   4.975523E+03   1.240087E+06   1.556940E+01   1.556940E+01   1.729933E+01   1.461017E+01  -1.000000E+01   3.353451E+00  -4.180362E+00        14
   4.985523E+03   1.245072E+06   1.556940E+01   1.556940E+01   1.729933E+01   1.461017E+01  -1.000000E+01   3.353451E+00  -4.180362E+00        14
   4.995523E+03   1.250067E+06   1.556940E+01   1.556940E+01   1.729933E+01   1.461017E+01  -1.000000E+01   3.353451E+00  -4.180362E+00        14
   5.005523E+03   1.255072E+06   1.556940E+01   1.556940E+01   1.729933E+01   1.461017E+01  -1.000000E+01   3.353451E+00  -4.180362E+00        14
   5.015523E+03   1.260087E+06   1.556940E+01   1.556940E+01   1.729933E+01   1.461017E+01  -1.000000E+01   3.353451E+00  -4.180362E+00        14
   5.025523E+03   1.265112E+06   1.556940E+01   1.556940E+01   1.729933E+01   1.461017E+01  -1.000000E+01   3.353451E+00  -4.180362E+00        14
   5.035523E+03   1.270148E+06   1.556940E+01   1.556940E+01   1.729933E+01   1.461017E+01  -1.000000E+01   3.353451E+00  -4.180362E+00        14
   5.045523E+03   1.275193E+06   1.556940E+01   1.556940E+01   1.729933E+01   1.461017E+01  -1.000000E+01   3.353451E+00  -4.180362E+00        14
   5.055523E+03   1.280248E+06   1.556940E+01   1.556940E+01   1.729933E+01   1.461017E+01  -1.000000E+01   3.353451E+00  -4.180362E+00        14
   5.065523E+03   1.285313E+06   1.556940E+01   1.556940E+01   1.729933E+01   1.461017E+01  -1.000000E+01   3.353451E+00  -4.180362E+00        14
   5.075523E+03   1.290388E+06   1.556940E+01   1.556940E+01   1.729933E+01   1.461017E+01  -1.000000E+01   3.353451E+00  -4.180362E+00        14
   5.085523E+03   1.295473E+06   1.556940E+01   1.556940E+01   1.729933E+01   1.461017E+01  -1.000000E+01   3.353451E+00  -4.180362E+00        14
   5.095523E+03   1.300568E+06   1.556940E+01   1.556940E+01   1.729933E+01   1.461017E+01  -1.000000E+01   3.353451E+00  -4.180362E+00        14
   5.105523E+03   1.305674E+06   1.556940E+01   1.556940E+01   1.729933E+01   1.461017E+01  -1.000000E+01   3.353451E+00  -4.180362E+00        14
   5.115523E+03   1.310789E+06   1.556940E+01   1.556940E+01   1.729933E+01   1.461017E+01  -1.000000E+01   3.353451E+00  -4.180362E+00        14
   5.125523E+03   1.315914E+06   1.556940E+01   1.556940E+01   1.729933E+01   1.461017E+01  -1.000000E+01   3.353451E+00  -4.180362E+00        14
   5.135523E+03   1.321049E+06   1.556940E+01   1.556940E+01   1.729933E+01   1.461017E+01  -1.000000E+01   3.353451E+00  -4.180362E+00        14
   5.145523E+03   1.326194E+06   1.556940E+01   1.556940E+01   1.729933E+01   1.461017E+01  -1.000000E+01   3.353451E+00  -4.180362E+00        14
   5.155523E+03   1.331349E+06   1.556940E+01   1.556940E+01   1.729933E+01   1.461017E+01  -1.000000E+01   3.353451E+00  -4.180362E+00        14
   5.165523E+03   1.336514E+06   1.556940E+01   1.556940E+01   1.729933E+01   1.461017E+01  -1.000000E+01   3.353451E+00  -4.180362E+00        14
   5.175523E+03   1.341690E+06   1.556940E+01   1.556940E+01   1.729933E+01   1.461017E+01  -1.000000E+01   3.353451E+00  -4.180362E+00        14
   5.185523E+03   1.346875E+06   1.556940E+01   1.556940E+01   1.729933E+01   1.461017E+01  -1.000000E+01   3.353451E+00  -4.180362E+00        14
   5.195523E+03   1.352070E+06   1.556940E+01   1.556940E+01   1.729933E+01   1.461017E+01  -1.000000E+01   3.353451E+00  -4.180362E+00        14
   5.205523E+03   1.357275E+06   1.556940E+01   1.556940E+01   1.729933E+01   1.461017E+01  -1.000000E+01   3.353451E+00  -4.180362E+00        14
   5.215523E+03   1.362490E+06   1.556940E+01   1.556940E+01   1.729933E+01   1.461017E+01  -1.000000E+01   3.353451E+00  -4.180362E+00        14
   5.225523E+03   1.367715E+06   1.556940E+01   1.556940E+01   1.729933E+01   1.461017E+01  -1.000000E+01   3.353451E+00  -4.180362E+00        14
   5.235523E+03   1.372950E+06   1.556940E+01   1.556940E+01   1.729933E+01   1.461017E+01  -1.000000E+01   3.353451E+00  -4.180362E+00        14
   5.245523E+03   1.378196E+06   1.556940E+01   1.556940E+01   1.729933E+01   1.461017E+01  -1.000000E+01   3.353451E+00  -4.180362E+00        14
   5.255523E+03   1.383451E+06   1.556940E+01   1.556940E+01   1.729933E+01   1.461017E+01  -1.000000E+01   3.353451E+00  -4.180362E+00        14
   5.265523E+03   1.388716E+06   1.556940E+01   1.556940E+01   1.729933E+01   1.461017E+01  -1.000000E+01   3.353451E+00  -4.180362E+00        14
   5.275523E+03   1.393991E+06   1.556940E+01   1.556940E+01   1.729933E+01   1.461017E+01  -1.000000E+01   3.353451E+00  -4.180362E+00        14
   5.285523E+03   1.399276E+06   1.556940E+01   1.556940E+01   1.729933E+01   1.461017E+01  -1.000000E+01   3.353451E+00  -4.180362E+00        14
   5.295523E+03   1.404571E+06   1.556940E+01   1.556940E+01   1.729933E+01   1.461017E+01  -1.000000E+01   3.353451E+00  -4.180362E+00        14
   5.305523E+03   1.409876E+06   1.556940E+01   1.556940E+01   1.729933E+01   1.461017E+01  -1.000000E+01   3.353451E+00  -4.180362E+00        14
   5.315523E+03   1.415192E+06   1.556940E+01   1.556940E+01   1.729933E+01   1.461017E+01  -1.000000E+01   3.353451E+00  -4.180362E+00        14
   5.325523E+03   1.420517E+06   1.556940E+01   1.556940E+01   1.729933E+01   1.461017E+01  -1.000000E+01   3.353451E+00  -4.180362E+00        14
   5.335523E+03   1.425852E+06   1.556940E+01   1.556940E+01   1.729933E+01   1.461017E+01  -1.000000E+01   3.353451E+00  -4.180362E+00        14
   5.345523E+03   1.431197E+06   1.556940E+01   1.556940E+01   1.729933E+01   1.461017E+01  -1.000000E+01   3.353451E+00  -4.180362E+00        14
   5.355523E+03   1.436552E+06   1.556940E+01   1.556940E+01   1.729933E+01   1.461017E+01  -1.000000E+01   3.353451E+00  -4.180362E+00        14
   5.365523E+03   1.441917E+06   1.556940E+01   1.556940E+01   1.729933E+01   1.461017E+01  -1.000000E+01   3.353451E+00  -4.180362E+00        14
   5.375523E+03   1.447292E+06   1.556940E+01   1.556940E+01   1.729933E+01   1.461017E+01  -1.000000E+01   3.353451E+00  -4.180362E+00        14
   5.385523E+03   1.452678E+06   1.556940E+01   1.556940E+01   1.729933E+01   1.461017E+01  -1.000000E+01   3.353451E+00  -4.180362E+00        14
   5.395523E+03   1.458073E+06   1.556940E+01   1.556940E+01   1.729933E+01   1.461017E+01  -1.000000E+01   3.353451E+00  -4.180362E+00        14
   5.405523E+03   1.463478E+06   1.556940E+01   1.556940E+01   1.729933E+01   1.461017E+01  -1.000000E+01   3.353451E+00  -4.180362E+00        14
   5.415523E+03   1.468893E+06   1.556940E+01   1.556940E+01   1.729933E+01   1.461017E+01  -1.000000E+01   3.353451E+00  -4.180362E+00        14
   5.425523E+03   1.474318E+06   1.556940E+01   1.556940E+01   1.729933E+01   1.461017E+01  -1.000000E+01   3.353451E+00  -4.180362E+00        14
   5.435523E+03   1.479753E+06   1.556940E+01   1.556940E+01   1.729933E+01   1.461017E+01  -1.000000E+01   3.353451E+00  -4.180362E+00        14
   5.445523E+03   1.485199E+06   1.556940E+01   1.556940E+01   1.729933E+01   1.461017E+01  -1.000000E+01   3.353451E+00  -4.180362E+00        14
   5.455523E+03   1.490654E+06   1.556940E+01   1.556940E+01   1.729933E+01   1.461017E+01  -1.000000E+01   3.353451E+00  -4.180362E+00        14
   5.465523E+03   1.496119E+06   1.556940E+01   1.556940E+01   1.729933E+01   1.461017E+01  -1.000000E+01   3.353451E+00  -4.180362E+00        14
   5.475523E+03   1.501594E+06   1.556940E+01   1.556940E+01   1.729933E+01   1.461017E+01  -1.000000E+01   3.353451E+00  -4.180362E+00        14
   5.485523E+03   1.507079E+06   1.556940E+01   1.556940E+01   1.729933E+01   1.461017E+01  -1.000000E+01   3.353451E+00  -4.180362E+00        14
   5.495523E+03   1.512574E+06   1.556940E+01   1.556940E+01   1.729933E+01   1.461017E+01  -1.000000E+01   3.353451E+00  -4.180362E+00        14
   5.505523E+03   1.518079E+06   1.556940E+01   1.556940E+01   1.729933E+01   1.461017E+01  -1.000000E+01   3.353451E+00  -4.180362E+00        14
   5.515523E+03   1.523595E+06   1.556940E+01   1.556940E+01   1.729933E+01   1.461017E+01  -1.000000E+01   3.353451E+00  -4.180362E+00        14
   5.525523E+03   1.529120E+06   1.556940E+01   1.556940E+01   1.729933E+01   1.461017E+01  -1.000000E+01   3.353451E+00  -4.180362E+00        14
   5.535523E+03   1.534655E+06   1.556940E+01   1.556940E+01   1.729933E+01   1.461017E+01  -1.000000E+01   3.353451E+00  -4.180362E+00        14
   5.545523E+03   1.540200E+06   1.556940E+01   1.556940E+01   1.729933E+01   1.461017E+01  -1.000000E+01   3.353451E+00  -4.180362E+00        14
   5.555523E+03   1.545755E+06   1.556940E+01   1.556940E+01   1.729933E+01   1.461017E+01  -1.000000E+01   3.353451E+00  -4.180362E+00        14
   5.565523E+03   1.551320E+06   1.556940E+01   1.556940E+01   1.729933E+01   1.461017E+01  -1.000000E+01   3.353451E+00  -4.180362E+00        14
   5.575523E+03   1.556895E+06   1.556940E+01   1.556940E+01   1.729933E+01   1.461017E+01  -1.000000E+01   3.353451E+00  -4.180362E+00        14
   5.585523E+03   1.562481E+06   1.556940E+01   1.556940E+01   1.729933E+01   1.461017E+01  -1.000000E+01   3.353451E+00  -4.180362E+00        14
   5.595523E+03   1.568076E+06   1.556940E+01   1.556940E+01   1.729933E+01   1.461017E+01  -1.000000E+01   3.353451E+00  -4.180362E+00        14
   5.605523E+03   1.573681E+06   1.556940E+01   1.556940E+01   1.729933E+01   1.461017E+01  -1.000000E+01   3.353451E+00  -4.180362E+00        14
   5.615523E+03   1.579296E+06   1.556940E+01   1.556940E+01   1.729933E+01   1.461017E+01  -1.000000E+01   3.353451E+00  -4.180362E+00        14
   5.625523E+03   1.584921E+06   1.556940E+01   1.556940E+01   1.729933E+01   1.461017E+01  -1.000000E+01   3.353451E+00  -4.180362E+00        14
   5.635523E+03   1.590556E+06   1.556940E+01   1.556940E+01   1.729933E+01   1.461017E+01  -1.000000E+01   3.353451E+00  -4.180362E+00        14
   5.645523E+03   1.596201E+06   1.556940E+01   1.556940E+01   1.729933E+01   1.461017E+01  -1.000000E+01   3.353451E+00  -4.180362E+00        14
   5.655523E+03   1.601857E+06   1.556940E+01   1.556940E+01   1.729933E+01   1.461017E+01  -1.000000E+01   3.353451E+00  -4.180362E+00        14
   5.665523E+03   1.607522E+06   1.556940E+01   1.556940E+01   1.729933E+01   1.461017E+01  -1.000000E+01   3.353451E+00  -4.180362E+00        14
   5.675523E+03   1.613197E+06   1.556940E+01   1.556940E+01   1.729933E+01   1.461017E+01  -1.000000E+01   3.353451E+00  -4.180362E+00        14
   5.685523E+03   1.618882E+06   1.556940E+01   1.556940E+01   1.729933E+01   1.461017E+01  -1.000000E+01   3.353451E+00  -4.180362E+00        14
   5.695523E+03   1.624577E+06   1.556940E+01   1.556940E+01   1.729933E+01   1.461017E+01  -1.000000E+01   3.353451E+00  -4.180362E+00        14
   5.705523E+03   1.630282E+06   1.556940E+01   1.556940E+01   1.729933E+01   1.461017E+01  -1.000000E+01   3.353451E+00  -4.180362E+00        14
   5.715523E+03   1.635997E+06   1.556940E+01   1.556940E+01   1.729933E+01   1.461017E+01  -1.000000E+01   3.353451E+00  -4.180362E+00        14
   5.725523E+03   1.641723E+06   1.556940E+01   1.556940E+01   1.729933E+01   1.461017E+01  -1.000000E+01   3.353451E+00  -4.180362E+00        14
   5.735523E+03   1.647458E+06   1.556940E+01   1.556940E+01   1.729933E+01   1.461017E+01  -1.000000E+01   3.353451E+00  -4.180362E+00        14
   5.745523E+03   1.653203E+06   1.556940E+01   1.556940E+01   1.729933E+01   1.461017E+01  -1.000000E+01   3.353451E+00  -4.180362E+00        14
   5.755523E+03   1.658958E+06   1.556940E+01   1.556940E+01   1.729933E+01   1.461017E+01  -1.000000E+01   3.353451E+00  -4.180362E+00        14
   5.765523E+03   1.664723E+06   1.556940E+01   1.556940E+01   1.729933E+01   1.461017E+01  -1.000000E+01   3.353451E+00  -4.180362E+00        14
   5.775523E+03   1.670498E+06   1.556940E+01   1.556940E+01   1.729933E+01   1.461017E+01  -1.000000E+01   3.353451E+00  -4.180362E+00        14
   5.785523E+03   1.676283E+06   1.556940E+01   1.556940E+01   1.729933E+01   1.461017E+01  -1.000000E+01   3.353451E+00  -4.180362E+00        14
   5.795523E+03   1.682079E+06   1.556940E+01   1.556940E+01   1.729933E+01   1.461017E+01  -1.000000E+01   3.353451E+00  -4.180362E+00        14
   5.805523E+03   1.687884E+06   1.556940E+01   1.556940E+01   1.729933E+01   1.461017E+01  -1.000000E+01   3.353451E+00  -4.180362E+00        14
   5.815523E+03   1.693699E+06   1.556940E+01   1.556940E+01   1.729933E+01   1.461017E+01  -1.000000E+01   3.353451E+00  -4.180362E+00        14
   5.825523E+03   1.699524E+06   1.556940E+01   1.556940E+01   1.729933E+01   1.461017E+01  -1.000000E+01   3.353451E+00  -4.180362E+00        14
   5.835523E+03   1.705359E+06   1.556940E+01   1.556940E+01   1.729933E+01   1.461017E+01  -1.000000E+01   3.353451E+00  -4.180362E+00        14
   5.845523E+03   1.711204E+06   1.556940E+01   1.556940E+01   1.729933E+01   1.461017E+01  -1.000000E+01   3.353451E+00  -4.180362E+00        14
   5.855523E+03   1.717059E+06   1.556940E+01   1.556940E+01   1.729933E+01   1.461017E+01  -1.000000E+01   3.353451E+00  -4.180362E+00        14
   5.865523E+03   1.722925E+06   1.556940E+01   1.556940E+01   1.729933E+01   1.461017E+01  -1.000000E+01   3.353451E+00  -4.180362E+00        14
   5.875523E+03   1.728800E+06   1.556940E+01   1.556940E+01   1.729933E+01   1.461017E+01  -1.000000E+01   3.353451E+00  -4.180362E+00        14
   5.885523E+03   1.734685E+06   1.556940E+01   1.556940E+01   1.729933E+01   1.461017E+01  -1.000000E+01   3.353451E+00  -4.180362E+00        14
   5.895523E+03   1.740580E+06   1.556940E+01   1.556940E+01   1.729933E+01   1.461017E+01  -1.000000E+01   3.353451E+00  -4.180362E+00        14
   5.905523E+03   1.746485E+06   1.556940E+01   1.556940E+01   1.729933E+01   1.461017E+01  -1.000000E+01   3.353451E+00  -4.180362E+00        14
   5.915523E+03   1.752400E+06   1.556940E+01   1.556940E+01   1.729933E+01   1.461017E+01  -1.000000E+01   3.353451E+00  -4.180362E+00        14
   5.925523E+03   1.758325E+06   1.556940E+01   1.556940E+01   1.729933E+01   1.461017E+01  -1.000000E+01   3.353451E+00  -4.180362E+00        14
   5.935523E+03   1.764261E+06   1.556940E+01   1.556940E+01   1.729933E+01   1.461017E+01  -1.000000E+01   3.353451E+00  -4.180362E+00        14
   5.945523E+03   1.770206E+06   1.556940E+01   1.556940E+01   1.729933E+01   1.461017E+01  -1.000000E+01   3.353451E+00  -4.180362E+00        14
   5.955523E+03   1.776161E+06   1.556940E+01   1.556940E+01   1.729933E+01   1.461017E+01  -1.000000E+01   3.353451E+00  -4.180362E+00        14
   5.965523E+03   1.782126E+06   1.556940E+01   1.556940E+01   1.729933E+01   1.461017E+01  -1.000000E+01   3.353451E+00  -4.180362E+00        14
   5.975523E+03   1.788101E+06   1.556940E+01   1.556940E+01   1.729933E+01   1.461017E+01  -1.000000E+01   3.353451E+00  -4.180362E+00        14
   5.985523E+03   1.794086E+06   1.556940E+01   1.556940E+01   1.729933E+01   1.461017E+01  -1.000000E+01   3.353451E+00  -4.180362E+00        14
   5.995523E+03   1.800081E+06   1.556940E+01   1.556940E+01   1.729933E+01   1.461017E+01  -1.000000E+01   3.353451E+00  -4.180362E+00        14
   6.005523E+03   1.806087E+06   1.556940E+01   1.556940E+01   1.729933E+01   1.461017E+01  -1.000000E+01   3.353451E+00  -4.180362E+00        14
   6.015523E+03   1.812102E+06   1.556940E+01   1.556940E+01   1.729933E+01   1.461017E+01  -1.000000E+01   3.353451E+00  -4.180362E+00        14
   6.025523E+03   1.818127E+06   1.556940E+01   1.556940E+01   1.729933E+01   1.461017E+01  -1.000000E+01   3.353451E+00  -4.180362E+00        14
   6.035523E+03   1.824162E+06   1.556940E+01   1.556940E+01   1.729933E+01   1.461017E+01  -1.000000E+01   3.353451E+00  -4.180362E+00        14
   6.045523E+03   1.830207E+06   1.556940E+01   1.556940E+01   1.729933E+01   1.461017E+01  -1.000000E+01   3.353451E+00  -4.180362E+00        14
   6.055523E+03   1.836262E+06   1.556940E+01   1.556940E+01   1.729933E+01   1.461017E+01  -1.000000E+01   3.353451E+00  -4.180362E+00        14
   6.065523E+03   1.842327E+06   1.556940E+01   1.556940E+01   1.729933E+01   1.461017E+01  -1.000000E+01   3.353451E+00  -4.180362E+00        14
   6.075523E+03   1.848403E+06   1.556940E+01   1.556940E+01   1.729933E+01   1.461017E+01  -1.000000E+01   3.353451E+00  -4.180362E+00        14
   6.085523E+03   1.854488E+06   1.556940E+01   1.556940E+01   1.729933E+01   1.461017E+01  -1.000000E+01   3.353451E+00  -4.180362E+00        14
   6.095523E+03   1.860583E+06   1.556940E+01   1.556940E+01   1.729933E+01   1.461017E+01  -1.000000E+01   3.353451E+00  -4.180362E+00        14
   6.105523E+03   1.866688E+06   1.556940E+01   1.556940E+01   1.729933E+01   1.461017E+01  -1.000000E+01   3.353451E+00  -4.180362E+00        14
   6.115523E+03   1.872803E+06   1.556940E+01   1.556940E+01   1.729933E+01   1.461017E+01  -1.000000E+01   3.353451E+00  -4.180362E+00        14
   6.125523E+03   1.878928E+06   1.556940E+01   1.556940E+01   1.729933E+01   1.461017E+01  -1.000000E+01   3.353451E+00  -4.180362E+00        14
   6.135523E+03   1.885063E+06   1.556940E+01   1.556940E+01   1.729933E+01   1.461017E+01  -1.000000E+01   3.353451E+00  -4.180362E+00        14
   6.145523E+03   1.891209E+06   1.556940E+01   1.556940E+01   1.729933E+01   1.461017E+01  -1.000000E+01   3.353451E+00  -4.180362E+00        14
   6.155523E+03   1.897364E+06   1.556940E+01   1.556940E+01   1.729933E+01   1.461017E+01  -1.000000E+01   3.353451E+00  -4.180362E+00        14
   6.165523E+03   1.903529E+06   1.556940E+01   1.556940E+01   1.729933E+01   1.461017E+01  -1.000000E+01   3.353451E+00  -4.180362E+00        14
   6.175523E+03   1.909704E+06   1.556940E+01   1.556940E+01   1.729933E+01   1.461017E+01  -1.000000E+01   3.353451E+00  -4.180362E+00        14
   6.185523E+03   1.915889E+06   1.556940E+01   1.556940E+01   1.729933E+01   1.461017E+01  -1.000000E+01   3.353451E+00  -4.180362E+00        14
   6.195523E+03   1.922084E+06   1.556940E+01   1.556940E+01   1.729933E+01   1.461017E+01  -1.000000E+01   3.353451E+00  -4.180362E+00        14
   6.205523E+03   1.928289E+06   1.556940E+01   1.556940E+01   1.729933E+01   1.461017E+01  -1.000000E+01   3.353451E+00  -4.180362E+00        14
   6.215523E+03   1.934505E+06   1.556940E+01   1.556940E+01   1.729933E+01   1.461017E+01  -1.000000E+01   3.353451E+00  -4.180362E+00        14
   6.225523E+03   1.940730E+06   1.556940E+01   1.556940E+01   1.729933E+01   1.461017E+01  -1.000000E+01   3.353451E+00  -4.180362E+00        14
   6.235523E+03   1.946965E+06   1.556940E+01   1.556940E+01   1.729933E+01   1.461017E+01  -1.000000E+01   3.353451E+00  -4.180362E+00        14
   6.245523E+03   1.953210E+06   1.556940E+01   1.556940E+01   1.729933E+01   1.461017E+01  -1.000000E+01   3.353451E+00  -4.180362E+00        14
   6.255523E+03   1.959465E+06   1.556940E+01   1.556940E+01   1.729933E+01   1.461017E+01  -1.000000E+01   3.353451E+00  -4.180362E+00        14
   6.265523E+03   1.965730E+06   1.556940E+01   1.556940E+01   1.729933E+01   1.461017E+01  -1.000000E+01   3.353451E+00  -4.180362E+00        14
   6.275523E+03   1.972005E+06   1.556940E+01   1.556940E+01   1.729933E+01   1.461017E+01  -1.000000E+01   3.353451E+00  -4.180362E+00        14
   6.285523E+03   1.978291E+06   1.556940E+01   1.556940E+01   1.729933E+01   1.461017E+01  -1.000000E+01   3.353451E+00  -4.180362E+00        14
   6.295523E+03   1.984586E+06   1.556940E+01   1.556940E+01   1.729933E+01   1.461017E+01  -1.000000E+01   3.353451E+00  -4.180362E+00        14
   6.305523E+03   1.990891E+06   1.556940E+01   1.556940E+01   1.729933E+01   1.461017E+01  -1.000000E+01   3.353451E+00  -4.180362E+00        14
   6.315523E+03   1.997206E+06   1.556940E+01   1.556940E+01   1.729933E+01   1.461017E+01  -1.000000E+01   3.353451E+00  -4.180362E+00        14
   6.325523E+03   2.003531E+06   1.556940E+01   1.556940E+01   1.729933E+01   1.461017E+01  -1.000000E+01   3.353451E+00  -4.180362E+00        14
   6.335523E+03   2.009866E+06   1.556940E+01   1.556940E+01   1.729933E+01   1.461017E+01  -1.000000E+01   3.353451E+00  -4.180362E+00        14
   6.345523E+03   2.016211E+06   1.556940E+01   1.556940E+01   1.729933E+01   1.461017E+01  -1.000000E+01   3.353451E+00  -4.180362E+00        14
   6.355523E+03   2.022567E+06   1.556940E+01   1.556940E+01   1.729933E+01   1.461017E+01  -1.000000E+01   3.353451E+00  -4.180362E+00        14
   6.365523E+03   2.028932E+06   1.556940E+01   1.556940E+01   1.729933E+01   1.461017E+01  -1.000000E+01   3.353451E+00  -4.180362E+00        14
   6.375523E+03   2.035307E+06   1.556940E+01   1.556940E+01   1.729933E+01   1.461017E+01  -1.000000E+01   3.353451E+00  -4.180362E+00        14
   6.385523E+03   2.041692E+06   1.556940E+01   1.556940E+01   1.729933E+01   1.461017E+01  -1.000000E+01   3.353451E+00  -4.180362E+00        14
   6.395523E+03   2.048087E+06   1.556940E+01   1.556940E+01   1.729933E+01   1.461017E+01  -1.000000E+01   3.353451E+00  -4.180362E+00        14
   6.405523E+03   2.054492E+06   1.556940E+01   1.556940E+01   1.729933E+01   1.461017E+01  -1.000000E+01   3.353451E+00  -4.180362E+00        14
   6.415523E+03   2.060908E+06   1.556940E+01   1.556940E+01   1.729933E+01   1.461017E+01  -1.000000E+01   3.353451E+00  -4.180362E+00        14
   6.425523E+03   2.067333E+06   1.556940E+01   1.556940E+01   1.729933E+01   1.461017E+01  -1.000000E+01   3.353451E+00  -4.180362E+00        14
   6.435523E+03   2.073768E+06   1.556940E+01   1.556940E+01   1.729933E+01   1.461017E+01  -1.000000E+01   3.353451E+00  -4.180362E+00        14
   6.445523E+03   2.080213E+06   1.556940E+01   1.556940E+01   1.729933E+01   1.461017E+01  -1.000000E+01   3.353451E+00  -4.180362E+00        14
   6.455523E+03   2.086668E+06   1.556940E+01   1.556940E+01   1.729933E+01   1.461017E+01  -1.000000E+01   3.353451E+00  -4.180362E+00        14
   6.465523E+03   2.093133E+06   1.556940E+01   1.556940E+01   1.729933E+01   1.461017E+01  -1.000000E+01   3.353451E+00  -4.180362E+00        14
   6.475523E+03   2.099608E+06   1.556940E+01   1.556940E+01   1.729933E+01   1.461017E+01  -1.000000E+01   3.353451E+00  -4.180362E+00        14
   6.485523E+03   2.106094E+06   1.556940E+01   1.556940E+01   1.729933E+01   1.461017E+01  -1.000000E+01   3.353451E+00  -4.180362E+00        14
   6.495523E+03   2.112589E+06   1.556940E+01   1.556940E+01   1.729933E+01   1.461017E+01  -1.000000E+01   3.353451E+00  -4.180362E+00        14
   6.505523E+03   2.119094E+06   1.556940E+01   1.556940E+01   1.729933E+01   1.461017E+01  -1.000000E+01   3.353451E+00  -4.180362E+00        14
   6.515523E+03   2.125609E+06   1.556940E+01   1.556940E+01   1.729933E+01   1.461017E+01  -1.000000E+01   3.353451E+00  -4.180362E+00        14
   6.525523E+03   2.132134E+06   1.556940E+01   1.556940E+01   1.729933E+01   1.461017E+01  -1.000000E+01   3.353451E+00  -4.180362E+00        14
   6.535523E+03   2.138669E+06   1.556940E+01   1.556940E+01   1.729933E+01   1.461017E+01  -1.000000E+01   3.353451E+00  -4.180362E+00        14
   6.545523E+03   2.145214E+06   1.556940E+01   1.556940E+01   1.729933E+01   1.461017E+01  -1.000000E+01   3.353451E+00  -4.180362E+00        14
   6.555523E+03   2.151770E+06   1.556940E+01   1.556940E+01   1.729933E+01   1.461017E+01  -1.000000E+01   3.353451E+00  -4.180362E+00        14
   6.565523E+03   2.158335E+06   1.556940E+01   1.556940E+01   1.729933E+01   1.461017E+01  -1.000000E+01   3.353451E+00  -4.180362E+00        14
   6.575523E+03   2.164910E+06   1.556940E+01   1.556940E+01   1.729933E+01   1.461017E+01  -1.000000E+01   3.353451E+00  -4.180362E+00        14
   6.585523E+03   2.171495E+06   1.556940E+01   1.556940E+01   1.729933E+01   1.461017E+01  -1.000000E+01   3.353451E+00  -4.180362E+00        14
   6.595523E+03   2.178090E+06   1.556940E+01   1.556940E+01   1.729933E+01   1.461017E+01  -1.000000E+01   3.353451E+00  -4.180362E+00        14
   6.605523E+03   2.184695E+06   1.556940E+01   1.556940E+01   1.729933E+01   1.461017E+01  -1.000000E+01   3.353451E+00  -4.180362E+00        14
   6.615523E+03   2.191310E+06   1.556940E+01   1.556940E+01   1.729933E+01   1.461017E+01  -1.000000E+01   3.353451E+00  -4.180362E+00        14
   6.625523E+03   2.197936E+06   1.556940E+01   1.556940E+01   1.729933E+01   1.461017E+01  -1.000000E+01   3.353451E+00  -4.180362E+00        14
   6.635523E+03   2.204571E+06   1.556940E+01   1.556940E+01   1.729933E+01   1.461017E+01  -1.000000E+01   3.353451E+00  -4.180362E+00        14
   6.645523E+03   2.211216E+06   1.556940E+01   1.556940E+01   1.729933E+01   1.461017E+01  -1.000000E+01   3.353451E+00  -4.180362E+00        14
   6.655523E+03   2.217871E+06   1.556940E+01   1.556940E+01   1.729933E+01   1.461017E+01  -1.000000E+01   3.353451E+00  -4.180362E+00        14
   6.665523E+03   2.224536E+06   1.556940E+01   1.556940E+01   1.729933E+01   1.461017E+01  -1.000000E+01   3.353451E+00  -4.180362E+00        14
   6.675523E+03   2.231211E+06   1.556940E+01   1.556940E+01   1.729933E+01   1.461017E+01  -1.000000E+01   3.353451E+00  -4.180362E+00        14
   6.685523E+03   2.237896E+06   1.556940E+01   1.556940E+01   1.729933E+01   1.461017E+01  -1.000000E+01   3.353451E+00  -4.180362E+00        14
   6.695523E+03   2.244592E+06   1.556940E+01   1.556940E+01   1.729933E+01   1.461017E+01  -1.000000E+01   3.353451E+00  -4.180362E+00        14
   6.705523E+03   2.251297E+06   1.556940E+01   1.556940E+01   1.729933E+01   1.461017E+01  -1.000000E+01   3.353451E+00  -4.180362E+00        14
   6.715523E+03   2.258012E+06   1.556940E+01   1.556940E+01   1.729933E+01   1.461017E+01  -1.000000E+01   3.353451E+00  -4.180362E+00        14
   6.725523E+03   2.264737E+06   1.556940E+01   1.556940E+01   1.729933E+01   1.461017E+01  -1.000000E+01   3.353451E+00  -4.180362E+00        14
   6.735523E+03   2.271472E+06   1.556940E+01   1.556940E+01   1.729933E+01   1.461017E+01  -1.000000E+01   3.353451E+00  -4.180362E+00        14
   6.745523E+03   2.278217E+06   1.556940E+01   1.556940E+01   1.729933E+01   1.461017E+01  -1.000000E+01   3.353451E+00  -4.180362E+00        14
   6.755523E+03   2.284972E+06   1.556940E+01   1.556940E+01   1.729933E+01   1.461017E+01  -1.000000E+01   3.353451E+00  -4.180362E+00        14
   6.765523E+03   2.291738E+06   1.556940E+01   1.556940E+01   1.729933E+01   1.461017E+01  -1.000000E+01   3.353451E+00  -4.180362E+00        14
   6.775523E+03   2.298513E+06   1.556940E+01   1.556940E+01   1.729933E+01   1.461017E+01  -1.000000E+01   3.353451E+00  -4.180362E+00        14
   6.785523E+03   2.305298E+06   1.556940E+01   1.556940E+01   1.729933E+01   1.461017E+01  -1.000000E+01   3.353451E+00  -4.180362E+00        14
   6.795523E+03   2.312093E+06   1.556940E+01   1.556940E+01   1.729933E+01   1.461017E+01  -1.000000E+01   3.353451E+00  -4.180362E+00        14
   6.805523E+03   2.318898E+06   1.556940E+01   1.556940E+01   1.729933E+01   1.461017E+01  -1.000000E+01   3.353451E+00  -4.180362E+00        14
   6.815523E+03   2.325713E+06   1.556940E+01   1.556940E+01   1.729933E+01   1.461017E+01  -1.000000E+01   3.353451E+00  -4.180362E+00        14
   6.825523E+03   2.332538E+06   1.556940E+01   1.556940E+01   1.729933E+01   1.461017E+01  -1.000000E+01   3.353451E+00  -4.180362E+00        14
   6.835523E+03   2.339374E+06   1.556940E+01   1.556940E+01   1.729933E+01   1.461017E+01  -1.000000E+01   3.353451E+00  -4.180362E+00        14
   6.845523E+03   2.346219E+06   1.556940E+01   1.556940E+01   1.729933E+01   1.461017E+01  -1.000000E+01   3.353451E+00  -4.180362E+00        14
   6.855523E+03   2.353074E+06   1.556940E+01   1.556940E+01   1.729933E+01   1.461017E+01  -1.000000E+01   3.353451E+00  -4.180362E+00        14
   6.865523E+03   2.359939E+06   1.556940E+01   1.556940E+01   1.729933E+01   1.461017E+01  -1.000000E+01   3.353451E+00  -4.180362E+00        14
   6.875523E+03   2.366814E+06   1.556940E+01   1.556940E+01   1.729933E+01   1.461017E+01  -1.000000E+01   3.353451E+00  -4.180362E+00        14
   6.885523E+03   2.373699E+06   1.556940E+01   1.556940E+01   1.729933E+01   1.461017E+01  -1.000000E+01   3.353451E+00  -4.180362E+00        14
   6.895523E+03   2.380594E+06   1.556940E+01   1.556940E+01   1.729933E+01   1.461017E+01  -1.000000E+01   3.353451E+00  -4.180362E+00        14
   6.905523E+03   2.387500E+06   1.556940E+01   1.556940E+01   1.729933E+01   1.461017E+01  -1.000000E+01   3.353451E+00  -4.180362E+00        14
   6.915523E+03   2.394415E+06   1.556940E+01   1.556940E+01   1.729933E+01   1.461017E+01  -1.000000E+01   3.353451E+00  -4.180362E+00        14
   6.925523E+03   2.401340E+06   1.556940E+01   1.556940E+01   1.729933E+01   1.461017E+01  -1.000000E+01   3.353451E+00  -4.180362E+00        14
   6.935523E+03   2.408275E+06   1.556940E+01   1.556940E+01   1.729933E+01   1.461017E+01  -1.000000E+01   3.353451E+00  -4.180362E+00        14
   6.945523E+03   2.415220E+06   1.556940E+01   1.556940E+01   1.729933E+01   1.461017E+01  -1.000000E+01   3.353451E+00  -4.180362E+00        14
   6.955523E+03   2.422175E+06   1.556940E+01   1.556940E+01   1.729933E+01   1.461017E+01  -1.000000E+01   3.353451E+00  -4.180362E+00        14
   6.965523E+03   2.429140E+06   1.556940E+01   1.556940E+01   1.729933E+01   1.461017E+01  -1.000000E+01   3.353451E+00  -4.180362E+00        14
   6.975523E+03   2.436116E+06   1.556940E+01   1.556940E+01   1.729933E+01   1.461017E+01  -1.000000E+01   3.353451E+00  -4.180362E+00        14
   6.985523E+03   2.443101E+06   1.556940E+01   1.556940E+01   1.729933E+01   1.461017E+01  -1.000000E+01   3.353451E+00  -4.180362E+00        14
   6.995523E+03   2.450096E+06   1.556940E+01   1.556940E+01   1.729933E+01   1.461017E+01  -1.000000E+01   3.353451E+00  -4.180362E+00        14
   7.005523E+03   2.457101E+06   1.556940E+01   1.556940E+01   1.729933E+01   1.461017E+01  -1.000000E+01   3.353451E+00  -4.180362E+00        14
   7.015523E+03   2.464116E+06   1.556940E+01   1.556940E+01   1.729933E+01   1.461017E+01  -1.000000E+01   3.353451E+00  -4.180362E+00        14
   7.025523E+03   2.471141E+06   1.556940E+01   1.556940E+01   1.729933E+01   1.461017E+01  -1.000000E+01   3.353451E+00  -4.180362E+00        14
   7.035523E+03   2.478176E+06   1.556940E+01   1.556940E+01   1.729933E+01   1.461017E+01  -1.000000E+01   3.353451E+00  -4.180362E+00        14
   7.045523E+03   2.485222E+06   1.556940E+01   1.556940E+01   1.729933E+01   1.461017E+01  -1.000000E+01   3.353451E+00  -4.180362E+00        14
   7.055523E+03   2.492277E+06   1.556940E+01   1.556940E+01   1.729933E+01   1.461017E+01  -1.000000E+01   3.353451E+00  -4.180362E+00        14
   7.065523E+03   2.499342E+06   1.556940E+01   1.556940E+01   1.729933E+01   1.461017E+01  -1.000000E+01   3.353451E+00  -4.180362E+00        14
   7.075523E+03   2.506417E+06   1.556940E+01   1.556940E+01   1.729933E+01   1.461017E+01  -1.000000E+01   3.353451E+00  -4.180362E+00        14
   7.085523E+03   2.513502E+06   1.556940E+01   1.556940E+01   1.729933E+01   1.461017E+01  -1.000000E+01   3.353451E+00  -4.180362E+00        14
   7.095523E+03   2.520597E+06   1.556940E+01   1.556940E+01   1.729933E+01   1.461017E+01  -1.000000E+01   3.353451E+00  -4.180362E+00        14
   7.105523E+03   2.527702E+06   1.556940E+01   1.556940E+01   1.729933E+01   1.461017E+01  -1.000000E+01   3.353451E+00  -4.180362E+00        14
   7.115523E+03   2.534818E+06   1.556940E+01   1.556940E+01   1.729933E+01   1.461017E+01  -1.000000E+01   3.353451E+00  -4.180362E+00        14
   7.125523E+03   2.541943E+06   1.556940E+01   1.556940E+01   1.729933E+01   1.461017E+01  -1.000000E+01   3.353451E+00  -4.180362E+00        14
   7.135523E+03   2.549078E+06   1.556940E+01   1.556940E+01   1.729933E+01   1.461017E+01  -1.000000E+01   3.353451E+00  -4.180362E+00        14
   7.145523E+03   2.556223E+06   1.556940E+01   1.556940E+01   1.729933E+01   1.461017E+01  -1.000000E+01   3.353451E+00  -4.180362E+00        14
   7.155523E+03   2.563378E+06   1.556940E+01   1.556940E+01   1.729933E+01   1.461017E+01  -1.000000E+01   3.353451E+00  -4.180362E+00        14
   7.165523E+03   2.570543E+06   1.556940E+01   1.556940E+01   1.729933E+01   1.461017E+01  -1.000000E+01   3.353451E+00  -4.180362E+00        14
   7.175523E+03   2.577718E+06   1.556940E+01   1.556940E+01   1.729933E+01   1.461017E+01  -1.000000E+01   3.353451E+00  -4.180362E+00        14
   7.185523E+03   2.584904E+06   1.556940E+01   1.556940E+01   1.729933E+01   1.461017E+01  -1.000000E+01   3.353451E+00  -4.180362E+00        14
   7.195523E+03   2.592099E+06   1.556940E+01   1.556940E+01   1.729933E+01   1.461017E+01  -1.000000E+01   3.353451E+00  -4.180362E+00        14
   7.205523E+03   2.599304E+06   1.556940E+01   1.556940E+01   1.729933E+01   1.461017E+01  -1.000000E+01   3.353451E+00  -4.180362E+00        14
   7.215523E+03   2.606519E+06   1.556940E+01   1.556940E+01   1.729933E+01   1.461017E+01  -1.000000E+01   3.353451E+00  -4.180362E+00        14
   7.225523E+03   2.613744E+06   1.556940E+01   1.556940E+01   1.729933E+01   1.461017E+01  -1.000000E+01   3.353451E+00  -4.180362E+00        14
   7.235523E+03   2.620979E+06   1.556940E+01   1.556940E+01   1.729933E+01   1.461017E+01  -1.000000E+01   3.353451E+00  -4.180362E+00        14
   7.245523E+03   2.628224E+06   1.556940E+01   1.556940E+01   1.729933E+01   1.461017E+01  -1.000000E+01   3.353451E+00  -4.180362E+00        14
   7.255523E+03   2.635480E+06   1.556940E+01   1.556940E+01   1.729933E+01   1.461017E+01  -1.000000E+01   3.353451E+00  -4.180362E+00        14
   7.265523E+03   2.642745E+06   1.556940E+01   1.556940E+01   1.729933E+01   1.461017E+01  -1.000000E+01   3.353451E+00  -4.180362E+00        14
   7.275523E+03   2.650020E+06   1.556940E+01   1.556940E+01   1.729933E+01   1.461017E+01  -1.000000E+01   3.353451E+00  -4.180362E+00        14
   7.285523E+03   2.657305E+06   1.556940E+01   1.556940E+01   1.729933E+01   1.461017E+01  -1.000000E+01   3.353451E+00  -4.180362E+00        14
   7.295523E+03   2.664600E+06   1.556940E+01   1.556940E+01   1.729933E+01   1.461017E+01  -1.000000E+01   3.353451E+00  -4.180362E+00        14
   7.305523E+03   2.671905E+06   1.556940E+01   1.556940E+01   1.729933E+01   1.461017E+01  -1.000000E+01   3.353451E+00  -4.180362E+00        14
   7.315523E+03   2.679220E+06   1.556940E+01   1.556940E+01   1.729933E+01   1.461017E+01  -1.000000E+01   3.353451E+00  -4.180362E+00        14
   7.325523E+03   2.686546E+06   1.556940E+01   1.556940E+01   1.729933E+01   1.461017E+01  -1.000000E+01   3.353451E+00  -4.180362E+00        14
   7.335523E+03   2.693881E+06   1.556940E+01   1.556940E+01   1.729933E+01   1.461017E+01  -1.000000E+01   3.353451E+00  -4.180362E+00        14
   7.345523E+03   2.701226E+06   1.556940E+01   1.556940E+01   1.729933E+01   1.461017E+01  -1.000000E+01   3.353451E+00  -4.180362E+00        14
   7.355523E+03   2.708581E+06   1.556940E+01   1.556940E+01   1.729933E+01   1.461017E+01  -1.000000E+01   3.353451E+00  -4.180362E+00        14
   7.365523E+03   2.715946E+06   1.556940E+01   1.556940E+01   1.729933E+01   1.461017E+01  -1.000000E+01   3.353451E+00  -4.180362E+00        14
   7.375523E+03   2.723321E+06   1.556940E+01   1.556940E+01   1.729933E+01   1.461017E+01  -1.000000E+01   3.353451E+00  -4.180362E+00        14
   7.385523E+03   2.730707E+06   1.556940E+01   1.556940E+01   1.729933E+01   1.461017E+01  -1.000000E+01   3.353451E+00  -4.180362E+00        14
   7.395523E+03   2.738102E+06   1.556940E+01   1.556940E+01   1.729933E+01   1.461017E+01  -1.000000E+01   3.353451E+00  -4.180362E+00        14
   7.405523E+03   2.745507E+06   1.556940E+01   1.556940E+01   1.729933E+01   1.461017E+01  -1.000000E+01   3.353451E+00  -4.180362E+00        14
   7.415523E+03   2.752922E+06   1.556940E+01   1.556940E+01   1.729933E+01   1.461017E+01  -1.000000E+01   3.353451E+00  -4.180362E+00        14
   7.425523E+03   2.760347E+06   1.556940E+01   1.556940E+01   1.729933E+01   1.461017E+01  -1.000000E+01   3.353451E+00  -4.180362E+00        14
   7.435523E+03   2.767782E+06   1.556940E+01   1.556940E+01   1.729933E+01   1.461017E+01  -1.000000E+01   3.353451E+00  -4.180362E+00        14
   7.445523E+03   2.775227E+06   1.556940E+01   1.556940E+01   1.729933E+01   1.461017E+01  -1.000000E+01   3.353451E+00  -4.180362E+00        14
   7.455523E+03   2.782683E+06   1.556940E+01   1.556940E+01   1.729933E+01   1.461017E+01  -1.000000E+01   3.353451E+00  -4.180362E+00        14
   7.465523E+03   2.790148E+06   1.556940E+01   1.556940E+01   1.729933E+01   1.461017E+01  -1.000000E+01   3.353451E+00  -4.180362E+00        14
   7.475523E+03   2.797623E+06   1.556940E+01   1.556940E+01   1.729933E+01   1.461017E+01  -1.000000E+01   3.353451E+00  -4.180362E+00        14
   7.485523E+03   2.805108E+06   1.556940E+01   1.556940E+01   1.729933E+01   1.461017E+01  -1.000000E+01   3.353451E+00  -4.180362E+00        14
   7.495523E+03   2.812603E+06   1.556940E+01   1.556940E+01   1.729933E+01   1.461017E+01  -1.000000E+01   3.353451E+00  -4.180362E+00        14
   7.505523E+03   2.820108E+06   1.556940E+01   1.556940E+01   1.729933E+01   1.461017E+01  -1.000000E+01   3.353451E+00  -4.180362E+00        14
   7.515523E+03   2.827623E+06   1.556940E+01   1.556940E+01   1.729933E+01   1.461017E+01  -1.000000E+01   3.353451E+00  -4.180362E+00        14
   7.525523E+03   2.835149E+06   1.556940E+01   1.556940E+01   1.729933E+01   1.461017E+01  -1.000000E+01   3.353451E+00  -4.180362E+00        14
   7.535523E+03   2.842684E+06   1.556940E+01   1.556940E+01   1.729933E+01   1.461017E+01  -1.000000E+01   3.353451E+00  -4.180362E+00        14
   7.545523E+03   2.850229E+06   1.556940E+01   1.556940E+01   1.729933E+01   1.461017E+01  -1.000000E+01   3.353451E+00  -4.180362E+00        14
   7.555523E+03   2.857784E+06   1.556940E+01   1.556940E+01   1.729933E+01   1.461017E+01  -1.000000E+01   3.353451E+00  -4.180362E+00        14
   7.565523E+03   2.865349E+06   1.556940E+01   1.556940E+01   1.729933E+01   1.461017E+01  -1.000000E+01   3.353451E+00  -4.180362E+00        14
   7.575523E+03   2.872924E+06   1.556940E+01   1.556940E+01   1.729933E+01   1.461017E+01  -1.000000E+01   3.353451E+00  -4.180362E+00        14
   7.585523E+03   2.880509E+06   1.556940E+01   1.556940E+01   1.729933E+01   1.461017E+01  -1.000000E+01   3.353451E+00  -4.180362E+00        14
   7.595523E+03   2.888105E+06   1.556940E+01   1.556940E+01   1.729933E+01   1.461017E+01  -1.000000E+01   3.353451E+00  -4.180362E+00        14
   7.605523E+03   2.895710E+06   1.556940E+01   1.556940E+01   1.729933E+01   1.461017E+01  -1.000000E+01   3.353451E+00  -4.180362E+00        14
   7.615523E+03   2.903325E+06   1.556940E+01   1.556940E+01   1.729933E+01   1.461017E+01  -1.000000E+01   3.353451E+00  -4.180362E+00        14
   7.625523E+03   2.910950E+06   1.556940E+01   1.556940E+01   1.729933E+01   1.461017E+01  -1.000000E+01   3.353451E+00  -4.180362E+00        14
   7.635523E+03   2.918585E+06   1.556940E+01   1.556940E+01   1.729933E+01   1.461017E+01  -1.000000E+01   3.353451E+00  -4.180362E+00        14
   7.645523E+03   2.926230E+06   1.556940E+01   1.556940E+01   1.729933E+01   1.461017E+01  -1.000000E+01   3.353451E+00  -4.180362E+00        14
   7.655523E+03   2.933885E+06   1.556940E+01   1.556940E+01   1.729933E+01   1.461017E+01  -1.000000E+01   3.353451E+00  -4.180362E+00        14
   7.665523E+03   2.941551E+06   1.556940E+01   1.556940E+01   1.729933E+01   1.461017E+01  -1.000000E+01   3.353451E+00  -4.180362E+00        14
   7.675523E+03   2.949226E+06   1.556940E+01   1.556940E+01   1.729933E+01   1.461017E+01  -1.000000E+01   3.353451E+00  -4.180362E+00        14
   7.685523E+03   2.956911E+06   1.556940E+01   1.556940E+01   1.729933E+01   1.461017E+01  -1.000000E+01   3.353451E+00  -4.180362E+00        14
   7.695523E+03   2.964606E+06   1.556940E+01   1.556940E+01   1.729933E+01   1.461017E+01  -1.000000E+01   3.353451E+00  -4.180362E+00        14
   7.705523E+03   2.972311E+06   1.556940E+01   1.556940E+01   1.729933E+01   1.461017E+01  -1.000000E+01   3.353451E+00  -4.180362E+00        14
   7.715523E+03   2.980026E+06   1.556940E+01   1.556940E+01   1.729933E+01   1.461017E+01  -1.000000E+01   3.353451E+00  -4.180362E+00        14
   7.725523E+03   2.987751E+06   1.556940E+01   1.556940E+01   1.729933E+01   1.461017E+01  -1.000000E+01   3.353451E+00  -4.180362E+00        14
   7.735523E+03   2.995487E+06   1.556940E+01   1.556940E+01   1.729933E+01   1.461017E+01  -1.000000E+01   3.353451E+00  -4.180362E+00        14
   7.745523E+03   3.003232E+06   1.556940E+01   1.556940E+01   1.729933E+01   1.461017E+01  -1.000000E+01   3.353451E+00  -4.180362E+00        14
   7.755523E+03   3.010987E+06   1.556940E+01   1.556940E+01   1.729933E+01   1.461017E+01  -1.000000E+01   3.353451E+00  -4.180362E+00        14
   7.765523E+03   3.018752E+06   1.556940E+01   1.556940E+01   1.729933E+01   1.461017E+01  -1.000000E+01   3.353451E+00  -4.180362E+00        14
   7.775523E+03   3.026527E+06   1.556940E+01   1.556940E+01   1.729933E+01   1.461017E+01  -1.000000E+01   3.353451E+00  -4.180362E+00        14
   7.785523E+03   3.034312E+06   1.556940E+01   1.556940E+01   1.729933E+01   1.461017E+01  -1.000000E+01   3.353451E+00  -4.180362E+00        14
   7.795523E+03   3.042107E+06   1.556940E+01   1.556940E+01   1.729933E+01   1.461017E+01  -1.000000E+01   3.353451E+00  -4.180362E+00        14
   7.805523E+03   3.049913E+06   1.556940E+01   1.556940E+01   1.729933E+01   1.461017E+01  -1.000000E+01   3.353451E+00  -4.180362E+00        14
   7.815523E+03   3.057728E+06   1.556940E+01   1.556940E+01   1.729933E+01   1.461017E+01  -1.000000E+01   3.353451E+00  -4.180362E+00        14
   7.825523E+03   3.065553E+06   1.556940E+01   1.556940E+01   1.729933E+01   1.461017E+01  -1.000000E+01   3.353451E+00  -4.180362E+00        14
   7.835523E+03   3.073388E+06   1.556940E+01   1.556940E+01   1.729933E+01   1.461017E+01  -1.000000E+01   3.353451E+00  -4.180362E+00        14
   7.845523E+03   3.081233E+06   1.556940E+01   1.556940E+01   1.729933E+01   1.461017E+01  -1.000000E+01   3.353451E+00  -4.180362E+00        14
   7.855523E+03   3.089088E+06   1.556940E+01   1.556940E+01   1.729933E+01   1.461017E+01  -1.000000E+01   3.353451E+00  -4.180362E+00        14
   7.865523E+03   3.096953E+06   1.556940E+01   1.556940E+01   1.729933E+01   1.461017E+01  -1.000000E+01   3.353451E+00  -4.180362E+00        14
   7.875523E+03   3.104829E+06   1.556940E+01   1.556940E+01   1.729933E+01   1.461017E+01  -1.000000E+01   3.353451E+00  -4.180362E+00        14
   7.885523E+03   3.112714E+06   1.556940E+01   1.556940E+01   1.729933E+01   1.461017E+01  -1.000000E+01   3.353451E+00  -4.180362E+00        14
   7.895523E+03   3.120609E+06   1.556940E+01   1.556940E+01   1.729933E+01   1.461017E+01  -1.000000E+01   3.353451E+00  -4.180362E+00        14
   7.905523E+03   3.128514E+06   1.556940E+01   1.556940E+01   1.729933E+01   1.461017E+01  -1.000000E+01   3.353451E+00  -4.180362E+00        14
   7.915523E+03   3.136429E+06   1.556940E+01   1.556940E+01   1.729933E+01   1.461017E+01  -1.000000E+01   3.353451E+00  -4.180362E+00        14
   7.925523E+03   3.144354E+06   1.556940E+01   1.556940E+01   1.729933E+01   1.461017E+01  -1.000000E+01   3.353451E+00  -4.180362E+00        14
   7.935523E+03   3.152289E+06   1.556940E+01   1.556940E+01   1.729933E+01   1.461017E+01  -1.000000E+01   3.353451E+00  -4.180362E+00        14
   7.945523E+03   3.160235E+06   1.556940E+01   1.556940E+01   1.729933E+01   1.461017E+01  -1.000000E+01   3.353451E+00  -4.180362E+00        14
   7.955523E+03   3.168190E+06   1.556940E+01   1.556940E+01   1.729933E+01   1.461017E+01  -1.000000E+01   3.353451E+00  -4.180362E+00        14
   7.965523E+03   3.176155E+06   1.556940E+01   1.556940E+01   1.729933E+01   1.461017E+01  -1.000000E+01   3.353451E+00  -4.180362E+00        14
   7.975523E+03   3.184130E+06   1.556940E+01   1.556940E+01   1.729933E+01   1.461017E+01  -1.000000E+01   3.353451E+00  -4.180362E+00        14
   7.985523E+03   3.192115E+06   1.556940E+01   1.556940E+01   1.729933E+01   1.461017E+01  -1.000000E+01   3.353451E+00  -4.180362E+00        14
   7.995523E+03   3.200110E+06   1.556940E+01   1.556940E+01   1.729933E+01   1.461017E+01  -1.000000E+01   3.353451E+00  -4.180362E+00        14
   8.005523E+03   3.208115E+06   1.556940E+01   1.556940E+01   1.729933E+01   1.461017E+01  -1.000000E+01   3.353451E+00  -4.180362E+00        14
   8.015523E+03   3.216131E+06   1.556940E+01   1.556940E+01   1.729933E+01   1.461017E+01  -1.000000E+01   3.353451E+00  -4.180362E+00        14
   8.025523E+03   3.224156E+06   1.556940E+01   1.556940E+01   1.729933E+01   1.461017E+01  -1.000000E+01   3.353451E+00  -4.180362E+00        14
   8.035523E+03   3.232191E+06   1.556940E+01   1.556940E+01   1.729933E+01   1.461017E+01  -1.000000E+01   3.353451E+00  -4.180362E+00        14
   8.045523E+03   3.240236E+06   1.556940E+01   1.556940E+01   1.729933E+01   1.461017E+01  -1.000000E+01   3.353451E+00  -4.180362E+00        14
   8.055523E+03   3.248291E+06   1.556940E+01   1.556940E+01   1.729933E+01   1.461017E+01  -1.000000E+01   3.353451E+00  -4.180362E+00        14
   8.065523E+03   3.256356E+06   1.556940E+01   1.556940E+01   1.729933E+01   1.461017E+01  -1.000000E+01   3.353451E+00  -4.180362E+00        14
   8.075523E+03   3.264431E+06   1.556940E+01   1.556940E+01   1.729933E+01   1.461017E+01  -1.000000E+01   3.353451E+00  -4.180362E+00        14
   8.085523E+03   3.272517E+06   1.556940E+01   1.556940E+01   1.729933E+01   1.461017E+01  -1.000000E+01   3.353451E+00  -4.180362E+00        14
   8.095523E+03   3.280612E+06   1.556940E+01   1.556940E+01   1.729933E+01   1.461017E+01  -1.000000E+01   3.353451E+00  -4.180362E+00        14
   8.105523E+03   3.288717E+06   1.556940E+01   1.556940E+01   1.729933E+01   1.461017E+01  -1.000000E+01   3.353451E+00  -4.180362E+00        14
   8.115523E+03   3.296832E+06   1.556940E+01   1.556940E+01   1.729933E+01   1.461017E+01  -1.000000E+01   3.353451E+00  -4.180362E+00        14
   8.125523E+03   3.304957E+06   1.556940E+01   1.556940E+01   1.729933E+01   1.461017E+01  -1.000000E+01   3.353451E+00  -4.180362E+00        14
   8.135523E+03   3.313092E+06   1.556940E+01   1.556940E+01   1.729933E+01   1.461017E+01  -1.000000E+01   3.353451E+00  -4.180362E+00        14
   8.145523E+03   3.321237E+06   1.556940E+01   1.556940E+01   1.729933E+01   1.461017E+01  -1.000000E+01   3.353451E+00  -4.180362E+00        14
   8.155523E+03   3.329393E+06   1.556940E+01   1.556940E+01   1.729933E+01   1.461017E+01  -1.000000E+01   3.353451E+00  -4.180362E+00        14
   8.165523E+03   3.337558E+06   1.556940E+01   1.556940E+01   1.729933E+01   1.461017E+01  -1.000000E+01   3.353451E+00  -4.180362E+00        14
   8.175523E+03   3.345733E+06   1.556940E+01   1.556940E+01   1.729933E+01   1.461017E+01  -1.000000E+01   3.353451E+00  -4.180362E+00        14
   8.185523E+03   3.353918E+06   1.556940E+01   1.556940E+01   1.729933E+01   1.461017E+01  -1.000000E+01   3.353451E+00  -4.180362E+00        14
   8.195523E+03   3.362113E+06   1.556940E+01   1.556940E+01   1.729933E+01   1.461017E+01  -1.000000E+01   3.353451E+00  -4.180362E+00        14
   8.205523E+03   3.370318E+06   1.556940E+01   1.556940E+01   1.729933E+01   1.461017E+01  -1.000000E+01   3.353451E+00  -4.180362E+00        14
   8.215523E+03   3.378533E+06   1.556940E+01   1.556940E+01   1.729933E+01   1.461017E+01  -1.000000E+01   3.353451E+00  -4.180362E+00        14
   8.225523E+03   3.386759E+06   1.556940E+01   1.556940E+01   1.729933E+01   1.461017E+01  -1.000000E+01   3.353451E+00  -4.180362E+00        14
   8.235523E+03   3.394994E+06   1.556940E+01   1.556940E+01   1.729933E+01   1.461017E+01  -1.000000E+01   3.353451E+00  -4.180362E+00        14
   8.245523E+03   3.403239E+06   1.556940E+01   1.556940E+01   1.729933E+01   1.461017E+01  -1.000000E+01   3.353451E+00  -4.180362E+00        14
   8.255523E+03   3.411494E+06   1.556940E+01   1.556940E+01   1.729933E+01   1.461017E+01  -1.000000E+01   3.353451E+00  -4.180362E+00        14
   8.265523E+03   3.419759E+06   1.556940E+01   1.556940E+01   1.729933E+01   1.461017E+01  -1.000000E+01   3.353451E+00  -4.180362E+00        14
   8.275523E+03   3.428034E+06   1.556940E+01   1.556940E+01   1.729933E+01   1.461017E+01  -1.000000E+01   3.353451E+00  -4.180362E+00        14
   8.285523E+03   3.436319E+06   1.556940E+01   1.556940E+01   1.729933E+01   1.461017E+01  -1.000000E+01   3.353451E+00  -4.180362E+00        14
   8.295523E+03   3.444615E+06   1.556940E+01   1.556940E+01   1.729933E+01   1.461017E+01  -1.000000E+01   3.353451E+00  -4.180362E+00        14
   8.305523E+03   3.452920E+06   1.556940E+01   1.556940E+01   1.729933E+01   1.461017E+01  -1.000000E+01   3.353451E+00  -4.180362E+00        14
   8.315523E+03   3.461235E+06   1.556940E+01   1.556940E+01   1.729933E+01   1.461017E+01  -1.000000E+01   3.353451E+00  -4.180362E+00        14
   8.325523E+03   3.469560E+06   1.556940E+01   1.556940E+01   1.729933E+01   1.461017E+01  -1.000000E+01   3.353451E+00  -4.180362E+00        14
   8.335523E+03   3.477895E+06   1.556940E+01   1.556940E+01   1.729933E+01   1.461017E+01  -1.000000E+01   3.353451E+00  -4.180362E+00        14
   8.345523E+03   3.486240E+06   1.556940E+01   1.556940E+01   1.729933E+01   1.461017E+01  -1.000000E+01   3.353451E+00  -4.180362E+00        14
   8.355523E+03   3.494596E+06   1.556940E+01   1.556940E+01   1.729933E+01   1.461017E+01  -1.000000E+01   3.353451E+00  -4.180362E+00        14
   8.365523E+03   3.502961E+06   1.556940E+01   1.556940E+01   1.729933E+01   1.461017E+01  -1.000000E+01   3.353451E+00  -4.180362E+00        14
   8.375523E+03   3.511336E+06   1.556940E+01   1.556940E+01   1.729933E+01   1.461017E+01  -1.000000E+01   3.353451E+00  -4.180362E+00        14
   8.385523E+03   3.519721E+06   1.556940E+01   1.556940E+01   1.729933E+01   1.461017E+01  -1.000000E+01   3.353451E+00  -4.180362E+00        14
   8.395523E+03   3.528116E+06   1.556940E+01   1.556940E+01   1.729933E+01   1.461017E+01  -1.000000E+01   3.353451E+00  -4.180362E+00        14
   8.405523E+03   3.536521E+06   1.556940E+01   1.556940E+01   1.729933E+01   1.461017E+01  -1.000000E+01   3.353451E+00  -4.180362E+00        14
   8.415523E+03   3.544936E+06   1.556940E+01   1.556940E+01   1.729933E+01   1.461017E+01  -1.000000E+01   3.353451E+00  -4.180362E+00        14
   8.425523E+03   3.553362E+06   1.556940E+01   1.556940E+01   1.729933E+01   1.461017E+01  -1.000000E+01   3.353451E+00  -4.180362E+00        14
   8.435523E+03   3.561797E+06   1.556940E+01   1.556940E+01   1.729933E+01   1.461017E+01  -1.000000E+01   3.353451E+00  -4.180362E+00        14
   8.445523E+03   3.570242E+06   1.556940E+01   1.556940E+01   1.729933E+01   1.461017E+01  -1.000000E+01   3.353451E+00  -4.180362E+00        14
   8.455523E+03   3.578697E+06   1.556940E+01   1.556940E+01   1.729933E+01   1.461017E+01  -1.000000E+01   3.353451E+00  -4.180362E+00        14
   8.465523E+03   3.587162E+06   1.556940E+01   1.556940E+01   1.729933E+01   1.461017E+01  -1.000000E+01   3.353451E+00  -4.180362E+00        14
   8.475523E+03   3.595637E+06   1.556940E+01   1.556940E+01   1.729933E+01   1.461017E+01  -1.000000E+01   3.353451E+00  -4.180362E+00        14
   8.485523E+03   3.604122E+06   1.556940E+01   1.556940E+01   1.729933E+01   1.461017E+01  -1.000000E+01   3.353451E+00  -4.180362E+00        14
   8.495523E+03   3.612618E+06   1.556940E+01   1.556940E+01   1.729933E+01   1.461017E+01  -1.000000E+01   3.353451E+00  -4.180362E+00        14
   8.505523E+03   3.621123E+06   1.556940E+01   1.556940E+01   1.729933E+01   1.461017E+01  -1.000000E+01   3.353451E+00  -4.180362E+00        14
   8.515523E+03   3.629638E+06   1.556940E+01   1.556940E+01   1.729933E+01   1.461017E+01  -1.000000E+01   3.353451E+00  -4.180362E+00        14
   8.525523E+03   3.638163E+06   1.556940E+01   1.556940E+01   1.729933E+01   1.461017E+01  -1.000000E+01   3.353451E+00  -4.180362E+00        14
   8.535523E+03   3.646698E+06   1.556940E+01   1.556940E+01   1.729933E+01   1.461017E+01  -1.000000E+01   3.353451E+00  -4.180362E+00        14
   8.545523E+03   3.655243E+06   1.556940E+01   1.556940E+01   1.729933E+01   1.461017E+01  -1.000000E+01   3.353451E+00  -4.180362E+00        14
   8.555523E+03   3.663798E+06   1.556940E+01   1.556940E+01   1.729933E+01   1.461017E+01  -1.000000E+01   3.353451E+00  -4.180362E+00        14
   8.565523E+03   3.672364E+06   1.556940E+01   1.556940E+01   1.729933E+01   1.461017E+01  -1.000000E+01   3.353451E+00  -4.180362E+00        14
   8.575523E+03   3.680939E+06   1.556940E+01   1.556940E+01   1.729933E+01   1.461017E+01  -1.000000E+01   3.353451E+00  -4.180362E+00        14
   8.585523E+03   3.689524E+06   1.556940E+01   1.556940E+01   1.729933E+01   1.461017E+01  -1.000000E+01   3.353451E+00  -4.180362E+00        14
   8.595523E+03   3.698119E+06   1.556940E+01   1.556940E+01   1.729933E+01   1.461017E+01  -1.000000E+01   3.353451E+00  -4.180362E+00        14
   8.605523E+03   3.706724E+06   1.556940E+01   1.556940E+01   1.729933E+01   1.461017E+01  -1.000000E+01   3.353451E+00  -4.180362E+00        14
   8.615523E+03   3.715339E+06   1.556940E+01   1.556940E+01   1.729933E+01   1.461017E+01  -1.000000E+01   3.353451E+00  -4.180362E+00        14
   8.625523E+03   3.723964E+06   1.556940E+01   1.556940E+01   1.729933E+01   1.461017E+01  -1.000000E+01   3.353451E+00  -4.180362E+00        14
   8.635523E+03   3.732600E+06   1.556940E+01   1.556940E+01   1.729933E+01   1.461017E+01  -1.000000E+01   3.353451E+00  -4.180362E+00        14
   8.645523E+03   3.741245E+06   1.556940E+01   1.556940E+01   1.729933E+01   1.461017E+01  -1.000000E+01   3.353451E+00  -4.180362E+00        14
   8.655523E+03   3.749900E+06   1.556940E+01   1.556940E+01   1.729933E+01   1.461017E+01  -1.000000E+01   3.353451E+00  -4.180362E+00        14
   8.665523E+03   3.758565E+06   1.556940E+01   1.556940E+01   1.729933E+01   1.461017E+01  -1.000000E+01   3.353451E+00  -4.180362E+00        14
   8.675523E+03   3.767240E+06   1.556940E+01   1.556940E+01   1.729933E+01   1.461017E+01  -1.000000E+01   3.353451E+00  -4.180362E+00        14
   8.685523E+03   3.775925E+06   1.556940E+01   1.556940E+01   1.729933E+01   1.461017E+01  -1.000000E+01   3.353451E+00  -4.180362E+00        14
   8.695523E+03   3.784620E+06   1.556940E+01   1.556940E+01   1.729933E+01   1.461017E+01  -1.000000E+01   3.353451E+00  -4.180362E+00        14
   8.705523E+03   3.793326E+06   1.556940E+01   1.556940E+01   1.729933E+01   1.461017E+01  -1.000000E+01   3.353451E+00  -4.180362E+00        14
   8.715523E+03   3.802041E+06   1.556940E+01   1.556940E+01   1.729933E+01   1.461017E+01  -1.000000E+01   3.353451E+00  -4.180362E+00        14
   8.725523E+03   3.810766E+06   1.556940E+01   1.556940E+01   1.729933E+01   1.461017E+01  -1.000000E+01   3.353451E+00  -4.180362E+00        14
   8.735523E+03   3.819501E+06   1.556940E+01   1.556940E+01   1.729933E+01   1.461017E+01  -1.000000E+01   3.353451E+00  -4.180362E+00        14
   8.745523E+03   3.828246E+06   1.556940E+01   1.556940E+01   1.729933E+01   1.461017E+01  -1.000000E+01   3.353451E+00  -4.180362E+00        14
   8.755523E+03   3.837001E+06   1.556940E+01   1.556940E+01   1.729933E+01   1.461017E+01  -1.000000E+01   3.353451E+00  -4.180362E+00        14
   8.765523E+03   3.845766E+06   1.556940E+01   1.556940E+01   1.729933E+01   1.461017E+01  -1.000000E+01   3.353451E+00  -4.180362E+00        14
   8.775523E+03   3.854542E+06   1.556940E+01   1.556940E+01   1.729933E+01   1.461017E+01  -1.000000E+01   3.353451E+00  -4.180362E+00        14
   8.785523E+03   3.863327E+06   1.556940E+01   1.556940E+01   1.729933E+01   1.461017E+01  -1.000000E+01   3.353451E+00  -4.180362E+00        14
   8.795523E+03   3.872122E+06   1.556940E+01   1.556940E+01   1.729933E+01   1.461017E+01  -1.000000E+01   3.353451E+00  -4.180362E+00        14
   8.805523E+03   3.880927E+06   1.556940E+01   1.556940E+01   1.729933E+01   1.461017E+01  -1.000000E+01   3.353451E+00  -4.180362E+00        14
   8.815523E+03   3.889742E+06   1.556940E+01   1.556940E+01   1.729933E+01   1.461017E+01  -1.000000E+01   3.353451E+00  -4.180362E+00        14
   8.825523E+03   3.898567E+06   1.556940E+01   1.556940E+01   1.729933E+01   1.461017E+01  -1.000000E+01   3.353451E+00  -4.180362E+00        14
   8.835523E+03   3.907402E+06   1.556940E+01   1.556940E+01   1.729933E+01   1.461017E+01  -1.000000E+01   3.353451E+00  -4.180362E+00        14
   8.845523E+03   3.916248E+06   1.556940E+01   1.556940E+01   1.729933E+01   1.461017E+01  -1.000000E+01   3.353451E+00  -4.180362E+00        14
   8.855523E+03   3.925103E+06   1.556940E+01   1.556940E+01   1.729933E+01   1.461017E+01  -1.000000E+01   3.353451E+00  -4.180362E+00        14
   8.865523E+03   3.933968E+06   1.556940E+01   1.556940E+01   1.729933E+01   1.461017E+01  -1.000000E+01   3.353451E+00  -4.180362E+00        14
   8.875523E+03   3.942843E+06   1.556940E+01   1.556940E+01   1.729933E+01   1.461017E+01  -1.000000E+01   3.353451E+00  -4.180362E+00        14
   8.885523E+03   3.951728E+06   1.556940E+01   1.556940E+01   1.729933E+01   1.461017E+01  -1.000000E+01   3.353451E+00  -4.180362E+00        14
   8.895523E+03   3.960623E+06   1.556940E+01   1.556940E+01   1.729933E+01   1.461017E+01  -1.000000E+01   3.353451E+00  -4.180362E+00        14
   8.905523E+03   3.969528E+06   1.556940E+01   1.556940E+01   1.729933E+01   1.461017E+01  -1.000000E+01   3.353451E+00  -4.180362E+00        14
   8.915523E+03   3.978444E+06   1.556940E+01   1.556940E+01   1.729933E+01   1.461017E+01  -1.000000E+01   3.353451E+00  -4.180362E+00        14
   8.925523E+03   3.987369E+06   1.556940E+01   1.556940E+01   1.729933E+01   1.461017E+01  -1.000000E+01   3.353451E+00  -4.180362E+00        14
   8.935523E+03   3.996304E+06   1.556940E+01   1.556940E+01   1.729933E+01   1.461017E+01  -1.000000E+01   3.353451E+00  -4.180362E+00        14
   8.945523E+03   4.005249E+06   1.556940E+01   1.556940E+01   1.729933E+01   1.461017E+01  -1.000000E+01   3.353451E+00  -4.180362E+00        14
   8.955523E+03   4.014204E+06   1.556940E+01   1.556940E+01   1.729933E+01   1.461017E+01  -1.000000E+01   3.353451E+00  -4.180362E+00        14
   8.965523E+03   4.023169E+06   1.556940E+01   1.556940E+01   1.729933E+01   1.461017E+01  -1.000000E+01   3.353451E+00  -4.180362E+00        14
   8.975523E+03   4.032144E+06   1.556940E+01   1.556940E+01   1.729933E+01   1.461017E+01  -1.000000E+01   3.353451E+00  -4.180362E+00        14
   8.985523E+03   4.041130E+06   1.556940E+01   1.556940E+01   1.729933E+01   1.461017E+01  -1.000000E+01   3.353451E+00  -4.180362E+00        14
   8.995523E+03   4.050125E+06   1.556940E+01   1.556940E+01   1.729933E+01   1.461017E+01  -1.000000E+01   3.353451E+00  -4.180362E+00        14
   9.005523E+03   4.059130E+06   1.556940E+01   1.556940E+01   1.729933E+01   1.461017E+01  -1.000000E+01   3.353451E+00  -4.180362E+00        14
   9.015523E+03   4.068145E+06   1.556940E+01   1.556940E+01   1.729933E+01   1.461017E+01  -1.000000E+01   3.353451E+00  -4.180362E+00        14
   9.025523E+03   4.077170E+06   1.556940E+01   1.556940E+01   1.729933E+01   1.461017E+01  -1.000000E+01   3.353451E+00  -4.180362E+00        14
   9.035523E+03   4.086205E+06   1.556940E+01   1.556940E+01   1.729933E+01   1.461017E+01  -1.000000E+01   3.353451E+00  -4.180362E+00        14
   9.045523E+03   4.095250E+06   1.556940E+01   1.556940E+01   1.729933E+01   1.461017E+01  -1.000000E+01   3.353451E+00  -4.180362E+00        14
   9.055523E+03   4.104306E+06   1.556940E+01   1.556940E+01   1.729933E+01   1.461017E+01  -1.000000E+01   3.353451E+00  -4.180362E+00        14
   9.065523E+03   4.113371E+06   1.556940E+01   1.556940E+01   1.729933E+01   1.461017E+01  -1.000000E+01   3.353451E+00  -4.180362E+00        14
   9.075523E+03   4.122446E+06   1.556940E+01   1.556940E+01   1.729933E+01   1.461017E+01  -1.000000E+01   3.353451E+00  -4.180362E+00        14
   9.085523E+03   4.131531E+06   1.556940E+01   1.556940E+01   1.729933E+01   1.461017E+01  -1.000000E+01   3.353451E+00  -4.180362E+00        14
   9.095523E+03   4.140626E+06   1.556940E+01   1.556940E+01   1.729933E+01   1.461017E+01  -1.000000E+01   3.353451E+00  -4.180362E+00        14
   9.105523E+03   4.149731E+06   1.556940E+01   1.556940E+01   1.729933E+01   1.461017E+01  -1.000000E+01   3.353451E+00  -4.180362E+00        14
   9.115523E+03   4.158846E+06   1.556940E+01   1.556940E+01   1.729933E+01   1.461017E+01  -1.000000E+01   3.353451E+00  -4.180362E+00        14
   9.125523E+03   4.167972E+06   1.556940E+01   1.556940E+01   1.729933E+01   1.461017E+01  -1.000000E+01   3.353451E+00  -4.180362E+00        14
   9.135523E+03   4.177107E+06   1.556940E+01   1.556940E+01   1.729933E+01   1.461017E+01  -1.000000E+01   3.353451E+00  -4.180362E+00        14
   9.145523E+03   4.186252E+06   1.556940E+01   1.556940E+01   1.729933E+01   1.461017E+01  -1.000000E+01   3.353451E+00  -4.180362E+00        14
   9.155523E+03   4.195407E+06   1.556940E+01   1.556940E+01   1.729933E+01   1.461017E+01  -1.000000E+01   3.353451E+00  -4.180362E+00        14
   9.165523E+03   4.204572E+06   1.556940E+01   1.556940E+01   1.729933E+01   1.461017E+01  -1.000000E+01   3.353451E+00  -4.180362E+00        14
   9.175523E+03   4.213747E+06   1.556940E+01   1.556940E+01   1.729933E+01   1.461017E+01  -1.000000E+01   3.353451E+00  -4.180362E+00        14
   9.185523E+03   4.222932E+06   1.556940E+01   1.556940E+01   1.729933E+01   1.461017E+01  -1.000000E+01   3.353451E+00  -4.180362E+00        14
   9.195523E+03   4.232128E+06   1.556940E+01   1.556940E+01   1.729933E+01   1.461017E+01  -1.000000E+01   3.353451E+00  -4.180362E+00        14
   9.205523E+03   4.241333E+06   1.556940E+01   1.556940E+01   1.729933E+01   1.461017E+01  -1.000000E+01   3.353451E+00  -4.180362E+00        14
   9.215523E+03   4.250548E+06   1.556940E+01   1.556940E+01   1.729933E+01   1.461017E+01  -1.000000E+01   3.353451E+00  -4.180362E+00        14
   9.225523E+03   4.259773E+06   1.556940E+01   1.556940E+01   1.729933E+01   1.461017E+01  -1.000000E+01   3.353451E+00  -4.180362E+00        14
   9.235523E+03   4.269008E+06   1.556940E+01   1.556940E+01   1.729933E+01   1.461017E+01  -1.000000E+01   3.353451E+00  -4.180362E+00        14
   9.245523E+03   4.278253E+06   1.556940E+01   1.556940E+01   1.729933E+01   1.461017E+01  -1.000000E+01   3.353451E+00  -4.180362E+00        14
   9.255523E+03   4.287508E+06   1.556940E+01   1.556940E+01   1.729933E+01   1.461017E+01  -1.000000E+01   3.353451E+00  -4.180362E+00        14
   9.265523E+03   4.296774E+06   1.556940E+01   1.556940E+01   1.729933E+01   1.461017E+01  -1.000000E+01   3.353451E+00  -4.180362E+00        14
   9.275523E+03   4.306049E+06   1.556940E+01   1.556940E+01   1.729933E+01   1.461017E+01  -1.000000E+01   3.353451E+00  -4.180362E+00        14
   9.285523E+03   4.315334E+06   1.556940E+01   1.556940E+01   1.729933E+01   1.461017E+01  -1.000000E+01   3.353451E+00  -4.180362E+00        14
   9.295523E+03   4.324629E+06   1.556940E+01   1.556940E+01   1.729933E+01   1.461017E+01  -1.000000E+01   3.353451E+00  -4.180362E+00        14
   9.305523E+03   4.333934E+06   1.556940E+01   1.556940E+01   1.729933E+01   1.461017E+01  -1.000000E+01   3.353451E+00  -4.180362E+00        14
   9.315523E+03   4.343249E+06   1.556940E+01   1.556940E+01   1.729933E+01   1.461017E+01  -1.000000E+01   3.353451E+00  -4.180362E+00        14
   9.325523E+03   4.352574E+06   1.556940E+01   1.556940E+01   1.729933E+01   1.461017E+01  -1.000000E+01   3.353451E+00  -4.180362E+00        14
   9.335523E+03   4.361910E+06   1.556940E+01   1.556940E+01   1.729933E+01   1.461017E+01  -1.000000E+01   3.353451E+00  -4.180362E+00        14
   9.345523E+03   4.371255E+06   1.556940E+01   1.556940E+01   1.729933E+01   1.461017E+01  -1.000000E+01   3.353451E+00  -4.180362E+00        14
   9.355523E+03   4.380610E+06   1.556940E+01   1.556940E+01   1.729933E+01   1.461017E+01  -1.000000E+01   3.353451E+00  -4.180362E+00        14
   9.365523E+03   4.389975E+06   1.556940E+01   1.556940E+01   1.729933E+01   1.461017E+01  -1.000000E+01   3.353451E+00  -4.180362E+00        14
   9.375523E+03   4.399350E+06   1.556940E+01   1.556940E+01   1.729933E+01   1.461017E+01  -1.000000E+01   3.353451E+00  -4.180362E+00        14
   9.385523E+03   4.408735E+06   1.556940E+01   1.556940E+01   1.729933E+01   1.461017E+01  -1.000000E+01   3.353451E+00  -4.180362E+00        14
   9.395523E+03   4.418131E+06   1.556940E+01   1.556940E+01   1.729933E+01   1.461017E+01  -1.000000E+01   3.353451E+00  -4.180362E+00        14
   9.405523E+03   4.427536E+06   1.556940E+01   1.556940E+01   1.729933E+01   1.461017E+01  -1.000000E+01   3.353451E+00  -4.180362E+00        14
   9.415523E+03   4.436951E+06   1.556940E+01   1.556940E+01   1.729933E+01   1.461017E+01  -1.000000E+01   3.353451E+00  -4.180362E+00        14
   9.425523E+03   4.446376E+06   1.556940E+01   1.556940E+01   1.729933E+01   1.461017E+01  -1.000000E+01   3.353451E+00  -4.180362E+00        14
   9.435523E+03   4.455811E+06   1.556940E+01   1.556940E+01   1.729933E+01   1.461017E+01  -1.000000E+01   3.353451E+00  -4.180362E+00        14
   9.445523E+03   4.465256E+06   1.556940E+01   1.556940E+01   1.729933E+01   1.461017E+01  -1.000000E+01   3.353451E+00  -4.180362E+00        14
   9.455523E+03   4.474711E+06   1.556940E+01   1.556940E+01   1.729933E+01   1.461017E+01  -1.000000E+01   3.353451E+00  -4.180362E+00        14
   9.465523E+03   4.484177E+06   1.556940E+01   1.556940E+01   1.729933E+01   1.461017E+01  -1.000000E+01   3.353451E+00  -4.180362E+00        14
   9.475523E+03   4.493652E+06   1.556940E+01   1.556940E+01   1.729933E+01   1.461017E+01  -1.000000E+01   3.353451E+00  -4.180362E+00        14
   9.485523E+03   4.503137E+06   1.556940E+01   1.556940E+01   1.729933E+01   1.461017E+01  -1.000000E+01   3.353451E+00  -4.180362E+00        14
   9.495523E+03   4.512632E+06   1.556940E+01   1.556940E+01   1.729933E+01   1.461017E+01  -1.000000E+01   3.353451E+00  -4.180362E+00        14
   9.505523E+03   4.522137E+06   1.556940E+01   1.556940E+01   1.729933E+01   1.461017E+01  -1.000000E+01   3.353451E+00  -4.180362E+00        14
   9.515523E+03   4.531652E+06   1.556940E+01   1.556940E+01   1.729933E+01   1.461017E+01  -1.000000E+01   3.353451E+00  -4.180362E+00        14
   9.525523E+03   4.541177E+06   1.556940E+01   1.556940E+01   1.729933E+01   1.461017E+01  -1.000000E+01   3.353451E+00  -4.180362E+00        14
   9.535523E+03   4.550713E+06   1.556940E+01   1.556940E+01   1.729933E+01   1.461017E+01  -1.000000E+01   3.353451E+00  -4.180362E+00        14
   9.545523E+03   4.560258E+06   1.556940E+01   1.556940E+01   1.729933E+01   1.461017E+01  -1.000000E+01   3.353451E+00  -4.180362E+00        14
   9.555523E+03   4.569813E+06   1.556940E+01   1.556940E+01   1.729933E+01   1.461017E+01  -1.000000E+01   3.353451E+00  -4.180362E+00        14
   9.565523E+03   4.579378E+06   1.556940E+01   1.556940E+01   1.729933E+01   1.461017E+01  -1.000000E+01   3.353451E+00  -4.180362E+00        14
   9.575523E+03   4.588953E+06   1.556940E+01   1.556940E+01   1.729933E+01   1.461017E+01  -1.000000E+01   3.353451E+00  -4.180362E+00        14
   9.585523E+03   4.598538E+06   1.556940E+01   1.556940E+01   1.729933E+01   1.461017E+01  -1.000000E+01   3.353451E+00  -4.180362E+00        14
   9.595523E+03   4.608133E+06   1.556940E+01   1.556940E+01   1.729933E+01   1.461017E+01  -1.000000E+01   3.353451E+00  -4.180362E+00        14
   9.605523E+03   4.617739E+06   1.556940E+01   1.556940E+01   1.729933E+01   1.461017E+01  -1.000000E+01   3.353451E+00  -4.180362E+00        14
   9.615523E+03   4.627354E+06   1.556940E+01   1.556940E+01   1.729933E+01   1.461017E+01  -1.000000E+01   3.353451E+00  -4.180362E+00        14
   9.625523E+03   4.636979E+06   1.556940E+01   1.556940E+01   1.729933E+01   1.461017E+01  -1.000000E+01   3.353451E+00  -4.180362E+00        14
   9.635523E+03   4.646614E+06   1.556940E+01   1.556940E+01   1.729933E+01   1.461017E+01  -1.000000E+01   3.353451E+00  -4.180362E+00        14
   9.645523E+03   4.656259E+06   1.556940E+01   1.556940E+01   1.729933E+01   1.461017E+01  -1.000000E+01   3.353451E+00  -4.180362E+00        14
   9.655523E+03   4.665914E+06   1.556940E+01   1.556940E+01   1.729933E+01   1.461017E+01  -1.000000E+01   3.353451E+00  -4.180362E+00        14
   9.665523E+03   4.675579E+06   1.556940E+01   1.556940E+01   1.729933E+01   1.461017E+01  -1.000000E+01   3.353451E+00  -4.180362E+00        14
   9.675523E+03   4.685255E+06   1.556940E+01   1.556940E+01   1.729933E+01   1.461017E+01  -1.000000E+01   3.353451E+00  -4.180362E+00        14
   9.685523E+03   4.694940E+06   1.556940E+01   1.556940E+01   1.729933E+01   1.461017E+01  -1.000000E+01   3.353451E+00  -4.180362E+00        14
   9.695523E+03   4.704635E+06   1.556940E+01   1.556940E+01   1.729933E+01   1.461017E+01  -1.000000E+01   3.353451E+00  -4.180362E+00        14
   9.705523E+03   4.714340E+06   1.556940E+01   1.556940E+01   1.729933E+01   1.461017E+01  -1.000000E+01   3.353451E+00  -4.180362E+00        14
   9.715523E+03   4.724055E+06   1.556940E+01   1.556940E+01   1.729933E+01   1.461017E+01  -1.000000E+01   3.353451E+00  -4.180362E+00        14
   9.725523E+03   4.733780E+06   1.556940E+01   1.556940E+01   1.729933E+01   1.461017E+01  -1.000000E+01   3.353451E+00  -4.180362E+00        14
   9.735523E+03   4.743515E+06   1.556940E+01   1.556940E+01   1.729933E+01   1.461017E+01  -1.000000E+01   3.353451E+00  -4.180362E+00        14
   9.745523E+03   4.753261E+06   1.556940E+01   1.556940E+01   1.729933E+01   1.461017E+01  -1.000000E+01   3.353451E+00  -4.180362E+00        14
   9.755523E+03   4.763016E+06   1.556940E+01   1.556940E+01   1.729933E+01   1.461017E+01  -1.000000E+01   3.353451E+00  -4.180362E+00        14
   9.765523E+03   4.772781E+06   1.556940E+01   1.556940E+01   1.729933E+01   1.461017E+01  -1.000000E+01   3.353451E+00  -4.180362E+00        14
   9.775523E+03   4.782556E+06   1.556940E+01   1.556940E+01   1.729933E+01   1.461017E+01  -1.000000E+01   3.353451E+00  -4.180362E+00        14
   9.785523E+03   4.792341E+06   1.556940E+01   1.556940E+01   1.729933E+01   1.461017E+01  -1.000000E+01   3.353451E+00  -4.180362E+00        14
   9.795523E+03   4.802136E+06   1.556940E+01   1.556940E+01   1.729933E+01   1.461017E+01  -1.000000E+01   3.353451E+00  -4.180362E+00        14
   9.805523E+03   4.811941E+06   1.556940E+01   1.556940E+01   1.729933E+01   1.461017E+01  -1.000000E+01   3.353451E+00  -4.180362E+00        14
   9.815523E+03   4.821757E+06   1.556940E+01   1.556940E+01   1.729933E+01   1.461017E+01  -1.000000E+01   3.353451E+00  -4.180362E+00        14
   9.825523E+03   4.831582E+06   1.556940E+01   1.556940E+01   1.729933E+01   1.461017E+01  -1.000000E+01   3.353451E+00  -4.180362E+00        14
   9.835523E+03   4.841417E+06   1.556940E+01   1.556940E+01   1.729933E+01   1.461017E+01  -1.000000E+01   3.353451E+00  -4.180362E+00        14
   9.845523E+03   4.851262E+06   1.556940E+01   1.556940E+01   1.729933E+01   1.461017E+01  -1.000000E+01   3.353451E+00  -4.180362E+00        14
   9.855523E+03   4.861117E+06   1.556940E+01   1.556940E+01   1.729933E+01   1.461017E+01  -1.000000E+01   3.353451E+00  -4.180362E+00        14
   9.865523E+03   4.870982E+06   1.556940E+01   1.556940E+01   1.729933E+01   1.461017E+01  -1.000000E+01   3.353451E+00  -4.180362E+00        14
   9.875523E+03   4.880857E+06   1.556940E+01   1.556940E+01   1.729933E+01   1.461017E+01  -1.000000E+01   3.353451E+00  -4.180362E+00        14
   9.885523E+03   4.890743E+06   1.556940E+01   1.556940E+01   1.729933E+01   1.461017E+01  -1.000000E+01   3.353451E+00  -4.180362E+00        14
   9.895523E+03   4.900638E+06   1.556940E+01   1.556940E+01   1.729933E+01   1.461017E+01  -1.000000E+01   3.353451E+00  -4.180362E+00        14
   9.905523E+03   4.910543E+06   1.556940E+01   1.556940E+01   1.729933E+01   1.461017E+01  -1.000000E+01   3.353451E+00  -4.180362E+00        14
   9.915523E+03   4.920458E+06   1.556940E+01   1.556940E+01   1.729933E+01   1.461017E+01  -1.000000E+01   3.353451E+00  -4.180362E+00        14
   9.925523E+03   4.930383E+06   1.556940E+01   1.556940E+01   1.729933E+01   1.461017E+01  -1.000000E+01   3.353451E+00  -4.180362E+00        14
   9.935523E+03   4.940318E+06   1.556940E+01   1.556940E+01   1.729933E+01   1.461017E+01  -1.000000E+01   3.353451E+00  -4.180362E+00        14
   9.945523E+03   4.950263E+06   1.556940E+01   1.556940E+01   1.729933E+01   1.461017E+01  -1.000000E+01   3.353451E+00  -4.180362E+00        14
   9.955523E+03   4.960219E+06   1.556940E+01   1.556940E+01   1.729933E+01   1.461017E+01  -1.000000E+01   3.353451E+00  -4.180362E+00        14
   9.965523E+03   4.970184E+06   1.556940E+01   1.556940E+01   1.729933E+01   1.461017E+01  -1.000000E+01   3.353451E+00  -4.180362E+00        14
   9.975523E+03   4.980159E+06   1.556940E+01   1.556940E+01   1.729933E+01   1.461017E+01  -1.000000E+01   3.353451E+00  -4.180362E+00        14
   9.985523E+03   4.990144E+06   1.556940E+01   1.556940E+01   1.729933E+01   1.461017E+01  -1.000000E+01   3.353451E+00  -4.180362E+00        14
   9.995523E+03   5.000139E+06   1.556940E+01   1.556940E+01   1.729933E+01   1.461017E+01  -1.000000E+01   3.353451E+00  -4.180362E+00        14
   1.000552E+04   5.010144E+06   1.556940E+01   1.556940E+01   1.729933E+01   1.461017E+01  -1.000000E+01   3.353451E+00  -4.180362E+00        14
   1.001552E+04   5.020159E+06   1.556940E+01   1.556940E+01   1.729933E+01   1.461017E+01  -1.000000E+01   3.353451E+00  -4.180362E+00        14
   1.002552E+04   5.030185E+06   1.556940E+01   1.556940E+01   1.729933E+01   1.461017E+01  -1.000000E+01   3.353451E+00  -4.180362E+00        14
   1.003552E+04   5.040220E+06   1.556940E+01   1.556940E+01   1.729933E+01   1.461017E+01  -1.000000E+01   3.353451E+00  -4.180362E+00        14
   1.004552E+04   5.050265E+06   1.556940E+01   1.556940E+01   1.729933E+01   1.461017E+01  -1.000000E+01   3.353451E+00  -4.180362E+00        14
   1.005552E+04   5.060320E+06   1.556940E+01   1.556940E+01   1.729933E+01   1.461017E+01  -1.000000E+01   3.353451E+00  -4.180362E+00        14
   1.006552E+04   5.070385E+06   1.556940E+01   1.556940E+01   1.729933E+01   1.461017E+01  -1.000000E+01   3.353451E+00  -4.180362E+00        14
   1.007552E+04   5.080460E+06   1.556940E+01   1.556940E+01   1.729933E+01   1.461017E+01  -1.000000E+01   3.353451E+00  -4.180362E+00        14
   1.008552E+04   5.090545E+06   1.556940E+01   1.556940E+01   1.729933E+01   1.461017E+01  -1.000000E+01   3.353451E+00  -4.180362E+00        14
   1.009552E+04   5.100641E+06   1.556940E+01   1.556940E+01   1.729933E+01   1.461017E+01  -1.000000E+01   3.353451E+00  -4.180362E+00        14
   1.010552E+04   5.110746E+06   1.556940E+01   1.556940E+01   1.729933E+01   1.461017E+01  -1.000000E+01   3.353451E+00  -4.180362E+00        14
   1.011552E+04   5.120861E+06   1.556940E+01   1.556940E+01   1.729933E+01   1.461017E+01  -1.000000E+01   3.353451E+00  -4.180362E+00        14
   1.012552E+04   5.130986E+06   1.556940E+01   1.556940E+01   1.729933E+01   1.461017E+01  -1.000000E+01   3.353451E+00  -4.180362E+00        14
   1.013552E+04   5.141121E+06   1.556940E+01   1.556940E+01   1.729933E+01   1.461017E+01  -1.000000E+01   3.353451E+00  -4.180362E+00        14
   1.014552E+04   5.151266E+06   1.556940E+01   1.556940E+01   1.729933E+01   1.461017E+01  -1.000000E+01   3.353451E+00  -4.180362E+00        14
   1.015552E+04   5.161421E+06   1.556940E+01   1.556940E+01   1.729933E+01   1.461017E+01  -1.000000E+01   3.353451E+00  -4.180362E+00        14
   1.016552E+04   5.171587E+06   1.556940E+01   1.556940E+01   1.729933E+01   1.461017E+01  -1.000000E+01   3.353451E+00  -4.180362E+00        14
   1.017552E+04   5.181762E+06   1.556940E+01   1.556940E+01   1.729933E+01   1.461017E+01  -1.000000E+01   3.353451E+00  -4.180362E+00        14
   1.018552E+04   5.191947E+06   1.556940E+01   1.556940E+01   1.729933E+01   1.461017E+01  -1.000000E+01   3.353451E+00  -4.180362E+00        14
   1.019552E+04   5.202142E+06   1.556940E+01   1.556940E+01   1.729933E+01   1.461017E+01  -1.000000E+01   3.353451E+00  -4.180362E+00        14
   1.020552E+04   5.212347E+06   1.556940E+01   1.556940E+01   1.729933E+01   1.461017E+01  -1.000000E+01   3.353451E+00  -4.180362E+00        14
   1.021552E+04   5.222562E+06   1.556940E+01   1.556940E+01   1.729933E+01   1.461017E+01  -1.000000E+01   3.353451E+00  -4.180362E+00        14
   1.022552E+04   5.232787E+06   1.556940E+01   1.556940E+01   1.729933E+01   1.461017E+01  -1.000000E+01   3.353451E+00  -4.180362E+00        14
   1.023552E+04   5.243023E+06   1.556940E+01   1.556940E+01   1.729933E+01   1.461017E+01  -1.000000E+01   3.353451E+00  -4.180362E+00        14
   1.024552E+04   5.253268E+06   1.556940E+01   1.556940E+01   1.729933E+01   1.461017E+01  -1.000000E+01   3.353451E+00  -4.180362E+00        14
   1.025552E+04   5.263523E+06   1.556940E+01   1.556940E+01   1.729933E+01   1.461017E+01  -1.000000E+01   3.353451E+00  -4.180362E+00        14
   1.026552E+04   5.273788E+06   1.556940E+01   1.556940E+01   1.729933E+01   1.461017E+01  -1.000000E+01   3.353451E+00  -4.180362E+00        14
   1.027552E+04   5.284063E+06   1.556940E+01   1.556940E+01   1.729933E+01   1.461017E+01  -1.000000E+01   3.353451E+00  -4.180362E+00        14
   1.028552E+04   5.294348E+06   1.556940E+01   1.556940E+01   1.729933E+01   1.461017E+01  -1.000000E+01   3.353451E+00  -4.180362E+00        14
   1.029552E+04   5.304643E+06   1.556940E+01   1.556940E+01   1.729933E+01   1.461017E+01  -1.000000E+01   3.353451E+00  -4.180362E+00        14
   1.030552E+04   5.314949E+06   1.556940E+01   1.556940E+01   1.729933E+01   1.461017E+01  -1.000000E+01   3.353451E+00  -4.180362E+00        14
   1.031552E+04   5.325264E+06   1.556940E+01   1.556940E+01   1.729933E+01   1.461017E+01  -1.000000E+01   3.353451E+00  -4.180362E+00        14
   1.032552E+04   5.335589E+06   1.556940E+01   1.556940E+01   1.729933E+01   1.461017E+01  -1.000000E+01   3.353451E+00  -4.180362E+00        14
   1.033552E+04   5.345924E+06   1.556940E+01   1.556940E+01   1.729933E+01   1.461017E+01  -1.000000E+01   3.353451E+00  -4.180362E+00        14
   1.034552E+04   5.356269E+06   1.556940E+01   1.556940E+01   1.729933E+01   1.461017E+01  -1.000000E+01   3.353451E+00  -4.180362E+00        14
   1.035552E+04   5.366624E+06   1.556940E+01   1.556940E+01   1.729933E+01   1.461017E+01  -1.000000E+01   3.353451E+00  -4.180362E+00        14
   1.036552E+04   5.376990E+06   1.556940E+01   1.556940E+01   1.729933E+01   1.461017E+01  -1.000000E+01   3.353451E+00  -4.180362E+00        14
   1.037552E+04   5.387365E+06   1.556940E+01   1.556940E+01   1.729933E+01   1.461017E+01  -1.000000E+01   3.353451E+00  -4.180362E+00        14
   1.038552E+04   5.397750E+06   1.556940E+01   1.556940E+01   1.729933E+01   1.461017E+01  -1.000000E+01   3.353451E+00  -4.180362E+00        14
   1.039552E+04   5.408145E+06   1.556940E+01   1.556940E+01   1.729933E+01   1.461017E+01  -1.000000E+01   3.353451E+00  -4.180362E+00        14
   1.040552E+04   5.418550E+06   1.556940E+01   1.556940E+01   1.729933E+01   1.461017E+01  -1.000000E+01   3.353451E+00  -4.180362E+00        14
   1.041552E+04   5.428965E+06   1.556940E+01   1.556940E+01   1.729933E+01   1.461017E+01  -1.000000E+01   3.353451E+00  -4.180362E+00        14
   1.042552E+04   5.439390E+06   1.556940E+01   1.556940E+01   1.729933E+01   1.461017E+01  -1.000000E+01   3.353451E+00  -4.180362E+00        14
   1.043552E+04   5.449826E+06   1.556940E+01   1.556940E+01   1.729933E+01   1.461017E+01  -1.000000E+01   3.353451E+00  -4.180362E+00        14
   1.044552E+04   5.460271E+06   1.556940E+01   1.556940E+01   1.729933E+01   1.461017E+01  -1.000000E+01   3.353451E+00  -4.180362E+00        14
   1.045552E+04   5.470726E+06   1.556940E+01   1.556940E+01   1.729933E+01   1.461017E+01  -1.000000E+01   3.353451E+00  -4.180362E+00        14
   1.046552E+04   5.481191E+06   1.556940E+01   1.556940E+01   1.729933E+01   1.461017E+01  -1.000000E+01   3.353451E+00  -4.180362E+00        14
   1.047552E+04   5.491666E+06   1.556940E+01   1.556940E+01   1.729933E+01   1.461017E+01  -1.000000E+01   3.353451E+00  -4.180362E+00        14
   1.048552E+04   5.502151E+06   1.556940E+01   1.556940E+01   1.729933E+01   1.461017E+01  -1.000000E+01   3.353451E+00  -4.180362E+00        14
   1.049552E+04   5.512646E+06   1.556940E+01   1.556940E+01   1.729933E+01   1.461017E+01  -1.000000E+01   3.353451E+00  -4.180362E+00        14
   1.050552E+04   5.523152E+06   1.556940E+01   1.556940E+01   1.729933E+01   1.461017E+01  -1.000000E+01   3.353451E+00  -4.180362E+00        14
   1.051552E+04   5.533667E+06   1.556940E+01   1.556940E+01   1.729933E+01   1.461017E+01  -1.000000E+01   3.353451E+00  -4.180362E+00        14
   1.052552E+04   5.544192E+06   1.556940E+01   1.556940E+01   1.729933E+01   1.461017E+01  -1.000000E+01   3.353451E+00  -4.180362E+00        14
   1.053552E+04   5.554727E+06   1.556940E+01   1.556940E+01   1.729933E+01   1.461017E+01  -1.000000E+01   3.353451E+00  -4.180362E+00        14
   1.054552E+04   5.565272E+06   1.556940E+01   1.556940E+01   1.729933E+01   1.461017E+01  -1.000000E+01   3.353451E+00  -4.180362E+00        14
   1.055552E+04   5.575827E+06   1.556940E+01   1.556940E+01   1.729933E+01   1.461017E+01  -1.000000E+01   3.353451E+00  -4.180362E+00        14
   1.056552E+04   5.586392E+06   1.556940E+01   1.556940E+01   1.729933E+01   1.461017E+01  -1.000000E+01   3.353451E+00  -4.180362E+00        14
   1.057552E+04   5.596968E+06   1.556940E+01   1.556940E+01   1.729933E+01   1.461017E+01  -1.000000E+01   3.353451E+00  -4.180362E+00        14
   1.058552E+04   5.607553E+06   1.556940E+01   1.556940E+01   1.729933E+01   1.461017E+01  -1.000000E+01   3.353451E+00  -4.180362E+00        14
   1.059552E+04   5.618148E+06   1.556940E+01   1.556940E+01   1.729933E+01   1.461017E+01  -1.000000E+01   3.353451E+00  -4.180362E+00        14
   1.060552E+04   5.628753E+06   1.556940E+01   1.556940E+01   1.729933E+01   1.461017E+01  -1.000000E+01   3.353451E+00  -4.180362E+00        14
   1.061552E+04   5.639368E+06   1.556940E+01   1.556940E+01   1.729933E+01   1.461017E+01  -1.000000E+01   3.353451E+00  -4.180362E+00        14
   1.062552E+04   5.649993E+06   1.556940E+01   1.556940E+01   1.729933E+01   1.461017E+01  -1.000000E+01   3.353451E+00  -4.180362E+00        14
   1.063552E+04   5.660628E+06   1.556940E+01   1.556940E+01   1.729933E+01   1.461017E+01  -1.000000E+01   3.353451E+00  -4.180362E+00        14
   1.064552E+04   5.671274E+06   1.556940E+01   1.556940E+01   1.729933E+01   1.461017E+01  -1.000000E+01   3.353451E+00  -4.180362E+00        14
   1.065552E+04   5.681929E+06   1.556940E+01   1.556940E+01   1.729933E+01   1.461017E+01  -1.000000E+01   3.353451E+00  -4.180362E+00        14
   1.066552E+04   5.692594E+06   1.556940E+01   1.556940E+01   1.729933E+01   1.461017E+01  -1.000000E+01   3.353451E+00  -4.180362E+00        14
   1.067552E+04   5.703269E+06   1.556940E+01   1.556940E+01   1.729933E+01   1.461017E+01  -1.000000E+01   3.353451E+00  -4.180362E+00        14
   1.068552E+04   5.713954E+06   1.556940E+01   1.556940E+01   1.729933E+01   1.461017E+01  -1.000000E+01   3.353451E+00  -4.180362E+00        14
   1.069552E+04   5.724649E+06   1.556940E+01   1.556940E+01   1.729933E+01   1.461017E+01  -1.000000E+01   3.353451E+00  -4.180362E+00        14
   1.070552E+04   5.735354E+06   1.556940E+01   1.556940E+01   1.729933E+01   1.461017E+01  -1.000000E+01   3.353451E+00  -4.180362E+00        14
   1.071552E+04   5.746070E+06   1.556940E+01   1.556940E+01   1.729933E+01   1.461017E+01  -1.000000E+01   3.353451E+00  -4.180362E+00        14
   1.072552E+04   5.756795E+06   1.556940E+01   1.556940E+01   1.729933E+01   1.461017E+01  -1.000000E+01   3.353451E+00  -4.180362E+00        14
   1.073552E+04   5.767530E+06   1.556940E+01   1.556940E+01   1.729933E+01   1.461017E+01  -1.000000E+01   3.353451E+00  -4.180362E+00        14
   1.074552E+04   5.778275E+06   1.556940E+01   1.556940E+01   1.729933E+01   1.461017E+01  -1.000000E+01   3.353451E+00  -4.180362E+00        14
   1.075552E+04   5.789030E+06   1.556940E+01   1.556940E+01   1.729933E+01   1.461017E+01  -1.000000E+01   3.353451E+00  -4.180362E+00        14
   1.076552E+04   5.799795E+06   1.556940E+01   1.556940E+01   1.729933E+01   1.461017E+01  -1.000000E+01   3.353451E+00  -4.180362E+00        14
   1.077552E+04   5.810570E+06   1.556940E+01   1.556940E+01   1.729933E+01   1.461017E+01  -1.000000E+01   3.353451E+00  -4.180362E+00        14
   1.078552E+04   5.821356E+06   1.556940E+01   1.556940E+01   1.729933E+01   1.461017E+01  -1.000000E+01   3.353451E+00  -4.180362E+00        14
   1.079552E+04   5.832151E+06   1.556940E+01   1.556940E+01   1.729933E+01   1.461017E+01  -1.000000E+01   3.353451E+00  -4.180362E+00        14
   1.080552E+04   5.842956E+06   1.556940E+01   1.556940E+01   1.729933E+01   1.461017E+01  -1.000000E+01   3.353451E+00  -4.180362E+00        14
   1.081552E+04   5.853771E+06   1.556940E+01   1.556940E+01   1.729933E+01   1.461017E+01  -1.000000E+01   3.353451E+00  -4.180362E+00        14
   1.082552E+04   5.864596E+06   1.556940E+01   1.556940E+01   1.729933E+01   1.461017E+01  -1.000000E+01   3.353451E+00  -4.180362E+00        14
   1.083552E+04   5.875431E+06   1.556940E+01   1.556940E+01   1.729933E+01   1.461017E+01  -1.000000E+01   3.353451E+00  -4.180362E+00        14
   1.084552E+04   5.886276E+06   1.556940E+01   1.556940E+01   1.729933E+01   1.461017E+01  -1.000000E+01   3.353451E+00  -4.180362E+00        14
   1.085552E+04   5.897132E+06   1.556940E+01   1.556940E+01   1.729933E+01   1.461017E+01  -1.000000E+01   3.353451E+00  -4.180362E+00        14
   1.086552E+04   5.907997E+06   1.556940E+01   1.556940E+01   1.729933E+01   1.461017E+01  -1.000000E+01   3.353451E+00  -4.180362E+00        14
   1.087552E+04   5.918872E+06   1.556940E+01   1.556940E+01   1.729933E+01   1.461017E+01  -1.000000E+01   3.353451E+00  -4.180362E+00        14
   1.088552E+04   5.929757E+06   1.556940E+01   1.556940E+01   1.729933E+01   1.461017E+01  -1.000000E+01   3.353451E+00  -4.180362E+00        14
   1.089552E+04   5.940652E+06   1.556940E+01   1.556940E+01   1.729933E+01   1.461017E+01  -1.000000E+01   3.353451E+00  -4.180362E+00        14
   1.090552E+04   5.951557E+06   1.556940E+01   1.556940E+01   1.729933E+01   1.461017E+01  -1.000000E+01   3.353451E+00  -4.180362E+00        14
   1.091552E+04   5.962472E+06   1.556940E+01   1.556940E+01   1.729933E+01   1.461017E+01  -1.000000E+01   3.353451E+00  -4.180362E+00        14
   1.092552E+04   5.973398E+06   1.556940E+01   1.556940E+01   1.729933E+01   1.461017E+01  -1.000000E+01   3.353451E+00  -4.180362E+00        14
   1.093552E+04   5.984333E+06   1.556940E+01   1.556940E+01   1.729933E+01   1.461017E+01  -1.000000E+01   3.353451E+00  -4.180362E+00        14
   1.094552E+04   5.995278E+06   1.556940E+01   1.556940E+01   1.729933E+01   1.461017E+01  -1.000000E+01   3.353451E+00  -4.180362E+00        14
   1.095552E+04   6.006233E+06   1.556940E+01   1.556940E+01   1.729933E+01   1.461017E+01  -1.000000E+01   3.353451E+00  -4.180362E+00        14
   1.096552E+04   6.017198E+06   1.556940E+01   1.556940E+01   1.729933E+01   1.461017E+01  -1.000000E+01   3.353451E+00  -4.180362E+00        14
   1.097552E+04   6.028173E+06   1.556940E+01   1.556940E+01   1.729933E+01   1.461017E+01  -1.000000E+01   3.353451E+00  -4.180362E+00        14
   1.098552E+04   6.039158E+06   1.556940E+01   1.556940E+01   1.729933E+01   1.461017E+01  -1.000000E+01   3.353451E+00  -4.180362E+00        14
   1.099552E+04   6.050154E+06   1.556940E+01   1.556940E+01   1.729933E+01   1.461017E+01  -1.000000E+01   3.353451E+00  -4.180362E+00        14
   1.100552E+04   6.061159E+06   1.556940E+01   1.556940E+01   1.729933E+01   1.461017E+01  -1.000000E+01   3.353451E+00  -4.180362E+00        14
   1.101552E+04   6.072174E+06   1.556940E+01   1.556940E+01   1.729933E+01   1.461017E+01  -1.000000E+01   3.353451E+00  -4.180362E+00        14
   1.102552E+04   6.083199E+06   1.556940E+01   1.556940E+01   1.729933E+01   1.461017E+01  -1.000000E+01   3.353451E+00  -4.180362E+00        14
   1.103552E+04   6.094234E+06   1.556940E+01   1.556940E+01   1.729933E+01   1.461017E+01  -1.000000E+01   3.353451E+00  -4.180362E+00        14
   1.104552E+04   6.105279E+06   1.556940E+01   1.556940E+01   1.729933E+01   1.461017E+01  -1.000000E+01   3.353451E+00  -4.180362E+00        14
   1.105552E+04   6.116334E+06   1.556940E+01   1.556940E+01   1.729933E+01   1.461017E+01  -1.000000E+01   3.353451E+00  -4.180362E+00        14
   1.106552E+04   6.127400E+06   1.556940E+01   1.556940E+01   1.729933E+01   1.461017E+01  -1.000000E+01   3.353451E+00  -4.180362E+00        14
   1.107552E+04   6.138475E+06   1.556940E+01   1.556940E+01   1.729933E+01   1.461017E+01  -1.000000E+01   3.353451E+00  -4.180362E+00        14
   1.108552E+04   6.149560E+06   1.556940E+01   1.556940E+01   1.729933E+01   1.461017E+01  -1.000000E+01   3.353451E+00  -4.180362E+00        14
   1.109552E+04   6.160655E+06   1.556940E+01   1.556940E+01   1.729933E+01   1.461017E+01  -1.000000E+01   3.353451E+00  -4.180362E+00        14
   1.110552E+04   6.171760E+06   1.556940E+01   1.556940E+01   1.729933E+01   1.461017E+01  -1.000000E+01   3.353451E+00  -4.180362E+00        14
   1.111552E+04   6.182875E+06   1.556940E+01   1.556940E+01   1.729933E+01   1.461017E+01  -1.000000E+01   3.353451E+00  -4.180362E+00        14
   1.112552E+04   6.194000E+06   1.556940E+01   1.556940E+01   1.729933E+01   1.461017E+01  -1.000000E+01   3.353451E+00  -4.180362E+00        14
   1.113552E+04   6.205136E+06   1.556940E+01   1.556940E+01   1.729933E+01   1.461017E+01  -1.000000E+01   3.353451E+00  -4.180362E+00        14
   1.114552E+04   6.216281E+06   1.556940E+01   1.556940E+01   1.729933E+01   1.461017E+01  -1.000000E+01   3.353451E+00  -4.180362E+00        14
   1.115552E+04   6.227436E+06   1.556940E+01   1.556940E+01   1.729933E+01   1.461017E+01  -1.000000E+01   3.353451E+00  -4.180362E+00        14
   1.116552E+04   6.238601E+06   1.556940E+01   1.556940E+01   1.729933E+01   1.461017E+01  -1.000000E+01   3.353451E+00  -4.180362E+00        14
   1.117552E+04   6.249776E+06   1.556940E+01   1.556940E+01   1.729933E+01   1.461017E+01  -1.000000E+01   3.353451E+00  -4.180362E+00        14
   1.118552E+04   6.260961E+06   1.556940E+01   1.556940E+01   1.729933E+01   1.461017E+01  -1.000000E+01   3.353451E+00  -4.180362E+00        14
   1.119552E+04   6.272156E+06   1.556940E+01   1.556940E+01   1.729933E+01   1.461017E+01  -1.000000E+01   3.353451E+00  -4.180362E+00        14
   1.120552E+04   6.283362E+06   1.556940E+01   1.556940E+01   1.729933E+01   1.461017E+01  -1.000000E+01   3.353451E+00  -4.180362E+00        14
   1.121552E+04   6.294577E+06   1.556940E+01   1.556940E+01   1.729933E+01   1.461017E+01  -1.000000E+01   3.353451E+00  -4.180362E+00        14
   1.122552E+04   6.305802E+06   1.556940E+01   1.556940E+01   1.729933E+01   1.461017E+01  -1.000000E+01   3.353451E+00  -4.180362E+00        14
   1.123552E+04   6.317037E+06   1.556940E+01   1.556940E+01   1.729933E+01   1.461017E+01  -1.000000E+01   3.353451E+00  -4.180362E+00        14
   1.124552E+04   6.328282E+06   1.556940E+01   1.556940E+01   1.729933E+01   1.461017E+01  -1.000000E+01   3.353451E+00  -4.180362E+00        14
   1.125552E+04   6.339537E+06   1.556940E+01   1.556940E+01   1.729933E+01   1.461017E+01  -1.000000E+01   3.353451E+00  -4.180362E+00        14
   1.126552E+04   6.350802E+06   1.556940E+01   1.556940E+01   1.729933E+01   1.461017E+01  -1.000000E+01   3.353451E+00  -4.180362E+00        14
   1.127552E+04   6.362078E+06   1.556940E+01   1.556940E+01   1.729933E+01   1.461017E+01  -1.000000E+01   3.353451E+00  -4.180362E+00        14
   1.128552E+04   6.373363E+06   1.556940E+01   1.556940E+01   1.729933E+01   1.461017E+01  -1.000000E+01   3.353451E+00  -4.180362E+00        14
   1.129552E+04   6.384658E+06   1.556940E+01   1.556940E+01   1.729933E+01   1.461017E+01  -1.000000E+01   3.353451E+00  -4.180362E+00        14
   1.130552E+04   6.395963E+06   1.556940E+01   1.556940E+01   1.729933E+01   1.461017E+01  -1.000000E+01   3.353451E+00  -4.180362E+00        14
   1.131552E+04   6.407278E+06   1.556940E+01   1.556940E+01   1.729933E+01   1.461017E+01  -1.000000E+01   3.353451E+00  -4.180362E+00        14
   1.132552E+04   6.418603E+06   1.556940E+01   1.556940E+01   1.729933E+01   1.461017E+01  -1.000000E+01   3.353451E+00  -4.180362E+00        14
   1.133552E+04   6.429939E+06   1.556940E+01   1.556940E+01   1.729933E+01   1.461017E+01  -1.000000E+01   3.353451E+00  -4.180362E+00        14
   1.134552E+04   6.441284E+06   1.556940E+01   1.556940E+01   1.729933E+01   1.461017E+01  -1.000000E+01   3.353451E+00  -4.180362E+00        14
   1.135552E+04   6.452639E+06   1.556940E+01   1.556940E+01   1.729933E+01   1.461017E+01  -1.000000E+01   3.353451E+00  -4.180362E+00        14
   1.136552E+04   6.464004E+06   1.556940E+01   1.556940E+01   1.729933E+01   1.461017E+01  -1.000000E+01   3.353451E+00  -4.180362E+00        14
   1.137552E+04   6.475379E+06   1.556940E+01   1.556940E+01   1.729933E+01   1.461017E+01  -1.000000E+01   3.353451E+00  -4.180362E+00        14
   1.138552E+04   6.486764E+06   1.556940E+01   1.556940E+01   1.729933E+01   1.461017E+01  -1.000000E+01   3.353451E+00  -4.180362E+00        14
   1.139552E+04   6.498159E+06   1.556940E+01   1.556940E+01   1.729933E+01   1.461017E+01  -1.000000E+01   3.353451E+00  -4.180362E+00        14
   1.140552E+04   6.509565E+06   1.556940E+01   1.556940E+01   1.729933E+01   1.461017E+01  -1.000000E+01   3.353451E+00  -4.180362E+00        14
   1.141552E+04   6.520980E+06   1.556940E+01   1.556940E+01   1.729933E+01   1.461017E+01  -1.000000E+01   3.353451E+00  -4.180362E+00        14
   1.142552E+04   6.532405E+06   1.556940E+01   1.556940E+01   1.729933E+01   1.461017E+01  -1.000000E+01   3.353451E+00  -4.180362E+00        14
   1.143552E+04   6.543840E+06   1.556940E+01   1.556940E+01   1.729933E+01   1.461017E+01  -1.000000E+01   3.353451E+00  -4.180362E+00        14
   1.144552E+04   6.555285E+06   1.556940E+01   1.556940E+01   1.729933E+01   1.461017E+01  -1.000000E+01   3.353451E+00  -4.180362E+00        14
   1.145552E+04   6.566740E+06   1.556940E+01   1.556940E+01   1.729933E+01   1.461017E+01  -1.000000E+01   3.353451E+00  -4.180362E+00        14
   1.146552E+04   6.578205E+06   1.556940E+01   1.556940E+01   1.729933E+01   1.461017E+01  -1.000000E+01   3.353451E+00  -4.180362E+00        14
   1.147552E+04   6.589681E+06   1.556940E+01   1.556940E+01   1.729933E+01   1.461017E+01  -1.000000E+01   3.353451E+00  -4.180362E+00        14
   1.148552E+04   6.601166E+06   1.556940E+01   1.556940E+01   1.729933E+01   1.461017E+01  -1.000000E+01   3.353451E+00  -4.180362E+00        14
   1.149552E+04   6.612661E+06   1.556940E+01   1.556940E+01   1.729933E+01   1.461017E+01  -1.000000E+01   3.353451E+00  -4.180362E+00        14
   1.150552E+04   6.624166E+06   1.556940E+01   1.556940E+01   1.729933E+01   1.461017E+01  -1.000000E+01   3.353451E+00  -4.180362E+00        14
   1.151552E+04   6.635681E+06   1.556940E+01   1.556940E+01   1.729933E+01   1.461017E+01  -1.000000E+01   3.353451E+00  -4.180362E+00        14
   1.152552E+04   6.647206E+06   1.556940E+01   1.556940E+01   1.729933E+01   1.461017E+01  -1.000000E+01   3.353451E+00  -4.180362E+00        14
   1.153552E+04   6.658741E+06   1.556940E+01   1.556940E+01   1.729933E+01   1.461017E+01  -1.000000E+01   3.353451E+00  -4.180362E+00        14
   1.154552E+04   6.670287E+06   1.556940E+01   1.556940E+01   1.729933E+01   1.461017E+01  -1.000000E+01   3.353451E+00  -4.180362E+00        14
   1.155552E+04   6.681842E+06   1.556940E+01   1.556940E+01   1.729933E+01   1.461017E+01  -1.000000E+01   3.353451E+00  -4.180362E+00        14
   1.156552E+04   6.693407E+06   1.556940E+01   1.556940E+01   1.729933E+01   1.461017E+01  -1.000000E+01   3.353451E+00  -4.180362E+00        14
   1.157552E+04   6.704982E+06   1.556940E+01   1.556940E+01   1.729933E+01   1.461017E+01  -1.000000E+01   3.353451E+00  -4.180362E+00        14
   1.158552E+04   6.716567E+06   1.556940E+01   1.556940E+01   1.729933E+01   1.461017E+01  -1.000000E+01   3.353451E+00  -4.180362E+00        14
   1.159552E+04   6.728162E+06   1.556940E+01   1.556940E+01   1.729933E+01   1.461017E+01  -1.000000E+01   3.353451E+00  -4.180362E+00        14
   1.160552E+04   6.739767E+06   1.556940E+01   1.556940E+01   1.729933E+01   1.461017E+01  -1.000000E+01   3.353451E+00  -4.180362E+00        14
   1.161552E+04   6.751383E+06   1.556940E+01   1.556940E+01   1.729933E+01   1.461017E+01  -1.000000E+01   3.353451E+00  -4.180362E+00        14
   1.162552E+04   6.763008E+06   1.556940E+01   1.556940E+01   1.729933E+01   1.461017E+01  -1.000000E+01   3.353451E+00  -4.180362E+00        14
   1.163552E+04   6.774643E+06   1.556940E+01   1.556940E+01   1.729933E+01   1.461017E+01  -1.000000E+01   3.353451E+00  -4.180362E+00        14
   1.164552E+04   6.786288E+06   1.556940E+01   1.556940E+01   1.729933E+01   1.461017E+01  -1.000000E+01   3.353451E+00  -4.180362E+00        14
   1.165552E+04   6.797943E+06   1.556940E+01   1.556940E+01   1.729933E+01   1.461017E+01  -1.000000E+01   3.353451E+00  -4.180362E+00        14
   1.166552E+04   6.809608E+06   1.556940E+01   1.556940E+01   1.729933E+01   1.461017E+01  -1.000000E+01   3.353451E+00  -4.180362E+00        14
   1.167552E+04   6.821283E+06   1.556940E+01   1.556940E+01   1.729933E+01   1.461017E+01  -1.000000E+01   3.353451E+00  -4.180362E+00        14
   1.168552E+04   6.832969E+06   1.556940E+01   1.556940E+01   1.729933E+01   1.461017E+01  -1.000000E+01   3.353451E+00  -4.180362E+00        14
   1.169552E+04   6.844664E+06   1.556940E+01   1.556940E+01   1.729933E+01   1.461017E+01  -1.000000E+01   3.353451E+00  -4.180362E+00        14
   1.170552E+04   6.856369E+06   1.556940E+01   1.556940E+01   1.729933E+01   1.461017E+01  -1.000000E+01   3.353451E+00  -4.180362E+00        14
   1.171552E+04   6.868084E+06   1.556940E+01   1.556940E+01   1.729933E+01   1.461017E+01  -1.000000E+01   3.353451E+00  -4.180362E+00        14
   1.172552E+04   6.879809E+06   1.556940E+01   1.556940E+01   1.729933E+01   1.461017E+01  -1.000000E+01   3.353451E+00  -4.180362E+00        14
   1.173552E+04   6.891544E+06   1.556940E+01   1.556940E+01   1.729933E+01   1.461017E+01  -1.000000E+01   3.353451E+00  -4.180362E+00        14
   1.174552E+04   6.903289E+06   1.556940E+01   1.556940E+01   1.729933E+01   1.461017E+01  -1.000000E+01   3.353451E+00  -4.180362E+00        14
   1.175552E+04   6.915045E+06   1.556940E+01   1.556940E+01   1.729933E+01   1.461017E+01  -1.000000E+01   3.353451E+00  -4.180362E+00        14
   1.176552E+04   6.926810E+06   1.556940E+01   1.556940E+01   1.729933E+01   1.461017E+01  -1.000000E+01   3.353451E+00  -4.180362E+00        14
   1.177552E+04   6.938585E+06   1.556940E+01   1.556940E+01   1.729933E+01   1.461017E+01  -1.000000E+01   3.353451E+00  -4.180362E+00        14
   1.178552E+04   6.950370E+06   1.556940E+01   1.556940E+01   1.729933E+01   1.461017E+01  -1.000000E+01   3.353451E+00  -4.180362E+00        14
   1.179552E+04   6.962165E+06   1.556940E+01   1.556940E+01   1.729933E+01   1.461017E+01  -1.000000E+01   3.353451E+00  -4.180362E+00        14
   1.180552E+04   6.973970E+06   1.556940E+01   1.556940E+01   1.729933E+01   1.461017E+01  -1.000000E+01   3.353451E+00  -4.180362E+00        14
   1.181552E+04   6.985785E+06   1.556940E+01   1.556940E+01   1.729933E+01   1.461017E+01  -1.000000E+01   3.353451E+00  -4.180362E+00        14
   1.182552E+04   6.997611E+06   1.556940E+01   1.556940E+01   1.729933E+01   1.461017E+01  -1.000000E+01   3.353451E+00  -4.180362E+00        14
   1.183552E+04   7.009446E+06   1.556940E+01   1.556940E+01   1.729933E+01   1.461017E+01  -1.000000E+01   3.353451E+00  -4.180362E+00        14
   1.184552E+04   7.021291E+06   1.556940E+01   1.556940E+01   1.729933E+01   1.461017E+01  -1.000000E+01   3.353451E+00  -4.180362E+00        14
   1.185552E+04   7.033146E+06   1.556940E+01   1.556940E+01   1.729933E+01   1.461017E+01  -1.000000E+01   3.353451E+00  -4.180362E+00        14
   1.186552E+04   7.045011E+06   1.556940E+01   1.556940E+01   1.729933E+01   1.461017E+01  -1.000000E+01   3.353451E+00  -4.180362E+00        14
   1.187552E+04   7.056886E+06   1.556940E+01   1.556940E+01   1.729933E+01   1.461017E+01  -1.000000E+01   3.353451E+00  -4.180362E+00        14
   1.188552E+04   7.068771E+06   1.556940E+01   1.556940E+01   1.729933E+01   1.461017E+01  -1.000000E+01   3.353451E+00  -4.180362E+00        14
   1.189552E+04   7.080667E+06   1.556940E+01   1.556940E+01   1.729933E+01   1.461017E+01  -1.000000E+01   3.353451E+00  -4.180362E+00        14
   1.190552E+04   7.092572E+06   1.556940E+01   1.556940E+01   1.729933E+01   1.461017E+01  -1.000000E+01   3.353451E+00  -4.180362E+00        14
   1.191552E+04   7.104487E+06   1.556940E+01   1.556940E+01   1.729933E+01   1.461017E+01  -1.000000E+01   3.353451E+00  -4.180362E+00        14
   1.192552E+04   7.116412E+06   1.556940E+01   1.556940E+01   1.729933E+01   1.461017E+01  -1.000000E+01   3.353451E+00  -4.180362E+00        14
   1.193552E+04   7.128347E+06   1.556940E+01   1.556940E+01   1.729933E+01   1.461017E+01  -1.000000E+01   3.353451E+00  -4.180362E+00        14
   1.194552E+04   7.140292E+06   1.556940E+01   1.556940E+01   1.729933E+01   1.461017E+01  -1.000000E+01   3.353451E+00  -4.180362E+00        14
   1.195552E+04   7.152247E+06   1.556940E+01   1.556940E+01   1.729933E+01   1.461017E+01  -1.000000E+01   3.353451E+00  -4.180362E+00        14
   1.196552E+04   7.164213E+06   1.556940E+01   1.556940E+01   1.729933E+01   1.461017E+01  -1.000000E+01   3.353451E+00  -4.180362E+00        14
   1.197552E+04   7.176188E+06   1.556940E+01   1.556940E+01   1.729933E+01   1.461017E+01  -1.000000E+01   3.353451E+00  -4.180362E+00        14
   1.198552E+04   7.188173E+06   1.556940E+01   1.556940E+01   1.729933E+01   1.461017E+01  -1.000000E+01   3.353451E+00  -4.180362E+00        14
   1.199552E+04   7.200168E+06   1.556940E+01   1.556940E+01   1.729933E+01   1.461017E+01  -1.000000E+01   3.353451E+00  -4.180362E+00        14
   1.200552E+04   7.212173E+06   1.556940E+01   1.556940E+01   1.729933E+01   1.461017E+01  -1.000000E+01   3.353451E+00  -4.180362E+00        14
   1.201552E+04   7.224188E+06   1.556940E+01   1.556940E+01   1.729933E+01   1.461017E+01  -1.000000E+01   3.353451E+00  -4.180362E+00        14
   1.202552E+04   7.236213E+06   1.556940E+01   1.556940E+01   1.729933E+01   1.461017E+01  -1.000000E+01   3.353451E+00  -4.180362E+00        14
   1.203552E+04   7.248249E+06   1.556940E+01   1.556940E+01   1.729933E+01   1.461017E+01  -1.000000E+01   3.353451E+00  -4.180362E+00        14
   1.204552E+04   7.260294E+06   1.556940E+01   1.556940E+01   1.729933E+01   1.461017E+01  -1.000000E+01   3.353451E+00  -4.180362E+00        14
   1.205552E+04   7.272349E+06   1.556940E+01   1.556940E+01   1.729933E+01   1.461017E+01  -1.000000E+01   3.353451E+00  -4.180362E+00        14
   1.206552E+04   7.284414E+06   1.556940E+01   1.556940E+01   1.729933E+01   1.461017E+01  -1.000000E+01   3.353451E+00  -4.180362E+00        14
   1.207552E+04   7.296489E+06   1.556940E+01   1.556940E+01   1.729933E+01   1.461017E+01  -1.000000E+01   3.353451E+00  -4.180362E+00        14
   1.208552E+04   7.308574E+06   1.556940E+01   1.556940E+01   1.729933E+01   1.461017E+01  -1.000000E+01   3.353451E+00  -4.180362E+00        14
   1.209552E+04   7.320669E+06   1.556940E+01   1.556940E+01   1.729933E+01   1.461017E+01  -1.000000E+01   3.353451E+00  -4.180362E+00        14
   1.210552E+04   7.332775E+06   1.556940E+01   1.556940E+01   1.729933E+01   1.461017E+01  -1.000000E+01   3.353451E+00  -4.180362E+00        14
   1.211552E+04   7.344890E+06   1.556940E+01   1.556940E+01   1.729933E+01   1.461017E+01  -1.000000E+01   3.353451E+00  -4.180362E+00        14
   1.212552E+04   7.357015E+06   1.556940E+01   1.556940E+01   1.729933E+01   1.461017E+01  -1.000000E+01   3.353451E+00  -4.180362E+00        14
   1.213552E+04   7.369150E+06   1.556940E+01   1.556940E+01   1.729933E+01   1.461017E+01  -1.000000E+01   3.353451E+00  -4.180362E+00        14
   1.214552E+04   7.381295E+06   1.556940E+01   1.556940E+01   1.729933E+01   1.461017E+01  -1.000000E+01   3.353451E+00  -4.180362E+00        14
   1.215552E+04   7.393450E+06   1.556940E+01   1.556940E+01   1.729933E+01   1.461017E+01  -1.000000E+01   3.353451E+00  -4.180362E+00        14
   1.216552E+04   7.405615E+06   1.556940E+01   1.556940E+01   1.729933E+01   1.461017E+01  -1.000000E+01   3.353451E+00  -4.180362E+00        14
   1.217552E+04   7.417791E+06   1.556940E+01   1.556940E+01   1.729933E+01   1.461017E+01  -1.000000E+01   3.353451E+00  -4.180362E+00        14
   1.218552E+04   7.429976E+06   1.556940E+01   1.556940E+01   1.729933E+01   1.461017E+01  -1.000000E+01   3.353451E+00  -4.180362E+00        14
   1.219552E+04   7.442171E+06   1.556940E+01   1.556940E+01   1.729933E+01   1.461017E+01  -1.000000E+01   3.353451E+00  -4.180362E+00        14
   1.220552E+04   7.454376E+06   1.556940E+01   1.556940E+01   1.729933E+01   1.461017E+01  -1.000000E+01   3.353451E+00  -4.180362E+00        14
   1.221552E+04   7.466591E+06   1.556940E+01   1.556940E+01   1.729933E+01   1.461017E+01  -1.000000E+01   3.353451E+00  -4.180362E+00        14
   1.222552E+04   7.478816E+06   1.556940E+01   1.556940E+01   1.729933E+01   1.461017E+01  -1.000000E+01   3.353451E+00  -4.180362E+00        14
   1.223552E+04   7.491051E+06   1.556940E+01   1.556940E+01   1.729933E+01   1.461017E+01  -1.000000E+01   3.353451E+00  -4.180362E+00        14
   1.224552E+04   7.503297E+06   1.556940E+01   1.556940E+01   1.729933E+01   1.461017E+01  -1.000000E+01   3.353451E+00  -4.180362E+00        14
   1.225552E+04   7.515552E+06   1.556940E+01   1.556940E+01   1.729933E+01   1.461017E+01  -1.000000E+01   3.353451E+00  -4.180362E+00        14
   1.226552E+04   7.527817E+06   1.556940E+01   1.556940E+01   1.729933E+01   1.461017E+01  -1.000000E+01   3.353451E+00  -4.180362E+00        14
   1.227552E+04   7.540092E+06   1.556940E+01   1.556940E+01   1.729933E+01   1.461017E+01  -1.000000E+01   3.353451E+00  -4.180362E+00        14
   1.228552E+04   7.552377E+06   1.556940E+01   1.556940E+01   1.729933E+01   1.461017E+01  -1.000000E+01   3.353451E+00  -4.180362E+00        14
   1.229552E+04   7.564672E+06   1.556940E+01   1.556940E+01   1.729933E+01   1.461017E+01  -1.000000E+01   3.353451E+00  -4.180362E+00        14
   1.230552E+04   7.576978E+06   1.556940E+01   1.556940E+01   1.729933E+01   1.461017E+01  -1.000000E+01   3.353451E+00  -4.180362E+00        14
   1.231552E+04   7.589293E+06   1.556940E+01   1.556940E+01   1.729933E+01   1.461017E+01  -1.000000E+01   3.353451E+00  -4.180362E+00        14
   1.232552E+04   7.601618E+06   1.556940E+01   1.556940E+01   1.729933E+01   1.461017E+01  -1.000000E+01   3.353451E+00  -4.180362E+00        14
   1.233552E+04   7.613953E+06   1.556940E+01   1.556940E+01   1.729933E+01   1.461017E+01  -1.000000E+01   3.353451E+00  -4.180362E+00        14
   1.234552E+04   7.626298E+06   1.556940E+01   1.556940E+01   1.729933E+01   1.461017E+01  -1.000000E+01   3.353451E+00  -4.180362E+00        14
   1.235552E+04   7.638653E+06   1.556940E+01   1.556940E+01   1.729933E+01   1.461017E+01  -1.000000E+01   3.353451E+00  -4.180362E+00        14
   1.236552E+04   7.651018E+06   1.556940E+01   1.556940E+01   1.729933E+01   1.461017E+01  -1.000000E+01   3.353451E+00  -4.180362E+00        14
   1.237552E+04   7.663394E+06   1.556940E+01   1.556940E+01   1.729933E+01   1.461017E+01  -1.000000E+01   3.353451E+00  -4.180362E+00        14
   1.238552E+04   7.675779E+06   1.556940E+01   1.556940E+01   1.729933E+01   1.461017E+01  -1.000000E+01   3.353451E+00  -4.180362E+00        14
   1.239552E+04   7.688174E+06   1.556940E+01   1.556940E+01   1.729933E+01   1.461017E+01  -1.000000E+01   3.353451E+00  -4.180362E+00        14
   1.240552E+04   7.700579E+06   1.556940E+01   1.556940E+01   1.729933E+01   1.461017E+01  -1.000000E+01   3.353451E+00  -4.180362E+00        14
   1.241552E+04   7.712994E+06   1.556940E+01   1.556940E+01   1.729933E+01   1.461017E+01  -1.000000E+01   3.353451E+00  -4.180362E+00        14
   1.242552E+04   7.725419E+06   1.556940E+01   1.556940E+01   1.729933E+01   1.461017E+01  -1.000000E+01   3.353451E+00  -4.180362E+00        14
   1.243552E+04   7.737854E+06   1.556940E+01   1.556940E+01   1.729933E+01   1.461017E+01  -1.000000E+01   3.353451E+00  -4.180362E+00        14
   1.244552E+04   7.750300E+06   1.556940E+01   1.556940E+01   1.729933E+01   1.461017E+01  -1.000000E+01   3.353451E+00  -4.180362E+00        14
   1.245552E+04   7.762755E+06   1.556940E+01   1.556940E+01   1.729933E+01   1.461017E+01  -1.000000E+01   3.353451E+00  -4.180362E+00        14
   1.246552E+04   7.775220E+06   1.556940E+01   1.556940E+01   1.729933E+01   1.461017E+01  -1.000000E+01   3.353451E+00  -4.180362E+00        14
   1.247552E+04   7.787695E+06   1.556940E+01   1.556940E+01   1.729933E+01   1.461017E+01  -1.000000E+01   3.353451E+00  -4.180362E+00        14
   1.248552E+04   7.800180E+06   1.556940E+01   1.556940E+01   1.729933E+01   1.461017E+01  -1.000000E+01   3.353451E+00  -4.180362E+00        14
   1.249552E+04   7.812675E+06   1.556940E+01   1.556940E+01   1.729933E+01   1.461017E+01  -1.000000E+01   3.353451E+00  -4.180362E+00        14
   1.250552E+04   7.825180E+06   1.556940E+01   1.556940E+01   1.729933E+01   1.461017E+01  -1.000000E+01   3.353451E+00  -4.180362E+00        14
   1.251552E+04   7.837696E+06   1.556940E+01   1.556940E+01   1.729933E+01   1.461017E+01  -1.000000E+01   3.353451E+00  -4.180362E+00        14
   1.252552E+04   7.850221E+06   1.556940E+01   1.556940E+01   1.729933E+01   1.461017E+01  -1.000000E+01   3.353451E+00  -4.180362E+00        14
   1.253552E+04   7.862756E+06   1.556940E+01   1.556940E+01   1.729933E+01   1.461017E+01  -1.000000E+01   3.353451E+00  -4.180362E+00        14
   1.254552E+04   7.875301E+06   1.556940E+01   1.556940E+01   1.729933E+01   1.461017E+01  -1.000000E+01   3.353451E+00  -4.180362E+00        14
   1.255552E+04   7.887856E+06   1.556940E+01   1.556940E+01   1.729933E+01   1.461017E+01  -1.000000E+01   3.353451E+00  -4.180362E+00        14
   1.256552E+04   7.900421E+06   1.556940E+01   1.556940E+01   1.729933E+01   1.461017E+01  -1.000000E+01   3.353451E+00  -4.180362E+00        14
   1.257552E+04   7.912996E+06   1.556940E+01   1.556940E+01   1.729933E+01   1.461017E+01  -1.000000E+01   3.353451E+00  -4.180362E+00        14
   1.258552E+04   7.925582E+06   1.556940E+01   1.556940E+01   1.729933E+01   1.461017E+01  -1.000000E+01   3.353451E+00  -4.180362E+00        14
   1.259552E+04   7.938177E+06   1.556940E+01   1.556940E+01   1.729933E+01   1.461017E+01  -1.000000E+01   3.353451E+00  -4.180362E+00        14
   1.260552E+04   7.950782E+06   1.556940E+01   1.556940E+01   1.729933E+01   1.461017E+01  -1.000000E+01   3.353451E+00  -4.180362E+00        14
   1.261552E+04   7.963397E+06   1.556940E+01   1.556940E+01   1.729933E+01   1.461017E+01  -1.000000E+01   3.353451E+00  -4.180362E+00        14
   1.262552E+04   7.976022E+06   1.556940E+01   1.556940E+01   1.729933E+01   1.461017E+01  -1.000000E+01   3.353451E+00  -4.180362E+00        14
   1.263552E+04   7.988657E+06   1.556940E+01   1.556940E+01   1.729933E+01   1.461017E+01  -1.000000E+01   3.353451E+00  -4.180362E+00        14
   1.264552E+04   8.001302E+06   1.556940E+01   1.556940E+01   1.729933E+01   1.461017E+01  -1.000000E+01   3.353451E+00  -4.180362E+00        14
   1.265552E+04   8.013958E+06   1.556940E+01   1.556940E+01   1.729933E+01   1.461017E+01  -1.000000E+01   3.353451E+00  -4.180362E+00        14
   1.266552E+04   8.026623E+06   1.556940E+01   1.556940E+01   1.729933E+01   1.461017E+01  -1.000000E+01   3.353451E+00  -4.180362E+00        14
   1.267552E+04   8.039298E+06   1.556940E+01   1.556940E+01   1.729933E+01   1.461017E+01  -1.000000E+01   3.353451E+00  -4.180362E+00        14
   1.268552E+04   8.051983E+06   1.556940E+01   1.556940E+01   1.729933E+01   1.461017E+01  -1.000000E+01   3.353451E+00  -4.180362E+00        14
   1.269552E+04   8.064678E+06   1.556940E+01   1.556940E+01   1.729933E+01   1.461017E+01  -1.000000E+01   3.353451E+00  -4.180362E+00        14
   1.270552E+04   8.077383E+06   1.556940E+01   1.556940E+01   1.729933E+01   1.461017E+01  -1.000000E+01   3.353451E+00  -4.180362E+00        14
   1.271552E+04   8.090098E+06   1.556940E+01   1.556940E+01   1.729933E+01   1.461017E+01  -1.000000E+01   3.353451E+00  -4.180362E+00        14
   1.272552E+04   8.102824E+06   1.556940E+01   1.556940E+01   1.729933E+01   1.461017E+01  -1.000000E+01   3.353451E+00  -4.180362E+00        14
   1.273552E+04   8.115559E+06   1.556940E+01   1.556940E+01   1.729933E+01   1.461017E+01  -1.000000E+01   3.353451E+00  -4.180362E+00        14
   1.274552E+04   8.128304E+06   1.556940E+01   1.556940E+01   1.729933E+01   1.461017E+01  -1.000000E+01   3.353451E+00  -4.180362E+00        14
   1.275552E+04   8.141059E+06   1.556940E+01   1.556940E+01   1.729933E+01   1.461017E+01  -1.000000E+01   3.353451E+00  -4.180362E+00        14
   1.276552E+04   8.153824E+06   1.556940E+01   1.556940E+01   1.729933E+01   1.461017E+01  -1.000000E+01   3.353451E+00  -4.180362E+00        14
   1.277552E+04   8.166599E+06   1.556940E+01   1.556940E+01   1.729933E+01   1.461017E+01  -1.000000E+01   3.353451E+00  -4.180362E+00        14
   1.278552E+04   8.179384E+06   1.556940E+01   1.556940E+01   1.729933E+01   1.461017E+01  -1.000000E+01   3.353451E+00  -4.180362E+00        14
   1.279552E+04   8.192180E+06   1.556940E+01   1.556940E+01   1.729933E+01   1.461017E+01  -1.000000E+01   3.353451E+00  -4.180362E+00        14
   1.280552E+04   8.204985E+06   1.556940E+01   1.556940E+01   1.729933E+01   1.461017E+01  -1.000000E+01   3.353451E+00  -4.180362E+00        14
   1.281552E+04   8.217800E+06   1.556940E+01   1.556940E+01   1.729933E+01   1.461017E+01  -1.000000E+01   3.353451E+00  -4.180362E+00        14
   1.282552E+04   8.230625E+06   1.556940E+01   1.556940E+01   1.729933E+01   1.461017E+01  -1.000000E+01   3.353451E+00  -4.180362E+00        14
   1.283552E+04   8.243460E+06   1.556940E+01   1.556940E+01   1.729933E+01   1.461017E+01  -1.000000E+01   3.353451E+00  -4.180362E+00        14
   1.284552E+04   8.256305E+06   1.556940E+01   1.556940E+01   1.729933E+01   1.461017E+01  -1.000000E+01   3.353451E+00  -4.180362E+00        14
   1.285552E+04   8.269160E+06   1.556940E+01   1.556940E+01   1.729933E+01   1.461017E+01  -1.000000E+01   3.353451E+00  -4.180362E+00        14
   1.286552E+04   8.282026E+06   1.556940E+01   1.556940E+01   1.729933E+01   1.461017E+01  -1.000000E+01   3.353451E+00  -4.180362E+00        14
   1.287552E+04   8.294901E+06   1.556940E+01   1.556940E+01   1.729933E+01   1.461017E+01  -1.000000E+01   3.353451E+00  -4.180362E+00        14
   1.288552E+04   8.307786E+06   1.556940E+01   1.556940E+01   1.729933E+01   1.461017E+01  -1.000000E+01   3.353451E+00  -4.180362E+00        14
   1.289552E+04   8.320681E+06   1.556940E+01   1.556940E+01   1.729933E+01   1.461017E+01  -1.000000E+01   3.353451E+00  -4.180362E+00        14
   1.290552E+04   8.333586E+06   1.556940E+01   1.556940E+01   1.729933E+01   1.461017E+01  -1.000000E+01   3.353451E+00  -4.180362E+00        14
   1.291552E+04   8.346501E+06   1.556940E+01   1.556940E+01   1.729933E+01   1.461017E+01  -1.000000E+01   3.353451E+00  -4.180362E+00        14
   1.292552E+04   8.359426E+06   1.556940E+01   1.556940E+01   1.729933E+01   1.461017E+01  -1.000000E+01   3.353451E+00  -4.180362E+00        14
   1.293552E+04   8.372362E+06   1.556940E+01   1.556940E+01   1.729933E+01   1.461017E+01  -1.000000E+01   3.353451E+00  -4.180362E+00        14
   1.294552E+04   8.385307E+06   1.556940E+01   1.556940E+01   1.729933E+01   1.461017E+01  -1.000000E+01   3.353451E+00  -4.180362E+00        14
   1.295552E+04   8.398262E+06   1.556940E+01   1.556940E+01   1.729933E+01   1.461017E+01  -1.000000E+01   3.353451E+00  -4.180362E+00        14
   1.296552E+04   8.411227E+06   1.556940E+01   1.556940E+01   1.729933E+01   1.461017E+01  -1.000000E+01   3.353451E+00  -4.180362E+00        14
   1.297552E+04   8.424202E+06   1.556940E+01   1.556940E+01   1.729933E+01   1.461017E+01  -1.000000E+01   3.353451E+00  -4.180362E+00        14
   1.298552E+04   8.437187E+06   1.556940E+01   1.556940E+01   1.729933E+01   1.461017E+01  -1.000000E+01   3.353451E+00  -4.180362E+00        14
   1.299552E+04   8.450182E+06   1.556940E+01   1.556940E+01   1.729933E+01   1.461017E+01  -1.000000E+01   3.353451E+00  -4.180362E+00        14
   1.300552E+04   8.463188E+06   1.556940E+01   1.556940E+01   1.729933E+01   1.461017E+01  -1.000000E+01   3.353451E+00  -4.180362E+00        14
   1.301552E+04   8.476203E+06   1.556940E+01   1.556940E+01   1.729933E+01   1.461017E+01  -1.000000E+01   3.353451E+00  -4.180362E+00        14
   1.302552E+04   8.489228E+06   1.556940E+01   1.556940E+01   1.729933E+01   1.461017E+01  -1.000000E+01   3.353451E+00  -4.180362E+00        14
   1.303552E+04   8.502263E+06   1.556940E+01   1.556940E+01   1.729933E+01   1.461017E+01  -1.000000E+01   3.353451E+00  -4.180362E+00        14
   1.304552E+04   8.515308E+06   1.556940E+01   1.556940E+01   1.729933E+01   1.461017E+01  -1.000000E+01   3.353451E+00  -4.180362E+00        14
   1.305552E+04   8.528363E+06   1.556940E+01   1.556940E+01   1.729933E+01   1.461017E+01  -1.000000E+01   3.353451E+00  -4.180362E+00        14
   1.306552E+04   8.541428E+06   1.556940E+01   1.556940E+01   1.729933E+01   1.461017E+01  -1.000000E+01   3.353451E+00  -4.180362E+00        14
   1.307552E+04   8.554504E+06   1.556940E+01   1.556940E+01   1.729933E+01   1.461017E+01  -1.000000E+01   3.353451E+00  -4.180362E+00        14
   1.308552E+04   8.567589E+06   1.556940E+01   1.556940E+01   1.729933E+01   1.461017E+01  -1.000000E+01   3.353451E+00  -4.180362E+00        14
   1.309552E+04   8.580684E+06   1.556940E+01   1.556940E+01   1.729933E+01   1.461017E+01  -1.000000E+01   3.353451E+00  -4.180362E+00        14
   1.310552E+04   8.593789E+06   1.556940E+01   1.556940E+01   1.729933E+01   1.461017E+01  -1.000000E+01   3.353451E+00  -4.180362E+00        14
   1.311552E+04   8.606904E+06   1.556940E+01   1.556940E+01   1.729933E+01   1.461017E+01  -1.000000E+01   3.353451E+00  -4.180362E+00        14
   1.312552E+04   8.620029E+06   1.556940E+01   1.556940E+01   1.729933E+01   1.461017E+01  -1.000000E+01   3.353451E+00  -4.180362E+00        14
   1.313552E+04   8.633164E+06   1.556940E+01   1.556940E+01   1.729933E+01   1.461017E+01  -1.000000E+01   3.353451E+00  -4.180362E+00        14
   1.314552E+04   8.646310E+06   1.556940E+01   1.556940E+01   1.729933E+01   1.461017E+01  -1.000000E+01   3.353451E+00  -4.180362E+00        14
   1.315552E+04   8.659465E+06   1.556940E+01   1.556940E+01   1.729933E+01   1.461017E+01  -1.000000E+01   3.353451E+00  -4.180362E+00        14
   1.316552E+04   8.672630E+06   1.556940E+01   1.556940E+01   1.729933E+01   1.461017E+01  -1.000000E+01   3.353451E+00  -4.180362E+00        14
   1.317552E+04   8.685805E+06   1.556940E+01   1.556940E+01   1.729933E+01   1.461017E+01  -1.000000E+01   3.353451E+00  -4.180362E+00        14
   1.318552E+04   8.698990E+06   1.556940E+01   1.556940E+01   1.729933E+01   1.461017E+01  -1.000000E+01   3.353451E+00  -4.180362E+00        14
   1.319552E+04   8.712185E+06   1.556940E+01   1.556940E+01   1.729933E+01   1.461017E+01  -1.000000E+01   3.353451E+00  -4.180362E+00        14
   1.320552E+04   8.725390E+06   1.556940E+01   1.556940E+01   1.729933E+01   1.461017E+01  -1.000000E+01   3.353451E+00  -4.180362E+00        14
   1.321552E+04   8.738606E+06   1.556940E+01   1.556940E+01   1.729933E+01   1.461017E+01  -1.000000E+01   3.353451E+00  -4.180362E+00        14
   1.322552E+04   8.751831E+06   1.556940E+01   1.556940E+01   1.729933E+01   1.461017E+01  -1.000000E+01   3.353451E+00  -4.180362E+00        14
   1.323552E+04   8.765066E+06   1.556940E+01   1.556940E+01   1.729933E+01   1.461017E+01  -1.000000E+01   3.353451E+00  -4.180362E+00        14
   1.324552E+04   8.778311E+06   1.556940E+01   1.556940E+01   1.729933E+01   1.461017E+01  -1.000000E+01   3.353451E+00  -4.180362E+00        14
   1.325552E+04   8.791566E+06   1.556940E+01   1.556940E+01   1.729933E+01   1.461017E+01  -1.000000E+01   3.353451E+00  -4.180362E+00        14
   1.326552E+04   8.804831E+06   1.556940E+01   1.556940E+01   1.729933E+01   1.461017E+01  -1.000000E+01   3.353451E+00  -4.180362E+00        14
   1.327552E+04   8.818107E+06   1.556940E+01   1.556940E+01   1.729933E+01   1.461017E+01  -1.000000E+01   3.353451E+00  -4.180362E+00        14
   1.328552E+04   8.831392E+06   1.556940E+01   1.556940E+01   1.729933E+01   1.461017E+01  -1.000000E+01   3.353451E+00  -4.180362E+00        14
   1.329552E+04   8.844687E+06   1.556940E+01   1.556940E+01   1.729933E+01   1.461017E+01  -1.000000E+01   3.353451E+00  -4.180362E+00        14
   1.330552E+04   8.857992E+06   1.556940E+01   1.556940E+01   1.729933E+01   1.461017E+01  -1.000000E+01   3.353451E+00  -4.180362E+00        14
   1.331552E+04   8.871307E+06   1.556940E+01   1.556940E+01   1.729933E+01   1.461017E+01  -1.000000E+01   3.353451E+00  -4.180362E+00        14
   1.332552E+04   8.884632E+06   1.556940E+01   1.556940E+01   1.729933E+01   1.461017E+01  -1.000000E+01   3.353451E+00  -4.180362E+00        14
   1.333552E+04   8.897967E+06   1.556940E+01   1.556940E+01   1.729933E+01   1.461017E+01  -1.000000E+01   3.353451E+00  -4.180362E+00        14
   1.334552E+04   8.911313E+06   1.556940E+01   1.556940E+01   1.729933E+01   1.461017E+01  -1.000000E+01   3.353451E+00  -4.180362E+00        14
   1.335552E+04   8.924668E+06   1.556940E+01   1.556940E+01   1.729933E+01   1.461017E+01  -1.000000E+01   3.353451E+00  -4.180362E+00        14
   1.336552E+04   8.938033E+06   1.556940E+01   1.556940E+01   1.729933E+01   1.461017E+01  -1.000000E+01   3.353451E+00  -4.180362E+00        14
   1.337552E+04   8.951408E+06   1.556940E+01   1.556940E+01   1.729933E+01   1.461017E+01  -1.000000E+01   3.353451E+00  -4.180362E+00        14
   1.338552E+04   8.964793E+06   1.556940E+01   1.556940E+01   1.729933E+01   1.461017E+01  -1.000000E+01   3.353451E+00  -4.180362E+00        14
   1.339552E+04   8.978188E+06   1.556940E+01   1.556940E+01   1.729933E+01   1.461017E+01  -1.000000E+01   3.353451E+00  -4.180362E+00        14
   1.340552E+04   8.991593E+06   1.556940E+01   1.556940E+01   1.729933E+01   1.461017E+01  -1.000000E+01   3.353451E+00  -4.180362E+00        14
   1.341552E+04   9.005009E+06   1.556940E+01   1.556940E+01   1.729933E+01   1.461017E+01  -1.000000E+01   3.353451E+00  -4.180362E+00        14
   1.342552E+04   9.018434E+06   1.556940E+01   1.556940E+01   1.729933E+01   1.461017E+01  -1.000000E+01   3.353451E+00  -4.180362E+00        14
   1.343552E+04   9.031869E+06   1.556940E+01   1.556940E+01   1.729933E+01   1.461017E+01  -1.000000E+01   3.353451E+00  -4.180362E+00        14
   1.344552E+04   9.045314E+06   1.556940E+01   1.556940E+01   1.729933E+01   1.461017E+01  -1.000000E+01   3.353451E+00  -4.180362E+00        14
   1.345552E+04   9.058769E+06   1.556940E+01   1.556940E+01   1.729933E+01   1.461017E+01  -1.000000E+01   3.353451E+00  -4.180362E+00        14
   1.346552E+04   9.072234E+06   1.556940E+01   1.556940E+01   1.729933E+01   1.461017E+01  -1.000000E+01   3.353451E+00  -4.180362E+00        14
   1.347552E+04   9.085709E+06   1.556940E+01   1.556940E+01   1.729933E+01   1.461017E+01  -1.000000E+01   3.353451E+00  -4.180362E+00        14
   1.348552E+04   9.099195E+06   1.556940E+01   1.556940E+01   1.729933E+01   1.461017E+01  -1.000000E+01   3.353451E+00  -4.180362E+00        14
   1.349552E+04   9.112690E+06   1.556940E+01   1.556940E+01   1.729933E+01   1.461017E+01  -1.000000E+01   3.353451E+00  -4.180362E+00        14
   1.350552E+04   9.126195E+06   1.556940E+01   1.556940E+01   1.729933E+01   1.461017E+01  -1.000000E+01   3.353451E+00  -4.180362E+00        14
   1.351552E+04   9.139710E+06   1.556940E+01   1.556940E+01   1.729933E+01   1.461017E+01  -1.000000E+01   3.353451E+00  -4.180362E+00        14
   1.352552E+04   9.153235E+06   1.556940E+01   1.556940E+01   1.729933E+01   1.461017E+01  -1.000000E+01   3.353451E+00  -4.180362E+00        14
   1.353552E+04   9.166770E+06   1.556940E+01   1.556940E+01   1.729933E+01   1.461017E+01  -1.000000E+01   3.353451E+00  -4.180362E+00        14
   1.354552E+04   9.180315E+06   1.556940E+01   1.556940E+01   1.729933E+01   1.461017E+01  -1.000000E+01   3.353451E+00  -4.180362E+00        14
   1.355552E+04   9.193871E+06   1.556940E+01   1.556940E+01   1.729933E+01   1.461017E+01  -1.000000E+01   3.353451E+00  -4.180362E+00        14
   1.356552E+04   9.207436E+06   1.556940E+01   1.556940E+01   1.729933E+01   1.461017E+01  -1.000000E+01   3.353451E+00  -4.180362E+00        14
   1.357552E+04   9.221011E+06   1.556940E+01   1.556940E+01   1.729933E+01   1.461017E+01  -1.000000E+01   3.353451E+00  -4.180362E+00        14
   1.358552E+04   9.234596E+06   1.556940E+01   1.556940E+01   1.729933E+01   1.461017E+01  -1.000000E+01   3.353451E+00  -4.180362E+00        14
   1.359552E+04   9.248191E+06   1.556940E+01   1.556940E+01   1.729933E+01   1.461017E+01  -1.000000E+01   3.353451E+00  -4.180362E+00        14
   1.360552E+04   9.261796E+06   1.556940E+01   1.556940E+01   1.729933E+01   1.461017E+01  -1.000000E+01   3.353451E+00  -4.180362E+00        14
   1.361552E+04   9.275411E+06   1.556940E+01   1.556940E+01   1.729933E+01   1.461017E+01  -1.000000E+01   3.353451E+00  -4.180362E+00        14
   1.362552E+04   9.289037E+06   1.556940E+01   1.556940E+01   1.729933E+01   1.461017E+01  -1.000000E+01   3.353451E+00  -4.180362E+00        14
   1.363552E+04   9.302672E+06   1.556940E+01   1.556940E+01   1.729933E+01   1.461017E+01  -1.000000E+01   3.353451E+00  -4.180362E+00        14
   1.364552E+04   9.316317E+06   1.556940E+01   1.556940E+01   1.729933E+01   1.461017E+01  -1.000000E+01   3.353451E+00  -4.180362E+00        14
   1.365552E+04   9.329972E+06   1.556940E+01   1.556940E+01   1.729933E+01   1.461017E+01  -1.000000E+01   3.353451E+00  -4.180362E+00        14
   1.366552E+04   9.343637E+06   1.556940E+01   1.556940E+01   1.729933E+01   1.461017E+01  -1.000000E+01   3.353451E+00  -4.180362E+00        14
   1.367552E+04   9.357312E+06   1.556940E+01   1.556940E+01   1.729933E+01   1.461017E+01  -1.000000E+01   3.353451E+00  -4.180362E+00        14
   1.368552E+04   9.370997E+06   1.556940E+01   1.556940E+01   1.729933E+01   1.461017E+01  -1.000000E+01   3.353451E+00  -4.180362E+00        14
   1.369552E+04   9.384693E+06   1.556940E+01   1.556940E+01   1.729933E+01   1.461017E+01  -1.000000E+01   3.353451E+00  -4.180362E+00        14
   1.370552E+04   9.398398E+06   1.556940E+01   1.556940E+01   1.729933E+01   1.461017E+01  -1.000000E+01   3.353451E+00  -4.180362E+00        14
   1.371552E+04   9.412113E+06   1.556940E+01   1.556940E+01   1.729933E+01   1.461017E+01  -1.000000E+01   3.353451E+00  -4.180362E+00        14
   1.372552E+04   9.425838E+06   1.556940E+01   1.556940E+01   1.729933E+01   1.461017E+01  -1.000000E+01   3.353451E+00  -4.180362E+00        14
   1.373552E+04   9.439573E+06   1.556940E+01   1.556940E+01   1.729933E+01   1.461017E+01  -1.000000E+01   3.353451E+00  -4.180362E+00        14
   1.374552E+04   9.453318E+06   1.556940E+01   1.556940E+01   1.729933E+01   1.461017E+01  -1.000000E+01   3.353451E+00  -4.180362E+00        14
   1.375552E+04   9.467073E+06   1.556940E+01   1.556940E+01   1.729933E+01   1.461017E+01  -1.000000E+01   3.353451E+00  -4.180362E+00        14
   1.376552E+04   9.480839E+06   1.556940E+01   1.556940E+01   1.729933E+01   1.461017E+01  -1.000000E+01   3.353451E+00  -4.180362E+00        14
   1.377552E+04   9.494614E+06   1.556940E+01   1.556940E+01   1.729933E+01   1.461017E+01  -1.000000E+01   3.353451E+00  -4.180362E+00        14
   1.378552E+04   9.508399E+06   1.556940E+01   1.556940E+01   1.729933E+01   1.461017E+01  -1.000000E+01   3.353451E+00  -4.180362E+00        14
   1.379552E+04   9.522194E+06   1.556940E+01   1.556940E+01   1.729933E+01   1.461017E+01  -1.000000E+01   3.353451E+00  -4.180362E+00        14
   1.380552E+04   9.535999E+06   1.556940E+01   1.556940E+01   1.729933E+01   1.461017E+01  -1.000000E+01   3.353451E+00  -4.180362E+00        14
   1.381552E+04   9.549814E+06   1.556940E+01   1.556940E+01   1.729933E+01   1.461017E+01  -1.000000E+01   3.353451E+00  -4.180362E+00        14
   1.382552E+04   9.563639E+06   1.556940E+01   1.556940E+01   1.729933E+01   1.461017E+01  -1.000000E+01   3.353451E+00  -4.180362E+00        14
   1.383552E+04   9.577475E+06   1.556940E+01   1.556940E+01   1.729933E+01   1.461017E+01  -1.000000E+01   3.353451E+00  -4.180362E+00        14
   1.384552E+04   9.591320E+06   1.556940E+01   1.556940E+01   1.729933E+01   1.461017E+01  -1.000000E+01   3.353451E+00  -4.180362E+00        14
   1.385552E+04   9.605175E+06   1.556940E+01   1.556940E+01   1.729933E+01   1.461017E+01  -1.000000E+01   3.353451E+00  -4.180362E+00        14
   1.386552E+04   9.619040E+06   1.556940E+01   1.556940E+01   1.729933E+01   1.461017E+01  -1.000000E+01   3.353451E+00  -4.180362E+00        14
   1.387552E+04   9.632915E+06   1.556940E+01   1.556940E+01   1.729933E+01   1.461017E+01  -1.000000E+01   3.353451E+00  -4.180362E+00        14
   1.388552E+04   9.646800E+06   1.556940E+01   1.556940E+01   1.729933E+01   1.461017E+01  -1.000000E+01   3.353451E+00  -4.180362E+00        14
   1.389552E+04   9.660695E+06   1.556940E+01   1.556940E+01   1.729933E+01   1.461017E+01  -1.000000E+01   3.353451E+00  -4.180362E+00        14
   1.390552E+04   9.674601E+06   1.556940E+01   1.556940E+01   1.729933E+01   1.461017E+01  -1.000000E+01   3.353451E+00  -4.180362E+00        14
   1.391552E+04   9.688516E+06   1.556940E+01   1.556940E+01   1.729933E+01   1.461017E+01  -1.000000E+01   3.353451E+00  -4.180362E+00        14
   1.392552E+04   9.702441E+06   1.556940E+01   1.556940E+01   1.729933E+01   1.461017E+01  -1.000000E+01   3.353451E+00  -4.180362E+00        14
   1.393552E+04   9.716376E+06   1.556940E+01   1.556940E+01   1.729933E+01   1.461017E+01  -1.000000E+01   3.353451E+00  -4.180362E+00        14
   1.394552E+04   9.730321E+06   1.556940E+01   1.556940E+01   1.729933E+01   1.461017E+01  -1.000000E+01   3.353451E+00  -4.180362E+00        14
   1.395552E+04   9.744276E+06   1.556940E+01   1.556940E+01   1.729933E+01   1.461017E+01  -1.000000E+01   3.353451E+00  -4.180362E+00        14
   1.396552E+04   9.758241E+06   1.556940E+01   1.556940E+01   1.729933E+01   1.461017E+01  -1.000000E+01   3.353451E+00  -4.180362E+00        14
   1.397552E+04   9.772217E+06   1.556940E+01   1.556940E+01   1.729933E+01   1.461017E+01  -1.000000E+01   3.353451E+00  -4.180362E+00        14
   1.398552E+04   9.786202E+06   1.556940E+01   1.556940E+01   1.729933E+01   1.461017E+01  -1.000000E+01   3.353451E+00  -4.180362E+00        14
   1.399552E+04   9.800197E+06   1.556940E+01   1.556940E+01   1.729933E+01   1.461017E+01  -1.000000E+01   3.353451E+00  -4.180362E+00        14
   1.400552E+04   9.814202E+06   1.556940E+01   1.556940E+01   1.729933E+01   1.461017E+01  -1.000000E+01   3.353451E+00  -4.180362E+00        14
   1.401552E+04   9.828217E+06   1.556940E+01   1.556940E+01   1.729933E+01   1.461017E+01  -1.000000E+01   3.353451E+00  -4.180362E+00        14
   1.402552E+04   9.842242E+06   1.556940E+01   1.556940E+01   1.729933E+01   1.461017E+01  -1.000000E+01   3.353451E+00  -4.180362E+00        14
   1.403552E+04   9.856277E+06   1.556940E+01   1.556940E+01   1.729933E+01   1.461017E+01  -1.000000E+01   3.353451E+00  -4.180362E+00        14
   1.404552E+04   9.870323E+06   1.556940E+01   1.556940E+01   1.729933E+01   1.461017E+01  -1.000000E+01   3.353451E+00  -4.180362E+00        14
   1.405552E+04   9.884378E+06   1.556940E+01   1.556940E+01   1.729933E+01   1.461017E+01  -1.000000E+01   3.353451E+00  -4.180362E+00        14
   1.406552E+04   9.898443E+06   1.556940E+01   1.556940E+01   1.729933E+01   1.461017E+01  -1.000000E+01   3.353451E+00  -4.180362E+00        14
   1.407552E+04   9.912518E+06   1.556940E+01   1.556940E+01   1.729933E+01   1.461017E+01  -1.000000E+01   3.353451E+00  -4.180362E+00        14
   1.408552E+04   9.926603E+06   1.556940E+01   1.556940E+01   1.729933E+01   1.461017E+01  -1.000000E+01   3.353451E+00  -4.180362E+00        14
   1.409552E+04   9.940698E+06   1.556940E+01   1.556940E+01   1.729933E+01   1.461017E+01  -1.000000E+01   3.353451E+00  -4.180362E+00        14
   1.410552E+04   9.954803E+06   1.556940E+01   1.556940E+01   1.729933E+01   1.461017E+01  -1.000000E+01   3.353451E+00  -4.180362E+00        14
   1.411552E+04   9.968919E+06   1.556940E+01   1.556940E+01   1.729933E+01   1.461017E+01  -1.000000E+01   3.353451E+00  -4.180362E+00        14
   1.412552E+04   9.983044E+06   1.556940E+01   1.556940E+01   1.729933E+01   1.461017E+01  -1.000000E+01   3.353451E+00  -4.180362E+00        14
   1.413552E+04   9.997179E+06   1.556940E+01   1.556940E+01   1.729933E+01   1.461017E+01  -1.000000E+01   3.353451E+00  -4.180362E+00        14
   1.414552E+04   1.001132E+07   1.556940E+01   1.556940E+01   1.729933E+01   1.461017E+01  -1.000000E+01   3.353451E+00  -4.180362E+00        14
   1.415552E+04   1.002548E+07   1.556940E+01   1.556940E+01   1.729933E+01   1.461017E+01  -1.000000E+01   3.353451E+00  -4.180362E+00        14
   1.416552E+04   1.003964E+07   1.556940E+01   1.556940E+01   1.729933E+01   1.461017E+01  -1.000000E+01   3.353451E+00  -4.180362E+00        14
   1.417552E+04   1.005382E+07   1.556940E+01   1.556940E+01   1.729933E+01   1.461017E+01  -1.000000E+01   3.353451E+00  -4.180362E+00        14
   1.418552E+04   1.006800E+07   1.556940E+01   1.556940E+01   1.729933E+01   1.461017E+01  -1.000000E+01   3.353451E+00  -4.180362E+00        14
   1.419552E+04   1.008220E+07   1.556940E+01   1.556940E+01   1.729933E+01   1.461017E+01  -1.000000E+01   3.353451E+00  -4.180362E+00        14
   1.420552E+04   1.009640E+07   1.556940E+01   1.556940E+01   1.729933E+01   1.461017E+01  -1.000000E+01   3.353451E+00  -4.180362E+00        14
   1.421552E+04   1.011062E+07   1.556940E+01   1.556940E+01   1.729933E+01   1.461017E+01  -1.000000E+01   3.353451E+00  -4.180362E+00        14
   1.422552E+04   1.012485E+07   1.556940E+01   1.556940E+01   1.729933E+01   1.461017E+01  -1.000000E+01   3.353451E+00  -4.180362E+00        14
   1.423552E+04   1.013908E+07   1.556940E+01   1.556940E+01   1.729933E+01   1.461017E+01  -1.000000E+01   3.353451E+00  -4.180362E+00        14
   1.424552E+04   1.015333E+07   1.556940E+01   1.556940E+01   1.729933E+01   1.461017E+01  -1.000000E+01   3.353451E+00  -4.180362E+00        14
   1.425552E+04   1.016758E+07   1.556940E+01   1.556940E+01   1.729933E+01   1.461017E+01  -1.000000E+01   3.353451E+00  -4.180362E+00        14
   1.426552E+04   1.018185E+07   1.556940E+01   1.556940E+01   1.729933E+01   1.461017E+01  -1.000000E+01   3.353451E+00  -4.180362E+00        14
   1.427552E+04   1.019612E+07   1.556940E+01   1.556940E+01   1.729933E+01   1.461017E+01  -1.000000E+01   3.353451E+00  -4.180362E+00        14
   1.428552E+04   1.021041E+07   1.556940E+01   1.556940E+01   1.729933E+01   1.461017E+01  -1.000000E+01   3.353451E+00  -4.180362E+00        14
   1.429552E+04   1.022470E+07   1.556940E+01   1.556940E+01   1.729933E+01   1.461017E+01  -1.000000E+01   3.353451E+00  -4.180362E+00        14
   1.430552E+04   1.023901E+07   1.556940E+01   1.556940E+01   1.729933E+01   1.461017E+01  -1.000000E+01   3.353451E+00  -4.180362E+00        14
   1.431552E+04   1.025332E+07   1.556940E+01   1.556940E+01   1.729933E+01   1.461017E+01  -1.000000E+01   3.353451E+00  -4.180362E+00        14
   1.432552E+04   1.026765E+07   1.556940E+01   1.556940E+01   1.729933E+01   1.461017E+01  -1.000000E+01   3.353451E+00  -4.180362E+00        14
   1.433552E+04   1.028198E+07   1.556940E+01   1.556940E+01   1.729933E+01   1.461017E+01  -1.000000E+01   3.353451E+00  -4.180362E+00        14
   1.434552E+04   1.029633E+07   1.556940E+01   1.556940E+01   1.729933E+01   1.461017E+01  -1.000000E+01   3.353451E+00  -4.180362E+00        14
   1.435552E+04   1.031068E+07   1.556940E+01   1.556940E+01   1.729933E+01   1.461017E+01  -1.000000E+01   3.353451E+00  -4.180362E+00        14
   1.436552E+04   1.032505E+07   1.556940E+01   1.556940E+01   1.729933E+01   1.461017E+01  -1.000000E+01   3.353451E+00  -4.180362E+00        14
   1.437552E+04   1.033942E+07   1.556940E+01   1.556940E+01   1.729933E+01   1.461017E+01  -1.000000E+01   3.353451E+00  -4.180362E+00        14
   1.438552E+04   1.035381E+07   1.556940E+01   1.556940E+01   1.729933E+01   1.461017E+01  -1.000000E+01   3.353451E+00  -4.180362E+00        14
   1.439552E+04   1.036820E+07   1.556940E+01   1.556940E+01   1.729933E+01   1.461017E+01  -1.000000E+01   3.353451E+00  -4.180362E+00        14
   1.440552E+04   1.038261E+07   1.556940E+01   1.556940E+01   1.729933E+01   1.461017E+01  -1.000000E+01   3.353451E+00  -4.180362E+00        14
   1.441552E+04   1.039702E+07   1.556940E+01   1.556940E+01   1.729933E+01   1.461017E+01  -1.000000E+01   3.353451E+00  -4.180362E+00        14
   1.442552E+04   1.041145E+07   1.556940E+01   1.556940E+01   1.729933E+01   1.461017E+01  -1.000000E+01   3.353451E+00  -4.180362E+00        14
   1.443552E+04   1.042588E+07   1.556940E+01   1.556940E+01   1.729933E+01   1.461017E+01  -1.000000E+01   3.353451E+00  -4.180362E+00        14
   1.444552E+04   1.044033E+07   1.556940E+01   1.556940E+01   1.729933E+01   1.461017E+01  -1.000000E+01   3.353451E+00  -4.180362E+00        14
   1.445552E+04   1.045478E+07   1.556940E+01   1.556940E+01   1.729933E+01   1.461017E+01  -1.000000E+01   3.353451E+00  -4.180362E+00        14
   1.446552E+04   1.046925E+07   1.556940E+01   1.556940E+01   1.729933E+01   1.461017E+01  -1.000000E+01   3.353451E+00  -4.180362E+00        14
   1.447552E+04   1.048372E+07   1.556940E+01   1.556940E+01   1.729933E+01   1.461017E+01  -1.000000E+01   3.353451E+00  -4.180362E+00        14
   1.448552E+04   1.049821E+07   1.556940E+01   1.556940E+01   1.729933E+01   1.461017E+01  -1.000000E+01   3.353451E+00  -4.180362E+00        14
   1.449552E+04   1.051270E+07   1.556940E+01   1.556940E+01   1.729933E+01   1.461017E+01  -1.000000E+01   3.353451E+00  -4.180362E+00        14
   1.450552E+04   1.052721E+07   1.556940E+01   1.556940E+01   1.729933E+01   1.461017E+01  -1.000000E+01   3.353451E+00  -4.180362E+00        14
   1.451552E+04   1.054172E+07   1.556940E+01   1.556940E+01   1.729933E+01   1.461017E+01  -1.000000E+01   3.353451E+00  -4.180362E+00        14
   1.452552E+04   1.055625E+07   1.556940E+01   1.556940E+01   1.729933E+01   1.461017E+01  -1.000000E+01   3.353451E+00  -4.180362E+00        14
   1.453552E+04   1.057078E+07   1.556940E+01   1.556940E+01   1.729933E+01   1.461017E+01  -1.000000E+01   3.353451E+00  -4.180362E+00        14
   1.454552E+04   1.058533E+07   1.556940E+01   1.556940E+01   1.729933E+01   1.461017E+01  -1.000000E+01   3.353451E+00  -4.180362E+00        14
   1.455552E+04   1.059988E+07   1.556940E+01   1.556940E+01   1.729933E+01   1.461017E+01  -1.000000E+01   3.353451E+00  -4.180362E+00        14
   1.456552E+04   1.061445E+07   1.556940E+01   1.556940E+01   1.729933E+01   1.461017E+01  -1.000000E+01   3.353451E+00  -4.180362E+00        14
   1.457552E+04   1.062903E+07   1.556940E+01   1.556940E+01   1.729933E+01   1.461017E+01  -1.000000E+01   3.353451E+00  -4.180362E+00        14
   1.458552E+04   1.064361E+07   1.556940E+01   1.556940E+01   1.729933E+01   1.461017E+01  -1.000000E+01   3.353451E+00  -4.180362E+00        14
   1.459552E+04   1.065821E+07   1.556940E+01   1.556940E+01   1.729933E+01   1.461017E+01  -1.000000E+01   3.353451E+00  -4.180362E+00        14
   1.460552E+04   1.067281E+07   1.556940E+01   1.556940E+01   1.729933E+01   1.461017E+01  -1.000000E+01   3.353451E+00  -4.180362E+00        14
   1.461552E+04   1.068743E+07   1.556940E+01   1.556940E+01   1.729933E+01   1.461017E+01  -1.000000E+01   3.353451E+00  -4.180362E+00        14
   1.462552E+04   1.070205E+07   1.556940E+01   1.556940E+01   1.729933E+01   1.461017E+01  -1.000000E+01   3.353451E+00  -4.180362E+00        14
   1.463552E+04   1.071669E+07   1.556940E+01   1.556940E+01   1.729933E+01   1.461017E+01  -1.000000E+01   3.353451E+00  -4.180362E+00        14
   1.464552E+04   1.073133E+07   1.556940E+01   1.556940E+01   1.729933E+01   1.461017E+01  -1.000000E+01   3.353451E+00  -4.180362E+00        14
   1.465552E+04   1.074599E+07   1.556940E+01   1.556940E+01   1.729933E+01   1.461017E+01  -1.000000E+01   3.353451E+00  -4.180362E+00        14
   1.466552E+04   1.076065E+07   1.556940E+01   1.556940E+01   1.729933E+01   1.461017E+01  -1.000000E+01   3.353451E+00  -4.180362E+00        14
   1.467552E+04   1.077533E+07   1.556940E+01   1.556940E+01   1.729933E+01   1.461017E+01  -1.000000E+01   3.353451E+00  -4.180362E+00        14
   1.468552E+04   1.079001E+07   1.556940E+01   1.556940E+01   1.729933E+01   1.461017E+01  -1.000000E+01   3.353451E+00  -4.180362E+00        14
   1.469552E+04   1.080471E+07   1.556940E+01   1.556940E+01   1.729933E+01   1.461017E+01  -1.000000E+01   3.353451E+00  -4.180362E+00        14
   1.470552E+04   1.081941E+07   1.556940E+01   1.556940E+01   1.729933E+01   1.461017E+01  -1.000000E+01   3.353451E+00  -4.180362E+00        14
   1.471552E+04   1.083413E+07   1.556940E+01   1.556940E+01   1.729933E+01   1.461017E+01  -1.000000E+01   3.353451E+00  -4.180362E+00        14
   1.472552E+04   1.084885E+07   1.556940E+01   1.556940E+01   1.729933E+01   1.461017E+01  -1.000000E+01   3.353451E+00  -4.180362E+00        14
   1.473552E+04   1.086359E+07   1.556940E+01   1.556940E+01   1.729933E+01   1.461017E+01  -1.000000E+01   3.353451E+00  -4.180362E+00        14
   1.474552E+04   1.087833E+07   1.556940E+01   1.556940E+01   1.729933E+01   1.461017E+01  -1.000000E+01   3.353451E+00  -4.180362E+00        14
   1.475552E+04   1.089309E+07   1.556940E+01   1.556940E+01   1.729933E+01   1.461017E+01  -1.000000E+01   3.353451E+00  -4.180362E+00        14
   1.476552E+04   1.090785E+07   1.556940E+01   1.556940E+01   1.729933E+01   1.461017E+01  -1.000000E+01   3.353451E+00  -4.180362E+00        14
   1.477552E+04   1.092263E+07   1.556940E+01   1.556940E+01   1.729933E+01   1.461017E+01  -1.000000E+01   3.353451E+00  -4.180362E+00        14
   1.478552E+04   1.093741E+07   1.556940E+01   1.556940E+01   1.729933E+01   1.461017E+01  -1.000000E+01   3.353451E+00  -4.180362E+00        14
   1.479552E+04   1.095221E+07   1.556940E+01   1.556940E+01   1.729933E+01   1.461017E+01  -1.000000E+01   3.353451E+00  -4.180362E+00        14
   1.480552E+04   1.096701E+07   1.556940E+01   1.556940E+01   1.729933E+01   1.461017E+01  -1.000000E+01   3.353451E+00  -4.180362E+00        14
   1.481552E+04   1.098183E+07   1.556940E+01   1.556940E+01   1.729933E+01   1.461017E+01  -1.000000E+01   3.353451E+00  -4.180362E+00        14
   1.482552E+04   1.099665E+07   1.556940E+01   1.556940E+01   1.729933E+01   1.461017E+01  -1.000000E+01   3.353451E+00  -4.180362E+00        14
   1.483552E+04   1.101149E+07   1.556940E+01   1.556940E+01   1.729933E+01   1.461017E+01  -1.000000E+01   3.353451E+00  -4.180362E+00        14
   1.484552E+04   1.102633E+07   1.556940E+01   1.556940E+01   1.729933E+01   1.461017E+01  -1.000000E+01   3.353451E+00  -4.180362E+00        14
   1.485552E+04   1.104119E+07   1.556940E+01   1.556940E+01   1.729933E+01   1.461017E+01  -1.000000E+01   3.353451E+00  -4.180362E+00        14
   1.486552E+04   1.105605E+07   1.556940E+01   1.556940E+01   1.729933E+01   1.461017E+01  -1.000000E+01   3.353451E+00  -4.180362E+00        14
   1.487552E+04   1.107093E+07   1.556940E+01   1.556940E+01   1.729933E+01   1.461017E+01  -1.000000E+01   3.353451E+00  -4.180362E+00        14
   1.488552E+04   1.108581E+07   1.556940E+01   1.556940E+01   1.729933E+01   1.461017E+01  -1.000000E+01   3.353451E+00  -4.180362E+00        14
   1.489552E+04   1.110071E+07   1.556940E+01   1.556940E+01   1.729933E+01   1.461017E+01  -1.000000E+01   3.353451E+00  -4.180362E+00        14
   1.490552E+04   1.111562E+07   1.556940E+01   1.556940E+01   1.729933E+01   1.461017E+01  -1.000000E+01   3.353451E+00  -4.180362E+00        14
   1.491552E+04   1.113053E+07   1.556940E+01   1.556940E+01   1.729933E+01   1.461017E+01  -1.000000E+01   3.353451E+00  -4.180362E+00        14
   1.492552E+04   1.114546E+07   1.556940E+01   1.556940E+01   1.729933E+01   1.461017E+01  -1.000000E+01   3.353451E+00  -4.180362E+00        14
   1.493552E+04   1.116039E+07   1.556940E+01   1.556940E+01   1.729933E+01   1.461017E+01  -1.000000E+01   3.353451E+00  -4.180362E+00        14
   1.494552E+04   1.117534E+07   1.556940E+01   1.556940E+01   1.729933E+01   1.461017E+01  -1.000000E+01   3.353451E+00  -4.180362E+00        14
   1.495552E+04   1.119029E+07   1.556940E+01   1.556940E+01   1.729933E+01   1.461017E+01  -1.000000E+01   3.353451E+00  -4.180362E+00        14
   1.496552E+04   1.120526E+07   1.556940E+01   1.556940E+01   1.729933E+01   1.461017E+01  -1.000000E+01   3.353451E+00  -4.180362E+00        14
   1.497552E+04   1.122023E+07   1.556940E+01   1.556940E+01   1.729933E+01   1.461017E+01  -1.000000E+01   3.353451E+00  -4.180362E+00        14
   1.498552E+04   1.123522E+07   1.556940E+01   1.556940E+01   1.729933E+01   1.461017E+01  -1.000000E+01   3.353451E+00  -4.180362E+00        14
   1.499552E+04   1.125021E+07   1.556940E+01   1.556940E+01   1.729933E+01   1.461017E+01  -1.000000E+01   3.353451E+00  -4.180362E+00        14
   1.500552E+04   1.126522E+07   1.556940E+01   1.556940E+01   1.729933E+01   1.461017E+01  -1.000000E+01   3.353451E+00  -4.180362E+00        14
   1.501552E+04   1.128023E+07   1.556940E+01   1.556940E+01   1.729933E+01   1.461017E+01  -1.000000E+01   3.353451E+00  -4.180362E+00        14
   1.502552E+04   1.129526E+07   1.556940E+01   1.556940E+01   1.729933E+01   1.461017E+01  -1.000000E+01   3.353451E+00  -4.180362E+00        14
   1.503552E+04   1.131029E+07   1.556940E+01   1.556940E+01   1.729933E+01   1.461017E+01  -1.000000E+01   3.353451E+00  -4.180362E+00        14
   1.504552E+04   1.132534E+07   1.556940E+01   1.556940E+01   1.729933E+01   1.461017E+01  -1.000000E+01   3.353451E+00  -4.180362E+00        14
   1.505552E+04   1.134039E+07   1.556940E+01   1.556940E+01   1.729933E+01   1.461017E+01  -1.000000E+01   3.353451E+00  -4.180362E+00        14
   1.506552E+04   1.135546E+07   1.556940E+01   1.556940E+01   1.729933E+01   1.461017E+01  -1.000000E+01   3.353451E+00  -4.180362E+00        14
   1.507552E+04   1.137053E+07   1.556940E+01   1.556940E+01   1.729933E+01   1.461017E+01  -1.000000E+01   3.353451E+00  -4.180362E+00        14
   1.508552E+04   1.138562E+07   1.556940E+01   1.556940E+01   1.729933E+01   1.461017E+01  -1.000000E+01   3.353451E+00  -4.180362E+00        14
   1.509552E+04   1.140071E+07   1.556940E+01   1.556940E+01   1.729933E+01   1.461017E+01  -1.000000E+01   3.353451E+00  -4.180362E+00        14
   1.510552E+04   1.141582E+07   1.556940E+01   1.556940E+01   1.729933E+01   1.461017E+01  -1.000000E+01   3.353451E+00  -4.180362E+00        14
   1.511552E+04   1.143093E+07   1.556940E+01   1.556940E+01   1.729933E+01   1.461017E+01  -1.000000E+01   3.353451E+00  -4.180362E+00        14
   1.512552E+04   1.144606E+07   1.556940E+01   1.556940E+01   1.729933E+01   1.461017E+01  -1.000000E+01   3.353451E+00  -4.180362E+00        14
   1.513552E+04   1.146119E+07   1.556940E+01   1.556940E+01   1.729933E+01   1.461017E+01  -1.000000E+01   3.353451E+00  -4.180362E+00        14
   1.514552E+04   1.147634E+07   1.556940E+01   1.556940E+01   1.729933E+01   1.461017E+01  -1.000000E+01   3.353451E+00  -4.180362E+00        14
   1.515552E+04   1.149149E+07   1.556940E+01   1.556940E+01   1.729933E+01   1.461017E+01  -1.000000E+01   3.353451E+00  -4.180362E+00        14
   1.516552E+04   1.150666E+07   1.556940E+01   1.556940E+01   1.729933E+01   1.461017E+01  -1.000000E+01   3.353451E+00  -4.180362E+00        14
   1.517552E+04   1.152183E+07   1.556940E+01   1.556940E+01   1.729933E+01   1.461017E+01  -1.000000E+01   3.353451E+00  -4.180362E+00        14
   1.518552E+04   1.153702E+07   1.556940E+01   1.556940E+01   1.729933E+01   1.461017E+01  -1.000000E+01   3.353451E+00  -4.180362E+00        14
   1.519552E+04   1.155221E+07   1.556940E+01   1.556940E+01   1.729933E+01   1.461017E+01  -1.000000E+01   3.353451E+00  -4.180362E+00        14
   1.520552E+04   1.156742E+07   1.556940E+01   1.556940E+01   1.729933E+01   1.461017E+01  -1.000000E+01   3.353451E+00  -4.180362E+00        14
   1.521552E+04   1.158263E+07   1.556940E+01   1.556940E+01   1.729933E+01   1.461017E+01  -1.000000E+01   3.353451E+00  -4.180362E+00        14
   1.522552E+04   1.159786E+07   1.556940E+01   1.556940E+01   1.729933E+01   1.461017E+01  -1.000000E+01   3.353451E+00  -4.180362E+00        14
   1.523552E+04   1.161309E+07   1.556940E+01   1.556940E+01   1.729933E+01   1.461017E+01  -1.000000E+01   3.353451E+00  -4.180362E+00        14
   1.524552E+04   1.162834E+07   1.556940E+01   1.556940E+01   1.729933E+01   1.461017E+01  -1.000000E+01   3.353451E+00  -4.180362E+00        14
   1.525552E+04   1.164360E+07   1.556940E+01   1.556940E+01   1.729933E+01   1.461017E+01  -1.000000E+01   3.353451E+00  -4.180362E+00        14
   1.526552E+04   1.165886E+07   1.556940E+01   1.556940E+01   1.729933E+01   1.461017E+01  -1.000000E+01   3.353451E+00  -4.180362E+00        14
   1.527552E+04   1.167414E+07   1.556940E+01   1.556940E+01   1.729933E+01   1.461017E+01  -1.000000E+01   3.353451E+00  -4.180362E+00        14
   1.528552E+04   1.168942E+07   1.556940E+01   1.556940E+01   1.729933E+01   1.461017E+01  -1.000000E+01   3.353451E+00  -4.180362E+00        14
   1.529552E+04   1.170472E+07   1.556940E+01   1.556940E+01   1.729933E+01   1.461017E+01  -1.000000E+01   3.353451E+00  -4.180362E+00        14
   1.530552E+04   1.172002E+07   1.556940E+01   1.556940E+01   1.729933E+01   1.461017E+01  -1.000000E+01   3.353451E+00  -4.180362E+00        14
   1.531552E+04   1.173534E+07   1.556940E+01   1.556940E+01   1.729933E+01   1.461017E+01  -1.000000E+01   3.353451E+00  -4.180362E+00        14
   1.532552E+04   1.175066E+07   1.556940E+01   1.556940E+01   1.729933E+01   1.461017E+01  -1.000000E+01   3.353451E+00  -4.180362E+00        14
   1.533552E+04   1.176600E+07   1.556940E+01   1.556940E+01   1.729933E+01   1.461017E+01  -1.000000E+01   3.353451E+00  -4.180362E+00        14
   1.534552E+04   1.178134E+07   1.556940E+01   1.556940E+01   1.729933E+01   1.461017E+01  -1.000000E+01   3.353451E+00  -4.180362E+00        14
   1.535552E+04   1.179670E+07   1.556940E+01   1.556940E+01   1.729933E+01   1.461017E+01  -1.000000E+01   3.353451E+00  -4.180362E+00        14
   1.536552E+04   1.181206E+07   1.556940E+01   1.556940E+01   1.729933E+01   1.461017E+01  -1.000000E+01   3.353451E+00  -4.180362E+00        14
   1.537552E+04   1.182744E+07   1.556940E+01   1.556940E+01   1.729933E+01   1.461017E+01  -1.000000E+01   3.353451E+00  -4.180362E+00        14
   1.538552E+04   1.184282E+07   1.556940E+01   1.556940E+01   1.729933E+01   1.461017E+01  -1.000000E+01   3.353451E+00  -4.180362E+00        14
   1.539552E+04   1.185822E+07   1.556940E+01   1.556940E+01   1.729933E+01   1.461017E+01  -1.000000E+01   3.353451E+00  -4.180362E+00        14
   1.540552E+04   1.187362E+07   1.556940E+01   1.556940E+01   1.729933E+01   1.461017E+01  -1.000000E+01   3.353451E+00  -4.180362E+00        14
   1.541552E+04   1.188904E+07   1.556940E+01   1.556940E+01   1.729933E+01   1.461017E+01  -1.000000E+01   3.353451E+00  -4.180362E+00        14
   1.542552E+04   1.190446E+07   1.556940E+01   1.556940E+01   1.729933E+01   1.461017E+01  -1.000000E+01   3.353451E+00  -4.180362E+00        14
   1.543552E+04   1.191990E+07   1.556940E+01   1.556940E+01   1.729933E+01   1.461017E+01  -1.000000E+01   3.353451E+00  -4.180362E+00        14
   1.544552E+04   1.193534E+07   1.556940E+01   1.556940E+01   1.729933E+01   1.461017E+01  -1.000000E+01   3.353451E+00  -4.180362E+00        14
   1.545552E+04   1.195080E+07   1.556940E+01   1.556940E+01   1.729933E+01   1.461017E+01  -1.000000E+01   3.353451E+00  -4.180362E+00        14
   1.546552E+04   1.196626E+07   1.556940E+01   1.556940E+01   1.729933E+01   1.461017E+01  -1.000000E+01   3.353451E+00  -4.180362E+00        14
   1.547552E+04   1.198174E+07   1.556940E+01   1.556940E+01   1.729933E+01   1.461017E+01  -1.000000E+01   3.353451E+00  -4.180362E+00        14
   1.548552E+04   1.199722E+07   1.556940E+01   1.556940E+01   1.729933E+01   1.461017E+01  -1.000000E+01   3.353451E+00  -4.180362E+00        14
   1.549552E+04   1.201272E+07   1.556940E+01   1.556940E+01   1.729933E+01   1.461017E+01  -1.000000E+01   3.353451E+00  -4.180362E+00        14
   1.550552E+04   1.202822E+07   1.556940E+01   1.556940E+01   1.729933E+01   1.461017E+01  -1.000000E+01   3.353451E+00  -4.180362E+00        14
   1.551552E+04   1.204374E+07   1.556940E+01   1.556940E+01   1.729933E+01   1.461017E+01  -1.000000E+01   3.353451E+00  -4.180362E+00        14
   1.552552E+04   1.205926E+07   1.556940E+01   1.556940E+01   1.729933E+01   1.461017E+01  -1.000000E+01   3.353451E+00  -4.180362E+00        14
   1.553552E+04   1.207480E+07   1.556940E+01   1.556940E+01   1.729933E+01   1.461017E+01  -1.000000E+01   3.353451E+00  -4.180362E+00        14
   1.554552E+04   1.209034E+07   1.556940E+01   1.556940E+01   1.729933E+01   1.461017E+01  -1.000000E+01   3.353451E+00  -4.180362E+00        14
   1.555552E+04   1.210590E+07   1.556940E+01   1.556940E+01   1.729933E+01   1.461017E+01  -1.000000E+01   3.353451E+00  -4.180362E+00        14
   1.556552E+04   1.212146E+07   1.556940E+01   1.556940E+01   1.729933E+01   1.461017E+01  -1.000000E+01   3.353451E+00  -4.180362E+00        14
   1.557552E+04   1.213704E+07   1.556940E+01   1.556940E+01   1.729933E+01   1.461017E+01  -1.000000E+01   3.353451E+00  -4.180362E+00        14
   1.558552E+04   1.215262E+07   1.556940E+01   1.556940E+01   1.729933E+01   1.461017E+01  -1.000000E+01   3.353451E+00  -4.180362E+00        14
   1.559552E+04   1.216822E+07   1.556940E+01   1.556940E+01   1.729933E+01   1.461017E+01  -1.000000E+01   3.353451E+00  -4.180362E+00        14
   1.560552E+04   1.218383E+07   1.556940E+01   1.556940E+01   1.729933E+01   1.461017E+01  -1.000000E+01   3.353451E+00  -4.180362E+00        14
   1.561552E+04   1.219944E+07   1.556940E+01   1.556940E+01   1.729933E+01   1.461017E+01  -1.000000E+01   3.353451E+00  -4.180362E+00        14
   1.562552E+04   1.221507E+07   1.556940E+01   1.556940E+01   1.729933E+01   1.461017E+01  -1.000000E+01   3.353451E+00  -4.180362E+00        14
   1.563552E+04   1.223070E+07   1.556940E+01   1.556940E+01   1.729933E+01   1.461017E+01  -1.000000E+01   3.353451E+00  -4.180362E+00        14
   1.564552E+04   1.224635E+07   1.556940E+01   1.556940E+01   1.729933E+01   1.461017E+01  -1.000000E+01   3.353451E+00  -4.180362E+00        14
   1.565552E+04   1.226200E+07   1.556940E+01   1.556940E+01   1.729933E+01   1.461017E+01  -1.000000E+01   3.353451E+00  -4.180362E+00        14
   1.566552E+04   1.227767E+07   1.556940E+01   1.556940E+01   1.729933E+01   1.461017E+01  -1.000000E+01   3.353451E+00  -4.180362E+00        14
   1.567552E+04   1.229334E+07   1.556940E+01   1.556940E+01   1.729933E+01   1.461017E+01  -1.000000E+01   3.353451E+00  -4.180362E+00        14
   1.568552E+04   1.230903E+07   1.556940E+01   1.556940E+01   1.729933E+01   1.461017E+01  -1.000000E+01   3.353451E+00  -4.180362E+00        14
   1.569552E+04   1.232472E+07   1.556940E+01   1.556940E+01   1.729933E+01   1.461017E+01  -1.000000E+01   3.353451E+00  -4.180362E+00        14
   1.570552E+04   1.234043E+07   1.556940E+01   1.556940E+01   1.729933E+01   1.461017E+01  -1.000000E+01   3.353451E+00  -4.180362E+00        14
   1.571552E+04   1.235614E+07   1.556940E+01   1.556940E+01   1.729933E+01   1.461017E+01  -1.000000E+01   3.353451E+00  -4.180362E+00        14
   1.572552E+04   1.237187E+07   1.556940E+01   1.556940E+01   1.729933E+01   1.461017E+01  -1.000000E+01   3.353451E+00  -4.180362E+00        14
   1.573552E+04   1.238760E+07   1.556940E+01   1.556940E+01   1.729933E+01   1.461017E+01  -1.000000E+01   3.353451E+00  -4.180362E+00        14
   1.574552E+04   1.240335E+07   1.556940E+01   1.556940E+01   1.729933E+01   1.461017E+01  -1.000000E+01   3.353451E+00  -4.180362E+00        14
   1.575552E+04   1.241910E+07   1.556940E+01   1.556940E+01   1.729933E+01   1.461017E+01  -1.000000E+01   3.353451E+00  -4.180362E+00        14
   1.576552E+04   1.243487E+07   1.556940E+01   1.556940E+01   1.729933E+01   1.461017E+01  -1.000000E+01   3.353451E+00  -4.180362E+00        14
   1.577552E+04   1.245064E+07   1.556940E+01   1.556940E+01   1.729933E+01   1.461017E+01  -1.000000E+01   3.353451E+00  -4.180362E+00        14
   1.578552E+04   1.246643E+07   1.556940E+01   1.556940E+01   1.729933E+01   1.461017E+01  -1.000000E+01   3.353451E+00  -4.180362E+00        14
   1.579552E+04   1.248222E+07   1.556940E+01   1.556940E+01   1.729933E+01   1.461017E+01  -1.000000E+01   3.353451E+00  -4.180362E+00        14
   1.580552E+04   1.249803E+07   1.556940E+01   1.556940E+01   1.729933E+01   1.461017E+01  -1.000000E+01   3.353451E+00  -4.180362E+00        14
   1.581552E+04   1.251384E+07   1.556940E+01   1.556940E+01   1.729933E+01   1.461017E+01  -1.000000E+01   3.353451E+00  -4.180362E+00        14
   1.582552E+04   1.252967E+07   1.556940E+01   1.556940E+01   1.729933E+01   1.461017E+01  -1.000000E+01   3.353451E+00  -4.180362E+00        14
   1.583552E+04   1.254550E+07   1.556940E+01   1.556940E+01   1.729933E+01   1.461017E+01  -1.000000E+01   3.353451E+00  -4.180362E+00        14
   1.584552E+04   1.256135E+07   1.556940E+01   1.556940E+01   1.729933E+01   1.461017E+01  -1.000000E+01   3.353451E+00  -4.180362E+00        14
   1.585552E+04   1.257720E+07   1.556940E+01   1.556940E+01   1.729933E+01   1.461017E+01  -1.000000E+01   3.353451E+00  -4.180362E+00        14
   1.586552E+04   1.259307E+07   1.556940E+01   1.556940E+01   1.729933E+01   1.461017E+01  -1.000000E+01   3.353451E+00  -4.180362E+00        14
   1.587552E+04   1.260894E+07   1.556940E+01   1.556940E+01   1.729933E+01   1.461017E+01  -1.000000E+01   3.353451E+00  -4.180362E+00        14
   1.588552E+04   1.262483E+07   1.556940E+01   1.556940E+01   1.729933E+01   1.461017E+01  -1.000000E+01   3.353451E+00  -4.180362E+00        14
   1.589552E+04   1.264072E+07   1.556940E+01   1.556940E+01   1.729933E+01   1.461017E+01  -1.000000E+01   3.353451E+00  -4.180362E+00        14
   1.590552E+04   1.265663E+07   1.556940E+01   1.556940E+01   1.729933E+01   1.461017E+01  -1.000000E+01   3.353451E+00  -4.180362E+00        14
   1.591552E+04   1.267254E+07   1.556940E+01   1.556940E+01   1.729933E+01   1.461017E+01  -1.000000E+01   3.353451E+00  -4.180362E+00        14
   1.592552E+04   1.268847E+07   1.556940E+01   1.556940E+01   1.729933E+01   1.461017E+01  -1.000000E+01   3.353451E+00  -4.180362E+00        14
   1.593552E+04   1.270440E+07   1.556940E+01   1.556940E+01   1.729933E+01   1.461017E+01  -1.000000E+01   3.353451E+00  -4.180362E+00        14
   1.594552E+04   1.272035E+07   1.556940E+01   1.556940E+01   1.729933E+01   1.461017E+01  -1.000000E+01   3.353451E+00  -4.180362E+00        14
   1.595552E+04   1.273631E+07   1.556940E+01   1.556940E+01   1.729933E+01   1.461017E+01  -1.000000E+01   3.353451E+00  -4.180362E+00        14
   1.596552E+04   1.275227E+07   1.556940E+01   1.556940E+01   1.729933E+01   1.461017E+01  -1.000000E+01   3.353451E+00  -4.180362E+00        14
   1.597552E+04   1.276825E+07   1.556940E+01   1.556940E+01   1.729933E+01   1.461017E+01  -1.000000E+01   3.353451E+00  -4.180362E+00        14
   1.598552E+04   1.278423E+07   1.556940E+01   1.556940E+01   1.729933E+01   1.461017E+01  -1.000000E+01   3.353451E+00  -4.180362E+00        14
   1.599552E+04   1.280023E+07   1.556940E+01   1.556940E+01   1.729933E+01   1.461017E+01  -1.000000E+01   3.353451E+00  -4.180362E+00        14
   1.600552E+04   1.281623E+07   1.556940E+01   1.556940E+01   1.729933E+01   1.461017E+01  -1.000000E+01   3.353451E+00  -4.180362E+00        14
   1.601552E+04   1.283225E+07   1.556940E+01   1.556940E+01   1.729933E+01   1.461017E+01  -1.000000E+01   3.353451E+00  -4.180362E+00        14
   1.602552E+04   1.284827E+07   1.556940E+01   1.556940E+01   1.729933E+01   1.461017E+01  -1.000000E+01   3.353451E+00  -4.180362E+00        14
   1.603552E+04   1.286431E+07   1.556940E+01   1.556940E+01   1.729933E+01   1.461017E+01  -1.000000E+01   3.353451E+00  -4.180362E+00        14
   1.604552E+04   1.288035E+07   1.556940E+01   1.556940E+01   1.729933E+01   1.461017E+01  -1.000000E+01   3.353451E+00  -4.180362E+00        14
   1.605552E+04   1.289641E+07   1.556940E+01   1.556940E+01   1.729933E+01   1.461017E+01  -1.000000E+01   3.353451E+00  -4.180362E+00        14
   1.606552E+04   1.291247E+07   1.556940E+01   1.556940E+01   1.729933E+01   1.461017E+01  -1.000000E+01   3.353451E+00  -4.180362E+00        14
   1.607552E+04   1.292855E+07   1.556940E+01   1.556940E+01   1.729933E+01   1.461017E+01  -1.000000E+01   3.353451E+00  -4.180362E+00        14
   1.608552E+04   1.294463E+07   1.556940E+01   1.556940E+01   1.729933E+01   1.461017E+01  -1.000000E+01   3.353451E+00  -4.180362E+00        14
   1.609552E+04   1.296073E+07   1.556940E+01   1.556940E+01   1.729933E+01   1.461017E+01  -1.000000E+01   3.353451E+00  -4.180362E+00        14
   1.610552E+04   1.297683E+07   1.556940E+01   1.556940E+01   1.729933E+01   1.461017E+01  -1.000000E+01   3.353451E+00  -4.180362E+00        14
   1.611552E+04   1.299295E+07   1.556940E+01   1.556940E+01   1.729933E+01   1.461017E+01  -1.000000E+01   3.353451E+00  -4.180362E+00        14
   1.612552E+04   1.300907E+07   1.556940E+01   1.556940E+01   1.729933E+01   1.461017E+01  -1.000000E+01   3.353451E+00  -4.180362E+00        14
   1.613552E+04   1.302521E+07   1.556940E+01   1.556940E+01   1.729933E+01   1.461017E+01  -1.000000E+01   3.353451E+00  -4.180362E+00        14
   1.614552E+04   1.304135E+07   1.556940E+01   1.556940E+01   1.729933E+01   1.461017E+01  -1.000000E+01   3.353451E+00  -4.180362E+00        14
   1.615552E+04   1.305751E+07   1.556940E+01   1.556940E+01   1.729933E+01   1.461017E+01  -1.000000E+01   3.353451E+00  -4.180362E+00        14
   1.616552E+04   1.307367E+07   1.556940E+01   1.556940E+01   1.729933E+01   1.461017E+01  -1.000000E+01   3.353451E+00  -4.180362E+00        14
   1.617552E+04   1.308985E+07   1.556940E+01   1.556940E+01   1.729933E+01   1.461017E+01  -1.000000E+01   3.353451E+00  -4.180362E+00        14
   1.618552E+04   1.310603E+07   1.556940E+01   1.556940E+01   1.729933E+01   1.461017E+01  -1.000000E+01   3.353451E+00  -4.180362E+00        14
   1.619552E+04   1.312223E+07   1.556940E+01   1.556940E+01   1.729933E+01   1.461017E+01  -1.000000E+01   3.353451E+00  -4.180362E+00        14
   1.620552E+04   1.313843E+07   1.556940E+01   1.556940E+01   1.729933E+01   1.461017E+01  -1.000000E+01   3.353451E+00  -4.180362E+00        14
   1.621552E+04   1.315465E+07   1.556940E+01   1.556940E+01   1.729933E+01   1.461017E+01  -1.000000E+01   3.353451E+00  -4.180362E+00        14
   1.622552E+04   1.317087E+07   1.556940E+01   1.556940E+01   1.729933E+01   1.461017E+01  -1.000000E+01   3.353451E+00  -4.180362E+00        14
   1.623552E+04   1.318711E+07   1.556940E+01   1.556940E+01   1.729933E+01   1.461017E+01  -1.000000E+01   3.353451E+00  -4.180362E+00        14
   1.624552E+04   1.320335E+07   1.556940E+01   1.556940E+01   1.729933E+01   1.461017E+01  -1.000000E+01   3.353451E+00  -4.180362E+00        14
   1.625552E+04   1.321961E+07   1.556940E+01   1.556940E+01   1.729933E+01   1.461017E+01  -1.000000E+01   3.353451E+00  -4.180362E+00        14
   1.626552E+04   1.323587E+07   1.556940E+01   1.556940E+01   1.729933E+01   1.461017E+01  -1.000000E+01   3.353451E+00  -4.180362E+00        14
   1.627552E+04   1.325215E+07   1.556940E+01   1.556940E+01   1.729933E+01   1.461017E+01  -1.000000E+01   3.353451E+00  -4.180362E+00        14
   1.628552E+04   1.326843E+07   1.556940E+01   1.556940E+01   1.729933E+01   1.461017E+01  -1.000000E+01   3.353451E+00  -4.180362E+00        14
   1.629552E+04   1.328473E+07   1.556940E+01   1.556940E+01   1.729933E+01   1.461017E+01  -1.000000E+01   3.353451E+00  -4.180362E+00        14
   1.630552E+04   1.330104E+07   1.556940E+01   1.556940E+01   1.729933E+01   1.461017E+01  -1.000000E+01   3.353451E+00  -4.180362E+00        14
   1.631552E+04   1.331735E+07   1.556940E+01   1.556940E+01   1.729933E+01   1.461017E+01  -1.000000E+01   3.353451E+00  -4.180362E+00        14
   1.632552E+04   1.333368E+07   1.556940E+01   1.556940E+01   1.729933E+01   1.461017E+01  -1.000000E+01   3.353451E+00  -4.180362E+00        14
   1.633552E+04   1.335001E+07   1.556940E+01   1.556940E+01   1.729933E+01   1.461017E+01  -1.000000E+01   3.353451E+00  -4.180362E+00        14
   1.634552E+04   1.336636E+07   1.556940E+01   1.556940E+01   1.729933E+01   1.461017E+01  -1.000000E+01   3.353451E+00  -4.180362E+00        14
   1.635552E+04   1.338271E+07   1.556940E+01   1.556940E+01   1.729933E+01   1.461017E+01  -1.000000E+01   3.353451E+00  -4.180362E+00        14
   1.636552E+04   1.339908E+07   1.556940E+01   1.556940E+01   1.729933E+01   1.461017E+01  -1.000000E+01   3.353451E+00  -4.180362E+00        14
   1.637552E+04   1.341545E+07   1.556940E+01   1.556940E+01   1.729933E+01   1.461017E+01  -1.000000E+01   3.353451E+00  -4.180362E+00        14
   1.638552E+04   1.343184E+07   1.556940E+01   1.556940E+01   1.729933E+01   1.461017E+01  -1.000000E+01   3.353451E+00  -4.180362E+00        14
   1.639552E+04   1.344823E+07   1.556940E+01   1.556940E+01   1.729933E+01   1.461017E+01  -1.000000E+01   3.353451E+00  -4.180362E+00        14
   1.640552E+04   1.346464E+07   1.556940E+01   1.556940E+01   1.729933E+01   1.461017E+01  -1.000000E+01   3.353451E+00  -4.180362E+00        14
   1.641552E+04   1.348105E+07   1.556940E+01   1.556940E+01   1.729933E+01   1.461017E+01  -1.000000E+01   3.353451E+00  -4.180362E+00        14
   1.642552E+04   1.349748E+07   1.556940E+01   1.556940E+01   1.729933E+01   1.461017E+01  -1.000000E+01   3.353451E+00  -4.180362E+00        14
   1.643552E+04   1.351391E+07   1.556940E+01   1.556940E+01   1.729933E+01   1.461017E+01  -1.000000E+01   3.353451E+00  -4.180362E+00        14
   1.644552E+04   1.353036E+07   1.556940E+01   1.556940E+01   1.729933E+01   1.461017E+01  -1.000000E+01   3.353451E+00  -4.180362E+00        14
   1.645552E+04   1.354681E+07   1.556940E+01   1.556940E+01   1.729933E+01   1.461017E+01  -1.000000E+01   3.353451E+00  -4.180362E+00        14
   1.646552E+04   1.356328E+07   1.556940E+01   1.556940E+01   1.729933E+01   1.461017E+01  -1.000000E+01   3.353451E+00  -4.180362E+00        14
   1.647552E+04   1.357975E+07   1.556940E+01   1.556940E+01   1.729933E+01   1.461017E+01  -1.000000E+01   3.353451E+00  -4.180362E+00        14
   1.648552E+04   1.359624E+07   1.556940E+01   1.556940E+01   1.729933E+01   1.461017E+01  -1.000000E+01   3.353451E+00  -4.180362E+00        14
   1.649552E+04   1.361273E+07   1.556940E+01   1.556940E+01   1.729933E+01   1.461017E+01  -1.000000E+01   3.353451E+00  -4.180362E+00        14
   1.650552E+04   1.362924E+07   1.556940E+01   1.556940E+01   1.729933E+01   1.461017E+01  -1.000000E+01   3.353451E+00  -4.180362E+00        14
   1.651552E+04   1.364575E+07   1.556940E+01   1.556940E+01   1.729933E+01   1.461017E+01  -1.000000E+01   3.353451E+00  -4.180362E+00        14
   1.652552E+04   1.366228E+07   1.556940E+01   1.556940E+01   1.729933E+01   1.461017E+01  -1.000000E+01   3.353451E+00  -4.180362E+00        14
   1.653552E+04   1.367881E+07   1.556940E+01   1.556940E+01   1.729933E+01   1.461017E+01  -1.000000E+01   3.353451E+00  -4.180362E+00        14
   1.654552E+04   1.369536E+07   1.556940E+01   1.556940E+01   1.729933E+01   1.461017E+01  -1.000000E+01   3.353451E+00  -4.180362E+00        14
   1.655552E+04   1.371191E+07   1.556940E+01   1.556940E+01   1.729933E+01   1.461017E+01  -1.000000E+01   3.353451E+00  -4.180362E+00        14
   1.656552E+04   1.372848E+07   1.556940E+01   1.556940E+01   1.729933E+01   1.461017E+01  -1.000000E+01   3.353451E+00  -4.180362E+00        14
   1.657552E+04   1.374505E+07   1.556940E+01   1.556940E+01   1.729933E+01   1.461017E+01  -1.000000E+01   3.353451E+00  -4.180362E+00        14
   1.658552E+04   1.376164E+07   1.556940E+01   1.556940E+01   1.729933E+01   1.461017E+01  -1.000000E+01   3.353451E+00  -4.180362E+00        14
   1.659552E+04   1.377823E+07   1.556940E+01   1.556940E+01   1.729933E+01   1.461017E+01  -1.000000E+01   3.353451E+00  -4.180362E+00        14
   1.660552E+04   1.379484E+07   1.556940E+01   1.556940E+01   1.729933E+01   1.461017E+01  -1.000000E+01   3.353451E+00  -4.180362E+00        14
   1.661552E+04   1.381145E+07   1.556940E+01   1.556940E+01   1.729933E+01   1.461017E+01  -1.000000E+01   3.353451E+00  -4.180362E+00        14
   1.662552E+04   1.382808E+07   1.556940E+01   1.556940E+01   1.729933E+01   1.461017E+01  -1.000000E+01   3.353451E+00  -4.180362E+00        14
   1.663552E+04   1.384471E+07   1.556940E+01   1.556940E+01   1.729933E+01   1.461017E+01  -1.000000E+01   3.353451E+00  -4.180362E+00        14
   1.664552E+04   1.386136E+07   1.556940E+01   1.556940E+01   1.729933E+01   1.461017E+01  -1.000000E+01   3.353451E+00  -4.180362E+00        14
   1.665552E+04   1.387802E+07   1.556940E+01   1.556940E+01   1.729933E+01   1.461017E+01  -1.000000E+01   3.353451E+00  -4.180362E+00        14
   1.666552E+04   1.389468E+07   1.556940E+01   1.556940E+01   1.729933E+01   1.461017E+01  -1.000000E+01   3.353451E+00  -4.180362E+00        14
   1.667552E+04   1.391136E+07   1.556940E+01   1.556940E+01   1.729933E+01   1.461017E+01  -1.000000E+01   3.353451E+00  -4.180362E+00        14
   1.668552E+04   1.392804E+07   1.556940E+01   1.556940E+01   1.729933E+01   1.461017E+01  -1.000000E+01   3.353451E+00  -4.180362E+00        14
   1.669552E+04   1.394474E+07   1.556940E+01   1.556940E+01   1.729933E+01   1.461017E+01  -1.000000E+01   3.353451E+00  -4.180362E+00        14
   1.670552E+04   1.396144E+07   1.556940E+01   1.556940E+01   1.729933E+01   1.461017E+01  -1.000000E+01   3.353451E+00  -4.180362E+00        14
   1.671552E+04   1.397816E+07   1.556940E+01   1.556940E+01   1.729933E+01   1.461017E+01  -1.000000E+01   3.353451E+00  -4.180362E+00        14
   1.672552E+04   1.399488E+07   1.556940E+01   1.556940E+01   1.729933E+01   1.461017E+01  -1.000000E+01   3.353451E+00  -4.180362E+00        14
   1.673552E+04   1.401162E+07   1.556940E+01   1.556940E+01   1.729933E+01   1.461017E+01  -1.000000E+01   3.353451E+00  -4.180362E+00        14
   1.674552E+04   1.402836E+07   1.556940E+01   1.556940E+01   1.729933E+01   1.461017E+01  -1.000000E+01   3.353451E+00  -4.180362E+00        14
   1.675552E+04   1.404512E+07   1.556940E+01   1.556940E+01   1.729933E+01   1.461017E+01  -1.000000E+01   3.353451E+00  -4.180362E+00        14
   1.676552E+04   1.406188E+07   1.556940E+01   1.556940E+01   1.729933E+01   1.461017E+01  -1.000000E+01   3.353451E+00  -4.180362E+00        14
   1.677552E+04   1.407866E+07   1.556940E+01   1.556940E+01   1.729933E+01   1.461017E+01  -1.000000E+01   3.353451E+00  -4.180362E+00        14
   1.678552E+04   1.409544E+07   1.556940E+01   1.556940E+01   1.729933E+01   1.461017E+01  -1.000000E+01   3.353451E+00  -4.180362E+00        14
   1.679552E+04   1.411224E+07   1.556940E+01   1.556940E+01   1.729933E+01   1.461017E+01  -1.000000E+01   3.353451E+00  -4.180362E+00        14
   1.680552E+04   1.412904E+07   1.556940E+01   1.556940E+01   1.729933E+01   1.461017E+01  -1.000000E+01   3.353451E+00  -4.180362E+00        14
   1.681552E+04   1.414586E+07   1.556940E+01   1.556940E+01   1.729933E+01   1.461017E+01  -1.000000E+01   3.353451E+00  -4.180362E+00        14
   1.682552E+04   1.416268E+07   1.556940E+01   1.556940E+01   1.729933E+01   1.461017E+01  -1.000000E+01   3.353451E+00  -4.180362E+00        14
   1.683552E+04   1.417952E+07   1.556940E+01   1.556940E+01   1.729933E+01   1.461017E+01  -1.000000E+01   3.353451E+00  -4.180362E+00        14
   1.684552E+04   1.419636E+07   1.556940E+01   1.556940E+01   1.729933E+01   1.461017E+01  -1.000000E+01   3.353451E+00  -4.180362E+00        14
   1.685552E+04   1.421322E+07   1.556940E+01   1.556940E+01   1.729933E+01   1.461017E+01  -1.000000E+01   3.353451E+00  -4.180362E+00        14
   1.686552E+04   1.423008E+07   1.556940E+01   1.556940E+01   1.729933E+01   1.461017E+01  -1.000000E+01   3.353451E+00  -4.180362E+00        14
   1.687552E+04   1.424696E+07   1.556940E+01   1.556940E+01   1.729933E+01   1.461017E+01  -1.000000E+01   3.353451E+00  -4.180362E+00        14
   1.688552E+04   1.426384E+07   1.556940E+01   1.556940E+01   1.729933E+01   1.461017E+01  -1.000000E+01   3.353451E+00  -4.180362E+00        14
   1.689552E+04   1.428074E+07   1.556940E+01   1.556940E+01   1.729933E+01   1.461017E+01  -1.000000E+01   3.353451E+00  -4.180362E+00        14
   1.690552E+04   1.429764E+07   1.556940E+01   1.556940E+01   1.729933E+01   1.461017E+01  -1.000000E+01   3.353451E+00  -4.180362E+00        14
   1.691552E+04   1.431456E+07   1.556940E+01   1.556940E+01   1.729933E+01   1.461017E+01  -1.000000E+01   3.353451E+00  -4.180362E+00        14
   1.692552E+04   1.433148E+07   1.556940E+01   1.556940E+01   1.729933E+01   1.461017E+01  -1.000000E+01   3.353451E+00  -4.180362E+00        14
   1.693552E+04   1.434842E+07   1.556940E+01   1.556940E+01   1.729933E+01   1.461017E+01  -1.000000E+01   3.353451E+00  -4.180362E+00        14
   1.694552E+04   1.436536E+07   1.556940E+01   1.556940E+01   1.729933E+01   1.461017E+01  -1.000000E+01   3.353451E+00  -4.180362E+00        14
   1.695552E+04   1.438232E+07   1.556940E+01   1.556940E+01   1.729933E+01   1.461017E+01  -1.000000E+01   3.353451E+00  -4.180362E+00        14
   1.696552E+04   1.439928E+07   1.556940E+01   1.556940E+01   1.729933E+01   1.461017E+01  -1.000000E+01   3.353451E+00  -4.180362E+00        14
   1.697552E+04   1.441626E+07   1.556940E+01   1.556940E+01   1.729933E+01   1.461017E+01  -1.000000E+01   3.353451E+00  -4.180362E+00        14
   1.698552E+04   1.443325E+07   1.556940E+01   1.556940E+01   1.729933E+01   1.461017E+01  -1.000000E+01   3.353451E+00  -4.180362E+00        14
   1.699552E+04   1.445024E+07   1.556940E+01   1.556940E+01   1.729933E+01   1.461017E+01  -1.000000E+01   3.353451E+00  -4.180362E+00        14
   1.700552E+04   1.446725E+07   1.556940E+01   1.556940E+01   1.729933E+01   1.461017E+01  -1.000000E+01   3.353451E+00  -4.180362E+00        14
   1.701552E+04   1.448426E+07   1.556940E+01   1.556940E+01   1.729933E+01   1.461017E+01  -1.000000E+01   3.353451E+00  -4.180362E+00        14
   1.702552E+04   1.450129E+07   1.556940E+01   1.556940E+01   1.729933E+01   1.461017E+01  -1.000000E+01   3.353451E+00  -4.180362E+00        14
   1.703552E+04   1.451832E+07   1.556940E+01   1.556940E+01   1.729933E+01   1.461017E+01  -1.000000E+01   3.353451E+00  -4.180362E+00        14
   1.704552E+04   1.453537E+07   1.556940E+01   1.556940E+01   1.729933E+01   1.461017E+01  -1.000000E+01   3.353451E+00  -4.180362E+00        14
   1.705552E+04   1.455242E+07   1.556940E+01   1.556940E+01   1.729933E+01   1.461017E+01  -1.000000E+01   3.353451E+00  -4.180362E+00        14
   1.706552E+04   1.456949E+07   1.556940E+01   1.556940E+01   1.729933E+01   1.461017E+01  -1.000000E+01   3.353451E+00  -4.180362E+00        14
   1.707552E+04   1.458656E+07   1.556940E+01   1.556940E+01   1.729933E+01   1.461017E+01  -1.000000E+01   3.353451E+00  -4.180362E+00        14
   1.708552E+04   1.460365E+07   1.556940E+01   1.556940E+01   1.729933E+01   1.461017E+01  -1.000000E+01   3.353451E+00  -4.180362E+00        14
   1.709552E+04   1.462074E+07   1.556940E+01   1.556940E+01   1.729933E+01   1.461017E+01  -1.000000E+01   3.353451E+00  -4.180362E+00        14
   1.710552E+04   1.463785E+07   1.556940E+01   1.556940E+01   1.729933E+01   1.461017E+01  -1.000000E+01   3.353451E+00  -4.180362E+00        14
   1.711552E+04   1.465496E+07   1.556940E+01   1.556940E+01   1.729933E+01   1.461017E+01  -1.000000E+01   3.353451E+00  -4.180362E+00        14
   1.712552E+04   1.467209E+07   1.556940E+01   1.556940E+01   1.729933E+01   1.461017E+01  -1.000000E+01   3.353451E+00  -4.180362E+00        14
   1.713552E+04   1.468922E+07   1.556940E+01   1.556940E+01   1.729933E+01   1.461017E+01  -1.000000E+01   3.353451E+00  -4.180362E+00        14
   1.714552E+04   1.470637E+07   1.556940E+01   1.556940E+01   1.729933E+01   1.461017E+01  -1.000000E+01   3.353451E+00  -4.180362E+00        14
   1.715552E+04   1.472352E+07   1.556940E+01   1.556940E+01   1.729933E+01   1.461017E+01  -1.000000E+01   3.353451E+00  -4.180362E+00        14
   1.716552E+04   1.474069E+07   1.556940E+01   1.556940E+01   1.729933E+01   1.461017E+01  -1.000000E+01   3.353451E+00  -4.180362E+00        14
   1.717552E+04   1.475786E+07   1.556940E+01   1.556940E+01   1.729933E+01   1.461017E+01  -1.000000E+01   3.353451E+00  -4.180362E+00        14
   1.718552E+04   1.477505E+07   1.556940E+01   1.556940E+01   1.729933E+01   1.461017E+01  -1.000000E+01   3.353451E+00  -4.180362E+00        14
   1.719552E+04   1.479224E+07   1.556940E+01   1.556940E+01   1.729933E+01   1.461017E+01  -1.000000E+01   3.353451E+00  -4.180362E+00        14
   1.720552E+04   1.480945E+07   1.556940E+01   1.556940E+01   1.729933E+01   1.461017E+01  -1.000000E+01   3.353451E+00  -4.180362E+00        14
   1.721552E+04   1.482666E+07   1.556940E+01   1.556940E+01   1.729933E+01   1.461017E+01  -1.000000E+01   3.353451E+00  -4.180362E+00        14
   1.722552E+04   1.484389E+07   1.556940E+01   1.556940E+01   1.729933E+01   1.461017E+01  -1.000000E+01   3.353451E+00  -4.180362E+00        14
   1.723552E+04   1.486112E+07   1.556940E+01   1.556940E+01   1.729933E+01   1.461017E+01  -1.000000E+01   3.353451E+00  -4.180362E+00        14
   1.724552E+04   1.487837E+07   1.556940E+01   1.556940E+01   1.729933E+01   1.461017E+01  -1.000000E+01   3.353451E+00  -4.180362E+00        14
   1.725552E+04   1.489562E+07   1.556940E+01   1.556940E+01   1.729933E+01   1.461017E+01  -1.000000E+01   3.353451E+00  -4.180362E+00        14
   1.726552E+04   1.491289E+07   1.556940E+01   1.556940E+01   1.729933E+01   1.461017E+01  -1.000000E+01   3.353451E+00  -4.180362E+00        14
   1.727552E+04   1.493016E+07   1.556940E+01   1.556940E+01   1.729933E+01   1.461017E+01  -1.000000E+01   3.353451E+00  -4.180362E+00        14
   1.728552E+04   1.494745E+07   1.556940E+01   1.556940E+01   1.729933E+01   1.461017E+01  -1.000000E+01   3.353451E+00  -4.180362E+00        14
   1.729552E+04   1.496474E+07   1.556940E+01   1.556940E+01   1.729933E+01   1.461017E+01  -1.000000E+01   3.353451E+00  -4.180362E+00        14
   1.730552E+04   1.498205E+07   1.556940E+01   1.556940E+01   1.729933E+01   1.461017E+01  -1.000000E+01   3.353451E+00  -4.180362E+00        14
   1.731552E+04   1.499936E+07   1.556940E+01   1.556940E+01   1.729933E+01   1.461017E+01  -1.000000E+01   3.353451E+00  -4.180362E+00        14
   1.732552E+04   1.501669E+07   1.556940E+01   1.556940E+01   1.729933E+01   1.461017E+01  -1.000000E+01   3.353451E+00  -4.180362E+00        14
   1.733552E+04   1.503403E+07   1.556940E+01   1.556940E+01   1.729933E+01   1.461017E+01  -1.000000E+01   3.353451E+00  -4.180362E+00        14
   1.734552E+04   1.505137E+07   1.556940E+01   1.556940E+01   1.729933E+01   1.461017E+01  -1.000000E+01   3.353451E+00  -4.180362E+00        14
   1.735552E+04   1.506873E+07   1.556940E+01   1.556940E+01   1.729933E+01   1.461017E+01  -1.000000E+01   3.353451E+00  -4.180362E+00        14
   1.736552E+04   1.508609E+07   1.556940E+01   1.556940E+01   1.729933E+01   1.461017E+01  -1.000000E+01   3.353451E+00  -4.180362E+00        14
   1.737552E+04   1.510347E+07   1.556940E+01   1.556940E+01   1.729933E+01   1.461017E+01  -1.000000E+01   3.353451E+00  -4.180362E+00        14
   1.738552E+04   1.512085E+07   1.556940E+01   1.556940E+01   1.729933E+01   1.461017E+01  -1.000000E+01   3.353451E+00  -4.180362E+00        14
   1.739552E+04   1.513825E+07   1.556940E+01   1.556940E+01   1.729933E+01   1.461017E+01  -1.000000E+01   3.353451E+00  -4.180362E+00        14
   1.740552E+04   1.515565E+07   1.556940E+01   1.556940E+01   1.729933E+01   1.461017E+01  -1.000000E+01   3.353451E+00  -4.180362E+00        14
   1.741552E+04   1.517307E+07   1.556940E+01   1.556940E+01   1.729933E+01   1.461017E+01  -1.000000E+01   3.353451E+00  -4.180362E+00        14
   1.742552E+04   1.519049E+07   1.556940E+01   1.556940E+01   1.729933E+01   1.461017E+01  -1.000000E+01   3.353451E+00  -4.180362E+00        14
   1.743552E+04   1.520793E+07   1.556940E+01   1.556940E+01   1.729933E+01   1.461017E+01  -1.000000E+01   3.353451E+00  -4.180362E+00        14
   1.744552E+04   1.522537E+07   1.556940E+01   1.556940E+01   1.729933E+01   1.461017E+01  -1.000000E+01   3.353451E+00  -4.180362E+00        14
   1.745552E+04   1.524283E+07   1.556940E+01   1.556940E+01   1.729933E+01   1.461017E+01  -1.000000E+01   3.353451E+00  -4.180362E+00        14
   1.746552E+04   1.526029E+07   1.556940E+01   1.556940E+01   1.729933E+01   1.461017E+01  -1.000000E+01   3.353451E+00  -4.180362E+00        14
   1.747552E+04   1.527777E+07   1.556940E+01   1.556940E+01   1.729933E+01   1.461017E+01  -1.000000E+01   3.353451E+00  -4.180362E+00        14
   1.748552E+04   1.529525E+07   1.556940E+01   1.556940E+01   1.729933E+01   1.461017E+01  -1.000000E+01   3.353451E+00  -4.180362E+00        14
   1.749552E+04   1.531275E+07   1.556940E+01   1.556940E+01   1.729933E+01   1.461017E+01  -1.000000E+01   3.353451E+00  -4.180362E+00        14
   1.750552E+04   1.533025E+07   1.556940E+01   1.556940E+01   1.729933E+01   1.461017E+01  -1.000000E+01   3.353451E+00  -4.180362E+00        14
   1.751552E+04   1.534777E+07   1.556940E+01   1.556940E+01   1.729933E+01   1.461017E+01  -1.000000E+01   3.353451E+00  -4.180362E+00        14
   1.752552E+04   1.536529E+07   1.556940E+01   1.556940E+01   1.729933E+01   1.461017E+01  -1.000000E+01   3.353451E+00  -4.180362E+00        14
   1.753552E+04   1.538283E+07   1.556940E+01   1.556940E+01   1.729933E+01   1.461017E+01  -1.000000E+01   3.353451E+00  -4.180362E+00        14
   1.754552E+04   1.540037E+07   1.556940E+01   1.556940E+01   1.729933E+01   1.461017E+01  -1.000000E+01   3.353451E+00  -4.180362E+00        14
   1.755552E+04   1.541793E+07   1.556940E+01   1.556940E+01   1.729933E+01   1.461017E+01  -1.000000E+01   3.353451E+00  -4.180362E+00        14
   1.756552E+04   1.543549E+07   1.556940E+01   1.556940E+01   1.729933E+01   1.461017E+01  -1.000000E+01   3.353451E+00  -4.180362E+00        14
   1.757552E+04   1.545307E+07   1.556940E+01   1.556940E+01   1.729933E+01   1.461017E+01  -1.000000E+01   3.353451E+00  -4.180362E+00        14
   1.758552E+04   1.547065E+07   1.556940E+01   1.556940E+01   1.729933E+01   1.461017E+01  -1.000000E+01   3.353451E+00  -4.180362E+00        14
   1.759552E+04   1.548825E+07   1.556940E+01   1.556940E+01   1.729933E+01   1.461017E+01  -1.000000E+01   3.353451E+00  -4.180362E+00        14
   1.760552E+04   1.550585E+07   1.556940E+01   1.556940E+01   1.729933E+01   1.461017E+01  -1.000000E+01   3.353451E+00  -4.180362E+00        14
   1.761552E+04   1.552347E+07   1.556940E+01   1.556940E+01   1.729933E+01   1.461017E+01  -1.000000E+01   3.353451E+00  -4.180362E+00        14
   1.762552E+04   1.554109E+07   1.556940E+01   1.556940E+01   1.729933E+01   1.461017E+01  -1.000000E+01   3.353451E+00  -4.180362E+00        14
   1.763552E+04   1.555873E+07   1.556940E+01   1.556940E+01   1.729933E+01   1.461017E+01  -1.000000E+01   3.353451E+00  -4.180362E+00        14
   1.764552E+04   1.557637E+07   1.556940E+01   1.556940E+01   1.729933E+01   1.461017E+01  -1.000000E+01   3.353451E+00  -4.180362E+00        14
   1.765552E+04   1.559403E+07   1.556940E+01   1.556940E+01   1.729933E+01   1.461017E+01  -1.000000E+01   3.353451E+00  -4.180362E+00        14
   1.766552E+04   1.561169E+07   1.556940E+01   1.556940E+01   1.729933E+01   1.461017E+01  -1.000000E+01   3.353451E+00  -4.180362E+00        14
   1.767552E+04   1.562937E+07   1.556940E+01   1.556940E+01   1.729933E+01   1.461017E+01  -1.000000E+01   3.353451E+00  -4.180362E+00        14
   1.768552E+04   1.564706E+07   1.556940E+01   1.556940E+01   1.729933E+01   1.461017E+01  -1.000000E+01   3.353451E+00  -4.180362E+00        14
   1.769552E+04   1.566475E+07   1.556940E+01   1.556940E+01   1.729933E+01   1.461017E+01  -1.000000E+01   3.353451E+00  -4.180362E+00        14
   1.770552E+04   1.568246E+07   1.556940E+01   1.556940E+01   1.729933E+01   1.461017E+01  -1.000000E+01   3.353451E+00  -4.180362E+00        14
   1.771552E+04   1.570017E+07   1.556940E+01   1.556940E+01   1.729933E+01   1.461017E+01  -1.000000E+01   3.353451E+00  -4.180362E+00        14
   1.772552E+04   1.571790E+07   1.556940E+01   1.556940E+01   1.729933E+01   1.461017E+01  -1.000000E+01   3.353451E+00  -4.180362E+00        14
   1.773552E+04   1.573563E+07   1.556940E+01   1.556940E+01   1.729933E+01   1.461017E+01  -1.000000E+01   3.353451E+00  -4.180362E+00        14
   1.774552E+04   1.575338E+07   1.556940E+01   1.556940E+01   1.729933E+01   1.461017E+01  -1.000000E+01   3.353451E+00  -4.180362E+00        14
   1.775552E+04   1.577113E+07   1.556940E+01   1.556940E+01   1.729933E+01   1.461017E+01  -1.000000E+01   3.353451E+00  -4.180362E+00        14
   1.776552E+04   1.578890E+07   1.556940E+01   1.556940E+01   1.729933E+01   1.461017E+01  -1.000000E+01   3.353451E+00  -4.180362E+00        14
   1.777552E+04   1.580667E+07   1.556940E+01   1.556940E+01   1.729933E+01   1.461017E+01  -1.000000E+01   3.353451E+00  -4.180362E+00        14
   1.778552E+04   1.582446E+07   1.556940E+01   1.556940E+01   1.729933E+01   1.461017E+01  -1.000000E+01   3.353451E+00  -4.180362E+00        14
   1.779552E+04   1.584225E+07   1.556940E+01   1.556940E+01   1.729933E+01   1.461017E+01  -1.000000E+01   3.353451E+00  -4.180362E+00        14
   1.780552E+04   1.586006E+07   1.556940E+01   1.556940E+01   1.729933E+01   1.461017E+01  -1.000000E+01   3.353451E+00  -4.180362E+00        14
   1.781552E+04   1.587787E+07   1.556940E+01   1.556940E+01   1.729933E+01   1.461017E+01  -1.000000E+01   3.353451E+00  -4.180362E+00        14
   1.782552E+04   1.589570E+07   1.556940E+01   1.556940E+01   1.729933E+01   1.461017E+01  -1.000000E+01   3.353451E+00  -4.180362E+00        14
   1.783552E+04   1.591353E+07   1.556940E+01   1.556940E+01   1.729933E+01   1.461017E+01  -1.000000E+01   3.353451E+00  -4.180362E+00        14
   1.784552E+04   1.593138E+07   1.556940E+01   1.556940E+01   1.729933E+01   1.461017E+01  -1.000000E+01   3.353451E+00  -4.180362E+00        14
   1.785552E+04   1.594923E+07   1.556940E+01   1.556940E+01   1.729933E+01   1.461017E+01  -1.000000E+01   3.353451E+00  -4.180362E+00        14
   1.786552E+04   1.596710E+07   1.556940E+01   1.556940E+01   1.729933E+01   1.461017E+01  -1.000000E+01   3.353451E+00  -4.180362E+00        14
   1.787552E+04   1.598497E+07   1.556940E+01   1.556940E+01   1.729933E+01   1.461017E+01  -1.000000E+01   3.353451E+00  -4.180362E+00        14
   1.788552E+04   1.600286E+07   1.556940E+01   1.556940E+01   1.729933E+01   1.461017E+01  -1.000000E+01   3.353451E+00  -4.180362E+00        14
   1.789552E+04   1.602075E+07   1.556940E+01   1.556940E+01   1.729933E+01   1.461017E+01  -1.000000E+01   3.353451E+00  -4.180362E+00        14
   1.790552E+04   1.603866E+07   1.556940E+01   1.556940E+01   1.729933E+01   1.461017E+01  -1.000000E+01   3.353451E+00  -4.180362E+00        14
   1.791552E+04   1.605657E+07   1.556940E+01   1.556940E+01   1.729933E+01   1.461017E+01  -1.000000E+01   3.353451E+00  -4.180362E+00        14
   1.792552E+04   1.607450E+07   1.556940E+01   1.556940E+01   1.729933E+01   1.461017E+01  -1.000000E+01   3.353451E+00  -4.180362E+00        14
   1.793552E+04   1.609243E+07   1.556940E+01   1.556940E+01   1.729933E+01   1.461017E+01  -1.000000E+01   3.353451E+00  -4.180362E+00        14
   1.794552E+04   1.611038E+07   1.556940E+01   1.556940E+01   1.729933E+01   1.461017E+01  -1.000000E+01   3.353451E+00  -4.180362E+00        14
   1.795552E+04   1.612833E+07   1.556940E+01   1.556940E+01   1.729933E+01   1.461017E+01  -1.000000E+01   3.353451E+00  -4.180362E+00        14
   1.796552E+04   1.614630E+07   1.556940E+01   1.556940E+01   1.729933E+01   1.461017E+01  -1.000000E+01   3.353451E+00  -4.180362E+00        14
   1.797552E+04   1.616427E+07   1.556940E+01   1.556940E+01   1.729933E+01   1.461017E+01  -1.000000E+01   3.353451E+00  -4.180362E+00        14
   1.798552E+04   1.618226E+07   1.556940E+01   1.556940E+01   1.729933E+01   1.461017E+01  -1.000000E+01   3.353451E+00  -4.180362E+00        14
   1.799552E+04   1.620025E+07   1.556940E+01   1.556940E+01   1.729933E+01   1.461017E+01  -1.000000E+01   3.353451E+00  -4.180362E+00        14
   1.800552E+04   1.621826E+07   1.556940E+01   1.556940E+01   1.729933E+01   1.461017E+01  -1.000000E+01   3.353451E+00  -4.180362E+00        14
   1.801552E+04   1.623627E+07   1.556940E+01   1.556940E+01   1.729933E+01   1.461017E+01  -1.000000E+01   3.353451E+00  -4.180362E+00        14
   1.802552E+04   1.625430E+07   1.556940E+01   1.556940E+01   1.729933E+01   1.461017E+01  -1.000000E+01   3.353451E+00  -4.180362E+00        14
   1.803552E+04   1.627234E+07   1.556940E+01   1.556940E+01   1.729933E+01   1.461017E+01  -1.000000E+01   3.353451E+00  -4.180362E+00        14
   1.804552E+04   1.629038E+07   1.556940E+01   1.556940E+01   1.729933E+01   1.461017E+01  -1.000000E+01   3.353451E+00  -4.180362E+00        14
   1.805552E+04   1.630844E+07   1.556940E+01   1.556940E+01   1.729933E+01   1.461017E+01  -1.000000E+01   3.353451E+00  -4.180362E+00        14
   1.806552E+04   1.632650E+07   1.556940E+01   1.556940E+01   1.729933E+01   1.461017E+01  -1.000000E+01   3.353451E+00  -4.180362E+00        14
   1.807552E+04   1.634458E+07   1.556940E+01   1.556940E+01   1.729933E+01   1.461017E+01  -1.000000E+01   3.353451E+00  -4.180362E+00        14
   1.808552E+04   1.636266E+07   1.556940E+01   1.556940E+01   1.729933E+01   1.461017E+01  -1.000000E+01   3.353451E+00  -4.180362E+00        14
   1.809552E+04   1.638076E+07   1.556940E+01   1.556940E+01   1.729933E+01   1.461017E+01  -1.000000E+01   3.353451E+00  -4.180362E+00        14
   1.810552E+04   1.639886E+07   1.556940E+01   1.556940E+01   1.729933E+01   1.461017E+01  -1.000000E+01   3.353451E+00  -4.180362E+00        14
   1.811552E+04   1.641698E+07   1.556940E+01   1.556940E+01   1.729933E+01   1.461017E+01  -1.000000E+01   3.353451E+00  -4.180362E+00        14
   1.812552E+04   1.643510E+07   1.556940E+01   1.556940E+01   1.729933E+01   1.461017E+01  -1.000000E+01   3.353451E+00  -4.180362E+00        14
   1.813552E+04   1.645324E+07   1.556940E+01   1.556940E+01   1.729933E+01   1.461017E+01  -1.000000E+01   3.353451E+00  -4.180362E+00        14
   1.814552E+04   1.647138E+07   1.556940E+01   1.556940E+01   1.729933E+01   1.461017E+01  -1.000000E+01   3.353451E+00  -4.180362E+00        14
   1.815552E+04   1.648954E+07   1.556940E+01   1.556940E+01   1.729933E+01   1.461017E+01  -1.000000E+01   3.353451E+00  -4.180362E+00        14
   1.816552E+04   1.650770E+07   1.556940E+01   1.556940E+01   1.729933E+01   1.461017E+01  -1.000000E+01   3.353451E+00  -4.180362E+00        14
   1.817552E+04   1.652588E+07   1.556940E+01   1.556940E+01   1.729933E+01   1.461017E+01  -1.000000E+01   3.353451E+00  -4.180362E+00        14
   1.818552E+04   1.654406E+07   1.556940E+01   1.556940E+01   1.729933E+01   1.461017E+01  -1.000000E+01   3.353451E+00  -4.180362E+00        14
   1.819552E+04   1.656226E+07   1.556940E+01   1.556940E+01   1.729933E+01   1.461017E+01  -1.000000E+01   3.353451E+00  -4.180362E+00        14
   1.820552E+04   1.658046E+07   1.556940E+01   1.556940E+01   1.729933E+01   1.461017E+01  -1.000000E+01   3.353451E+00  -4.180362E+00        14
   1.821552E+04   1.659868E+07   1.556940E+01   1.556940E+01   1.729933E+01   1.461017E+01  -1.000000E+01   3.353451E+00  -4.180362E+00        14
   1.822552E+04   1.661690E+07   1.556940E+01   1.556940E+01   1.729933E+01   1.461017E+01  -1.000000E+01   3.353451E+00  -4.180362E+00        14
   1.823552E+04   1.663514E+07   1.556940E+01   1.556940E+01   1.729933E+01   1.461017E+01  -1.000000E+01   3.353451E+00  -4.180362E+00        14
   1.824552E+04   1.665338E+07   1.556940E+01   1.556940E+01   1.729933E+01   1.461017E+01  -1.000000E+01   3.353451E+00  -4.180362E+00        14
   1.825552E+04   1.667164E+07   1.556940E+01   1.556940E+01   1.729933E+01   1.461017E+01  -1.000000E+01   3.353451E+00  -4.180362E+00        14
   1.826552E+04   1.668990E+07   1.556940E+01   1.556940E+01   1.729933E+01   1.461017E+01  -1.000000E+01   3.353451E+00  -4.180362E+00        14
   1.827552E+04   1.670818E+07   1.556940E+01   1.556940E+01   1.729933E+01   1.461017E+01  -1.000000E+01   3.353451E+00  -4.180362E+00        14
   1.828552E+04   1.672646E+07   1.556940E+01   1.556940E+01   1.729933E+01   1.461017E+01  -1.000000E+01   3.353451E+00  -4.180362E+00        14
   1.829552E+04   1.674476E+07   1.556940E+01   1.556940E+01   1.729933E+01   1.461017E+01  -1.000000E+01   3.353451E+00  -4.180362E+00        14
   1.830552E+04   1.676306E+07   1.556940E+01   1.556940E+01   1.729933E+01   1.461017E+01  -1.000000E+01   3.353451E+00  -4.180362E+00        14
   1.831552E+04   1.678138E+07   1.556940E+01   1.556940E+01   1.729933E+01   1.461017E+01  -1.000000E+01   3.353451E+00  -4.180362E+00        14
   1.832552E+04   1.679970E+07   1.556940E+01   1.556940E+01   1.729933E+01   1.461017E+01  -1.000000E+01   3.353451E+00  -4.180362E+00        14
   1.833552E+04   1.681804E+07   1.556940E+01   1.556940E+01   1.729933E+01   1.461017E+01  -1.000000E+01   3.353451E+00  -4.180362E+00        14
   1.834552E+04   1.683638E+07   1.556940E+01   1.556940E+01   1.729933E+01   1.461017E+01  -1.000000E+01   3.353451E+00  -4.180362E+00        14
   1.835552E+04   1.685474E+07   1.556940E+01   1.556940E+01   1.729933E+01   1.461017E+01  -1.000000E+01   3.353451E+00  -4.180362E+00        14
   1.836552E+04   1.687310E+07   1.556940E+01   1.556940E+01   1.729933E+01   1.461017E+01  -1.000000E+01   3.353451E+00  -4.180362E+00        14
   1.837552E+04   1.689148E+07   1.556940E+01   1.556940E+01   1.729933E+01   1.461017E+01  -1.000000E+01   3.353451E+00  -4.180362E+00        14
   1.838552E+04   1.690987E+07   1.556940E+01   1.556940E+01   1.729933E+01   1.461017E+01  -1.000000E+01   3.353451E+00  -4.180362E+00        14
   1.839552E+04   1.692826E+07   1.556940E+01   1.556940E+01   1.729933E+01   1.461017E+01  -1.000000E+01   3.353451E+00  -4.180362E+00        14
   1.840552E+04   1.694667E+07   1.556940E+01   1.556940E+01   1.729933E+01   1.461017E+01  -1.000000E+01   3.353451E+00  -4.180362E+00        14
   1.841552E+04   1.696508E+07   1.556940E+01   1.556940E+01   1.729933E+01   1.461017E+01  -1.000000E+01   3.353451E+00  -4.180362E+00        14
   1.842552E+04   1.698351E+07   1.556940E+01   1.556940E+01   1.729933E+01   1.461017E+01  -1.000000E+01   3.353451E+00  -4.180362E+00        14
   1.843552E+04   1.700194E+07   1.556940E+01   1.556940E+01   1.729933E+01   1.461017E+01  -1.000000E+01   3.353451E+00  -4.180362E+00        14
   1.844552E+04   1.702039E+07   1.556940E+01   1.556940E+01   1.729933E+01   1.461017E+01  -1.000000E+01   3.353451E+00  -4.180362E+00        14
   1.845552E+04   1.703884E+07   1.556940E+01   1.556940E+01   1.729933E+01   1.461017E+01  -1.000000E+01   3.353451E+00  -4.180362E+00        14
   1.846552E+04   1.705731E+07   1.556940E+01   1.556940E+01   1.729933E+01   1.461017E+01  -1.000000E+01   3.353451E+00  -4.180362E+00        14
   1.847552E+04   1.707578E+07   1.556940E+01   1.556940E+01   1.729933E+01   1.461017E+01  -1.000000E+01   3.353451E+00  -4.180362E+00        14
   1.848552E+04   1.709427E+07   1.556940E+01   1.556940E+01   1.729933E+01   1.461017E+01  -1.000000E+01   3.353451E+00  -4.180362E+00        14
   1.849552E+04   1.711276E+07   1.556940E+01   1.556940E+01   1.729933E+01   1.461017E+01  -1.000000E+01   3.353451E+00  -4.180362E+00        14
   1.850552E+04   1.713127E+07   1.556940E+01   1.556940E+01   1.729933E+01   1.461017E+01  -1.000000E+01   3.353451E+00  -4.180362E+00        14
   1.851552E+04   1.714978E+07   1.556940E+01   1.556940E+01   1.729933E+01   1.461017E+01  -1.000000E+01   3.353451E+00  -4.180362E+00        14
   1.852552E+04   1.716831E+07   1.556940E+01   1.556940E+01   1.729933E+01   1.461017E+01  -1.000000E+01   3.353451E+00  -4.180362E+00        14
   1.853552E+04   1.718684E+07   1.556940E+01   1.556940E+01   1.729933E+01   1.461017E+01  -1.000000E+01   3.353451E+00  -4.180362E+00        14
   1.854552E+04   1.720539E+07   1.556940E+01   1.556940E+01   1.729933E+01   1.461017E+01  -1.000000E+01   3.353451E+00  -4.180362E+00        14
   1.855552E+04   1.722394E+07   1.556940E+01   1.556940E+01   1.729933E+01   1.461017E+01  -1.000000E+01   3.353451E+00  -4.180362E+00        14
   1.856552E+04   1.724251E+07   1.556940E+01   1.556940E+01   1.729933E+01   1.461017E+01  -1.000000E+01   3.353451E+00  -4.180362E+00        14
   1.857552E+04   1.726108E+07   1.556940E+01   1.556940E+01   1.729933E+01   1.461017E+01  -1.000000E+01   3.353451E+00  -4.180362E+00        14
   1.858552E+04   1.727967E+07   1.556940E+01   1.556940E+01   1.729933E+01   1.461017E+01  -1.000000E+01   3.353451E+00  -4.180362E+00        14
   1.859552E+04   1.729826E+07   1.556940E+01   1.556940E+01   1.729933E+01   1.461017E+01  -1.000000E+01   3.353451E+00  -4.180362E+00        14
   1.860552E+04   1.731687E+07   1.556940E+01   1.556940E+01   1.729933E+01   1.461017E+01  -1.000000E+01   3.353451E+00  -4.180362E+00        14
   1.861552E+04   1.733548E+07   1.556940E+01   1.556940E+01   1.729933E+01   1.461017E+01  -1.000000E+01   3.353451E+00  -4.180362E+00        14
   1.862552E+04   1.735411E+07   1.556940E+01   1.556940E+01   1.729933E+01   1.461017E+01  -1.000000E+01   3.353451E+00  -4.180362E+00        14
   1.863552E+04   1.737274E+07   1.556940E+01   1.556940E+01   1.729933E+01   1.461017E+01  -1.000000E+01   3.353451E+00  -4.180362E+00        14
   1.864552E+04   1.739139E+07   1.556940E+01   1.556940E+01   1.729933E+01   1.461017E+01  -1.000000E+01   3.353451E+00  -4.180362E+00        14
   1.865552E+04   1.741004E+07   1.556940E+01   1.556940E+01   1.729933E+01   1.461017E+01  -1.000000E+01   3.353451E+00  -4.180362E+00        14
   1.866552E+04   1.742871E+07   1.556940E+01   1.556940E+01   1.729933E+01   1.461017E+01  -1.000000E+01   3.353451E+00  -4.180362E+00        14
   1.867552E+04   1.744738E+07   1.556940E+01   1.556940E+01   1.729933E+01   1.461017E+01  -1.000000E+01   3.353451E+00  -4.180362E+00        14
   1.868552E+04   1.746607E+07   1.556940E+01   1.556940E+01   1.729933E+01   1.461017E+01  -1.000000E+01   3.353451E+00  -4.180362E+00        14
   1.869552E+04   1.748476E+07   1.556940E+01   1.556940E+01   1.729933E+01   1.461017E+01  -1.000000E+01   3.353451E+00  -4.180362E+00        14
   1.870552E+04   1.750347E+07   1.556940E+01   1.556940E+01   1.729933E+01   1.461017E+01  -1.000000E+01   3.353451E+00  -4.180362E+00        14
   1.871552E+04   1.752219E+07   1.556940E+01   1.556940E+01   1.729933E+01   1.461017E+01  -1.000000E+01   3.353451E+00  -4.180362E+00        14
   1.872552E+04   1.754091E+07   1.556940E+01   1.556940E+01   1.729933E+01   1.461017E+01  -1.000000E+01   3.353451E+00  -4.180362E+00        14
   1.873552E+04   1.755965E+07   1.556940E+01   1.556940E+01   1.729933E+01   1.461017E+01  -1.000000E+01   3.353451E+00  -4.180362E+00        14
   1.874552E+04   1.757839E+07   1.556940E+01   1.556940E+01   1.729933E+01   1.461017E+01  -1.000000E+01   3.353451E+00  -4.180362E+00        14
   1.875552E+04   1.759715E+07   1.556940E+01   1.556940E+01   1.729933E+01   1.461017E+01  -1.000000E+01   3.353451E+00  -4.180362E+00        14
   1.876552E+04   1.761591E+07   1.556940E+01   1.556940E+01   1.729933E+01   1.461017E+01  -1.000000E+01   3.353451E+00  -4.180362E+00        14
   1.877552E+04   1.763469E+07   1.556940E+01   1.556940E+01   1.729933E+01   1.461017E+01  -1.000000E+01   3.353451E+00  -4.180362E+00        14
   1.878552E+04   1.765347E+07   1.556940E+01   1.556940E+01   1.729933E+01   1.461017E+01  -1.000000E+01   3.353451E+00  -4.180362E+00        14
   1.879552E+04   1.767227E+07   1.556940E+01   1.556940E+01   1.729933E+01   1.461017E+01  -1.000000E+01   3.353451E+00  -4.180362E+00        14
   1.880552E+04   1.769107E+07   1.556940E+01   1.556940E+01   1.729933E+01   1.461017E+01  -1.000000E+01   3.353451E+00  -4.180362E+00        14
   1.881552E+04   1.770989E+07   1.556940E+01   1.556940E+01   1.729933E+01   1.461017E+01  -1.000000E+01   3.353451E+00  -4.180362E+00        14
   1.882552E+04   1.772871E+07   1.556940E+01   1.556940E+01   1.729933E+01   1.461017E+01  -1.000000E+01   3.353451E+00  -4.180362E+00        14
   1.883552E+04   1.774755E+07   1.556940E+01   1.556940E+01   1.729933E+01   1.461017E+01  -1.000000E+01   3.353451E+00  -4.180362E+00        14
   1.884552E+04   1.776639E+07   1.556940E+01   1.556940E+01   1.729933E+01   1.461017E+01  -1.000000E+01   3.353451E+00  -4.180362E+00        14
   1.885552E+04   1.778525E+07   1.556940E+01   1.556940E+01   1.729933E+01   1.461017E+01  -1.000000E+01   3.353451E+00  -4.180362E+00        14
   1.886552E+04   1.780411E+07   1.556940E+01   1.556940E+01   1.729933E+01   1.461017E+01  -1.000000E+01   3.353451E+00  -4.180362E+00        14
   1.887552E+04   1.782299E+07   1.556940E+01   1.556940E+01   1.729933E+01   1.461017E+01  -1.000000E+01   3.353451E+00  -4.180362E+00        14
   1.888552E+04   1.784187E+07   1.556940E+01   1.556940E+01   1.729933E+01   1.461017E+01  -1.000000E+01   3.353451E+00  -4.180362E+00        14
   1.889552E+04   1.786077E+07   1.556940E+01   1.556940E+01   1.729933E+01   1.461017E+01  -1.000000E+01   3.353451E+00  -4.180362E+00        14
   1.890552E+04   1.787967E+07   1.556940E+01   1.556940E+01   1.729933E+01   1.461017E+01  -1.000000E+01   3.353451E+00  -4.180362E+00        14
   1.891552E+04   1.789859E+07   1.556940E+01   1.556940E+01   1.729933E+01   1.461017E+01  -1.000000E+01   3.353451E+00  -4.180362E+00        14
   1.892552E+04   1.791751E+07   1.556940E+01   1.556940E+01   1.729933E+01   1.461017E+01  -1.000000E+01   3.353451E+00  -4.180362E+00        14
   1.893552E+04   1.793645E+07   1.556940E+01   1.556940E+01   1.729933E+01   1.461017E+01  -1.000000E+01   3.353451E+00  -4.180362E+00        14
   1.894552E+04   1.795539E+07   1.556940E+01   1.556940E+01   1.729933E+01   1.461017E+01  -1.000000E+01   3.353451E+00  -4.180362E+00        14
   1.895552E+04   1.797435E+07   1.556940E+01   1.556940E+01   1.729933E+01   1.461017E+01  -1.000000E+01   3.353451E+00  -4.180362E+00        14
   1.896552E+04   1.799331E+07   1.556940E+01   1.556940E+01   1.729933E+01   1.461017E+01  -1.000000E+01   3.353451E+00  -4.180362E+00        14
   1.897552E+04   1.801229E+07   1.556940E+01   1.556940E+01   1.729933E+01   1.461017E+01  -1.000000E+01   3.353451E+00  -4.180362E+00        14
   1.898552E+04   1.803127E+07   1.556940E+01   1.556940E+01   1.729933E+01   1.461017E+01  -1.000000E+01   3.353451E+00  -4.180362E+00        14
   1.899552E+04   1.805027E+07   1.556940E+01   1.556940E+01   1.729933E+01   1.461017E+01  -1.000000E+01   3.353451E+00  -4.180362E+00        14
   1.900552E+04   1.806927E+07   1.556940E+01   1.556940E+01   1.729933E+01   1.461017E+01  -1.000000E+01   3.353451E+00  -4.180362E+00        14
   1.901552E+04   1.808829E+07   1.556940E+01   1.556940E+01   1.729933E+01   1.461017E+01  -1.000000E+01   3.353451E+00  -4.180362E+00        14
   1.902552E+04   1.810731E+07   1.556940E+01   1.556940E+01   1.729933E+01   1.461017E+01  -1.000000E+01   3.353451E+00  -4.180362E+00        14
   1.903552E+04   1.812635E+07   1.556940E+01   1.556940E+01   1.729933E+01   1.461017E+01  -1.000000E+01   3.353451E+00  -4.180362E+00        14
   1.904552E+04   1.814539E+07   1.556940E+01   1.556940E+01   1.729933E+01   1.461017E+01  -1.000000E+01   3.353451E+00  -4.180362E+00        14
   1.905552E+04   1.816445E+07   1.556940E+01   1.556940E+01   1.729933E+01   1.461017E+01  -1.000000E+01   3.353451E+00  -4.180362E+00        14
   1.906552E+04   1.818352E+07   1.556940E+01   1.556940E+01   1.729933E+01   1.461017E+01  -1.000000E+01   3.353451E+00  -4.180362E+00        14
   1.907552E+04   1.820259E+07   1.556940E+01   1.556940E+01   1.729933E+01   1.461017E+01  -1.000000E+01   3.353451E+00  -4.180362E+00        14
   1.908552E+04   1.822168E+07   1.556940E+01   1.556940E+01   1.729933E+01   1.461017E+01  -1.000000E+01   3.353451E+00  -4.180362E+00        14
   1.909552E+04   1.824077E+07   1.556940E+01   1.556940E+01   1.729933E+01   1.461017E+01  -1.000000E+01   3.353451E+00  -4.180362E+00        14
   1.910552E+04   1.825988E+07   1.556940E+01   1.556940E+01   1.729933E+01   1.461017E+01  -1.000000E+01   3.353451E+00  -4.180362E+00        14
   1.911552E+04   1.827899E+07   1.556940E+01   1.556940E+01   1.729933E+01   1.461017E+01  -1.000000E+01   3.353451E+00  -4.180362E+00        14
   1.912552E+04   1.829812E+07   1.556940E+01   1.556940E+01   1.729933E+01   1.461017E+01  -1.000000E+01   3.353451E+00  -4.180362E+00        14
   1.913552E+04   1.831725E+07   1.556940E+01   1.556940E+01   1.729933E+01   1.461017E+01  -1.000000E+01   3.353451E+00  -4.180362E+00        14
   1.914552E+04   1.833640E+07   1.556940E+01   1.556940E+01   1.729933E+01   1.461017E+01  -1.000000E+01   3.353451E+00  -4.180362E+00        14
   1.915552E+04   1.835555E+07   1.556940E+01   1.556940E+01   1.729933E+01   1.461017E+01  -1.000000E+01   3.353451E+00  -4.180362E+00        14
   1.916552E+04   1.837472E+07   1.556940E+01   1.556940E+01   1.729933E+01   1.461017E+01  -1.000000E+01   3.353451E+00  -4.180362E+00        14
   1.917552E+04   1.839389E+07   1.556940E+01   1.556940E+01   1.729933E+01   1.461017E+01  -1.000000E+01   3.353451E+00  -4.180362E+00        14
   1.918552E+04   1.841308E+07   1.556940E+01   1.556940E+01   1.729933E+01   1.461017E+01  -1.000000E+01   3.353451E+00  -4.180362E+00        14
   1.919552E+04   1.843227E+07   1.556940E+01   1.556940E+01   1.729933E+01   1.461017E+01  -1.000000E+01   3.353451E+00  -4.180362E+00        14
   1.920552E+04   1.845148E+07   1.556940E+01   1.556940E+01   1.729933E+01   1.461017E+01  -1.000000E+01   3.353451E+00  -4.180362E+00        14
   1.921552E+04   1.847069E+07   1.556940E+01   1.556940E+01   1.729933E+01   1.461017E+01  -1.000000E+01   3.353451E+00  -4.180362E+00        14
   1.922552E+04   1.848992E+07   1.556940E+01   1.556940E+01   1.729933E+01   1.461017E+01  -1.000000E+01   3.353451E+00  -4.180362E+00        14
   1.923552E+04   1.850915E+07   1.556940E+01   1.556940E+01   1.729933E+01   1.461017E+01  -1.000000E+01   3.353451E+00  -4.180362E+00        14
   1.924552E+04   1.852840E+07   1.556940E+01   1.556940E+01   1.729933E+01   1.461017E+01  -1.000000E+01   3.353451E+00  -4.180362E+00        14
   1.925552E+04   1.854765E+07   1.556940E+01   1.556940E+01   1.729933E+01   1.461017E+01  -1.000000E+01   3.353451E+00  -4.180362E+00        14
   1.926552E+04   1.856692E+07   1.556940E+01   1.556940E+01   1.729933E+01   1.461017E+01  -1.000000E+01   3.353451E+00  -4.180362E+00        14
   1.927552E+04   1.858619E+07   1.556940E+01   1.556940E+01   1.729933E+01   1.461017E+01  -1.000000E+01   3.353451E+00  -4.180362E+00        14
   1.928552E+04   1.860548E+07   1.556940E+01   1.556940E+01   1.729933E+01   1.461017E+01  -1.000000E+01   3.353451E+00  -4.180362E+00        14
   1.929552E+04   1.862477E+07   1.556940E+01   1.556940E+01   1.729933E+01   1.461017E+01  -1.000000E+01   3.353451E+00  -4.180362E+00        14
   1.930552E+04   1.864408E+07   1.556940E+01   1.556940E+01   1.729933E+01   1.461017E+01  -1.000000E+01   3.353451E+00  -4.180362E+00        14
   1.931552E+04   1.866339E+07   1.556940E+01   1.556940E+01   1.729933E+01   1.461017E+01  -1.000000E+01   3.353451E+00  -4.180362E+00        14
   1.932552E+04   1.868272E+07   1.556940E+01   1.556940E+01   1.729933E+01   1.461017E+01  -1.000000E+01   3.353451E+00  -4.180362E+00        14
   1.933552E+04   1.870205E+07   1.556940E+01   1.556940E+01   1.729933E+01   1.461017E+01  -1.000000E+01   3.353451E+00  -4.180362E+00        14
   1.934552E+04   1.872140E+07   1.556940E+01   1.556940E+01   1.729933E+01   1.461017E+01  -1.000000E+01   3.353451E+00  -4.180362E+00        14
   1.935552E+04   1.874075E+07   1.556940E+01   1.556940E+01   1.729933E+01   1.461017E+01  -1.000000E+01   3.353451E+00  -4.180362E+00        14
   1.936552E+04   1.876012E+07   1.556940E+01   1.556940E+01   1.729933E+01   1.461017E+01  -1.000000E+01   3.353451E+00  -4.180362E+00        14
   1.937552E+04   1.877949E+07   1.556940E+01   1.556940E+01   1.729933E+01   1.461017E+01  -1.000000E+01   3.353451E+00  -4.180362E+00        14
   1.938552E+04   1.879888E+07   1.556940E+01   1.556940E+01   1.729933E+01   1.461017E+01  -1.000000E+01   3.353451E+00  -4.180362E+00        14
   1.939552E+04   1.881827E+07   1.556940E+01   1.556940E+01   1.729933E+01   1.461017E+01  -1.000000E+01   3.353451E+00  -4.180362E+00        14
   1.940552E+04   1.883768E+07   1.556940E+01   1.556940E+01   1.729933E+01   1.461017E+01  -1.000000E+01   3.353451E+00  -4.180362E+00        14
   1.941552E+04   1.885710E+07   1.556940E+01   1.556940E+01   1.729933E+01   1.461017E+01  -1.000000E+01   3.353451E+00  -4.180362E+00        14
   1.942552E+04   1.887652E+07   1.556940E+01   1.556940E+01   1.729933E+01   1.461017E+01  -1.000000E+01   3.353451E+00  -4.180362E+00        14
   1.943552E+04   1.889596E+07   1.556940E+01   1.556940E+01   1.729933E+01   1.461017E+01  -1.000000E+01   3.353451E+00  -4.180362E+00        14
   1.944552E+04   1.891540E+07   1.556940E+01   1.556940E+01   1.729933E+01   1.461017E+01  -1.000000E+01   3.353451E+00  -4.180362E+00        14
   1.945552E+04   1.893486E+07   1.556940E+01   1.556940E+01   1.729933E+01   1.461017E+01  -1.000000E+01   3.353451E+00  -4.180362E+00        14
   1.946552E+04   1.895432E+07   1.556940E+01   1.556940E+01   1.729933E+01   1.461017E+01  -1.000000E+01   3.353451E+00  -4.180362E+00        14
   1.947552E+04   1.897380E+07   1.556940E+01   1.556940E+01   1.729933E+01   1.461017E+01  -1.000000E+01   3.353451E+00  -4.180362E+00        14
   1.948552E+04   1.899328E+07   1.556940E+01   1.556940E+01   1.729933E+01   1.461017E+01  -1.000000E+01   3.353451E+00  -4.180362E+00        14
   1.949552E+04   1.901278E+07   1.556940E+01   1.556940E+01   1.729933E+01   1.461017E+01  -1.000000E+01   3.353451E+00  -4.180362E+00        14
   1.950552E+04   1.903228E+07   1.556940E+01   1.556940E+01   1.729933E+01   1.461017E+01  -1.000000E+01   3.353451E+00  -4.180362E+00        14
   1.951552E+04   1.905180E+07   1.556940E+01   1.556940E+01   1.729933E+01   1.461017E+01  -1.000000E+01   3.353451E+00  -4.180362E+00        14
   1.952552E+04   1.907132E+07   1.556940E+01   1.556940E+01   1.729933E+01   1.461017E+01  -1.000000E+01   3.353451E+00  -4.180362E+00        14
   1.953552E+04   1.909086E+07   1.556940E+01   1.556940E+01   1.729933E+01   1.461017E+01  -1.000000E+01   3.353451E+00  -4.180362E+00        14
   1.954552E+04   1.911040E+07   1.556940E+01   1.556940E+01   1.729933E+01   1.461017E+01  -1.000000E+01   3.353451E+00  -4.180362E+00        14
   1.955552E+04   1.912996E+07   1.556940E+01   1.556940E+01   1.729933E+01   1.461017E+01  -1.000000E+01   3.353451E+00  -4.180362E+00        14
   1.956552E+04   1.914952E+07   1.556940E+01   1.556940E+01   1.729933E+01   1.461017E+01  -1.000000E+01   3.353451E+00  -4.180362E+00        14
   1.957552E+04   1.916910E+07   1.556940E+01   1.556940E+01   1.729933E+01   1.461017E+01  -1.000000E+01   3.353451E+00  -4.180362E+00        14
   1.958552E+04   1.918868E+07   1.556940E+01   1.556940E+01   1.729933E+01   1.461017E+01  -1.000000E+01   3.353451E+00  -4.180362E+00        14
   1.959552E+04   1.920828E+07   1.556940E+01   1.556940E+01   1.729933E+01   1.461017E+01  -1.000000E+01   3.353451E+00  -4.180362E+00        14
   1.960552E+04   1.922788E+07   1.556940E+01   1.556940E+01   1.729933E+01   1.461017E+01  -1.000000E+01   3.353451E+00  -4.180362E+00        14
   1.961552E+04   1.924750E+07   1.556940E+01   1.556940E+01   1.729933E+01   1.461017E+01  -1.000000E+01   3.353451E+00  -4.180362E+00        14
   1.962552E+04   1.926712E+07   1.556940E+01   1.556940E+01   1.729933E+01   1.461017E+01  -1.000000E+01   3.353451E+00  -4.180362E+00        14
   1.963552E+04   1.928676E+07   1.556940E+01   1.556940E+01   1.729933E+01   1.461017E+01  -1.000000E+01   3.353451E+00  -4.180362E+00        14
   1.964552E+04   1.930640E+07   1.556940E+01   1.556940E+01   1.729933E+01   1.461017E+01  -1.000000E+01   3.353451E+00  -4.180362E+00        14
   1.965552E+04   1.932606E+07   1.556940E+01   1.556940E+01   1.729933E+01   1.461017E+01  -1.000000E+01   3.353451E+00  -4.180362E+00        14
   1.966552E+04   1.934572E+07   1.556940E+01   1.556940E+01   1.729933E+01   1.461017E+01  -1.000000E+01   3.353451E+00  -4.180362E+00        14
   1.967552E+04   1.936540E+07   1.556940E+01   1.556940E+01   1.729933E+01   1.461017E+01  -1.000000E+01   3.353451E+00  -4.180362E+00        14
   1.968552E+04   1.938508E+07   1.556940E+01   1.556940E+01   1.729933E+01   1.461017E+01  -1.000000E+01   3.353451E+00  -4.180362E+00        14
   1.969552E+04   1.940478E+07   1.556940E+01   1.556940E+01   1.729933E+01   1.461017E+01  -1.000000E+01   3.353451E+00  -4.180362E+00        14
   1.970552E+04   1.942448E+07   1.556940E+01   1.556940E+01   1.729933E+01   1.461017E+01  -1.000000E+01   3.353451E+00  -4.180362E+00        14
   1.971552E+04   1.944420E+07   1.556940E+01   1.556940E+01   1.729933E+01   1.461017E+01  -1.000000E+01   3.353451E+00  -4.180362E+00        14
   1.972552E+04   1.946392E+07   1.556940E+01   1.556940E+01   1.729933E+01   1.461017E+01  -1.000000E+01   3.353451E+00  -4.180362E+00        14
   1.973552E+04   1.948366E+07   1.556940E+01   1.556940E+01   1.729933E+01   1.461017E+01  -1.000000E+01   3.353451E+00  -4.180362E+00        14
   1.974552E+04   1.950340E+07   1.556940E+01   1.556940E+01   1.729933E+01   1.461017E+01  -1.000000E+01   3.353451E+00  -4.180362E+00        14
   1.975552E+04   1.952316E+07   1.556940E+01   1.556940E+01   1.729933E+01   1.461017E+01  -1.000000E+01   3.353451E+00  -4.180362E+00        14
   1.976552E+04   1.954293E+07   1.556940E+01   1.556940E+01   1.729933E+01   1.461017E+01  -1.000000E+01   3.353451E+00  -4.180362E+00        14
   1.977552E+04   1.956270E+07   1.556940E+01   1.556940E+01   1.729933E+01   1.461017E+01  -1.000000E+01   3.353451E+00  -4.180362E+00        14
   1.978552E+04   1.958249E+07   1.556940E+01   1.556940E+01   1.729933E+01   1.461017E+01  -1.000000E+01   3.353451E+00  -4.180362E+00        14
   1.979552E+04   1.960228E+07   1.556940E+01   1.556940E+01   1.729933E+01   1.461017E+01  -1.000000E+01   3.353451E+00  -4.180362E+00        14
   1.980552E+04   1.962209E+07   1.556940E+01   1.556940E+01   1.729933E+01   1.461017E+01  -1.000000E+01   3.353451E+00  -4.180362E+00        14
   1.981552E+04   1.964190E+07   1.556940E+01   1.556940E+01   1.729933E+01   1.461017E+01  -1.000000E+01   3.353451E+00  -4.180362E+00        14
   1.982552E+04   1.966173E+07   1.556940E+01   1.556940E+01   1.729933E+01   1.461017E+01  -1.000000E+01   3.353451E+00  -4.180362E+00        14
   1.983552E+04   1.968156E+07   1.556940E+01   1.556940E+01   1.729933E+01   1.461017E+01  -1.000000E+01   3.353451E+00  -4.180362E+00        14
   1.984552E+04   1.970141E+07   1.556940E+01   1.556940E+01   1.729933E+01   1.461017E+01  -1.000000E+01   3.353451E+00  -4.180362E+00        14
   1.985552E+04   1.972126E+07   1.556940E+01   1.556940E+01   1.729933E+01   1.461017E+01  -1.000000E+01   3.353451E+00  -4.180362E+00        14
   1.986552E+04   1.974113E+07   1.556940E+01   1.556940E+01   1.729933E+01   1.461017E+01  -1.000000E+01   3.353451E+00  -4.180362E+00        14
   1.987552E+04   1.976100E+07   1.556940E+01   1.556940E+01   1.729933E+01   1.461017E+01  -1.000000E+01   3.353451E+00  -4.180362E+00        14
   1.988552E+04   1.978089E+07   1.556940E+01   1.556940E+01   1.729933E+01   1.461017E+01  -1.000000E+01   3.353451E+00  -4.180362E+00        14
   1.989552E+04   1.980078E+07   1.556940E+01   1.556940E+01   1.729933E+01   1.461017E+01  -1.000000E+01   3.353451E+00  -4.180362E+00        14
   1.990552E+04   1.982069E+07   1.556940E+01   1.556940E+01   1.729933E+01   1.461017E+01  -1.000000E+01   3.353451E+00  -4.180362E+00        14
   1.991552E+04   1.984060E+07   1.556940E+01   1.556940E+01   1.729933E+01   1.461017E+01  -1.000000E+01   3.353451E+00  -4.180362E+00        14
   1.992552E+04   1.986053E+07   1.556940E+01   1.556940E+01   1.729933E+01   1.461017E+01  -1.000000E+01   3.353451E+00  -4.180362E+00        14
   1.993552E+04   1.988046E+07   1.556940E+01   1.556940E+01   1.729933E+01   1.461017E+01  -1.000000E+01   3.353451E+00  -4.180362E+00        14
   1.994552E+04   1.990041E+07   1.556940E+01   1.556940E+01   1.729933E+01   1.461017E+01  -1.000000E+01   3.353451E+00  -4.180362E+00        14
   1.995552E+04   1.992036E+07   1.556940E+01   1.556940E+01   1.729933E+01   1.461017E+01  -1.000000E+01   3.353451E+00  -4.180362E+00        14
   1.996552E+04   1.994033E+07   1.556940E+01   1.556940E+01   1.729933E+01   1.461017E+01  -1.000000E+01   3.353451E+00  -4.180362E+00        14
   1.997552E+04   1.996030E+07   1.556940E+01   1.556940E+01   1.729933E+01   1.461017E+01  -1.000000E+01   3.353451E+00  -4.180362E+00        14
   1.998552E+04   1.998029E+07   1.556940E+01   1.556940E+01   1.729933E+01   1.461017E+01  -1.000000E+01   3.353451E+00  -4.180362E+00        14
   1.999552E+04   2.000028E+07   1.556940E+01   1.556940E+01   1.729933E+01   1.461017E+01  -1.000000E+01   3.353451E+00  -4.180362E+00        14
   2.000000E+04   2.002029E+07   1.556940E+01   1.556940E+01   1.729933E+01   1.461017E+01  -1.000000E+01   3.353451E+00  -4.180362E+00        14
