           time            age           mass      core_mass        He_core        CO_core          log_L       log_Teff     log_radius     phase
   0.000000E+00   0.000000E+00   2.675269E+00   0.000000E+00   0.000000E+00   0.000000E+00   1.716116E+00   4.055810E+00   2.696967E-01         1
   2.361379E+01   2.361379E+01   2.675257E+00   0.000000E+00   0.000000E+00   0.000000E+00   1.723237E+00   4.051525E+00   2.818281E-01         1
   4.722757E+01   4.722757E+01   2.675243E+00   0.000000E+00   0.000000E+00   0.000000E+00   1.731772E+00   4.048118E+00   2.929082E-01         1
   7.084136E+01   7.084136E+01   2.675229E+00   0.000000E+00   0.000000E+00   0.000000E+00   1.741093E+00   4.045034E+00   3.037379E-01         1
   9.445515E+01   9.445515E+01   2.675213E+00   0.000000E+00   0.000000E+00   0.000000E+00   1.750996E+00   4.042049E+00   3.146582E-01         1
   1.180689E+02   1.180689E+02   2.675195E+00   0.000000E+00   0.000000E+00   0.000000E+00   1.761367E+00   4.039043E+00   3.258566E-01         1
   1.416827E+02   1.416827E+02   2.675175E+00   0.000000E+00   0.000000E+00   0.000000E+00   1.772095E+00   4.035931E+00   3.374441E-01         1
   1.652965E+02   1.652965E+02   2.675152E+00   0.000000E+00   0.000000E+00   0.000000E+00   1.783149E+00   4.032634E+00   3.495643E-01         1
   1.889103E+02   1.889103E+02   2.675124E+00   0.000000E+00   0.000000E+00   0.000000E+00   1.794517E+00   4.029072E+00   3.623732E-01         1
   2.125241E+02   2.125241E+02   2.675092E+00   0.000000E+00   0.000000E+00   0.000000E+00   1.806198E+00   4.025149E+00   3.760593E-01         1
   2.361379E+02   2.361379E+02   2.675055E+00   0.000000E+00   0.000000E+00   0.000000E+00   1.818178E+00   4.020757E+00   3.908339E-01         1
   2.597516E+02   2.597516E+02   2.675011E+00   0.000000E+00   0.000000E+00   0.000000E+00   1.830443E+00   4.015780E+00   4.069202E-01         1
   2.833654E+02   2.833654E+02   2.674961E+00   0.000000E+00   0.000000E+00   0.000000E+00   1.842964E+00   4.010032E+00   4.246775E-01         1
   3.069792E+02   3.069792E+02   2.674903E+00   0.000000E+00   0.000000E+00   0.000000E+00   1.855520E+00   4.003434E+00   4.441508E-01         1
   3.305930E+02   3.305930E+02   2.674835E+00   0.000000E+00   0.000000E+00   0.000000E+00   1.867941E+00   3.995850E+00   4.655290E-01         1
   3.542068E+02   3.542068E+02   2.674761E+00   0.000000E+00   0.000000E+00   0.000000E+00   1.880127E+00   3.986902E+00   4.895184E-01         1
   3.778206E+02   3.778206E+02   2.674679E+00   0.000000E+00   0.000000E+00   0.000000E+00   1.891885E+00   3.976089E+00   5.170226E-01         1
   4.014344E+02   4.014344E+02   2.674588E+00   0.000000E+00   0.000000E+00   0.000000E+00   1.902859E+00   3.962691E+00   5.493060E-01         1
   4.250482E+02   4.250482E+02   2.674487E+00   0.000000E+00   0.000000E+00   0.000000E+00   1.912572E+00   3.946229E+00   5.870870E-01         1
   4.486619E+02   4.486619E+02   2.674372E+00   0.000000E+00   0.000000E+00   0.000000E+00   1.922321E+00   3.927664E+00   6.292303E-01         1
   4.488981E+02   4.488981E+02   2.674371E+00   0.000000E+00   0.000000E+00   0.000000E+00   1.922450E+00   3.927490E+00   6.296373E-01         1
   4.491342E+02   4.491342E+02   2.674370E+00   0.000000E+00   0.000000E+00   0.000000E+00   1.922579E+00   3.927316E+00   6.300444E-01         1
   4.493704E+02   4.493704E+02   2.674368E+00   0.000000E+00   0.000000E+00   0.000000E+00   1.922708E+00   3.927141E+00   6.304515E-01         1
   4.496065E+02   4.496065E+02   2.674367E+00   0.000000E+00   0.000000E+00   0.000000E+00   1.922837E+00   3.926967E+00   6.308585E-01         1
   4.498426E+02   4.498426E+02   2.674366E+00   0.000000E+00   0.000000E+00   0.000000E+00   1.922966E+00   3.926793E+00   6.312656E-01         1
   4.500788E+02   4.500788E+02   2.674365E+00   0.000000E+00   0.000000E+00   0.000000E+00   1.923095E+00   3.926619E+00   6.316726E-01         1
   4.503149E+02   4.503149E+02   2.674363E+00   0.000000E+00   0.000000E+00   0.000000E+00   1.923224E+00   3.926445E+00   6.320797E-01         1
   4.505510E+02   4.505510E+02   2.674362E+00   0.000000E+00   0.000000E+00   0.000000E+00   1.923370E+00   3.926281E+00   6.324703E-01         1
   4.507872E+02   4.507872E+02   2.674361E+00   0.000000E+00   0.000000E+00   0.000000E+00   1.923519E+00   3.926119E+00   6.328594E-01         1
   4.510233E+02   4.510233E+02   2.674360E+00   0.000000E+00   0.000000E+00   0.000000E+00   1.923667E+00   3.925956E+00   6.332485E-01         1
   4.512595E+02   4.512595E+02   2.674358E+00   0.000000E+00   0.000000E+00   0.000000E+00   1.923815E+00   3.925794E+00   6.336376E-01         1
   4.514956E+02   4.514956E+02   2.674357E+00   0.000000E+00   0.000000E+00   0.000000E+00   1.923964E+00   3.925631E+00   6.340267E-01         1
   4.517317E+02   4.517317E+02   2.674356E+00   0.000000E+00   0.000000E+00   0.000000E+00   1.924112E+00   3.925469E+00   6.344157E-01         1
   4.519679E+02   4.519679E+02   2.674355E+00   0.000000E+00   0.000000E+00   0.000000E+00   1.924260E+00   3.925306E+00   6.348048E-01         1
   4.522040E+02   4.522040E+02   2.674353E+00   0.000000E+00   0.000000E+00   0.000000E+00   1.924409E+00   3.925144E+00   6.351939E-01         1
   4.524401E+02   4.524401E+02   2.674352E+00   0.000000E+00   0.000000E+00   0.000000E+00   1.924557E+00   3.924981E+00   6.355830E-01         1
   4.526763E+02   4.526763E+02   2.674351E+00   0.000000E+00   0.000000E+00   0.000000E+00   1.924709E+00   3.924821E+00   6.359707E-01         1
   4.529124E+02   4.529124E+02   2.674350E+00   0.000000E+00   0.000000E+00   0.000000E+00   1.924882E+00   3.924675E+00   6.363506E-01         1
   4.531486E+02   4.531486E+02   2.674348E+00   0.000000E+00   0.000000E+00   0.000000E+00   1.925055E+00   3.924528E+00   6.367306E-01         1
   4.533847E+02   4.533847E+02   2.674347E+00   0.000000E+00   0.000000E+00   0.000000E+00   1.925229E+00   3.924381E+00   6.371105E-01         1
   4.536208E+02   4.536208E+02   2.674346E+00   0.000000E+00   0.000000E+00   0.000000E+00   1.925402E+00   3.924235E+00   6.374904E-01         1
   4.538570E+02   4.538570E+02   2.674345E+00   0.000000E+00   0.000000E+00   0.000000E+00   1.925575E+00   3.924088E+00   6.378704E-01         1
   4.540931E+02   4.540931E+02   2.674343E+00   0.000000E+00   0.000000E+00   0.000000E+00   1.925748E+00   3.923941E+00   6.382503E-01         1
   4.543292E+02   4.543292E+02   2.674342E+00   0.000000E+00   0.000000E+00   0.000000E+00   1.925921E+00   3.923795E+00   6.386303E-01         1
   4.545654E+02   4.545654E+02   2.674341E+00   0.000000E+00   0.000000E+00   0.000000E+00   1.926094E+00   3.923648E+00   6.390102E-01         1
   4.548015E+02   4.548015E+02   2.674340E+00   0.000000E+00   0.000000E+00   0.000000E+00   1.926267E+00   3.923501E+00   6.393901E-01         1
   4.550377E+02   4.550377E+02   2.674338E+00   0.000000E+00   0.000000E+00   0.000000E+00   1.926455E+00   3.923364E+00   6.397586E-01         1
   4.552738E+02   4.552738E+02   2.674337E+00   0.000000E+00   0.000000E+00   0.000000E+00   1.926661E+00   3.923239E+00   6.401110E-01         1
   4.555099E+02   4.555099E+02   2.674336E+00   0.000000E+00   0.000000E+00   0.000000E+00   1.926868E+00   3.923115E+00   6.404634E-01         1
   4.557461E+02   4.557461E+02   2.674334E+00   0.000000E+00   0.000000E+00   0.000000E+00   1.927075E+00   3.922990E+00   6.408158E-01         1
   4.559822E+02   4.559822E+02   2.674333E+00   0.000000E+00   0.000000E+00   0.000000E+00   1.927282E+00   3.922866E+00   6.411682E-01         1
   4.562184E+02   4.562184E+02   2.674332E+00   0.000000E+00   0.000000E+00   0.000000E+00   1.927489E+00   3.922741E+00   6.415206E-01         1
   4.564545E+02   4.564545E+02   2.674331E+00   0.000000E+00   0.000000E+00   0.000000E+00   1.927696E+00   3.922617E+00   6.418730E-01         1
   4.566906E+02   4.566906E+02   2.674329E+00   0.000000E+00   0.000000E+00   0.000000E+00   1.927903E+00   3.922492E+00   6.422254E-01         1
   4.569268E+02   4.569268E+02   2.674328E+00   0.000000E+00   0.000000E+00   0.000000E+00   1.928110E+00   3.922368E+00   6.425778E-01         1
   4.571629E+02   4.571629E+02   2.674327E+00   0.000000E+00   0.000000E+00   0.000000E+00   1.928316E+00   3.922243E+00   6.429302E-01         1
   4.573990E+02   4.573990E+02   2.674325E+00   0.000000E+00   0.000000E+00   0.000000E+00   1.928566E+00   3.922148E+00   6.432457E-01         1
   4.576352E+02   4.576352E+02   2.674324E+00   0.000000E+00   0.000000E+00   0.000000E+00   1.928829E+00   3.922062E+00   6.435495E-01         1
   4.578713E+02   4.578713E+02   2.674323E+00   0.000000E+00   0.000000E+00   0.000000E+00   1.929092E+00   3.921976E+00   6.438533E-01         1
   4.581075E+02   4.581075E+02   2.674321E+00   0.000000E+00   0.000000E+00   0.000000E+00   1.929355E+00   3.921889E+00   6.441572E-01         1
   4.583436E+02   4.583436E+02   2.674320E+00   0.000000E+00   0.000000E+00   0.000000E+00   1.929618E+00   3.921803E+00   6.444610E-01         1
   4.585797E+02   4.585797E+02   2.674319E+00   0.000000E+00   0.000000E+00   0.000000E+00   1.929880E+00   3.921717E+00   6.447648E-01         1
   4.588159E+02   4.588159E+02   2.674318E+00   0.000000E+00   0.000000E+00   0.000000E+00   1.930143E+00   3.921631E+00   6.450687E-01         1
   4.590520E+02   4.590520E+02   2.674316E+00   0.000000E+00   0.000000E+00   0.000000E+00   1.930406E+00   3.921545E+00   6.453725E-01         1
   4.592881E+02   4.592881E+02   2.674315E+00   0.000000E+00   0.000000E+00   0.000000E+00   1.930669E+00   3.921459E+00   6.456763E-01         1
   4.595243E+02   4.595243E+02   2.674314E+00   0.000000E+00   0.000000E+00   0.000000E+00   1.930956E+00   3.921389E+00   6.459586E-01         1
   4.597604E+02   4.597604E+02   2.674312E+00   0.000000E+00   0.000000E+00   0.000000E+00   1.931289E+00   3.921352E+00   6.461987E-01         1
   4.599966E+02   4.599966E+02   2.674311E+00   0.000000E+00   0.000000E+00   0.000000E+00   1.931623E+00   3.921316E+00   6.464388E-01         1
   4.602327E+02   4.602327E+02   2.674310E+00   0.000000E+00   0.000000E+00   0.000000E+00   1.931956E+00   3.921279E+00   6.466788E-01         1
   4.604688E+02   4.604688E+02   2.674308E+00   0.000000E+00   0.000000E+00   0.000000E+00   1.932289E+00   3.921242E+00   6.469189E-01         1
   4.607050E+02   4.607050E+02   2.674307E+00   0.000000E+00   0.000000E+00   0.000000E+00   1.932623E+00   3.921206E+00   6.471590E-01         1
   4.609411E+02   4.609411E+02   2.674306E+00   0.000000E+00   0.000000E+00   0.000000E+00   1.932956E+00   3.921169E+00   6.473990E-01         1
   4.611772E+02   4.611772E+02   2.674304E+00   0.000000E+00   0.000000E+00   0.000000E+00   1.933290E+00   3.921132E+00   6.476391E-01         1
   4.614134E+02   4.614134E+02   2.674303E+00   0.000000E+00   0.000000E+00   0.000000E+00   1.933623E+00   3.921096E+00   6.478792E-01         1
   4.616495E+02   4.616495E+02   2.674302E+00   0.000000E+00   0.000000E+00   0.000000E+00   1.933995E+00   3.921086E+00   6.480835E-01         1
   4.618857E+02   4.618857E+02   2.674300E+00   0.000000E+00   0.000000E+00   0.000000E+00   1.934431E+00   3.921123E+00   6.482278E-01         1
   4.621218E+02   4.621218E+02   2.674299E+00   0.000000E+00   0.000000E+00   0.000000E+00   1.934867E+00   3.921160E+00   6.483722E-01         1
   4.623579E+02   4.623579E+02   2.674298E+00   0.000000E+00   0.000000E+00   0.000000E+00   1.935302E+00   3.921197E+00   6.485166E-01         1
   4.625941E+02   4.625941E+02   2.674296E+00   0.000000E+00   0.000000E+00   0.000000E+00   1.935738E+00   3.921234E+00   6.486609E-01         1
   4.628302E+02   4.628302E+02   2.674295E+00   0.000000E+00   0.000000E+00   0.000000E+00   1.936174E+00   3.921270E+00   6.488053E-01         1
   4.630663E+02   4.630663E+02   2.674294E+00   0.000000E+00   0.000000E+00   0.000000E+00   1.936610E+00   3.921307E+00   6.489496E-01         1
   4.633025E+02   4.633025E+02   2.674292E+00   0.000000E+00   0.000000E+00   0.000000E+00   1.937046E+00   3.921344E+00   6.490940E-01         1
   4.635386E+02   4.635386E+02   2.674291E+00   1.549501E-05   1.549501E-05   0.000000E+00   1.937524E+00   3.921411E+00   6.491984E-01         1
   4.637748E+02   4.637748E+02   2.674290E+00   7.054001E-05   7.054001E-05   0.000000E+00   1.938110E+00   3.921556E+00   6.492009E-01         1
   4.640109E+02   4.640109E+02   2.674288E+00   1.255850E-04   1.255850E-04   0.000000E+00   1.938695E+00   3.921701E+00   6.492034E-01         1
   4.642470E+02   4.642470E+02   2.674287E+00   1.806300E-04   1.806300E-04   0.000000E+00   1.939280E+00   3.921847E+00   6.492059E-01         1
   4.644832E+02   4.644832E+02   2.674285E+00   2.356750E-04   2.356750E-04   0.000000E+00   1.939866E+00   3.921992E+00   6.492084E-01         1
   4.647193E+02   4.647193E+02   2.674284E+00   2.907200E-04   2.907200E-04   0.000000E+00   1.940451E+00   3.922137E+00   6.492109E-01         1
   4.649555E+02   4.649555E+02   2.674283E+00   3.457650E-04   3.457650E-04   0.000000E+00   1.941036E+00   3.922282E+00   6.492134E-01         1
   4.651916E+02   4.651916E+02   2.674281E+00   4.573073E-04   4.573073E-04   0.000000E+00   1.941730E+00   3.922506E+00   6.491126E-01         1
   4.654277E+02   4.654277E+02   2.674280E+00   6.268609E-04   6.268609E-04   0.000000E+00   1.942534E+00   3.922810E+00   6.489057E-01         1
   4.656639E+02   4.656639E+02   2.674279E+00   7.964145E-04   7.964145E-04   0.000000E+00   1.943338E+00   3.923115E+00   6.486988E-01         1
   4.659000E+02   4.659000E+02   2.674277E+00   9.659680E-04   9.659680E-04   0.000000E+00   1.944142E+00   3.923419E+00   6.484920E-01         1
   4.661361E+02   4.661361E+02   2.674276E+00   1.135522E-03   1.135522E-03   0.000000E+00   1.944946E+00   3.923723E+00   6.482851E-01         1
   4.663723E+02   4.663723E+02   2.674275E+00   1.315449E-03   1.315449E-03   0.000000E+00   1.945814E+00   3.924074E+00   6.480185E-01         1
   4.666084E+02   4.666084E+02   2.674273E+00   1.525758E-03   1.525758E-03   0.000000E+00   1.946868E+00   3.924561E+00   6.475771E-01         1
   4.668446E+02   4.668446E+02   2.674272E+00   1.736068E-03   1.736068E-03   0.000000E+00   1.947922E+00   3.925047E+00   6.471356E-01         1
   4.670807E+02   4.670807E+02   2.674270E+00   1.946377E-03   1.946377E-03   0.000000E+00   1.948976E+00   3.925533E+00   6.466941E-01         1
   4.673168E+02   4.673168E+02   2.674269E+00   2.728670E-03   2.728670E-03   0.000000E+00   1.950065E+00   3.926045E+00   6.462255E-01         1
   4.675530E+02   4.675530E+02   2.674268E+00   5.672885E-03   5.672885E-03   0.000000E+00   1.951287E+00   3.926651E+00   6.456541E-01         1
   4.677891E+02   4.677891E+02   2.674266E+00   8.617100E-03   8.617100E-03   0.000000E+00   1.952510E+00   3.927258E+00   6.450827E-01         1
   4.680252E+02   4.680252E+02   2.674265E+00   1.156132E-02   1.156132E-02   0.000000E+00   1.953732E+00   3.927864E+00   6.445113E-01         1
   4.682614E+02   4.682614E+02   2.674263E+00   4.321633E-02   4.321633E-02   0.000000E+00   1.955392E+00   3.928782E+00   6.435347E-01         1
   4.684975E+02   4.684975E+02   2.674262E+00   8.641145E-02   8.641145E-02   0.000000E+00   1.957229E+00   3.929826E+00   6.423951E-01         1
   4.687337E+02   4.687337E+02   2.674261E+00   1.296066E-01   1.296066E-01   0.000000E+00   1.959065E+00   3.930869E+00   6.412556E-01         1
   4.689698E+02   4.689698E+02   2.674259E+00   1.728017E-01   1.728017E-01   0.000000E+00   1.960902E+00   3.931912E+00   6.401161E-01         1
   4.692059E+02   4.692059E+02   2.674258E+00   2.131591E-01   2.131591E-01   0.000000E+00   1.962826E+00   3.933015E+00   6.389008E-01         1
   4.694421E+02   4.694421E+02   2.674257E+00   2.266268E-01   2.266268E-01   0.000000E+00   1.965585E+00   3.934682E+00   6.369686E-01         1
   4.696782E+02   4.696782E+02   2.674255E+00   2.331094E-01   2.331094E-01   0.000000E+00   1.968593E+00   3.936517E+00   6.348226E-01         1
   4.699143E+02   4.699143E+02   2.674254E+00   2.343078E-01   2.343078E-01   0.000000E+00   1.971786E+00   3.938480E+00   6.325164E-01         1
   4.701505E+02   4.701505E+02   2.674252E+00   2.355017E-01   2.355017E-01   0.000000E+00   1.974969E+00   3.940447E+00   6.302144E-01         1
   4.703866E+02   4.703866E+02   2.674251E+00   2.362429E-01   2.362429E-01   0.000000E+00   1.979378E+00   3.943181E+00   6.269975E-01         1
   4.706228E+02   4.706228E+02   2.674250E+00   2.362526E-01   2.362526E-01   0.000000E+00   1.985769E+00   3.947156E+00   6.223022E-01         1
   4.708589E+02   4.708589E+02   2.674248E+00   2.362593E-01   2.362593E-01   0.000000E+00   1.992169E+00   3.951134E+00   6.175998E-01         1
   4.710950E+02   4.710950E+02   2.674247E+00   2.363013E-01   2.363013E-01   0.000000E+00   1.999263E+00   3.955339E+00   6.124564E-01         1
   4.713312E+02   4.713312E+02   2.674245E+00   2.367997E-01   2.367997E-01   0.000000E+00   2.013208E+00   3.962742E+00   6.043777E-01         1
   4.715673E+02   4.715673E+02   2.674244E+00   2.373688E-01   2.373688E-01   0.000000E+00   2.028195E+00   3.970641E+00   5.960747E-01         1
   4.718035E+02   4.718035E+02   2.674242E+00   2.381774E-01   2.381774E-01   0.000000E+00   2.041451E+00   3.976394E+00   5.911951E-01         1
   4.720396E+02   4.720396E+02   2.674241E+00   2.398633E-01   2.398633E-01   0.000000E+00   2.048114E+00   3.973795E+00   5.999081E-01         1
   4.722757E+02   4.722757E+02   2.674239E+00   2.415492E-01   2.415492E-01   0.000000E+00   2.054777E+00   3.971204E+00   6.090579E-01         2
   4.723301E+02   4.723301E+02   2.674239E+00   2.416828E-01   2.416828E-01   0.000000E+00   2.053682E+00   3.968390E+00   6.141895E-01         2
   4.723844E+02   4.723844E+02   2.674239E+00   2.418165E-01   2.418165E-01   0.000000E+00   2.052587E+00   3.965577E+00   6.193211E-01         2
   4.724387E+02   4.724387E+02   2.674238E+00   2.419501E-01   2.419501E-01   0.000000E+00   2.051491E+00   3.962763E+00   6.244527E-01         2
   4.724931E+02   4.724931E+02   2.674238E+00   2.420837E-01   2.420837E-01   0.000000E+00   2.050396E+00   3.959950E+00   6.295843E-01         2
   4.725474E+02   4.725474E+02   2.674238E+00   2.422174E-01   2.422174E-01   0.000000E+00   2.049300E+00   3.957136E+00   6.347159E-01         2
   4.726017E+02   4.726017E+02   2.674237E+00   2.423499E-01   2.423499E-01   0.000000E+00   2.048206E+00   3.954324E+00   6.398447E-01         2
   4.726561E+02   4.726561E+02   2.674237E+00   2.424787E-01   2.424787E-01   0.000000E+00   2.047178E+00   3.951549E+00   6.449733E-01         2
   4.727104E+02   4.727104E+02   2.674237E+00   2.426348E-01   2.426348E-01   0.000000E+00   2.046482E+00   3.948847E+00   6.501289E-01         2
   4.727647E+02   4.727647E+02   2.674236E+00   2.428644E-01   2.428644E-01   0.000000E+00   2.046449E+00   3.946248E+00   6.553489E-01         2
   4.728191E+02   4.728191E+02   2.674236E+00   2.431063E-01   2.431063E-01   0.000000E+00   2.046526E+00   3.943665E+00   6.605800E-01         2
   4.728734E+02   4.728734E+02   2.674235E+00   2.433514E-01   2.433514E-01   0.000000E+00   2.046602E+00   3.941086E+00   6.658074E-01         2
   4.729277E+02   4.729277E+02   2.674235E+00   2.436044E-01   2.436044E-01   0.000000E+00   2.046679E+00   3.938511E+00   6.710362E-01         2
   4.729821E+02   4.729821E+02   2.674235E+00   2.438681E-01   2.438681E-01   0.000000E+00   2.046754E+00   3.935948E+00   6.762546E-01         2
   4.730364E+02   4.730364E+02   2.674234E+00   2.442696E-01   2.442696E-01   0.000000E+00   2.046874E+00   3.933510E+00   6.812313E-01         2
   4.730907E+02   4.730907E+02   2.674234E+00   2.448017E-01   2.448017E-01   0.000000E+00   2.047039E+00   3.931194E+00   6.859672E-01         2
   4.731451E+02   4.731451E+02   2.674233E+00   2.453829E-01   2.453829E-01   0.000000E+00   2.047225E+00   3.928932E+00   6.905928E-01         2
   4.731994E+02   4.731994E+02   2.674233E+00   2.459856E-01   2.459856E-01   0.000000E+00   2.047412E+00   3.926689E+00   6.951473E-01         2
   4.732537E+02   4.732537E+02   2.674232E+00   2.465556E-01   2.465556E-01   0.000000E+00   2.047571E+00   3.924475E+00   6.996303E-01         2
   4.733081E+02   4.733081E+02   2.674232E+00   2.470685E-01   2.470685E-01   0.000000E+00   2.047680E+00   3.922308E+00   7.039928E-01         2
   4.733624E+02   4.733624E+02   2.674232E+00   2.475173E-01   2.475173E-01   0.000000E+00   2.047735E+00   3.920193E+00   7.082220E-01         2
   4.734167E+02   4.734167E+02   2.674231E+00   2.478719E-01   2.478719E-01   0.000000E+00   2.047717E+00   3.918144E+00   7.122808E-01         2
   4.734711E+02   4.734711E+02   2.674231E+00   2.481778E-01   2.481778E-01   0.000000E+00   2.047676E+00   3.916107E+00   7.163033E-01         2
   4.735254E+02   4.735254E+02   2.674230E+00   2.484325E-01   2.484325E-01   0.000000E+00   2.047609E+00   3.914083E+00   7.202869E-01         2
   4.735797E+02   4.735797E+02   2.674230E+00   2.484936E-01   2.484936E-01   0.000000E+00   2.047435E+00   3.912110E+00   7.241122E-01         2
   4.736341E+02   4.736341E+02   2.674229E+00   2.487306E-01   2.487306E-01   0.000000E+00   2.047223E+00   3.910150E+00   7.278891E-01         2
   4.736884E+02   4.736884E+02   2.674229E+00   2.491463E-01   2.491463E-01   0.000000E+00   2.046972E+00   3.908206E+00   7.316170E-01         2
   4.737427E+02   4.737427E+02   2.674228E+00   2.500891E-01   2.500891E-01   0.000000E+00   2.046657E+00   3.906283E+00   7.352737E-01         2
   4.737971E+02   4.737971E+02   2.674228E+00   2.510164E-01   2.510164E-01   0.000000E+00   2.046307E+00   3.904368E+00   7.388970E-01         2
   4.738514E+02   4.738514E+02   2.674227E+00   2.517233E-01   2.517233E-01   0.000000E+00   2.045878E+00   3.902470E+00   7.424497E-01         2
   4.739057E+02   4.739057E+02   2.674227E+00   2.522162E-01   2.522162E-01   0.000000E+00   2.045413E+00   3.900574E+00   7.459779E-01         2
   4.739601E+02   4.739601E+02   2.674226E+00   2.525627E-01   2.525627E-01   0.000000E+00   2.044922E+00   3.898681E+00   7.494894E-01         2
   4.740144E+02   4.740144E+02   2.674226E+00   2.526850E-01   2.526850E-01   0.000000E+00   2.044374E+00   3.896790E+00   7.529703E-01         2
   4.740687E+02   4.740687E+02   2.674225E+00   2.527650E-01   2.527650E-01   0.000000E+00   2.043804E+00   3.894897E+00   7.564425E-01         2
   4.741231E+02   4.741231E+02   2.674225E+00   2.527704E-01   2.527704E-01   0.000000E+00   2.043170E+00   3.892998E+00   7.598937E-01         2
   4.741774E+02   4.741774E+02   2.674224E+00   2.531838E-01   2.531838E-01   0.000000E+00   2.042494E+00   3.891086E+00   7.633475E-01         2
   4.742317E+02   4.742317E+02   2.674224E+00   2.540045E-01   2.540045E-01   0.000000E+00   2.041775E+00   3.889162E+00   7.668037E-01         2
   4.742861E+02   4.742861E+02   2.674223E+00   2.549719E-01   2.549719E-01   0.000000E+00   2.041012E+00   3.887222E+00   7.702691E-01         2
   4.743404E+02   4.743404E+02   2.674223E+00   2.559761E-01   2.559761E-01   0.000000E+00   2.040231E+00   3.885276E+00   7.737384E-01         2
   4.743947E+02   4.743947E+02   2.674222E+00   2.569726E-01   2.569726E-01   0.000000E+00   2.039399E+00   3.883309E+00   7.772210E-01         2
   4.744491E+02   4.744491E+02   2.674222E+00   2.577451E-01   2.577451E-01   0.000000E+00   2.038522E+00   3.881322E+00   7.807221E-01         2
   4.745034E+02   4.745034E+02   2.674221E+00   2.581997E-01   2.581997E-01   0.000000E+00   2.037581E+00   3.879305E+00   7.842497E-01         2
   4.745577E+02   4.745577E+02   2.674221E+00   2.584871E-01   2.584871E-01   0.000000E+00   2.036576E+00   3.877253E+00   7.878158E-01         2
   4.746121E+02   4.746121E+02   2.674220E+00   2.587434E-01   2.587434E-01   0.000000E+00   2.035540E+00   3.875183E+00   7.914013E-01         2
   4.746664E+02   4.746664E+02   2.674219E+00   2.591598E-01   2.591598E-01   0.000000E+00   2.034435E+00   3.873073E+00   7.950336E-01         2
   4.747207E+02   4.747207E+02   2.674219E+00   2.599921E-01   2.599921E-01   0.000000E+00   2.033280E+00   3.870930E+00   7.987146E-01         2
   4.747751E+02   4.747751E+02   2.674218E+00   2.612030E-01   2.612030E-01   0.000000E+00   2.032079E+00   3.868757E+00   8.024398E-01         2
   4.748294E+02   4.748294E+02   2.674218E+00   2.619710E-01   2.619710E-01   0.000000E+00   2.030746E+00   3.866492E+00   8.063010E-01         2
   4.748837E+02   4.748837E+02   2.674217E+00   2.626858E-01   2.626858E-01   0.000000E+00   2.029366E+00   3.864193E+00   8.102061E-01         2
   4.749381E+02   4.749381E+02   2.674217E+00   2.633591E-01   2.633591E-01   0.000000E+00   2.027935E+00   3.861858E+00   8.141584E-01         2
   4.749924E+02   4.749924E+02   2.674216E+00   2.640135E-01   2.640135E-01   0.000000E+00   2.026416E+00   3.859458E+00   8.181956E-01         2
   4.750467E+02   4.750467E+02   2.674216E+00   2.646557E-01   2.646557E-01   0.000000E+00   2.024821E+00   3.857002E+00   8.223067E-01         2
   4.751011E+02   4.751011E+02   2.674215E+00   2.652693E-01   2.652693E-01   0.000000E+00   2.023145E+00   3.854486E+00   8.264967E-01         2
   4.751554E+02   4.751554E+02   2.674214E+00   2.657667E-01   2.657667E-01   0.000000E+00   2.021374E+00   3.851899E+00   8.307801E-01         2
   4.752097E+02   4.752097E+02   2.674214E+00   2.661108E-01   2.661108E-01   0.000000E+00   2.019525E+00   3.849254E+00   8.351398E-01         2
   4.752641E+02   4.752641E+02   2.674213E+00   2.662746E-01   2.662746E-01   0.000000E+00   2.017602E+00   3.846554E+00   8.395726E-01         2
   4.753184E+02   4.753184E+02   2.674213E+00   2.665653E-01   2.665653E-01   0.000000E+00   2.015575E+00   3.843777E+00   8.441071E-01         2
   4.753727E+02   4.753727E+02   2.674212E+00   2.681130E-01   2.681130E-01   0.000000E+00   2.013355E+00   3.840857E+00   8.488270E-01         2
   4.754271E+02   4.754271E+02   2.674212E+00   2.695272E-01   2.695272E-01   0.000000E+00   2.011027E+00   3.837860E+00   8.536498E-01         2
   4.754814E+02   4.754814E+02   2.674211E+00   2.706989E-01   2.706989E-01   0.000000E+00   2.008613E+00   3.834800E+00   8.585534E-01         2
   4.755357E+02   4.755357E+02   2.674210E+00   2.715190E-01   2.715190E-01   0.000000E+00   2.006090E+00   3.831661E+00   8.635593E-01         2
   4.755901E+02   4.755901E+02   2.674210E+00   2.719196E-01   2.719196E-01   0.000000E+00   2.003388E+00   3.828396E+00   8.687261E-01         2
   4.756444E+02   4.756444E+02   2.674209E+00   2.721238E-01   2.721238E-01   0.000000E+00   2.000497E+00   3.825002E+00   8.740580E-01         2
   4.756987E+02   4.756987E+02   2.674209E+00   2.725331E-01   2.725331E-01   0.000000E+00   1.997471E+00   3.821516E+00   8.795041E-01         2
   4.757531E+02   4.757531E+02   2.674208E+00   2.733945E-01   2.733945E-01   0.000000E+00   1.994299E+00   3.817931E+00   8.850722E-01         2
   4.758074E+02   4.758074E+02   2.674207E+00   2.744190E-01   2.744190E-01   0.000000E+00   1.990912E+00   3.814208E+00   8.908102E-01         2
   4.758617E+02   4.758617E+02   2.674207E+00   2.751251E-01   2.751251E-01   0.000000E+00   1.987289E+00   3.810334E+00   8.967290E-01         2
   4.759161E+02   4.759161E+02   2.674206E+00   2.757983E-01   2.757983E-01   0.000000E+00   1.983466E+00   3.806343E+00   9.027798E-01         2
   4.759704E+02   4.759704E+02   2.674205E+00   2.766335E-01   2.766335E-01   0.000000E+00   1.979435E+00   3.802233E+00   9.089610E-01         2
   4.760247E+02   4.760247E+02   2.674205E+00   2.776273E-01   2.776273E-01   0.000000E+00   1.975141E+00   3.797984E+00   9.152862E-01         2
   4.760791E+02   4.760791E+02   2.674204E+00   2.786709E-01   2.786709E-01   0.000000E+00   1.970521E+00   3.793580E+00   9.217524E-01         2
   4.761334E+02   4.761334E+02   2.674204E+00   2.792380E-01   2.792380E-01   0.000000E+00   1.965640E+00   3.789099E+00   9.282362E-01         2
   4.761877E+02   4.761877E+02   2.674203E+00   2.795231E-01   2.795231E-01   0.000000E+00   1.960461E+00   3.784588E+00   9.346266E-01         2
   4.762421E+02   4.762421E+02   2.674202E+00   2.804740E-01   2.804740E-01   0.000000E+00   1.954892E+00   3.780163E+00   9.406475E-01         2
   4.762964E+02   4.762964E+02   2.674202E+00   2.816289E-01   2.816289E-01   0.000000E+00   1.948960E+00   3.775854E+00   9.462550E-01         2
   4.763507E+02   4.763507E+02   2.674201E+00   2.825882E-01   2.825882E-01   0.000000E+00   1.942683E+00   3.771672E+00   9.514374E-01         2
   4.764051E+02   4.764051E+02   2.674200E+00   2.829174E-01   2.829174E-01   0.000000E+00   1.935868E+00   3.767817E+00   9.557161E-01         2
   4.764594E+02   4.764594E+02   2.674200E+00   2.832477E-01   2.832477E-01   0.000000E+00   1.928589E+00   3.764343E+00   9.590339E-01         2
   4.765137E+02   4.765137E+02   2.674199E+00   2.839314E-01   2.839314E-01   0.000000E+00   1.920919E+00   3.761192E+00   9.615201E-01         2
   4.765681E+02   4.765681E+02   2.674198E+00   2.855024E-01   2.855024E-01   0.000000E+00   1.912608E+00   3.758374E+00   9.630351E-01         2
   4.766224E+02   4.766224E+02   2.674198E+00   2.864768E-01   2.864768E-01   0.000000E+00   1.903640E+00   3.755667E+00   9.639117E-01         2
   4.766767E+02   4.766767E+02   2.674197E+00   2.866452E-01   2.866452E-01   0.000000E+00   1.894079E+00   3.753044E+00   9.643232E-01         2
   4.767311E+02   4.767311E+02   2.674197E+00   2.868632E-01   2.868632E-01   0.000000E+00   1.883881E+00   3.750500E+00   9.642655E-01         2
   4.767854E+02   4.767854E+02   2.674196E+00   2.878888E-01   2.878888E-01   0.000000E+00   1.873012E+00   3.748025E+00   9.637355E-01         2
   4.768397E+02   4.768397E+02   2.674196E+00   2.891506E-01   2.891506E-01   0.000000E+00   1.861293E+00   3.745614E+00   9.626566E-01         2
   4.768941E+02   4.768941E+02   2.674195E+00   2.898089E-01   2.898089E-01   0.000000E+00   1.848891E+00   3.743245E+00   9.611573E-01         2
   4.769484E+02   4.769484E+02   2.674194E+00   2.903053E-01   2.903053E-01   0.000000E+00   1.835829E+00   3.740924E+00   9.592528E-01         2
   4.770028E+02   4.770028E+02   2.674194E+00   2.913393E-01   2.913393E-01   0.000000E+00   1.822045E+00   3.738677E+00   9.569015E-01         2
   4.770571E+02   4.770571E+02   2.674193E+00   2.917641E-01   2.917641E-01   0.000000E+00   1.807773E+00   3.736449E+00   9.542471E-01         2
   4.771114E+02   4.771114E+02   2.674193E+00   2.928947E-01   2.928947E-01   0.000000E+00   1.793081E+00   3.734221E+00   9.513575E-01         2
   4.771658E+02   4.771658E+02   2.674193E+00   2.933022E-01   2.933022E-01   0.000000E+00   1.778224E+00   3.731997E+00   9.483776E-01         2
   4.772201E+02   4.772201E+02   2.674192E+00   2.944374E-01   2.944374E-01   0.000000E+00   1.763476E+00   3.729785E+00   9.454260E-01         2
   4.772744E+02   4.772744E+02   2.674192E+00   2.950240E-01   2.950240E-01   0.000000E+00   1.749316E+00   3.727588E+00   9.427402E-01         2
   4.773288E+02   4.773288E+02   2.674191E+00   2.958796E-01   2.958796E-01   0.000000E+00   1.735951E+00   3.725402E+00   9.404299E-01         2
   4.773831E+02   4.773831E+02   2.674191E+00   2.963639E-01   2.963639E-01   0.000000E+00   1.723868E+00   3.723244E+00   9.387053E-01         2
   4.774374E+02   4.774374E+02   2.674191E+00   2.973214E-01   2.973214E-01   0.000000E+00   1.713784E+00   3.721118E+00   9.379161E-01         2
   4.774918E+02   4.774918E+02   2.674190E+00   2.979732E-01   2.979732E-01   0.000000E+00   1.705717E+00   3.719016E+00   9.380873E-01         2
   4.775461E+02   4.775461E+02   2.674190E+00   2.986204E-01   2.986204E-01   0.000000E+00   1.700269E+00   3.716928E+00   9.395404E-01         2
   4.776004E+02   4.776004E+02   2.674189E+00   2.994164E-01   2.994164E-01   0.000000E+00   1.697249E+00   3.714869E+00   9.421498E-01         2
   4.776548E+02   4.776548E+02   2.674189E+00   3.000447E-01   3.000447E-01   0.000000E+00   1.696371E+00   3.712851E+00   9.457475E-01         2
   4.777091E+02   4.777091E+02   2.674189E+00   3.004503E-01   3.004503E-01   0.000000E+00   1.697330E+00   3.710872E+00   9.501857E-01         2
   4.777091E+02   4.777091E+02   2.674189E+00   3.004503E-01   3.004503E-01   0.000000E+00   1.697330E+00   3.710872E+00   9.501857E-01         3
   4.777530E+02   4.777530E+02   2.674188E+00   3.011269E-01   3.011269E-01   0.000000E+00   1.701880E+00   3.709369E+00   9.554654E-01         3
   4.777968E+02   4.777968E+02   2.674188E+00   3.018035E-01   3.018035E-01   0.000000E+00   1.706430E+00   3.707866E+00   9.607450E-01         3
   4.778407E+02   4.778407E+02   2.674188E+00   3.024117E-01   3.024117E-01   0.000000E+00   1.711658E+00   3.706391E+00   9.663071E-01         3
   4.778846E+02   4.778846E+02   2.674188E+00   3.028047E-01   3.028047E-01   0.000000E+00   1.719016E+00   3.705005E+00   9.727582E-01         3
   4.779284E+02   4.779284E+02   2.674187E+00   3.032090E-01   3.032090E-01   0.000000E+00   1.726558E+00   3.703633E+00   9.792721E-01         3
   4.779723E+02   4.779723E+02   2.674187E+00   3.036971E-01   3.036971E-01   0.000000E+00   1.735467E+00   3.702369E+00   9.862539E-01         3
   4.780162E+02   4.780162E+02   2.674187E+00   3.042009E-01   3.042009E-01   0.000000E+00   1.744548E+00   3.701132E+00   9.932688E-01         3
   4.780600E+02   4.780600E+02   2.674186E+00   3.047481E-01   3.047481E-01   0.000000E+00   1.754106E+00   3.699968E+00   1.000375E+00         3
   4.781039E+02   4.781039E+02   2.674186E+00   3.052332E-01   3.052332E-01   0.000000E+00   1.763801E+00   3.698851E+00   1.007458E+00         3
   4.781478E+02   4.781478E+02   2.674185E+00   3.056579E-01   3.056579E-01   0.000000E+00   1.773628E+00   3.697778E+00   1.014517E+00         3
   4.781916E+02   4.781916E+02   2.674185E+00   3.063915E-01   3.063915E-01   0.000000E+00   1.783369E+00   3.696772E+00   1.021399E+00         3
   4.782355E+02   4.782355E+02   2.674185E+00   3.072062E-01   3.072062E-01   0.000000E+00   1.793080E+00   3.695788E+00   1.028223E+00         3
   4.782794E+02   4.782794E+02   2.674184E+00   3.078328E-01   3.078328E-01   0.000000E+00   1.802588E+00   3.694884E+00   1.034784E+00         3
   4.783232E+02   4.783232E+02   2.674184E+00   3.084454E-01   3.084454E-01   0.000000E+00   1.812031E+00   3.693996E+00   1.041283E+00         3
   4.783671E+02   4.783671E+02   2.674183E+00   3.090130E-01   3.090130E-01   0.000000E+00   1.821271E+00   3.693158E+00   1.047579E+00         3
   4.784110E+02   4.784110E+02   2.674183E+00   3.095945E-01   3.095945E-01   0.000000E+00   1.830428E+00   3.692330E+00   1.053812E+00         3
   4.784548E+02   4.784548E+02   2.674182E+00   3.101975E-01   3.101975E-01   0.000000E+00   1.839460E+00   3.691520E+00   1.059948E+00         3
   4.784987E+02   4.784987E+02   2.674182E+00   3.108152E-01   3.108152E-01   0.000000E+00   1.848401E+00   3.690736E+00   1.065987E+00         3
   4.785426E+02   4.785426E+02   2.674181E+00   3.114470E-01   3.114470E-01   0.000000E+00   1.857256E+00   3.689977E+00   1.071933E+00         3
   4.785865E+02   4.785865E+02   2.674181E+00   3.119694E-01   3.119694E-01   0.000000E+00   1.866029E+00   3.689234E+00   1.077806E+00         3
   4.786303E+02   4.786303E+02   2.674180E+00   3.124157E-01   3.124157E-01   0.000000E+00   1.874745E+00   3.688501E+00   1.083629E+00         3
   4.786742E+02   4.786742E+02   2.674180E+00   3.129630E-01   3.129630E-01   0.000000E+00   1.883432E+00   3.687787E+00   1.089400E+00         3
   4.787181E+02   4.787181E+02   2.674179E+00   3.135675E-01   3.135675E-01   0.000000E+00   1.892102E+00   3.687084E+00   1.095142E+00         3
   4.787619E+02   4.787619E+02   2.674178E+00   3.142174E-01   3.142174E-01   0.000000E+00   1.900719E+00   3.686380E+00   1.100858E+00         3
   4.788058E+02   4.788058E+02   2.674178E+00   3.148892E-01   3.148892E-01   0.000000E+00   1.909311E+00   3.685676E+00   1.106562E+00         3
   4.788497E+02   4.788497E+02   2.674177E+00   3.156085E-01   3.156085E-01   0.000000E+00   1.917920E+00   3.684984E+00   1.112250E+00         3
   4.788935E+02   4.788935E+02   2.674176E+00   3.163490E-01   3.163490E-01   0.000000E+00   1.926537E+00   3.684297E+00   1.117933E+00         3
   4.789374E+02   4.789374E+02   2.674176E+00   3.169282E-01   3.169282E-01   0.000000E+00   1.935172E+00   3.683619E+00   1.123606E+00         3
   4.789813E+02   4.789813E+02   2.674175E+00   3.174420E-01   3.174420E-01   0.000000E+00   1.943814E+00   3.682945E+00   1.129276E+00         3
   4.790251E+02   4.790251E+02   2.674174E+00   3.179143E-01   3.179143E-01   0.000000E+00   1.952470E+00   3.682270E+00   1.134954E+00         3
   4.790690E+02   4.790690E+02   2.674173E+00   3.183715E-01   3.183715E-01   0.000000E+00   1.961132E+00   3.681595E+00   1.140635E+00         3
   4.791129E+02   4.791129E+02   2.674172E+00   3.189902E-01   3.189902E-01   0.000000E+00   1.969809E+00   3.680914E+00   1.146335E+00         3
   4.791567E+02   4.791567E+02   2.674172E+00   3.196603E-01   3.196603E-01   0.000000E+00   1.978492E+00   3.680232E+00   1.152041E+00         3
   4.792006E+02   4.792006E+02   2.674171E+00   3.203111E-01   3.203111E-01   0.000000E+00   1.987220E+00   3.679562E+00   1.157745E+00         3
   4.792445E+02   4.792445E+02   2.674170E+00   3.209566E-01   3.209566E-01   0.000000E+00   1.995959E+00   3.678895E+00   1.163449E+00         3
   4.792883E+02   4.792883E+02   2.674169E+00   3.216684E-01   3.216684E-01   0.000000E+00   2.004698E+00   3.678227E+00   1.169153E+00         3
   4.793322E+02   4.793322E+02   2.674168E+00   3.223946E-01   3.223946E-01   0.000000E+00   2.013437E+00   3.677560E+00   1.174857E+00         3
   4.793761E+02   4.793761E+02   2.674167E+00   3.230750E-01   3.230750E-01   0.000000E+00   2.022179E+00   3.676886E+00   1.180576E+00         3
   4.794200E+02   4.794200E+02   2.674166E+00   3.237476E-01   3.237476E-01   0.000000E+00   2.030922E+00   3.676211E+00   1.186298E+00         3
   4.794638E+02   4.794638E+02   2.674165E+00   3.243731E-01   3.243731E-01   0.000000E+00   2.039711E+00   3.675533E+00   1.192048E+00         3
   4.795077E+02   4.795077E+02   2.674164E+00   3.249928E-01   3.249928E-01   0.000000E+00   2.048506E+00   3.674855E+00   1.197803E+00         3
   4.795516E+02   4.795516E+02   2.674163E+00   3.256338E-01   3.256338E-01   0.000000E+00   2.057343E+00   3.674177E+00   1.203577E+00         3
   4.795954E+02   4.795954E+02   2.674161E+00   3.262764E-01   3.262764E-01   0.000000E+00   2.066183E+00   3.673498E+00   1.209353E+00         3
   4.796393E+02   4.796393E+02   2.674160E+00   3.270136E-01   3.270136E-01   0.000000E+00   2.074996E+00   3.672826E+00   1.215105E+00         3
   4.796832E+02   4.796832E+02   2.674159E+00   3.277504E-01   3.277504E-01   0.000000E+00   2.083808E+00   3.672154E+00   1.220856E+00         3
   4.797270E+02   4.797270E+02   2.674158E+00   3.284063E-01   3.284063E-01   0.000000E+00   2.092591E+00   3.671503E+00   1.226548E+00         3
   4.797709E+02   4.797709E+02   2.674156E+00   3.290584E-01   3.290584E-01   0.000000E+00   2.101374E+00   3.670853E+00   1.232241E+00         3
   4.798148E+02   4.798148E+02   2.674155E+00   3.296498E-01   3.296498E-01   0.000000E+00   2.110153E+00   3.670203E+00   1.237930E+00         3
   4.798586E+02   4.798586E+02   2.674153E+00   3.302493E-01   3.302493E-01   0.000000E+00   2.118932E+00   3.669553E+00   1.243619E+00         3
   4.799025E+02   4.799025E+02   2.674152E+00   3.309285E-01   3.309285E-01   0.000000E+00   2.127702E+00   3.668906E+00   1.249298E+00         3
   4.799464E+02   4.799464E+02   2.674150E+00   3.316072E-01   3.316072E-01   0.000000E+00   2.136469E+00   3.668258E+00   1.254977E+00         3
   4.799902E+02   4.799902E+02   2.674149E+00   3.322824E-01   3.322824E-01   0.000000E+00   2.145213E+00   3.667606E+00   1.260653E+00         3
   4.800341E+02   4.800341E+02   2.674147E+00   3.329617E-01   3.329617E-01   0.000000E+00   2.153956E+00   3.666954E+00   1.266330E+00         3
   4.800780E+02   4.800780E+02   2.674145E+00   3.336652E-01   3.336652E-01   0.000000E+00   2.162699E+00   3.666300E+00   1.272008E+00         3
   4.801218E+02   4.801218E+02   2.674144E+00   3.343816E-01   3.343816E-01   0.000000E+00   2.171448E+00   3.665647E+00   1.277689E+00         3
   4.801657E+02   4.801657E+02   2.674142E+00   3.351638E-01   3.351638E-01   0.000000E+00   2.180233E+00   3.664997E+00   1.283382E+00         3
   4.802096E+02   4.802096E+02   2.674140E+00   3.359240E-01   3.359240E-01   0.000000E+00   2.189023E+00   3.664346E+00   1.289079E+00         3
   4.802534E+02   4.802534E+02   2.674138E+00   3.365922E-01   3.365922E-01   0.000000E+00   2.197837E+00   3.663693E+00   1.294791E+00         3
   4.802973E+02   4.802973E+02   2.674136E+00   3.372694E-01   3.372694E-01   0.000000E+00   2.206653E+00   3.663039E+00   1.300507E+00         3
   4.803412E+02   4.803412E+02   2.674134E+00   3.379780E-01   3.379780E-01   0.000000E+00   2.215476E+00   3.662380E+00   1.306238E+00         3
   4.803851E+02   4.803851E+02   2.674132E+00   3.386890E-01   3.386890E-01   0.000000E+00   2.224302E+00   3.661721E+00   1.311970E+00         3
   4.804289E+02   4.804289E+02   2.674130E+00   3.394073E-01   3.394073E-01   0.000000E+00   2.233133E+00   3.661062E+00   1.317703E+00         3
   4.804728E+02   4.804728E+02   2.674127E+00   3.401384E-01   3.401384E-01   0.000000E+00   2.241966E+00   3.660401E+00   1.323443E+00         3
   4.805167E+02   4.805167E+02   2.674125E+00   3.409003E-01   3.409003E-01   0.000000E+00   2.250808E+00   3.659734E+00   1.329197E+00         3
   4.805605E+02   4.805605E+02   2.674122E+00   3.416545E-01   3.416545E-01   0.000000E+00   2.259653E+00   3.659066E+00   1.334957E+00         3
   4.806044E+02   4.806044E+02   2.674120E+00   3.423931E-01   3.423931E-01   0.000000E+00   2.268506E+00   3.658395E+00   1.340726E+00         3
   4.806483E+02   4.806483E+02   2.674117E+00   3.431431E-01   3.431431E-01   0.000000E+00   2.277360E+00   3.657721E+00   1.346501E+00         3
   4.806921E+02   4.806921E+02   2.674114E+00   3.439125E-01   3.439125E-01   0.000000E+00   2.286217E+00   3.657044E+00   1.352284E+00         3
   4.807360E+02   4.807360E+02   2.674112E+00   3.446688E-01   3.446688E-01   0.000000E+00   2.295088E+00   3.656365E+00   1.358077E+00         3
   4.807799E+02   4.807799E+02   2.674109E+00   3.454058E-01   3.454058E-01   0.000000E+00   2.303981E+00   3.655683E+00   1.363885E+00         3
   4.808237E+02   4.808237E+02   2.674106E+00   3.461641E-01   3.461641E-01   0.000000E+00   2.312883E+00   3.655000E+00   1.369703E+00         3
   4.808676E+02   4.808676E+02   2.674103E+00   3.469486E-01   3.469486E-01   0.000000E+00   2.321796E+00   3.654314E+00   1.375531E+00         3
   4.809115E+02   4.809115E+02   2.674099E+00   3.477318E-01   3.477318E-01   0.000000E+00   2.330729E+00   3.653620E+00   1.381385E+00         3
   4.809553E+02   4.809553E+02   2.674096E+00   3.485136E-01   3.485136E-01   0.000000E+00   2.339682E+00   3.652918E+00   1.387265E+00         3
   4.809992E+02   4.809992E+02   2.674092E+00   3.492968E-01   3.492968E-01   0.000000E+00   2.348637E+00   3.652219E+00   1.393140E+00         3
   4.810431E+02   4.810431E+02   2.674089E+00   3.500811E-01   3.500811E-01   0.000000E+00   2.357593E+00   3.651523E+00   1.399009E+00         3
   4.810869E+02   4.810869E+02   2.674085E+00   3.508646E-01   3.508646E-01   0.000000E+00   2.366556E+00   3.650826E+00   1.404885E+00         3
   4.811308E+02   4.811308E+02   2.674081E+00   3.516475E-01   3.516475E-01   0.000000E+00   2.375523E+00   3.650127E+00   1.410765E+00         3
   4.811747E+02   4.811747E+02   2.674077E+00   3.524470E-01   3.524470E-01   0.000000E+00   2.384460E+00   3.649418E+00   1.416648E+00         3
   4.812186E+02   4.812186E+02   2.674073E+00   3.532552E-01   3.532552E-01   0.000000E+00   2.393382E+00   3.648705E+00   1.422533E+00         3
   4.812624E+02   4.812624E+02   2.674069E+00   3.540407E-01   3.540407E-01   0.000000E+00   2.402379E+00   3.647992E+00   1.428448E+00         3
   4.813063E+02   4.813063E+02   2.674064E+00   3.548170E-01   3.548170E-01   0.000000E+00   2.411408E+00   3.647280E+00   1.434375E+00         3
   4.813502E+02   4.813502E+02   2.674060E+00   3.556525E-01   3.556525E-01   0.000000E+00   2.420432E+00   3.646556E+00   1.440327E+00         3
   4.813940E+02   4.813940E+02   2.674055E+00   3.565055E-01   3.565055E-01   0.000000E+00   2.429456E+00   3.645829E+00   1.446285E+00         3
   4.814379E+02   4.814379E+02   2.674050E+00   3.573362E-01   3.573362E-01   0.000000E+00   2.438478E+00   3.645105E+00   1.452236E+00         3
   4.814818E+02   4.814818E+02   2.674045E+00   3.581625E-01   3.581625E-01   0.000000E+00   2.447501E+00   3.644382E+00   1.458184E+00         3
   4.815256E+02   4.815256E+02   2.674040E+00   3.590107E-01   3.590107E-01   0.000000E+00   2.456567E+00   3.643645E+00   1.464189E+00         3
   4.815695E+02   4.815695E+02   2.674034E+00   3.598612E-01   3.598612E-01   0.000000E+00   2.465638E+00   3.642907E+00   1.470200E+00         3
   4.816134E+02   4.816134E+02   2.674028E+00   3.607089E-01   3.607089E-01   0.000000E+00   2.474741E+00   3.642156E+00   1.476261E+00         3
   4.816572E+02   4.816572E+02   2.674023E+00   3.615591E-01   3.615591E-01   0.000000E+00   2.483848E+00   3.641404E+00   1.482324E+00         3
   4.817011E+02   4.817011E+02   2.674016E+00   3.624565E-01   3.624565E-01   0.000000E+00   2.493021E+00   3.640652E+00   1.488420E+00         3
   4.817450E+02   4.817450E+02   2.674010E+00   3.633533E-01   3.633533E-01   0.000000E+00   2.502196E+00   3.639899E+00   1.494521E+00         3
   4.817888E+02   4.817888E+02   2.674003E+00   3.642467E-01   3.642467E-01   0.000000E+00   2.511386E+00   3.639133E+00   1.500654E+00         3
   4.818327E+02   4.818327E+02   2.673997E+00   3.651487E-01   3.651487E-01   0.000000E+00   2.520577E+00   3.638367E+00   1.506787E+00         3
   4.818766E+02   4.818766E+02   2.673990E+00   3.660781E-01   3.660781E-01   0.000000E+00   2.529772E+00   3.637601E+00   1.512922E+00         3
   4.819204E+02   4.819204E+02   2.673982E+00   3.670054E-01   3.670054E-01   0.000000E+00   2.538826E+00   3.636846E+00   1.518966E+00         3
   4.819643E+02   4.819643E+02   2.673975E+00   3.679283E-01   3.679283E-01   0.000000E+00   2.547595E+00   3.636110E+00   1.524829E+00         3
   4.820082E+02   4.820082E+02   2.673967E+00   3.688519E-01   3.688519E-01   0.000000E+00   2.555399E+00   3.635455E+00   1.530051E+00         3
   4.820520E+02   4.820520E+02   2.673959E+00   3.697768E-01   3.697768E-01   0.000000E+00   2.561314E+00   3.634955E+00   1.534019E+00         3
   4.820959E+02   4.820959E+02   2.673951E+00   3.707016E-01   3.707016E-01   0.000000E+00   2.567230E+00   3.634455E+00   1.537988E+00         3
   4.820959E+02   4.820959E+02   2.673951E+00   3.707016E-01   3.707016E-01   0.000000E+00   2.567230E+00   3.634455E+00   1.537988E+00         4
   4.836337E+02   4.836337E+02   2.673772E+00   3.899785E-01   3.899785E-01   0.000000E+00   2.329553E+00   3.654329E+00   1.379377E+00         4
   4.851715E+02   4.851715E+02   2.673688E+00   4.006721E-01   4.006721E-01   0.000000E+00   2.128230E+00   3.670377E+00   1.246620E+00         4
   4.867093E+02   4.867093E+02   2.673647E+00   4.069271E-01   4.069271E-01   0.000000E+00   1.975251E+00   3.682165E+00   1.146565E+00         4
   4.882471E+02   4.882471E+02   2.673622E+00   4.112117E-01   4.112117E-01   0.000000E+00   1.889509E+00   3.689009E+00   1.090020E+00         4
   4.897849E+02   4.897849E+02   2.673603E+00   4.139824E-01   4.139824E-01   0.000000E+00   1.852369E+00   3.692319E+00   1.064818E+00         4
   4.913227E+02   4.913227E+02   2.673586E+00   4.167374E-01   4.167374E-01   0.000000E+00   1.824895E+00   3.695031E+00   1.045551E+00         4
   4.928605E+02   4.928605E+02   2.673570E+00   4.195559E-01   4.195559E-01   0.000000E+00   1.806944E+00   3.697062E+00   1.032612E+00         4
   4.943982E+02   4.943982E+02   2.673555E+00   4.216648E-01   4.216648E-01   0.000000E+00   1.805626E+00   3.697439E+00   1.031253E+00         4
   4.959360E+02   4.959360E+02   2.673539E+00   4.237737E-01   4.237737E-01   0.000000E+00   1.804308E+00   3.697815E+00   1.029893E+00         4
   4.974738E+02   4.974738E+02   2.673523E+00   4.255182E-01   4.255182E-01   0.000000E+00   1.804182E+00   3.698038E+00   1.029417E+00         4
   4.990116E+02   4.990116E+02   2.673507E+00   4.265950E-01   4.265950E-01   0.000000E+00   1.806240E+00   3.697977E+00   1.030558E+00         4
   5.005494E+02   5.005494E+02   2.673491E+00   4.276719E-01   4.276719E-01   0.000000E+00   1.808299E+00   3.697917E+00   1.031698E+00         4
   5.020872E+02   5.020872E+02   2.673475E+00   4.287488E-01   4.287488E-01   0.000000E+00   1.810357E+00   3.697857E+00   1.032839E+00         4
   5.036250E+02   5.036250E+02   2.673459E+00   4.298257E-01   4.298257E-01   0.000000E+00   1.812415E+00   3.697796E+00   1.033980E+00         4
   5.051628E+02   5.051628E+02   2.673443E+00   4.309794E-01   4.309794E-01   0.000000E+00   1.814229E+00   3.697775E+00   1.034930E+00         4
   5.067006E+02   5.067006E+02   2.673426E+00   4.321765E-01   4.321765E-01   0.000000E+00   1.815905E+00   3.697777E+00   1.035773E+00         4
   5.082384E+02   5.082384E+02   2.673410E+00   4.333736E-01   4.333736E-01   0.000000E+00   1.817582E+00   3.697779E+00   1.036615E+00         4
   5.097762E+02   5.097762E+02   2.673393E+00   4.345707E-01   4.345707E-01   0.000000E+00   1.819258E+00   3.697781E+00   1.037458E+00         4
   5.113140E+02   5.113140E+02   2.673376E+00   4.357678E-01   4.357678E-01   0.000000E+00   1.820934E+00   3.697783E+00   1.038301E+00         4
   5.128517E+02   5.128517E+02   2.673360E+00   4.369621E-01   4.369621E-01   0.000000E+00   1.822737E+00   3.697775E+00   1.039204E+00         4
   5.143895E+02   5.143895E+02   2.673342E+00   4.381543E-01   4.381543E-01   0.000000E+00   1.824625E+00   3.697760E+00   1.040146E+00         4
   5.159273E+02   5.159273E+02   2.673325E+00   4.393466E-01   4.393466E-01   0.000000E+00   1.826513E+00   3.697745E+00   1.041089E+00         4
   5.174651E+02   5.174651E+02   2.673308E+00   4.405389E-01   4.405389E-01   0.000000E+00   1.828401E+00   3.697730E+00   1.042032E+00         4
   5.190029E+02   5.190029E+02   2.673291E+00   4.417312E-01   4.417312E-01   0.000000E+00   1.830289E+00   3.697715E+00   1.042975E+00         4
   5.205407E+02   5.205407E+02   2.673274E+00   4.429389E-01   4.429389E-01   0.000000E+00   1.832197E+00   3.697704E+00   1.043918E+00         4
   5.220785E+02   5.220785E+02   2.673256E+00   4.441572E-01   4.441572E-01   0.000000E+00   1.834118E+00   3.697695E+00   1.044862E+00         4
   5.236163E+02   5.236163E+02   2.673239E+00   4.453754E-01   4.453754E-01   0.000000E+00   1.836039E+00   3.697686E+00   1.045806E+00         4
   5.251541E+02   5.251541E+02   2.673221E+00   4.465937E-01   4.465937E-01   0.000000E+00   1.837960E+00   3.697677E+00   1.046750E+00         4
   5.266919E+02   5.266919E+02   2.673204E+00   4.478119E-01   4.478119E-01   0.000000E+00   1.839881E+00   3.697667E+00   1.047693E+00         4
   5.282297E+02   5.282297E+02   2.673186E+00   4.490326E-01   4.490326E-01   0.000000E+00   1.841853E+00   3.697650E+00   1.048712E+00         4
   5.297675E+02   5.297675E+02   2.673167E+00   4.502552E-01   4.502552E-01   0.000000E+00   1.843863E+00   3.697627E+00   1.049788E+00         4
   5.313052E+02   5.313052E+02   2.673149E+00   4.514777E-01   4.514777E-01   0.000000E+00   1.845874E+00   3.697604E+00   1.050863E+00         4
   5.328430E+02   5.328430E+02   2.673131E+00   4.527002E-01   4.527002E-01   0.000000E+00   1.847884E+00   3.697580E+00   1.051939E+00         4
   5.343808E+02   5.343808E+02   2.673113E+00   4.539227E-01   4.539227E-01   0.000000E+00   1.849894E+00   3.697557E+00   1.053014E+00         4
   5.359186E+02   5.359186E+02   2.673094E+00   4.551344E-01   4.551344E-01   0.000000E+00   1.851936E+00   3.697528E+00   1.054109E+00         4
   5.374564E+02   5.374564E+02   2.673075E+00   4.563393E-01   4.563393E-01   0.000000E+00   1.853999E+00   3.697496E+00   1.055217E+00         4
   5.389942E+02   5.389942E+02   2.673057E+00   4.575442E-01   4.575442E-01   0.000000E+00   1.856062E+00   3.697463E+00   1.056324E+00         4
   5.405320E+02   5.405320E+02   2.673038E+00   4.587490E-01   4.587490E-01   0.000000E+00   1.858125E+00   3.697430E+00   1.057431E+00         4
   5.420698E+02   5.420698E+02   2.673019E+00   4.599539E-01   4.599539E-01   0.000000E+00   1.860188E+00   3.697398E+00   1.058538E+00         4
   5.436076E+02   5.436076E+02   2.673000E+00   4.611492E-01   4.611492E-01   0.000000E+00   1.862222E+00   3.697370E+00   1.059623E+00         4
   5.451454E+02   5.451454E+02   2.672980E+00   4.623380E-01   4.623380E-01   0.000000E+00   1.864237E+00   3.697346E+00   1.060693E+00         4
   5.466832E+02   5.466832E+02   2.672961E+00   4.635268E-01   4.635268E-01   0.000000E+00   1.866252E+00   3.697321E+00   1.061763E+00         4
   5.482210E+02   5.482210E+02   2.672941E+00   4.647156E-01   4.647156E-01   0.000000E+00   1.868267E+00   3.697297E+00   1.062833E+00         4
   5.497587E+02   5.497587E+02   2.672922E+00   4.659045E-01   4.659045E-01   0.000000E+00   1.870282E+00   3.697272E+00   1.063902E+00         4
   5.512965E+02   5.512965E+02   2.672902E+00   4.671453E-01   4.671453E-01   0.000000E+00   1.872312E+00   3.697250E+00   1.064971E+00         4
   5.528343E+02   5.528343E+02   2.672882E+00   4.684326E-01   4.684326E-01   0.000000E+00   1.874356E+00   3.697229E+00   1.066039E+00         4
   5.543721E+02   5.543721E+02   2.672862E+00   4.697199E-01   4.697199E-01   0.000000E+00   1.876399E+00   3.697209E+00   1.067107E+00         4
   5.559099E+02   5.559099E+02   2.672841E+00   4.710071E-01   4.710071E-01   0.000000E+00   1.878443E+00   3.697188E+00   1.068175E+00         4
   5.574477E+02   5.574477E+02   2.672821E+00   4.722944E-01   4.722944E-01   0.000000E+00   1.880487E+00   3.697167E+00   1.069243E+00         4
   5.589855E+02   5.589855E+02   2.672801E+00   4.735679E-01   4.735679E-01   0.000000E+00   1.882604E+00   3.697128E+00   1.070381E+00         4
   5.605233E+02   5.605233E+02   2.672780E+00   4.748291E-01   4.748291E-01   0.000000E+00   1.884787E+00   3.697073E+00   1.071581E+00         4
   5.620611E+02   5.620611E+02   2.672759E+00   4.760902E-01   4.760902E-01   0.000000E+00   1.886971E+00   3.697017E+00   1.072782E+00         4
   5.635989E+02   5.635989E+02   2.672738E+00   4.773514E-01   4.773514E-01   0.000000E+00   1.889154E+00   3.696961E+00   1.073982E+00         4
   5.651367E+02   5.651367E+02   2.672717E+00   4.786125E-01   4.786125E-01   0.000000E+00   1.891337E+00   3.696906E+00   1.075183E+00         4
   5.666745E+02   5.666745E+02   2.672695E+00   4.798590E-01   4.798590E-01   0.000000E+00   1.893454E+00   3.696864E+00   1.076327E+00         4
   5.682122E+02   5.682122E+02   2.672674E+00   4.810969E-01   4.810969E-01   0.000000E+00   1.895534E+00   3.696831E+00   1.077439E+00         4
   5.697500E+02   5.697500E+02   2.672652E+00   4.823349E-01   4.823349E-01   0.000000E+00   1.897614E+00   3.696798E+00   1.078550E+00         4
   5.712878E+02   5.712878E+02   2.672630E+00   4.835729E-01   4.835729E-01   0.000000E+00   1.899694E+00   3.696765E+00   1.079662E+00         4
   5.728256E+02   5.728256E+02   2.672608E+00   4.848109E-01   4.848109E-01   0.000000E+00   1.901774E+00   3.696732E+00   1.080774E+00         4
   5.743634E+02   5.743634E+02   2.672586E+00   4.860331E-01   4.860331E-01   0.000000E+00   1.903944E+00   3.696674E+00   1.081974E+00         4
   5.759012E+02   5.759012E+02   2.672563E+00   4.872452E-01   4.872452E-01   0.000000E+00   1.906171E+00   3.696600E+00   1.083231E+00         4
   5.774390E+02   5.774390E+02   2.672541E+00   4.884574E-01   4.884574E-01   0.000000E+00   1.908399E+00   3.696527E+00   1.084488E+00         4
   5.789768E+02   5.789768E+02   2.672518E+00   4.896695E-01   4.896695E-01   0.000000E+00   1.910626E+00   3.696454E+00   1.085745E+00         4
   5.805146E+02   5.805146E+02   2.672495E+00   4.908817E-01   4.908817E-01   0.000000E+00   1.912854E+00   3.696380E+00   1.087002E+00         4
   5.820524E+02   5.820524E+02   2.672472E+00   4.921117E-01   4.921117E-01   2.460462E-04   1.915181E+00   3.696284E+00   1.088374E+00         4
   5.835902E+02   5.835902E+02   2.672449E+00   4.933503E-01   4.933503E-01   6.119411E-04   1.917556E+00   3.696177E+00   1.089802E+00         4
   5.851280E+02   5.851280E+02   2.672425E+00   4.945890E-01   4.945890E-01   9.778361E-04   1.919931E+00   3.696070E+00   1.091230E+00         4
   5.866657E+02   5.866657E+02   2.672402E+00   4.958277E-01   4.958277E-01   1.343731E-03   1.922306E+00   3.695963E+00   1.092658E+00         4
   5.882035E+02   5.882035E+02   2.672378E+00   4.970664E-01   4.970664E-01   1.709626E-03   1.924681E+00   3.695856E+00   1.094087E+00         4
   5.897413E+02   5.897413E+02   2.672354E+00   4.982650E-01   4.982650E-01   1.826746E-03   1.926968E+00   3.695741E+00   1.095420E+00         4
   5.912791E+02   5.912791E+02   2.672329E+00   4.994620E-01   4.994620E-01   1.934155E-03   1.929253E+00   3.695627E+00   1.096751E+00         4
   5.928169E+02   5.928169E+02   2.672305E+00   5.006590E-01   5.006590E-01   2.041564E-03   1.931537E+00   3.695512E+00   1.098081E+00         4
   5.943547E+02   5.943547E+02   2.672280E+00   5.018560E-01   5.018560E-01   2.148974E-03   1.933822E+00   3.695397E+00   1.099411E+00         4
   5.958925E+02   5.958925E+02   2.672255E+00   5.030751E-01   5.030751E-01   2.074427E-03   1.936207E+00   3.695252E+00   1.100860E+00         4
   5.974303E+02   5.974303E+02   2.672230E+00   5.043520E-01   5.043520E-01   1.525964E-03   1.938855E+00   3.695030E+00   1.102618E+00         4
   5.989681E+02   5.989681E+02   2.672204E+00   5.056288E-01   5.056288E-01   9.775017E-04   1.941504E+00   3.694807E+00   1.104377E+00         4
   6.005059E+02   6.005059E+02   2.672179E+00   5.069056E-01   5.069056E-01   4.290391E-04   1.944152E+00   3.694584E+00   1.106135E+00         4
   6.020437E+02   6.020437E+02   2.672153E+00   5.081649E-01   5.081649E-01   0.000000E+00   1.946806E+00   3.694356E+00   1.107921E+00         4
   6.035815E+02   6.035815E+02   2.672126E+00   5.093613E-01   5.093613E-01   0.000000E+00   1.949483E+00   3.694108E+00   1.109807E+00         4
   6.051192E+02   6.051192E+02   2.672100E+00   5.105577E-01   5.105577E-01   0.000000E+00   1.952159E+00   3.693861E+00   1.111692E+00         4
   6.066570E+02   6.066570E+02   2.672073E+00   5.117541E-01   5.117541E-01   0.000000E+00   1.954836E+00   3.693613E+00   1.113577E+00         4
   6.081948E+02   6.081948E+02   2.672046E+00   5.129749E-01   5.129749E-01   3.470471E-02   1.958255E+00   3.693227E+00   1.116122E+00         4
   6.097326E+02   6.097326E+02   2.672018E+00   5.142123E-01   5.142123E-01   9.305396E-02   1.962179E+00   3.692746E+00   1.119118E+00         4
   6.112704E+02   6.112704E+02   2.671991E+00   5.154496E-01   5.154496E-01   1.514032E-01   1.966104E+00   3.692265E+00   1.122113E+00         4
   6.128082E+02   6.128082E+02   2.671962E+00   5.166824E-01   5.166824E-01   1.845244E-01   1.971176E+00   3.691612E+00   1.126007E+00         4
   6.143460E+02   6.143460E+02   2.671933E+00   5.179099E-01   5.179099E-01   1.892991E-01   1.977539E+00   3.690767E+00   1.130910E+00         4
   6.158838E+02   6.158838E+02   2.671905E+00   5.186568E-01   5.186568E-01   7.145747E-03   1.969369E+00   3.693128E+00   1.121693E+00         4
   6.174216E+02   6.174216E+02   2.671876E+00   5.197371E-01   5.197371E-01   3.198587E-02   1.974649E+00   3.692179E+00   1.126431E+00         4
   6.189594E+02   6.189594E+02   2.671847E+00   5.208174E-01   5.208174E-01   5.682600E-02   1.979930E+00   3.691230E+00   1.131169E+00         4
   6.204972E+02   6.204972E+02   2.671817E+00   5.220022E-01   5.220022E-01   1.265442E-01   1.988800E+00   3.690001E+00   1.137800E+00         4
   6.220349E+02   6.220349E+02   2.671786E+00   5.232436E-01   5.232436E-01   1.746179E-01   1.999491E+00   3.688600E+00   1.145856E+00         4
   6.235727E+02   6.235727E+02   2.671753E+00   5.246274E-01   5.246274E-01   1.778989E-01   2.014422E+00   3.686770E+00   1.157441E+00         4
   6.251105E+02   6.251105E+02   2.671717E+00   5.262829E-01   5.262829E-01   1.811279E-01   2.041704E+00   3.683789E+00   1.177721E+00         4
   6.266483E+02   6.266483E+02   2.671687E+00   5.273052E-01   5.273052E-01   2.467494E-03   1.990385E+00   3.691748E+00   1.135403E+00         4
   6.281861E+02   6.281861E+02   2.671656E+00   5.282544E-01   5.282544E-01   2.467814E-03   1.991867E+00   3.690927E+00   1.138231E+00         4
   6.297239E+02   6.297239E+02   2.671624E+00   5.293312E-01   5.293312E-01   1.053712E-01   1.999966E+00   3.689594E+00   1.144270E+00         4
   6.312617E+02   6.312617E+02   2.671592E+00   5.304746E-01   5.304746E-01   1.698563E-01   2.011382E+00   3.687972E+00   1.152856E+00         4
   6.327995E+02   6.327995E+02   2.671557E+00   5.317546E-01   5.317546E-01   1.730187E-01   2.029981E+00   3.685675E+00   1.166839E+00         4
   6.343373E+02   6.343373E+02   2.671519E+00   5.332423E-01   5.332423E-01   1.767234E-01   2.060753E+00   3.682282E+00   1.189018E+00         4
   6.358751E+02   6.358751E+02   2.671470E+00   5.356769E-01   5.356769E-01   1.767241E-01   2.216300E+00   3.667862E+00   1.295687E+00         4
   6.358751E+02   6.358751E+02   2.671470E+00   5.356769E-01   5.356769E-01   1.767241E-01   2.216302E+00   3.667862E+00   1.295688E+00         5
   6.358919E+02   6.358919E+02   2.671469E+00   5.357281E-01   5.357281E-01   1.767241E-01   2.225491E+00   3.667066E+00   1.301882E+00         5
   6.359086E+02   6.359086E+02   2.671468E+00   5.357782E-01   5.357782E-01   1.767241E-01   2.235168E+00   3.666211E+00   1.308444E+00         5
   6.359254E+02   6.359254E+02   2.671467E+00   5.358666E-01   5.358666E-01   1.767241E-01   2.244806E+00   3.665406E+00   1.314861E+00         5
   6.359422E+02   6.359422E+02   2.671466E+00   5.358949E-01   5.358949E-01   1.767241E-01   2.253220E+00   3.664705E+00   1.320459E+00         5
   6.359590E+02   6.359590E+02   2.671465E+00   5.359370E-01   5.359370E-01   1.767241E-01   2.259372E+00   3.664202E+00   1.324539E+00         5
   6.359758E+02   6.359758E+02   2.671464E+00   5.359876E-01   5.359876E-01   1.767241E-01   2.262619E+00   3.663945E+00   1.326675E+00         5
   6.359926E+02   6.359926E+02   2.671463E+00   5.360750E-01   5.360750E-01   1.767241E-01   2.262170E+00   3.663998E+00   1.326338E+00         5
   6.360093E+02   6.360093E+02   2.671462E+00   5.361623E-01   5.361623E-01   1.767241E-01   2.261722E+00   3.664051E+00   1.326002E+00         5
   6.360261E+02   6.360261E+02   2.671461E+00   5.362093E-01   5.362093E-01   1.767241E-01   2.258865E+00   3.664301E+00   1.324069E+00         5
   6.360429E+02   6.360429E+02   2.671460E+00   5.362401E-01   5.362401E-01   1.767241E-01   2.255042E+00   3.664631E+00   1.321495E+00         5
   6.360597E+02   6.360597E+02   2.671459E+00   5.362807E-01   5.362807E-01   1.767241E-01   2.250933E+00   3.664986E+00   1.319069E+00         5
   6.360765E+02   6.360765E+02   2.671459E+00   5.363175E-01   5.363175E-01   1.767241E-01   2.247161E+00   3.665329E+00   1.316772E+00         5
   6.360933E+02   6.360933E+02   2.671458E+00   5.363447E-01   5.363447E-01   1.767241E-01   2.244201E+00   3.665643E+00   1.314756E+00         5
   6.361101E+02   6.361101E+02   2.671457E+00   5.363788E-01   5.363788E-01   1.767241E-01   2.241555E+00   3.665922E+00   1.312798E+00         5
   6.361268E+02   6.361268E+02   2.671456E+00   5.364214E-01   5.364214E-01   1.767241E-01   2.239287E+00   3.666161E+00   1.310912E+00         5
   6.361436E+02   6.361436E+02   2.671455E+00   5.364637E-01   5.364637E-01   1.767241E-01   2.237072E+00   3.666389E+00   1.309107E+00         5
   6.361604E+02   6.361604E+02   2.671454E+00   5.365041E-01   5.365041E-01   1.767241E-01   2.235168E+00   3.666557E+00   1.307789E+00         5
   6.361772E+02   6.361772E+02   2.671453E+00   5.365444E-01   5.365444E-01   1.767241E-01   2.233264E+00   3.666724E+00   1.306470E+00         5
   6.361940E+02   6.361940E+02   2.671452E+00   5.365841E-01   5.365841E-01   1.767241E-01   2.231405E+00   3.666888E+00   1.305186E+00         5
   6.362108E+02   6.362108E+02   2.671451E+00   5.366146E-01   5.366146E-01   1.767241E-01   2.230118E+00   3.666992E+00   1.304333E+00         5
   6.362275E+02   6.362275E+02   2.671451E+00   5.366452E-01   5.366452E-01   1.767241E-01   2.228831E+00   3.667097E+00   1.303481E+00         5
   6.362443E+02   6.362443E+02   2.671450E+00   5.366758E-01   5.366758E-01   1.767241E-01   2.227544E+00   3.667201E+00   1.302628E+00         5
   6.362611E+02   6.362611E+02   2.671449E+00   5.367063E-01   5.367063E-01   1.767241E-01   2.226256E+00   3.667306E+00   1.301776E+00         5
   6.362779E+02   6.362779E+02   2.671448E+00   5.367408E-01   5.367408E-01   1.772343E-01   2.225587E+00   3.667366E+00   1.301321E+00         5
   6.362947E+02   6.362947E+02   2.671447E+00   5.367755E-01   5.367755E-01   1.777798E-01   2.224960E+00   3.667423E+00   1.300893E+00         5
   6.363115E+02   6.363115E+02   2.671446E+00   5.368103E-01   5.368103E-01   1.783253E-01   2.224334E+00   3.667480E+00   1.300465E+00         5
   6.363282E+02   6.363282E+02   2.671445E+00   5.368450E-01   5.368450E-01   1.788708E-01   2.223707E+00   3.667538E+00   1.300037E+00         5
   6.363450E+02   6.363450E+02   2.671445E+00   5.368797E-01   5.368797E-01   1.794163E-01   2.223080E+00   3.667595E+00   1.299609E+00         5
   6.363618E+02   6.363618E+02   2.671444E+00   5.369144E-01   5.369144E-01   1.799944E-01   2.222478E+00   3.667650E+00   1.299199E+00         5
   6.363786E+02   6.363786E+02   2.671443E+00   5.369475E-01   5.369475E-01   1.812624E-01   2.222401E+00   3.667656E+00   1.299148E+00         5
   6.363954E+02   6.363954E+02   2.671442E+00   5.369806E-01   5.369806E-01   1.825303E-01   2.222324E+00   3.667662E+00   1.299097E+00         5
   6.364122E+02   6.364122E+02   2.671441E+00   5.370137E-01   5.370137E-01   1.837983E-01   2.222247E+00   3.667668E+00   1.299046E+00         5
   6.364290E+02   6.364290E+02   2.671440E+00   5.370469E-01   5.370469E-01   1.850662E-01   2.222170E+00   3.667674E+00   1.298995E+00         5
   6.364457E+02   6.364457E+02   2.671440E+00   5.370800E-01   5.370800E-01   1.863341E-01   2.222093E+00   3.667680E+00   1.298945E+00         5
   6.364625E+02   6.364625E+02   2.671439E+00   5.371131E-01   5.371131E-01   1.876021E-01   2.222016E+00   3.667686E+00   1.298894E+00         5
   6.364793E+02   6.364793E+02   2.671438E+00   5.371462E-01   5.371462E-01   1.888700E-01   2.221939E+00   3.667693E+00   1.298843E+00         5
   6.364961E+02   6.364961E+02   2.671437E+00   5.371783E-01   5.371783E-01   1.900957E-01   2.221914E+00   3.667694E+00   1.298827E+00         5
   6.365129E+02   6.365129E+02   2.671436E+00   5.372034E-01   5.372034E-01   1.910462E-01   2.222231E+00   3.667668E+00   1.299038E+00         5
   6.365297E+02   6.365297E+02   2.671436E+00   5.372285E-01   5.372285E-01   1.919967E-01   2.222548E+00   3.667642E+00   1.299249E+00         5
   6.365464E+02   6.365464E+02   2.671435E+00   5.372537E-01   5.372537E-01   1.929472E-01   2.222864E+00   3.667616E+00   1.299460E+00         5
   6.365632E+02   6.365632E+02   2.671434E+00   5.372788E-01   5.372788E-01   1.938977E-01   2.223181E+00   3.667589E+00   1.299671E+00         5
   6.365800E+02   6.365800E+02   2.671433E+00   5.373040E-01   5.373040E-01   1.948481E-01   2.223498E+00   3.667563E+00   1.299882E+00         5
   6.365968E+02   6.365968E+02   2.671432E+00   5.373291E-01   5.373291E-01   1.957986E-01   2.223815E+00   3.667537E+00   1.300092E+00         5
   6.366136E+02   6.366136E+02   2.671431E+00   5.373542E-01   5.373542E-01   1.967491E-01   2.224131E+00   3.667511E+00   1.300303E+00         5
   6.366304E+02   6.366304E+02   2.671431E+00   5.373794E-01   5.373794E-01   1.976996E-01   2.224448E+00   3.667484E+00   1.300514E+00         5
   6.366471E+02   6.366471E+02   2.671430E+00   5.374052E-01   5.374052E-01   1.986291E-01   2.224811E+00   3.667454E+00   1.300755E+00         5
   6.366639E+02   6.366639E+02   2.671429E+00   5.374341E-01   5.374341E-01   1.994748E-01   2.225356E+00   3.667409E+00   1.301118E+00         5
   6.366807E+02   6.366807E+02   2.671428E+00   5.374629E-01   5.374629E-01   2.003205E-01   2.225902E+00   3.667364E+00   1.301481E+00         5
   6.366975E+02   6.366975E+02   2.671427E+00   5.374917E-01   5.374917E-01   2.011663E-01   2.226448E+00   3.667320E+00   1.301844E+00         5
   6.367143E+02   6.367143E+02   2.671426E+00   5.375205E-01   5.375205E-01   2.020120E-01   2.226993E+00   3.667275E+00   1.302206E+00         5
   6.367311E+02   6.367311E+02   2.671426E+00   5.375493E-01   5.375493E-01   2.028577E-01   2.227539E+00   3.667230E+00   1.302569E+00         5
   6.367479E+02   6.367479E+02   2.671425E+00   5.375781E-01   5.375781E-01   2.037034E-01   2.228085E+00   3.667185E+00   1.302932E+00         5
   6.367646E+02   6.367646E+02   2.671424E+00   5.376069E-01   5.376069E-01   2.045492E-01   2.228630E+00   3.667140E+00   1.303295E+00         5
   6.367814E+02   6.367814E+02   2.671423E+00   5.376358E-01   5.376358E-01   2.053949E-01   2.229176E+00   3.667095E+00   1.303657E+00         5
   6.367982E+02   6.367982E+02   2.671422E+00   5.376656E-01   5.376656E-01   2.061647E-01   2.229789E+00   3.667044E+00   1.304065E+00         5
   6.368150E+02   6.368150E+02   2.671421E+00   5.376966E-01   5.376966E-01   2.068480E-01   2.230478E+00   3.666987E+00   1.304524E+00         5
   6.368318E+02   6.368318E+02   2.671420E+00   5.377277E-01   5.377277E-01   2.075312E-01   2.231168E+00   3.666930E+00   1.304983E+00         5
   6.368486E+02   6.368486E+02   2.671420E+00   5.377587E-01   5.377587E-01   2.082145E-01   2.231857E+00   3.666873E+00   1.305442E+00         5
   6.368653E+02   6.368653E+02   2.671419E+00   5.377898E-01   5.377898E-01   2.088978E-01   2.232547E+00   3.666816E+00   1.305901E+00         5
   6.368821E+02   6.368821E+02   2.671418E+00   5.378208E-01   5.378208E-01   2.095811E-01   2.233236E+00   3.666759E+00   1.306360E+00         5
   6.368989E+02   6.368989E+02   2.671417E+00   5.378519E-01   5.378519E-01   2.102644E-01   2.233925E+00   3.666701E+00   1.306819E+00         5
   6.369157E+02   6.369157E+02   2.671416E+00   5.378829E-01   5.378829E-01   2.109476E-01   2.234615E+00   3.666644E+00   1.307278E+00         5
   6.369325E+02   6.369325E+02   2.671415E+00   5.379131E-01   5.379131E-01   2.116350E-01   2.235313E+00   3.666586E+00   1.307743E+00         5
   6.369493E+02   6.369493E+02   2.671414E+00   5.379371E-01   5.379371E-01   2.123542E-01   2.236082E+00   3.666522E+00   1.308256E+00         5
   6.369660E+02   6.369660E+02   2.671414E+00   5.379611E-01   5.379611E-01   2.130733E-01   2.236851E+00   3.666458E+00   1.308769E+00         5
   6.369828E+02   6.369828E+02   2.671413E+00   5.379851E-01   5.379851E-01   2.137925E-01   2.237620E+00   3.666394E+00   1.309282E+00         5
   6.369996E+02   6.369996E+02   2.671412E+00   5.380090E-01   5.380090E-01   2.145116E-01   2.238389E+00   3.666329E+00   1.309795E+00         5
   6.370164E+02   6.370164E+02   2.671411E+00   5.380330E-01   5.380330E-01   2.152307E-01   2.239157E+00   3.666265E+00   1.310308E+00         5
   6.370332E+02   6.370332E+02   2.671410E+00   5.380570E-01   5.380570E-01   2.159499E-01   2.239926E+00   3.666201E+00   1.310821E+00         5
   6.370500E+02   6.370500E+02   2.671409E+00   5.380810E-01   5.380810E-01   2.166690E-01   2.240695E+00   3.666136E+00   1.311333E+00         5
   6.370668E+02   6.370668E+02   2.671408E+00   5.381049E-01   5.381049E-01   2.173882E-01   2.241464E+00   3.666072E+00   1.311846E+00         5
   6.370835E+02   6.370835E+02   2.671407E+00   5.381274E-01   5.381274E-01   2.180475E-01   2.242278E+00   3.666003E+00   1.312391E+00         5
   6.371003E+02   6.371003E+02   2.671407E+00   5.381498E-01   5.381498E-01   2.187067E-01   2.243093E+00   3.665935E+00   1.312936E+00         5
   6.371171E+02   6.371171E+02   2.671406E+00   5.381722E-01   5.381722E-01   2.193659E-01   2.243908E+00   3.665866E+00   1.313481E+00         5
   6.371339E+02   6.371339E+02   2.671405E+00   5.381947E-01   5.381947E-01   2.200252E-01   2.244722E+00   3.665797E+00   1.314025E+00         5
   6.371507E+02   6.371507E+02   2.671404E+00   5.382171E-01   5.382171E-01   2.206844E-01   2.245537E+00   3.665729E+00   1.314570E+00         5
   6.371675E+02   6.371675E+02   2.671403E+00   5.382395E-01   5.382395E-01   2.213437E-01   2.246352E+00   3.665660E+00   1.315115E+00         5
   6.371842E+02   6.371842E+02   2.671402E+00   5.382619E-01   5.382619E-01   2.220029E-01   2.247166E+00   3.665591E+00   1.315659E+00         5
   6.372010E+02   6.372010E+02   2.671401E+00   5.382847E-01   5.382847E-01   2.226590E-01   2.247983E+00   3.665522E+00   1.316206E+00         5
   6.372178E+02   6.372178E+02   2.671400E+00   5.383160E-01   5.383160E-01   2.232297E-01   2.248853E+00   3.665448E+00   1.316790E+00         5
   6.372346E+02   6.372346E+02   2.671399E+00   5.383473E-01   5.383473E-01   2.238004E-01   2.249724E+00   3.665373E+00   1.317375E+00         5
   6.372514E+02   6.372514E+02   2.671399E+00   5.383786E-01   5.383786E-01   2.243710E-01   2.250594E+00   3.665298E+00   1.317960E+00         5
   6.372682E+02   6.372682E+02   2.671398E+00   5.384099E-01   5.384099E-01   2.249417E-01   2.251465E+00   3.665223E+00   1.318545E+00         5
   6.372849E+02   6.372849E+02   2.671397E+00   5.384412E-01   5.384412E-01   2.255124E-01   2.252335E+00   3.665148E+00   1.319130E+00         5
   6.373017E+02   6.373017E+02   2.671396E+00   5.384725E-01   5.384725E-01   2.260831E-01   2.253205E+00   3.665074E+00   1.319714E+00         5
   6.373185E+02   6.373185E+02   2.671395E+00   5.385038E-01   5.385038E-01   2.266538E-01   2.254076E+00   3.664999E+00   1.320299E+00         5
   6.373353E+02   6.373353E+02   2.671394E+00   5.385347E-01   5.385347E-01   2.272139E-01   2.254945E+00   3.664924E+00   1.320887E+00         5
   6.373521E+02   6.373521E+02   2.671393E+00   5.385648E-01   5.385648E-01   2.277493E-01   2.255810E+00   3.664848E+00   1.321481E+00         5
   6.373689E+02   6.373689E+02   2.671392E+00   5.385948E-01   5.385948E-01   2.282847E-01   2.256676E+00   3.664772E+00   1.322076E+00         5
   6.373857E+02   6.373857E+02   2.671391E+00   5.386249E-01   5.386249E-01   2.288202E-01   2.257542E+00   3.664696E+00   1.322671E+00         5
   6.374024E+02   6.374024E+02   2.671390E+00   5.386549E-01   5.386549E-01   2.293556E-01   2.258408E+00   3.664620E+00   1.323265E+00         5
   6.374192E+02   6.374192E+02   2.671389E+00   5.386850E-01   5.386850E-01   2.298910E-01   2.259274E+00   3.664544E+00   1.323860E+00         5
   6.374360E+02   6.374360E+02   2.671388E+00   5.387151E-01   5.387151E-01   2.304264E-01   2.260140E+00   3.664469E+00   1.324455E+00         5
   6.374528E+02   6.374528E+02   2.671387E+00   5.387451E-01   5.387451E-01   2.309619E-01   2.261005E+00   3.664393E+00   1.325049E+00         5
   6.374696E+02   6.374696E+02   2.671387E+00   5.387735E-01   5.387735E-01   2.314856E-01   2.261888E+00   3.664316E+00   1.325653E+00         5
   6.374864E+02   6.374864E+02   2.671386E+00   5.388011E-01   5.388011E-01   2.320029E-01   2.262779E+00   3.664239E+00   1.326262E+00         5
   6.375031E+02   6.375031E+02   2.671385E+00   5.388286E-01   5.388286E-01   2.325203E-01   2.263670E+00   3.664161E+00   1.326871E+00         5
   6.375199E+02   6.375199E+02   2.671384E+00   5.388561E-01   5.388561E-01   2.330377E-01   2.264562E+00   3.664084E+00   1.327480E+00         5
   6.375367E+02   6.375367E+02   2.671383E+00   5.388837E-01   5.388837E-01   2.335551E-01   2.265453E+00   3.664007E+00   1.328089E+00         5
   6.375535E+02   6.375535E+02   2.671382E+00   5.389112E-01   5.389112E-01   2.340725E-01   2.266344E+00   3.663929E+00   1.328698E+00         5
   6.375703E+02   6.375703E+02   2.671381E+00   5.389387E-01   5.389387E-01   2.345899E-01   2.267236E+00   3.663852E+00   1.329307E+00         5
   6.375871E+02   6.375871E+02   2.671380E+00   5.389660E-01   5.389660E-01   2.351170E-01   2.268127E+00   3.663775E+00   1.329916E+00         5
   6.376038E+02   6.376038E+02   2.671379E+00   5.389911E-01   5.389911E-01   2.357165E-01   2.269017E+00   3.663698E+00   1.330521E+00         5
   6.376206E+02   6.376206E+02   2.671378E+00   5.390163E-01   5.390163E-01   2.363160E-01   2.269908E+00   3.663622E+00   1.331126E+00         5
   6.376374E+02   6.376374E+02   2.671377E+00   5.390415E-01   5.390415E-01   2.369155E-01   2.270798E+00   3.663545E+00   1.331731E+00         5
   6.376542E+02   6.376542E+02   2.671376E+00   5.390666E-01   5.390666E-01   2.375150E-01   2.271689E+00   3.663468E+00   1.332336E+00         5
   6.376710E+02   6.376710E+02   2.671375E+00   5.390918E-01   5.390918E-01   2.381145E-01   2.272579E+00   3.663392E+00   1.332941E+00         5
   6.376878E+02   6.376878E+02   2.671374E+00   5.391169E-01   5.391169E-01   2.387140E-01   2.273469E+00   3.663315E+00   1.333546E+00         5
   6.377045E+02   6.377045E+02   2.671373E+00   5.391421E-01   5.391421E-01   2.393135E-01   2.274360E+00   3.663239E+00   1.334151E+00         5
   6.377213E+02   6.377213E+02   2.671372E+00   5.391684E-01   5.391684E-01   2.399121E-01   2.275243E+00   3.663161E+00   1.334751E+00         5
   6.377381E+02   6.377381E+02   2.671371E+00   5.391955E-01   5.391955E-01   2.405101E-01   2.276120E+00   3.663081E+00   1.335348E+00         5
   6.377549E+02   6.377549E+02   2.671370E+00   5.392227E-01   5.392227E-01   2.411080E-01   2.276997E+00   3.663002E+00   1.335945E+00         5
   6.377717E+02   6.377717E+02   2.671369E+00   5.392499E-01   5.392499E-01   2.417059E-01   2.277874E+00   3.662923E+00   1.336541E+00         5
   6.377885E+02   6.377885E+02   2.671368E+00   5.392771E-01   5.392771E-01   2.423038E-01   2.278751E+00   3.662844E+00   1.337138E+00         5
   6.378053E+02   6.378053E+02   2.671367E+00   5.393042E-01   5.393042E-01   2.429018E-01   2.279628E+00   3.662765E+00   1.337735E+00         5
   6.378220E+02   6.378220E+02   2.671366E+00   5.393314E-01   5.393314E-01   2.434997E-01   2.280505E+00   3.662685E+00   1.338332E+00         5
   6.378388E+02   6.378388E+02   2.671365E+00   5.393586E-01   5.393586E-01   2.440976E-01   2.281382E+00   3.662606E+00   1.338928E+00         5
   6.378556E+02   6.378556E+02   2.671364E+00   5.393943E-01   5.393943E-01   2.446138E-01   2.282224E+00   3.662528E+00   1.339504E+00         5
   6.378724E+02   6.378724E+02   2.671363E+00   5.394311E-01   5.394311E-01   2.451202E-01   2.283061E+00   3.662451E+00   1.340077E+00         5
   6.378892E+02   6.378892E+02   2.671362E+00   5.394679E-01   5.394679E-01   2.456266E-01   2.283898E+00   3.662373E+00   1.340650E+00         5
   6.379060E+02   6.379060E+02   2.671361E+00   5.395046E-01   5.395046E-01   2.461330E-01   2.284735E+00   3.662295E+00   1.341222E+00         5
   6.379227E+02   6.379227E+02   2.671360E+00   5.395414E-01   5.395414E-01   2.466394E-01   2.285572E+00   3.662218E+00   1.341795E+00         5
   6.379395E+02   6.379395E+02   2.671359E+00   5.395782E-01   5.395782E-01   2.471458E-01   2.286409E+00   3.662140E+00   1.342368E+00         5
   6.379563E+02   6.379563E+02   2.671358E+00   5.396149E-01   5.396149E-01   2.476522E-01   2.287247E+00   3.662063E+00   1.342941E+00         5
   6.379731E+02   6.379731E+02   2.671357E+00   5.396517E-01   5.396517E-01   2.481586E-01   2.288084E+00   3.661985E+00   1.343514E+00         5
   6.379899E+02   6.379899E+02   2.671356E+00   5.396770E-01   5.396770E-01   2.487519E-01   2.288853E+00   3.661916E+00   1.344039E+00         5
   6.380067E+02   6.380067E+02   2.671354E+00   5.397019E-01   5.397019E-01   2.493490E-01   2.289620E+00   3.661848E+00   1.344562E+00         5
   6.380234E+02   6.380234E+02   2.671353E+00   5.397267E-01   5.397267E-01   2.499462E-01   2.290386E+00   3.661779E+00   1.345084E+00         5
   6.380402E+02   6.380402E+02   2.671352E+00   5.397516E-01   5.397516E-01   2.505433E-01   2.291153E+00   3.661711E+00   1.345607E+00         5
   6.380570E+02   6.380570E+02   2.671351E+00   5.397764E-01   5.397764E-01   2.511404E-01   2.291919E+00   3.661642E+00   1.346130E+00         5
   6.380738E+02   6.380738E+02   2.671350E+00   5.398013E-01   5.398013E-01   2.517375E-01   2.292685E+00   3.661574E+00   1.346653E+00         5
   6.380906E+02   6.380906E+02   2.671349E+00   5.398261E-01   5.398261E-01   2.523346E-01   2.293452E+00   3.661506E+00   1.347175E+00         5
   6.381074E+02   6.381074E+02   2.671348E+00   5.398510E-01   5.398510E-01   2.529318E-01   2.294218E+00   3.661437E+00   1.347698E+00         5
   6.381242E+02   6.381242E+02   2.671347E+00   5.398801E-01   5.398801E-01   2.534821E-01   2.294947E+00   3.661371E+00   1.348199E+00         5
   6.381409E+02   6.381409E+02   2.671346E+00   5.399136E-01   5.399136E-01   2.539851E-01   2.295637E+00   3.661308E+00   1.348678E+00         5
   6.381577E+02   6.381577E+02   2.671345E+00   5.399471E-01   5.399471E-01   2.544881E-01   2.296328E+00   3.661245E+00   1.349158E+00         5
   6.381745E+02   6.381745E+02   2.671344E+00   5.399806E-01   5.399806E-01   2.549911E-01   2.297018E+00   3.661181E+00   1.349637E+00         5
   6.381913E+02   6.381913E+02   2.671343E+00   5.400141E-01   5.400141E-01   2.554940E-01   2.297709E+00   3.661118E+00   1.350116E+00         5
   6.382081E+02   6.382081E+02   2.671341E+00   5.400476E-01   5.400476E-01   2.559970E-01   2.298399E+00   3.661054E+00   1.350595E+00         5
   6.382249E+02   6.382249E+02   2.671340E+00   5.400811E-01   5.400811E-01   2.565000E-01   2.299090E+00   3.660991E+00   1.351074E+00         5
   6.382416E+02   6.382416E+02   2.671339E+00   5.401146E-01   5.401146E-01   2.570030E-01   2.299780E+00   3.660928E+00   1.351553E+00         5
   6.382584E+02   6.382584E+02   2.671338E+00   5.401481E-01   5.401481E-01   2.575060E-01   2.300471E+00   3.660864E+00   1.352032E+00         5
   6.382752E+02   6.382752E+02   2.671337E+00   5.401792E-01   5.401792E-01   2.579738E-01   2.301126E+00   3.660803E+00   1.352489E+00         5
   6.382920E+02   6.382920E+02   2.671336E+00   5.402078E-01   5.402078E-01   2.584051E-01   2.301744E+00   3.660744E+00   1.352923E+00         5
   6.383088E+02   6.383088E+02   2.671335E+00   5.402364E-01   5.402364E-01   2.588365E-01   2.302362E+00   3.660685E+00   1.353357E+00         5
   6.383256E+02   6.383256E+02   2.671334E+00   5.402651E-01   5.402651E-01   2.592678E-01   2.302980E+00   3.660626E+00   1.353791E+00         5
   6.383423E+02   6.383423E+02   2.671333E+00   5.402937E-01   5.402937E-01   2.596992E-01   2.303598E+00   3.660567E+00   1.354225E+00         5
   6.383591E+02   6.383591E+02   2.671331E+00   5.403223E-01   5.403223E-01   2.601305E-01   2.304216E+00   3.660508E+00   1.354659E+00         5
   6.383759E+02   6.383759E+02   2.671330E+00   5.403509E-01   5.403509E-01   2.605618E-01   2.304834E+00   3.660449E+00   1.355093E+00         5
   6.383927E+02   6.383927E+02   2.671329E+00   5.403796E-01   5.403796E-01   2.609932E-01   2.305452E+00   3.660390E+00   1.355527E+00         5
   6.384095E+02   6.384095E+02   2.671328E+00   5.404082E-01   5.404082E-01   2.614245E-01   2.306070E+00   3.660331E+00   1.355961E+00         5
   6.384263E+02   6.384263E+02   2.671327E+00   5.404368E-01   5.404368E-01   2.618559E-01   2.306688E+00   3.660272E+00   1.356395E+00         5
   6.384431E+02   6.384431E+02   2.671326E+00   5.404696E-01   5.404696E-01   2.623466E-01   2.307308E+00   3.660219E+00   1.356773E+00         5
   6.384598E+02   6.384598E+02   2.671325E+00   5.405024E-01   5.405024E-01   2.628379E-01   2.307928E+00   3.660166E+00   1.357151E+00         5
   6.384766E+02   6.384766E+02   2.671323E+00   5.405353E-01   5.405353E-01   2.633292E-01   2.308548E+00   3.660113E+00   1.357528E+00         5
   6.384934E+02   6.384934E+02   2.671322E+00   5.405681E-01   5.405681E-01   2.638205E-01   2.309168E+00   3.660060E+00   1.357906E+00         5
   6.385102E+02   6.385102E+02   2.671321E+00   5.406010E-01   5.406010E-01   2.643118E-01   2.309788E+00   3.660007E+00   1.358283E+00         5
   6.385270E+02   6.385270E+02   2.671320E+00   5.406338E-01   5.406338E-01   2.648032E-01   2.310408E+00   3.659954E+00   1.358661E+00         5
   6.385438E+02   6.385438E+02   2.671319E+00   5.406667E-01   5.406667E-01   2.652945E-01   2.311028E+00   3.659901E+00   1.359038E+00         5
   6.385605E+02   6.385605E+02   2.671318E+00   5.406995E-01   5.406995E-01   2.657858E-01   2.311648E+00   3.659848E+00   1.359416E+00         5
   6.385773E+02   6.385773E+02   2.671316E+00   5.407323E-01   5.407323E-01   2.662771E-01   2.312268E+00   3.659795E+00   1.359793E+00         5
   6.385941E+02   6.385941E+02   2.671315E+00   5.407630E-01   5.407630E-01   2.667428E-01   2.312882E+00   3.659743E+00   1.360177E+00         5
   6.386109E+02   6.386109E+02   2.671314E+00   5.407881E-01   5.407881E-01   2.671459E-01   2.313482E+00   3.659693E+00   1.360577E+00         5
   6.386277E+02   6.386277E+02   2.671313E+00   5.408132E-01   5.408132E-01   2.675490E-01   2.314081E+00   3.659644E+00   1.360977E+00         5
   6.386445E+02   6.386445E+02   2.671312E+00   5.408384E-01   5.408384E-01   2.679521E-01   2.314680E+00   3.659594E+00   1.361378E+00         5
   6.386612E+02   6.386612E+02   2.671311E+00   5.408635E-01   5.408635E-01   2.683553E-01   2.315280E+00   3.659544E+00   1.361778E+00         5
   6.386780E+02   6.386780E+02   2.671309E+00   5.408887E-01   5.408887E-01   2.687584E-01   2.315879E+00   3.659495E+00   1.362178E+00         5
   6.386948E+02   6.386948E+02   2.671308E+00   5.409138E-01   5.409138E-01   2.691615E-01   2.316479E+00   3.659445E+00   1.362578E+00         5
   6.387116E+02   6.387116E+02   2.671307E+00   5.409390E-01   5.409390E-01   2.695646E-01   2.317078E+00   3.659395E+00   1.362978E+00         5
   6.387284E+02   6.387284E+02   2.671306E+00   5.409641E-01   5.409641E-01   2.699677E-01   2.317677E+00   3.659346E+00   1.363378E+00         5
   6.387452E+02   6.387452E+02   2.671305E+00   5.409892E-01   5.409892E-01   2.703708E-01   2.318277E+00   3.659296E+00   1.363778E+00         5
   6.387620E+02   6.387620E+02   2.671303E+00   5.410166E-01   5.410166E-01   2.708160E-01   2.318880E+00   3.659245E+00   1.364184E+00         5
   6.387787E+02   6.387787E+02   2.671302E+00   5.410467E-01   5.410467E-01   2.713112E-01   2.319487E+00   3.659192E+00   1.364596E+00         5
   6.387955E+02   6.387955E+02   2.671301E+00   5.410768E-01   5.410768E-01   2.718064E-01   2.320095E+00   3.659139E+00   1.365007E+00         5
   6.388123E+02   6.388123E+02   2.671300E+00   5.411068E-01   5.411068E-01   2.723016E-01   2.320702E+00   3.659087E+00   1.365419E+00         5
   6.388291E+02   6.388291E+02   2.671299E+00   5.411369E-01   5.411369E-01   2.727969E-01   2.321310E+00   3.659034E+00   1.365831E+00         5
   6.388459E+02   6.388459E+02   2.671297E+00   5.411670E-01   5.411670E-01   2.732921E-01   2.321917E+00   3.658981E+00   1.366243E+00         5
   6.388627E+02   6.388627E+02   2.671296E+00   5.411971E-01   5.411971E-01   2.737873E-01   2.322525E+00   3.658929E+00   1.366654E+00         5
   6.388794E+02   6.388794E+02   2.671295E+00   5.412271E-01   5.412271E-01   2.742825E-01   2.323132E+00   3.658876E+00   1.367066E+00         5
   6.388962E+02   6.388962E+02   2.671294E+00   5.412572E-01   5.412572E-01   2.747777E-01   2.323740E+00   3.658823E+00   1.367478E+00         5
   6.389130E+02   6.389130E+02   2.671293E+00   5.412873E-01   5.412873E-01   2.752730E-01   2.324347E+00   3.658771E+00   1.367889E+00         5
   6.389298E+02   6.389298E+02   2.671291E+00   5.413151E-01   5.413151E-01   2.757528E-01   2.324967E+00   3.658718E+00   1.368307E+00         5
   6.389466E+02   6.389466E+02   2.671290E+00   5.413416E-01   5.413416E-01   2.762235E-01   2.325595E+00   3.658665E+00   1.368727E+00         5
   6.389634E+02   6.389634E+02   2.671289E+00   5.413682E-01   5.413682E-01   2.766943E-01   2.326223E+00   3.658612E+00   1.369148E+00         5
   6.389801E+02   6.389801E+02   2.671288E+00   5.413947E-01   5.413947E-01   2.771650E-01   2.326851E+00   3.658558E+00   1.369569E+00         5
   6.389969E+02   6.389969E+02   2.671286E+00   5.414213E-01   5.414213E-01   2.776357E-01   2.327479E+00   3.658505E+00   1.369989E+00         5
   6.390137E+02   6.390137E+02   2.671285E+00   5.414478E-01   5.414478E-01   2.781064E-01   2.328107E+00   3.658452E+00   1.370410E+00         5
   6.390305E+02   6.390305E+02   2.671284E+00   5.414743E-01   5.414743E-01   2.785771E-01   2.328734E+00   3.658399E+00   1.370831E+00         5
   6.390473E+02   6.390473E+02   2.671283E+00   5.415009E-01   5.415009E-01   2.790478E-01   2.329362E+00   3.658346E+00   1.371251E+00         5
   6.390641E+02   6.390641E+02   2.671281E+00   5.415274E-01   5.415274E-01   2.795185E-01   2.329990E+00   3.658293E+00   1.371672E+00         5
   6.390808E+02   6.390808E+02   2.671280E+00   5.415539E-01   5.415539E-01   2.799893E-01   2.330618E+00   3.658240E+00   1.372093E+00         5
   6.390976E+02   6.390976E+02   2.671279E+00   5.415799E-01   5.415799E-01   2.804322E-01   2.331248E+00   3.658187E+00   1.372514E+00         5
   6.391144E+02   6.391144E+02   2.671278E+00   5.416057E-01   5.416057E-01   2.808715E-01   2.331879E+00   3.658134E+00   1.372935E+00         5
   6.391312E+02   6.391312E+02   2.671276E+00   5.416316E-01   5.416316E-01   2.813108E-01   2.332510E+00   3.658081E+00   1.373356E+00         5
   6.391480E+02   6.391480E+02   2.671275E+00   5.416574E-01   5.416574E-01   2.817502E-01   2.333141E+00   3.658029E+00   1.373777E+00         5
   6.391648E+02   6.391648E+02   2.671274E+00   5.416833E-01   5.416833E-01   2.821895E-01   2.333772E+00   3.657976E+00   1.374198E+00         5
   6.391816E+02   6.391816E+02   2.671273E+00   5.417092E-01   5.417092E-01   2.826289E-01   2.334403E+00   3.657923E+00   1.374618E+00         5
   6.391983E+02   6.391983E+02   2.671271E+00   5.417350E-01   5.417350E-01   2.830682E-01   2.335033E+00   3.657870E+00   1.375039E+00         5
   6.392151E+02   6.392151E+02   2.671270E+00   5.417609E-01   5.417609E-01   2.835076E-01   2.335664E+00   3.657818E+00   1.375460E+00         5
   6.392319E+02   6.392319E+02   2.671269E+00   5.417867E-01   5.417867E-01   2.839469E-01   2.336295E+00   3.657765E+00   1.375881E+00         5
   6.392487E+02   6.392487E+02   2.671268E+00   5.418127E-01   5.418127E-01   2.843886E-01   2.336923E+00   3.657712E+00   1.376301E+00         5
   6.392655E+02   6.392655E+02   2.671266E+00   5.418392E-01   5.418392E-01   2.848416E-01   2.337541E+00   3.657660E+00   1.376714E+00         5
   6.392823E+02   6.392823E+02   2.671265E+00   5.418656E-01   5.418656E-01   2.852946E-01   2.338158E+00   3.657608E+00   1.377127E+00         5
   6.392990E+02   6.392990E+02   2.671264E+00   5.418921E-01   5.418921E-01   2.857476E-01   2.338775E+00   3.657556E+00   1.377540E+00         5
   6.393158E+02   6.393158E+02   2.671262E+00   5.419186E-01   5.419186E-01   2.862006E-01   2.339392E+00   3.657503E+00   1.377953E+00         5
   6.393326E+02   6.393326E+02   2.671261E+00   5.419451E-01   5.419451E-01   2.866536E-01   2.340009E+00   3.657451E+00   1.378366E+00         5
   6.393494E+02   6.393494E+02   2.671260E+00   5.419716E-01   5.419716E-01   2.871066E-01   2.340626E+00   3.657399E+00   1.378779E+00         5
   6.393662E+02   6.393662E+02   2.671259E+00   5.419981E-01   5.419981E-01   2.875596E-01   2.341243E+00   3.657347E+00   1.379192E+00         5
   6.393830E+02   6.393830E+02   2.671257E+00   5.420245E-01   5.420245E-01   2.880126E-01   2.341860E+00   3.657295E+00   1.379604E+00         5
   6.393997E+02   6.393997E+02   2.671256E+00   5.420510E-01   5.420510E-01   2.884656E-01   2.342478E+00   3.657242E+00   1.380017E+00         5
   6.394165E+02   6.394165E+02   2.671255E+00   5.420768E-01   5.420768E-01   2.889525E-01   2.343085E+00   3.657191E+00   1.380425E+00         5
   6.394333E+02   6.394333E+02   2.671253E+00   5.421015E-01   5.421015E-01   2.894956E-01   2.343675E+00   3.657139E+00   1.380823E+00         5
   6.394501E+02   6.394501E+02   2.671252E+00   5.421262E-01   5.421262E-01   2.900387E-01   2.344266E+00   3.657088E+00   1.381221E+00         5
   6.394669E+02   6.394669E+02   2.671251E+00   5.421509E-01   5.421509E-01   2.905819E-01   2.344856E+00   3.657037E+00   1.381618E+00         5
   6.394837E+02   6.394837E+02   2.671249E+00   5.421756E-01   5.421756E-01   2.911250E-01   2.345447E+00   3.656985E+00   1.382016E+00         5
   6.395005E+02   6.395005E+02   2.671248E+00   5.422003E-01   5.422003E-01   2.916681E-01   2.346038E+00   3.656934E+00   1.382414E+00         5
   6.395172E+02   6.395172E+02   2.671247E+00   5.422250E-01   5.422250E-01   2.922112E-01   2.346628E+00   3.656883E+00   1.382812E+00         5
   6.395340E+02   6.395340E+02   2.671245E+00   5.422497E-01   5.422497E-01   2.927543E-01   2.347219E+00   3.656831E+00   1.383210E+00         5
   6.395508E+02   6.395508E+02   2.671244E+00   5.422744E-01   5.422744E-01   2.932974E-01   2.347809E+00   3.656780E+00   1.383608E+00         5
   6.395676E+02   6.395676E+02   2.671243E+00   5.422990E-01   5.422990E-01   2.938405E-01   2.348400E+00   3.656729E+00   1.384006E+00         5
   6.395844E+02   6.395844E+02   2.671241E+00   5.423235E-01   5.423235E-01   2.943723E-01   2.348973E+00   3.656679E+00   1.384391E+00         5
   6.396012E+02   6.396012E+02   2.671240E+00   5.423475E-01   5.423475E-01   2.948849E-01   2.349517E+00   3.656633E+00   1.384756E+00         5
   6.396179E+02   6.396179E+02   2.671239E+00   5.423716E-01   5.423716E-01   2.953975E-01   2.350061E+00   3.656587E+00   1.385120E+00         5
   6.396347E+02   6.396347E+02   2.671237E+00   5.423956E-01   5.423956E-01   2.959101E-01   2.350605E+00   3.656541E+00   1.385484E+00         5
   6.396515E+02   6.396515E+02   2.671236E+00   5.424196E-01   5.424196E-01   2.964228E-01   2.351148E+00   3.656495E+00   1.385848E+00         5
   6.396683E+02   6.396683E+02   2.671235E+00   5.424437E-01   5.424437E-01   2.969354E-01   2.351692E+00   3.656449E+00   1.386213E+00         5
   6.396851E+02   6.396851E+02   2.671233E+00   5.424677E-01   5.424677E-01   2.974480E-01   2.352236E+00   3.656402E+00   1.386577E+00         5
   6.397019E+02   6.397019E+02   2.671232E+00   5.424917E-01   5.424917E-01   2.979606E-01   2.352780E+00   3.656356E+00   1.386941E+00         5
   6.397186E+02   6.397186E+02   2.671230E+00   5.425158E-01   5.425158E-01   2.984733E-01   2.353324E+00   3.656310E+00   1.387306E+00         5
   6.397354E+02   6.397354E+02   2.671229E+00   5.425398E-01   5.425398E-01   2.989859E-01   2.353868E+00   3.656264E+00   1.387670E+00         5
   6.397522E+02   6.397522E+02   2.671228E+00   5.425639E-01   5.425639E-01   2.994985E-01   2.354412E+00   3.656218E+00   1.388034E+00         5
   6.397690E+02   6.397690E+02   2.671226E+00   5.425854E-01   5.425854E-01   2.999534E-01   2.354868E+00   3.656179E+00   1.388339E+00         5
   6.397858E+02   6.397858E+02   2.671225E+00   5.426067E-01   5.426067E-01   3.004030E-01   2.355316E+00   3.656141E+00   1.388639E+00         5
   6.398026E+02   6.398026E+02   2.671224E+00   5.426280E-01   5.426280E-01   3.008527E-01   2.355764E+00   3.656104E+00   1.388939E+00         5
   6.398194E+02   6.398194E+02   2.671222E+00   5.426493E-01   5.426493E-01   3.013024E-01   2.356212E+00   3.656066E+00   1.389239E+00         5
   6.398361E+02   6.398361E+02   2.671221E+00   5.426707E-01   5.426707E-01   3.017520E-01   2.356660E+00   3.656028E+00   1.389539E+00         5
   6.398529E+02   6.398529E+02   2.671219E+00   5.426920E-01   5.426920E-01   3.022017E-01   2.357108E+00   3.655990E+00   1.389838E+00         5
   6.398697E+02   6.398697E+02   2.671218E+00   5.427133E-01   5.427133E-01   3.026514E-01   2.357556E+00   3.655952E+00   1.390138E+00         5
   6.398865E+02   6.398865E+02   2.671217E+00   5.427346E-01   5.427346E-01   3.031010E-01   2.358004E+00   3.655914E+00   1.390438E+00         5
   6.399033E+02   6.399033E+02   2.671215E+00   5.427559E-01   5.427559E-01   3.035507E-01   2.358452E+00   3.655876E+00   1.390738E+00         5
   6.399201E+02   6.399201E+02   2.671214E+00   5.427772E-01   5.427772E-01   3.040004E-01   2.358900E+00   3.655839E+00   1.391038E+00         5
   6.399368E+02   6.399368E+02   2.671212E+00   5.427986E-01   5.427986E-01   3.044500E-01   2.359348E+00   3.655801E+00   1.391337E+00         5
   6.399536E+02   6.399536E+02   2.671211E+00   5.428174E-01   5.428174E-01   3.048530E-01   2.359748E+00   3.655767E+00   1.391606E+00         5
   6.399704E+02   6.399704E+02   2.671210E+00   5.428331E-01   5.428331E-01   3.051993E-01   2.360089E+00   3.655737E+00   1.391836E+00         5
   6.399872E+02   6.399872E+02   2.671208E+00   5.428489E-01   5.428489E-01   3.055456E-01   2.360430E+00   3.655707E+00   1.392066E+00         5
   6.400040E+02   6.400040E+02   2.671207E+00   5.428646E-01   5.428646E-01   3.058919E-01   2.360771E+00   3.655677E+00   1.392296E+00         5
   6.400208E+02   6.400208E+02   2.671205E+00   5.428804E-01   5.428804E-01   3.062382E-01   2.361113E+00   3.655648E+00   1.392526E+00         5
   6.400375E+02   6.400375E+02   2.671204E+00   5.428962E-01   5.428962E-01   3.065846E-01   2.361454E+00   3.655618E+00   1.392756E+00         5
   6.400543E+02   6.400543E+02   2.671203E+00   5.429119E-01   5.429119E-01   3.069309E-01   2.361795E+00   3.655588E+00   1.392986E+00         5
   6.400711E+02   6.400711E+02   2.671201E+00   5.429277E-01   5.429277E-01   3.072772E-01   2.362136E+00   3.655559E+00   1.393216E+00         5
   6.400879E+02   6.400879E+02   2.671200E+00   5.429434E-01   5.429434E-01   3.076235E-01   2.362478E+00   3.655529E+00   1.393446E+00         5
   6.401047E+02   6.401047E+02   2.671198E+00   5.429592E-01   5.429592E-01   3.079698E-01   2.362819E+00   3.655499E+00   1.393676E+00         5
   6.401215E+02   6.401215E+02   2.671197E+00   5.429750E-01   5.429750E-01   3.083161E-01   2.363160E+00   3.655469E+00   1.393906E+00         5
   6.401383E+02   6.401383E+02   2.671195E+00   5.429907E-01   5.429907E-01   3.086625E-01   2.363501E+00   3.655440E+00   1.394136E+00         5
   6.401550E+02   6.401550E+02   2.671194E+00   5.430065E-01   5.430065E-01   3.090088E-01   2.363842E+00   3.655410E+00   1.394366E+00         5
   6.401718E+02   6.401718E+02   2.671193E+00   5.430191E-01   5.430191E-01   3.093877E-01   2.364211E+00   3.655378E+00   1.394614E+00         5
   6.401886E+02   6.401886E+02   2.671191E+00   5.430290E-01   5.430290E-01   3.097947E-01   2.364604E+00   3.655344E+00   1.394879E+00         5
   6.402054E+02   6.402054E+02   2.671190E+00   5.430388E-01   5.430388E-01   3.102016E-01   2.364997E+00   3.655310E+00   1.395143E+00         5
   6.402222E+02   6.402222E+02   2.671188E+00   5.430487E-01   5.430487E-01   3.106086E-01   2.365390E+00   3.655276E+00   1.395407E+00         5
   6.402390E+02   6.402390E+02   2.671187E+00   5.430586E-01   5.430586E-01   3.110155E-01   2.365782E+00   3.655242E+00   1.395672E+00         5
   6.402557E+02   6.402557E+02   2.671185E+00   5.430685E-01   5.430685E-01   3.114225E-01   2.366175E+00   3.655208E+00   1.395936E+00         5
   6.402725E+02   6.402725E+02   2.671184E+00   5.430783E-01   5.430783E-01   3.118294E-01   2.366568E+00   3.655174E+00   1.396201E+00         5
   6.402893E+02   6.402893E+02   2.671183E+00   5.430882E-01   5.430882E-01   3.122364E-01   2.366961E+00   3.655140E+00   1.396465E+00         5
   6.403061E+02   6.403061E+02   2.671181E+00   5.430981E-01   5.430981E-01   3.126433E-01   2.367354E+00   3.655106E+00   1.396730E+00         5
   6.403229E+02   6.403229E+02   2.671180E+00   5.431080E-01   5.431080E-01   3.130503E-01   2.367746E+00   3.655072E+00   1.396994E+00         5
   6.403397E+02   6.403397E+02   2.671178E+00   5.431178E-01   5.431178E-01   3.134572E-01   2.368139E+00   3.655038E+00   1.397259E+00         5
   6.403564E+02   6.403564E+02   2.671177E+00   5.431277E-01   5.431277E-01   3.138642E-01   2.368532E+00   3.655004E+00   1.397523E+00         5
   6.403732E+02   6.403732E+02   2.671175E+00   5.431376E-01   5.431376E-01   3.142711E-01   2.368925E+00   3.654970E+00   1.397787E+00         5
   6.403900E+02   6.403900E+02   2.671174E+00   5.431472E-01   5.431472E-01   3.146598E-01   2.369551E+00   3.654916E+00   1.398210E+00         5
   6.404068E+02   6.404068E+02   2.671172E+00   5.431567E-01   5.431567E-01   3.150461E-01   2.370207E+00   3.654859E+00   1.398652E+00         5
   6.404236E+02   6.404236E+02   2.671171E+00   5.431662E-01   5.431662E-01   3.154324E-01   2.370863E+00   3.654802E+00   1.399094E+00         5
   6.404404E+02   6.404404E+02   2.671169E+00   5.431758E-01   5.431758E-01   3.158187E-01   2.371520E+00   3.654745E+00   1.399536E+00         5
   6.404571E+02   6.404571E+02   2.671168E+00   5.431853E-01   5.431853E-01   3.162050E-01   2.372176E+00   3.654688E+00   1.399978E+00         5
   6.404739E+02   6.404739E+02   2.671167E+00   5.431949E-01   5.431949E-01   3.165913E-01   2.372832E+00   3.654631E+00   1.400420E+00         5
   6.404907E+02   6.404907E+02   2.671165E+00   5.432044E-01   5.432044E-01   3.169776E-01   2.373488E+00   3.654574E+00   1.400863E+00         5
   6.405075E+02   6.405075E+02   2.671164E+00   5.432140E-01   5.432140E-01   3.173640E-01   2.374144E+00   3.654517E+00   1.401305E+00         5
   6.405243E+02   6.405243E+02   2.671162E+00   5.432235E-01   5.432235E-01   3.177503E-01   2.374800E+00   3.654461E+00   1.401747E+00         5
   6.405411E+02   6.405411E+02   2.671161E+00   5.432330E-01   5.432330E-01   3.181366E-01   2.375457E+00   3.654404E+00   1.402189E+00         5
   6.405579E+02   6.405579E+02   2.671159E+00   5.432423E-01   5.432423E-01   3.185041E-01   2.376451E+00   3.654317E+00   1.402858E+00         5
   6.405746E+02   6.405746E+02   2.671158E+00   5.432516E-01   5.432516E-01   3.188716E-01   2.377444E+00   3.654231E+00   1.403528E+00         5
   6.405914E+02   6.405914E+02   2.671156E+00   5.432610E-01   5.432610E-01   3.192391E-01   2.378438E+00   3.654145E+00   1.404197E+00         5
   6.406082E+02   6.406082E+02   2.671155E+00   5.432703E-01   5.432703E-01   3.196066E-01   2.379432E+00   3.654059E+00   1.404867E+00         5
   6.406250E+02   6.406250E+02   2.671153E+00   5.432796E-01   5.432796E-01   3.199741E-01   2.380426E+00   3.653972E+00   1.405536E+00         5
   6.406418E+02   6.406418E+02   2.671152E+00   5.432889E-01   5.432889E-01   3.203416E-01   2.381420E+00   3.653886E+00   1.406205E+00         5
   6.406586E+02   6.406586E+02   2.671150E+00   5.432982E-01   5.432982E-01   3.207091E-01   2.382414E+00   3.653800E+00   1.406875E+00         5
   6.406753E+02   6.406753E+02   2.671149E+00   5.433075E-01   5.433075E-01   3.210682E-01   2.383500E+00   3.653706E+00   1.407606E+00         5
   6.406921E+02   6.406921E+02   2.671147E+00   5.433168E-01   5.433168E-01   3.214253E-01   2.384609E+00   3.653610E+00   1.408353E+00         5
   6.407089E+02   6.407089E+02   2.671146E+00   5.433261E-01   5.433261E-01   3.217823E-01   2.385717E+00   3.653513E+00   1.409099E+00         5
   6.407257E+02   6.407257E+02   2.671144E+00   5.433355E-01   5.433355E-01   3.221394E-01   2.386825E+00   3.653417E+00   1.409845E+00         5
   6.407425E+02   6.407425E+02   2.671143E+00   5.433448E-01   5.433448E-01   3.224965E-01   2.387934E+00   3.653321E+00   1.410591E+00         5
   6.407593E+02   6.407593E+02   2.671141E+00   5.433541E-01   5.433541E-01   3.228535E-01   2.389042E+00   3.653225E+00   1.411338E+00         5
   6.407760E+02   6.407760E+02   2.671140E+00   5.433633E-01   5.433633E-01   3.232125E-01   2.390155E+00   3.653128E+00   1.412087E+00         5
   6.407928E+02   6.407928E+02   2.671138E+00   5.433719E-01   5.433719E-01   3.235786E-01   2.391285E+00   3.653031E+00   1.412848E+00         5
   6.408096E+02   6.408096E+02   2.671137E+00   5.433805E-01   5.433805E-01   3.239447E-01   2.392415E+00   3.652933E+00   1.413609E+00         5
   6.408264E+02   6.408264E+02   2.671135E+00   5.433891E-01   5.433891E-01   3.243108E-01   2.393545E+00   3.652835E+00   1.414370E+00         5
   6.408432E+02   6.408432E+02   2.671134E+00   5.433977E-01   5.433977E-01   3.246769E-01   2.394676E+00   3.652737E+00   1.415130E+00         5
   6.408600E+02   6.408600E+02   2.671132E+00   5.434063E-01   5.434063E-01   3.250430E-01   2.395806E+00   3.652639E+00   1.415891E+00         5
   6.408768E+02   6.408768E+02   2.671130E+00   5.434150E-01   5.434150E-01   3.254091E-01   2.396936E+00   3.652541E+00   1.416652E+00         5
   6.408935E+02   6.408935E+02   2.671129E+00   5.434198E-01   5.434198E-01   3.258088E-01   2.398179E+00   3.652434E+00   1.417487E+00         5
   6.409103E+02   6.409103E+02   2.671127E+00   5.434234E-01   5.434234E-01   3.262207E-01   2.399463E+00   3.652324E+00   1.418349E+00         5
   6.409271E+02   6.409271E+02   2.671126E+00   5.434269E-01   5.434269E-01   3.266326E-01   2.400746E+00   3.652214E+00   1.419211E+00         5
   6.409439E+02   6.409439E+02   2.671124E+00   5.434305E-01   5.434305E-01   3.270446E-01   2.402030E+00   3.652103E+00   1.420074E+00         5
   6.409607E+02   6.409607E+02   2.671122E+00   5.434340E-01   5.434340E-01   3.274565E-01   2.403314E+00   3.651993E+00   1.420936E+00         5
   6.409775E+02   6.409775E+02   2.671121E+00   5.434375E-01   5.434375E-01   3.278684E-01   2.404598E+00   3.651883E+00   1.421798E+00         5
   6.409942E+02   6.409942E+02   2.671119E+00   5.434410E-01   5.434410E-01   3.282800E-01   2.405880E+00   3.651773E+00   1.422659E+00         5
   6.410110E+02   6.410110E+02   2.671117E+00   5.434445E-01   5.434445E-01   3.286916E-01   2.407163E+00   3.651663E+00   1.423520E+00         5
   6.410278E+02   6.410278E+02   2.671116E+00   5.434480E-01   5.434480E-01   3.291032E-01   2.408445E+00   3.651553E+00   1.424381E+00         5
   6.410446E+02   6.410446E+02   2.671114E+00   5.434515E-01   5.434515E-01   3.295148E-01   2.409727E+00   3.651443E+00   1.425243E+00         5
   6.410614E+02   6.410614E+02   2.671113E+00   5.434550E-01   5.434550E-01   3.299264E-01   2.411010E+00   3.651333E+00   1.426104E+00         5
   6.410782E+02   6.410782E+02   2.671111E+00   5.434585E-01   5.434585E-01   3.303383E-01   2.412293E+00   3.651223E+00   1.426965E+00         5
   6.410949E+02   6.410949E+02   2.671109E+00   5.434620E-01   5.434620E-01   3.307514E-01   2.413580E+00   3.651112E+00   1.427830E+00         5
   6.411117E+02   6.411117E+02   2.671108E+00   5.434655E-01   5.434655E-01   3.311646E-01   2.414867E+00   3.651002E+00   1.428694E+00         5
   6.411285E+02   6.411285E+02   2.671106E+00   5.434690E-01   5.434690E-01   3.315778E-01   2.416154E+00   3.650891E+00   1.429558E+00         5
   6.411453E+02   6.411453E+02   2.671104E+00   5.434726E-01   5.434726E-01   3.319910E-01   2.417441E+00   3.650781E+00   1.430422E+00         5
   6.411621E+02   6.411621E+02   2.671103E+00   5.434761E-01   5.434761E-01   3.324042E-01   2.418728E+00   3.650671E+00   1.431287E+00         5
   6.411789E+02   6.411789E+02   2.671101E+00   5.434795E-01   5.434795E-01   3.328211E-01   2.420031E+00   3.650559E+00   1.432162E+00         5
   6.411957E+02   6.411957E+02   2.671099E+00   5.434828E-01   5.434828E-01   3.332450E-01   2.421363E+00   3.650444E+00   1.433056E+00         5
   6.412124E+02   6.412124E+02   2.671098E+00   5.434861E-01   5.434861E-01   3.336689E-01   2.422695E+00   3.650330E+00   1.433951E+00         5
   6.412292E+02   6.412292E+02   2.671096E+00   5.434893E-01   5.434893E-01   3.340928E-01   2.424028E+00   3.650216E+00   1.434845E+00         5
   6.412460E+02   6.412460E+02   2.671094E+00   5.434926E-01   5.434926E-01   3.345167E-01   2.425360E+00   3.650102E+00   1.435740E+00         5
   6.412628E+02   6.412628E+02   2.671093E+00   5.434959E-01   5.434959E-01   3.349406E-01   2.426692E+00   3.649987E+00   1.436635E+00         5
   6.412796E+02   6.412796E+02   2.671091E+00   5.434989E-01   5.434989E-01   3.353734E-01   2.428068E+00   3.649869E+00   1.437558E+00         5
   6.412964E+02   6.412964E+02   2.671089E+00   5.435019E-01   5.435019E-01   3.358093E-01   2.429458E+00   3.649750E+00   1.438492E+00         5
   6.413131E+02   6.413131E+02   2.671087E+00   5.435049E-01   5.435049E-01   3.362452E-01   2.430848E+00   3.649631E+00   1.439425E+00         5
   6.413299E+02   6.413299E+02   2.671085E+00   5.435079E-01   5.435079E-01   3.366810E-01   2.432239E+00   3.649512E+00   1.440359E+00         5
   6.413467E+02   6.413467E+02   2.671084E+00   5.435108E-01   5.435108E-01   3.371169E-01   2.433629E+00   3.649392E+00   1.441292E+00         5
   6.413635E+02   6.413635E+02   2.671082E+00   5.435138E-01   5.435138E-01   3.375523E-01   2.435019E+00   3.649273E+00   1.442225E+00         5
   6.413803E+02   6.413803E+02   2.671080E+00   5.435169E-01   5.435169E-01   3.379872E-01   2.436408E+00   3.649154E+00   1.443158E+00         5
   6.413971E+02   6.413971E+02   2.671078E+00   5.435199E-01   5.435199E-01   3.384220E-01   2.437797E+00   3.649035E+00   1.444091E+00         5
   6.414138E+02   6.414138E+02   2.671076E+00   5.435230E-01   5.435230E-01   3.388569E-01   2.439186E+00   3.648916E+00   1.445023E+00         5
   6.414306E+02   6.414306E+02   2.671074E+00   5.435260E-01   5.435260E-01   3.392917E-01   2.440575E+00   3.648797E+00   1.445956E+00         5
   6.414474E+02   6.414474E+02   2.671073E+00   5.435290E-01   5.435290E-01   3.397266E-01   2.441964E+00   3.648677E+00   1.446889E+00         5
   6.414642E+02   6.414642E+02   2.671071E+00   5.435321E-01   5.435321E-01   3.401611E-01   2.443353E+00   3.648558E+00   1.447821E+00         5
   6.414810E+02   6.414810E+02   2.671069E+00   5.435351E-01   5.435351E-01   3.405955E-01   2.444742E+00   3.648439E+00   1.448754E+00         5
   6.414978E+02   6.414978E+02   2.671067E+00   5.435382E-01   5.435382E-01   3.410300E-01   2.446131E+00   3.648320E+00   1.449687E+00         5
   6.415146E+02   6.415146E+02   2.671065E+00   5.435412E-01   5.435412E-01   3.414645E-01   2.447520E+00   3.648201E+00   1.450619E+00         5
   6.415313E+02   6.415313E+02   2.671064E+00   5.435443E-01   5.435443E-01   3.418989E-01   2.448909E+00   3.648082E+00   1.451552E+00         5
   6.415481E+02   6.415481E+02   2.671062E+00   5.435471E-01   5.435471E-01   3.423213E-01   2.450374E+00   3.647955E+00   1.452537E+00         5
   6.415649E+02   6.415649E+02   2.671060E+00   5.435498E-01   5.435498E-01   3.427357E-01   2.451888E+00   3.647824E+00   1.453556E+00         5
   6.415817E+02   6.415817E+02   2.671058E+00   5.435525E-01   5.435525E-01   3.431501E-01   2.453401E+00   3.647693E+00   1.454576E+00         5
   6.415985E+02   6.415985E+02   2.671056E+00   5.435553E-01   5.435553E-01   3.435645E-01   2.454915E+00   3.647561E+00   1.455595E+00         5
   6.416153E+02   6.416153E+02   2.671054E+00   5.435580E-01   5.435580E-01   3.439790E-01   2.456429E+00   3.647430E+00   1.456614E+00         5
   6.416320E+02   6.416320E+02   2.671052E+00   5.435606E-01   5.435606E-01   3.443936E-01   2.457949E+00   3.647298E+00   1.457638E+00         5
   6.416488E+02   6.416488E+02   2.671050E+00   5.435632E-01   5.435632E-01   3.448083E-01   2.459474E+00   3.647166E+00   1.458665E+00         5
   6.416656E+02   6.416656E+02   2.671048E+00   5.435658E-01   5.435658E-01   3.452230E-01   2.460998E+00   3.647034E+00   1.459691E+00         5
   6.416824E+02   6.416824E+02   2.671046E+00   5.435684E-01   5.435684E-01   3.456377E-01   2.462522E+00   3.646901E+00   1.460718E+00         5
   6.416992E+02   6.416992E+02   2.671044E+00   5.435710E-01   5.435710E-01   3.460524E-01   2.464046E+00   3.646769E+00   1.461744E+00         5
   6.417160E+02   6.417160E+02   2.671042E+00   5.435735E-01   5.435735E-01   3.464667E-01   2.465569E+00   3.646637E+00   1.462770E+00         5
   6.417327E+02   6.417327E+02   2.671040E+00   5.435761E-01   5.435761E-01   3.468808E-01   2.467091E+00   3.646505E+00   1.463795E+00         5
   6.417495E+02   6.417495E+02   2.671038E+00   5.435787E-01   5.435787E-01   3.472949E-01   2.468613E+00   3.646373E+00   1.464820E+00         5
   6.417663E+02   6.417663E+02   2.671036E+00   5.435813E-01   5.435813E-01   3.477090E-01   2.470135E+00   3.646241E+00   1.465845E+00         5
   6.417831E+02   6.417831E+02   2.671034E+00   5.435838E-01   5.435838E-01   3.481231E-01   2.471657E+00   3.646109E+00   1.466870E+00         5
   6.417999E+02   6.417999E+02   2.671032E+00   5.435865E-01   5.435865E-01   3.485566E-01   2.473210E+00   3.645974E+00   1.467916E+00         5
   6.418167E+02   6.418167E+02   2.671030E+00   5.435891E-01   5.435891E-01   3.489954E-01   2.474771E+00   3.645838E+00   1.468968E+00         5
   6.418334E+02   6.418334E+02   2.671027E+00   5.435917E-01   5.435917E-01   3.494343E-01   2.476333E+00   3.645702E+00   1.470021E+00         5
   6.418502E+02   6.418502E+02   2.671025E+00   5.435944E-01   5.435944E-01   3.498731E-01   2.477895E+00   3.645567E+00   1.471073E+00         5
   6.418670E+02   6.418670E+02   2.671023E+00   5.435970E-01   5.435970E-01   3.503119E-01   2.479456E+00   3.645431E+00   1.472125E+00         5
   6.418838E+02   6.418838E+02   2.671021E+00   5.435997E-01   5.435997E-01   3.508119E-01   2.481118E+00   3.645286E+00   1.473247E+00         5
   6.419006E+02   6.419006E+02   2.671019E+00   5.436025E-01   5.436025E-01   3.513138E-01   2.482782E+00   3.645140E+00   1.474370E+00         5
   6.419174E+02   6.419174E+02   2.671017E+00   5.436052E-01   5.436052E-01   3.518156E-01   2.484447E+00   3.644994E+00   1.475493E+00         5
   6.419342E+02   6.419342E+02   2.671014E+00   5.436079E-01   5.436079E-01   3.523174E-01   2.486111E+00   3.644849E+00   1.476617E+00         5
   6.419509E+02   6.419509E+02   2.671012E+00   5.436107E-01   5.436107E-01   3.528196E-01   2.487778E+00   3.644703E+00   1.477741E+00         5
   6.419677E+02   6.419677E+02   2.671010E+00   5.436135E-01   5.436135E-01   3.533221E-01   2.489447E+00   3.644557E+00   1.478868E+00         5
   6.419845E+02   6.419845E+02   2.671008E+00   5.436162E-01   5.436162E-01   3.538246E-01   2.491116E+00   3.644411E+00   1.479995E+00         5
   6.420013E+02   6.420013E+02   2.671006E+00   5.436190E-01   5.436190E-01   3.543271E-01   2.492785E+00   3.644265E+00   1.481121E+00         5
   6.420181E+02   6.420181E+02   2.671003E+00   5.436218E-01   5.436218E-01   3.548296E-01   2.494454E+00   3.644119E+00   1.482248E+00         5
   6.420349E+02   6.420349E+02   2.671001E+00   5.436246E-01   5.436246E-01   3.553320E-01   2.496122E+00   3.643973E+00   1.483374E+00         5
   6.420516E+02   6.420516E+02   2.670999E+00   5.436274E-01   5.436274E-01   3.558343E-01   2.497790E+00   3.643827E+00   1.484499E+00         5
   6.420684E+02   6.420684E+02   2.670997E+00   5.436302E-01   5.436302E-01   3.563366E-01   2.499458E+00   3.643681E+00   1.485625E+00         5
   6.420852E+02   6.420852E+02   2.670994E+00   5.436330E-01   5.436330E-01   3.568390E-01   2.501126E+00   3.643535E+00   1.486751E+00         5
   6.421020E+02   6.421020E+02   2.670992E+00   5.436360E-01   5.436360E-01   3.573438E-01   2.502819E+00   3.643387E+00   1.487894E+00         5
   6.421188E+02   6.421188E+02   2.670990E+00   5.436391E-01   5.436391E-01   3.578521E-01   2.504549E+00   3.643236E+00   1.489061E+00         5
   6.421356E+02   6.421356E+02   2.670987E+00   5.436423E-01   5.436423E-01   3.583605E-01   2.506279E+00   3.643085E+00   1.490227E+00         5
   6.421523E+02   6.421523E+02   2.670985E+00   5.436455E-01   5.436455E-01   3.588688E-01   2.508009E+00   3.642934E+00   1.491394E+00         5
   6.421691E+02   6.421691E+02   2.670983E+00   5.436487E-01   5.436487E-01   3.593776E-01   2.509742E+00   3.642783E+00   1.492564E+00         5
   6.421859E+02   6.421859E+02   2.670980E+00   5.436523E-01   5.436523E-01   3.598926E-01   2.511541E+00   3.642627E+00   1.493776E+00         5
   6.422027E+02   6.422027E+02   2.670978E+00   5.436559E-01   5.436559E-01   3.604077E-01   2.513340E+00   3.642470E+00   1.494989E+00         5
   6.422195E+02   6.422195E+02   2.670975E+00   5.436595E-01   5.436595E-01   3.609228E-01   2.515139E+00   3.642314E+00   1.496202E+00         5
   6.422363E+02   6.422363E+02   2.670973E+00   5.436631E-01   5.436631E-01   3.614378E-01   2.516939E+00   3.642157E+00   1.497414E+00         5
   6.422531E+02   6.422531E+02   2.670970E+00   5.436666E-01   5.436666E-01   3.619541E-01   2.518743E+00   3.642000E+00   1.498630E+00         5
   6.422698E+02   6.422698E+02   2.670968E+00   5.436701E-01   5.436701E-01   3.624706E-01   2.520547E+00   3.641843E+00   1.499847E+00         5
   6.422866E+02   6.422866E+02   2.670965E+00   5.436736E-01   5.436736E-01   3.629871E-01   2.522352E+00   3.641686E+00   1.501063E+00         5
   6.423034E+02   6.423034E+02   2.670963E+00   5.436770E-01   5.436770E-01   3.635036E-01   2.524157E+00   3.641529E+00   1.502280E+00         5
   6.423202E+02   6.423202E+02   2.670960E+00   5.436805E-01   5.436805E-01   3.640201E-01   2.525962E+00   3.641372E+00   1.503496E+00         5
   6.423370E+02   6.423370E+02   2.670958E+00   5.436840E-01   5.436840E-01   3.645365E-01   2.527766E+00   3.641215E+00   1.504712E+00         5
   6.423538E+02   6.423538E+02   2.670955E+00   5.436875E-01   5.436875E-01   3.650529E-01   2.529571E+00   3.641058E+00   1.505929E+00         5
   6.423705E+02   6.423705E+02   2.670953E+00   5.436910E-01   5.436910E-01   3.655693E-01   2.531376E+00   3.640901E+00   1.507145E+00         5
   6.423873E+02   6.423873E+02   2.670950E+00   5.436936E-01   5.436936E-01   3.660892E-01   2.533215E+00   3.640740E+00   1.508386E+00         5
   6.424041E+02   6.424041E+02   2.670948E+00   5.436953E-01   5.436953E-01   3.666124E-01   2.535091E+00   3.640576E+00   1.509653E+00         5
   6.424209E+02   6.424209E+02   2.670945E+00   5.436969E-01   5.436969E-01   3.671357E-01   2.536966E+00   3.640411E+00   1.510919E+00         5
   6.424377E+02   6.424377E+02   2.670942E+00   5.436986E-01   5.436986E-01   3.676590E-01   2.538841E+00   3.640247E+00   1.512186E+00         5
   6.424545E+02   6.424545E+02   2.670940E+00   5.436996E-01   5.436996E-01   3.681848E-01   2.540745E+00   3.640080E+00   1.513472E+00         5
   6.424712E+02   6.424712E+02   2.670937E+00   5.436997E-01   5.436997E-01   3.687135E-01   2.542681E+00   3.639909E+00   1.514781E+00         5
   6.424880E+02   6.424880E+02   2.670934E+00   5.436999E-01   5.436999E-01   3.692422E-01   2.544616E+00   3.639738E+00   1.516091E+00         5
   6.425048E+02   6.425048E+02   2.670931E+00   5.437000E-01   5.437000E-01   3.697709E-01   2.546552E+00   3.639567E+00   1.517400E+00         5
   6.425216E+02   6.425216E+02   2.670928E+00   5.437002E-01   5.437002E-01   3.703001E-01   2.548491E+00   3.639396E+00   1.518711E+00         5
   6.425384E+02   6.425384E+02   2.670926E+00   5.437004E-01   5.437004E-01   3.708295E-01   2.550431E+00   3.639225E+00   1.520024E+00         5
   6.425552E+02   6.425552E+02   2.670923E+00   5.437007E-01   5.437007E-01   3.713590E-01   2.552372E+00   3.639054E+00   1.521336E+00         5
   6.425720E+02   6.425720E+02   2.670920E+00   5.437009E-01   5.437009E-01   3.718884E-01   2.554312E+00   3.638883E+00   1.522649E+00         5
   6.425887E+02   6.425887E+02   2.670917E+00   5.437011E-01   5.437011E-01   3.724182E-01   2.556254E+00   3.638712E+00   1.523962E+00         5
   6.426055E+02   6.426055E+02   2.670915E+00   5.437013E-01   5.437013E-01   3.729481E-01   2.558197E+00   3.638540E+00   1.525277E+00         5
   6.426223E+02   6.426223E+02   2.670912E+00   5.437015E-01   5.437015E-01   3.734780E-01   2.560140E+00   3.638369E+00   1.526591E+00         5
   6.426391E+02   6.426391E+02   2.670909E+00   5.437017E-01   5.437017E-01   3.740079E-01   2.562082E+00   3.638198E+00   1.527905E+00         5
   6.426559E+02   6.426559E+02   2.670906E+00   5.437040E-01   5.437040E-01   3.745581E-01   2.564092E+00   3.638021E+00   1.529262E+00         5
   6.426727E+02   6.426727E+02   2.670903E+00   5.437069E-01   5.437069E-01   3.751136E-01   2.566118E+00   3.637844E+00   1.530630E+00         5
   6.426894E+02   6.426894E+02   2.670900E+00   5.437097E-01   5.437097E-01   3.756690E-01   2.568145E+00   3.637666E+00   1.531998E+00         5
   6.427062E+02   6.427062E+02   2.670897E+00   5.437127E-01   5.437127E-01   3.762259E-01   2.570176E+00   3.637489E+00   1.533370E+00         5
   6.427230E+02   6.427230E+02   2.670894E+00   5.437176E-01   5.437176E-01   3.768016E-01   2.572268E+00   3.637307E+00   1.534779E+00         5
   6.427398E+02   6.427398E+02   2.670891E+00   5.437225E-01   5.437225E-01   3.773773E-01   2.574359E+00   3.637125E+00   1.536189E+00         5
   6.427566E+02   6.427566E+02   2.670888E+00   5.437275E-01   5.437275E-01   3.779531E-01   2.576450E+00   3.636942E+00   1.537599E+00         5
   6.427734E+02   6.427734E+02   2.670885E+00   5.437324E-01   5.437324E-01   3.785292E-01   2.578543E+00   3.636760E+00   1.539010E+00         5
   6.427901E+02   6.427901E+02   2.670881E+00   5.437373E-01   5.437373E-01   3.791058E-01   2.580638E+00   3.636578E+00   1.540422E+00         5
   6.428069E+02   6.428069E+02   2.670878E+00   5.437422E-01   5.437422E-01   3.796824E-01   2.582733E+00   3.636396E+00   1.541834E+00         5
   6.428237E+02   6.428237E+02   2.670875E+00   5.437471E-01   5.437471E-01   3.802589E-01   2.584828E+00   3.636213E+00   1.543247E+00         5
   6.428405E+02   6.428405E+02   2.670872E+00   5.437519E-01   5.437519E-01   3.808364E-01   2.586927E+00   3.636030E+00   1.544662E+00         5
   6.428573E+02   6.428573E+02   2.670869E+00   5.437568E-01   5.437568E-01   3.814140E-01   2.589027E+00   3.635848E+00   1.546077E+00         5
   6.428741E+02   6.428741E+02   2.670866E+00   5.437617E-01   5.437617E-01   3.819917E-01   2.591126E+00   3.635665E+00   1.547492E+00         5
   6.428909E+02   6.428909E+02   2.670862E+00   5.437658E-01   5.437658E-01   3.825753E-01   2.593252E+00   3.635480E+00   1.548925E+00         5
   6.429076E+02   6.429076E+02   2.670859E+00   5.437677E-01   5.437677E-01   3.831771E-01   2.595457E+00   3.635287E+00   1.550414E+00         5
   6.429244E+02   6.429244E+02   2.670856E+00   5.437696E-01   5.437696E-01   3.837790E-01   2.597661E+00   3.635094E+00   1.551902E+00         5
   6.429412E+02   6.429412E+02   2.670852E+00   5.437715E-01   5.437715E-01   3.843808E-01   2.599866E+00   3.634901E+00   1.553390E+00         5
   6.429580E+02   6.429580E+02   2.670849E+00   5.437720E-01   5.437720E-01   3.849943E-01   2.602122E+00   3.634703E+00   1.554914E+00         5
   6.429748E+02   6.429748E+02   2.670845E+00   5.437721E-01   5.437721E-01   3.856104E-01   2.604390E+00   3.634504E+00   1.556446E+00         5
   6.429916E+02   6.429916E+02   2.670842E+00   5.437722E-01   5.437722E-01   3.862265E-01   2.606658E+00   3.634305E+00   1.557977E+00         5
   6.430083E+02   6.430083E+02   2.670838E+00   5.437724E-01   5.437724E-01   3.868429E-01   2.608926E+00   3.634106E+00   1.559510E+00         5
   6.430251E+02   6.430251E+02   2.670835E+00   5.437725E-01   5.437725E-01   3.874596E-01   2.611196E+00   3.633907E+00   1.561043E+00         5
   6.430419E+02   6.430419E+02   2.670831E+00   5.437727E-01   5.437727E-01   3.880763E-01   2.613465E+00   3.633708E+00   1.562576E+00         5
   6.430587E+02   6.430587E+02   2.670828E+00   5.437729E-01   5.437729E-01   3.886933E-01   2.615735E+00   3.633509E+00   1.564109E+00         5
   6.430755E+02   6.430755E+02   2.670824E+00   5.437733E-01   5.437733E-01   3.893119E-01   2.618010E+00   3.633309E+00   1.565645E+00         5
   6.430923E+02   6.430923E+02   2.670821E+00   5.437736E-01   5.437736E-01   3.899304E-01   2.620284E+00   3.633110E+00   1.567182E+00         5
   6.431090E+02   6.431090E+02   2.670817E+00   5.437739E-01   5.437739E-01   3.905490E-01   2.622559E+00   3.632910E+00   1.568718E+00         5
   6.431258E+02   6.431258E+02   2.670813E+00   5.437773E-01   5.437773E-01   3.911845E-01   2.624946E+00   3.632700E+00   1.570333E+00         5
   6.431426E+02   6.431426E+02   2.670810E+00   5.437814E-01   5.437814E-01   3.918234E-01   2.627356E+00   3.632487E+00   1.571963E+00         5
   6.431594E+02   6.431594E+02   2.670806E+00   5.437854E-01   5.437854E-01   3.924623E-01   2.629766E+00   3.632275E+00   1.573593E+00         5
   6.431762E+02   6.431762E+02   2.670802E+00   5.437902E-01   5.437902E-01   3.931056E-01   2.632206E+00   3.632059E+00   1.575243E+00         5
   6.431930E+02   6.431930E+02   2.670798E+00   5.437954E-01   5.437954E-01   3.937508E-01   2.634658E+00   3.631843E+00   1.576903E+00         5
   6.432098E+02   6.432098E+02   2.670794E+00   5.438006E-01   5.438006E-01   3.943959E-01   2.637111E+00   3.631626E+00   1.578562E+00         5
   6.432265E+02   6.432265E+02   2.670790E+00   5.438058E-01   5.438058E-01   3.950410E-01   2.639563E+00   3.631410E+00   1.580222E+00         5
   6.432433E+02   6.432433E+02   2.670786E+00   5.438109E-01   5.438109E-01   3.956859E-01   2.642016E+00   3.631193E+00   1.581881E+00         5
   6.432601E+02   6.432601E+02   2.670782E+00   5.438161E-01   5.438161E-01   3.963308E-01   2.644468E+00   3.630976E+00   1.583540E+00         5
   6.432769E+02   6.432769E+02   2.670778E+00   5.438212E-01   5.438212E-01   3.969763E-01   2.646924E+00   3.630760E+00   1.585202E+00         5
   6.432937E+02   6.432937E+02   2.670774E+00   5.438261E-01   5.438261E-01   3.976221E-01   2.649384E+00   3.630542E+00   1.586866E+00         5
   6.433105E+02   6.433105E+02   2.670770E+00   5.438311E-01   5.438311E-01   3.982680E-01   2.651843E+00   3.630325E+00   1.588530E+00         5
   6.433272E+02   6.433272E+02   2.670766E+00   5.438339E-01   5.438339E-01   3.989416E-01   2.654378E+00   3.630100E+00   1.590247E+00         5
   6.433440E+02   6.433440E+02   2.670762E+00   5.438341E-01   5.438341E-01   3.996479E-01   2.657004E+00   3.629867E+00   1.592027E+00         5
   6.433608E+02   6.433608E+02   2.670758E+00   5.438343E-01   5.438343E-01   4.003543E-01   2.659630E+00   3.629633E+00   1.593808E+00         5
   6.433776E+02   6.433776E+02   2.670753E+00   5.438344E-01   5.438344E-01   4.010602E-01   2.662254E+00   3.629399E+00   1.595587E+00         5
   6.433944E+02   6.433944E+02   2.670749E+00   5.438346E-01   5.438346E-01   4.017659E-01   2.664878E+00   3.629166E+00   1.597367E+00         5
   6.434112E+02   6.434112E+02   2.670744E+00   5.438348E-01   5.438348E-01   4.024716E-01   2.667503E+00   3.628932E+00   1.599146E+00         5
   6.434279E+02   6.434279E+02   2.670740E+00   5.438350E-01   5.438350E-01   4.031771E-01   2.670127E+00   3.628699E+00   1.600925E+00         5
   6.434447E+02   6.434447E+02   2.670736E+00   5.438351E-01   5.438351E-01   4.038826E-01   2.672751E+00   3.628465E+00   1.602704E+00         5
   6.434615E+02   6.434615E+02   2.670731E+00   5.438353E-01   5.438353E-01   4.045881E-01   2.675375E+00   3.628231E+00   1.604484E+00         5
   6.434783E+02   6.434783E+02   2.670727E+00   5.438369E-01   5.438369E-01   4.053076E-01   2.678050E+00   3.627993E+00   1.606298E+00         5
   6.434951E+02   6.434951E+02   2.670722E+00   5.438389E-01   5.438389E-01   4.060301E-01   2.680736E+00   3.627754E+00   1.608119E+00         5
   6.435119E+02   6.435119E+02   2.670718E+00   5.438408E-01   5.438408E-01   4.067529E-01   2.683423E+00   3.627514E+00   1.609942E+00         5
   6.435286E+02   6.435286E+02   2.670713E+00   5.438456E-01   5.438456E-01   4.075010E-01   2.686200E+00   3.627266E+00   1.611826E+00         5
   6.435454E+02   6.435454E+02   2.670708E+00   5.438503E-01   5.438503E-01   4.082491E-01   2.688977E+00   3.627019E+00   1.613710E+00         5
   6.435622E+02   6.435622E+02   2.670703E+00   5.438550E-01   5.438550E-01   4.089972E-01   2.691754E+00   3.626771E+00   1.615594E+00         5
   6.435790E+02   6.435790E+02   2.670698E+00   5.438597E-01   5.438597E-01   4.097453E-01   2.694532E+00   3.626523E+00   1.617479E+00         5
   6.435958E+02   6.435958E+02   2.670693E+00   5.438645E-01   5.438645E-01   4.104933E-01   2.697309E+00   3.626275E+00   1.619363E+00         5
   6.436126E+02   6.436126E+02   2.670688E+00   5.438691E-01   5.438691E-01   4.112425E-01   2.700089E+00   3.626027E+00   1.621249E+00         5
   6.436294E+02   6.436294E+02   2.670683E+00   5.438738E-01   5.438738E-01   4.119924E-01   2.702871E+00   3.625779E+00   1.623137E+00         5
   6.436461E+02   6.436461E+02   2.670678E+00   5.438784E-01   5.438784E-01   4.127424E-01   2.705653E+00   3.625530E+00   1.625025E+00         5
   6.436629E+02   6.436629E+02   2.670673E+00   5.438827E-01   5.438827E-01   4.135483E-01   2.708550E+00   3.625268E+00   1.626998E+00         5
   6.436797E+02   6.436797E+02   2.670668E+00   5.438869E-01   5.438869E-01   4.143628E-01   2.711464E+00   3.625003E+00   1.628984E+00         5
   6.436965E+02   6.436965E+02   2.670662E+00   5.438911E-01   5.438911E-01   4.151773E-01   2.714378E+00   3.624739E+00   1.630970E+00         5
   6.437133E+02   6.437133E+02   2.670657E+00   5.438953E-01   5.438953E-01   4.159916E-01   2.717291E+00   3.624474E+00   1.632956E+00         5
   6.437301E+02   6.437301E+02   2.670652E+00   5.438995E-01   5.438995E-01   4.168059E-01   2.720205E+00   3.624210E+00   1.634942E+00         5
   6.437468E+02   6.437468E+02   2.670646E+00   5.439038E-01   5.439038E-01   4.176200E-01   2.723118E+00   3.623945E+00   1.636928E+00         5
   6.437636E+02   6.437636E+02   2.670641E+00   5.439081E-01   5.439081E-01   4.184340E-01   2.726032E+00   3.623681E+00   1.638914E+00         5
   6.437804E+02   6.437804E+02   2.670635E+00   5.439125E-01   5.439125E-01   4.192508E-01   2.728957E+00   3.623415E+00   1.640907E+00         5
   6.437972E+02   6.437972E+02   2.670630E+00   5.439178E-01   5.439178E-01   4.200907E-01   2.731970E+00   3.623139E+00   1.642965E+00         5
   6.438140E+02   6.438140E+02   2.670624E+00   5.439231E-01   5.439231E-01   4.209306E-01   2.734983E+00   3.622864E+00   1.645023E+00         5
   6.438308E+02   6.438308E+02   2.670618E+00   5.439284E-01   5.439284E-01   4.217700E-01   2.737995E+00   3.622588E+00   1.647081E+00         5
   6.438475E+02   6.438475E+02   2.670612E+00   5.439336E-01   5.439336E-01   4.226092E-01   2.741007E+00   3.622313E+00   1.649137E+00         5
   6.438643E+02   6.438643E+02   2.670606E+00   5.439389E-01   5.439389E-01   4.234496E-01   2.744021E+00   3.622037E+00   1.651195E+00         5
   6.438811E+02   6.438811E+02   2.670600E+00   5.439445E-01   5.439445E-01   4.243003E-01   2.747044E+00   3.621761E+00   1.653260E+00         5
   6.438979E+02   6.438979E+02   2.670594E+00   5.439502E-01   5.439502E-01   4.251510E-01   2.750068E+00   3.621484E+00   1.655325E+00         5
   6.439147E+02   6.439147E+02   2.670588E+00   5.439566E-01   5.439566E-01   4.260240E-01   2.753117E+00   3.621205E+00   1.657406E+00         5
   6.439315E+02   6.439315E+02   2.670581E+00   5.439635E-01   5.439635E-01   4.269101E-01   2.756181E+00   3.620926E+00   1.659498E+00         5
   6.439483E+02   6.439483E+02   2.670575E+00   5.439705E-01   5.439705E-01   4.277962E-01   2.759245E+00   3.620646E+00   1.661590E+00         5
   6.439650E+02   6.439650E+02   2.670569E+00   5.439774E-01   5.439774E-01   4.286821E-01   2.762309E+00   3.620366E+00   1.663682E+00         5
   6.439818E+02   6.439818E+02   2.670562E+00   5.439843E-01   5.439843E-01   4.295680E-01   2.765373E+00   3.620086E+00   1.665774E+00         5
   6.439986E+02   6.439986E+02   2.670556E+00   5.439909E-01   5.439909E-01   4.304636E-01   2.768446E+00   3.619803E+00   1.667875E+00         5
   6.440154E+02   6.440154E+02   2.670549E+00   5.439974E-01   5.439974E-01   4.313628E-01   2.771522E+00   3.619520E+00   1.669979E+00         5
   6.440322E+02   6.440322E+02   2.670542E+00   5.440039E-01   5.440039E-01   4.322639E-01   2.774601E+00   3.619236E+00   1.672087E+00         5
   6.440490E+02   6.440490E+02   2.670535E+00   5.440103E-01   5.440103E-01   4.331693E-01   2.777690E+00   3.618951E+00   1.674202E+00         5
   6.440657E+02   6.440657E+02   2.670529E+00   5.440168E-01   5.440168E-01   4.340747E-01   2.780778E+00   3.618666E+00   1.676317E+00         5
   6.440825E+02   6.440825E+02   2.670522E+00   5.440259E-01   5.440259E-01   4.349842E-01   2.783874E+00   3.618380E+00   1.678436E+00         5
   6.440993E+02   6.440993E+02   2.670515E+00   5.440354E-01   5.440354E-01   4.358942E-01   2.786970E+00   3.618094E+00   1.680556E+00         5
   6.441161E+02   6.441161E+02   2.670507E+00   5.440479E-01   5.440479E-01   4.368090E-01   2.790073E+00   3.617807E+00   1.682681E+00         5
   6.441329E+02   6.441329E+02   2.670500E+00   5.440637E-01   5.440637E-01   4.377293E-01   2.793183E+00   3.617519E+00   1.684811E+00         5
   6.441497E+02   6.441497E+02   2.670493E+00   5.440796E-01   5.440796E-01   4.386499E-01   2.796294E+00   3.617232E+00   1.686942E+00         5
   6.441664E+02   6.441664E+02   2.670485E+00   5.440954E-01   5.440954E-01   4.395744E-01   2.799421E+00   3.616942E+00   1.689085E+00         5
   6.441832E+02   6.441832E+02   2.670478E+00   5.441113E-01   5.441113E-01   4.404989E-01   2.802547E+00   3.616653E+00   1.691227E+00         5
   6.442000E+02   6.442000E+02   2.670470E+00   5.441260E-01   5.441260E-01   4.414485E-01   2.805706E+00   3.616359E+00   1.693394E+00         5
   6.442168E+02   6.442168E+02   2.670462E+00   5.441401E-01   5.441401E-01   4.424095E-01   2.808881E+00   3.616063E+00   1.695572E+00         5
   6.442336E+02   6.442336E+02   2.670454E+00   5.441542E-01   5.441542E-01   4.433705E-01   2.812055E+00   3.615768E+00   1.697751E+00         5
   6.442504E+02   6.442504E+02   2.670447E+00   5.441682E-01   5.441682E-01   4.443315E-01   2.815229E+00   3.615472E+00   1.699929E+00         5
   6.442672E+02   0.000000E+00   4.452925E-01   4.452925E-01   5.441823E-01   4.452925E-01   1.205317E+00   4.974768E+00  -1.820339E+00        11
   6.452672E+02   1.000000E+00   4.452925E-01   4.452925E-01   5.441823E-01   4.452925E-01  -2.352628E-02   4.667557E+00  -1.820339E+00        11
   6.462672E+02   3.000000E+00   4.452925E-01   4.452925E-01   5.441823E-01   4.452925E-01  -5.544897E-01   4.534817E+00  -1.820339E+00        11
   6.472672E+02   6.000000E+00   4.452925E-01   4.452925E-01   5.441823E-01   4.452925E-01  -9.013721E-01   4.448096E+00  -1.820339E+00        11
   6.482672E+02   1.000000E+01   4.452925E-01   4.452925E-01   5.441823E-01   4.452925E-01  -1.159782E+00   4.383493E+00  -1.820339E+00        11
   6.492672E+02   1.500000E+01   4.452925E-01   4.452925E-01   5.441823E-01   4.452925E-01  -1.365876E+00   4.331970E+00  -1.820339E+00        11
   6.502672E+02   2.100000E+01   4.452925E-01   4.452925E-01   5.441823E-01   4.452925E-01  -1.537336E+00   4.289105E+00  -1.820339E+00        11
   6.512672E+02   2.800000E+01   4.452925E-01   4.452925E-01   5.441823E-01   4.452925E-01  -1.684156E+00   4.252400E+00  -1.820339E+00        11
   6.522672E+02   3.600000E+01   4.452925E-01   4.452925E-01   5.441823E-01   4.452925E-01  -1.812541E+00   4.220304E+00  -1.820339E+00        11
   6.532672E+02   4.500000E+01   4.452925E-01   4.452925E-01   5.441823E-01   4.452925E-01  -1.926611E+00   4.191786E+00  -1.820339E+00        11
   6.542672E+02   5.500000E+01   4.452925E-01   4.452925E-01   5.441823E-01   4.452925E-01  -2.029242E+00   4.166129E+00  -1.820339E+00        11
   6.552672E+02   6.600000E+01   4.452925E-01   4.452925E-01   5.441823E-01   4.452925E-01  -2.122521E+00   4.142809E+00  -1.820339E+00        11
   6.562672E+02   7.800000E+01   4.452925E-01   4.452925E-01   5.441823E-01   4.452925E-01  -2.208011E+00   4.121436E+00  -1.820339E+00        11
   6.572672E+02   9.100000E+01   4.452925E-01   4.452925E-01   5.441823E-01   4.452925E-01  -2.286914E+00   4.101710E+00  -1.820339E+00        11
   6.582672E+02   1.050000E+02   4.452925E-01   4.452925E-01   5.441823E-01   4.452925E-01  -2.360174E+00   4.083395E+00  -1.820339E+00        11
   6.592672E+02   1.200000E+02   4.452925E-01   4.452925E-01   5.441823E-01   4.452925E-01  -2.428544E+00   4.066303E+00  -1.820339E+00        11
   6.602672E+02   1.360000E+02   4.452925E-01   4.452925E-01   5.441823E-01   4.452925E-01  -2.492635E+00   4.050280E+00  -1.820339E+00        11
   6.612672E+02   1.530000E+02   4.452925E-01   4.452925E-01   5.441823E-01   4.452925E-01  -2.552954E+00   4.035201E+00  -1.820339E+00        11
   6.622672E+02   1.710000E+02   4.452925E-01   4.452925E-01   5.441823E-01   4.452925E-01  -2.609918E+00   4.020960E+00  -1.820339E+00        11
   6.632672E+02   1.900000E+02   4.452925E-01   4.452925E-01   5.441823E-01   4.452925E-01  -2.663882E+00   4.007469E+00  -1.820339E+00        11
   6.642672E+02   2.100000E+02   4.452925E-01   4.452925E-01   5.441823E-01   4.452925E-01  -2.715146E+00   3.994653E+00  -1.820339E+00        11
   6.652672E+02   2.310000E+02   4.452925E-01   4.452925E-01   5.441823E-01   4.452925E-01  -2.763967E+00   3.982447E+00  -1.820339E+00        11
   6.662672E+02   2.530000E+02   4.452925E-01   4.452925E-01   5.441823E-01   4.452925E-01  -2.810568E+00   3.970797E+00  -1.820339E+00        11
   6.672672E+02   2.760000E+02   4.452925E-01   4.452925E-01   5.441823E-01   4.452925E-01  -2.855141E+00   3.959654E+00  -1.820339E+00        11
   6.682672E+02   3.000000E+02   4.452925E-01   4.452925E-01   5.441823E-01   4.452925E-01  -2.897857E+00   3.948975E+00  -1.820339E+00        11
   6.692672E+02   3.250000E+02   4.452925E-01   4.452925E-01   5.441823E-01   4.452925E-01  -2.938863E+00   3.938723E+00  -1.820339E+00        11
   6.702672E+02   3.510000E+02   4.452925E-01   4.452925E-01   5.441823E-01   4.452925E-01  -2.978291E+00   3.928866E+00  -1.820339E+00        11
   6.712672E+02   3.780000E+02   4.452925E-01   4.452925E-01   5.441823E-01   4.452925E-01  -3.016259E+00   3.919374E+00  -1.820339E+00        11
   6.722672E+02   4.060000E+02   4.452925E-01   4.452925E-01   5.441823E-01   4.452925E-01  -3.052870E+00   3.910222E+00  -1.820339E+00        11
   6.732672E+02   4.350000E+02   4.452925E-01   4.452925E-01   5.441823E-01   4.452925E-01  -3.088218E+00   3.901384E+00  -1.820339E+00        11
   6.742672E+02   4.650000E+02   4.452925E-01   4.452925E-01   5.441823E-01   4.452925E-01  -3.122387E+00   3.892842E+00  -1.820339E+00        11
   6.752672E+02   4.960000E+02   4.452925E-01   4.452925E-01   5.441823E-01   4.452925E-01  -3.155454E+00   3.884575E+00  -1.820339E+00        11
   6.762672E+02   5.280000E+02   4.452925E-01   4.452925E-01   5.441823E-01   4.452925E-01  -3.187488E+00   3.876567E+00  -1.820339E+00        11
   6.772672E+02   5.610000E+02   4.452925E-01   4.452925E-01   5.441823E-01   4.452925E-01  -3.218550E+00   3.868801E+00  -1.820339E+00        11
   6.782672E+02   5.950000E+02   4.452925E-01   4.452925E-01   5.441823E-01   4.452925E-01  -3.248699E+00   3.861264E+00  -1.820339E+00        11
   6.792672E+02   6.300000E+02   4.452925E-01   4.452925E-01   5.441823E-01   4.452925E-01  -3.277986E+00   3.853942E+00  -1.820339E+00        11
   6.802672E+02   6.660000E+02   4.452925E-01   4.452925E-01   5.441823E-01   4.452925E-01  -3.306459E+00   3.846824E+00  -1.820339E+00        11
   6.812672E+02   7.030000E+02   4.452925E-01   4.452925E-01   5.441823E-01   4.452925E-01  -3.334163E+00   3.839898E+00  -1.820339E+00        11
   6.822672E+02   7.410000E+02   4.452925E-01   4.452925E-01   5.441823E-01   4.452925E-01  -3.361137E+00   3.833155E+00  -1.820339E+00        11
   6.832672E+02   7.800000E+02   4.452925E-01   4.452925E-01   5.441823E-01   4.452925E-01  -3.387420E+00   3.826584E+00  -1.820339E+00        11
   6.842672E+02   8.200000E+02   4.452925E-01   4.452925E-01   5.441823E-01   4.452925E-01  -3.413046E+00   3.820178E+00  -1.820339E+00        11
   6.852672E+02   8.610000E+02   4.452925E-01   4.452925E-01   5.441823E-01   4.452925E-01  -3.438046E+00   3.813927E+00  -1.820339E+00        11
   6.862672E+02   9.030000E+02   4.452925E-01   4.452925E-01   5.441823E-01   4.452925E-01  -3.462451E+00   3.807826E+00  -1.820339E+00        11
   6.872672E+02   9.460000E+02   4.452925E-01   4.452925E-01   5.441823E-01   4.452925E-01  -3.486288E+00   3.801867E+00  -1.820339E+00        11
   6.882672E+02   9.900000E+02   4.452925E-01   4.452925E-01   5.441823E-01   4.452925E-01  -3.509584E+00   3.796043E+00  -1.820339E+00        11
   6.892672E+02   1.035000E+03   4.452925E-01   4.452925E-01   5.441823E-01   4.452925E-01  -3.532362E+00   3.790349E+00  -1.820339E+00        11
   6.902672E+02   1.081000E+03   4.452925E-01   4.452925E-01   5.441823E-01   4.452925E-01  -3.554644E+00   3.784778E+00  -1.820339E+00        11
   6.912672E+02   1.128000E+03   4.452925E-01   4.452925E-01   5.441823E-01   4.452925E-01  -3.576453E+00   3.779326E+00  -1.820339E+00        11
   6.922672E+02   1.176000E+03   4.452925E-01   4.452925E-01   5.441823E-01   4.452925E-01  -3.597807E+00   3.773987E+00  -1.820339E+00        11
   6.932672E+02   1.225000E+03   4.452925E-01   4.452925E-01   5.441823E-01   4.452925E-01  -3.618725E+00   3.768758E+00  -1.820339E+00        11
   6.942672E+02   1.275000E+03   4.452925E-01   4.452925E-01   5.441823E-01   4.452925E-01  -3.639225E+00   3.763633E+00  -1.820339E+00        11
   6.952672E+02   1.326000E+03   4.452925E-01   4.452925E-01   5.441823E-01   4.452925E-01  -3.659323E+00   3.758608E+00  -1.820339E+00        11
   6.962672E+02   1.378000E+03   4.452925E-01   4.452925E-01   5.441823E-01   4.452925E-01  -3.679034E+00   3.753680E+00  -1.820339E+00        11
   6.972672E+02   1.431000E+03   4.452925E-01   4.452925E-01   5.441823E-01   4.452925E-01  -3.698373E+00   3.748846E+00  -1.820339E+00        11
   6.982672E+02   1.485000E+03   4.452925E-01   4.452925E-01   5.441823E-01   4.452925E-01  -3.717354E+00   3.744100E+00  -1.820339E+00        11
   6.992672E+02   1.540000E+03   4.452925E-01   4.452925E-01   5.441823E-01   4.452925E-01  -3.735990E+00   3.739441E+00  -1.820339E+00        11
   7.002672E+02   1.596000E+03   4.452925E-01   4.452925E-01   5.441823E-01   4.452925E-01  -3.754294E+00   3.734866E+00  -1.820339E+00        11
   7.012672E+02   1.653000E+03   4.452925E-01   4.452925E-01   5.441823E-01   4.452925E-01  -3.772276E+00   3.730370E+00  -1.820339E+00        11
   7.022672E+02   1.711000E+03   4.452925E-01   4.452925E-01   5.441823E-01   4.452925E-01  -3.789948E+00   3.725952E+00  -1.820339E+00        11
   7.032672E+02   1.770000E+03   4.452925E-01   4.452925E-01   5.441823E-01   4.452925E-01  -3.807320E+00   3.721609E+00  -1.820339E+00        11
   7.042672E+02   1.830000E+03   4.452925E-01   4.452925E-01   5.441823E-01   4.452925E-01  -3.824403E+00   3.717338E+00  -1.820339E+00        11
   7.052672E+02   1.891000E+03   4.452925E-01   4.452925E-01   5.441823E-01   4.452925E-01  -3.841206E+00   3.713138E+00  -1.820339E+00        11
   7.062672E+02   1.953000E+03   4.452925E-01   4.452925E-01   5.441823E-01   4.452925E-01  -3.857738E+00   3.709005E+00  -1.820339E+00        11
   7.072672E+02   2.016000E+03   4.452925E-01   4.452925E-01   5.441823E-01   4.452925E-01  -3.874007E+00   3.704937E+00  -1.820339E+00        11
   7.082672E+02   2.080000E+03   4.452925E-01   4.452925E-01   5.441823E-01   4.452925E-01  -3.890022E+00   3.700933E+00  -1.820339E+00        11
   7.092672E+02   2.145000E+03   4.452925E-01   4.452925E-01   5.441823E-01   4.452925E-01  -3.905791E+00   3.696991E+00  -1.820339E+00        11
   7.102672E+02   2.211000E+03   4.452925E-01   4.452925E-01   5.441823E-01   4.452925E-01  -3.921321E+00   3.693109E+00  -1.820339E+00        11
   7.112672E+02   2.278000E+03   4.452925E-01   4.452925E-01   5.441823E-01   4.452925E-01  -3.936619E+00   3.689284E+00  -1.820339E+00        11
   7.122672E+02   2.346000E+03   4.452925E-01   4.452925E-01   5.441823E-01   4.452925E-01  -3.951692E+00   3.685516E+00  -1.820339E+00        11
   7.132672E+02   2.415000E+03   4.452925E-01   4.452925E-01   5.441823E-01   4.452925E-01  -3.966546E+00   3.681802E+00  -1.820339E+00        11
   7.142672E+02   2.485000E+03   4.452925E-01   4.452925E-01   5.441823E-01   4.452925E-01  -3.981188E+00   3.678142E+00  -1.820339E+00        11
   7.152672E+02   2.556000E+03   4.452925E-01   4.452925E-01   5.441823E-01   4.452925E-01  -3.995625E+00   3.674533E+00  -1.820339E+00        11
   7.162672E+02   2.628000E+03   4.452925E-01   4.452925E-01   5.441823E-01   4.452925E-01  -4.009860E+00   3.670974E+00  -1.820339E+00        11
   7.172672E+02   2.701000E+03   4.452925E-01   4.452925E-01   5.441823E-01   4.452925E-01  -4.023901E+00   3.667464E+00  -1.820339E+00        11
   7.182672E+02   2.775000E+03   4.452925E-01   4.452925E-01   5.441823E-01   4.452925E-01  -4.037752E+00   3.664001E+00  -1.820339E+00        11
   7.192672E+02   2.850000E+03   4.452925E-01   4.452925E-01   5.441823E-01   4.452925E-01  -4.051418E+00   3.660585E+00  -1.820339E+00        11
   7.202672E+02   2.926000E+03   4.452925E-01   4.452925E-01   5.441823E-01   4.452925E-01  -4.064904E+00   3.657213E+00  -1.820339E+00        11
   7.212672E+02   3.003000E+03   4.452925E-01   4.452925E-01   5.441823E-01   4.452925E-01  -4.078215E+00   3.653885E+00  -1.820339E+00        11
   7.222672E+02   3.081000E+03   4.452925E-01   4.452925E-01   5.441823E-01   4.452925E-01  -4.091356E+00   3.650600E+00  -1.820339E+00        11
   7.232672E+02   3.160000E+03   4.452925E-01   4.452925E-01   5.441823E-01   4.452925E-01  -4.104330E+00   3.647357E+00  -1.820339E+00        11
   7.242672E+02   3.240000E+03   4.452925E-01   4.452925E-01   5.441823E-01   4.452925E-01  -4.117142E+00   3.644154E+00  -1.820339E+00        11
   7.252672E+02   3.321000E+03   4.452925E-01   4.452925E-01   5.441823E-01   4.452925E-01  -4.129795E+00   3.640990E+00  -1.820339E+00        11
   7.262672E+02   3.403000E+03   4.452925E-01   4.452925E-01   5.441823E-01   4.452925E-01  -4.142295E+00   3.637865E+00  -1.820339E+00        11
   7.272672E+02   3.486000E+03   4.452925E-01   4.452925E-01   5.441823E-01   4.452925E-01  -4.154644E+00   3.634778E+00  -1.820339E+00        11
   7.282672E+02   3.570000E+03   4.452925E-01   4.452925E-01   5.441823E-01   4.452925E-01  -4.166846E+00   3.631728E+00  -1.820339E+00        11
   7.292672E+02   3.655000E+03   4.452925E-01   4.452925E-01   5.441823E-01   4.452925E-01  -4.178904E+00   3.628713E+00  -1.820339E+00        11
   7.302672E+02   3.741000E+03   4.452925E-01   4.452925E-01   5.441823E-01   4.452925E-01  -4.190822E+00   3.625733E+00  -1.820339E+00        11
   7.312672E+02   3.828000E+03   4.452925E-01   4.452925E-01   5.441823E-01   4.452925E-01  -4.202603E+00   3.622788E+00  -1.820339E+00        11
   7.322672E+02   3.916000E+03   4.452925E-01   4.452925E-01   5.441823E-01   4.452925E-01  -4.214250E+00   3.619876E+00  -1.820339E+00        11
   7.332672E+02   4.005000E+03   4.452925E-01   4.452925E-01   5.441823E-01   4.452925E-01  -4.225766E+00   3.616997E+00  -1.820339E+00        11
   7.342672E+02   4.095000E+03   4.452925E-01   4.452925E-01   5.441823E-01   4.452925E-01  -4.237155E+00   3.614150E+00  -1.820339E+00        11
   7.352672E+02   4.186000E+03   4.452925E-01   4.452925E-01   5.441823E-01   4.452925E-01  -4.248418E+00   3.611334E+00  -1.820339E+00        11
   7.362672E+02   4.278000E+03   4.452925E-01   4.452925E-01   5.441823E-01   4.452925E-01  -4.259559E+00   3.608549E+00  -1.820339E+00        11
   7.372672E+02   4.371000E+03   4.452925E-01   4.452925E-01   5.441823E-01   4.452925E-01  -4.270580E+00   3.605794E+00  -1.820339E+00        11
   7.382672E+02   4.465000E+03   4.452925E-01   4.452925E-01   5.441823E-01   4.452925E-01  -4.281484E+00   3.603068E+00  -1.820339E+00        11
   7.392672E+02   4.560000E+03   4.452925E-01   4.452925E-01   5.441823E-01   4.452925E-01  -4.292272E+00   3.600371E+00  -1.820339E+00        11
   7.402672E+02   4.656000E+03   4.452925E-01   4.452925E-01   5.441823E-01   4.452925E-01  -4.302949E+00   3.597702E+00  -1.820339E+00        11
   7.412672E+02   4.753000E+03   4.452925E-01   4.452925E-01   5.441823E-01   4.452925E-01  -4.313516E+00   3.595060E+00  -1.820339E+00        11
   7.422672E+02   4.851000E+03   4.452925E-01   4.452925E-01   5.441823E-01   4.452925E-01  -4.323974E+00   3.592445E+00  -1.820339E+00        11
   7.432672E+02   4.950000E+03   4.452925E-01   4.452925E-01   5.441823E-01   4.452925E-01  -4.334327E+00   3.589857E+00  -1.820339E+00        11
   7.442672E+02   5.050000E+03   4.452925E-01   4.452925E-01   5.441823E-01   4.452925E-01  -4.344577E+00   3.587295E+00  -1.820339E+00        11
   7.452672E+02   5.151000E+03   4.452925E-01   4.452925E-01   5.441823E-01   4.452925E-01  -4.354725E+00   3.584758E+00  -1.820339E+00        11
   7.462672E+02   5.253000E+03   4.452925E-01   4.452925E-01   5.441823E-01   4.452925E-01  -4.364773E+00   3.582246E+00  -1.820339E+00        11
   7.472672E+02   5.356000E+03   4.452925E-01   4.452925E-01   5.441823E-01   4.452925E-01  -4.374724E+00   3.579758E+00  -1.820339E+00        11
   7.482672E+02   5.460000E+03   4.452925E-01   4.452925E-01   5.441823E-01   4.452925E-01  -4.384579E+00   3.577294E+00  -1.820339E+00        11
   7.492672E+02   5.565000E+03   4.452925E-01   4.452925E-01   5.441823E-01   4.452925E-01  -4.394341E+00   3.574854E+00  -1.820339E+00        11
   7.502672E+02   5.671000E+03   4.452925E-01   4.452925E-01   5.441823E-01   4.452925E-01  -4.404010E+00   3.572436E+00  -1.820339E+00        11
   7.512672E+02   5.778000E+03   4.452925E-01   4.452925E-01   5.441823E-01   4.452925E-01  -4.413589E+00   3.570042E+00  -1.820339E+00        11
   7.522672E+02   5.886000E+03   4.452925E-01   4.452925E-01   5.441823E-01   4.452925E-01  -4.423079E+00   3.567669E+00  -1.820339E+00        11
   7.532672E+02   5.995000E+03   4.452925E-01   4.452925E-01   5.441823E-01   4.452925E-01  -4.432483E+00   3.565318E+00  -1.820339E+00        11
   7.542672E+02   6.105000E+03   4.452925E-01   4.452925E-01   5.441823E-01   4.452925E-01  -4.441800E+00   3.562989E+00  -1.820339E+00        11
   7.552672E+02   6.216000E+03   4.452925E-01   4.452925E-01   5.441823E-01   4.452925E-01  -4.451034E+00   3.560680E+00  -1.820339E+00        11
   7.562672E+02   6.328000E+03   4.452925E-01   4.452925E-01   5.441823E-01   4.452925E-01  -4.460185E+00   3.558393E+00  -1.820339E+00        11
   7.572672E+02   6.441000E+03   4.452925E-01   4.452925E-01   5.441823E-01   4.452925E-01  -4.469256E+00   3.556125E+00  -1.820339E+00        11
   7.582672E+02   6.555000E+03   4.452925E-01   4.452925E-01   5.441823E-01   4.452925E-01  -4.478246E+00   3.553877E+00  -1.820339E+00        11
   7.592672E+02   6.670000E+03   4.452925E-01   4.452925E-01   5.441823E-01   4.452925E-01  -4.487159E+00   3.551649E+00  -1.820339E+00        11
   7.602672E+02   6.786000E+03   4.452925E-01   4.452925E-01   5.441823E-01   4.452925E-01  -4.495995E+00   3.549440E+00  -1.820339E+00        11
   7.612672E+02   6.903000E+03   4.452925E-01   4.452925E-01   5.441823E-01   4.452925E-01  -4.504755E+00   3.547250E+00  -1.820339E+00        11
   7.622672E+02   7.021000E+03   4.452925E-01   4.452925E-01   5.441823E-01   4.452925E-01  -4.513441E+00   3.545079E+00  -1.820339E+00        11
   7.632672E+02   7.140000E+03   4.452925E-01   4.452925E-01   5.441823E-01   4.452925E-01  -4.522054E+00   3.542926E+00  -1.820339E+00        11
   7.642672E+02   7.260000E+03   4.452925E-01   4.452925E-01   5.441823E-01   4.452925E-01  -4.530595E+00   3.540790E+00  -1.820339E+00        11
   7.652672E+02   7.381000E+03   4.452925E-01   4.452925E-01   5.441823E-01   4.452925E-01  -4.539066E+00   3.538673E+00  -1.820339E+00        11
   7.662672E+02   7.503000E+03   4.452925E-01   4.452925E-01   5.441823E-01   4.452925E-01  -4.547467E+00   3.536572E+00  -1.820339E+00        11
   7.672672E+02   7.626000E+03   4.452925E-01   4.452925E-01   5.441823E-01   4.452925E-01  -4.555800E+00   3.534489E+00  -1.820339E+00        11
   7.682672E+02   7.750000E+03   4.452925E-01   4.452925E-01   5.441823E-01   4.452925E-01  -4.564065E+00   3.532423E+00  -1.820339E+00        11
   7.692672E+02   7.875000E+03   4.452925E-01   4.452925E-01   5.441823E-01   4.452925E-01  -4.572265E+00   3.530373E+00  -1.820339E+00        11
   7.702672E+02   8.001000E+03   4.452925E-01   4.452925E-01   5.441823E-01   4.452925E-01  -4.580399E+00   3.528339E+00  -1.820339E+00        11
   7.712672E+02   8.128000E+03   4.452925E-01   4.452925E-01   5.441823E-01   4.452925E-01  -4.588470E+00   3.526322E+00  -1.820339E+00        11
   7.722672E+02   8.256000E+03   4.452925E-01   4.452925E-01   5.441823E-01   4.452925E-01  -4.596477E+00   3.524320E+00  -1.820339E+00        11
   7.732672E+02   8.385000E+03   4.452925E-01   4.452925E-01   5.441823E-01   4.452925E-01  -4.604422E+00   3.522333E+00  -1.820339E+00        11
   7.742672E+02   8.515000E+03   4.452925E-01   4.452925E-01   5.441823E-01   4.452925E-01  -4.612307E+00   3.520362E+00  -1.820339E+00        11
   7.752672E+02   8.646000E+03   4.452925E-01   4.452925E-01   5.441823E-01   4.452925E-01  -4.620131E+00   3.518406E+00  -1.820339E+00        11
   7.762672E+02   8.778000E+03   4.452925E-01   4.452925E-01   5.441823E-01   4.452925E-01  -4.627895E+00   3.516465E+00  -1.820339E+00        11
   7.772672E+02   8.911000E+03   4.452925E-01   4.452925E-01   5.441823E-01   4.452925E-01  -4.635602E+00   3.514539E+00  -1.820339E+00        11
   7.782672E+02   9.045000E+03   4.452925E-01   4.452925E-01   5.441823E-01   4.452925E-01  -4.654730E+00   3.509756E+00  -1.820339E+00        11
   7.792672E+02   9.180000E+03   4.452925E-01   4.452925E-01   5.441823E-01   4.452925E-01  -4.696423E+00   3.499333E+00  -1.820339E+00        11
   7.802672E+02   9.316000E+03   4.452925E-01   4.452925E-01   5.441823E-01   4.452925E-01  -4.737809E+00   3.488987E+00  -1.820339E+00        11
   7.812672E+02   9.453000E+03   4.452925E-01   4.452925E-01   5.441823E-01   4.452925E-01  -4.778892E+00   3.478716E+00  -1.820339E+00        11
   7.822672E+02   9.591000E+03   4.452925E-01   4.452925E-01   5.441823E-01   4.452925E-01  -4.819679E+00   3.468519E+00  -1.820339E+00        11
   7.832672E+02   9.730000E+03   4.452925E-01   4.452925E-01   5.441823E-01   4.452925E-01  -4.860171E+00   3.458396E+00  -1.820339E+00        11
   7.842672E+02   9.870000E+03   4.452925E-01   4.452925E-01   5.441823E-01   4.452925E-01  -4.900375E+00   3.448345E+00  -1.820339E+00        11
   7.852672E+02   1.001100E+04   4.452925E-01   4.452925E-01   5.441823E-01   4.452925E-01  -4.940293E+00   3.438366E+00  -1.820339E+00        11
   7.862672E+02   1.015300E+04   4.452925E-01   4.452925E-01   5.441823E-01   4.452925E-01  -4.979931E+00   3.428456E+00  -1.820339E+00        11
   7.872672E+02   1.029600E+04   4.452925E-01   4.452925E-01   5.441823E-01   4.452925E-01  -5.019291E+00   3.418616E+00  -1.820339E+00        11
   7.882672E+02   1.044000E+04   4.452925E-01   4.452925E-01   5.441823E-01   4.452925E-01  -5.058378E+00   3.408845E+00  -1.820339E+00        11
   7.892672E+02   1.058500E+04   4.452925E-01   4.452925E-01   5.441823E-01   4.452925E-01  -5.097195E+00   3.399140E+00  -1.820339E+00        11
   7.902672E+02   1.073100E+04   4.452925E-01   4.452925E-01   5.441823E-01   4.452925E-01  -5.135746E+00   3.389502E+00  -1.820339E+00        11
   7.912672E+02   1.087800E+04   4.452925E-01   4.452925E-01   5.441823E-01   4.452925E-01  -5.174035E+00   3.379930E+00  -1.820339E+00        11
   7.922672E+02   1.102600E+04   4.452925E-01   4.452925E-01   5.441823E-01   4.452925E-01  -5.212065E+00   3.370423E+00  -1.820339E+00        11
   7.932672E+02   1.117500E+04   4.452925E-01   4.452925E-01   5.441823E-01   4.452925E-01  -5.249841E+00   3.360979E+00  -1.820339E+00        11
   7.942672E+02   1.132500E+04   4.452925E-01   4.452925E-01   5.441823E-01   4.452925E-01  -5.287364E+00   3.351598E+00  -1.820339E+00        11
   7.952672E+02   1.147600E+04   4.452925E-01   4.452925E-01   5.441823E-01   4.452925E-01  -5.324639E+00   3.342279E+00  -1.820339E+00        11
   7.962672E+02   1.162800E+04   4.452925E-01   4.452925E-01   5.441823E-01   4.452925E-01  -5.361668E+00   3.333022E+00  -1.820339E+00        11
   7.972672E+02   1.178100E+04   4.452925E-01   4.452925E-01   5.441823E-01   4.452925E-01  -5.398456E+00   3.323825E+00  -1.820339E+00        11
   7.982672E+02   1.193500E+04   4.452925E-01   4.452925E-01   5.441823E-01   4.452925E-01  -5.435004E+00   3.314688E+00  -1.820339E+00        11
   7.992672E+02   1.209000E+04   4.452925E-01   4.452925E-01   5.441823E-01   4.452925E-01  -5.471317E+00   3.305610E+00  -1.820339E+00        11
   8.002672E+02   1.224600E+04   4.452925E-01   4.452925E-01   5.441823E-01   4.452925E-01  -5.507397E+00   3.296590E+00  -1.820339E+00        11
   8.012672E+02   1.240300E+04   4.452925E-01   4.452925E-01   5.441823E-01   4.452925E-01  -5.543247E+00   3.287627E+00  -1.820339E+00        11
   8.022672E+02   1.256100E+04   4.452925E-01   4.452925E-01   5.441823E-01   4.452925E-01  -5.578871E+00   3.278721E+00  -1.820339E+00        11
   8.032672E+02   1.272000E+04   4.452925E-01   4.452925E-01   5.441823E-01   4.452925E-01  -5.614270E+00   3.269871E+00  -1.820339E+00        11
   8.042672E+02   1.288000E+04   4.452925E-01   4.452925E-01   5.441823E-01   4.452925E-01  -5.649448E+00   3.261077E+00  -1.820339E+00        11
   8.052672E+02   1.304100E+04   4.452925E-01   4.452925E-01   5.441823E-01   4.452925E-01  -5.684407E+00   3.252337E+00  -1.820339E+00        11
   8.062672E+02   1.320300E+04   4.452925E-01   4.452925E-01   5.441823E-01   4.452925E-01  -5.719151E+00   3.243651E+00  -1.820339E+00        11
   8.072672E+02   1.336600E+04   4.452925E-01   4.452925E-01   5.441823E-01   4.452925E-01  -5.753682E+00   3.235019E+00  -1.820339E+00        11
   8.082672E+02   1.353000E+04   4.452925E-01   4.452925E-01   5.441823E-01   4.452925E-01  -5.788002E+00   3.226439E+00  -1.820339E+00        11
   8.092672E+02   1.369500E+04   4.452925E-01   4.452925E-01   5.441823E-01   4.452925E-01  -5.822114E+00   3.217911E+00  -1.820339E+00        11
   8.102672E+02   1.386100E+04   4.452925E-01   4.452925E-01   5.441823E-01   4.452925E-01  -5.856020E+00   3.209434E+00  -1.820339E+00        11
   8.112672E+02   1.402800E+04   4.452925E-01   4.452925E-01   5.441823E-01   4.452925E-01  -5.889724E+00   3.201008E+00  -1.820339E+00        11
   8.122672E+02   1.419600E+04   4.452925E-01   4.452925E-01   5.441823E-01   4.452925E-01  -5.923227E+00   3.192632E+00  -1.820339E+00        11
   8.132672E+02   1.436500E+04   4.452925E-01   4.452925E-01   5.441823E-01   4.452925E-01  -5.956531E+00   3.184306E+00  -1.820339E+00        11
   8.142672E+02   1.453500E+04   4.452925E-01   4.452925E-01   5.441823E-01   4.452925E-01  -5.989640E+00   3.176029E+00  -1.820339E+00        11
   8.152672E+02   1.470600E+04   4.452925E-01   4.452925E-01   5.441823E-01   4.452925E-01  -6.022555E+00   3.167800E+00  -1.820339E+00        11
   8.162672E+02   1.487800E+04   4.452925E-01   4.452925E-01   5.441823E-01   4.452925E-01  -6.055279E+00   3.159619E+00  -1.820339E+00        11
   8.172672E+02   1.505100E+04   4.452925E-01   4.452925E-01   5.441823E-01   4.452925E-01  -6.087814E+00   3.151486E+00  -1.820339E+00        11
   8.182672E+02   1.522500E+04   4.452925E-01   4.452925E-01   5.441823E-01   4.452925E-01  -6.120161E+00   3.143399E+00  -1.820339E+00        11
   8.192672E+02   1.540000E+04   4.452925E-01   4.452925E-01   5.441823E-01   4.452925E-01  -6.152324E+00   3.135358E+00  -1.820339E+00        11
   8.202672E+02   1.557600E+04   4.452925E-01   4.452925E-01   5.441823E-01   4.452925E-01  -6.184304E+00   3.127363E+00  -1.820339E+00        11
   8.212672E+02   1.575300E+04   4.452925E-01   4.452925E-01   5.441823E-01   4.452925E-01  -6.216103E+00   3.119413E+00  -1.820339E+00        11
   8.222672E+02   1.593100E+04   4.452925E-01   4.452925E-01   5.441823E-01   4.452925E-01  -6.247724E+00   3.111508E+00  -1.820339E+00        11
   8.232672E+02   1.611000E+04   4.452925E-01   4.452925E-01   5.441823E-01   4.452925E-01  -6.279168E+00   3.103647E+00  -1.820339E+00        11
   8.242672E+02   1.629000E+04   4.452925E-01   4.452925E-01   5.441823E-01   4.452925E-01  -6.310437E+00   3.095830E+00  -1.820339E+00        11
   8.252672E+02   1.647100E+04   4.452925E-01   4.452925E-01   5.441823E-01   4.452925E-01  -6.341534E+00   3.088056E+00  -1.820339E+00        11
   8.262672E+02   1.665300E+04   4.452925E-01   4.452925E-01   5.441823E-01   4.452925E-01  -6.372459E+00   3.080324E+00  -1.820339E+00        11
   8.272672E+02   1.683600E+04   4.452925E-01   4.452925E-01   5.441823E-01   4.452925E-01  -6.403216E+00   3.072635E+00  -1.820339E+00        11
   8.282672E+02   1.702000E+04   4.452925E-01   4.452925E-01   5.441823E-01   4.452925E-01  -6.433806E+00   3.064988E+00  -1.820339E+00        11
   8.292672E+02   1.720500E+04   4.452925E-01   4.452925E-01   5.441823E-01   4.452925E-01  -6.464230E+00   3.057381E+00  -1.820339E+00        11
   8.302672E+02   1.739100E+04   4.452925E-01   4.452925E-01   5.441823E-01   4.452925E-01  -6.494491E+00   3.049816E+00  -1.820339E+00        11
   8.312672E+02   1.757800E+04   4.452925E-01   4.452925E-01   5.441823E-01   4.452925E-01  -6.524589E+00   3.042292E+00  -1.820339E+00        11
   8.322672E+02   1.776600E+04   4.452925E-01   4.452925E-01   5.441823E-01   4.452925E-01  -6.554528E+00   3.034807E+00  -1.820339E+00        11
   8.332672E+02   1.795500E+04   4.452925E-01   4.452925E-01   5.441823E-01   4.452925E-01  -6.584308E+00   3.027362E+00  -1.820339E+00        11
   8.342672E+02   1.814500E+04   4.452925E-01   4.452925E-01   5.441823E-01   4.452925E-01  -6.613932E+00   3.019956E+00  -1.820339E+00        11
   8.352672E+02   1.833600E+04   4.452925E-01   4.452925E-01   5.441823E-01   4.452925E-01  -6.643400E+00   3.012589E+00  -1.820339E+00        11
   8.362672E+02   1.852800E+04   4.452925E-01   4.452925E-01   5.441823E-01   4.452925E-01  -6.672715E+00   3.005260E+00  -1.820339E+00        11
   8.372672E+02   1.872100E+04   4.452925E-01   4.452925E-01   5.441823E-01   4.452925E-01  -6.701879E+00   2.997969E+00  -1.820339E+00        11
   8.382672E+02   1.891500E+04   4.452925E-01   4.452925E-01   5.441823E-01   4.452925E-01  -6.730891E+00   2.990716E+00  -1.820339E+00        11
   8.392672E+02   1.911000E+04   4.452925E-01   4.452925E-01   5.441823E-01   4.452925E-01  -6.759755E+00   2.983500E+00  -1.820339E+00        11
   8.402672E+02   1.930600E+04   4.452925E-01   4.452925E-01   5.441823E-01   4.452925E-01  -6.788472E+00   2.976321E+00  -1.820339E+00        11
   8.412672E+02   1.950300E+04   4.452925E-01   4.452925E-01   5.441823E-01   4.452925E-01  -6.817043E+00   2.969178E+00  -1.820339E+00        11
   8.422672E+02   1.970100E+04   4.452925E-01   4.452925E-01   5.441823E-01   4.452925E-01  -6.845470E+00   2.962072E+00  -1.820339E+00        11
   8.432672E+02   1.990000E+04   4.452925E-01   4.452925E-01   5.441823E-01   4.452925E-01  -6.873753E+00   2.955001E+00  -1.820339E+00        11
   8.442672E+02   2.010000E+04   4.452925E-01   4.452925E-01   5.441823E-01   4.452925E-01  -6.901896E+00   2.947965E+00  -1.820339E+00        11
   8.452672E+02   2.030100E+04   4.452925E-01   4.452925E-01   5.441823E-01   4.452925E-01  -6.929898E+00   2.940964E+00  -1.820339E+00        11
   8.462672E+02   2.050300E+04   4.452925E-01   4.452925E-01   5.441823E-01   4.452925E-01  -6.957762E+00   2.933999E+00  -1.820339E+00        11
   8.472672E+02   2.070600E+04   4.452925E-01   4.452925E-01   5.441823E-01   4.452925E-01  -6.985488E+00   2.927067E+00  -1.820339E+00        11
   8.482672E+02   2.091000E+04   4.452925E-01   4.452925E-01   5.441823E-01   4.452925E-01  -7.013079E+00   2.920169E+00  -1.820339E+00        11
   8.492672E+02   2.111500E+04   4.452925E-01   4.452925E-01   5.441823E-01   4.452925E-01  -7.040535E+00   2.913305E+00  -1.820339E+00        11
   8.502672E+02   2.132100E+04   4.452925E-01   4.452925E-01   5.441823E-01   4.452925E-01  -7.067858E+00   2.906475E+00  -1.820339E+00        11
   8.512672E+02   2.152800E+04   4.452925E-01   4.452925E-01   5.441823E-01   4.452925E-01  -7.095048E+00   2.899677E+00  -1.820339E+00        11
   8.522672E+02   2.173600E+04   4.452925E-01   4.452925E-01   5.441823E-01   4.452925E-01  -7.122108E+00   2.892912E+00  -1.820339E+00        11
   8.532672E+02   2.194500E+04   4.452925E-01   4.452925E-01   5.441823E-01   4.452925E-01  -7.149039E+00   2.886179E+00  -1.820339E+00        11
   8.542672E+02   2.215500E+04   4.452925E-01   4.452925E-01   5.441823E-01   4.452925E-01  -7.175841E+00   2.879479E+00  -1.820339E+00        11
   8.552672E+02   2.236600E+04   4.452925E-01   4.452925E-01   5.441823E-01   4.452925E-01  -7.202516E+00   2.872810E+00  -1.820339E+00        11
   8.562672E+02   2.257800E+04   4.452925E-01   4.452925E-01   5.441823E-01   4.452925E-01  -7.229066E+00   2.866173E+00  -1.820339E+00        11
   8.572672E+02   2.279100E+04   4.452925E-01   4.452925E-01   5.441823E-01   4.452925E-01  -7.255490E+00   2.859566E+00  -1.820339E+00        11
   8.582672E+02   2.300500E+04   4.452925E-01   4.452925E-01   5.441823E-01   4.452925E-01  -7.281792E+00   2.852991E+00  -1.820339E+00        11
   8.592672E+02   2.322000E+04   4.452925E-01   4.452925E-01   5.441823E-01   4.452925E-01  -7.307971E+00   2.846446E+00  -1.820339E+00        11
   8.602672E+02   2.343600E+04   4.452925E-01   4.452925E-01   5.441823E-01   4.452925E-01  -7.334028E+00   2.839932E+00  -1.820339E+00        11
   8.612672E+02   2.365300E+04   4.452925E-01   4.452925E-01   5.441823E-01   4.452925E-01  -7.359966E+00   2.833447E+00  -1.820339E+00        11
   8.622672E+02   2.387100E+04   4.452925E-01   4.452925E-01   5.441823E-01   4.452925E-01  -7.385785E+00   2.826993E+00  -1.820339E+00        11
   8.632672E+02   2.409000E+04   4.452925E-01   4.452925E-01   5.441823E-01   4.452925E-01  -7.411485E+00   2.820568E+00  -1.820339E+00        11
   8.642672E+02   2.431000E+04   4.452925E-01   4.452925E-01   5.441823E-01   4.452925E-01  -7.437069E+00   2.814172E+00  -1.820339E+00        11
   8.652672E+02   2.453100E+04   4.452925E-01   4.452925E-01   5.441823E-01   4.452925E-01  -7.462538E+00   2.807805E+00  -1.820339E+00        11
   8.662672E+02   2.475300E+04   4.452925E-01   4.452925E-01   5.441823E-01   4.452925E-01  -7.487891E+00   2.801466E+00  -1.820339E+00        11
   8.672672E+02   2.497600E+04   4.452925E-01   4.452925E-01   5.441823E-01   4.452925E-01  -7.513131E+00   2.795156E+00  -1.820339E+00        11
   8.682672E+02   2.520000E+04   4.452925E-01   4.452925E-01   5.441823E-01   4.452925E-01  -7.538258E+00   2.788874E+00  -1.820339E+00        11
   8.692672E+02   2.542500E+04   4.452925E-01   4.452925E-01   5.441823E-01   4.452925E-01  -7.563273E+00   2.782621E+00  -1.820339E+00        11
   8.702672E+02   2.565100E+04   4.452925E-01   4.452925E-01   5.441823E-01   4.452925E-01  -7.588178E+00   2.776394E+00  -1.820339E+00        11
   8.712672E+02   2.587800E+04   4.452925E-01   4.452925E-01   5.441823E-01   4.452925E-01  -7.612973E+00   2.770196E+00  -1.820339E+00        11
   8.722672E+02   2.610600E+04   4.452925E-01   4.452925E-01   5.441823E-01   4.452925E-01  -7.637659E+00   2.764024E+00  -1.820339E+00        11
   8.732672E+02   2.633500E+04   4.452925E-01   4.452925E-01   5.441823E-01   4.452925E-01  -7.662238E+00   2.757879E+00  -1.820339E+00        11
   8.742672E+02   2.656500E+04   4.452925E-01   4.452925E-01   5.441823E-01   4.452925E-01  -7.686710E+00   2.751762E+00  -1.820339E+00        11
   8.752672E+02   2.679600E+04   4.452925E-01   4.452925E-01   5.441823E-01   4.452925E-01  -7.711075E+00   2.745670E+00  -1.820339E+00        11
   8.762672E+02   2.702800E+04   4.452925E-01   4.452925E-01   5.441823E-01   4.452925E-01  -7.735336E+00   2.739605E+00  -1.820339E+00        11
   8.772672E+02   2.726100E+04   4.452925E-01   4.452925E-01   5.441823E-01   4.452925E-01  -7.759492E+00   2.733566E+00  -1.820339E+00        11
   8.782672E+02   2.749500E+04   4.452925E-01   4.452925E-01   5.441823E-01   4.452925E-01  -7.783546E+00   2.727553E+00  -1.820339E+00        11
   8.792672E+02   2.773000E+04   4.452925E-01   4.452925E-01   5.441823E-01   4.452925E-01  -7.807497E+00   2.721565E+00  -1.820339E+00        11
   8.802672E+02   2.796600E+04   4.452925E-01   4.452925E-01   5.441823E-01   4.452925E-01  -7.831346E+00   2.715602E+00  -1.820339E+00        11
   8.812672E+02   2.820300E+04   4.452925E-01   4.452925E-01   5.441823E-01   4.452925E-01  -7.855095E+00   2.709665E+00  -1.820339E+00        11
   8.822672E+02   2.844100E+04   4.452925E-01   4.452925E-01   5.441823E-01   4.452925E-01  -7.878744E+00   2.703753E+00  -1.820339E+00        11
   8.832672E+02   2.868000E+04   4.452925E-01   4.452925E-01   5.441823E-01   4.452925E-01  -7.902294E+00   2.697865E+00  -1.820339E+00        11
   8.842672E+02   2.892000E+04   4.452925E-01   4.452925E-01   5.441823E-01   4.452925E-01  -7.925746E+00   2.692002E+00  -1.820339E+00        11
   8.852672E+02   2.916100E+04   4.452925E-01   4.452925E-01   5.441823E-01   4.452925E-01  -7.949101E+00   2.686164E+00  -1.820339E+00        11
   8.862672E+02   2.940300E+04   4.452925E-01   4.452925E-01   5.441823E-01   4.452925E-01  -7.972359E+00   2.680349E+00  -1.820339E+00        11
   8.872672E+02   2.964600E+04   4.452925E-01   4.452925E-01   5.441823E-01   4.452925E-01  -7.995521E+00   2.674559E+00  -1.820339E+00        11
   8.882672E+02   2.989000E+04   4.452925E-01   4.452925E-01   5.441823E-01   4.452925E-01  -8.018589E+00   2.668792E+00  -1.820339E+00        11
   8.892672E+02   3.013500E+04   4.452925E-01   4.452925E-01   5.441823E-01   4.452925E-01  -8.041562E+00   2.663048E+00  -1.820339E+00        11
   8.902672E+02   3.038100E+04   4.452925E-01   4.452925E-01   5.441823E-01   4.452925E-01  -8.064442E+00   2.657328E+00  -1.820339E+00        11
   8.912672E+02   3.062800E+04   4.452925E-01   4.452925E-01   5.441823E-01   4.452925E-01  -8.087229E+00   2.651632E+00  -1.820339E+00        11
   8.922672E+02   3.087600E+04   4.452925E-01   4.452925E-01   5.441823E-01   4.452925E-01  -8.109925E+00   2.645958E+00  -1.820339E+00        11
   8.932672E+02   3.112500E+04   4.452925E-01   4.452925E-01   5.441823E-01   4.452925E-01  -8.132529E+00   2.640307E+00  -1.820339E+00        11
   8.942672E+02   3.137500E+04   4.452925E-01   4.452925E-01   5.441823E-01   4.452925E-01  -8.155043E+00   2.634678E+00  -1.820339E+00        11
   8.952672E+02   3.162600E+04   4.452925E-01   4.452925E-01   5.441823E-01   4.452925E-01  -8.177467E+00   2.629072E+00  -1.820339E+00        11
   8.962672E+02   3.187800E+04   4.452925E-01   4.452925E-01   5.441823E-01   4.452925E-01  -8.199802E+00   2.623488E+00  -1.820339E+00        11
   8.972672E+02   3.213100E+04   4.452925E-01   4.452925E-01   5.441823E-01   4.452925E-01  -8.222049E+00   2.617927E+00  -1.820339E+00        11
   8.982672E+02   3.238500E+04   4.452925E-01   4.452925E-01   5.441823E-01   4.452925E-01  -8.244208E+00   2.612387E+00  -1.820339E+00        11
   8.992672E+02   3.264000E+04   4.452925E-01   4.452925E-01   5.441823E-01   4.452925E-01  -8.266281E+00   2.606869E+00  -1.820339E+00        11
   9.002672E+02   3.289600E+04   4.452925E-01   4.452925E-01   5.441823E-01   4.452925E-01  -8.288267E+00   2.601372E+00  -1.820339E+00        11
   9.012672E+02   3.315300E+04   4.452925E-01   4.452925E-01   5.441823E-01   4.452925E-01  -8.310168E+00   2.595897E+00  -1.820339E+00        11
   9.022672E+02   3.341100E+04   4.452925E-01   4.452925E-01   5.441823E-01   4.452925E-01  -8.331984E+00   2.590443E+00  -1.820339E+00        11
   9.032672E+02   3.367000E+04   4.452925E-01   4.452925E-01   5.441823E-01   4.452925E-01  -8.353715E+00   2.585010E+00  -1.820339E+00        11
   9.042672E+02   3.393000E+04   4.452925E-01   4.452925E-01   5.441823E-01   4.452925E-01  -8.375363E+00   2.579598E+00  -1.820339E+00        11
   9.052672E+02   3.419100E+04   4.452925E-01   4.452925E-01   5.441823E-01   4.452925E-01  -8.396928E+00   2.574207E+00  -1.820339E+00        11
   9.062672E+02   3.445300E+04   4.452925E-01   4.452925E-01   5.441823E-01   4.452925E-01  -8.418411E+00   2.568836E+00  -1.820339E+00        11
   9.072672E+02   3.471600E+04   4.452925E-01   4.452925E-01   5.441823E-01   4.452925E-01  -8.439812E+00   2.563486E+00  -1.820339E+00        11
   9.082672E+02   3.498000E+04   4.452925E-01   4.452925E-01   5.441823E-01   4.452925E-01  -8.461132E+00   2.558156E+00  -1.820339E+00        11
   9.092672E+02   3.524500E+04   4.452925E-01   4.452925E-01   5.441823E-01   4.452925E-01  -8.482371E+00   2.552846E+00  -1.820339E+00        11
   9.102672E+02   3.551100E+04   4.452925E-01   4.452925E-01   5.441823E-01   4.452925E-01  -8.503531E+00   2.547556E+00  -1.820339E+00        11
   9.112672E+02   3.577800E+04   4.452925E-01   4.452925E-01   5.441823E-01   4.452925E-01  -8.524611E+00   2.542286E+00  -1.820339E+00        11
   9.122672E+02   3.604600E+04   4.452925E-01   4.452925E-01   5.441823E-01   4.452925E-01  -8.545613E+00   2.537036E+00  -1.820339E+00        11
   9.132672E+02   3.631500E+04   4.452925E-01   4.452925E-01   5.441823E-01   4.452925E-01  -8.566537E+00   2.531805E+00  -1.820339E+00        11
   9.142672E+02   3.658500E+04   4.452925E-01   4.452925E-01   5.441823E-01   4.452925E-01  -8.587383E+00   2.526593E+00  -1.820339E+00        11
   9.152672E+02   3.685600E+04   4.452925E-01   4.452925E-01   5.441823E-01   4.452925E-01  -8.608152E+00   2.521401E+00  -1.820339E+00        11
   9.162672E+02   3.712800E+04   4.452925E-01   4.452925E-01   5.441823E-01   4.452925E-01  -8.628845E+00   2.516228E+00  -1.820339E+00        11
   9.172672E+02   3.740100E+04   4.452925E-01   4.452925E-01   5.441823E-01   4.452925E-01  -8.649462E+00   2.511073E+00  -1.820339E+00        11
   9.182672E+02   3.767500E+04   4.452925E-01   4.452925E-01   5.441823E-01   4.452925E-01  -8.670004E+00   2.505938E+00  -1.820339E+00        11
   9.192672E+02   3.795000E+04   4.452925E-01   4.452925E-01   5.441823E-01   4.452925E-01  -8.690471E+00   2.500821E+00  -1.820339E+00        11
   9.202672E+02   3.822600E+04   4.452925E-01   4.452925E-01   5.441823E-01   4.452925E-01  -8.710864E+00   2.495723E+00  -1.820339E+00        11
   9.212672E+02   3.850300E+04   4.452925E-01   4.452925E-01   5.441823E-01   4.452925E-01  -8.731183E+00   2.490643E+00  -1.820339E+00        11
   9.222672E+02   3.878100E+04   4.452925E-01   4.452925E-01   5.441823E-01   4.452925E-01  -8.751430E+00   2.485582E+00  -1.820339E+00        11
   9.232672E+02   3.906000E+04   4.452925E-01   4.452925E-01   5.441823E-01   4.452925E-01  -8.771603E+00   2.480538E+00  -1.820339E+00        11
   9.242672E+02   3.934000E+04   4.452925E-01   4.452925E-01   5.441823E-01   4.452925E-01  -8.791705E+00   2.475513E+00  -1.820339E+00        11
   9.252672E+02   3.962100E+04   4.452925E-01   4.452925E-01   5.441823E-01   4.452925E-01  -8.811735E+00   2.470505E+00  -1.820339E+00        11
   9.262672E+02   3.990300E+04   4.452925E-01   4.452925E-01   5.441823E-01   4.452925E-01  -8.831694E+00   2.465515E+00  -1.820339E+00        11
   9.272672E+02   4.018600E+04   4.452925E-01   4.452925E-01   5.441823E-01   4.452925E-01  -8.851583E+00   2.460543E+00  -1.820339E+00        11
   9.282672E+02   4.047000E+04   4.452925E-01   4.452925E-01   5.441823E-01   4.452925E-01  -8.871401E+00   2.455589E+00  -1.820339E+00        11
   9.292672E+02   4.075500E+04   4.452925E-01   4.452925E-01   5.441823E-01   4.452925E-01  -8.891150E+00   2.450651E+00  -1.820339E+00        11
   9.302672E+02   4.104100E+04   4.452925E-01   4.452925E-01   5.441823E-01   4.452925E-01  -8.910830E+00   2.445731E+00  -1.820339E+00        11
   9.312672E+02   4.132800E+04   4.452925E-01   4.452925E-01   5.441823E-01   4.452925E-01  -8.930442E+00   2.440829E+00  -1.820339E+00        11
   9.322672E+02   4.161600E+04   4.452925E-01   4.452925E-01   5.441823E-01   4.452925E-01  -8.949985E+00   2.435943E+00  -1.820339E+00        11
   9.332672E+02   4.190500E+04   4.452925E-01   4.452925E-01   5.441823E-01   4.452925E-01  -8.969461E+00   2.431074E+00  -1.820339E+00        11
   9.342672E+02   4.219500E+04   4.452925E-01   4.452925E-01   5.441823E-01   4.452925E-01  -8.988869E+00   2.426222E+00  -1.820339E+00        11
   9.352672E+02   4.248600E+04   4.452925E-01   4.452925E-01   5.441823E-01   4.452925E-01  -9.008211E+00   2.421386E+00  -1.820339E+00        11
   9.362672E+02   4.277800E+04   4.452925E-01   4.452925E-01   5.441823E-01   4.452925E-01  -9.027487E+00   2.416567E+00  -1.820339E+00        11
   9.372672E+02   4.307100E+04   4.452925E-01   4.452925E-01   5.441823E-01   4.452925E-01  -9.046696E+00   2.411765E+00  -1.820339E+00        11
   9.382672E+02   4.336500E+04   4.452925E-01   4.452925E-01   5.441823E-01   4.452925E-01  -9.065841E+00   2.406979E+00  -1.820339E+00        11
   9.392672E+02   4.366000E+04   4.452925E-01   4.452925E-01   5.441823E-01   4.452925E-01  -9.084920E+00   2.402209E+00  -1.820339E+00        11
   9.402672E+02   4.395600E+04   4.452925E-01   4.452925E-01   5.441823E-01   4.452925E-01  -9.103935E+00   2.397455E+00  -1.820339E+00        11
   9.412672E+02   4.425300E+04   4.452925E-01   4.452925E-01   5.441823E-01   4.452925E-01  -9.122886E+00   2.392717E+00  -1.820339E+00        11
   9.422672E+02   4.455100E+04   4.452925E-01   4.452925E-01   5.441823E-01   4.452925E-01  -9.141774E+00   2.387995E+00  -1.820339E+00        11
   9.432672E+02   4.485000E+04   4.452925E-01   4.452925E-01   5.441823E-01   4.452925E-01  -9.160598E+00   2.383289E+00  -1.820339E+00        11
   9.442672E+02   4.515000E+04   4.452925E-01   4.452925E-01   5.441823E-01   4.452925E-01  -9.179360E+00   2.378599E+00  -1.820339E+00        11
   9.452672E+02   4.545100E+04   4.452925E-01   4.452925E-01   5.441823E-01   4.452925E-01  -9.198059E+00   2.373924E+00  -1.820339E+00        11
   9.462672E+02   4.575300E+04   4.452925E-01   4.452925E-01   5.441823E-01   4.452925E-01  -9.216696E+00   2.369265E+00  -1.820339E+00        11
   9.472672E+02   4.605600E+04   4.452925E-01   4.452925E-01   5.441823E-01   4.452925E-01  -9.235272E+00   2.364621E+00  -1.820339E+00        11
   9.482672E+02   4.636000E+04   4.452925E-01   4.452925E-01   5.441823E-01   4.452925E-01  -9.253787E+00   2.359992E+00  -1.820339E+00        11
   9.492672E+02   4.666500E+04   4.452925E-01   4.452925E-01   5.441823E-01   4.452925E-01  -9.272241E+00   2.355379E+00  -1.820339E+00        11
   9.502672E+02   4.697100E+04   4.452925E-01   4.452925E-01   5.441823E-01   4.452925E-01  -9.290634E+00   2.350780E+00  -1.820339E+00        11
   9.512672E+02   4.727800E+04   4.452925E-01   4.452925E-01   5.441823E-01   4.452925E-01  -9.308968E+00   2.346197E+00  -1.820339E+00        11
   9.522672E+02   4.758600E+04   4.452925E-01   4.452925E-01   5.441823E-01   4.452925E-01  -9.327242E+00   2.341628E+00  -1.820339E+00        11
   9.532672E+02   4.789500E+04   4.452925E-01   4.452925E-01   5.441823E-01   4.452925E-01  -9.345458E+00   2.337075E+00  -1.820339E+00        11
   9.542672E+02   4.820500E+04   4.452925E-01   4.452925E-01   5.441823E-01   4.452925E-01  -9.363614E+00   2.332535E+00  -1.820339E+00        11
   9.552672E+02   4.851600E+04   4.452925E-01   4.452925E-01   5.441823E-01   4.452925E-01  -9.381712E+00   2.328011E+00  -1.820339E+00        11
   9.562672E+02   4.882800E+04   4.452925E-01   4.452925E-01   5.441823E-01   4.452925E-01  -9.399752E+00   2.323501E+00  -1.820339E+00        11
   9.572672E+02   4.914100E+04   4.452925E-01   4.452925E-01   5.441823E-01   4.452925E-01  -9.417734E+00   2.319005E+00  -1.820339E+00        11
   9.582672E+02   4.945500E+04   4.452925E-01   4.452925E-01   5.441823E-01   4.452925E-01  -9.435659E+00   2.314524E+00  -1.820339E+00        11
   9.592672E+02   4.977000E+04   4.452925E-01   4.452925E-01   5.441823E-01   4.452925E-01  -9.453527E+00   2.310057E+00  -1.820339E+00        11
   9.602672E+02   5.008600E+04   4.452925E-01   4.452925E-01   5.441823E-01   4.452925E-01  -9.471339E+00   2.305604E+00  -1.820339E+00        11
   9.612672E+02   5.040300E+04   4.452925E-01   4.452925E-01   5.441823E-01   4.452925E-01  -9.489094E+00   2.301165E+00  -1.820339E+00        11
   9.622672E+02   5.072100E+04   4.452925E-01   4.452925E-01   5.441823E-01   4.452925E-01  -9.506794E+00   2.296741E+00  -1.820339E+00        11
   9.632672E+02   5.104000E+04   4.452925E-01   4.452925E-01   5.441823E-01   4.452925E-01  -9.524438E+00   2.292329E+00  -1.820339E+00        11
   9.642672E+02   5.136000E+04   4.452925E-01   4.452925E-01   5.441823E-01   4.452925E-01  -9.542027E+00   2.287932E+00  -1.820339E+00        11
   9.652672E+02   5.168100E+04   4.452925E-01   4.452925E-01   5.441823E-01   4.452925E-01  -9.559561E+00   2.283549E+00  -1.820339E+00        11
   9.662672E+02   5.200300E+04   4.452925E-01   4.452925E-01   5.441823E-01   4.452925E-01  -9.577041E+00   2.279179E+00  -1.820339E+00        11
   9.672672E+02   5.232600E+04   4.452925E-01   4.452925E-01   5.441823E-01   4.452925E-01  -9.594466E+00   2.274822E+00  -1.820339E+00        11
   9.682672E+02   5.265000E+04   4.452925E-01   4.452925E-01   5.441823E-01   4.452925E-01  -9.611838E+00   2.270479E+00  -1.820339E+00        11
   9.692672E+02   5.297500E+04   4.452925E-01   4.452925E-01   5.441823E-01   4.452925E-01  -9.629156E+00   2.266150E+00  -1.820339E+00        11
   9.702672E+02   5.330100E+04   4.452925E-01   4.452925E-01   5.441823E-01   4.452925E-01  -9.646422E+00   2.261834E+00  -1.820339E+00        11
   9.712672E+02   5.362800E+04   4.452925E-01   4.452925E-01   5.441823E-01   4.452925E-01  -9.663634E+00   2.257530E+00  -1.820339E+00        11
   9.722672E+02   5.395600E+04   4.452925E-01   4.452925E-01   5.441823E-01   4.452925E-01  -9.680794E+00   2.253240E+00  -1.820339E+00        11
   9.732672E+02   5.428500E+04   4.452925E-01   4.452925E-01   5.441823E-01   4.452925E-01  -9.697902E+00   2.248963E+00  -1.820339E+00        11
   9.742672E+02   5.461500E+04   4.452925E-01   4.452925E-01   5.441823E-01   4.452925E-01  -9.714958E+00   2.244700E+00  -1.820339E+00        11
   9.752672E+02   5.494600E+04   4.452925E-01   4.452925E-01   5.441823E-01   4.452925E-01  -9.731962E+00   2.240448E+00  -1.820339E+00        11
   9.762672E+02   5.527800E+04   4.452925E-01   4.452925E-01   5.441823E-01   4.452925E-01  -9.748915E+00   2.236210E+00  -1.820339E+00        11
   9.772672E+02   5.561100E+04   4.452925E-01   4.452925E-01   5.441823E-01   4.452925E-01  -9.765818E+00   2.231985E+00  -1.820339E+00        11
   9.782672E+02   5.594500E+04   4.452925E-01   4.452925E-01   5.441823E-01   4.452925E-01  -9.782669E+00   2.227772E+00  -1.820339E+00        11
   9.792672E+02   5.628000E+04   4.452925E-01   4.452925E-01   5.441823E-01   4.452925E-01  -9.799471E+00   2.223571E+00  -1.820339E+00        11
   9.802672E+02   5.661600E+04   4.452925E-01   4.452925E-01   5.441823E-01   4.452925E-01  -9.816222E+00   2.219383E+00  -1.820339E+00        11
   9.812672E+02   5.695300E+04   4.452925E-01   4.452925E-01   5.441823E-01   4.452925E-01  -9.832924E+00   2.215208E+00  -1.820339E+00        11
   9.822672E+02   5.729100E+04   4.452925E-01   4.452925E-01   5.441823E-01   4.452925E-01  -9.849576E+00   2.211045E+00  -1.820339E+00        11
   9.832672E+02   5.763000E+04   4.452925E-01   4.452925E-01   5.441823E-01   4.452925E-01  -9.866179E+00   2.206894E+00  -1.820339E+00        11
   9.842672E+02   5.797000E+04   4.452925E-01   4.452925E-01   5.441823E-01   4.452925E-01  -9.882734E+00   2.202756E+00  -1.820339E+00        11
   9.852672E+02   5.831100E+04   4.452925E-01   4.452925E-01   5.441823E-01   4.452925E-01  -9.899239E+00   2.198629E+00  -1.820339E+00        11
   9.862672E+02   5.865300E+04   4.452925E-01   4.452925E-01   5.441823E-01   4.452925E-01  -9.915697E+00   2.194515E+00  -1.820339E+00        11
   9.872672E+02   5.899600E+04   4.452925E-01   4.452925E-01   5.441823E-01   4.452925E-01  -9.932106E+00   2.190412E+00  -1.820339E+00        11
   9.882672E+02   5.934000E+04   4.452925E-01   4.452925E-01   5.441823E-01   4.452925E-01  -9.948468E+00   2.186322E+00  -1.820339E+00        11
   9.892672E+02   5.968500E+04   4.452925E-01   4.452925E-01   5.441823E-01   4.452925E-01  -9.964783E+00   2.182243E+00  -1.820339E+00        11
   9.902672E+02   6.003100E+04   4.452925E-01   4.452925E-01   5.441823E-01   4.452925E-01  -9.981050E+00   2.178177E+00  -1.820339E+00        11
   9.912672E+02   6.037800E+04   4.452925E-01   4.452925E-01   5.441823E-01   4.452925E-01  -9.997270E+00   2.174121E+00  -1.820339E+00        11
   9.922672E+02   6.072600E+04   4.452925E-01   4.452925E-01   5.441823E-01   4.452925E-01  -1.001344E+01   2.170078E+00  -1.820339E+00        11
   9.932672E+02   6.107500E+04   4.452925E-01   4.452925E-01   5.441823E-01   4.452925E-01  -1.002957E+01   2.166046E+00  -1.820339E+00        11
   9.942672E+02   6.142500E+04   4.452925E-01   4.452925E-01   5.441823E-01   4.452925E-01  -1.004565E+01   2.162026E+00  -1.820339E+00        11
   9.952672E+02   6.177600E+04   4.452925E-01   4.452925E-01   5.441823E-01   4.452925E-01  -1.006169E+01   2.158017E+00  -1.820339E+00        11
   9.962672E+02   6.212800E+04   4.452925E-01   4.452925E-01   5.441823E-01   4.452925E-01  -1.007768E+01   2.154019E+00  -1.820339E+00        11
   9.972672E+02   6.248100E+04   4.452925E-01   4.452925E-01   5.441823E-01   4.452925E-01  -1.009362E+01   2.150033E+00  -1.820339E+00        11
   9.982672E+02   6.283500E+04   4.452925E-01   4.452925E-01   5.441823E-01   4.452925E-01  -1.010952E+01   2.146058E+00  -1.820339E+00        11
   9.992672E+02   6.319000E+04   4.452925E-01   4.452925E-01   5.441823E-01   4.452925E-01  -1.012538E+01   2.142095E+00  -1.820339E+00        11
   1.000267E+03   6.354600E+04   4.452925E-01   4.452925E-01   5.441823E-01   4.452925E-01  -1.014119E+01   2.138142E+00  -1.820339E+00        11
   1.001267E+03   6.390300E+04   4.452925E-01   4.452925E-01   5.441823E-01   4.452925E-01  -1.015695E+01   2.134201E+00  -1.820339E+00        11
   1.002267E+03   6.426100E+04   4.452925E-01   4.452925E-01   5.441823E-01   4.452925E-01  -1.017268E+01   2.130270E+00  -1.820339E+00        11
   1.003267E+03   6.462000E+04   4.452925E-01   4.452925E-01   5.441823E-01   4.452925E-01  -1.018835E+01   2.126351E+00  -1.820339E+00        11
   1.004267E+03   6.498000E+04   4.452925E-01   4.452925E-01   5.441823E-01   4.452925E-01  -1.020399E+01   2.122442E+00  -1.820339E+00        11
   1.005267E+03   6.534100E+04   4.452925E-01   4.452925E-01   5.441823E-01   4.452925E-01  -1.021958E+01   2.118544E+00  -1.820339E+00        11
   1.006267E+03   6.570300E+04   4.452925E-01   4.452925E-01   5.441823E-01   4.452925E-01  -1.023513E+01   2.114657E+00  -1.820339E+00        11
   1.007267E+03   6.606600E+04   4.452925E-01   4.452925E-01   5.441823E-01   4.452925E-01  -1.025063E+01   2.110781E+00  -1.820339E+00        11
   1.008267E+03   6.643000E+04   4.452925E-01   4.452925E-01   5.441823E-01   4.452925E-01  -1.026610E+01   2.106915E+00  -1.820339E+00        11
   1.009267E+03   6.679500E+04   4.452925E-01   4.452925E-01   5.441823E-01   4.452925E-01  -1.028152E+01   2.103060E+00  -1.820339E+00        11
   1.010267E+03   6.716100E+04   4.452925E-01   4.452925E-01   5.441823E-01   4.452925E-01  -1.029689E+01   2.099215E+00  -1.820339E+00        11
   1.011267E+03   6.752800E+04   4.452925E-01   4.452925E-01   5.441823E-01   4.452925E-01  -1.031223E+01   2.095381E+00  -1.820339E+00        11
   1.012267E+03   6.789600E+04   4.452925E-01   4.452925E-01   5.441823E-01   4.452925E-01  -1.032753E+01   2.091558E+00  -1.820339E+00        11
   1.013267E+03   6.826500E+04   4.452925E-01   4.452925E-01   5.441823E-01   4.452925E-01  -1.034278E+01   2.087744E+00  -1.820339E+00        11
   1.014267E+03   6.863500E+04   4.452925E-01   4.452925E-01   5.441823E-01   4.452925E-01  -1.035799E+01   2.083941E+00  -1.820339E+00        11
   1.015267E+03   6.900600E+04   4.452925E-01   4.452925E-01   5.441823E-01   4.452925E-01  -1.037316E+01   2.080148E+00  -1.820339E+00        11
   1.016267E+03   6.937800E+04   4.452925E-01   4.452925E-01   5.441823E-01   4.452925E-01  -1.038829E+01   2.076366E+00  -1.820339E+00        11
   1.017267E+03   6.975100E+04   4.452925E-01   4.452925E-01   5.441823E-01   4.452925E-01  -1.040338E+01   2.072593E+00  -1.820339E+00        11
   1.018267E+03   7.012500E+04   4.452925E-01   4.452925E-01   5.441823E-01   4.452925E-01  -1.041843E+01   2.068831E+00  -1.820339E+00        11
   1.019267E+03   7.050000E+04   4.452925E-01   4.452925E-01   5.441823E-01   4.452925E-01  -1.043344E+01   2.065079E+00  -1.820339E+00        11
   1.020267E+03   7.087600E+04   4.452925E-01   4.452925E-01   5.441823E-01   4.452925E-01  -1.044841E+01   2.061336E+00  -1.820339E+00        11
   1.021267E+03   7.125300E+04   4.452925E-01   4.452925E-01   5.441823E-01   4.452925E-01  -1.046334E+01   2.057604E+00  -1.820339E+00        11
   1.022267E+03   7.163100E+04   4.452925E-01   4.452925E-01   5.441823E-01   4.452925E-01  -1.047823E+01   2.053882E+00  -1.820339E+00        11
   1.023267E+03   7.201000E+04   4.452925E-01   4.452925E-01   5.441823E-01   4.452925E-01  -1.049308E+01   2.050169E+00  -1.820339E+00        11
   1.024267E+03   7.239000E+04   4.452925E-01   4.452925E-01   5.441823E-01   4.452925E-01  -1.050789E+01   2.046466E+00  -1.820339E+00        11
   1.025267E+03   7.277100E+04   4.452925E-01   4.452925E-01   5.441823E-01   4.452925E-01  -1.052267E+01   2.042773E+00  -1.820339E+00        11
   1.026267E+03   7.315300E+04   4.452925E-01   4.452925E-01   5.441823E-01   4.452925E-01  -1.053740E+01   2.039089E+00  -1.820339E+00        11
   1.027267E+03   7.353600E+04   4.452925E-01   4.452925E-01   5.441823E-01   4.452925E-01  -1.055210E+01   2.035415E+00  -1.820339E+00        11
   1.028267E+03   7.392000E+04   4.452925E-01   4.452925E-01   5.441823E-01   4.452925E-01  -1.056675E+01   2.031751E+00  -1.820339E+00        11
   1.029267E+03   7.430500E+04   4.452925E-01   4.452925E-01   5.441823E-01   4.452925E-01  -1.058137E+01   2.028096E+00  -1.820339E+00        11
   1.030267E+03   7.469100E+04   4.452925E-01   4.452925E-01   5.441823E-01   4.452925E-01  -1.059595E+01   2.024451E+00  -1.820339E+00        11
   1.031267E+03   7.507800E+04   4.452925E-01   4.452925E-01   5.441823E-01   4.452925E-01  -1.061050E+01   2.020815E+00  -1.820339E+00        11
   1.032267E+03   7.546600E+04   4.452925E-01   4.452925E-01   5.441823E-01   4.452925E-01  -1.062500E+01   2.017188E+00  -1.820339E+00        11
   1.033267E+03   7.585500E+04   4.452925E-01   4.452925E-01   5.441823E-01   4.452925E-01  -1.063947E+01   2.013571E+00  -1.820339E+00        11
   1.034267E+03   7.624500E+04   4.452925E-01   4.452925E-01   5.441823E-01   4.452925E-01  -1.065390E+01   2.009963E+00  -1.820339E+00        11
   1.035267E+03   7.663600E+04   4.452925E-01   4.452925E-01   5.441823E-01   4.452925E-01  -1.066830E+01   2.006364E+00  -1.820339E+00        11
   1.036267E+03   7.702800E+04   4.452925E-01   4.452925E-01   5.441823E-01   4.452925E-01  -1.068266E+01   2.002774E+00  -1.820339E+00        11
   1.037267E+03   7.742100E+04   4.452925E-01   4.452925E-01   5.441823E-01   4.452925E-01  -1.069698E+01   1.999194E+00  -1.820339E+00        11
   1.038267E+03   7.781500E+04   4.452925E-01   4.452925E-01   5.441823E-01   4.452925E-01  -1.071127E+01   1.995623E+00  -1.820339E+00        11
   1.039267E+03   7.821000E+04   4.452925E-01   4.452925E-01   5.441823E-01   4.452925E-01  -1.072551E+01   1.992060E+00  -1.820339E+00        11
   1.040267E+03   7.860600E+04   4.452925E-01   4.452925E-01   5.441823E-01   4.452925E-01  -1.073973E+01   1.988507E+00  -1.820339E+00        11
   1.041267E+03   7.900300E+04   4.452925E-01   4.452925E-01   5.441823E-01   4.452925E-01  -1.075391E+01   1.984963E+00  -1.820339E+00        11
   1.042267E+03   7.940100E+04   4.452925E-01   4.452925E-01   5.441823E-01   4.452925E-01  -1.076805E+01   1.981427E+00  -1.820339E+00        11
   1.043267E+03   7.980000E+04   4.452925E-01   4.452925E-01   5.441823E-01   4.452925E-01  -1.078215E+01   1.977901E+00  -1.820339E+00        11
   1.044267E+03   8.020000E+04   4.452925E-01   4.452925E-01   5.441823E-01   4.452925E-01  -1.079622E+01   1.974383E+00  -1.820339E+00        11
   1.045267E+03   8.060100E+04   4.452925E-01   4.452925E-01   5.441823E-01   4.452925E-01  -1.081026E+01   1.970874E+00  -1.820339E+00        11
   1.046267E+03   8.100300E+04   4.452925E-01   4.452925E-01   5.441823E-01   4.452925E-01  -1.082426E+01   1.967373E+00  -1.820339E+00        11
   1.047267E+03   8.140600E+04   4.452925E-01   4.452925E-01   5.441823E-01   4.452925E-01  -1.083823E+01   1.963882E+00  -1.820339E+00        11
   1.048267E+03   8.181000E+04   4.452925E-01   4.452925E-01   5.441823E-01   4.452925E-01  -1.085216E+01   1.960399E+00  -1.820339E+00        11
   1.049267E+03   8.221500E+04   4.452925E-01   4.452925E-01   5.441823E-01   4.452925E-01  -1.086606E+01   1.956925E+00  -1.820339E+00        11
   1.050267E+03   8.262100E+04   4.452925E-01   4.452925E-01   5.441823E-01   4.452925E-01  -1.087992E+01   1.953459E+00  -1.820339E+00        11
   1.051267E+03   8.302800E+04   4.452925E-01   4.452925E-01   5.441823E-01   4.452925E-01  -1.089375E+01   1.950001E+00  -1.820339E+00        11
   1.052267E+03   8.343600E+04   4.452925E-01   4.452925E-01   5.441823E-01   4.452925E-01  -1.090755E+01   1.946553E+00  -1.820339E+00        11
   1.053267E+03   8.384500E+04   4.452925E-01   4.452925E-01   5.441823E-01   4.452925E-01  -1.092131E+01   1.943112E+00  -1.820339E+00        11
   1.054267E+03   8.425500E+04   4.452925E-01   4.452925E-01   5.441823E-01   4.452925E-01  -1.093503E+01   1.939680E+00  -1.820339E+00        11
   1.055267E+03   8.466600E+04   4.452925E-01   4.452925E-01   5.441823E-01   4.452925E-01  -1.094873E+01   1.936257E+00  -1.820339E+00        11
   1.056267E+03   8.507800E+04   4.452925E-01   4.452925E-01   5.441823E-01   4.452925E-01  -1.096239E+01   1.932841E+00  -1.820339E+00        11
   1.057267E+03   8.549100E+04   4.452925E-01   4.452925E-01   5.441823E-01   4.452925E-01  -1.097602E+01   1.929434E+00  -1.820339E+00        11
   1.058267E+03   8.590500E+04   4.452925E-01   4.452925E-01   5.441823E-01   4.452925E-01  -1.098961E+01   1.926035E+00  -1.820339E+00        11
   1.059267E+03   8.632000E+04   4.452925E-01   4.452925E-01   5.441823E-01   4.452925E-01  -1.100318E+01   1.922645E+00  -1.820339E+00        11
   1.060267E+03   8.673600E+04   4.452925E-01   4.452925E-01   5.441823E-01   4.452925E-01  -1.101671E+01   1.919262E+00  -1.820339E+00        11
   1.061267E+03   8.715300E+04   4.452925E-01   4.452925E-01   5.441823E-01   4.452925E-01  -1.103020E+01   1.915888E+00  -1.820339E+00        11
   1.062267E+03   8.757100E+04   4.452925E-01   4.452925E-01   5.441823E-01   4.452925E-01  -1.104367E+01   1.912522E+00  -1.820339E+00        11
   1.063267E+03   8.799000E+04   4.452925E-01   4.452925E-01   5.441823E-01   4.452925E-01  -1.105710E+01   1.909163E+00  -1.820339E+00        11
   1.064267E+03   8.841000E+04   4.452925E-01   4.452925E-01   5.441823E-01   4.452925E-01  -1.107050E+01   1.905813E+00  -1.820339E+00        11
   1.065267E+03   8.883100E+04   4.452925E-01   4.452925E-01   5.441823E-01   4.452925E-01  -1.108387E+01   1.902471E+00  -1.820339E+00        11
   1.066267E+03   8.925300E+04   4.452925E-01   4.452925E-01   5.441823E-01   4.452925E-01  -1.109721E+01   1.899136E+00  -1.820339E+00        11
   1.067267E+03   8.967600E+04   4.452925E-01   4.452925E-01   5.441823E-01   4.452925E-01  -1.111052E+01   1.895810E+00  -1.820339E+00        11
   1.068267E+03   9.010000E+04   4.452925E-01   4.452925E-01   5.441823E-01   4.452925E-01  -1.112379E+01   1.892491E+00  -1.820339E+00        11
   1.069267E+03   9.052500E+04   4.452925E-01   4.452925E-01   5.441823E-01   4.452925E-01  -1.113703E+01   1.889180E+00  -1.820339E+00        11
   1.070267E+03   9.095100E+04   4.452925E-01   4.452925E-01   5.441823E-01   4.452925E-01  -1.115025E+01   1.885877E+00  -1.820339E+00        11
   1.071267E+03   9.137800E+04   4.452925E-01   4.452925E-01   5.441823E-01   4.452925E-01  -1.116343E+01   1.882582E+00  -1.820339E+00        11
   1.072267E+03   9.180600E+04   4.452925E-01   4.452925E-01   5.441823E-01   4.452925E-01  -1.117658E+01   1.879294E+00  -1.820339E+00        11
   1.073267E+03   9.223500E+04   4.452925E-01   4.452925E-01   5.441823E-01   4.452925E-01  -1.118970E+01   1.876014E+00  -1.820339E+00        11
   1.074267E+03   9.266500E+04   4.452925E-01   4.452925E-01   5.441823E-01   4.452925E-01  -1.120279E+01   1.872742E+00  -1.820339E+00        11
   1.075267E+03   9.309600E+04   4.452925E-01   4.452925E-01   5.441823E-01   4.452925E-01  -1.121585E+01   1.869477E+00  -1.820339E+00        11
   1.076267E+03   9.352800E+04   4.452925E-01   4.452925E-01   5.441823E-01   4.452925E-01  -1.122888E+01   1.866220E+00  -1.820339E+00        11
   1.077267E+03   9.396100E+04   4.452925E-01   4.452925E-01   5.441823E-01   4.452925E-01  -1.124187E+01   1.862970E+00  -1.820339E+00        11
   1.078267E+03   9.439500E+04   4.452925E-01   4.452925E-01   5.441823E-01   4.452925E-01  -1.125484E+01   1.859728E+00  -1.820339E+00        11
   1.079267E+03   9.483000E+04   4.452925E-01   4.452925E-01   5.441823E-01   4.452925E-01  -1.126778E+01   1.856493E+00  -1.820339E+00        11
   1.080267E+03   9.526600E+04   4.452925E-01   4.452925E-01   5.441823E-01   4.452925E-01  -1.128069E+01   1.853266E+00  -1.820339E+00        11
   1.081267E+03   9.570300E+04   4.452925E-01   4.452925E-01   5.441823E-01   4.452925E-01  -1.129357E+01   1.850046E+00  -1.820339E+00        11
   1.082267E+03   9.614100E+04   4.452925E-01   4.452925E-01   5.441823E-01   4.452925E-01  -1.130642E+01   1.846833E+00  -1.820339E+00        11
   1.083267E+03   9.658000E+04   4.452925E-01   4.452925E-01   5.441823E-01   4.452925E-01  -1.131924E+01   1.843628E+00  -1.820339E+00        11
   1.084267E+03   9.702000E+04   4.452925E-01   4.452925E-01   5.441823E-01   4.452925E-01  -1.133204E+01   1.840430E+00  -1.820339E+00        11
   1.085267E+03   9.746100E+04   4.452925E-01   4.452925E-01   5.441823E-01   4.452925E-01  -1.134480E+01   1.837239E+00  -1.820339E+00        11
   1.086267E+03   9.790300E+04   4.452925E-01   4.452925E-01   5.441823E-01   4.452925E-01  -1.135753E+01   1.834056E+00  -1.820339E+00        11
   1.087267E+03   9.834600E+04   4.452925E-01   4.452925E-01   5.441823E-01   4.452925E-01  -1.137024E+01   1.830880E+00  -1.820339E+00        11
   1.088267E+03   9.879000E+04   4.452925E-01   4.452925E-01   5.441823E-01   4.452925E-01  -1.138291E+01   1.827710E+00  -1.820339E+00        11
   1.089267E+03   9.923500E+04   4.452925E-01   4.452925E-01   5.441823E-01   4.452925E-01  -1.139556E+01   1.824548E+00  -1.820339E+00        11
   1.090267E+03   9.968100E+04   4.452925E-01   4.452925E-01   5.441823E-01   4.452925E-01  -1.140818E+01   1.821393E+00  -1.820339E+00        11
   1.091267E+03   1.001280E+05   4.452925E-01   4.452925E-01   5.441823E-01   4.452925E-01  -1.142077E+01   1.818245E+00  -1.820339E+00        11
   1.092267E+03   1.005760E+05   4.452925E-01   4.452925E-01   5.441823E-01   4.452925E-01  -1.143334E+01   1.815105E+00  -1.820339E+00        11
   1.093267E+03   1.010250E+05   4.452925E-01   4.452925E-01   5.441823E-01   4.452925E-01  -1.144587E+01   1.811971E+00  -1.820339E+00        11
   1.094267E+03   1.014750E+05   4.452925E-01   4.452925E-01   5.441823E-01   4.452925E-01  -1.145838E+01   1.808844E+00  -1.820339E+00        11
   1.095267E+03   1.019260E+05   4.452925E-01   4.452925E-01   5.441823E-01   4.452925E-01  -1.147086E+01   1.805724E+00  -1.820339E+00        11
   1.096267E+03   1.023780E+05   4.452925E-01   4.452925E-01   5.441823E-01   4.452925E-01  -1.148331E+01   1.802611E+00  -1.820339E+00        11
   1.097267E+03   1.028310E+05   4.452925E-01   4.452925E-01   5.441823E-01   4.452925E-01  -1.149574E+01   1.799504E+00  -1.820339E+00        11
   1.098267E+03   1.032850E+05   4.452925E-01   4.452925E-01   5.441823E-01   4.452925E-01  -1.150814E+01   1.796405E+00  -1.820339E+00        11
   1.099267E+03   1.037400E+05   4.452925E-01   4.452925E-01   5.441823E-01   4.452925E-01  -1.152051E+01   1.793313E+00  -1.820339E+00        11
   1.100267E+03   1.041960E+05   4.452925E-01   4.452925E-01   5.441823E-01   4.452925E-01  -1.153285E+01   1.790227E+00  -1.820339E+00        11
   1.101267E+03   1.046530E+05   4.452925E-01   4.452925E-01   5.441823E-01   4.452925E-01  -1.154516E+01   1.787148E+00  -1.820339E+00        11
   1.102267E+03   1.051110E+05   4.452925E-01   4.452925E-01   5.441823E-01   4.452925E-01  -1.155745E+01   1.784075E+00  -1.820339E+00        11
   1.103267E+03   1.055700E+05   4.452925E-01   4.452925E-01   5.441823E-01   4.452925E-01  -1.156972E+01   1.781010E+00  -1.820339E+00        11
   1.104267E+03   1.060300E+05   4.452925E-01   4.452925E-01   5.441823E-01   4.452925E-01  -1.158195E+01   1.777951E+00  -1.820339E+00        11
   1.105267E+03   1.064910E+05   4.452925E-01   4.452925E-01   5.441823E-01   4.452925E-01  -1.159416E+01   1.774899E+00  -1.820339E+00        11
   1.106267E+03   1.069530E+05   4.452925E-01   4.452925E-01   5.441823E-01   4.452925E-01  -1.160634E+01   1.771853E+00  -1.820339E+00        11
   1.107267E+03   1.074160E+05   4.452925E-01   4.452925E-01   5.441823E-01   4.452925E-01  -1.161850E+01   1.768814E+00  -1.820339E+00        11
   1.108267E+03   1.078800E+05   4.452925E-01   4.452925E-01   5.441823E-01   4.452925E-01  -1.163063E+01   1.765781E+00  -1.820339E+00        11
   1.109267E+03   1.083450E+05   4.452925E-01   4.452925E-01   5.441823E-01   4.452925E-01  -1.164274E+01   1.762755E+00  -1.820339E+00        11
   1.110267E+03   1.088110E+05   4.452925E-01   4.452925E-01   5.441823E-01   4.452925E-01  -1.165481E+01   1.759736E+00  -1.820339E+00        11
   1.111267E+03   1.092780E+05   4.452925E-01   4.452925E-01   5.441823E-01   4.452925E-01  -1.166687E+01   1.756722E+00  -1.820339E+00        11
   1.112267E+03   1.097460E+05   4.452925E-01   4.452925E-01   5.441823E-01   4.452925E-01  -1.167889E+01   1.753716E+00  -1.820339E+00        11
   1.113267E+03   1.102150E+05   4.452925E-01   4.452925E-01   5.441823E-01   4.452925E-01  -1.169089E+01   1.750716E+00  -1.820339E+00        11
   1.114267E+03   1.106850E+05   4.452925E-01   4.452925E-01   5.441823E-01   4.452925E-01  -1.170287E+01   1.747722E+00  -1.820339E+00        11
   1.115267E+03   1.111560E+05   4.452925E-01   4.452925E-01   5.441823E-01   4.452925E-01  -1.171482E+01   1.744734E+00  -1.820339E+00        11
   1.116267E+03   1.116280E+05   4.452925E-01   4.452925E-01   5.441823E-01   4.452925E-01  -1.172674E+01   1.741753E+00  -1.820339E+00        11
   1.117267E+03   1.121010E+05   4.452925E-01   4.452925E-01   5.441823E-01   4.452925E-01  -1.173864E+01   1.738778E+00  -1.820339E+00        11
   1.118267E+03   1.125750E+05   4.452925E-01   4.452925E-01   5.441823E-01   4.452925E-01  -1.175052E+01   1.735810E+00  -1.820339E+00        11
   1.119267E+03   1.130500E+05   4.452925E-01   4.452925E-01   5.441823E-01   4.452925E-01  -1.176237E+01   1.732847E+00  -1.820339E+00        11
   1.120267E+03   1.135260E+05   4.452925E-01   4.452925E-01   5.441823E-01   4.452925E-01  -1.177419E+01   1.729891E+00  -1.820339E+00        11
   1.121267E+03   1.140030E+05   4.452925E-01   4.452925E-01   5.441823E-01   4.452925E-01  -1.178599E+01   1.726941E+00  -1.820339E+00        11
   1.122267E+03   1.144810E+05   4.452925E-01   4.452925E-01   5.441823E-01   4.452925E-01  -1.179777E+01   1.723997E+00  -1.820339E+00        11
   1.123267E+03   1.149600E+05   4.452925E-01   4.452925E-01   5.441823E-01   4.452925E-01  -1.180952E+01   1.721060E+00  -1.820339E+00        11
   1.124267E+03   1.154400E+05   4.452925E-01   4.452925E-01   5.441823E-01   4.452925E-01  -1.182124E+01   1.718128E+00  -1.820339E+00        11
   1.125267E+03   1.159210E+05   4.452925E-01   4.452925E-01   5.441823E-01   4.452925E-01  -1.183294E+01   1.715203E+00  -1.820339E+00        11
   1.126267E+03   1.164030E+05   4.452925E-01   4.452925E-01   5.441823E-01   4.452925E-01  -1.184462E+01   1.712284E+00  -1.820339E+00        11
   1.127267E+03   1.168860E+05   4.452925E-01   4.452925E-01   5.441823E-01   4.452925E-01  -1.185627E+01   1.709370E+00  -1.820339E+00        11
   1.128267E+03   1.173700E+05   4.452925E-01   4.452925E-01   5.441823E-01   4.452925E-01  -1.186790E+01   1.706463E+00  -1.820339E+00        11
   1.129267E+03   1.178550E+05   4.452925E-01   4.452925E-01   5.441823E-01   4.452925E-01  -1.187951E+01   1.703562E+00  -1.820339E+00        11
   1.130267E+03   1.183410E+05   4.452925E-01   4.452925E-01   5.441823E-01   4.452925E-01  -1.189109E+01   1.700666E+00  -1.820339E+00        11
   1.131267E+03   1.188280E+05   4.452925E-01   4.452925E-01   5.441823E-01   4.452925E-01  -1.190265E+01   1.697777E+00  -1.820339E+00        11
   1.132267E+03   1.193160E+05   4.452925E-01   4.452925E-01   5.441823E-01   4.452925E-01  -1.191418E+01   1.694894E+00  -1.820339E+00        11
   1.133267E+03   1.198050E+05   4.452925E-01   4.452925E-01   5.441823E-01   4.452925E-01  -1.192569E+01   1.692016E+00  -1.820339E+00        11
   1.134267E+03   1.202950E+05   4.452925E-01   4.452925E-01   5.441823E-01   4.452925E-01  -1.193718E+01   1.689144E+00  -1.820339E+00        11
   1.135267E+03   1.207860E+05   4.452925E-01   4.452925E-01   5.441823E-01   4.452925E-01  -1.194864E+01   1.686279E+00  -1.820339E+00        11
   1.136267E+03   1.212780E+05   4.452925E-01   4.452925E-01   5.441823E-01   4.452925E-01  -1.196008E+01   1.683419E+00  -1.820339E+00        11
   1.137267E+03   1.217710E+05   4.452925E-01   4.452925E-01   5.441823E-01   4.452925E-01  -1.197150E+01   1.680564E+00  -1.820339E+00        11
   1.138267E+03   1.222650E+05   4.452925E-01   4.452925E-01   5.441823E-01   4.452925E-01  -1.198289E+01   1.677716E+00  -1.820339E+00        11
   1.139267E+03   1.227600E+05   4.452925E-01   4.452925E-01   5.441823E-01   4.452925E-01  -1.199426E+01   1.674873E+00  -1.820339E+00        11
   1.140267E+03   1.232560E+05   4.452925E-01   4.452925E-01   5.441823E-01   4.452925E-01  -1.200561E+01   1.672036E+00  -1.820339E+00        11
   1.141267E+03   1.237530E+05   4.452925E-01   4.452925E-01   5.441823E-01   4.452925E-01  -1.201693E+01   1.669205E+00  -1.820339E+00        11
   1.142267E+03   1.242510E+05   4.452925E-01   4.452925E-01   5.441823E-01   4.452925E-01  -1.202824E+01   1.666380E+00  -1.820339E+00        11
   1.143267E+03   1.247500E+05   4.452925E-01   4.452925E-01   5.441823E-01   4.452925E-01  -1.203952E+01   1.663560E+00  -1.820339E+00        11
   1.144267E+03   1.252500E+05   4.452925E-01   4.452925E-01   5.441823E-01   4.452925E-01  -1.205077E+01   1.660746E+00  -1.820339E+00        11
   1.145267E+03   1.257510E+05   4.452925E-01   4.452925E-01   5.441823E-01   4.452925E-01  -1.206201E+01   1.657937E+00  -1.820339E+00        11
   1.146267E+03   1.262530E+05   4.452925E-01   4.452925E-01   5.441823E-01   4.452925E-01  -1.207322E+01   1.655134E+00  -1.820339E+00        11
   1.147267E+03   1.267560E+05   4.452925E-01   4.452925E-01   5.441823E-01   4.452925E-01  -1.208441E+01   1.652337E+00  -1.820339E+00        11
   1.148267E+03   1.272600E+05   4.452925E-01   4.452925E-01   5.441823E-01   4.452925E-01  -1.209558E+01   1.649545E+00  -1.820339E+00        11
   1.149267E+03   1.277650E+05   4.452925E-01   4.452925E-01   5.441823E-01   4.452925E-01  -1.210672E+01   1.646758E+00  -1.820339E+00        11
   1.150267E+03   1.282710E+05   4.452925E-01   4.452925E-01   5.441823E-01   4.452925E-01  -1.211785E+01   1.643977E+00  -1.820339E+00        11
   1.151267E+03   1.287780E+05   4.452925E-01   4.452925E-01   5.441823E-01   4.452925E-01  -1.212895E+01   1.641202E+00  -1.820339E+00        11
   1.152267E+03   1.292860E+05   4.452925E-01   4.452925E-01   5.441823E-01   4.452925E-01  -1.214003E+01   1.638432E+00  -1.820339E+00        11
   1.153267E+03   1.297950E+05   4.452925E-01   4.452925E-01   5.441823E-01   4.452925E-01  -1.215109E+01   1.635668E+00  -1.820339E+00        11
   1.154267E+03   1.303050E+05   4.452925E-01   4.452925E-01   5.441823E-01   4.452925E-01  -1.216212E+01   1.632909E+00  -1.820339E+00        11
   1.155267E+03   1.308160E+05   4.452925E-01   4.452925E-01   5.441823E-01   4.452925E-01  -1.217314E+01   1.630155E+00  -1.820339E+00        11
   1.156267E+03   1.313280E+05   4.452925E-01   4.452925E-01   5.441823E-01   4.452925E-01  -1.218413E+01   1.627407E+00  -1.820339E+00        11
   1.157267E+03   1.318410E+05   4.452925E-01   4.452925E-01   5.441823E-01   4.452925E-01  -1.219510E+01   1.624664E+00  -1.820339E+00        11
   1.158267E+03   1.323550E+05   4.452925E-01   4.452925E-01   5.441823E-01   4.452925E-01  -1.220605E+01   1.621926E+00  -1.820339E+00        11
   1.159267E+03   1.328700E+05   4.452925E-01   4.452925E-01   5.441823E-01   4.452925E-01  -1.221698E+01   1.619194E+00  -1.820339E+00        11
   1.160267E+03   1.333860E+05   4.452925E-01   4.452925E-01   5.441823E-01   4.452925E-01  -1.222789E+01   1.616467E+00  -1.820339E+00        11
   1.161267E+03   1.339030E+05   4.452925E-01   4.452925E-01   5.441823E-01   4.452925E-01  -1.223877E+01   1.613745E+00  -1.820339E+00        11
   1.162267E+03   1.344210E+05   4.452925E-01   4.452925E-01   5.441823E-01   4.452925E-01  -1.224964E+01   1.611029E+00  -1.820339E+00        11
   1.163267E+03   1.349400E+05   4.452925E-01   4.452925E-01   5.441823E-01   4.452925E-01  -1.226049E+01   1.608318E+00  -1.820339E+00        11
   1.164267E+03   1.354600E+05   4.452925E-01   4.452925E-01   5.441823E-01   4.452925E-01  -1.227131E+01   1.605612E+00  -1.820339E+00        11
   1.165267E+03   1.359810E+05   4.452925E-01   4.452925E-01   5.441823E-01   4.452925E-01  -1.228211E+01   1.602911E+00  -1.820339E+00        11
   1.166267E+03   1.365030E+05   4.452925E-01   4.452925E-01   5.441823E-01   4.452925E-01  -1.229289E+01   1.600215E+00  -1.820339E+00        11
   1.167267E+03   1.370260E+05   4.452925E-01   4.452925E-01   5.441823E-01   4.452925E-01  -1.230366E+01   1.597525E+00  -1.820339E+00        11
   1.168267E+03   1.375500E+05   4.452925E-01   4.452925E-01   5.441823E-01   4.452925E-01  -1.231440E+01   1.594839E+00  -1.820339E+00        11
   1.169267E+03   1.380750E+05   4.452925E-01   4.452925E-01   5.441823E-01   4.452925E-01  -1.232512E+01   1.592159E+00  -1.820339E+00        11
   1.170267E+03   1.386010E+05   4.452925E-01   4.452925E-01   5.441823E-01   4.452925E-01  -1.233582E+01   1.589484E+00  -1.820339E+00        11
   1.171267E+03   1.391280E+05   4.452925E-01   4.452925E-01   5.441823E-01   4.452925E-01  -1.234650E+01   1.586814E+00  -1.820339E+00        11
   1.172267E+03   1.396560E+05   4.452925E-01   4.452925E-01   5.441823E-01   4.452925E-01  -1.235716E+01   1.584149E+00  -1.820339E+00        11
   1.173267E+03   1.401850E+05   4.452925E-01   4.452925E-01   5.441823E-01   4.452925E-01  -1.236780E+01   1.581489E+00  -1.820339E+00        11
   1.174267E+03   1.407150E+05   4.452925E-01   4.452925E-01   5.441823E-01   4.452925E-01  -1.237842E+01   1.578834E+00  -1.820339E+00        11
   1.175267E+03   1.412460E+05   4.452925E-01   4.452925E-01   5.441823E-01   4.452925E-01  -1.238902E+01   1.576184E+00  -1.820339E+00        11
   1.176267E+03   1.417780E+05   4.452925E-01   4.452925E-01   5.441823E-01   4.452925E-01  -1.239960E+01   1.573539E+00  -1.820339E+00        11
   1.177267E+03   1.423110E+05   4.452925E-01   4.452925E-01   5.441823E-01   4.452925E-01  -1.241016E+01   1.570899E+00  -1.820339E+00        11
   1.178267E+03   1.428450E+05   4.452925E-01   4.452925E-01   5.441823E-01   4.452925E-01  -1.242070E+01   1.568264E+00  -1.820339E+00        11
   1.179267E+03   1.433800E+05   4.452925E-01   4.452925E-01   5.441823E-01   4.452925E-01  -1.243122E+01   1.565634E+00  -1.820339E+00        11
   1.180267E+03   1.439160E+05   4.452925E-01   4.452925E-01   5.441823E-01   4.452925E-01  -1.244172E+01   1.563009E+00  -1.820339E+00        11
   1.181267E+03   1.444530E+05   4.452925E-01   4.452925E-01   5.441823E-01   4.452925E-01  -1.245220E+01   1.560389E+00  -1.820339E+00        11
   1.182267E+03   1.449910E+05   4.452925E-01   4.452925E-01   5.441823E-01   4.452925E-01  -1.246266E+01   1.557773E+00  -1.820339E+00        11
   1.183267E+03   1.455300E+05   4.452925E-01   4.452925E-01   5.441823E-01   4.452925E-01  -1.247311E+01   1.555163E+00  -1.820339E+00        11
   1.184267E+03   1.460700E+05   4.452925E-01   4.452925E-01   5.441823E-01   4.452925E-01  -1.248353E+01   1.552557E+00  -1.820339E+00        11
   1.185267E+03   1.466110E+05   4.452925E-01   4.452925E-01   5.441823E-01   4.452925E-01  -1.249393E+01   1.549956E+00  -1.820339E+00        11
   1.186267E+03   1.471530E+05   4.452925E-01   4.452925E-01   5.441823E-01   4.452925E-01  -1.250432E+01   1.547360E+00  -1.820339E+00        11
   1.187267E+03   1.476960E+05   4.452925E-01   4.452925E-01   5.441823E-01   4.452925E-01  -1.251468E+01   1.544768E+00  -1.820339E+00        11
   1.188267E+03   1.482400E+05   4.452925E-01   4.452925E-01   5.441823E-01   4.452925E-01  -1.252503E+01   1.542182E+00  -1.820339E+00        11
   1.189267E+03   1.487850E+05   4.452925E-01   4.452925E-01   5.441823E-01   4.452925E-01  -1.253536E+01   1.539600E+00  -1.820339E+00        11
   1.190267E+03   1.493310E+05   4.452925E-01   4.452925E-01   5.441823E-01   4.452925E-01  -1.254567E+01   1.537023E+00  -1.820339E+00        11
   1.191267E+03   1.498780E+05   4.452925E-01   4.452925E-01   5.441823E-01   4.452925E-01  -1.255595E+01   1.534450E+00  -1.820339E+00        11
   1.192267E+03   1.504260E+05   4.452925E-01   4.452925E-01   5.441823E-01   4.452925E-01  -1.256623E+01   1.531883E+00  -1.820339E+00        11
   1.193267E+03   1.509750E+05   4.452925E-01   4.452925E-01   5.441823E-01   4.452925E-01  -1.257648E+01   1.529320E+00  -1.820339E+00        11
   1.194267E+03   1.515250E+05   4.452925E-01   4.452925E-01   5.441823E-01   4.452925E-01  -1.258671E+01   1.526761E+00  -1.820339E+00        11
   1.195267E+03   1.520760E+05   4.452925E-01   4.452925E-01   5.441823E-01   4.452925E-01  -1.259693E+01   1.524207E+00  -1.820339E+00        11
   1.196267E+03   1.526280E+05   4.452925E-01   4.452925E-01   5.441823E-01   4.452925E-01  -1.260712E+01   1.521658E+00  -1.820339E+00        11
   1.197267E+03   1.531810E+05   4.452925E-01   4.452925E-01   5.441823E-01   4.452925E-01  -1.261730E+01   1.519114E+00  -1.820339E+00        11
   1.198267E+03   1.537350E+05   4.452925E-01   4.452925E-01   5.441823E-01   4.452925E-01  -1.262746E+01   1.516574E+00  -1.820339E+00        11
   1.199267E+03   1.542900E+05   4.452925E-01   4.452925E-01   5.441823E-01   4.452925E-01  -1.263760E+01   1.514038E+00  -1.820339E+00        11
   1.200267E+03   1.548460E+05   4.452925E-01   4.452925E-01   5.441823E-01   4.452925E-01  -1.264773E+01   1.511508E+00  -1.820339E+00        11
   1.201267E+03   1.554030E+05   4.452925E-01   4.452925E-01   5.441823E-01   4.452925E-01  -1.265783E+01   1.508981E+00  -1.820339E+00        11
   1.202267E+03   1.559610E+05   4.452925E-01   4.452925E-01   5.441823E-01   4.452925E-01  -1.266792E+01   1.506460E+00  -1.820339E+00        11
   1.203267E+03   1.565200E+05   4.452925E-01   4.452925E-01   5.441823E-01   4.452925E-01  -1.267799E+01   1.503943E+00  -1.820339E+00        11
   1.204267E+03   1.570800E+05   4.452925E-01   4.452925E-01   5.441823E-01   4.452925E-01  -1.268804E+01   1.501430E+00  -1.820339E+00        11
   1.205267E+03   1.576410E+05   4.452925E-01   4.452925E-01   5.441823E-01   4.452925E-01  -1.269807E+01   1.498922E+00  -1.820339E+00        11
   1.206267E+03   1.582030E+05   4.452925E-01   4.452925E-01   5.441823E-01   4.452925E-01  -1.270808E+01   1.496418E+00  -1.820339E+00        11
   1.207267E+03   1.587660E+05   4.452925E-01   4.452925E-01   5.441823E-01   4.452925E-01  -1.271808E+01   1.493919E+00  -1.820339E+00        11
   1.208267E+03   1.593300E+05   4.452925E-01   4.452925E-01   5.441823E-01   4.452925E-01  -1.272806E+01   1.491424E+00  -1.820339E+00        11
   1.209267E+03   1.598950E+05   4.452925E-01   4.452925E-01   5.441823E-01   4.452925E-01  -1.273802E+01   1.488933E+00  -1.820339E+00        11
   1.210267E+03   1.604610E+05   4.452925E-01   4.452925E-01   5.441823E-01   4.452925E-01  -1.274797E+01   1.486447E+00  -1.820339E+00        11
   1.211267E+03   1.610280E+05   4.452925E-01   4.452925E-01   5.441823E-01   4.452925E-01  -1.275789E+01   1.483965E+00  -1.820339E+00        11
   1.212267E+03   1.615960E+05   4.452925E-01   4.452925E-01   5.441823E-01   4.452925E-01  -1.276780E+01   1.481488E+00  -1.820339E+00        11
   1.213267E+03   1.621650E+05   4.452925E-01   4.452925E-01   5.441823E-01   4.452925E-01  -1.277770E+01   1.479015E+00  -1.820339E+00        11
   1.214267E+03   1.627350E+05   4.452925E-01   4.452925E-01   5.441823E-01   4.452925E-01  -1.278757E+01   1.476547E+00  -1.820339E+00        11
   1.215267E+03   1.633060E+05   4.452925E-01   4.452925E-01   5.441823E-01   4.452925E-01  -1.279743E+01   1.474082E+00  -1.820339E+00        11
   1.216267E+03   1.638780E+05   4.452925E-01   4.452925E-01   5.441823E-01   4.452925E-01  -1.280727E+01   1.471622E+00  -1.820339E+00        11
   1.217267E+03   1.644510E+05   4.452925E-01   4.452925E-01   5.441823E-01   4.452925E-01  -1.281709E+01   1.469167E+00  -1.820339E+00        11
   1.218267E+03   1.650250E+05   4.452925E-01   4.452925E-01   5.441823E-01   4.452925E-01  -1.282690E+01   1.466715E+00  -1.820339E+00        11
   1.219267E+03   1.656000E+05   4.452925E-01   4.452925E-01   5.441823E-01   4.452925E-01  -1.283668E+01   1.464268E+00  -1.820339E+00        11
   1.220267E+03   1.661760E+05   4.452925E-01   4.452925E-01   5.441823E-01   4.452925E-01  -1.284646E+01   1.461825E+00  -1.820339E+00        11
   1.221267E+03   1.667530E+05   4.452925E-01   4.452925E-01   5.441823E-01   4.452925E-01  -1.285621E+01   1.459386E+00  -1.820339E+00        11
   1.222267E+03   1.673310E+05   4.452925E-01   4.452925E-01   5.441823E-01   4.452925E-01  -1.286595E+01   1.456952E+00  -1.820339E+00        11
   1.223267E+03   1.679100E+05   4.452925E-01   4.452925E-01   5.441823E-01   4.452925E-01  -1.287567E+01   1.454522E+00  -1.820339E+00        11
   1.224267E+03   1.684900E+05   4.452925E-01   4.452925E-01   5.441823E-01   4.452925E-01  -1.288537E+01   1.452096E+00  -1.820339E+00        11
   1.225267E+03   1.690710E+05   4.452925E-01   4.452925E-01   5.441823E-01   4.452925E-01  -1.289506E+01   1.449674E+00  -1.820339E+00        11
   1.226267E+03   1.696530E+05   4.452925E-01   4.452925E-01   5.441823E-01   4.452925E-01  -1.290473E+01   1.447256E+00  -1.820339E+00        11
   1.227267E+03   1.702360E+05   4.452925E-01   4.452925E-01   5.441823E-01   4.452925E-01  -1.291439E+01   1.444842E+00  -1.820339E+00        11
   1.228267E+03   1.708200E+05   4.452925E-01   4.452925E-01   5.441823E-01   4.452925E-01  -1.292402E+01   1.442433E+00  -1.820339E+00        11
   1.229267E+03   1.714050E+05   4.452925E-01   4.452925E-01   5.441823E-01   4.452925E-01  -1.293365E+01   1.440028E+00  -1.820339E+00        11
   1.230267E+03   1.719910E+05   4.452925E-01   4.452925E-01   5.441823E-01   4.452925E-01  -1.294325E+01   1.437626E+00  -1.820339E+00        11
   1.231267E+03   1.725780E+05   4.452925E-01   4.452925E-01   5.441823E-01   4.452925E-01  -1.295284E+01   1.435229E+00  -1.820339E+00        11
   1.232267E+03   1.731660E+05   4.452925E-01   4.452925E-01   5.441823E-01   4.452925E-01  -1.296241E+01   1.432836E+00  -1.820339E+00        11
   1.233267E+03   1.737550E+05   4.452925E-01   4.452925E-01   5.441823E-01   4.452925E-01  -1.297197E+01   1.430447E+00  -1.820339E+00        11
   1.234267E+03   1.743450E+05   4.452925E-01   4.452925E-01   5.441823E-01   4.452925E-01  -1.298151E+01   1.428062E+00  -1.820339E+00        11
   1.235267E+03   1.749360E+05   4.452925E-01   4.452925E-01   5.441823E-01   4.452925E-01  -1.299103E+01   1.425681E+00  -1.820339E+00        11
   1.236267E+03   1.755280E+05   4.452925E-01   4.452925E-01   5.441823E-01   4.452925E-01  -1.300054E+01   1.423305E+00  -1.820339E+00        11
   1.237267E+03   1.761210E+05   4.452925E-01   4.452925E-01   5.441823E-01   4.452925E-01  -1.301003E+01   1.420932E+00  -1.820339E+00        11
   1.238267E+03   1.767150E+05   4.452925E-01   4.452925E-01   5.441823E-01   4.452925E-01  -1.301950E+01   1.418563E+00  -1.820339E+00        11
   1.239267E+03   1.773100E+05   4.452925E-01   4.452925E-01   5.441823E-01   4.452925E-01  -1.302896E+01   1.416198E+00  -1.820339E+00        11
   1.240267E+03   1.779060E+05   4.452925E-01   4.452925E-01   5.441823E-01   4.452925E-01  -1.303841E+01   1.413837E+00  -1.820339E+00        11
   1.241267E+03   1.785030E+05   4.452925E-01   4.452925E-01   5.441823E-01   4.452925E-01  -1.304784E+01   1.411480E+00  -1.820339E+00        11
   1.242267E+03   1.791010E+05   4.452925E-01   4.452925E-01   5.441823E-01   4.452925E-01  -1.305725E+01   1.409127E+00  -1.820339E+00        11
   1.243267E+03   1.797000E+05   4.452925E-01   4.452925E-01   5.441823E-01   4.452925E-01  -1.306664E+01   1.406778E+00  -1.820339E+00        11
   1.244267E+03   1.803000E+05   4.452925E-01   4.452925E-01   5.441823E-01   4.452925E-01  -1.307603E+01   1.404433E+00  -1.820339E+00        11
   1.245267E+03   1.809010E+05   4.452925E-01   4.452925E-01   5.441823E-01   4.452925E-01  -1.308539E+01   1.402091E+00  -1.820339E+00        11
   1.246267E+03   1.815030E+05   4.452925E-01   4.452925E-01   5.441823E-01   4.452925E-01  -1.309474E+01   1.399754E+00  -1.820339E+00        11
   1.247267E+03   1.821060E+05   4.452925E-01   4.452925E-01   5.441823E-01   4.452925E-01  -1.310407E+01   1.397420E+00  -1.820339E+00        11
   1.248267E+03   1.827100E+05   4.452925E-01   4.452925E-01   5.441823E-01   4.452925E-01  -1.311339E+01   1.395091E+00  -1.820339E+00        11
   1.249267E+03   1.833150E+05   4.452925E-01   4.452925E-01   5.441823E-01   4.452925E-01  -1.312270E+01   1.392765E+00  -1.820339E+00        11
   1.250267E+03   1.839210E+05   4.452925E-01   4.452925E-01   5.441823E-01   4.452925E-01  -1.313198E+01   1.390443E+00  -1.820339E+00        11
   1.251267E+03   1.845280E+05   4.452925E-01   4.452925E-01   5.441823E-01   4.452925E-01  -1.314126E+01   1.388125E+00  -1.820339E+00        11
   1.252267E+03   1.851360E+05   4.452925E-01   4.452925E-01   5.441823E-01   4.452925E-01  -1.315051E+01   1.385811E+00  -1.820339E+00        11
   1.253267E+03   1.857450E+05   4.452925E-01   4.452925E-01   5.441823E-01   4.452925E-01  -1.315976E+01   1.383500E+00  -1.820339E+00        11
   1.254267E+03   1.863550E+05   4.452925E-01   4.452925E-01   5.441823E-01   4.452925E-01  -1.316898E+01   1.381193E+00  -1.820339E+00        11
   1.255267E+03   1.869660E+05   4.452925E-01   4.452925E-01   5.441823E-01   4.452925E-01  -1.317819E+01   1.378890E+00  -1.820339E+00        11
   1.256267E+03   1.875780E+05   4.452925E-01   4.452925E-01   5.441823E-01   4.452925E-01  -1.318739E+01   1.376591E+00  -1.820339E+00        11
   1.257267E+03   1.881910E+05   4.452925E-01   4.452925E-01   5.441823E-01   4.452925E-01  -1.319657E+01   1.374296E+00  -1.820339E+00        11
   1.258267E+03   1.888050E+05   4.452925E-01   4.452925E-01   5.441823E-01   4.452925E-01  -1.320574E+01   1.372004E+00  -1.820339E+00        11
   1.259267E+03   1.894200E+05   4.452925E-01   4.452925E-01   5.441823E-01   4.452925E-01  -1.321489E+01   1.369716E+00  -1.820339E+00        11
   1.260267E+03   1.900360E+05   4.452925E-01   4.452925E-01   5.441823E-01   4.452925E-01  -1.322403E+01   1.367432E+00  -1.820339E+00        11
   1.261267E+03   1.906530E+05   4.452925E-01   4.452925E-01   5.441823E-01   4.452925E-01  -1.323315E+01   1.365151E+00  -1.820339E+00        11
   1.262267E+03   1.912710E+05   4.452925E-01   4.452925E-01   5.441823E-01   4.452925E-01  -1.324226E+01   1.362874E+00  -1.820339E+00        11
   1.263267E+03   1.918900E+05   4.452925E-01   4.452925E-01   5.441823E-01   4.452925E-01  -1.325135E+01   1.360601E+00  -1.820339E+00        11
   1.264267E+03   1.925100E+05   4.452925E-01   4.452925E-01   5.441823E-01   4.452925E-01  -1.326043E+01   1.358331E+00  -1.820339E+00        11
   1.265267E+03   1.931310E+05   4.452925E-01   4.452925E-01   5.441823E-01   4.452925E-01  -1.326949E+01   1.356066E+00  -1.820339E+00        11
   1.266267E+03   1.937530E+05   4.452925E-01   4.452925E-01   5.441823E-01   4.452925E-01  -1.327854E+01   1.353803E+00  -1.820339E+00        11
   1.267267E+03   1.943760E+05   4.452925E-01   4.452925E-01   5.441823E-01   4.452925E-01  -1.328758E+01   1.351545E+00  -1.820339E+00        11
   1.268267E+03   1.950000E+05   4.452925E-01   4.452925E-01   5.441823E-01   4.452925E-01  -1.329660E+01   1.349290E+00  -1.820339E+00        11
   1.269267E+03   1.956250E+05   4.452925E-01   4.452925E-01   5.441823E-01   4.452925E-01  -1.330560E+01   1.347038E+00  -1.820339E+00        11
   1.270267E+03   1.962510E+05   4.452925E-01   4.452925E-01   5.441823E-01   4.452925E-01  -1.331459E+01   1.344791E+00  -1.820339E+00        11
   1.271267E+03   1.968780E+05   4.452925E-01   4.452925E-01   5.441823E-01   4.452925E-01  -1.332357E+01   1.342546E+00  -1.820339E+00        11
   1.272267E+03   1.975060E+05   4.452925E-01   4.452925E-01   5.441823E-01   4.452925E-01  -1.333253E+01   1.340306E+00  -1.820339E+00        11
   1.273267E+03   1.981350E+05   4.452925E-01   4.452925E-01   5.441823E-01   4.452925E-01  -1.334148E+01   1.338069E+00  -1.820339E+00        11
   1.274267E+03   1.987650E+05   4.452925E-01   4.452925E-01   5.441823E-01   4.452925E-01  -1.335042E+01   1.335835E+00  -1.820339E+00        11
   1.275267E+03   1.993960E+05   4.452925E-01   4.452925E-01   5.441823E-01   4.452925E-01  -1.335934E+01   1.333605E+00  -1.820339E+00        11
   1.276267E+03   2.000280E+05   4.452925E-01   4.452925E-01   5.441823E-01   4.452925E-01  -1.336824E+01   1.331379E+00  -1.820339E+00        11
   1.277267E+03   2.006610E+05   4.452925E-01   4.452925E-01   5.441823E-01   4.452925E-01  -1.337713E+01   1.329156E+00  -1.820339E+00        11
   1.278267E+03   2.012950E+05   4.452925E-01   4.452925E-01   5.441823E-01   4.452925E-01  -1.338601E+01   1.326936E+00  -1.820339E+00        11
   1.279267E+03   2.019300E+05   4.452925E-01   4.452925E-01   5.441823E-01   4.452925E-01  -1.339487E+01   1.324720E+00  -1.820339E+00        11
   1.280267E+03   2.025660E+05   4.452925E-01   4.452925E-01   5.441823E-01   4.452925E-01  -1.340372E+01   1.322508E+00  -1.820339E+00        11
   1.281267E+03   2.032030E+05   4.452925E-01   4.452925E-01   5.441823E-01   4.452925E-01  -1.341256E+01   1.320299E+00  -1.820339E+00        11
   1.282267E+03   2.038410E+05   4.452925E-01   4.452925E-01   5.441823E-01   4.452925E-01  -1.342138E+01   1.318093E+00  -1.820339E+00        11
   1.283267E+03   2.044800E+05   4.452925E-01   4.452925E-01   5.441823E-01   4.452925E-01  -1.343019E+01   1.315891E+00  -1.820339E+00        11
   1.284267E+03   2.051200E+05   4.452925E-01   4.452925E-01   5.441823E-01   4.452925E-01  -1.343898E+01   1.313693E+00  -1.820339E+00        11
   1.285267E+03   2.057610E+05   4.452925E-01   4.452925E-01   5.441823E-01   4.452925E-01  -1.344777E+01   1.311498E+00  -1.820339E+00        11
   1.286267E+03   2.064030E+05   4.452925E-01   4.452925E-01   5.441823E-01   4.452925E-01  -1.345653E+01   1.309306E+00  -1.820339E+00        11
   1.287267E+03   2.070460E+05   4.452925E-01   4.452925E-01   5.441823E-01   4.452925E-01  -1.346529E+01   1.307118E+00  -1.820339E+00        11
   1.288267E+03   2.076900E+05   4.452925E-01   4.452925E-01   5.441823E-01   4.452925E-01  -1.347403E+01   1.304933E+00  -1.820339E+00        11
   1.289267E+03   2.083350E+05   4.452925E-01   4.452925E-01   5.441823E-01   4.452925E-01  -1.348275E+01   1.302751E+00  -1.820339E+00        11
   1.290267E+03   2.089810E+05   4.452925E-01   4.452925E-01   5.441823E-01   4.452925E-01  -1.349146E+01   1.300573E+00  -1.820339E+00        11
   1.291267E+03   2.096280E+05   4.452925E-01   4.452925E-01   5.441823E-01   4.452925E-01  -1.350016E+01   1.298398E+00  -1.820339E+00        11
   1.292267E+03   2.102760E+05   4.452925E-01   4.452925E-01   5.441823E-01   4.452925E-01  -1.350885E+01   1.296226E+00  -1.820339E+00        11
   1.293267E+03   2.109250E+05   4.452925E-01   4.452925E-01   5.441823E-01   4.452925E-01  -1.351752E+01   1.294058E+00  -1.820339E+00        11
   1.294267E+03   2.115750E+05   4.452925E-01   4.452925E-01   5.441823E-01   4.452925E-01  -1.352618E+01   1.291894E+00  -1.820339E+00        11
   1.295267E+03   2.122260E+05   4.452925E-01   4.452925E-01   5.441823E-01   4.452925E-01  -1.353483E+01   1.289732E+00  -1.820339E+00        11
   1.296267E+03   2.128780E+05   4.452925E-01   4.452925E-01   5.441823E-01   4.452925E-01  -1.354346E+01   1.287574E+00  -1.820339E+00        11
   1.297267E+03   2.135310E+05   4.452925E-01   4.452925E-01   5.441823E-01   4.452925E-01  -1.355208E+01   1.285419E+00  -1.820339E+00        11
   1.298267E+03   2.141850E+05   4.452925E-01   4.452925E-01   5.441823E-01   4.452925E-01  -1.356069E+01   1.283268E+00  -1.820339E+00        11
   1.299267E+03   2.148400E+05   4.452925E-01   4.452925E-01   5.441823E-01   4.452925E-01  -1.356928E+01   1.281119E+00  -1.820339E+00        11
   1.300267E+03   2.154960E+05   4.452925E-01   4.452925E-01   5.441823E-01   4.452925E-01  -1.357786E+01   1.278974E+00  -1.820339E+00        11
   1.301267E+03   2.161530E+05   4.452925E-01   4.452925E-01   5.441823E-01   4.452925E-01  -1.358643E+01   1.276833E+00  -1.820339E+00        11
   1.302267E+03   2.168110E+05   4.452925E-01   4.452925E-01   5.441823E-01   4.452925E-01  -1.359498E+01   1.274694E+00  -1.820339E+00        11
   1.303267E+03   2.174700E+05   4.452925E-01   4.452925E-01   5.441823E-01   4.452925E-01  -1.360352E+01   1.272559E+00  -1.820339E+00        11
   1.304267E+03   2.181300E+05   4.452925E-01   4.452925E-01   5.441823E-01   4.452925E-01  -1.361205E+01   1.270427E+00  -1.820339E+00        11
   1.305267E+03   2.187910E+05   4.452925E-01   4.452925E-01   5.441823E-01   4.452925E-01  -1.362056E+01   1.268298E+00  -1.820339E+00        11
   1.306267E+03   2.194530E+05   4.452925E-01   4.452925E-01   5.441823E-01   4.452925E-01  -1.362907E+01   1.266173E+00  -1.820339E+00        11
   1.307267E+03   2.201160E+05   4.452925E-01   4.452925E-01   5.441823E-01   4.452925E-01  -1.363756E+01   1.264050E+00  -1.820339E+00        11
   1.308267E+03   2.207800E+05   4.452925E-01   4.452925E-01   5.441823E-01   4.452925E-01  -1.364603E+01   1.261931E+00  -1.820339E+00        11
   1.309267E+03   2.214450E+05   4.452925E-01   4.452925E-01   5.441823E-01   4.452925E-01  -1.365450E+01   1.259815E+00  -1.820339E+00        11
   1.310267E+03   2.221110E+05   4.452925E-01   4.452925E-01   5.441823E-01   4.452925E-01  -1.366295E+01   1.257702E+00  -1.820339E+00        11
   1.311267E+03   2.227780E+05   4.452925E-01   4.452925E-01   5.441823E-01   4.452925E-01  -1.367139E+01   1.255593E+00  -1.820339E+00        11
   1.312267E+03   2.234460E+05   4.452925E-01   4.452925E-01   5.441823E-01   4.452925E-01  -1.367981E+01   1.253486E+00  -1.820339E+00        11
   1.313267E+03   2.241150E+05   4.452925E-01   4.452925E-01   5.441823E-01   4.452925E-01  -1.368822E+01   1.251383E+00  -1.820339E+00        11
   1.314267E+03   2.247850E+05   4.452925E-01   4.452925E-01   5.441823E-01   4.452925E-01  -1.369662E+01   1.249283E+00  -1.820339E+00        11
   1.315267E+03   2.254560E+05   4.452925E-01   4.452925E-01   5.441823E-01   4.452925E-01  -1.370501E+01   1.247186E+00  -1.820339E+00        11
   1.316267E+03   2.261280E+05   4.452925E-01   4.452925E-01   5.441823E-01   4.452925E-01  -1.371339E+01   1.245092E+00  -1.820339E+00        11
   1.317267E+03   2.268010E+05   4.452925E-01   4.452925E-01   5.441823E-01   4.452925E-01  -1.372175E+01   1.243001E+00  -1.820339E+00        11
   1.318267E+03   2.274750E+05   4.452925E-01   4.452925E-01   5.441823E-01   4.452925E-01  -1.373010E+01   1.240913E+00  -1.820339E+00        11
   1.319267E+03   2.281500E+05   4.452925E-01   4.452925E-01   5.441823E-01   4.452925E-01  -1.373844E+01   1.238829E+00  -1.820339E+00        11
   1.320267E+03   2.288260E+05   4.452925E-01   4.452925E-01   5.441823E-01   4.452925E-01  -1.374677E+01   1.236747E+00  -1.820339E+00        11
   1.321267E+03   2.295030E+05   4.452925E-01   4.452925E-01   5.441823E-01   4.452925E-01  -1.375508E+01   1.234669E+00  -1.820339E+00        11
   1.322267E+03   2.301810E+05   4.452925E-01   4.452925E-01   5.441823E-01   4.452925E-01  -1.376338E+01   1.232593E+00  -1.820339E+00        11
   1.323267E+03   2.308600E+05   4.452925E-01   4.452925E-01   5.441823E-01   4.452925E-01  -1.377167E+01   1.230521E+00  -1.820339E+00        11
   1.324267E+03   2.315400E+05   4.452925E-01   4.452925E-01   5.441823E-01   4.452925E-01  -1.377995E+01   1.228452E+00  -1.820339E+00        11
   1.325267E+03   2.322210E+05   4.452925E-01   4.452925E-01   5.441823E-01   4.452925E-01  -1.378821E+01   1.226385E+00  -1.820339E+00        11
   1.326267E+03   2.329030E+05   4.452925E-01   4.452925E-01   5.441823E-01   4.452925E-01  -1.379647E+01   1.224322E+00  -1.820339E+00        11
   1.327267E+03   2.335860E+05   4.452925E-01   4.452925E-01   5.441823E-01   4.452925E-01  -1.380471E+01   1.222262E+00  -1.820339E+00        11
   1.328267E+03   2.342700E+05   4.452925E-01   4.452925E-01   5.441823E-01   4.452925E-01  -1.381294E+01   1.220205E+00  -1.820339E+00        11
   1.329267E+03   2.349550E+05   4.452925E-01   4.452925E-01   5.441823E-01   4.452925E-01  -1.382115E+01   1.218151E+00  -1.820339E+00        11
   1.330267E+03   2.356410E+05   4.452925E-01   4.452925E-01   5.441823E-01   4.452925E-01  -1.382936E+01   1.216099E+00  -1.820339E+00        11
   1.331267E+03   2.363280E+05   4.452925E-01   4.452925E-01   5.441823E-01   4.452925E-01  -1.383755E+01   1.214051E+00  -1.820339E+00        11
   1.332267E+03   2.370160E+05   4.452925E-01   4.452925E-01   5.441823E-01   4.452925E-01  -1.384573E+01   1.212006E+00  -1.820339E+00        11
   1.333267E+03   2.377050E+05   4.452925E-01   4.452925E-01   5.441823E-01   4.452925E-01  -1.385390E+01   1.209964E+00  -1.820339E+00        11
   1.334267E+03   2.383950E+05   4.452925E-01   4.452925E-01   5.441823E-01   4.452925E-01  -1.386206E+01   1.207924E+00  -1.820339E+00        11
   1.335267E+03   2.390860E+05   4.452925E-01   4.452925E-01   5.441823E-01   4.452925E-01  -1.387020E+01   1.205888E+00  -1.820339E+00        11
   1.336267E+03   2.397780E+05   4.452925E-01   4.452925E-01   5.441823E-01   4.452925E-01  -1.387834E+01   1.203855E+00  -1.820339E+00        11
   1.337267E+03   2.404710E+05   4.452925E-01   4.452925E-01   5.441823E-01   4.452925E-01  -1.388646E+01   1.201824E+00  -1.820339E+00        11
   1.338267E+03   2.411650E+05   4.452925E-01   4.452925E-01   5.441823E-01   4.452925E-01  -1.389457E+01   1.199797E+00  -1.820339E+00        11
   1.339267E+03   2.418600E+05   4.452925E-01   4.452925E-01   5.441823E-01   4.452925E-01  -1.390267E+01   1.197772E+00  -1.820339E+00        11
   1.340267E+03   2.425560E+05   4.452925E-01   4.452925E-01   5.441823E-01   4.452925E-01  -1.391075E+01   1.195750E+00  -1.820339E+00        11
   1.341267E+03   2.432530E+05   4.452925E-01   4.452925E-01   5.441823E-01   4.452925E-01  -1.391883E+01   1.193732E+00  -1.820339E+00        11
   1.342267E+03   2.439510E+05   4.452925E-01   4.452925E-01   5.441823E-01   4.452925E-01  -1.392689E+01   1.191716E+00  -1.820339E+00        11
   1.343267E+03   2.446500E+05   4.452925E-01   4.452925E-01   5.441823E-01   4.452925E-01  -1.393495E+01   1.189703E+00  -1.820339E+00        11
   1.344267E+03   2.453500E+05   4.452925E-01   4.452925E-01   5.441823E-01   4.452925E-01  -1.394299E+01   1.187692E+00  -1.820339E+00        11
   1.345267E+03   2.460510E+05   4.452925E-01   4.452925E-01   5.441823E-01   4.452925E-01  -1.395102E+01   1.185685E+00  -1.820339E+00        11
   1.346267E+03   2.467530E+05   4.452925E-01   4.452925E-01   5.441823E-01   4.452925E-01  -1.395903E+01   1.183681E+00  -1.820339E+00        11
   1.347267E+03   2.474560E+05   4.452925E-01   4.452925E-01   5.441823E-01   4.452925E-01  -1.396704E+01   1.181679E+00  -1.820339E+00        11
   1.348267E+03   2.481600E+05   4.452925E-01   4.452925E-01   5.441823E-01   4.452925E-01  -1.397503E+01   1.179680E+00  -1.820339E+00        11
   1.349267E+03   2.488650E+05   4.452925E-01   4.452925E-01   5.441823E-01   4.452925E-01  -1.398302E+01   1.177684E+00  -1.820339E+00        11
   1.350267E+03   2.495710E+05   4.452925E-01   4.452925E-01   5.441823E-01   4.452925E-01  -1.399099E+01   1.175691E+00  -1.820339E+00        11
   1.351267E+03   2.502780E+05   4.452925E-01   4.452925E-01   5.441823E-01   4.452925E-01  -1.399895E+01   1.173701E+00  -1.820339E+00        11
   1.352267E+03   2.509860E+05   4.452925E-01   4.452925E-01   5.441823E-01   4.452925E-01  -1.400690E+01   1.171714E+00  -1.820339E+00        11
   1.353267E+03   2.516950E+05   4.452925E-01   4.452925E-01   5.441823E-01   4.452925E-01  -1.401484E+01   1.169729E+00  -1.820339E+00        11
   1.354267E+03   2.524050E+05   4.452925E-01   4.452925E-01   5.441823E-01   4.452925E-01  -1.402277E+01   1.167747E+00  -1.820339E+00        11
   1.355267E+03   2.531160E+05   4.452925E-01   4.452925E-01   5.441823E-01   4.452925E-01  -1.403068E+01   1.165768E+00  -1.820339E+00        11
   1.356267E+03   2.538280E+05   4.452925E-01   4.452925E-01   5.441823E-01   4.452925E-01  -1.403859E+01   1.163792E+00  -1.820339E+00        11
   1.357267E+03   2.545410E+05   4.452925E-01   4.452925E-01   5.441823E-01   4.452925E-01  -1.404648E+01   1.161818E+00  -1.820339E+00        11
   1.358267E+03   2.552550E+05   4.452925E-01   4.452925E-01   5.441823E-01   4.452925E-01  -1.405437E+01   1.159848E+00  -1.820339E+00        11
   1.359267E+03   2.559700E+05   4.452925E-01   4.452925E-01   5.441823E-01   4.452925E-01  -1.406224E+01   1.157880E+00  -1.820339E+00        11
   1.360267E+03   2.566860E+05   4.452925E-01   4.452925E-01   5.441823E-01   4.452925E-01  -1.407010E+01   1.155914E+00  -1.820339E+00        11
   1.361267E+03   2.574030E+05   4.452925E-01   4.452925E-01   5.441823E-01   4.452925E-01  -1.407795E+01   1.153952E+00  -1.820339E+00        11
   1.362267E+03   2.581210E+05   4.452925E-01   4.452925E-01   5.441823E-01   4.452925E-01  -1.408579E+01   1.151992E+00  -1.820339E+00        11
   1.363267E+03   2.588400E+05   4.452925E-01   4.452925E-01   5.441823E-01   4.452925E-01  -1.409362E+01   1.150035E+00  -1.820339E+00        11
   1.364267E+03   2.595600E+05   4.452925E-01   4.452925E-01   5.441823E-01   4.452925E-01  -1.410143E+01   1.148081E+00  -1.820339E+00        11
   1.365267E+03   2.602810E+05   4.452925E-01   4.452925E-01   5.441823E-01   4.452925E-01  -1.410924E+01   1.146129E+00  -1.820339E+00        11
   1.366267E+03   2.610030E+05   4.452925E-01   4.452925E-01   5.441823E-01   4.452925E-01  -1.411704E+01   1.144180E+00  -1.820339E+00        11
   1.367267E+03   2.617260E+05   4.452925E-01   4.452925E-01   5.441823E-01   4.452925E-01  -1.412482E+01   1.142234E+00  -1.820339E+00        11
   1.368267E+03   2.624500E+05   4.452925E-01   4.452925E-01   5.441823E-01   4.452925E-01  -1.413259E+01   1.140290E+00  -1.820339E+00        11
   1.369267E+03   2.631750E+05   4.452925E-01   4.452925E-01   5.441823E-01   4.452925E-01  -1.414036E+01   1.138350E+00  -1.820339E+00        11
   1.370267E+03   2.639010E+05   4.452925E-01   4.452925E-01   5.441823E-01   4.452925E-01  -1.414811E+01   1.136411E+00  -1.820339E+00        11
   1.371267E+03   2.646280E+05   4.452925E-01   4.452925E-01   5.441823E-01   4.452925E-01  -1.415585E+01   1.134476E+00  -1.820339E+00        11
   1.372267E+03   2.653560E+05   4.452925E-01   4.452925E-01   5.441823E-01   4.452925E-01  -1.416358E+01   1.132543E+00  -1.820339E+00        11
   1.373267E+03   2.660850E+05   4.452925E-01   4.452925E-01   5.441823E-01   4.452925E-01  -1.417130E+01   1.130613E+00  -1.820339E+00        11
   1.374267E+03   2.668150E+05   4.452925E-01   4.452925E-01   5.441823E-01   4.452925E-01  -1.417901E+01   1.128685E+00  -1.820339E+00        11
   1.375267E+03   2.675460E+05   4.452925E-01   4.452925E-01   5.441823E-01   4.452925E-01  -1.418671E+01   1.126760E+00  -1.820339E+00        11
   1.376267E+03   2.682780E+05   4.452925E-01   4.452925E-01   5.441823E-01   4.452925E-01  -1.419440E+01   1.124838E+00  -1.820339E+00        11
   1.377267E+03   2.690110E+05   4.452925E-01   4.452925E-01   5.441823E-01   4.452925E-01  -1.420208E+01   1.122918E+00  -1.820339E+00        11
   1.378267E+03   2.697450E+05   4.452925E-01   4.452925E-01   5.441823E-01   4.452925E-01  -1.420975E+01   1.121001E+00  -1.820339E+00        11
   1.379267E+03   2.704800E+05   4.452925E-01   4.452925E-01   5.441823E-01   4.452925E-01  -1.421741E+01   1.119087E+00  -1.820339E+00        11
   1.380267E+03   2.712160E+05   4.452925E-01   4.452925E-01   5.441823E-01   4.452925E-01  -1.422506E+01   1.117175E+00  -1.820339E+00        11
   1.381267E+03   2.719530E+05   4.452925E-01   4.452925E-01   5.441823E-01   4.452925E-01  -1.423269E+01   1.115266E+00  -1.820339E+00        11
   1.382267E+03   2.726910E+05   4.452925E-01   4.452925E-01   5.441823E-01   4.452925E-01  -1.424032E+01   1.113359E+00  -1.820339E+00        11
   1.383267E+03   2.734300E+05   4.452925E-01   4.452925E-01   5.441823E-01   4.452925E-01  -1.424794E+01   1.111455E+00  -1.820339E+00        11
   1.384267E+03   2.741700E+05   4.452925E-01   4.452925E-01   5.441823E-01   4.452925E-01  -1.425554E+01   1.109554E+00  -1.820339E+00        11
   1.385267E+03   2.749110E+05   4.452925E-01   4.452925E-01   5.441823E-01   4.452925E-01  -1.426314E+01   1.107655E+00  -1.820339E+00        11
   1.386267E+03   2.756530E+05   4.452925E-01   4.452925E-01   5.441823E-01   4.452925E-01  -1.427072E+01   1.105758E+00  -1.820339E+00        11
   1.387267E+03   2.763960E+05   4.452925E-01   4.452925E-01   5.441823E-01   4.452925E-01  -1.427830E+01   1.103864E+00  -1.820339E+00        11
   1.388267E+03   2.771400E+05   4.452925E-01   4.452925E-01   5.441823E-01   4.452925E-01  -1.428586E+01   1.101973E+00  -1.820339E+00        11
   1.389267E+03   2.778850E+05   4.452925E-01   4.452925E-01   5.441823E-01   4.452925E-01  -1.429342E+01   1.100084E+00  -1.820339E+00        11
   1.390267E+03   2.786310E+05   4.452925E-01   4.452925E-01   5.441823E-01   4.452925E-01  -1.430096E+01   1.098198E+00  -1.820339E+00        11
   1.391267E+03   2.793780E+05   4.452925E-01   4.452925E-01   5.441823E-01   4.452925E-01  -1.430850E+01   1.096315E+00  -1.820339E+00        11
   1.392267E+03   2.801260E+05   4.452925E-01   4.452925E-01   5.441823E-01   4.452925E-01  -1.431602E+01   1.094433E+00  -1.820339E+00        11
   1.393267E+03   2.808750E+05   4.452925E-01   4.452925E-01   5.441823E-01   4.452925E-01  -1.432354E+01   1.092555E+00  -1.820339E+00        11
   1.394267E+03   2.816250E+05   4.452925E-01   4.452925E-01   5.441823E-01   4.452925E-01  -1.433104E+01   1.090679E+00  -1.820339E+00        11
   1.395267E+03   2.823760E+05   4.452925E-01   4.452925E-01   5.441823E-01   4.452925E-01  -1.433854E+01   1.088805E+00  -1.820339E+00        11
   1.396267E+03   2.831280E+05   4.452925E-01   4.452925E-01   5.441823E-01   4.452925E-01  -1.434602E+01   1.086934E+00  -1.820339E+00        11
   1.397267E+03   2.838810E+05   4.452925E-01   4.452925E-01   5.441823E-01   4.452925E-01  -1.435350E+01   1.085065E+00  -1.820339E+00        11
   1.398267E+03   2.846350E+05   4.452925E-01   4.452925E-01   5.441823E-01   4.452925E-01  -1.436096E+01   1.083199E+00  -1.820339E+00        11
   1.399267E+03   2.853900E+05   4.452925E-01   4.452925E-01   5.441823E-01   4.452925E-01  -1.436842E+01   1.081335E+00  -1.820339E+00        11
   1.400267E+03   2.861460E+05   4.452925E-01   4.452925E-01   5.441823E-01   4.452925E-01  -1.437586E+01   1.079474E+00  -1.820339E+00        11
   1.401267E+03   2.869030E+05   4.452925E-01   4.452925E-01   5.441823E-01   4.452925E-01  -1.438330E+01   1.077615E+00  -1.820339E+00        11
   1.402267E+03   2.876610E+05   4.452925E-01   4.452925E-01   5.441823E-01   4.452925E-01  -1.439072E+01   1.075759E+00  -1.820339E+00        11
   1.403267E+03   2.884200E+05   4.452925E-01   4.452925E-01   5.441823E-01   4.452925E-01  -1.439814E+01   1.073905E+00  -1.820339E+00        11
   1.404267E+03   2.891800E+05   4.452925E-01   4.452925E-01   5.441823E-01   4.452925E-01  -1.440554E+01   1.072053E+00  -1.820339E+00        11
   1.405267E+03   2.899410E+05   4.452925E-01   4.452925E-01   5.441823E-01   4.452925E-01  -1.441294E+01   1.070204E+00  -1.820339E+00        11
   1.406267E+03   2.907030E+05   4.452925E-01   4.452925E-01   5.441823E-01   4.452925E-01  -1.442033E+01   1.068358E+00  -1.820339E+00        11
   1.407267E+03   2.914660E+05   4.452925E-01   4.452925E-01   5.441823E-01   4.452925E-01  -1.442770E+01   1.066513E+00  -1.820339E+00        11
   1.408267E+03   2.922300E+05   4.452925E-01   4.452925E-01   5.441823E-01   4.452925E-01  -1.443507E+01   1.064672E+00  -1.820339E+00        11
   1.409267E+03   2.929950E+05   4.452925E-01   4.452925E-01   5.441823E-01   4.452925E-01  -1.444243E+01   1.062832E+00  -1.820339E+00        11
   1.410267E+03   2.937610E+05   4.452925E-01   4.452925E-01   5.441823E-01   4.452925E-01  -1.444977E+01   1.060995E+00  -1.820339E+00        11
   1.411267E+03   2.945280E+05   4.452925E-01   4.452925E-01   5.441823E-01   4.452925E-01  -1.445711E+01   1.059161E+00  -1.820339E+00        11
   1.412267E+03   2.952960E+05   4.452925E-01   4.452925E-01   5.441823E-01   4.452925E-01  -1.446444E+01   1.057329E+00  -1.820339E+00        11
   1.413267E+03   2.960650E+05   4.452925E-01   4.452925E-01   5.441823E-01   4.452925E-01  -1.447176E+01   1.055499E+00  -1.820339E+00        11
   1.414267E+03   2.968350E+05   4.452925E-01   4.452925E-01   5.441823E-01   4.452925E-01  -1.447907E+01   1.053671E+00  -1.820339E+00        11
   1.415267E+03   2.976060E+05   4.452925E-01   4.452925E-01   5.441823E-01   4.452925E-01  -1.448637E+01   1.051846E+00  -1.820339E+00        11
   1.416267E+03   2.983780E+05   4.452925E-01   4.452925E-01   5.441823E-01   4.452925E-01  -1.449366E+01   1.050024E+00  -1.820339E+00        11
   1.417267E+03   2.991510E+05   4.452925E-01   4.452925E-01   5.441823E-01   4.452925E-01  -1.450094E+01   1.048203E+00  -1.820339E+00        11
   1.418267E+03   2.999250E+05   4.452925E-01   4.452925E-01   5.441823E-01   4.452925E-01  -1.450821E+01   1.046385E+00  -1.820339E+00        11
   1.419267E+03   3.007000E+05   4.452925E-01   4.452925E-01   5.441823E-01   4.452925E-01  -1.451548E+01   1.044570E+00  -1.820339E+00        11
   1.420267E+03   3.014760E+05   4.452925E-01   4.452925E-01   5.441823E-01   4.452925E-01  -1.452273E+01   1.042756E+00  -1.820339E+00        11
   1.421267E+03   3.022530E+05   4.452925E-01   4.452925E-01   5.441823E-01   4.452925E-01  -1.452997E+01   1.040945E+00  -1.820339E+00        11
   1.422267E+03   3.030310E+05   4.452925E-01   4.452925E-01   5.441823E-01   4.452925E-01  -1.453721E+01   1.039137E+00  -1.820339E+00        11
   1.423267E+03   3.038100E+05   4.452925E-01   4.452925E-01   5.441823E-01   4.452925E-01  -1.454443E+01   1.037331E+00  -1.820339E+00        11
   1.424267E+03   3.045900E+05   4.452925E-01   4.452925E-01   5.441823E-01   4.452925E-01  -1.455165E+01   1.035527E+00  -1.820339E+00        11
   1.425267E+03   3.053710E+05   4.452925E-01   4.452925E-01   5.441823E-01   4.452925E-01  -1.455886E+01   1.033725E+00  -1.820339E+00        11
   1.426267E+03   3.061530E+05   4.452925E-01   4.452925E-01   5.441823E-01   4.452925E-01  -1.456605E+01   1.031926E+00  -1.820339E+00        11
   1.427267E+03   3.069360E+05   4.452925E-01   4.452925E-01   5.441823E-01   4.452925E-01  -1.457324E+01   1.030128E+00  -1.820339E+00        11
   1.428267E+03   3.077200E+05   4.452925E-01   4.452925E-01   5.441823E-01   4.452925E-01  -1.458042E+01   1.028334E+00  -1.820339E+00        11
   1.429267E+03   3.085050E+05   4.452925E-01   4.452925E-01   5.441823E-01   4.452925E-01  -1.458759E+01   1.026541E+00  -1.820339E+00        11
   1.430267E+03   3.092910E+05   4.452925E-01   4.452925E-01   5.441823E-01   4.452925E-01  -1.459475E+01   1.024751E+00  -1.820339E+00        11
   1.431267E+03   3.100780E+05   4.452925E-01   4.452925E-01   5.441823E-01   4.452925E-01  -1.460190E+01   1.022963E+00  -1.820339E+00        11
   1.432267E+03   3.108660E+05   4.452925E-01   4.452925E-01   5.441823E-01   4.452925E-01  -1.460905E+01   1.021177E+00  -1.820339E+00        11
   1.433267E+03   3.116550E+05   4.452925E-01   4.452925E-01   5.441823E-01   4.452925E-01  -1.461618E+01   1.019394E+00  -1.820339E+00        11
   1.434267E+03   3.124450E+05   4.452925E-01   4.452925E-01   5.441823E-01   4.452925E-01  -1.462331E+01   1.017613E+00  -1.820339E+00        11
   1.435267E+03   3.132360E+05   4.452925E-01   4.452925E-01   5.441823E-01   4.452925E-01  -1.463042E+01   1.015834E+00  -1.820339E+00        11
   1.436267E+03   3.140280E+05   4.452925E-01   4.452925E-01   5.441823E-01   4.452925E-01  -1.463753E+01   1.014057E+00  -1.820339E+00        11
   1.437267E+03   3.148210E+05   4.452925E-01   4.452925E-01   5.441823E-01   4.452925E-01  -1.464462E+01   1.012283E+00  -1.820339E+00        11
   1.438267E+03   3.156150E+05   4.452925E-01   4.452925E-01   5.441823E-01   4.452925E-01  -1.465171E+01   1.010511E+00  -1.820339E+00        11
   1.439267E+03   3.164100E+05   4.452925E-01   4.452925E-01   5.441823E-01   4.452925E-01  -1.465879E+01   1.008741E+00  -1.820339E+00        11
   1.440267E+03   3.172060E+05   4.452925E-01   4.452925E-01   5.441823E-01   4.452925E-01  -1.466586E+01   1.006973E+00  -1.820339E+00        11
   1.441267E+03   3.180030E+05   4.452925E-01   4.452925E-01   5.441823E-01   4.452925E-01  -1.467293E+01   1.005207E+00  -1.820339E+00        11
   1.442267E+03   3.188010E+05   4.452925E-01   4.452925E-01   5.441823E-01   4.452925E-01  -1.467998E+01   1.003444E+00  -1.820339E+00        11
   1.443267E+03   3.196000E+05   4.452925E-01   4.452925E-01   5.441823E-01   4.452925E-01  -1.468702E+01   1.001683E+00  -1.820339E+00        11
   1.444267E+03   3.204000E+05   4.452925E-01   4.452925E-01   5.441823E-01   4.452925E-01  -1.469406E+01   9.999241E-01  -1.820339E+00        11
   1.445267E+03   3.212010E+05   4.452925E-01   4.452925E-01   5.441823E-01   4.452925E-01  -1.470109E+01   9.981674E-01  -1.820339E+00        11
   1.446267E+03   3.220030E+05   4.452925E-01   4.452925E-01   5.441823E-01   4.452925E-01  -1.470810E+01   9.964128E-01  -1.820339E+00        11
   1.447267E+03   3.228060E+05   4.452925E-01   4.452925E-01   5.441823E-01   4.452925E-01  -1.471511E+01   9.946605E-01  -1.820339E+00        11
   1.448267E+03   3.236100E+05   4.452925E-01   4.452925E-01   5.441823E-01   4.452925E-01  -1.472211E+01   9.929104E-01  -1.820339E+00        11
   1.449267E+03   3.244150E+05   4.452925E-01   4.452925E-01   5.441823E-01   4.452925E-01  -1.472911E+01   9.911624E-01  -1.820339E+00        11
   1.450267E+03   3.252210E+05   4.452925E-01   4.452925E-01   5.441823E-01   4.452925E-01  -1.473609E+01   9.894166E-01  -1.820339E+00        11
   1.451267E+03   3.260280E+05   4.452925E-01   4.452925E-01   5.441823E-01   4.452925E-01  -1.474306E+01   9.876730E-01  -1.820339E+00        11
   1.452267E+03   3.268360E+05   4.452925E-01   4.452925E-01   5.441823E-01   4.452925E-01  -1.475003E+01   9.859315E-01  -1.820339E+00        11
   1.453267E+03   3.276450E+05   4.452925E-01   4.452925E-01   5.441823E-01   4.452925E-01  -1.475699E+01   9.841922E-01  -1.820339E+00        11
   1.454267E+03   3.284550E+05   4.452925E-01   4.452925E-01   5.441823E-01   4.452925E-01  -1.476394E+01   9.824550E-01  -1.820339E+00        11
   1.455267E+03   3.292660E+05   4.452925E-01   4.452925E-01   5.441823E-01   4.452925E-01  -1.477088E+01   9.807200E-01  -1.820339E+00        11
   1.456267E+03   3.300780E+05   4.452925E-01   4.452925E-01   5.441823E-01   4.452925E-01  -1.477781E+01   9.789871E-01  -1.820339E+00        11
   1.457267E+03   3.308910E+05   4.452925E-01   4.452925E-01   5.441823E-01   4.452925E-01  -1.478473E+01   9.772563E-01  -1.820339E+00        11
   1.458267E+03   3.317050E+05   4.452925E-01   4.452925E-01   5.441823E-01   4.452925E-01  -1.479165E+01   9.755277E-01  -1.820339E+00        11
   1.459267E+03   3.325200E+05   4.452925E-01   4.452925E-01   5.441823E-01   4.452925E-01  -1.479855E+01   9.738011E-01  -1.820339E+00        11
   1.460267E+03   3.333360E+05   4.452925E-01   4.452925E-01   5.441823E-01   4.452925E-01  -1.480545E+01   9.720767E-01  -1.820339E+00        11
   1.461267E+03   3.341530E+05   4.452925E-01   4.452925E-01   5.441823E-01   4.452925E-01  -1.481234E+01   9.703544E-01  -1.820339E+00        11
   1.462267E+03   3.349710E+05   4.452925E-01   4.452925E-01   5.441823E-01   4.452925E-01  -1.481922E+01   9.686342E-01  -1.820339E+00        11
   1.463267E+03   3.357900E+05   4.452925E-01   4.452925E-01   5.441823E-01   4.452925E-01  -1.482609E+01   9.669162E-01  -1.820339E+00        11
   1.464267E+03   3.366100E+05   4.452925E-01   4.452925E-01   5.441823E-01   4.452925E-01  -1.483296E+01   9.652002E-01  -1.820339E+00        11
   1.465267E+03   3.374310E+05   4.452925E-01   4.452925E-01   5.441823E-01   4.452925E-01  -1.483981E+01   9.634863E-01  -1.820339E+00        11
   1.466267E+03   3.382530E+05   4.452925E-01   4.452925E-01   5.441823E-01   4.452925E-01  -1.484666E+01   9.617744E-01  -1.820339E+00        11
   1.467267E+03   3.390760E+05   4.452925E-01   4.452925E-01   5.441823E-01   4.452925E-01  -1.485350E+01   9.600647E-01  -1.820339E+00        11
   1.468267E+03   3.399000E+05   4.452925E-01   4.452925E-01   5.441823E-01   4.452925E-01  -1.486033E+01   9.583570E-01  -1.820339E+00        11
   1.469267E+03   3.407250E+05   4.452925E-01   4.452925E-01   5.441823E-01   4.452925E-01  -1.486715E+01   9.566514E-01  -1.820339E+00        11
   1.470267E+03   3.415510E+05   4.452925E-01   4.452925E-01   5.441823E-01   4.452925E-01  -1.487396E+01   9.549479E-01  -1.820339E+00        11
   1.471267E+03   3.423780E+05   4.452925E-01   4.452925E-01   5.441823E-01   4.452925E-01  -1.488077E+01   9.532465E-01  -1.820339E+00        11
   1.472267E+03   3.432060E+05   4.452925E-01   4.452925E-01   5.441823E-01   4.452925E-01  -1.488757E+01   9.515470E-01  -1.820339E+00        11
   1.473267E+03   3.440350E+05   4.452925E-01   4.452925E-01   5.441823E-01   4.452925E-01  -1.489436E+01   9.498497E-01  -1.820339E+00        11
   1.474267E+03   3.448650E+05   4.452925E-01   4.452925E-01   5.441823E-01   4.452925E-01  -1.490114E+01   9.481544E-01  -1.820339E+00        11
   1.475267E+03   3.456960E+05   4.452925E-01   4.452925E-01   5.441823E-01   4.452925E-01  -1.490791E+01   9.464611E-01  -1.820339E+00        11
   1.476267E+03   3.465280E+05   4.452925E-01   4.452925E-01   5.441823E-01   4.452925E-01  -1.491468E+01   9.447698E-01  -1.820339E+00        11
   1.477267E+03   3.473610E+05   4.452925E-01   4.452925E-01   5.441823E-01   4.452925E-01  -1.492143E+01   9.430806E-01  -1.820339E+00        11
   1.478267E+03   3.481950E+05   4.452925E-01   4.452925E-01   5.441823E-01   4.452925E-01  -1.492818E+01   9.413934E-01  -1.820339E+00        11
   1.479267E+03   3.490300E+05   4.452925E-01   4.452925E-01   5.441823E-01   4.452925E-01  -1.493492E+01   9.397083E-01  -1.820339E+00        11
   1.480267E+03   3.498660E+05   4.452925E-01   4.452925E-01   5.441823E-01   4.452925E-01  -1.494166E+01   9.380251E-01  -1.820339E+00        11
   1.481267E+03   3.507030E+05   4.452925E-01   4.452925E-01   5.441823E-01   4.452925E-01  -1.494838E+01   9.363440E-01  -1.820339E+00        11
   1.482267E+03   3.515410E+05   4.452925E-01   4.452925E-01   5.441823E-01   4.452925E-01  -1.495510E+01   9.346648E-01  -1.820339E+00        11
   1.483267E+03   3.523800E+05   4.452925E-01   4.452925E-01   5.441823E-01   4.452925E-01  -1.496181E+01   9.329877E-01  -1.820339E+00        11
   1.484267E+03   3.532200E+05   4.452925E-01   4.452925E-01   5.441823E-01   4.452925E-01  -1.496851E+01   9.313126E-01  -1.820339E+00        11
   1.485267E+03   3.540610E+05   4.452925E-01   4.452925E-01   5.441823E-01   4.452925E-01  -1.497520E+01   9.296394E-01  -1.820339E+00        11
   1.486267E+03   3.549030E+05   4.452925E-01   4.452925E-01   5.441823E-01   4.452925E-01  -1.498188E+01   9.279683E-01  -1.820339E+00        11
   1.487267E+03   3.557460E+05   4.452925E-01   4.452925E-01   5.441823E-01   4.452925E-01  -1.498856E+01   9.262991E-01  -1.820339E+00        11
   1.488267E+03   3.565900E+05   4.452925E-01   4.452925E-01   5.441823E-01   4.452925E-01  -1.499523E+01   9.246319E-01  -1.820339E+00        11
   1.489267E+03   3.574350E+05   4.452925E-01   4.452925E-01   5.441823E-01   4.452925E-01  -1.500189E+01   9.229667E-01  -1.820339E+00        11
   1.490267E+03   3.582810E+05   4.452925E-01   4.452925E-01   5.441823E-01   4.452925E-01  -1.500854E+01   9.213034E-01  -1.820339E+00        11
   1.491267E+03   3.591280E+05   4.452925E-01   4.452925E-01   5.441823E-01   4.452925E-01  -1.501519E+01   9.196421E-01  -1.820339E+00        11
   1.492267E+03   3.599760E+05   4.452925E-01   4.452925E-01   5.441823E-01   4.452925E-01  -1.502182E+01   9.179828E-01  -1.820339E+00        11
   1.493267E+03   3.608250E+05   4.452925E-01   4.452925E-01   5.441823E-01   4.452925E-01  -1.502845E+01   9.163254E-01  -1.820339E+00        11
   1.494267E+03   3.616750E+05   4.452925E-01   4.452925E-01   5.441823E-01   4.452925E-01  -1.503508E+01   9.146700E-01  -1.820339E+00        11
   1.495267E+03   3.625260E+05   4.452925E-01   4.452925E-01   5.441823E-01   4.452925E-01  -1.504169E+01   9.130165E-01  -1.820339E+00        11
   1.496267E+03   3.633780E+05   4.452925E-01   4.452925E-01   5.441823E-01   4.452925E-01  -1.504830E+01   9.113650E-01  -1.820339E+00        11
   1.497267E+03   3.642310E+05   4.452925E-01   4.452925E-01   5.441823E-01   4.452925E-01  -1.505489E+01   9.097154E-01  -1.820339E+00        11
   1.498267E+03   3.650850E+05   4.452925E-01   4.452925E-01   5.441823E-01   4.452925E-01  -1.506149E+01   9.080677E-01  -1.820339E+00        11
   1.499267E+03   3.659400E+05   4.452925E-01   4.452925E-01   5.441823E-01   4.452925E-01  -1.506807E+01   9.064219E-01  -1.820339E+00        11
   1.500267E+03   3.667960E+05   4.452925E-01   4.452925E-01   5.441823E-01   4.452925E-01  -1.507464E+01   9.047781E-01  -1.820339E+00        11
   1.501267E+03   3.676530E+05   4.452925E-01   4.452925E-01   5.441823E-01   4.452925E-01  -1.508121E+01   9.031362E-01  -1.820339E+00        11
   1.502267E+03   3.685110E+05   4.452925E-01   4.452925E-01   5.441823E-01   4.452925E-01  -1.508777E+01   9.014962E-01  -1.820339E+00        11
   1.503267E+03   3.693700E+05   4.452925E-01   4.452925E-01   5.441823E-01   4.452925E-01  -1.509432E+01   8.998581E-01  -1.820339E+00        11
   1.504267E+03   3.702300E+05   4.452925E-01   4.452925E-01   5.441823E-01   4.452925E-01  -1.510087E+01   8.982219E-01  -1.820339E+00        11
   1.505267E+03   3.710910E+05   4.452925E-01   4.452925E-01   5.441823E-01   4.452925E-01  -1.510741E+01   8.965877E-01  -1.820339E+00        11
   1.506267E+03   3.719530E+05   4.452925E-01   4.452925E-01   5.441823E-01   4.452925E-01  -1.511393E+01   8.949553E-01  -1.820339E+00        11
   1.507267E+03   3.728160E+05   4.452925E-01   4.452925E-01   5.441823E-01   4.452925E-01  -1.512046E+01   8.933248E-01  -1.820339E+00        11
   1.508267E+03   3.736800E+05   4.452925E-01   4.452925E-01   5.441823E-01   4.452925E-01  -1.512697E+01   8.916962E-01  -1.820339E+00        11
   1.509267E+03   3.745450E+05   4.452925E-01   4.452925E-01   5.441823E-01   4.452925E-01  -1.513348E+01   8.900695E-01  -1.820339E+00        11
   1.510267E+03   3.754110E+05   4.452925E-01   4.452925E-01   5.441823E-01   4.452925E-01  -1.513998E+01   8.884446E-01  -1.820339E+00        11
   1.511267E+03   3.762780E+05   4.452925E-01   4.452925E-01   5.441823E-01   4.452925E-01  -1.514647E+01   8.868216E-01  -1.820339E+00        11
   1.512267E+03   3.771460E+05   4.452925E-01   4.452925E-01   5.441823E-01   4.452925E-01  -1.515295E+01   8.852005E-01  -1.820339E+00        11
   1.513267E+03   3.780150E+05   4.452925E-01   4.452925E-01   5.441823E-01   4.452925E-01  -1.515943E+01   8.835813E-01  -1.820339E+00        11
   1.514267E+03   3.788850E+05   4.452925E-01   4.452925E-01   5.441823E-01   4.452925E-01  -1.516590E+01   8.819639E-01  -1.820339E+00        11
   1.515267E+03   3.797560E+05   4.452925E-01   4.452925E-01   5.441823E-01   4.452925E-01  -1.517236E+01   8.803484E-01  -1.820339E+00        11
   1.516267E+03   3.806280E+05   4.452925E-01   4.452925E-01   5.441823E-01   4.452925E-01  -1.517882E+01   8.787348E-01  -1.820339E+00        11
   1.517267E+03   3.815010E+05   4.452925E-01   4.452925E-01   5.441823E-01   4.452925E-01  -1.518526E+01   8.771229E-01  -1.820339E+00        11
   1.518267E+03   3.823750E+05   4.452925E-01   4.452925E-01   5.441823E-01   4.452925E-01  -1.519170E+01   8.755130E-01  -1.820339E+00        11
   1.519267E+03   3.832500E+05   4.452925E-01   4.452925E-01   5.441823E-01   4.452925E-01  -1.519814E+01   8.739048E-01  -1.820339E+00        11
   1.520267E+03   3.841260E+05   4.452925E-01   4.452925E-01   5.441823E-01   4.452925E-01  -1.520456E+01   8.722986E-01  -1.820339E+00        11
   1.521267E+03   3.850030E+05   4.452925E-01   4.452925E-01   5.441823E-01   4.452925E-01  -1.521098E+01   8.706941E-01  -1.820339E+00        11
   1.522267E+03   3.858810E+05   4.452925E-01   4.452925E-01   5.441823E-01   4.452925E-01  -1.521739E+01   8.690915E-01  -1.820339E+00        11
   1.523267E+03   3.867600E+05   4.452925E-01   4.452925E-01   5.441823E-01   4.452925E-01  -1.522379E+01   8.674906E-01  -1.820339E+00        11
   1.524267E+03   3.876400E+05   4.452925E-01   4.452925E-01   5.441823E-01   4.452925E-01  -1.523019E+01   8.658916E-01  -1.820339E+00        11
   1.525267E+03   3.885210E+05   4.452925E-01   4.452925E-01   5.441823E-01   4.452925E-01  -1.523658E+01   8.642945E-01  -1.820339E+00        11
   1.526267E+03   3.894030E+05   4.452925E-01   4.452925E-01   5.441823E-01   4.452925E-01  -1.524296E+01   8.626991E-01  -1.820339E+00        11
   1.527267E+03   3.902860E+05   4.452925E-01   4.452925E-01   5.441823E-01   4.452925E-01  -1.524933E+01   8.611055E-01  -1.820339E+00        11
   1.528267E+03   3.911700E+05   4.452925E-01   4.452925E-01   5.441823E-01   4.452925E-01  -1.525570E+01   8.595138E-01  -1.820339E+00        11
   1.529267E+03   3.920550E+05   4.452925E-01   4.452925E-01   5.441823E-01   4.452925E-01  -1.526206E+01   8.579238E-01  -1.820339E+00        11
   1.530267E+03   3.929410E+05   4.452925E-01   4.452925E-01   5.441823E-01   4.452925E-01  -1.526841E+01   8.563357E-01  -1.820339E+00        11
   1.531267E+03   3.938280E+05   4.452925E-01   4.452925E-01   5.441823E-01   4.452925E-01  -1.527476E+01   8.547493E-01  -1.820339E+00        11
   1.532267E+03   3.947160E+05   4.452925E-01   4.452925E-01   5.441823E-01   4.452925E-01  -1.528110E+01   8.531647E-01  -1.820339E+00        11
   1.533267E+03   3.956050E+05   4.452925E-01   4.452925E-01   5.441823E-01   4.452925E-01  -1.528743E+01   8.515819E-01  -1.820339E+00        11
   1.534267E+03   3.964950E+05   4.452925E-01   4.452925E-01   5.441823E-01   4.452925E-01  -1.529375E+01   8.500009E-01  -1.820339E+00        11
   1.535267E+03   3.973860E+05   4.452925E-01   4.452925E-01   5.441823E-01   4.452925E-01  -1.530007E+01   8.484216E-01  -1.820339E+00        11
   1.536267E+03   3.982780E+05   4.452925E-01   4.452925E-01   5.441823E-01   4.452925E-01  -1.530638E+01   8.468441E-01  -1.820339E+00        11
   1.537267E+03   3.991710E+05   4.452925E-01   4.452925E-01   5.441823E-01   4.452925E-01  -1.531268E+01   8.452684E-01  -1.820339E+00        11
   1.538267E+03   4.000650E+05   4.452925E-01   4.452925E-01   5.441823E-01   4.452925E-01  -1.531898E+01   8.436945E-01  -1.820339E+00        11
   1.539267E+03   4.009600E+05   4.452925E-01   4.452925E-01   5.441823E-01   4.452925E-01  -1.532527E+01   8.421223E-01  -1.820339E+00        11
   1.540267E+03   4.018560E+05   4.452925E-01   4.452925E-01   5.441823E-01   4.452925E-01  -1.533155E+01   8.405518E-01  -1.820339E+00        11
   1.541267E+03   4.027530E+05   4.452925E-01   4.452925E-01   5.441823E-01   4.452925E-01  -1.533782E+01   8.389831E-01  -1.820339E+00        11
   1.542267E+03   4.036510E+05   4.452925E-01   4.452925E-01   5.441823E-01   4.452925E-01  -1.534409E+01   8.374162E-01  -1.820339E+00        11
   1.543267E+03   4.045500E+05   4.452925E-01   4.452925E-01   5.441823E-01   4.452925E-01  -1.535035E+01   8.358510E-01  -1.820339E+00        11
   1.544267E+03   4.054500E+05   4.452925E-01   4.452925E-01   5.441823E-01   4.452925E-01  -1.535661E+01   8.342875E-01  -1.820339E+00        11
   1.545267E+03   4.063510E+05   4.452925E-01   4.452925E-01   5.441823E-01   4.452925E-01  -1.536285E+01   8.327258E-01  -1.820339E+00        11
   1.546267E+03   4.072530E+05   4.452925E-01   4.452925E-01   5.441823E-01   4.452925E-01  -1.536909E+01   8.311658E-01  -1.820339E+00        11
   1.547267E+03   4.081560E+05   4.452925E-01   4.452925E-01   5.441823E-01   4.452925E-01  -1.537533E+01   8.296075E-01  -1.820339E+00        11
   1.548267E+03   4.090600E+05   4.452925E-01   4.452925E-01   5.441823E-01   4.452925E-01  -1.538155E+01   8.280510E-01  -1.820339E+00        11
   1.549267E+03   4.099650E+05   4.452925E-01   4.452925E-01   5.441823E-01   4.452925E-01  -1.538777E+01   8.264962E-01  -1.820339E+00        11
   1.550267E+03   4.108710E+05   4.452925E-01   4.452925E-01   5.441823E-01   4.452925E-01  -1.539398E+01   8.249431E-01  -1.820339E+00        11
   1.551267E+03   4.117780E+05   4.452925E-01   4.452925E-01   5.441823E-01   4.452925E-01  -1.540019E+01   8.233917E-01  -1.820339E+00        11
   1.552267E+03   4.126860E+05   4.452925E-01   4.452925E-01   5.441823E-01   4.452925E-01  -1.540639E+01   8.218420E-01  -1.820339E+00        11
   1.553267E+03   4.135950E+05   4.452925E-01   4.452925E-01   5.441823E-01   4.452925E-01  -1.541258E+01   8.202940E-01  -1.820339E+00        11
   1.554267E+03   4.145050E+05   4.452925E-01   4.452925E-01   5.441823E-01   4.452925E-01  -1.541876E+01   8.187477E-01  -1.820339E+00        11
   1.555267E+03   4.154160E+05   4.452925E-01   4.452925E-01   5.441823E-01   4.452925E-01  -1.542494E+01   8.172031E-01  -1.820339E+00        11
   1.556267E+03   4.163280E+05   4.452925E-01   4.452925E-01   5.441823E-01   4.452925E-01  -1.543111E+01   8.156603E-01  -1.820339E+00        11
   1.557267E+03   4.172410E+05   4.452925E-01   4.452925E-01   5.441823E-01   4.452925E-01  -1.543728E+01   8.141191E-01  -1.820339E+00        11
   1.558267E+03   4.181550E+05   4.452925E-01   4.452925E-01   5.441823E-01   4.452925E-01  -1.544344E+01   8.125796E-01  -1.820339E+00        11
   1.559267E+03   4.190700E+05   4.452925E-01   4.452925E-01   5.441823E-01   4.452925E-01  -1.544959E+01   8.110417E-01  -1.820339E+00        11
   1.560267E+03   4.199860E+05   4.452925E-01   4.452925E-01   5.441823E-01   4.452925E-01  -1.545573E+01   8.095056E-01  -1.820339E+00        11
   1.561267E+03   4.209030E+05   4.452925E-01   4.452925E-01   5.441823E-01   4.452925E-01  -1.546187E+01   8.079711E-01  -1.820339E+00        11
   1.562267E+03   4.218210E+05   4.452925E-01   4.452925E-01   5.441823E-01   4.452925E-01  -1.546800E+01   8.064383E-01  -1.820339E+00        11
   1.563267E+03   4.227400E+05   4.452925E-01   4.452925E-01   5.441823E-01   4.452925E-01  -1.547413E+01   8.049072E-01  -1.820339E+00        11
   1.564267E+03   4.236600E+05   4.452925E-01   4.452925E-01   5.441823E-01   4.452925E-01  -1.548025E+01   8.033777E-01  -1.820339E+00        11
   1.565267E+03   4.245810E+05   4.452925E-01   4.452925E-01   5.441823E-01   4.452925E-01  -1.548636E+01   8.018499E-01  -1.820339E+00        11
   1.566267E+03   4.255030E+05   4.452925E-01   4.452925E-01   5.441823E-01   4.452925E-01  -1.549246E+01   8.003237E-01  -1.820339E+00        11
   1.567267E+03   4.264260E+05   4.452925E-01   4.452925E-01   5.441823E-01   4.452925E-01  -1.549856E+01   7.987992E-01  -1.820339E+00        11
   1.568267E+03   4.273500E+05   4.452925E-01   4.452925E-01   5.441823E-01   4.452925E-01  -1.550465E+01   7.972764E-01  -1.820339E+00        11
   1.569267E+03   4.282750E+05   4.452925E-01   4.452925E-01   5.441823E-01   4.452925E-01  -1.551074E+01   7.957552E-01  -1.820339E+00        11
   1.570267E+03   4.292010E+05   4.452925E-01   4.452925E-01   5.441823E-01   4.452925E-01  -1.551681E+01   7.942356E-01  -1.820339E+00        11
   1.571267E+03   4.301280E+05   4.452925E-01   4.452925E-01   5.441823E-01   4.452925E-01  -1.552289E+01   7.927177E-01  -1.820339E+00        11
   1.572267E+03   4.310560E+05   4.452925E-01   4.452925E-01   5.441823E-01   4.452925E-01  -1.552895E+01   7.912014E-01  -1.820339E+00        11
   1.573267E+03   4.319850E+05   4.452925E-01   4.452925E-01   5.441823E-01   4.452925E-01  -1.553501E+01   7.896867E-01  -1.820339E+00        11
   1.574267E+03   4.329150E+05   4.452925E-01   4.452925E-01   5.441823E-01   4.452925E-01  -1.554106E+01   7.881737E-01  -1.820339E+00        11
   1.575267E+03   4.338460E+05   4.452925E-01   4.452925E-01   5.441823E-01   4.452925E-01  -1.554711E+01   7.866623E-01  -1.820339E+00        11
   1.576267E+03   4.347780E+05   4.452925E-01   4.452925E-01   5.441823E-01   4.452925E-01  -1.555315E+01   7.851525E-01  -1.820339E+00        11
   1.577267E+03   4.357110E+05   4.452925E-01   4.452925E-01   5.441823E-01   4.452925E-01  -1.555918E+01   7.836444E-01  -1.820339E+00        11
   1.578267E+03   4.366450E+05   4.452925E-01   4.452925E-01   5.441823E-01   4.452925E-01  -1.556520E+01   7.821378E-01  -1.820339E+00        11
   1.579267E+03   4.375800E+05   4.452925E-01   4.452925E-01   5.441823E-01   4.452925E-01  -1.557122E+01   7.806329E-01  -1.820339E+00        11
   1.580267E+03   4.385160E+05   4.452925E-01   4.452925E-01   5.441823E-01   4.452925E-01  -1.557724E+01   7.791296E-01  -1.820339E+00        11
   1.581267E+03   4.394530E+05   4.452925E-01   4.452925E-01   5.441823E-01   4.452925E-01  -1.558324E+01   7.776278E-01  -1.820339E+00        11
   1.582267E+03   4.403910E+05   4.452925E-01   4.452925E-01   5.441823E-01   4.452925E-01  -1.558925E+01   7.761277E-01  -1.820339E+00        11
   1.583267E+03   4.413300E+05   4.452925E-01   4.452925E-01   5.441823E-01   4.452925E-01  -1.559524E+01   7.746292E-01  -1.820339E+00        11
   1.584267E+03   4.422700E+05   4.452925E-01   4.452925E-01   5.441823E-01   4.452925E-01  -1.560123E+01   7.731323E-01  -1.820339E+00        11
   1.585267E+03   4.432110E+05   4.452925E-01   4.452925E-01   5.441823E-01   4.452925E-01  -1.560721E+01   7.716369E-01  -1.820339E+00        11
   1.586267E+03   4.441530E+05   4.452925E-01   4.452925E-01   5.441823E-01   4.452925E-01  -1.561318E+01   7.701432E-01  -1.820339E+00        11
   1.587267E+03   4.450960E+05   4.452925E-01   4.452925E-01   5.441823E-01   4.452925E-01  -1.561915E+01   7.686510E-01  -1.820339E+00        11
   1.588267E+03   4.460400E+05   4.452925E-01   4.452925E-01   5.441823E-01   4.452925E-01  -1.562511E+01   7.671604E-01  -1.820339E+00        11
   1.589267E+03   4.469850E+05   4.452925E-01   4.452925E-01   5.441823E-01   4.452925E-01  -1.563107E+01   7.656714E-01  -1.820339E+00        11
   1.590267E+03   4.479310E+05   4.452925E-01   4.452925E-01   5.441823E-01   4.452925E-01  -1.563702E+01   7.641840E-01  -1.820339E+00        11
   1.591267E+03   4.488780E+05   4.452925E-01   4.452925E-01   5.441823E-01   4.452925E-01  -1.564296E+01   7.626981E-01  -1.820339E+00        11
   1.592267E+03   4.498260E+05   4.452925E-01   4.452925E-01   5.441823E-01   4.452925E-01  -1.564890E+01   7.612138E-01  -1.820339E+00        11
   1.593267E+03   4.507750E+05   4.452925E-01   4.452925E-01   5.441823E-01   4.452925E-01  -1.565483E+01   7.597311E-01  -1.820339E+00        11
   1.594267E+03   4.517250E+05   4.452925E-01   4.452925E-01   5.441823E-01   4.452925E-01  -1.566076E+01   7.582499E-01  -1.820339E+00        11
   1.595267E+03   4.526760E+05   4.452925E-01   4.452925E-01   5.441823E-01   4.452925E-01  -1.566667E+01   7.567703E-01  -1.820339E+00        11
   1.596267E+03   4.536280E+05   4.452925E-01   4.452925E-01   5.441823E-01   4.452925E-01  -1.567259E+01   7.552922E-01  -1.820339E+00        11
   1.597267E+03   4.545810E+05   4.452925E-01   4.452925E-01   5.441823E-01   4.452925E-01  -1.567849E+01   7.538157E-01  -1.820339E+00        11
   1.598267E+03   4.555350E+05   4.452925E-01   4.452925E-01   5.441823E-01   4.452925E-01  -1.568439E+01   7.523407E-01  -1.820339E+00        11
   1.599267E+03   4.564900E+05   4.452925E-01   4.452925E-01   5.441823E-01   4.452925E-01  -1.569029E+01   7.508673E-01  -1.820339E+00        11
   1.600267E+03   4.574460E+05   4.452925E-01   4.452925E-01   5.441823E-01   4.452925E-01  -1.569617E+01   7.493954E-01  -1.820339E+00        11
   1.601267E+03   4.584030E+05   4.452925E-01   4.452925E-01   5.441823E-01   4.452925E-01  -1.570206E+01   7.479251E-01  -1.820339E+00        11
   1.602267E+03   4.593610E+05   4.452925E-01   4.452925E-01   5.441823E-01   4.452925E-01  -1.570793E+01   7.464563E-01  -1.820339E+00        11
   1.603267E+03   4.603200E+05   4.452925E-01   4.452925E-01   5.441823E-01   4.452925E-01  -1.571380E+01   7.449890E-01  -1.820339E+00        11
   1.604267E+03   4.612800E+05   4.452925E-01   4.452925E-01   5.441823E-01   4.452925E-01  -1.571966E+01   7.435233E-01  -1.820339E+00        11
   1.605267E+03   4.622410E+05   4.452925E-01   4.452925E-01   5.441823E-01   4.452925E-01  -1.572552E+01   7.420591E-01  -1.820339E+00        11
   1.606267E+03   4.632030E+05   4.452925E-01   4.452925E-01   5.441823E-01   4.452925E-01  -1.573137E+01   7.405964E-01  -1.820339E+00        11
   1.607267E+03   4.641660E+05   4.452925E-01   4.452925E-01   5.441823E-01   4.452925E-01  -1.573722E+01   7.391352E-01  -1.820339E+00        11
   1.608267E+03   4.651300E+05   4.452925E-01   4.452925E-01   5.441823E-01   4.452925E-01  -1.574305E+01   7.376755E-01  -1.820339E+00        11
   1.609267E+03   4.660950E+05   4.452925E-01   4.452925E-01   5.441823E-01   4.452925E-01  -1.574889E+01   7.362174E-01  -1.820339E+00        11
   1.610267E+03   4.670610E+05   4.452925E-01   4.452925E-01   5.441823E-01   4.452925E-01  -1.575471E+01   7.347607E-01  -1.820339E+00        11
   1.611267E+03   4.680280E+05   4.452925E-01   4.452925E-01   5.441823E-01   4.452925E-01  -1.576053E+01   7.333056E-01  -1.820339E+00        11
   1.612267E+03   4.689960E+05   4.452925E-01   4.452925E-01   5.441823E-01   4.452925E-01  -1.576635E+01   7.318520E-01  -1.820339E+00        11
   1.613267E+03   4.699650E+05   4.452925E-01   4.452925E-01   5.441823E-01   4.452925E-01  -1.577216E+01   7.303998E-01  -1.820339E+00        11
   1.614267E+03   4.709350E+05   4.452925E-01   4.452925E-01   5.441823E-01   4.452925E-01  -1.577796E+01   7.289492E-01  -1.820339E+00        11
   1.615267E+03   4.719060E+05   4.452925E-01   4.452925E-01   5.441823E-01   4.452925E-01  -1.578376E+01   7.275001E-01  -1.820339E+00        11
   1.616267E+03   4.728780E+05   4.452925E-01   4.452925E-01   5.441823E-01   4.452925E-01  -1.578955E+01   7.260524E-01  -1.820339E+00        11
   1.617267E+03   4.738510E+05   4.452925E-01   4.452925E-01   5.441823E-01   4.452925E-01  -1.579533E+01   7.246063E-01  -1.820339E+00        11
   1.618267E+03   4.748250E+05   4.452925E-01   4.452925E-01   5.441823E-01   4.452925E-01  -1.580111E+01   7.231616E-01  -1.820339E+00        11
   1.619267E+03   4.758000E+05   4.452925E-01   4.452925E-01   5.441823E-01   4.452925E-01  -1.580688E+01   7.217184E-01  -1.820339E+00        11
   1.620267E+03   4.767760E+05   4.452925E-01   4.452925E-01   5.441823E-01   4.452925E-01  -1.581265E+01   7.202767E-01  -1.820339E+00        11
   1.621267E+03   4.777530E+05   4.452925E-01   4.452925E-01   5.441823E-01   4.452925E-01  -1.581841E+01   7.188364E-01  -1.820339E+00        11
   1.622267E+03   4.787310E+05   4.452925E-01   4.452925E-01   5.441823E-01   4.452925E-01  -1.582417E+01   7.173977E-01  -1.820339E+00        11
   1.623267E+03   4.797100E+05   4.452925E-01   4.452925E-01   5.441823E-01   4.452925E-01  -1.582991E+01   7.159604E-01  -1.820339E+00        11
   1.624267E+03   4.806900E+05   4.452925E-01   4.452925E-01   5.441823E-01   4.452925E-01  -1.583566E+01   7.145245E-01  -1.820339E+00        11
   1.625267E+03   4.816710E+05   4.452925E-01   4.452925E-01   5.441823E-01   4.452925E-01  -1.584140E+01   7.130902E-01  -1.820339E+00        11
   1.626267E+03   4.826530E+05   4.452925E-01   4.452925E-01   5.441823E-01   4.452925E-01  -1.584713E+01   7.116573E-01  -1.820339E+00        11
   1.627267E+03   4.836360E+05   4.452925E-01   4.452925E-01   5.441823E-01   4.452925E-01  -1.585285E+01   7.102258E-01  -1.820339E+00        11
   1.628267E+03   4.846200E+05   4.452925E-01   4.452925E-01   5.441823E-01   4.452925E-01  -1.585857E+01   7.087958E-01  -1.820339E+00        11
   1.629267E+03   4.856050E+05   4.452925E-01   4.452925E-01   5.441823E-01   4.452925E-01  -1.586429E+01   7.073673E-01  -1.820339E+00        11
   1.630267E+03   4.865910E+05   4.452925E-01   4.452925E-01   5.441823E-01   4.452925E-01  -1.587000E+01   7.059402E-01  -1.820339E+00        11
   1.631267E+03   4.875780E+05   4.452925E-01   4.452925E-01   5.441823E-01   4.452925E-01  -1.587570E+01   7.045145E-01  -1.820339E+00        11
   1.632267E+03   4.885660E+05   4.452925E-01   4.452925E-01   5.441823E-01   4.452925E-01  -1.588139E+01   7.030903E-01  -1.820339E+00        11
   1.633267E+03   4.895550E+05   4.452925E-01   4.452925E-01   5.441823E-01   4.452925E-01  -1.588709E+01   7.016676E-01  -1.820339E+00        11
   1.634267E+03   4.905450E+05   4.452925E-01   4.452925E-01   5.441823E-01   4.452925E-01  -1.589277E+01   7.002462E-01  -1.820339E+00        11
   1.635267E+03   4.915360E+05   4.452925E-01   4.452925E-01   5.441823E-01   4.452925E-01  -1.589845E+01   6.988264E-01  -1.820339E+00        11
   1.636267E+03   4.925280E+05   4.452925E-01   4.452925E-01   5.441823E-01   4.452925E-01  -1.590412E+01   6.974079E-01  -1.820339E+00        11
   1.637267E+03   4.935210E+05   4.452925E-01   4.452925E-01   5.441823E-01   4.452925E-01  -1.590979E+01   6.959909E-01  -1.820339E+00        11
   1.638267E+03   4.945150E+05   4.452925E-01   4.452925E-01   5.441823E-01   4.452925E-01  -1.591545E+01   6.945753E-01  -1.820339E+00        11
   1.639267E+03   4.955100E+05   4.452925E-01   4.452925E-01   5.441823E-01   4.452925E-01  -1.592111E+01   6.931611E-01  -1.820339E+00        11
   1.640267E+03   4.965060E+05   4.452925E-01   4.452925E-01   5.441823E-01   4.452925E-01  -1.592676E+01   6.917483E-01  -1.820339E+00        11
   1.641267E+03   4.975030E+05   4.452925E-01   4.452925E-01   5.441823E-01   4.452925E-01  -1.593241E+01   6.903370E-01  -1.820339E+00        11
   1.642267E+03   4.985010E+05   4.452925E-01   4.452925E-01   5.441823E-01   4.452925E-01  -1.593805E+01   6.889270E-01  -1.820339E+00        11
   1.643267E+03   4.995000E+05   4.452925E-01   4.452925E-01   5.441823E-01   4.452925E-01  -1.594368E+01   6.875185E-01  -1.820339E+00        11
   1.644267E+03   5.005000E+05   4.452925E-01   4.452925E-01   5.441823E-01   4.452925E-01  -1.594931E+01   6.861114E-01  -1.820339E+00        11
   1.645267E+03   5.015010E+05   4.452925E-01   4.452925E-01   5.441823E-01   4.452925E-01  -1.595493E+01   6.847057E-01  -1.820339E+00        11
   1.646267E+03   5.025030E+05   4.452925E-01   4.452925E-01   5.441823E-01   4.452925E-01  -1.596055E+01   6.833014E-01  -1.820339E+00        11
   1.647267E+03   5.035060E+05   4.452925E-01   4.452925E-01   5.441823E-01   4.452925E-01  -1.596616E+01   6.818985E-01  -1.820339E+00        11
   1.648267E+03   5.045100E+05   4.452925E-01   4.452925E-01   5.441823E-01   4.452925E-01  -1.597177E+01   6.804970E-01  -1.820339E+00        11
   1.649267E+03   5.055150E+05   4.452925E-01   4.452925E-01   5.441823E-01   4.452925E-01  -1.597737E+01   6.790968E-01  -1.820339E+00        11
   1.650267E+03   5.065210E+05   4.452925E-01   4.452925E-01   5.441823E-01   4.452925E-01  -1.598296E+01   6.776981E-01  -1.820339E+00        11
   1.651267E+03   5.075280E+05   4.452925E-01   4.452925E-01   5.441823E-01   4.452925E-01  -1.598855E+01   6.763008E-01  -1.820339E+00        11
   1.652267E+03   5.085360E+05   4.452925E-01   4.452925E-01   5.441823E-01   4.452925E-01  -1.599414E+01   6.749048E-01  -1.820339E+00        11
   1.653267E+03   5.095450E+05   4.452925E-01   4.452925E-01   5.441823E-01   4.452925E-01  -1.599971E+01   6.735103E-01  -1.820339E+00        11
   1.654267E+03   5.105550E+05   4.452925E-01   4.452925E-01   5.441823E-01   4.452925E-01  -1.600529E+01   6.721171E-01  -1.820339E+00        11
   1.655267E+03   5.115660E+05   4.452925E-01   4.452925E-01   5.441823E-01   4.452925E-01  -1.601085E+01   6.707253E-01  -1.820339E+00        11
   1.656267E+03   5.125780E+05   4.452925E-01   4.452925E-01   5.441823E-01   4.452925E-01  -1.601642E+01   6.693349E-01  -1.820339E+00        11
   1.657267E+03   5.135910E+05   4.452925E-01   4.452925E-01   5.441823E-01   4.452925E-01  -1.602197E+01   6.679458E-01  -1.820339E+00        11
   1.658267E+03   5.146050E+05   4.452925E-01   4.452925E-01   5.441823E-01   4.452925E-01  -1.602752E+01   6.665581E-01  -1.820339E+00        11
   1.659267E+03   5.156200E+05   4.452925E-01   4.452925E-01   5.441823E-01   4.452925E-01  -1.603307E+01   6.651718E-01  -1.820339E+00        11
   1.660267E+03   5.166360E+05   4.452925E-01   4.452925E-01   5.441823E-01   4.452925E-01  -1.603861E+01   6.637868E-01  -1.820339E+00        11
   1.661267E+03   5.176530E+05   4.452925E-01   4.452925E-01   5.441823E-01   4.452925E-01  -1.604414E+01   6.624032E-01  -1.820339E+00        11
   1.662267E+03   5.186710E+05   4.452925E-01   4.452925E-01   5.441823E-01   4.452925E-01  -1.604967E+01   6.610210E-01  -1.820339E+00        11
   1.663267E+03   5.196900E+05   4.452925E-01   4.452925E-01   5.441823E-01   4.452925E-01  -1.605520E+01   6.596401E-01  -1.820339E+00        11
   1.664267E+03   5.207100E+05   4.452925E-01   4.452925E-01   5.441823E-01   4.452925E-01  -1.606071E+01   6.582606E-01  -1.820339E+00        11
   1.665267E+03   5.217310E+05   4.452925E-01   4.452925E-01   5.441823E-01   4.452925E-01  -1.606623E+01   6.568824E-01  -1.820339E+00        11
   1.666267E+03   5.227530E+05   4.452925E-01   4.452925E-01   5.441823E-01   4.452925E-01  -1.607173E+01   6.555056E-01  -1.820339E+00        11
   1.667267E+03   5.237760E+05   4.452925E-01   4.452925E-01   5.441823E-01   4.452925E-01  -1.607724E+01   6.541301E-01  -1.820339E+00        11
   1.668267E+03   5.248000E+05   4.452925E-01   4.452925E-01   5.441823E-01   4.452925E-01  -1.608273E+01   6.527560E-01  -1.820339E+00        11
   1.669267E+03   5.258250E+05   4.452925E-01   4.452925E-01   5.441823E-01   4.452925E-01  -1.608822E+01   6.513832E-01  -1.820339E+00        11
   1.670267E+03   5.268510E+05   4.452925E-01   4.452925E-01   5.441823E-01   4.452925E-01  -1.609371E+01   6.500118E-01  -1.820339E+00        11
   1.671267E+03   5.278780E+05   4.452925E-01   4.452925E-01   5.441823E-01   4.452925E-01  -1.609919E+01   6.486416E-01  -1.820339E+00        11
   1.672267E+03   5.289060E+05   4.452925E-01   4.452925E-01   5.441823E-01   4.452925E-01  -1.610466E+01   6.472728E-01  -1.820339E+00        11
   1.673267E+03   5.299350E+05   4.452925E-01   4.452925E-01   5.441823E-01   4.452925E-01  -1.611013E+01   6.459054E-01  -1.820339E+00        11
   1.674267E+03   5.309650E+05   4.452925E-01   4.452925E-01   5.441823E-01   4.452925E-01  -1.611560E+01   6.445393E-01  -1.820339E+00        11
   1.675267E+03   5.319960E+05   4.452925E-01   4.452925E-01   5.441823E-01   4.452925E-01  -1.612106E+01   6.431744E-01  -1.820339E+00        11
   1.676267E+03   5.330280E+05   4.452925E-01   4.452925E-01   5.441823E-01   4.452925E-01  -1.612651E+01   6.418110E-01  -1.820339E+00        11
   1.677267E+03   5.340610E+05   4.452925E-01   4.452925E-01   5.441823E-01   4.452925E-01  -1.613196E+01   6.404488E-01  -1.820339E+00        11
   1.678267E+03   5.350950E+05   4.452925E-01   4.452925E-01   5.441823E-01   4.452925E-01  -1.613740E+01   6.390880E-01  -1.820339E+00        11
   1.679267E+03   5.361300E+05   4.452925E-01   4.452925E-01   5.441823E-01   4.452925E-01  -1.614284E+01   6.377284E-01  -1.820339E+00        11
   1.680267E+03   5.371660E+05   4.452925E-01   4.452925E-01   5.441823E-01   4.452925E-01  -1.614828E+01   6.363702E-01  -1.820339E+00        11
   1.681267E+03   5.382030E+05   4.452925E-01   4.452925E-01   5.441823E-01   4.452925E-01  -1.615370E+01   6.350133E-01  -1.820339E+00        11
   1.682267E+03   5.392410E+05   4.452925E-01   4.452925E-01   5.441823E-01   4.452925E-01  -1.615913E+01   6.336577E-01  -1.820339E+00        11
   1.683267E+03   5.402800E+05   4.452925E-01   4.452925E-01   5.441823E-01   4.452925E-01  -1.616454E+01   6.323034E-01  -1.820339E+00        11
   1.684267E+03   5.413200E+05   4.452925E-01   4.452925E-01   5.441823E-01   4.452925E-01  -1.616995E+01   6.309504E-01  -1.820339E+00        11
   1.685267E+03   5.423610E+05   4.452925E-01   4.452925E-01   5.441823E-01   4.452925E-01  -1.617536E+01   6.295987E-01  -1.820339E+00        11
   1.686267E+03   5.434030E+05   4.452925E-01   4.452925E-01   5.441823E-01   4.452925E-01  -1.618076E+01   6.282483E-01  -1.820339E+00        11
   1.687267E+03   5.444460E+05   4.452925E-01   4.452925E-01   5.441823E-01   4.452925E-01  -1.618616E+01   6.268992E-01  -1.820339E+00        11
   1.688267E+03   5.454900E+05   4.452925E-01   4.452925E-01   5.441823E-01   4.452925E-01  -1.619155E+01   6.255514E-01  -1.820339E+00        11
   1.689267E+03   5.465350E+05   4.452925E-01   4.452925E-01   5.441823E-01   4.452925E-01  -1.619694E+01   6.242049E-01  -1.820339E+00        11
   1.690267E+03   5.475810E+05   4.452925E-01   4.452925E-01   5.441823E-01   4.452925E-01  -1.620232E+01   6.228596E-01  -1.820339E+00        11
   1.691267E+03   5.486280E+05   4.452925E-01   4.452925E-01   5.441823E-01   4.452925E-01  -1.620769E+01   6.215157E-01  -1.820339E+00        11
   1.692267E+03   5.496760E+05   4.452925E-01   4.452925E-01   5.441823E-01   4.452925E-01  -1.621306E+01   6.201730E-01  -1.820339E+00        11
   1.693267E+03   5.507250E+05   4.452925E-01   4.452925E-01   5.441823E-01   4.452925E-01  -1.621843E+01   6.188316E-01  -1.820339E+00        11
   1.694267E+03   5.517750E+05   4.452925E-01   4.452925E-01   5.441823E-01   4.452925E-01  -1.622379E+01   6.174915E-01  -1.820339E+00        11
   1.695267E+03   5.528260E+05   4.452925E-01   4.452925E-01   5.441823E-01   4.452925E-01  -1.622915E+01   6.161527E-01  -1.820339E+00        11
   1.696267E+03   5.538780E+05   4.452925E-01   4.452925E-01   5.441823E-01   4.452925E-01  -1.623450E+01   6.148151E-01  -1.820339E+00        11
   1.697267E+03   5.549310E+05   4.452925E-01   4.452925E-01   5.441823E-01   4.452925E-01  -1.623984E+01   6.134788E-01  -1.820339E+00        11
   1.698267E+03   5.559850E+05   4.452925E-01   4.452925E-01   5.441823E-01   4.452925E-01  -1.624518E+01   6.121438E-01  -1.820339E+00        11
   1.699267E+03   5.570400E+05   4.452925E-01   4.452925E-01   5.441823E-01   4.452925E-01  -1.625052E+01   6.108101E-01  -1.820339E+00        11
   1.700267E+03   5.580960E+05   4.452925E-01   4.452925E-01   5.441823E-01   4.452925E-01  -1.625585E+01   6.094776E-01  -1.820339E+00        11
   1.701267E+03   5.591530E+05   4.452925E-01   4.452925E-01   5.441823E-01   4.452925E-01  -1.626117E+01   6.081463E-01  -1.820339E+00        11
   1.702267E+03   5.602110E+05   4.452925E-01   4.452925E-01   5.441823E-01   4.452925E-01  -1.626649E+01   6.068164E-01  -1.820339E+00        11
   1.703267E+03   5.612700E+05   4.452925E-01   4.452925E-01   5.441823E-01   4.452925E-01  -1.627181E+01   6.054876E-01  -1.820339E+00        11
   1.704267E+03   5.623300E+05   4.452925E-01   4.452925E-01   5.441823E-01   4.452925E-01  -1.627712E+01   6.041602E-01  -1.820339E+00        11
   1.705267E+03   5.633910E+05   4.452925E-01   4.452925E-01   5.441823E-01   4.452925E-01  -1.628242E+01   6.028340E-01  -1.820339E+00        11
   1.706267E+03   5.644530E+05   4.452925E-01   4.452925E-01   5.441823E-01   4.452925E-01  -1.628772E+01   6.015090E-01  -1.820339E+00        11
   1.707267E+03   5.655160E+05   4.452925E-01   4.452925E-01   5.441823E-01   4.452925E-01  -1.629301E+01   6.001853E-01  -1.820339E+00        11
   1.708267E+03   5.665800E+05   4.452925E-01   4.452925E-01   5.441823E-01   4.452925E-01  -1.629830E+01   5.988628E-01  -1.820339E+00        11
   1.709267E+03   5.676450E+05   4.452925E-01   4.452925E-01   5.441823E-01   4.452925E-01  -1.630359E+01   5.975416E-01  -1.820339E+00        11
   1.710267E+03   5.687110E+05   4.452925E-01   4.452925E-01   5.441823E-01   4.452925E-01  -1.630887E+01   5.962216E-01  -1.820339E+00        11
   1.711267E+03   5.697780E+05   4.452925E-01   4.452925E-01   5.441823E-01   4.452925E-01  -1.631414E+01   5.949028E-01  -1.820339E+00        11
   1.712267E+03   5.708460E+05   4.452925E-01   4.452925E-01   5.441823E-01   4.452925E-01  -1.631941E+01   5.935853E-01  -1.820339E+00        11
   1.713267E+03   5.719150E+05   4.452925E-01   4.452925E-01   5.441823E-01   4.452925E-01  -1.632468E+01   5.922690E-01  -1.820339E+00        11
   1.714267E+03   5.729850E+05   4.452925E-01   4.452925E-01   5.441823E-01   4.452925E-01  -1.632994E+01   5.909539E-01  -1.820339E+00        11
   1.715267E+03   5.740560E+05   4.452925E-01   4.452925E-01   5.441823E-01   4.452925E-01  -1.633520E+01   5.896401E-01  -1.820339E+00        11
   1.716267E+03   5.751280E+05   4.452925E-01   4.452925E-01   5.441823E-01   4.452925E-01  -1.634045E+01   5.883275E-01  -1.820339E+00        11
   1.717267E+03   5.762010E+05   4.452925E-01   4.452925E-01   5.441823E-01   4.452925E-01  -1.634569E+01   5.870161E-01  -1.820339E+00        11
   1.718267E+03   5.772750E+05   4.452925E-01   4.452925E-01   5.441823E-01   4.452925E-01  -1.635093E+01   5.857060E-01  -1.820339E+00        11
   1.719267E+03   5.783500E+05   4.452925E-01   4.452925E-01   5.441823E-01   4.452925E-01  -1.635617E+01   5.843970E-01  -1.820339E+00        11
   1.720267E+03   5.794260E+05   4.452925E-01   4.452925E-01   5.441823E-01   4.452925E-01  -1.636140E+01   5.830893E-01  -1.820339E+00        11
   1.721267E+03   5.805030E+05   4.452925E-01   4.452925E-01   5.441823E-01   4.452925E-01  -1.636662E+01   5.817828E-01  -1.820339E+00        11
   1.722267E+03   5.815810E+05   4.452925E-01   4.452925E-01   5.441823E-01   4.452925E-01  -1.637185E+01   5.804775E-01  -1.820339E+00        11
   1.723267E+03   5.826600E+05   4.452925E-01   4.452925E-01   5.441823E-01   4.452925E-01  -1.637706E+01   5.791734E-01  -1.820339E+00        11
   1.724267E+03   5.837400E+05   4.452925E-01   4.452925E-01   5.441823E-01   4.452925E-01  -1.638227E+01   5.778705E-01  -1.820339E+00        11
   1.725267E+03   5.848210E+05   4.452925E-01   4.452925E-01   5.441823E-01   4.452925E-01  -1.638748E+01   5.765688E-01  -1.820339E+00        11
   1.726267E+03   5.859030E+05   4.452925E-01   4.452925E-01   5.441823E-01   4.452925E-01  -1.639268E+01   5.752683E-01  -1.820339E+00        11
   1.727267E+03   5.869860E+05   4.452925E-01   4.452925E-01   5.441823E-01   4.452925E-01  -1.639788E+01   5.739691E-01  -1.820339E+00        11
   1.728267E+03   5.880700E+05   4.452925E-01   4.452925E-01   5.441823E-01   4.452925E-01  -1.640307E+01   5.726710E-01  -1.820339E+00        11
   1.729267E+03   5.891550E+05   4.452925E-01   4.452925E-01   5.441823E-01   4.452925E-01  -1.640826E+01   5.713741E-01  -1.820339E+00        11
   1.730267E+03   5.902410E+05   4.452925E-01   4.452925E-01   5.441823E-01   4.452925E-01  -1.641344E+01   5.700784E-01  -1.820339E+00        11
   1.731267E+03   5.913280E+05   4.452925E-01   4.452925E-01   5.441823E-01   4.452925E-01  -1.641862E+01   5.687839E-01  -1.820339E+00        11
   1.732267E+03   5.924160E+05   4.452925E-01   4.452925E-01   5.441823E-01   4.452925E-01  -1.642379E+01   5.674906E-01  -1.820339E+00        11
   1.733267E+03   5.935050E+05   4.452925E-01   4.452925E-01   5.441823E-01   4.452925E-01  -1.642896E+01   5.661985E-01  -1.820339E+00        11
   1.734267E+03   5.945950E+05   4.452925E-01   4.452925E-01   5.441823E-01   4.452925E-01  -1.643413E+01   5.649076E-01  -1.820339E+00        11
   1.735267E+03   5.956860E+05   4.452925E-01   4.452925E-01   5.441823E-01   4.452925E-01  -1.643928E+01   5.636178E-01  -1.820339E+00        11
   1.736267E+03   5.967780E+05   4.452925E-01   4.452925E-01   5.441823E-01   4.452925E-01  -1.644444E+01   5.623293E-01  -1.820339E+00        11
   1.737267E+03   5.978710E+05   4.452925E-01   4.452925E-01   5.441823E-01   4.452925E-01  -1.644959E+01   5.610419E-01  -1.820339E+00        11
   1.738267E+03   5.989650E+05   4.452925E-01   4.452925E-01   5.441823E-01   4.452925E-01  -1.645473E+01   5.597557E-01  -1.820339E+00        11
   1.739267E+03   6.000600E+05   4.452925E-01   4.452925E-01   5.441823E-01   4.452925E-01  -1.645987E+01   5.584706E-01  -1.820339E+00        11
   1.740267E+03   6.011560E+05   4.452925E-01   4.452925E-01   5.441823E-01   4.452925E-01  -1.646501E+01   5.571868E-01  -1.820339E+00        11
   1.741267E+03   6.022530E+05   4.452925E-01   4.452925E-01   5.441823E-01   4.452925E-01  -1.647014E+01   5.559041E-01  -1.820339E+00        11
   1.742267E+03   6.033510E+05   4.452925E-01   4.452925E-01   5.441823E-01   4.452925E-01  -1.647527E+01   5.546226E-01  -1.820339E+00        11
   1.743267E+03   6.044500E+05   4.452925E-01   4.452925E-01   5.441823E-01   4.452925E-01  -1.648039E+01   5.533422E-01  -1.820339E+00        11
   1.744267E+03   6.055500E+05   4.452925E-01   4.452925E-01   5.441823E-01   4.452925E-01  -1.648550E+01   5.520630E-01  -1.820339E+00        11
   1.745267E+03   6.066510E+05   4.452925E-01   4.452925E-01   5.441823E-01   4.452925E-01  -1.649062E+01   5.507850E-01  -1.820339E+00        11
   1.746267E+03   6.077530E+05   4.452925E-01   4.452925E-01   5.441823E-01   4.452925E-01  -1.649572E+01   5.495081E-01  -1.820339E+00        11
   1.747267E+03   6.088560E+05   4.452925E-01   4.452925E-01   5.441823E-01   4.452925E-01  -1.650083E+01   5.482324E-01  -1.820339E+00        11
   1.748267E+03   6.099600E+05   4.452925E-01   4.452925E-01   5.441823E-01   4.452925E-01  -1.650592E+01   5.469578E-01  -1.820339E+00        11
   1.749267E+03   6.110650E+05   4.452925E-01   4.452925E-01   5.441823E-01   4.452925E-01  -1.651102E+01   5.456844E-01  -1.820339E+00        11
   1.750267E+03   6.121710E+05   4.452925E-01   4.452925E-01   5.441823E-01   4.452925E-01  -1.651611E+01   5.444122E-01  -1.820339E+00        11
   1.751267E+03   6.132780E+05   4.452925E-01   4.452925E-01   5.441823E-01   4.452925E-01  -1.652119E+01   5.431411E-01  -1.820339E+00        11
   1.752267E+03   6.143860E+05   4.452925E-01   4.452925E-01   5.441823E-01   4.452925E-01  -1.652627E+01   5.418711E-01  -1.820339E+00        11
   1.753267E+03   6.154950E+05   4.452925E-01   4.452925E-01   5.441823E-01   4.452925E-01  -1.653135E+01   5.406023E-01  -1.820339E+00        11
   1.754267E+03   6.166050E+05   4.452925E-01   4.452925E-01   5.441823E-01   4.452925E-01  -1.653642E+01   5.393346E-01  -1.820339E+00        11
   1.755267E+03   6.177160E+05   4.452925E-01   4.452925E-01   5.441823E-01   4.452925E-01  -1.654148E+01   5.380681E-01  -1.820339E+00        11
   1.756267E+03   6.188280E+05   4.452925E-01   4.452925E-01   5.441823E-01   4.452925E-01  -1.654655E+01   5.368027E-01  -1.820339E+00        11
   1.757267E+03   6.199410E+05   4.452925E-01   4.452925E-01   5.441823E-01   4.452925E-01  -1.655160E+01   5.355384E-01  -1.820339E+00        11
   1.758267E+03   6.210550E+05   4.452925E-01   4.452925E-01   5.441823E-01   4.452925E-01  -1.655665E+01   5.342753E-01  -1.820339E+00        11
   1.759267E+03   6.221700E+05   4.452925E-01   4.452925E-01   5.441823E-01   4.452925E-01  -1.656170E+01   5.330133E-01  -1.820339E+00        11
   1.760267E+03   6.232860E+05   4.452925E-01   4.452925E-01   5.441823E-01   4.452925E-01  -1.656675E+01   5.317525E-01  -1.820339E+00        11
   1.761267E+03   6.244030E+05   4.452925E-01   4.452925E-01   5.441823E-01   4.452925E-01  -1.657178E+01   5.304928E-01  -1.820339E+00        11
   1.762267E+03   6.255210E+05   4.452925E-01   4.452925E-01   5.441823E-01   4.452925E-01  -1.657682E+01   5.292342E-01  -1.820339E+00        11
   1.763267E+03   6.266400E+05   4.452925E-01   4.452925E-01   5.441823E-01   4.452925E-01  -1.658185E+01   5.279767E-01  -1.820339E+00        11
   1.764267E+03   6.277600E+05   4.452925E-01   4.452925E-01   5.441823E-01   4.452925E-01  -1.658687E+01   5.267203E-01  -1.820339E+00        11
   1.765267E+03   6.288810E+05   4.452925E-01   4.452925E-01   5.441823E-01   4.452925E-01  -1.659190E+01   5.254651E-01  -1.820339E+00        11
   1.766267E+03   6.300030E+05   4.452925E-01   4.452925E-01   5.441823E-01   4.452925E-01  -1.659691E+01   5.242110E-01  -1.820339E+00        11
   1.767267E+03   6.311260E+05   4.452925E-01   4.452925E-01   5.441823E-01   4.452925E-01  -1.660192E+01   5.229580E-01  -1.820339E+00        11
   1.768267E+03   6.322500E+05   4.452925E-01   4.452925E-01   5.441823E-01   4.452925E-01  -1.660693E+01   5.217061E-01  -1.820339E+00        11
   1.769267E+03   6.333750E+05   4.452925E-01   4.452925E-01   5.441823E-01   4.452925E-01  -1.661193E+01   5.204553E-01  -1.820339E+00        11
   1.770267E+03   6.345010E+05   4.452925E-01   4.452925E-01   5.441823E-01   4.452925E-01  -1.661693E+01   5.192057E-01  -1.820339E+00        11
   1.771267E+03   6.356280E+05   4.452925E-01   4.452925E-01   5.441823E-01   4.452925E-01  -1.662193E+01   5.179571E-01  -1.820339E+00        11
   1.772267E+03   6.367560E+05   4.452925E-01   4.452925E-01   5.441823E-01   4.452925E-01  -1.662692E+01   5.167097E-01  -1.820339E+00        11
   1.773267E+03   6.378850E+05   4.452925E-01   4.452925E-01   5.441823E-01   4.452925E-01  -1.663190E+01   5.154634E-01  -1.820339E+00        11
   1.774267E+03   6.390150E+05   4.452925E-01   4.452925E-01   5.441823E-01   4.452925E-01  -1.663688E+01   5.142181E-01  -1.820339E+00        11
   1.775267E+03   6.401460E+05   4.452925E-01   4.452925E-01   5.441823E-01   4.452925E-01  -1.664186E+01   5.129740E-01  -1.820339E+00        11
   1.776267E+03   6.412780E+05   4.452925E-01   4.452925E-01   5.441823E-01   4.452925E-01  -1.664683E+01   5.117310E-01  -1.820339E+00        11
   1.777267E+03   6.424110E+05   4.452925E-01   4.452925E-01   5.441823E-01   4.452925E-01  -1.665180E+01   5.104890E-01  -1.820339E+00        11
   1.778267E+03   6.435450E+05   4.452925E-01   4.452925E-01   5.441823E-01   4.452925E-01  -1.665676E+01   5.092482E-01  -1.820339E+00        11
   1.779267E+03   6.446800E+05   4.452925E-01   4.452925E-01   5.441823E-01   4.452925E-01  -1.666172E+01   5.080084E-01  -1.820339E+00        11
   1.780267E+03   6.458160E+05   4.452925E-01   4.452925E-01   5.441823E-01   4.452925E-01  -1.666668E+01   5.067698E-01  -1.820339E+00        11
   1.781267E+03   6.469530E+05   4.452925E-01   4.452925E-01   5.441823E-01   4.452925E-01  -1.667163E+01   5.055322E-01  -1.820339E+00        11
   1.782267E+03   6.480910E+05   4.452925E-01   4.452925E-01   5.441823E-01   4.452925E-01  -1.667657E+01   5.042957E-01  -1.820339E+00        11
   1.783267E+03   6.492300E+05   4.452925E-01   4.452925E-01   5.441823E-01   4.452925E-01  -1.668151E+01   5.030603E-01  -1.820339E+00        11
   1.784267E+03   6.503700E+05   4.452925E-01   4.452925E-01   5.441823E-01   4.452925E-01  -1.668645E+01   5.018260E-01  -1.820339E+00        11
   1.785267E+03   6.515110E+05   4.452925E-01   4.452925E-01   5.441823E-01   4.452925E-01  -1.669138E+01   5.005928E-01  -1.820339E+00        11
   1.786267E+03   6.526530E+05   4.452925E-01   4.452925E-01   5.441823E-01   4.452925E-01  -1.669631E+01   4.993606E-01  -1.820339E+00        11
   1.787267E+03   6.537960E+05   4.452925E-01   4.452925E-01   5.441823E-01   4.452925E-01  -1.670124E+01   4.981296E-01  -1.820339E+00        11
   1.788267E+03   6.549400E+05   4.452925E-01   4.452925E-01   5.441823E-01   4.452925E-01  -1.670616E+01   4.968996E-01  -1.820339E+00        11
   1.789267E+03   6.560850E+05   4.452925E-01   4.452925E-01   5.441823E-01   4.452925E-01  -1.671107E+01   4.956707E-01  -1.820339E+00        11
   1.790267E+03   6.572310E+05   4.452925E-01   4.452925E-01   5.441823E-01   4.452925E-01  -1.671598E+01   4.944428E-01  -1.820339E+00        11
   1.791267E+03   6.583780E+05   4.452925E-01   4.452925E-01   5.441823E-01   4.452925E-01  -1.672089E+01   4.932160E-01  -1.820339E+00        11
   1.792267E+03   6.595260E+05   4.452925E-01   4.452925E-01   5.441823E-01   4.452925E-01  -1.672579E+01   4.919903E-01  -1.820339E+00        11
   1.793267E+03   6.606750E+05   4.452925E-01   4.452925E-01   5.441823E-01   4.452925E-01  -1.673069E+01   4.907657E-01  -1.820339E+00        11
   1.794267E+03   6.618250E+05   4.452925E-01   4.452925E-01   5.441823E-01   4.452925E-01  -1.673559E+01   4.895421E-01  -1.820339E+00        11
   1.795267E+03   6.629760E+05   4.452925E-01   4.452925E-01   5.441823E-01   4.452925E-01  -1.674048E+01   4.883196E-01  -1.820339E+00        11
   1.796267E+03   6.641280E+05   4.452925E-01   4.452925E-01   5.441823E-01   4.452925E-01  -1.674536E+01   4.870981E-01  -1.820339E+00        11
   1.797267E+03   6.652810E+05   4.452925E-01   4.452925E-01   5.441823E-01   4.452925E-01  -1.675024E+01   4.858777E-01  -1.820339E+00        11
   1.798267E+03   6.664350E+05   4.452925E-01   4.452925E-01   5.441823E-01   4.452925E-01  -1.675512E+01   4.846584E-01  -1.820339E+00        11
   1.799267E+03   6.675900E+05   4.452925E-01   4.452925E-01   5.441823E-01   4.452925E-01  -1.676000E+01   4.834401E-01  -1.820339E+00        11
   1.800267E+03   6.687460E+05   4.452925E-01   4.452925E-01   5.441823E-01   4.452925E-01  -1.676486E+01   4.822229E-01  -1.820339E+00        11
   1.801267E+03   6.699030E+05   4.452925E-01   4.452925E-01   5.441823E-01   4.452925E-01  -1.676973E+01   4.810067E-01  -1.820339E+00        11
   1.802267E+03   6.710610E+05   4.452925E-01   4.452925E-01   5.441823E-01   4.452925E-01  -1.677459E+01   4.797916E-01  -1.820339E+00        11
   1.803267E+03   6.722200E+05   4.452925E-01   4.452925E-01   5.441823E-01   4.452925E-01  -1.677945E+01   4.785775E-01  -1.820339E+00        11
   1.804267E+03   6.733800E+05   4.452925E-01   4.452925E-01   5.441823E-01   4.452925E-01  -1.678430E+01   4.773645E-01  -1.820339E+00        11
   1.805267E+03   6.745410E+05   4.452925E-01   4.452925E-01   5.441823E-01   4.452925E-01  -1.678915E+01   4.761525E-01  -1.820339E+00        11
   1.806267E+03   6.757030E+05   4.452925E-01   4.452925E-01   5.441823E-01   4.452925E-01  -1.679399E+01   4.749416E-01  -1.820339E+00        11
   1.807267E+03   6.768660E+05   4.452925E-01   4.452925E-01   5.441823E-01   4.452925E-01  -1.679883E+01   4.737317E-01  -1.820339E+00        11
   1.808267E+03   6.780300E+05   4.452925E-01   4.452925E-01   5.441823E-01   4.452925E-01  -1.680366E+01   4.725228E-01  -1.820339E+00        11
   1.809267E+03   6.791950E+05   4.452925E-01   4.452925E-01   5.441823E-01   4.452925E-01  -1.680850E+01   4.713150E-01  -1.820339E+00        11
   1.810267E+03   6.803610E+05   4.452925E-01   4.452925E-01   5.441823E-01   4.452925E-01  -1.681332E+01   4.701082E-01  -1.820339E+00        11
   1.811267E+03   6.815280E+05   4.452925E-01   4.452925E-01   5.441823E-01   4.452925E-01  -1.681815E+01   4.689024E-01  -1.820339E+00        11
   1.812267E+03   6.826960E+05   4.452925E-01   4.452925E-01   5.441823E-01   4.452925E-01  -1.682297E+01   4.676977E-01  -1.820339E+00        11
   1.813267E+03   6.838650E+05   4.452925E-01   4.452925E-01   5.441823E-01   4.452925E-01  -1.682778E+01   4.664940E-01  -1.820339E+00        11
   1.814267E+03   6.850350E+05   4.452925E-01   4.452925E-01   5.441823E-01   4.452925E-01  -1.683259E+01   4.652914E-01  -1.820339E+00        11
   1.815267E+03   6.862060E+05   4.452925E-01   4.452925E-01   5.441823E-01   4.452925E-01  -1.683740E+01   4.640897E-01  -1.820339E+00        11
   1.816267E+03   6.873780E+05   4.452925E-01   4.452925E-01   5.441823E-01   4.452925E-01  -1.684220E+01   4.628891E-01  -1.820339E+00        11
   1.817267E+03   6.885510E+05   4.452925E-01   4.452925E-01   5.441823E-01   4.452925E-01  -1.684700E+01   4.616895E-01  -1.820339E+00        11
   1.818267E+03   6.897250E+05   4.452925E-01   4.452925E-01   5.441823E-01   4.452925E-01  -1.685179E+01   4.604910E-01  -1.820339E+00        11
   1.819267E+03   6.909000E+05   4.452925E-01   4.452925E-01   5.441823E-01   4.452925E-01  -1.685658E+01   4.592934E-01  -1.820339E+00        11
   1.820267E+03   6.920760E+05   4.452925E-01   4.452925E-01   5.441823E-01   4.452925E-01  -1.686137E+01   4.580969E-01  -1.820339E+00        11
   1.821267E+03   6.932530E+05   4.452925E-01   4.452925E-01   5.441823E-01   4.452925E-01  -1.686615E+01   4.569014E-01  -1.820339E+00        11
   1.822267E+03   6.944310E+05   4.452925E-01   4.452925E-01   5.441823E-01   4.452925E-01  -1.687093E+01   4.557069E-01  -1.820339E+00        11
   1.823267E+03   6.956100E+05   4.452925E-01   4.452925E-01   5.441823E-01   4.452925E-01  -1.687570E+01   4.545134E-01  -1.820339E+00        11
   1.824267E+03   6.967900E+05   4.452925E-01   4.452925E-01   5.441823E-01   4.452925E-01  -1.688047E+01   4.533209E-01  -1.820339E+00        11
   1.825267E+03   6.979710E+05   4.452925E-01   4.452925E-01   5.441823E-01   4.452925E-01  -1.688524E+01   4.521295E-01  -1.820339E+00        11
   1.826267E+03   6.991530E+05   4.452925E-01   4.452925E-01   5.441823E-01   4.452925E-01  -1.689000E+01   4.509390E-01  -1.820339E+00        11
   1.827267E+03   7.003360E+05   4.452925E-01   4.452925E-01   5.441823E-01   4.452925E-01  -1.689476E+01   4.497496E-01  -1.820339E+00        11
   1.828267E+03   7.015200E+05   4.452925E-01   4.452925E-01   5.441823E-01   4.452925E-01  -1.689951E+01   4.485611E-01  -1.820339E+00        11
   1.829267E+03   7.027050E+05   4.452925E-01   4.452925E-01   5.441823E-01   4.452925E-01  -1.690426E+01   4.473737E-01  -1.820339E+00        11
   1.830267E+03   7.038910E+05   4.452925E-01   4.452925E-01   5.441823E-01   4.452925E-01  -1.690901E+01   4.461873E-01  -1.820339E+00        11
   1.831267E+03   7.050780E+05   4.452925E-01   4.452925E-01   5.441823E-01   4.452925E-01  -1.691375E+01   4.450018E-01  -1.820339E+00        11
   1.832267E+03   7.062660E+05   4.452925E-01   4.452925E-01   5.441823E-01   4.452925E-01  -1.691849E+01   4.438174E-01  -1.820339E+00        11
   1.833267E+03   7.074550E+05   4.452925E-01   4.452925E-01   5.441823E-01   4.452925E-01  -1.692322E+01   4.426339E-01  -1.820339E+00        11
   1.834267E+03   7.086450E+05   4.452925E-01   4.452925E-01   5.441823E-01   4.452925E-01  -1.692795E+01   4.414515E-01  -1.820339E+00        11
   1.835267E+03   7.098360E+05   4.452925E-01   4.452925E-01   5.441823E-01   4.452925E-01  -1.693268E+01   4.402700E-01  -1.820339E+00        11
   1.836267E+03   7.110280E+05   4.452925E-01   4.452925E-01   5.441823E-01   4.452925E-01  -1.693740E+01   4.390896E-01  -1.820339E+00        11
   1.837267E+03   7.122210E+05   4.452925E-01   4.452925E-01   5.441823E-01   4.452925E-01  -1.694212E+01   4.379101E-01  -1.820339E+00        11
   1.838267E+03   7.134150E+05   4.452925E-01   4.452925E-01   5.441823E-01   4.452925E-01  -1.694683E+01   4.367316E-01  -1.820339E+00        11
   1.839267E+03   7.146100E+05   4.452925E-01   4.452925E-01   5.441823E-01   4.452925E-01  -1.695154E+01   4.355541E-01  -1.820339E+00        11
   1.840267E+03   7.158060E+05   4.452925E-01   4.452925E-01   5.441823E-01   4.452925E-01  -1.695625E+01   4.343776E-01  -1.820339E+00        11
   1.841267E+03   7.170030E+05   4.452925E-01   4.452925E-01   5.441823E-01   4.452925E-01  -1.696095E+01   4.332021E-01  -1.820339E+00        11
   1.842267E+03   7.182010E+05   4.452925E-01   4.452925E-01   5.441823E-01   4.452925E-01  -1.696565E+01   4.320275E-01  -1.820339E+00        11
   1.843267E+03   7.194000E+05   4.452925E-01   4.452925E-01   5.441823E-01   4.452925E-01  -1.697034E+01   4.308539E-01  -1.820339E+00        11
   1.844267E+03   7.206000E+05   4.452925E-01   4.452925E-01   5.441823E-01   4.452925E-01  -1.697503E+01   4.296813E-01  -1.820339E+00        11
   1.845267E+03   7.218010E+05   4.452925E-01   4.452925E-01   5.441823E-01   4.452925E-01  -1.697972E+01   4.285097E-01  -1.820339E+00        11
   1.846267E+03   7.230030E+05   4.452925E-01   4.452925E-01   5.441823E-01   4.452925E-01  -1.698440E+01   4.273391E-01  -1.820339E+00        11
   1.847267E+03   7.242060E+05   4.452925E-01   4.452925E-01   5.441823E-01   4.452925E-01  -1.698908E+01   4.261694E-01  -1.820339E+00        11
   1.848267E+03   7.254100E+05   4.452925E-01   4.452925E-01   5.441823E-01   4.452925E-01  -1.699375E+01   4.250007E-01  -1.820339E+00        11
   1.849267E+03   7.266150E+05   4.452925E-01   4.452925E-01   5.441823E-01   4.452925E-01  -1.699842E+01   4.238330E-01  -1.820339E+00        11
   1.850267E+03   7.278210E+05   4.452925E-01   4.452925E-01   5.441823E-01   4.452925E-01  -1.700309E+01   4.226662E-01  -1.820339E+00        11
   1.851267E+03   7.290280E+05   4.452925E-01   4.452925E-01   5.441823E-01   4.452925E-01  -1.700775E+01   4.215004E-01  -1.820339E+00        11
   1.852267E+03   7.302360E+05   4.452925E-01   4.452925E-01   5.441823E-01   4.452925E-01  -1.701241E+01   4.203356E-01  -1.820339E+00        11
   1.853267E+03   7.314450E+05   4.452925E-01   4.452925E-01   5.441823E-01   4.452925E-01  -1.701707E+01   4.191717E-01  -1.820339E+00        11
   1.854267E+03   7.326550E+05   4.452925E-01   4.452925E-01   5.441823E-01   4.452925E-01  -1.702172E+01   4.180088E-01  -1.820339E+00        11
   1.855267E+03   7.338660E+05   4.452925E-01   4.452925E-01   5.441823E-01   4.452925E-01  -1.702637E+01   4.168469E-01  -1.820339E+00        11
   1.856267E+03   7.350780E+05   4.452925E-01   4.452925E-01   5.441823E-01   4.452925E-01  -1.703101E+01   4.156859E-01  -1.820339E+00        11
   1.857267E+03   7.362910E+05   4.452925E-01   4.452925E-01   5.441823E-01   4.452925E-01  -1.703565E+01   4.145259E-01  -1.820339E+00        11
   1.858267E+03   7.375050E+05   4.452925E-01   4.452925E-01   5.441823E-01   4.452925E-01  -1.704029E+01   4.133668E-01  -1.820339E+00        11
   1.859267E+03   7.387200E+05   4.452925E-01   4.452925E-01   5.441823E-01   4.452925E-01  -1.704492E+01   4.122087E-01  -1.820339E+00        11
   1.860267E+03   7.399360E+05   4.452925E-01   4.452925E-01   5.441823E-01   4.452925E-01  -1.704955E+01   4.110515E-01  -1.820339E+00        11
   1.861267E+03   7.411530E+05   4.452925E-01   4.452925E-01   5.441823E-01   4.452925E-01  -1.705417E+01   4.098953E-01  -1.820339E+00        11
   1.862267E+03   7.423710E+05   4.452925E-01   4.452925E-01   5.441823E-01   4.452925E-01  -1.705880E+01   4.087400E-01  -1.820339E+00        11
   1.863267E+03   7.435900E+05   4.452925E-01   4.452925E-01   5.441823E-01   4.452925E-01  -1.706341E+01   4.075857E-01  -1.820339E+00        11
   1.864267E+03   7.448100E+05   4.452925E-01   4.452925E-01   5.441823E-01   4.452925E-01  -1.706803E+01   4.064323E-01  -1.820339E+00        11
   1.865267E+03   7.460310E+05   4.452925E-01   4.452925E-01   5.441823E-01   4.452925E-01  -1.707264E+01   4.052799E-01  -1.820339E+00        11
   1.866267E+03   7.472530E+05   4.452925E-01   4.452925E-01   5.441823E-01   4.452925E-01  -1.707724E+01   4.041284E-01  -1.820339E+00        11
   1.867267E+03   7.484760E+05   4.452925E-01   4.452925E-01   5.441823E-01   4.452925E-01  -1.708184E+01   4.029779E-01  -1.820339E+00        11
   1.868267E+03   7.497000E+05   4.452925E-01   4.452925E-01   5.441823E-01   4.452925E-01  -1.708644E+01   4.018283E-01  -1.820339E+00        11
   1.869267E+03   7.509250E+05   4.452925E-01   4.452925E-01   5.441823E-01   4.452925E-01  -1.709104E+01   4.006796E-01  -1.820339E+00        11
   1.870267E+03   7.521510E+05   4.452925E-01   4.452925E-01   5.441823E-01   4.452925E-01  -1.709563E+01   3.995319E-01  -1.820339E+00        11
   1.871267E+03   7.533780E+05   4.452925E-01   4.452925E-01   5.441823E-01   4.452925E-01  -1.710022E+01   3.983851E-01  -1.820339E+00        11
   1.872267E+03   7.546060E+05   4.452925E-01   4.452925E-01   5.441823E-01   4.452925E-01  -1.710480E+01   3.972392E-01  -1.820339E+00        11
   1.873267E+03   7.558350E+05   4.452925E-01   4.452925E-01   5.441823E-01   4.452925E-01  -1.710938E+01   3.960943E-01  -1.820339E+00        11
   1.874267E+03   7.570650E+05   4.452925E-01   4.452925E-01   5.441823E-01   4.452925E-01  -1.711395E+01   3.949503E-01  -1.820339E+00        11
   1.875267E+03   7.582960E+05   4.452925E-01   4.452925E-01   5.441823E-01   4.452925E-01  -1.711853E+01   3.938072E-01  -1.820339E+00        11
   1.876267E+03   7.595280E+05   4.452925E-01   4.452925E-01   5.441823E-01   4.452925E-01  -1.712310E+01   3.926651E-01  -1.820339E+00        11
   1.877267E+03   7.607610E+05   4.452925E-01   4.452925E-01   5.441823E-01   4.452925E-01  -1.712766E+01   3.915239E-01  -1.820339E+00        11
   1.878267E+03   7.619950E+05   4.452925E-01   4.452925E-01   5.441823E-01   4.452925E-01  -1.713222E+01   3.903836E-01  -1.820339E+00        11
   1.879267E+03   7.632300E+05   4.452925E-01   4.452925E-01   5.441823E-01   4.452925E-01  -1.713678E+01   3.892442E-01  -1.820339E+00        11
   1.880267E+03   7.644660E+05   4.452925E-01   4.452925E-01   5.441823E-01   4.452925E-01  -1.714133E+01   3.881058E-01  -1.820339E+00        11
   1.881267E+03   7.657030E+05   4.452925E-01   4.452925E-01   5.441823E-01   4.452925E-01  -1.714588E+01   3.869683E-01  -1.820339E+00        11
   1.882267E+03   7.669410E+05   4.452925E-01   4.452925E-01   5.441823E-01   4.452925E-01  -1.715043E+01   3.858317E-01  -1.820339E+00        11
   1.883267E+03   7.681800E+05   4.452925E-01   4.452925E-01   5.441823E-01   4.452925E-01  -1.715497E+01   3.846960E-01  -1.820339E+00        11
   1.884267E+03   7.694200E+05   4.452925E-01   4.452925E-01   5.441823E-01   4.452925E-01  -1.715951E+01   3.835612E-01  -1.820339E+00        11
   1.885267E+03   7.706610E+05   4.452925E-01   4.452925E-01   5.441823E-01   4.452925E-01  -1.716405E+01   3.824274E-01  -1.820339E+00        11
   1.886267E+03   7.719030E+05   4.452925E-01   4.452925E-01   5.441823E-01   4.452925E-01  -1.716858E+01   3.812944E-01  -1.820339E+00        11
   1.887267E+03   7.731460E+05   4.452925E-01   4.452925E-01   5.441823E-01   4.452925E-01  -1.717311E+01   3.801624E-01  -1.820339E+00        11
   1.888267E+03   7.743900E+05   4.452925E-01   4.452925E-01   5.441823E-01   4.452925E-01  -1.717763E+01   3.790313E-01  -1.820339E+00        11
   1.889267E+03   7.756350E+05   4.452925E-01   4.452925E-01   5.441823E-01   4.452925E-01  -1.718215E+01   3.779011E-01  -1.820339E+00        11
   1.890267E+03   7.768810E+05   4.452925E-01   4.452925E-01   5.441823E-01   4.452925E-01  -1.718667E+01   3.767718E-01  -1.820339E+00        11
   1.891267E+03   7.781280E+05   4.452925E-01   4.452925E-01   5.441823E-01   4.452925E-01  -1.719118E+01   3.756434E-01  -1.820339E+00        11
   1.892267E+03   7.793760E+05   4.452925E-01   4.452925E-01   5.441823E-01   4.452925E-01  -1.719569E+01   3.745159E-01  -1.820339E+00        11
   1.893267E+03   7.806250E+05   4.452925E-01   4.452925E-01   5.441823E-01   4.452925E-01  -1.720020E+01   3.733893E-01  -1.820339E+00        11
   1.894267E+03   7.818750E+05   4.452925E-01   4.452925E-01   5.441823E-01   4.452925E-01  -1.720470E+01   3.722636E-01  -1.820339E+00        11
   1.895267E+03   7.831260E+05   4.452925E-01   4.452925E-01   5.441823E-01   4.452925E-01  -1.720920E+01   3.711388E-01  -1.820339E+00        11
   1.896267E+03   7.843780E+05   4.452925E-01   4.452925E-01   5.441823E-01   4.452925E-01  -1.721370E+01   3.700149E-01  -1.820339E+00        11
   1.897267E+03   7.856310E+05   4.452925E-01   4.452925E-01   5.441823E-01   4.452925E-01  -1.721819E+01   3.688919E-01  -1.820339E+00        11
   1.898267E+03   7.868850E+05   4.452925E-01   4.452925E-01   5.441823E-01   4.452925E-01  -1.722268E+01   3.677698E-01  -1.820339E+00        11
   1.899267E+03   7.881400E+05   4.452925E-01   4.452925E-01   5.441823E-01   4.452925E-01  -1.722716E+01   3.666486E-01  -1.820339E+00        11
   1.900267E+03   7.893960E+05   4.452925E-01   4.452925E-01   5.441823E-01   4.452925E-01  -1.723164E+01   3.655283E-01  -1.820339E+00        11
   1.901267E+03   7.906530E+05   4.452925E-01   4.452925E-01   5.441823E-01   4.452925E-01  -1.723612E+01   3.644088E-01  -1.820339E+00        11
   1.902267E+03   7.919110E+05   4.452925E-01   4.452925E-01   5.441823E-01   4.452925E-01  -1.724059E+01   3.632903E-01  -1.820339E+00        11
   1.903267E+03   7.931700E+05   4.452925E-01   4.452925E-01   5.441823E-01   4.452925E-01  -1.724507E+01   3.621727E-01  -1.820339E+00        11
   1.904267E+03   7.944300E+05   4.452925E-01   4.452925E-01   5.441823E-01   4.452925E-01  -1.724953E+01   3.610559E-01  -1.820339E+00        11
   1.905267E+03   7.956910E+05   4.452925E-01   4.452925E-01   5.441823E-01   4.452925E-01  -1.725400E+01   3.599400E-01  -1.820339E+00        11
   1.906267E+03   7.969530E+05   4.452925E-01   4.452925E-01   5.441823E-01   4.452925E-01  -1.725846E+01   3.588251E-01  -1.820339E+00        11
   1.907267E+03   7.982160E+05   4.452925E-01   4.452925E-01   5.441823E-01   4.452925E-01  -1.726291E+01   3.577110E-01  -1.820339E+00        11
   1.908267E+03   7.994800E+05   4.452925E-01   4.452925E-01   5.441823E-01   4.452925E-01  -1.726736E+01   3.565977E-01  -1.820339E+00        11
   1.909267E+03   8.007450E+05   4.452925E-01   4.452925E-01   5.441823E-01   4.452925E-01  -1.727181E+01   3.554854E-01  -1.820339E+00        11
   1.910267E+03   8.020110E+05   4.452925E-01   4.452925E-01   5.441823E-01   4.452925E-01  -1.727626E+01   3.543739E-01  -1.820339E+00        11
   1.911267E+03   8.032780E+05   4.452925E-01   4.452925E-01   5.441823E-01   4.452925E-01  -1.728070E+01   3.532633E-01  -1.820339E+00        11
   1.912267E+03   8.045460E+05   4.452925E-01   4.452925E-01   5.441823E-01   4.452925E-01  -1.728514E+01   3.521536E-01  -1.820339E+00        11
   1.913267E+03   8.058150E+05   4.452925E-01   4.452925E-01   5.441823E-01   4.452925E-01  -1.728958E+01   3.510448E-01  -1.820339E+00        11
   1.914267E+03   8.070850E+05   4.452925E-01   4.452925E-01   5.441823E-01   4.452925E-01  -1.729401E+01   3.499368E-01  -1.820339E+00        11
   1.915267E+03   8.083560E+05   4.452925E-01   4.452925E-01   5.441823E-01   4.452925E-01  -1.729844E+01   3.488297E-01  -1.820339E+00        11
   1.916267E+03   8.096280E+05   4.452925E-01   4.452925E-01   5.441823E-01   4.452925E-01  -1.730286E+01   3.477235E-01  -1.820339E+00        11
   1.917267E+03   8.109010E+05   4.452925E-01   4.452925E-01   5.441823E-01   4.452925E-01  -1.730728E+01   3.466182E-01  -1.820339E+00        11
   1.918267E+03   8.121750E+05   4.452925E-01   4.452925E-01   5.441823E-01   4.452925E-01  -1.731170E+01   3.455137E-01  -1.820339E+00        11
   1.919267E+03   8.134500E+05   4.452925E-01   4.452925E-01   5.441823E-01   4.452925E-01  -1.731612E+01   3.444100E-01  -1.820339E+00        11
   1.920267E+03   8.147260E+05   4.452925E-01   4.452925E-01   5.441823E-01   4.452925E-01  -1.732053E+01   3.433073E-01  -1.820339E+00        11
   1.921267E+03   8.160030E+05   4.452925E-01   4.452925E-01   5.441823E-01   4.452925E-01  -1.732493E+01   3.422054E-01  -1.820339E+00        11
   1.922267E+03   8.172810E+05   4.452925E-01   4.452925E-01   5.441823E-01   4.452925E-01  -1.732934E+01   3.411044E-01  -1.820339E+00        11
   1.923267E+03   8.185600E+05   4.452925E-01   4.452925E-01   5.441823E-01   4.452925E-01  -1.733374E+01   3.400042E-01  -1.820339E+00        11
   1.924267E+03   8.198400E+05   4.452925E-01   4.452925E-01   5.441823E-01   4.452925E-01  -1.733814E+01   3.389049E-01  -1.820339E+00        11
   1.925267E+03   8.211210E+05   4.452925E-01   4.452925E-01   5.441823E-01   4.452925E-01  -1.734253E+01   3.378064E-01  -1.820339E+00        11
   1.926267E+03   8.224030E+05   4.452925E-01   4.452925E-01   5.441823E-01   4.452925E-01  -1.734692E+01   3.367089E-01  -1.820339E+00        11
   1.927267E+03   8.236860E+05   4.452925E-01   4.452925E-01   5.441823E-01   4.452925E-01  -1.735131E+01   3.356121E-01  -1.820339E+00        11
   1.928267E+03   8.249700E+05   4.452925E-01   4.452925E-01   5.441823E-01   4.452925E-01  -1.735569E+01   3.345162E-01  -1.820339E+00        11
   1.929267E+03   8.262550E+05   4.452925E-01   4.452925E-01   5.441823E-01   4.452925E-01  -1.736007E+01   3.334212E-01  -1.820339E+00        11
   1.930267E+03   8.275410E+05   4.452925E-01   4.452925E-01   5.441823E-01   4.452925E-01  -1.736445E+01   3.323270E-01  -1.820339E+00        11
   1.931267E+03   8.288280E+05   4.452925E-01   4.452925E-01   5.441823E-01   4.452925E-01  -1.736882E+01   3.312337E-01  -1.820339E+00        11
   1.932267E+03   8.301160E+05   4.452925E-01   4.452925E-01   5.441823E-01   4.452925E-01  -1.737319E+01   3.301412E-01  -1.820339E+00        11
   1.933267E+03   8.314050E+05   4.452925E-01   4.452925E-01   5.441823E-01   4.452925E-01  -1.737756E+01   3.290496E-01  -1.820339E+00        11
   1.934267E+03   8.326950E+05   4.452925E-01   4.452925E-01   5.441823E-01   4.452925E-01  -1.738192E+01   3.279588E-01  -1.820339E+00        11
   1.935267E+03   8.339860E+05   4.452925E-01   4.452925E-01   5.441823E-01   4.452925E-01  -1.738628E+01   3.268689E-01  -1.820339E+00        11
   1.936267E+03   8.352780E+05   4.452925E-01   4.452925E-01   5.441823E-01   4.452925E-01  -1.739064E+01   3.257798E-01  -1.820339E+00        11
   1.937267E+03   8.365710E+05   4.452925E-01   4.452925E-01   5.441823E-01   4.452925E-01  -1.739499E+01   3.246915E-01  -1.820339E+00        11
   1.938267E+03   8.378650E+05   4.452925E-01   4.452925E-01   5.441823E-01   4.452925E-01  -1.739934E+01   3.236041E-01  -1.820339E+00        11
   1.939267E+03   8.391600E+05   4.452925E-01   4.452925E-01   5.441823E-01   4.452925E-01  -1.740369E+01   3.225175E-01  -1.820339E+00        11
   1.940267E+03   8.404560E+05   4.452925E-01   4.452925E-01   5.441823E-01   4.452925E-01  -1.740803E+01   3.214318E-01  -1.820339E+00        11
   1.941267E+03   8.417530E+05   4.452925E-01   4.452925E-01   5.441823E-01   4.452925E-01  -1.741237E+01   3.203469E-01  -1.820339E+00        11
   1.942267E+03   8.430510E+05   4.452925E-01   4.452925E-01   5.441823E-01   4.452925E-01  -1.741670E+01   3.192628E-01  -1.820339E+00        11
   1.943267E+03   8.443500E+05   4.452925E-01   4.452925E-01   5.441823E-01   4.452925E-01  -1.742104E+01   3.181796E-01  -1.820339E+00        11
   1.944267E+03   8.456500E+05   4.452925E-01   4.452925E-01   5.441823E-01   4.452925E-01  -1.742537E+01   3.170972E-01  -1.820339E+00        11
   1.945267E+03   8.469510E+05   4.452925E-01   4.452925E-01   5.441823E-01   4.452925E-01  -1.742969E+01   3.160156E-01  -1.820339E+00        11
   1.946267E+03   8.482530E+05   4.452925E-01   4.452925E-01   5.441823E-01   4.452925E-01  -1.743402E+01   3.149349E-01  -1.820339E+00        11
   1.947267E+03   8.495560E+05   4.452925E-01   4.452925E-01   5.441823E-01   4.452925E-01  -1.743834E+01   3.138550E-01  -1.820339E+00        11
   1.948267E+03   8.508600E+05   4.452925E-01   4.452925E-01   5.441823E-01   4.452925E-01  -1.744265E+01   3.127759E-01  -1.820339E+00        11
   1.949267E+03   8.521650E+05   4.452925E-01   4.452925E-01   5.441823E-01   4.452925E-01  -1.744697E+01   3.116977E-01  -1.820339E+00        11
   1.950267E+03   8.534710E+05   4.452925E-01   4.452925E-01   5.441823E-01   4.452925E-01  -1.745127E+01   3.106202E-01  -1.820339E+00        11
   1.951267E+03   8.547780E+05   4.452925E-01   4.452925E-01   5.441823E-01   4.452925E-01  -1.745558E+01   3.095436E-01  -1.820339E+00        11
   1.952267E+03   8.560860E+05   4.452925E-01   4.452925E-01   5.441823E-01   4.452925E-01  -1.745988E+01   3.084679E-01  -1.820339E+00        11
   1.953267E+03   8.573950E+05   4.452925E-01   4.452925E-01   5.441823E-01   4.452925E-01  -1.746418E+01   3.073929E-01  -1.820339E+00        11
   1.954267E+03   8.587050E+05   4.452925E-01   4.452925E-01   5.441823E-01   4.452925E-01  -1.746848E+01   3.063188E-01  -1.820339E+00        11
   1.955267E+03   8.600160E+05   4.452925E-01   4.452925E-01   5.441823E-01   4.452925E-01  -1.747277E+01   3.052455E-01  -1.820339E+00        11
   1.956267E+03   8.613280E+05   4.452925E-01   4.452925E-01   5.441823E-01   4.452925E-01  -1.747706E+01   3.041730E-01  -1.820339E+00        11
   1.957267E+03   8.626410E+05   4.452925E-01   4.452925E-01   5.441823E-01   4.452925E-01  -1.748135E+01   3.031013E-01  -1.820339E+00        11
   1.958267E+03   8.639550E+05   4.452925E-01   4.452925E-01   5.441823E-01   4.452925E-01  -1.748563E+01   3.020304E-01  -1.820339E+00        11
   1.959267E+03   8.652700E+05   4.452925E-01   4.452925E-01   5.441823E-01   4.452925E-01  -1.748991E+01   3.009604E-01  -1.820339E+00        11
   1.960267E+03   8.665860E+05   4.452925E-01   4.452925E-01   5.441823E-01   4.452925E-01  -1.749419E+01   2.998911E-01  -1.820339E+00        11
   1.961267E+03   8.679030E+05   4.452925E-01   4.452925E-01   5.441823E-01   4.452925E-01  -1.749846E+01   2.988227E-01  -1.820339E+00        11
   1.962267E+03   8.692210E+05   4.452925E-01   4.452925E-01   5.441823E-01   4.452925E-01  -1.750274E+01   2.977551E-01  -1.820339E+00        11
   1.963267E+03   8.705400E+05   4.452925E-01   4.452925E-01   5.441823E-01   4.452925E-01  -1.750700E+01   2.966883E-01  -1.820339E+00        11
   1.964267E+03   8.718600E+05   4.452925E-01   4.452925E-01   5.441823E-01   4.452925E-01  -1.751127E+01   2.956223E-01  -1.820339E+00        11
   1.965267E+03   8.731810E+05   4.452925E-01   4.452925E-01   5.441823E-01   4.452925E-01  -1.751553E+01   2.945571E-01  -1.820339E+00        11
   1.966267E+03   8.745030E+05   4.452925E-01   4.452925E-01   5.441823E-01   4.452925E-01  -1.751978E+01   2.934927E-01  -1.820339E+00        11
   1.967267E+03   8.758260E+05   4.452925E-01   4.452925E-01   5.441823E-01   4.452925E-01  -1.752404E+01   2.924292E-01  -1.820339E+00        11
   1.968267E+03   8.771500E+05   4.452925E-01   4.452925E-01   5.441823E-01   4.452925E-01  -1.752829E+01   2.913664E-01  -1.820339E+00        11
   1.969267E+03   8.784750E+05   4.452925E-01   4.452925E-01   5.441823E-01   4.452925E-01  -1.753254E+01   2.903044E-01  -1.820339E+00        11
   1.970267E+03   8.798010E+05   4.452925E-01   4.452925E-01   5.441823E-01   4.452925E-01  -1.753678E+01   2.892432E-01  -1.820339E+00        11
   1.971267E+03   8.811280E+05   4.452925E-01   4.452925E-01   5.441823E-01   4.452925E-01  -1.754102E+01   2.881829E-01  -1.820339E+00        11
   1.972267E+03   8.824560E+05   4.452925E-01   4.452925E-01   5.441823E-01   4.452925E-01  -1.754526E+01   2.871233E-01  -1.820339E+00        11
   1.973267E+03   8.837850E+05   4.452925E-01   4.452925E-01   5.441823E-01   4.452925E-01  -1.754950E+01   2.860645E-01  -1.820339E+00        11
   1.974267E+03   8.851150E+05   4.452925E-01   4.452925E-01   5.441823E-01   4.452925E-01  -1.755373E+01   2.850065E-01  -1.820339E+00        11
   1.975267E+03   8.864460E+05   4.452925E-01   4.452925E-01   5.441823E-01   4.452925E-01  -1.755796E+01   2.839494E-01  -1.820339E+00        11
   1.976267E+03   8.877780E+05   4.452925E-01   4.452925E-01   5.441823E-01   4.452925E-01  -1.756218E+01   2.828930E-01  -1.820339E+00        11
   1.977267E+03   8.891110E+05   4.452925E-01   4.452925E-01   5.441823E-01   4.452925E-01  -1.756641E+01   2.818374E-01  -1.820339E+00        11
   1.978267E+03   8.904450E+05   4.452925E-01   4.452925E-01   5.441823E-01   4.452925E-01  -1.757063E+01   2.807826E-01  -1.820339E+00        11
   1.979267E+03   8.917800E+05   4.452925E-01   4.452925E-01   5.441823E-01   4.452925E-01  -1.757484E+01   2.797285E-01  -1.820339E+00        11
   1.980267E+03   8.931160E+05   4.452925E-01   4.452925E-01   5.441823E-01   4.452925E-01  -1.757905E+01   2.786753E-01  -1.820339E+00        11
   1.981267E+03   8.944530E+05   4.452925E-01   4.452925E-01   5.441823E-01   4.452925E-01  -1.758326E+01   2.776229E-01  -1.820339E+00        11
   1.982267E+03   8.957910E+05   4.452925E-01   4.452925E-01   5.441823E-01   4.452925E-01  -1.758747E+01   2.765712E-01  -1.820339E+00        11
   1.983267E+03   8.971300E+05   4.452925E-01   4.452925E-01   5.441823E-01   4.452925E-01  -1.759167E+01   2.755203E-01  -1.820339E+00        11
   1.984267E+03   8.984700E+05   4.452925E-01   4.452925E-01   5.441823E-01   4.452925E-01  -1.759587E+01   2.744703E-01  -1.820339E+00        11
   1.985267E+03   8.998110E+05   4.452925E-01   4.452925E-01   5.441823E-01   4.452925E-01  -1.760007E+01   2.734210E-01  -1.820339E+00        11
   1.986267E+03   9.011530E+05   4.452925E-01   4.452925E-01   5.441823E-01   4.452925E-01  -1.760427E+01   2.723724E-01  -1.820339E+00        11
   1.987267E+03   9.024960E+05   4.452925E-01   4.452925E-01   5.441823E-01   4.452925E-01  -1.760846E+01   2.713247E-01  -1.820339E+00        11
   1.988267E+03   9.038400E+05   4.452925E-01   4.452925E-01   5.441823E-01   4.452925E-01  -1.761264E+01   2.702777E-01  -1.820339E+00        11
   1.989267E+03   9.051850E+05   4.452925E-01   4.452925E-01   5.441823E-01   4.452925E-01  -1.761683E+01   2.692316E-01  -1.820339E+00        11
   1.990267E+03   9.065310E+05   4.452925E-01   4.452925E-01   5.441823E-01   4.452925E-01  -1.762101E+01   2.681861E-01  -1.820339E+00        11
   1.991267E+03   9.078780E+05   4.452925E-01   4.452925E-01   5.441823E-01   4.452925E-01  -1.762519E+01   2.671415E-01  -1.820339E+00        11
   1.992267E+03   9.092260E+05   4.452925E-01   4.452925E-01   5.441823E-01   4.452925E-01  -1.762937E+01   2.660977E-01  -1.820339E+00        11
   1.993267E+03   9.105750E+05   4.452925E-01   4.452925E-01   5.441823E-01   4.452925E-01  -1.763354E+01   2.650546E-01  -1.820339E+00        11
   1.994267E+03   9.119250E+05   4.452925E-01   4.452925E-01   5.441823E-01   4.452925E-01  -1.763771E+01   2.640123E-01  -1.820339E+00        11
   1.995267E+03   9.132760E+05   4.452925E-01   4.452925E-01   5.441823E-01   4.452925E-01  -1.764187E+01   2.629707E-01  -1.820339E+00        11
   1.996267E+03   9.146280E+05   4.452925E-01   4.452925E-01   5.441823E-01   4.452925E-01  -1.764604E+01   2.619300E-01  -1.820339E+00        11
   1.997267E+03   9.159810E+05   4.452925E-01   4.452925E-01   5.441823E-01   4.452925E-01  -1.765020E+01   2.608900E-01  -1.820339E+00        11
   1.998267E+03   9.173350E+05   4.452925E-01   4.452925E-01   5.441823E-01   4.452925E-01  -1.765435E+01   2.598508E-01  -1.820339E+00        11
   1.999267E+03   9.186900E+05   4.452925E-01   4.452925E-01   5.441823E-01   4.452925E-01  -1.765851E+01   2.588123E-01  -1.820339E+00        11
   2.000267E+03   9.200460E+05   4.452925E-01   4.452925E-01   5.441823E-01   4.452925E-01  -1.766266E+01   2.577746E-01  -1.820339E+00        11
   2.001267E+03   9.214030E+05   4.452925E-01   4.452925E-01   5.441823E-01   4.452925E-01  -1.766681E+01   2.567377E-01  -1.820339E+00        11
   2.002267E+03   9.227610E+05   4.452925E-01   4.452925E-01   5.441823E-01   4.452925E-01  -1.767095E+01   2.557015E-01  -1.820339E+00        11
   2.003267E+03   9.241200E+05   4.452925E-01   4.452925E-01   5.441823E-01   4.452925E-01  -1.767509E+01   2.546661E-01  -1.820339E+00        11
   2.004267E+03   9.254800E+05   4.452925E-01   4.452925E-01   5.441823E-01   4.452925E-01  -1.767923E+01   2.536315E-01  -1.820339E+00        11
   2.005267E+03   9.268410E+05   4.452925E-01   4.452925E-01   5.441823E-01   4.452925E-01  -1.768337E+01   2.525976E-01  -1.820339E+00        11
   2.006267E+03   9.282030E+05   4.452925E-01   4.452925E-01   5.441823E-01   4.452925E-01  -1.768750E+01   2.515644E-01  -1.820339E+00        11
   2.007267E+03   9.295660E+05   4.452925E-01   4.452925E-01   5.441823E-01   4.452925E-01  -1.769163E+01   2.505321E-01  -1.820339E+00        11
   2.008267E+03   9.309300E+05   4.452925E-01   4.452925E-01   5.441823E-01   4.452925E-01  -1.769575E+01   2.495005E-01  -1.820339E+00        11
   2.009267E+03   9.322950E+05   4.452925E-01   4.452925E-01   5.441823E-01   4.452925E-01  -1.769988E+01   2.484696E-01  -1.820339E+00        11
   2.010267E+03   9.336610E+05   4.452925E-01   4.452925E-01   5.441823E-01   4.452925E-01  -1.770400E+01   2.474395E-01  -1.820339E+00        11
   2.011267E+03   9.350280E+05   4.452925E-01   4.452925E-01   5.441823E-01   4.452925E-01  -1.770812E+01   2.464102E-01  -1.820339E+00        11
   2.012267E+03   9.363960E+05   4.452925E-01   4.452925E-01   5.441823E-01   4.452925E-01  -1.771223E+01   2.453816E-01  -1.820339E+00        11
   2.013267E+03   9.377650E+05   4.452925E-01   4.452925E-01   5.441823E-01   4.452925E-01  -1.771634E+01   2.443537E-01  -1.820339E+00        11
   2.014267E+03   9.391350E+05   4.452925E-01   4.452925E-01   5.441823E-01   4.452925E-01  -1.772045E+01   2.433267E-01  -1.820339E+00        11
   2.015267E+03   9.405060E+05   4.452925E-01   4.452925E-01   5.441823E-01   4.452925E-01  -1.772455E+01   2.423003E-01  -1.820339E+00        11
   2.016267E+03   9.418780E+05   4.452925E-01   4.452925E-01   5.441823E-01   4.452925E-01  -1.772866E+01   2.412747E-01  -1.820339E+00        11
   2.017267E+03   9.432510E+05   4.452925E-01   4.452925E-01   5.441823E-01   4.452925E-01  -1.773276E+01   2.402499E-01  -1.820339E+00        11
   2.018267E+03   9.446250E+05   4.452925E-01   4.452925E-01   5.441823E-01   4.452925E-01  -1.773685E+01   2.392258E-01  -1.820339E+00        11
   2.019267E+03   9.460000E+05   4.452925E-01   4.452925E-01   5.441823E-01   4.452925E-01  -1.774095E+01   2.382024E-01  -1.820339E+00        11
   2.020267E+03   9.473760E+05   4.452925E-01   4.452925E-01   5.441823E-01   4.452925E-01  -1.774504E+01   2.371798E-01  -1.820339E+00        11
   2.021267E+03   9.487530E+05   4.452925E-01   4.452925E-01   5.441823E-01   4.452925E-01  -1.774912E+01   2.361579E-01  -1.820339E+00        11
   2.022267E+03   9.501310E+05   4.452925E-01   4.452925E-01   5.441823E-01   4.452925E-01  -1.775321E+01   2.351368E-01  -1.820339E+00        11
   2.023267E+03   9.515100E+05   4.452925E-01   4.452925E-01   5.441823E-01   4.452925E-01  -1.775729E+01   2.341164E-01  -1.820339E+00        11
   2.024267E+03   9.528900E+05   4.452925E-01   4.452925E-01   5.441823E-01   4.452925E-01  -1.776137E+01   2.330968E-01  -1.820339E+00        11
   2.025267E+03   9.542710E+05   4.452925E-01   4.452925E-01   5.441823E-01   4.452925E-01  -1.776544E+01   2.320779E-01  -1.820339E+00        11
   2.026267E+03   9.556530E+05   4.452925E-01   4.452925E-01   5.441823E-01   4.452925E-01  -1.776952E+01   2.310597E-01  -1.820339E+00        11
   2.027267E+03   9.570360E+05   4.452925E-01   4.452925E-01   5.441823E-01   4.452925E-01  -1.777359E+01   2.300423E-01  -1.820339E+00        11
   2.028267E+03   9.584200E+05   4.452925E-01   4.452925E-01   5.441823E-01   4.452925E-01  -1.777765E+01   2.290256E-01  -1.820339E+00        11
   2.029267E+03   9.598050E+05   4.452925E-01   4.452925E-01   5.441823E-01   4.452925E-01  -1.778172E+01   2.280096E-01  -1.820339E+00        11
   2.030267E+03   9.611910E+05   4.452925E-01   4.452925E-01   5.441823E-01   4.452925E-01  -1.778578E+01   2.269944E-01  -1.820339E+00        11
   2.031267E+03   9.625780E+05   4.452925E-01   4.452925E-01   5.441823E-01   4.452925E-01  -1.778984E+01   2.259799E-01  -1.820339E+00        11
   2.032267E+03   9.639660E+05   4.452925E-01   4.452925E-01   5.441823E-01   4.452925E-01  -1.779389E+01   2.249661E-01  -1.820339E+00        11
   2.033267E+03   9.653550E+05   4.452925E-01   4.452925E-01   5.441823E-01   4.452925E-01  -1.779794E+01   2.239530E-01  -1.820339E+00        11
   2.034267E+03   9.667450E+05   4.452925E-01   4.452925E-01   5.441823E-01   4.452925E-01  -1.780199E+01   2.229407E-01  -1.820339E+00        11
   2.035267E+03   9.681360E+05   4.452925E-01   4.452925E-01   5.441823E-01   4.452925E-01  -1.780604E+01   2.219291E-01  -1.820339E+00        11
   2.036267E+03   9.695280E+05   4.452925E-01   4.452925E-01   5.441823E-01   4.452925E-01  -1.781008E+01   2.209183E-01  -1.820339E+00        11
   2.037267E+03   9.709210E+05   4.452925E-01   4.452925E-01   5.441823E-01   4.452925E-01  -1.781412E+01   2.199082E-01  -1.820339E+00        11
   2.038267E+03   9.723150E+05   4.452925E-01   4.452925E-01   5.441823E-01   4.452925E-01  -1.781816E+01   2.188987E-01  -1.820339E+00        11
   2.039267E+03   9.737100E+05   4.452925E-01   4.452925E-01   5.441823E-01   4.452925E-01  -1.782220E+01   2.178901E-01  -1.820339E+00        11
   2.040267E+03   9.751060E+05   4.452925E-01   4.452925E-01   5.441823E-01   4.452925E-01  -1.782623E+01   2.168821E-01  -1.820339E+00        11
   2.041267E+03   9.765030E+05   4.452925E-01   4.452925E-01   5.441823E-01   4.452925E-01  -1.783026E+01   2.158749E-01  -1.820339E+00        11
   2.042267E+03   9.779010E+05   4.452925E-01   4.452925E-01   5.441823E-01   4.452925E-01  -1.783428E+01   2.148683E-01  -1.820339E+00        11
   2.043267E+03   9.793000E+05   4.452925E-01   4.452925E-01   5.441823E-01   4.452925E-01  -1.783831E+01   2.138625E-01  -1.820339E+00        11
   2.044267E+03   9.807000E+05   4.452925E-01   4.452925E-01   5.441823E-01   4.452925E-01  -1.784233E+01   2.128575E-01  -1.820339E+00        11
   2.045267E+03   9.821010E+05   4.452925E-01   4.452925E-01   5.441823E-01   4.452925E-01  -1.784634E+01   2.118531E-01  -1.820339E+00        11
   2.046267E+03   9.835030E+05   4.452925E-01   4.452925E-01   5.441823E-01   4.452925E-01  -1.785036E+01   2.108494E-01  -1.820339E+00        11
   2.047267E+03   9.849060E+05   4.452925E-01   4.452925E-01   5.441823E-01   4.452925E-01  -1.785437E+01   2.098465E-01  -1.820339E+00        11
   2.048267E+03   9.863100E+05   4.452925E-01   4.452925E-01   5.441823E-01   4.452925E-01  -1.785838E+01   2.088443E-01  -1.820339E+00        11
   2.049267E+03   9.877150E+05   4.452925E-01   4.452925E-01   5.441823E-01   4.452925E-01  -1.786238E+01   2.078428E-01  -1.820339E+00        11
   2.050267E+03   9.891210E+05   4.452925E-01   4.452925E-01   5.441823E-01   4.452925E-01  -1.786639E+01   2.068420E-01  -1.820339E+00        11
   2.051267E+03   9.905280E+05   4.452925E-01   4.452925E-01   5.441823E-01   4.452925E-01  -1.787039E+01   2.058419E-01  -1.820339E+00        11
   2.052267E+03   9.919360E+05   4.452925E-01   4.452925E-01   5.441823E-01   4.452925E-01  -1.787439E+01   2.048425E-01  -1.820339E+00        11
   2.053267E+03   9.933450E+05   4.452925E-01   4.452925E-01   5.441823E-01   4.452925E-01  -1.787838E+01   2.038439E-01  -1.820339E+00        11
   2.054267E+03   9.947550E+05   4.452925E-01   4.452925E-01   5.441823E-01   4.452925E-01  -1.788237E+01   2.028459E-01  -1.820339E+00        11
   2.055267E+03   9.961660E+05   4.452925E-01   4.452925E-01   5.441823E-01   4.452925E-01  -1.788636E+01   2.018487E-01  -1.820339E+00        11
   2.056267E+03   9.975780E+05   4.452925E-01   4.452925E-01   5.441823E-01   4.452925E-01  -1.789035E+01   2.008521E-01  -1.820339E+00        11
   2.057267E+03   9.989910E+05   4.452925E-01   4.452925E-01   5.441823E-01   4.452925E-01  -1.789433E+01   1.998563E-01  -1.820339E+00        11
   2.058267E+03   1.000405E+06   4.452925E-01   4.452925E-01   5.441823E-01   4.452925E-01  -1.789831E+01   1.988612E-01  -1.820339E+00        11
   2.059267E+03   1.001820E+06   4.452925E-01   4.452925E-01   5.441823E-01   4.452925E-01  -1.790229E+01   1.978668E-01  -1.820339E+00        11
   2.060267E+03   1.003236E+06   4.452925E-01   4.452925E-01   5.441823E-01   4.452925E-01  -1.790626E+01   1.968730E-01  -1.820339E+00        11
   2.061267E+03   1.004653E+06   4.452925E-01   4.452925E-01   5.441823E-01   4.452925E-01  -1.791024E+01   1.958800E-01  -1.820339E+00        11
   2.062267E+03   1.006071E+06   4.452925E-01   4.452925E-01   5.441823E-01   4.452925E-01  -1.791421E+01   1.948877E-01  -1.820339E+00        11
   2.063267E+03   1.007490E+06   4.452925E-01   4.452925E-01   5.441823E-01   4.452925E-01  -1.791817E+01   1.938961E-01  -1.820339E+00        11
   2.064267E+03   1.008910E+06   4.452925E-01   4.452925E-01   5.441823E-01   4.452925E-01  -1.792214E+01   1.929051E-01  -1.820339E+00        11
   2.065267E+03   1.010331E+06   4.452925E-01   4.452925E-01   5.441823E-01   4.452925E-01  -1.792610E+01   1.919149E-01  -1.820339E+00        11
   2.066267E+03   1.011753E+06   4.452925E-01   4.452925E-01   5.441823E-01   4.452925E-01  -1.793005E+01   1.909254E-01  -1.820339E+00        11
   2.067267E+03   1.013176E+06   4.452925E-01   4.452925E-01   5.441823E-01   4.452925E-01  -1.793401E+01   1.899365E-01  -1.820339E+00        11
   2.068267E+03   1.014600E+06   4.452925E-01   4.452925E-01   5.441823E-01   4.452925E-01  -1.793796E+01   1.889484E-01  -1.820339E+00        11
   2.069267E+03   1.016025E+06   4.452925E-01   4.452925E-01   5.441823E-01   4.452925E-01  -1.794191E+01   1.879609E-01  -1.820339E+00        11
   2.070267E+03   1.017451E+06   4.452925E-01   4.452925E-01   5.441823E-01   4.452925E-01  -1.794586E+01   1.869742E-01  -1.820339E+00        11
   2.071267E+03   1.018878E+06   4.452925E-01   4.452925E-01   5.441823E-01   4.452925E-01  -1.794980E+01   1.859881E-01  -1.820339E+00        11
   2.072267E+03   1.020306E+06   4.452925E-01   4.452925E-01   5.441823E-01   4.452925E-01  -1.795374E+01   1.850028E-01  -1.820339E+00        11
   2.073267E+03   1.021735E+06   4.452925E-01   4.452925E-01   5.441823E-01   4.452925E-01  -1.795768E+01   1.840181E-01  -1.820339E+00        11
   2.074267E+03   1.023165E+06   4.452925E-01   4.452925E-01   5.441823E-01   4.452925E-01  -1.796162E+01   1.830341E-01  -1.820339E+00        11
   2.075267E+03   1.024596E+06   4.452925E-01   4.452925E-01   5.441823E-01   4.452925E-01  -1.796555E+01   1.820508E-01  -1.820339E+00        11
   2.076267E+03   1.026028E+06   4.452925E-01   4.452925E-01   5.441823E-01   4.452925E-01  -1.796948E+01   1.810681E-01  -1.820339E+00        11
   2.077267E+03   1.027461E+06   4.452925E-01   4.452925E-01   5.441823E-01   4.452925E-01  -1.797341E+01   1.800862E-01  -1.820339E+00        11
   2.078267E+03   1.028895E+06   4.452925E-01   4.452925E-01   5.441823E-01   4.452925E-01  -1.797734E+01   1.791050E-01  -1.820339E+00        11
   2.079267E+03   1.030330E+06   4.452925E-01   4.452925E-01   5.441823E-01   4.452925E-01  -1.798126E+01   1.781244E-01  -1.820339E+00        11
   2.080267E+03   1.031766E+06   4.452925E-01   4.452925E-01   5.441823E-01   4.452925E-01  -1.798518E+01   1.771445E-01  -1.820339E+00        11
   2.081267E+03   1.033203E+06   4.452925E-01   4.452925E-01   5.441823E-01   4.452925E-01  -1.798909E+01   1.761653E-01  -1.820339E+00        11
   2.082267E+03   1.034641E+06   4.452925E-01   4.452925E-01   5.441823E-01   4.452925E-01  -1.799301E+01   1.751868E-01  -1.820339E+00        11
   2.083267E+03   1.036080E+06   4.452925E-01   4.452925E-01   5.441823E-01   4.452925E-01  -1.799692E+01   1.742089E-01  -1.820339E+00        11
   2.084267E+03   1.037520E+06   4.452925E-01   4.452925E-01   5.441823E-01   4.452925E-01  -1.800083E+01   1.732318E-01  -1.820339E+00        11
   2.085267E+03   1.038961E+06   4.452925E-01   4.452925E-01   5.441823E-01   4.452925E-01  -1.800473E+01   1.722553E-01  -1.820339E+00        11
   2.086267E+03   1.040403E+06   4.452925E-01   4.452925E-01   5.441823E-01   4.452925E-01  -1.800864E+01   1.712795E-01  -1.820339E+00        11
   2.087267E+03   1.041846E+06   4.452925E-01   4.452925E-01   5.441823E-01   4.452925E-01  -1.801254E+01   1.703043E-01  -1.820339E+00        11
   2.088267E+03   1.043290E+06   4.452925E-01   4.452925E-01   5.441823E-01   4.452925E-01  -1.801644E+01   1.693299E-01  -1.820339E+00        11
   2.089267E+03   1.044735E+06   4.452925E-01   4.452925E-01   5.441823E-01   4.452925E-01  -1.802033E+01   1.683561E-01  -1.820339E+00        11
   2.090267E+03   1.046181E+06   4.452925E-01   4.452925E-01   5.441823E-01   4.452925E-01  -1.802422E+01   1.673830E-01  -1.820339E+00        11
   2.091267E+03   1.047628E+06   4.452925E-01   4.452925E-01   5.441823E-01   4.452925E-01  -1.802811E+01   1.664106E-01  -1.820339E+00        11
   2.092267E+03   1.049076E+06   4.452925E-01   4.452925E-01   5.441823E-01   4.452925E-01  -1.803200E+01   1.654388E-01  -1.820339E+00        11
   2.093267E+03   1.050525E+06   4.452925E-01   4.452925E-01   5.441823E-01   4.452925E-01  -1.803589E+01   1.644677E-01  -1.820339E+00        11
   2.094267E+03   1.051975E+06   4.452925E-01   4.452925E-01   5.441823E-01   4.452925E-01  -1.803977E+01   1.634973E-01  -1.820339E+00        11
   2.095267E+03   1.053426E+06   4.452925E-01   4.452925E-01   5.441823E-01   4.452925E-01  -1.804365E+01   1.625275E-01  -1.820339E+00        11
   2.096267E+03   1.054878E+06   4.452925E-01   4.452925E-01   5.441823E-01   4.452925E-01  -1.804752E+01   1.615584E-01  -1.820339E+00        11
   2.097267E+03   1.056331E+06   4.452925E-01   4.452925E-01   5.441823E-01   4.452925E-01  -1.805140E+01   1.605900E-01  -1.820339E+00        11
   2.098267E+03   1.057785E+06   4.452925E-01   4.452925E-01   5.441823E-01   4.452925E-01  -1.805527E+01   1.596223E-01  -1.820339E+00        11
   2.099267E+03   1.059240E+06   4.452925E-01   4.452925E-01   5.441823E-01   4.452925E-01  -1.805914E+01   1.586552E-01  -1.820339E+00        11
   2.100267E+03   1.060696E+06   4.452925E-01   4.452925E-01   5.441823E-01   4.452925E-01  -1.806300E+01   1.576888E-01  -1.820339E+00        11
   2.101267E+03   1.062153E+06   4.452925E-01   4.452925E-01   5.441823E-01   4.452925E-01  -1.806686E+01   1.567230E-01  -1.820339E+00        11
   2.102267E+03   1.063611E+06   4.452925E-01   4.452925E-01   5.441823E-01   4.452925E-01  -1.807072E+01   1.557579E-01  -1.820339E+00        11
   2.103267E+03   1.065070E+06   4.452925E-01   4.452925E-01   5.441823E-01   4.452925E-01  -1.807458E+01   1.547935E-01  -1.820339E+00        11
   2.104267E+03   1.066530E+06   4.452925E-01   4.452925E-01   5.441823E-01   4.452925E-01  -1.807844E+01   1.538297E-01  -1.820339E+00        11
   2.105267E+03   1.067991E+06   4.452925E-01   4.452925E-01   5.441823E-01   4.452925E-01  -1.808229E+01   1.528666E-01  -1.820339E+00        11
   2.106267E+03   1.069453E+06   4.452925E-01   4.452925E-01   5.441823E-01   4.452925E-01  -1.808614E+01   1.519041E-01  -1.820339E+00        11
   2.107267E+03   1.070916E+06   4.452925E-01   4.452925E-01   5.441823E-01   4.452925E-01  -1.808999E+01   1.509423E-01  -1.820339E+00        11
   2.108267E+03   1.072380E+06   4.452925E-01   4.452925E-01   5.441823E-01   4.452925E-01  -1.809383E+01   1.499812E-01  -1.820339E+00        11
   2.109267E+03   1.073845E+06   4.452925E-01   4.452925E-01   5.441823E-01   4.452925E-01  -1.809767E+01   1.490207E-01  -1.820339E+00        11
   2.110267E+03   1.075311E+06   4.452925E-01   4.452925E-01   5.441823E-01   4.452925E-01  -1.810151E+01   1.480608E-01  -1.820339E+00        11
   2.111267E+03   1.076778E+06   4.452925E-01   4.452925E-01   5.441823E-01   4.452925E-01  -1.810535E+01   1.471017E-01  -1.820339E+00        11
   2.112267E+03   1.078246E+06   4.452925E-01   4.452925E-01   5.441823E-01   4.452925E-01  -1.810918E+01   1.461431E-01  -1.820339E+00        11
   2.113267E+03   1.079715E+06   4.452925E-01   4.452925E-01   5.441823E-01   4.452925E-01  -1.811301E+01   1.451853E-01  -1.820339E+00        11
   2.114267E+03   1.081185E+06   4.452925E-01   4.452925E-01   5.441823E-01   4.452925E-01  -1.811684E+01   1.442280E-01  -1.820339E+00        11
   2.115267E+03   1.082656E+06   4.452925E-01   4.452925E-01   5.441823E-01   4.452925E-01  -1.812067E+01   1.432715E-01  -1.820339E+00        11
   2.116267E+03   1.084128E+06   4.452925E-01   4.452925E-01   5.441823E-01   4.452925E-01  -1.812449E+01   1.423156E-01  -1.820339E+00        11
   2.117267E+03   1.085601E+06   4.452925E-01   4.452925E-01   5.441823E-01   4.452925E-01  -1.812831E+01   1.413603E-01  -1.820339E+00        11
   2.118267E+03   1.087075E+06   4.452925E-01   4.452925E-01   5.441823E-01   4.452925E-01  -1.813213E+01   1.404057E-01  -1.820339E+00        11
   2.119267E+03   1.088550E+06   4.452925E-01   4.452925E-01   5.441823E-01   4.452925E-01  -1.813595E+01   1.394517E-01  -1.820339E+00        11
   2.120267E+03   1.090026E+06   4.452925E-01   4.452925E-01   5.441823E-01   4.452925E-01  -1.813976E+01   1.384984E-01  -1.820339E+00        11
   2.121267E+03   1.091503E+06   4.452925E-01   4.452925E-01   5.441823E-01   4.452925E-01  -1.814357E+01   1.375457E-01  -1.820339E+00        11
   2.122267E+03   1.092981E+06   4.452925E-01   4.452925E-01   5.441823E-01   4.452925E-01  -1.814738E+01   1.365936E-01  -1.820339E+00        11
   2.123267E+03   1.094460E+06   4.452925E-01   4.452925E-01   5.441823E-01   4.452925E-01  -1.815119E+01   1.356422E-01  -1.820339E+00        11
   2.124267E+03   1.095940E+06   4.452925E-01   4.452925E-01   5.441823E-01   4.452925E-01  -1.815499E+01   1.346915E-01  -1.820339E+00        11
   2.125267E+03   1.097421E+06   4.452925E-01   4.452925E-01   5.441823E-01   4.452925E-01  -1.815879E+01   1.337414E-01  -1.820339E+00        11
   2.126267E+03   1.098903E+06   4.452925E-01   4.452925E-01   5.441823E-01   4.452925E-01  -1.816259E+01   1.327919E-01  -1.820339E+00        11
   2.127267E+03   1.100386E+06   4.452925E-01   4.452925E-01   5.441823E-01   4.452925E-01  -1.816638E+01   1.318431E-01  -1.820339E+00        11
   2.128267E+03   1.101870E+06   4.452925E-01   4.452925E-01   5.441823E-01   4.452925E-01  -1.817018E+01   1.308949E-01  -1.820339E+00        11
   2.129267E+03   1.103355E+06   4.452925E-01   4.452925E-01   5.441823E-01   4.452925E-01  -1.817397E+01   1.299473E-01  -1.820339E+00        11
   2.130267E+03   1.104841E+06   4.452925E-01   4.452925E-01   5.441823E-01   4.452925E-01  -1.817775E+01   1.290004E-01  -1.820339E+00        11
   2.131267E+03   1.106328E+06   4.452925E-01   4.452925E-01   5.441823E-01   4.452925E-01  -1.818154E+01   1.280541E-01  -1.820339E+00        11
   2.132267E+03   1.107816E+06   4.452925E-01   4.452925E-01   5.441823E-01   4.452925E-01  -1.818532E+01   1.271085E-01  -1.820339E+00        11
   2.133267E+03   1.109305E+06   4.452925E-01   4.452925E-01   5.441823E-01   4.452925E-01  -1.818910E+01   1.261635E-01  -1.820339E+00        11
   2.134267E+03   1.110795E+06   4.452925E-01   4.452925E-01   5.441823E-01   4.452925E-01  -1.819288E+01   1.252191E-01  -1.820339E+00        11
   2.135267E+03   1.112286E+06   4.452925E-01   4.452925E-01   5.441823E-01   4.452925E-01  -1.819665E+01   1.242754E-01  -1.820339E+00        11
   2.136267E+03   1.113778E+06   4.452925E-01   4.452925E-01   5.441823E-01   4.452925E-01  -1.820043E+01   1.233323E-01  -1.820339E+00        11
   2.137267E+03   1.115271E+06   4.452925E-01   4.452925E-01   5.441823E-01   4.452925E-01  -1.820420E+01   1.223898E-01  -1.820339E+00        11
   2.138267E+03   1.116765E+06   4.452925E-01   4.452925E-01   5.441823E-01   4.452925E-01  -1.820796E+01   1.214480E-01  -1.820339E+00        11
   2.139267E+03   1.118260E+06   4.452925E-01   4.452925E-01   5.441823E-01   4.452925E-01  -1.821173E+01   1.205067E-01  -1.820339E+00        11
   2.140267E+03   1.119756E+06   4.452925E-01   4.452925E-01   5.441823E-01   4.452925E-01  -1.821549E+01   1.195662E-01  -1.820339E+00        11
   2.141267E+03   1.121253E+06   4.452925E-01   4.452925E-01   5.441823E-01   4.452925E-01  -1.821925E+01   1.186262E-01  -1.820339E+00        11
   2.142267E+03   1.122751E+06   4.452925E-01   4.452925E-01   5.441823E-01   4.452925E-01  -1.822301E+01   1.176869E-01  -1.820339E+00        11
   2.143267E+03   1.124250E+06   4.452925E-01   4.452925E-01   5.441823E-01   4.452925E-01  -1.822676E+01   1.167482E-01  -1.820339E+00        11
   2.144267E+03   1.125750E+06   4.452925E-01   4.452925E-01   5.441823E-01   4.452925E-01  -1.823052E+01   1.158101E-01  -1.820339E+00        11
   2.145267E+03   1.127251E+06   4.452925E-01   4.452925E-01   5.441823E-01   4.452925E-01  -1.823427E+01   1.148727E-01  -1.820339E+00        11
   2.146267E+03   1.128753E+06   4.452925E-01   4.452925E-01   5.441823E-01   4.452925E-01  -1.823801E+01   1.139358E-01  -1.820339E+00        11
   2.147267E+03   1.130256E+06   4.452925E-01   4.452925E-01   5.441823E-01   4.452925E-01  -1.824176E+01   1.129996E-01  -1.820339E+00        11
   2.148267E+03   1.131760E+06   4.452925E-01   4.452925E-01   5.441823E-01   4.452925E-01  -1.824550E+01   1.120640E-01  -1.820339E+00        11
   2.149267E+03   1.133265E+06   4.452925E-01   4.452925E-01   5.441823E-01   4.452925E-01  -1.824924E+01   1.111291E-01  -1.820339E+00        11
   2.150267E+03   1.134771E+06   4.452925E-01   4.452925E-01   5.441823E-01   4.452925E-01  -1.825298E+01   1.101947E-01  -1.820339E+00        11
   2.151267E+03   1.136278E+06   4.452925E-01   4.452925E-01   5.441823E-01   4.452925E-01  -1.825671E+01   1.092610E-01  -1.820339E+00        11
   2.152267E+03   1.137786E+06   4.452925E-01   4.452925E-01   5.441823E-01   4.452925E-01  -1.826044E+01   1.083279E-01  -1.820339E+00        11
   2.153267E+03   1.139295E+06   4.452925E-01   4.452925E-01   5.441823E-01   4.452925E-01  -1.826417E+01   1.073954E-01  -1.820339E+00        11
   2.154267E+03   1.140805E+06   4.452925E-01   4.452925E-01   5.441823E-01   4.452925E-01  -1.826790E+01   1.064636E-01  -1.820339E+00        11
   2.155267E+03   1.142316E+06   4.452925E-01   4.452925E-01   5.441823E-01   4.452925E-01  -1.827163E+01   1.055323E-01  -1.820339E+00        11
   2.156267E+03   1.143828E+06   4.452925E-01   4.452925E-01   5.441823E-01   4.452925E-01  -1.827535E+01   1.046017E-01  -1.820339E+00        11
   2.157267E+03   1.145341E+06   4.452925E-01   4.452925E-01   5.441823E-01   4.452925E-01  -1.827907E+01   1.036717E-01  -1.820339E+00        11
   2.158267E+03   1.146855E+06   4.452925E-01   4.452925E-01   5.441823E-01   4.452925E-01  -1.828279E+01   1.027423E-01  -1.820339E+00        11
   2.159267E+03   1.148370E+06   4.452925E-01   4.452925E-01   5.441823E-01   4.452925E-01  -1.828650E+01   1.018135E-01  -1.820339E+00        11
   2.160267E+03   1.149886E+06   4.452925E-01   4.452925E-01   5.441823E-01   4.452925E-01  -1.829021E+01   1.008853E-01  -1.820339E+00        11
   2.161267E+03   1.151403E+06   4.452925E-01   4.452925E-01   5.441823E-01   4.452925E-01  -1.829392E+01   9.995775E-02  -1.820339E+00        11
   2.162267E+03   1.152921E+06   4.452925E-01   4.452925E-01   5.441823E-01   4.452925E-01  -1.829763E+01   9.903080E-02  -1.820339E+00        11
   2.163267E+03   1.154440E+06   4.452925E-01   4.452925E-01   5.441823E-01   4.452925E-01  -1.830134E+01   9.810446E-02  -1.820339E+00        11
   2.164267E+03   1.155960E+06   4.452925E-01   4.452925E-01   5.441823E-01   4.452925E-01  -1.830504E+01   9.717873E-02  -1.820339E+00        11
   2.165267E+03   1.157481E+06   4.452925E-01   4.452925E-01   5.441823E-01   4.452925E-01  -1.830874E+01   9.625360E-02  -1.820339E+00        11
   2.166267E+03   1.159003E+06   4.452925E-01   4.452925E-01   5.441823E-01   4.452925E-01  -1.831244E+01   9.532908E-02  -1.820339E+00        11
   2.167267E+03   1.160526E+06   4.452925E-01   4.452925E-01   5.441823E-01   4.452925E-01  -1.831614E+01   9.440518E-02  -1.820339E+00        11
   2.168267E+03   1.162050E+06   4.452925E-01   4.452925E-01   5.441823E-01   4.452925E-01  -1.831983E+01   9.348187E-02  -1.820339E+00        11
   2.169267E+03   1.163575E+06   4.452925E-01   4.452925E-01   5.441823E-01   4.452925E-01  -1.832352E+01   9.255917E-02  -1.820339E+00        11
   2.170267E+03   1.165101E+06   4.452925E-01   4.452925E-01   5.441823E-01   4.452925E-01  -1.832721E+01   9.163708E-02  -1.820339E+00        11
   2.171267E+03   1.166628E+06   4.452925E-01   4.452925E-01   5.441823E-01   4.452925E-01  -1.833089E+01   9.071559E-02  -1.820339E+00        11
   2.172267E+03   1.168156E+06   4.452925E-01   4.452925E-01   5.441823E-01   4.452925E-01  -1.833458E+01   8.979471E-02  -1.820339E+00        11
   2.173267E+03   1.169685E+06   4.452925E-01   4.452925E-01   5.441823E-01   4.452925E-01  -1.833826E+01   8.887442E-02  -1.820339E+00        11
   2.174267E+03   1.171215E+06   4.452925E-01   4.452925E-01   5.441823E-01   4.452925E-01  -1.834194E+01   8.795474E-02  -1.820339E+00        11
   2.175267E+03   1.172746E+06   4.452925E-01   4.452925E-01   5.441823E-01   4.452925E-01  -1.834561E+01   8.703566E-02  -1.820339E+00        11
   2.176267E+03   1.174278E+06   4.452925E-01   4.452925E-01   5.441823E-01   4.452925E-01  -1.834929E+01   8.611718E-02  -1.820339E+00        11
   2.177267E+03   1.175811E+06   4.452925E-01   4.452925E-01   5.441823E-01   4.452925E-01  -1.835296E+01   8.519929E-02  -1.820339E+00        11
   2.178267E+03   1.177345E+06   4.452925E-01   4.452925E-01   5.441823E-01   4.452925E-01  -1.835663E+01   8.428201E-02  -1.820339E+00        11
   2.179267E+03   1.178880E+06   4.452925E-01   4.452925E-01   5.441823E-01   4.452925E-01  -1.836029E+01   8.336532E-02  -1.820339E+00        11
   2.180267E+03   1.180416E+06   4.452925E-01   4.452925E-01   5.441823E-01   4.452925E-01  -1.836396E+01   8.244923E-02  -1.820339E+00        11
   2.181267E+03   1.181953E+06   4.452925E-01   4.452925E-01   5.441823E-01   4.452925E-01  -1.836762E+01   8.153374E-02  -1.820339E+00        11
   2.182267E+03   1.183491E+06   4.452925E-01   4.452925E-01   5.441823E-01   4.452925E-01  -1.837128E+01   8.061884E-02  -1.820339E+00        11
   2.183267E+03   1.185030E+06   4.452925E-01   4.452925E-01   5.441823E-01   4.452925E-01  -1.837494E+01   7.970453E-02  -1.820339E+00        11
   2.184267E+03   1.186570E+06   4.452925E-01   4.452925E-01   5.441823E-01   4.452925E-01  -1.837859E+01   7.879082E-02  -1.820339E+00        11
   2.185267E+03   1.188111E+06   4.452925E-01   4.452925E-01   5.441823E-01   4.452925E-01  -1.838225E+01   7.787771E-02  -1.820339E+00        11
   2.186267E+03   1.189653E+06   4.452925E-01   4.452925E-01   5.441823E-01   4.452925E-01  -1.838590E+01   7.696518E-02  -1.820339E+00        11
   2.187267E+03   1.191196E+06   4.452925E-01   4.452925E-01   5.441823E-01   4.452925E-01  -1.838954E+01   7.605325E-02  -1.820339E+00        11
   2.188267E+03   1.192740E+06   4.452925E-01   4.452925E-01   5.441823E-01   4.452925E-01  -1.839319E+01   7.514190E-02  -1.820339E+00        11
   2.189267E+03   1.194285E+06   4.452925E-01   4.452925E-01   5.441823E-01   4.452925E-01  -1.839683E+01   7.423115E-02  -1.820339E+00        11
   2.190267E+03   1.195831E+06   4.452925E-01   4.452925E-01   5.441823E-01   4.452925E-01  -1.840047E+01   7.332099E-02  -1.820339E+00        11
   2.191267E+03   1.197378E+06   4.452925E-01   4.452925E-01   5.441823E-01   4.452925E-01  -1.840411E+01   7.241141E-02  -1.820339E+00        11
   2.192267E+03   1.198926E+06   4.452925E-01   4.452925E-01   5.441823E-01   4.452925E-01  -1.840775E+01   7.150242E-02  -1.820339E+00        11
   2.193267E+03   1.200475E+06   4.452925E-01   4.452925E-01   5.441823E-01   4.452925E-01  -1.841138E+01   7.059402E-02  -1.820339E+00        11
   2.194267E+03   1.202025E+06   4.452925E-01   4.452925E-01   5.441823E-01   4.452925E-01  -1.841501E+01   6.968620E-02  -1.820339E+00        11
   2.195267E+03   1.203576E+06   4.452925E-01   4.452925E-01   5.441823E-01   4.452925E-01  -1.841864E+01   6.877897E-02  -1.820339E+00        11
   2.196267E+03   1.205128E+06   4.452925E-01   4.452925E-01   5.441823E-01   4.452925E-01  -1.842227E+01   6.787233E-02  -1.820339E+00        11
   2.197267E+03   1.206681E+06   4.452925E-01   4.452925E-01   5.441823E-01   4.452925E-01  -1.842589E+01   6.696627E-02  -1.820339E+00        11
   2.198267E+03   1.208235E+06   4.452925E-01   4.452925E-01   5.441823E-01   4.452925E-01  -1.842951E+01   6.606079E-02  -1.820339E+00        11
   2.199267E+03   1.209790E+06   4.452925E-01   4.452925E-01   5.441823E-01   4.452925E-01  -1.843313E+01   6.515589E-02  -1.820339E+00        11
   2.200267E+03   1.211346E+06   4.452925E-01   4.452925E-01   5.441823E-01   4.452925E-01  -1.843675E+01   6.425158E-02  -1.820339E+00        11
   2.201267E+03   1.212903E+06   4.452925E-01   4.452925E-01   5.441823E-01   4.452925E-01  -1.844036E+01   6.334784E-02  -1.820339E+00        11
   2.202267E+03   1.214461E+06   4.452925E-01   4.452925E-01   5.441823E-01   4.452925E-01  -1.844398E+01   6.244469E-02  -1.820339E+00        11
   2.203267E+03   1.216020E+06   4.452925E-01   4.452925E-01   5.441823E-01   4.452925E-01  -1.844759E+01   6.154211E-02  -1.820339E+00        11
   2.204267E+03   1.217580E+06   4.452925E-01   4.452925E-01   5.441823E-01   4.452925E-01  -1.845120E+01   6.064012E-02  -1.820339E+00        11
   2.205267E+03   1.219141E+06   4.452925E-01   4.452925E-01   5.441823E-01   4.452925E-01  -1.845480E+01   5.973870E-02  -1.820339E+00        11
   2.206267E+03   1.220703E+06   4.452925E-01   4.452925E-01   5.441823E-01   4.452925E-01  -1.845840E+01   5.883786E-02  -1.820339E+00        11
   2.207267E+03   1.222266E+06   4.452925E-01   4.452925E-01   5.441823E-01   4.452925E-01  -1.846201E+01   5.793759E-02  -1.820339E+00        11
   2.208267E+03   1.223830E+06   4.452925E-01   4.452925E-01   5.441823E-01   4.452925E-01  -1.846560E+01   5.703790E-02  -1.820339E+00        11
   2.209267E+03   1.225395E+06   4.452925E-01   4.452925E-01   5.441823E-01   4.452925E-01  -1.846920E+01   5.613879E-02  -1.820339E+00        11
   2.210267E+03   1.226961E+06   4.452925E-01   4.452925E-01   5.441823E-01   4.452925E-01  -1.847279E+01   5.524025E-02  -1.820339E+00        11
   2.211267E+03   1.228528E+06   4.452925E-01   4.452925E-01   5.441823E-01   4.452925E-01  -1.847639E+01   5.434228E-02  -1.820339E+00        11
   2.212267E+03   1.230096E+06   4.452925E-01   4.452925E-01   5.441823E-01   4.452925E-01  -1.847998E+01   5.344489E-02  -1.820339E+00        11
   2.213267E+03   1.231665E+06   4.452925E-01   4.452925E-01   5.441823E-01   4.452925E-01  -1.848356E+01   5.254806E-02  -1.820339E+00        11
   2.214267E+03   1.233235E+06   4.452925E-01   4.452925E-01   5.441823E-01   4.452925E-01  -1.848715E+01   5.165181E-02  -1.820339E+00        11
   2.215267E+03   1.234806E+06   4.452925E-01   4.452925E-01   5.441823E-01   4.452925E-01  -1.849073E+01   5.075613E-02  -1.820339E+00        11
   2.216267E+03   1.236378E+06   4.452925E-01   4.452925E-01   5.441823E-01   4.452925E-01  -1.849431E+01   4.986102E-02  -1.820339E+00        11
   2.217267E+03   1.237951E+06   4.452925E-01   4.452925E-01   5.441823E-01   4.452925E-01  -1.849789E+01   4.896648E-02  -1.820339E+00        11
   2.218267E+03   1.239525E+06   4.452925E-01   4.452925E-01   5.441823E-01   4.452925E-01  -1.850147E+01   4.807251E-02  -1.820339E+00        11
   2.219267E+03   1.241100E+06   4.452925E-01   4.452925E-01   5.441823E-01   4.452925E-01  -1.850504E+01   4.717910E-02  -1.820339E+00        11
   2.220267E+03   1.242676E+06   4.452925E-01   4.452925E-01   5.441823E-01   4.452925E-01  -1.850861E+01   4.628626E-02  -1.820339E+00        11
   2.221267E+03   1.244253E+06   4.452925E-01   4.452925E-01   5.441823E-01   4.452925E-01  -1.851218E+01   4.539399E-02  -1.820339E+00        11
   2.222267E+03   1.245831E+06   4.452925E-01   4.452925E-01   5.441823E-01   4.452925E-01  -1.851575E+01   4.450228E-02  -1.820339E+00        11
   2.223267E+03   1.247410E+06   4.452925E-01   4.452925E-01   5.441823E-01   4.452925E-01  -1.851931E+01   4.361114E-02  -1.820339E+00        11
   2.224267E+03   1.248990E+06   4.452925E-01   4.452925E-01   5.441823E-01   4.452925E-01  -1.852287E+01   4.272056E-02  -1.820339E+00        11
   2.225267E+03   1.250571E+06   4.452925E-01   4.452925E-01   5.441823E-01   4.452925E-01  -1.852643E+01   4.183054E-02  -1.820339E+00        11
   2.226267E+03   1.252153E+06   4.452925E-01   4.452925E-01   5.441823E-01   4.452925E-01  -1.852999E+01   4.094109E-02  -1.820339E+00        11
   2.227267E+03   1.253736E+06   4.452925E-01   4.452925E-01   5.441823E-01   4.452925E-01  -1.853355E+01   4.005220E-02  -1.820339E+00        11
   2.228267E+03   1.255320E+06   4.452925E-01   4.452925E-01   5.441823E-01   4.452925E-01  -1.853710E+01   3.916387E-02  -1.820339E+00        11
   2.229267E+03   1.256905E+06   4.452925E-01   4.452925E-01   5.441823E-01   4.452925E-01  -1.854065E+01   3.827610E-02  -1.820339E+00        11
   2.230267E+03   1.258491E+06   4.452925E-01   4.452925E-01   5.441823E-01   4.452925E-01  -1.854420E+01   3.738889E-02  -1.820339E+00        11
   2.231267E+03   1.260078E+06   4.452925E-01   4.452925E-01   5.441823E-01   4.452925E-01  -1.854775E+01   3.650224E-02  -1.820339E+00        11
   2.232267E+03   1.261666E+06   4.452925E-01   4.452925E-01   5.441823E-01   4.452925E-01  -1.855129E+01   3.561615E-02  -1.820339E+00        11
   2.233267E+03   1.263255E+06   4.452925E-01   4.452925E-01   5.441823E-01   4.452925E-01  -1.855483E+01   3.473061E-02  -1.820339E+00        11
   2.234267E+03   1.264845E+06   4.452925E-01   4.452925E-01   5.441823E-01   4.452925E-01  -1.855837E+01   3.384564E-02  -1.820339E+00        11
   2.235267E+03   1.266436E+06   4.452925E-01   4.452925E-01   5.441823E-01   4.452925E-01  -1.856191E+01   3.296122E-02  -1.820339E+00        11
   2.236267E+03   1.268028E+06   4.452925E-01   4.452925E-01   5.441823E-01   4.452925E-01  -1.856545E+01   3.207735E-02  -1.820339E+00        11
   2.237267E+03   1.269621E+06   4.452925E-01   4.452925E-01   5.441823E-01   4.452925E-01  -1.856898E+01   3.119404E-02  -1.820339E+00        11
   2.238267E+03   1.271215E+06   4.452925E-01   4.452925E-01   5.441823E-01   4.452925E-01  -1.857251E+01   3.031128E-02  -1.820339E+00        11
   2.239267E+03   1.272810E+06   4.452925E-01   4.452925E-01   5.441823E-01   4.452925E-01  -1.857604E+01   2.942908E-02  -1.820339E+00        11
   2.240267E+03   1.274406E+06   4.452925E-01   4.452925E-01   5.441823E-01   4.452925E-01  -1.857957E+01   2.854743E-02  -1.820339E+00        11
   2.241267E+03   1.276003E+06   4.452925E-01   4.452925E-01   5.441823E-01   4.452925E-01  -1.858309E+01   2.766633E-02  -1.820339E+00        11
   2.242267E+03   1.277601E+06   4.452925E-01   4.452925E-01   5.441823E-01   4.452925E-01  -1.858661E+01   2.678578E-02  -1.820339E+00        11
   2.243267E+03   1.279200E+06   4.452925E-01   4.452925E-01   5.441823E-01   4.452925E-01  -1.859013E+01   2.590579E-02  -1.820339E+00        11
   2.244267E+03   1.280800E+06   4.452925E-01   4.452925E-01   5.441823E-01   4.452925E-01  -1.859365E+01   2.502634E-02  -1.820339E+00        11
   2.245267E+03   1.282401E+06   4.452925E-01   4.452925E-01   5.441823E-01   4.452925E-01  -1.859717E+01   2.414744E-02  -1.820339E+00        11
   2.246267E+03   1.284003E+06   4.452925E-01   4.452925E-01   5.441823E-01   4.452925E-01  -1.860068E+01   2.326910E-02  -1.820339E+00        11
   2.247267E+03   1.285606E+06   4.452925E-01   4.452925E-01   5.441823E-01   4.452925E-01  -1.860419E+01   2.239129E-02  -1.820339E+00        11
   2.248267E+03   1.287210E+06   4.452925E-01   4.452925E-01   5.441823E-01   4.452925E-01  -1.860770E+01   2.151404E-02  -1.820339E+00        11
   2.249267E+03   1.288815E+06   4.452925E-01   4.452925E-01   5.441823E-01   4.452925E-01  -1.861121E+01   2.063734E-02  -1.820339E+00        11
   2.250267E+03   1.290421E+06   4.452925E-01   4.452925E-01   5.441823E-01   4.452925E-01  -1.861471E+01   1.976117E-02  -1.820339E+00        11
   2.251267E+03   1.292028E+06   4.452925E-01   4.452925E-01   5.441823E-01   4.452925E-01  -1.861821E+01   1.888556E-02  -1.820339E+00        11
   2.252267E+03   1.293636E+06   4.452925E-01   4.452925E-01   5.441823E-01   4.452925E-01  -1.862171E+01   1.801049E-02  -1.820339E+00        11
   2.253267E+03   1.295245E+06   4.452925E-01   4.452925E-01   5.441823E-01   4.452925E-01  -1.862521E+01   1.713596E-02  -1.820339E+00        11
   2.254267E+03   1.296855E+06   4.452925E-01   4.452925E-01   5.441823E-01   4.452925E-01  -1.862871E+01   1.626198E-02  -1.820339E+00        11
   2.255267E+03   1.298466E+06   4.452925E-01   4.452925E-01   5.441823E-01   4.452925E-01  -1.863220E+01   1.538854E-02  -1.820339E+00        11
   2.256267E+03   1.300078E+06   4.452925E-01   4.452925E-01   5.441823E-01   4.452925E-01  -1.863569E+01   1.451564E-02  -1.820339E+00        11
   2.257267E+03   1.301691E+06   4.452925E-01   4.452925E-01   5.441823E-01   4.452925E-01  -1.863918E+01   1.364328E-02  -1.820339E+00        11
   2.258267E+03   1.303305E+06   4.452925E-01   4.452925E-01   5.441823E-01   4.452925E-01  -1.864267E+01   1.277146E-02  -1.820339E+00        11
   2.259267E+03   1.304920E+06   4.452925E-01   4.452925E-01   5.441823E-01   4.452925E-01  -1.864616E+01   1.190018E-02  -1.820339E+00        11
   2.260267E+03   1.306536E+06   4.452925E-01   4.452925E-01   5.441823E-01   4.452925E-01  -1.864964E+01   1.102944E-02  -1.820339E+00        11
   2.261267E+03   1.308153E+06   4.452925E-01   4.452925E-01   5.441823E-01   4.452925E-01  -1.865312E+01   1.015924E-02  -1.820339E+00        11
   2.262267E+03   1.309771E+06   4.452925E-01   4.452925E-01   5.441823E-01   4.452925E-01  -1.865660E+01   9.289579E-03  -1.820339E+00        11
   2.263267E+03   1.311390E+06   4.452925E-01   4.452925E-01   5.441823E-01   4.452925E-01  -1.866007E+01   8.420453E-03  -1.820339E+00        11
   2.264267E+03   1.313010E+06   4.452925E-01   4.452925E-01   5.441823E-01   4.452925E-01  -1.866355E+01   7.551864E-03  -1.820339E+00        11
   2.265267E+03   1.314631E+06   4.452925E-01   4.452925E-01   5.441823E-01   4.452925E-01  -1.866702E+01   6.683811E-03  -1.820339E+00        11
   2.266267E+03   1.316253E+06   4.452925E-01   4.452925E-01   5.441823E-01   4.452925E-01  -1.867049E+01   5.816293E-03  -1.820339E+00        11
   2.267267E+03   1.317876E+06   4.452925E-01   4.452925E-01   5.441823E-01   4.452925E-01  -1.867396E+01   4.949310E-03  -1.820339E+00        11
   2.268267E+03   1.319500E+06   4.452925E-01   4.452925E-01   5.441823E-01   4.452925E-01  -1.867742E+01   4.082860E-03  -1.820339E+00        11
   2.269267E+03   1.321125E+06   4.452925E-01   4.452925E-01   5.441823E-01   4.452925E-01  -1.868089E+01   3.216943E-03  -1.820339E+00        11
   2.270267E+03   1.322751E+06   4.452925E-01   4.452925E-01   5.441823E-01   4.452925E-01  -1.868435E+01   2.351560E-03  -1.820339E+00        11
   2.271267E+03   1.324378E+06   4.452925E-01   4.452925E-01   5.441823E-01   4.452925E-01  -1.868781E+01   1.486708E-03  -1.820339E+00        11
   2.272267E+03   1.326006E+06   4.452925E-01   4.452925E-01   5.441823E-01   4.452925E-01  -1.869127E+01   6.223868E-04  -1.820339E+00        11
   2.273267E+03   1.327635E+06   4.452925E-01   4.452925E-01   5.441823E-01   4.452925E-01  -1.869472E+01  -2.414033E-04  -1.820339E+00        11
   2.274267E+03   1.329265E+06   4.452925E-01   4.452925E-01   5.441823E-01   4.452925E-01  -1.869817E+01  -1.104664E-03  -1.820339E+00        11
   2.275267E+03   1.330896E+06   4.452925E-01   4.452925E-01   5.441823E-01   4.452925E-01  -1.870163E+01  -1.967395E-03  -1.820339E+00        11
   2.276267E+03   1.332528E+06   4.452925E-01   4.452925E-01   5.441823E-01   4.452925E-01  -1.870507E+01  -2.829597E-03  -1.820339E+00        11
   2.277267E+03   1.334161E+06   4.452925E-01   4.452925E-01   5.441823E-01   4.452925E-01  -1.870852E+01  -3.691271E-03  -1.820339E+00        11
   2.278267E+03   1.335795E+06   4.452925E-01   4.452925E-01   5.441823E-01   4.452925E-01  -1.871197E+01  -4.552418E-03  -1.820339E+00        11
   2.279267E+03   1.337430E+06   4.452925E-01   4.452925E-01   5.441823E-01   4.452925E-01  -1.871541E+01  -5.413039E-03  -1.820339E+00        11
   2.280267E+03   1.339066E+06   4.452925E-01   4.452925E-01   5.441823E-01   4.452925E-01  -1.871885E+01  -6.273133E-03  -1.820339E+00        11
   2.281267E+03   1.340703E+06   4.452925E-01   4.452925E-01   5.441823E-01   4.452925E-01  -1.872229E+01  -7.132702E-03  -1.820339E+00        11
   2.282267E+03   1.342341E+06   4.452925E-01   4.452925E-01   5.441823E-01   4.452925E-01  -1.872572E+01  -7.991746E-03  -1.820339E+00        11
   2.283267E+03   1.343980E+06   4.452925E-01   4.452925E-01   5.441823E-01   4.452925E-01  -1.872916E+01  -8.850266E-03  -1.820339E+00        11
   2.284267E+03   1.345620E+06   4.452925E-01   4.452925E-01   5.441823E-01   4.452925E-01  -1.873259E+01  -9.708262E-03  -1.820339E+00        11
   2.285267E+03   1.347261E+06   4.452925E-01   4.452925E-01   5.441823E-01   4.452925E-01  -1.873602E+01  -1.056574E-02  -1.820339E+00        11
   2.286267E+03   1.348903E+06   4.452925E-01   4.452925E-01   5.441823E-01   4.452925E-01  -1.873945E+01  -1.142269E-02  -1.820339E+00        11
   2.287267E+03   1.350546E+06   4.452925E-01   4.452925E-01   5.441823E-01   4.452925E-01  -1.874287E+01  -1.227912E-02  -1.820339E+00        11
   2.288267E+03   1.352190E+06   4.452925E-01   4.452925E-01   5.441823E-01   4.452925E-01  -1.874630E+01  -1.313503E-02  -1.820339E+00        11
   2.289267E+03   1.353835E+06   4.452925E-01   4.452925E-01   5.441823E-01   4.452925E-01  -1.874972E+01  -1.399041E-02  -1.820339E+00        11
   2.290267E+03   1.355481E+06   4.452925E-01   4.452925E-01   5.441823E-01   4.452925E-01  -1.875314E+01  -1.484528E-02  -1.820339E+00        11
   2.291267E+03   1.357128E+06   4.452925E-01   4.452925E-01   5.441823E-01   4.452925E-01  -1.875655E+01  -1.569963E-02  -1.820339E+00        11
   2.292267E+03   1.358776E+06   4.452925E-01   4.452925E-01   5.441823E-01   4.452925E-01  -1.875997E+01  -1.655346E-02  -1.820339E+00        11
   2.293267E+03   1.360425E+06   4.452925E-01   4.452925E-01   5.441823E-01   4.452925E-01  -1.876338E+01  -1.740678E-02  -1.820339E+00        11
   2.294267E+03   1.362075E+06   4.452925E-01   4.452925E-01   5.441823E-01   4.452925E-01  -1.876679E+01  -1.825957E-02  -1.820339E+00        11
   2.295267E+03   1.363726E+06   4.452925E-01   4.452925E-01   5.441823E-01   4.452925E-01  -1.877020E+01  -1.911185E-02  -1.820339E+00        11
   2.296267E+03   1.365378E+06   4.452925E-01   4.452925E-01   5.441823E-01   4.452925E-01  -1.877361E+01  -1.996362E-02  -1.820339E+00        11
   2.297267E+03   1.367031E+06   4.452925E-01   4.452925E-01   5.441823E-01   4.452925E-01  -1.877702E+01  -2.081487E-02  -1.820339E+00        11
   2.298267E+03   1.368685E+06   4.452925E-01   4.452925E-01   5.441823E-01   4.452925E-01  -1.878042E+01  -2.166560E-02  -1.820339E+00        11
   2.299267E+03   1.370340E+06   4.452925E-01   4.452925E-01   5.441823E-01   4.452925E-01  -1.878382E+01  -2.251582E-02  -1.820339E+00        11
   2.300267E+03   1.371996E+06   4.452925E-01   4.452925E-01   5.441823E-01   4.452925E-01  -1.878722E+01  -2.336553E-02  -1.820339E+00        11
   2.301267E+03   1.373653E+06   4.452925E-01   4.452925E-01   5.441823E-01   4.452925E-01  -1.879061E+01  -2.421472E-02  -1.820339E+00        11
   2.302267E+03   1.375311E+06   4.452925E-01   4.452925E-01   5.441823E-01   4.452925E-01  -1.879401E+01  -2.506340E-02  -1.820339E+00        11
   2.303267E+03   1.376970E+06   4.452925E-01   4.452925E-01   5.441823E-01   4.452925E-01  -1.879740E+01  -2.591157E-02  -1.820339E+00        11
   2.304267E+03   1.378630E+06   4.452925E-01   4.452925E-01   5.441823E-01   4.452925E-01  -1.880079E+01  -2.675923E-02  -1.820339E+00        11
   2.305267E+03   1.380291E+06   4.452925E-01   4.452925E-01   5.441823E-01   4.452925E-01  -1.880418E+01  -2.760638E-02  -1.820339E+00        11
   2.306267E+03   1.381953E+06   4.452925E-01   4.452925E-01   5.441823E-01   4.452925E-01  -1.880757E+01  -2.845302E-02  -1.820339E+00        11
   2.307267E+03   1.383616E+06   4.452925E-01   4.452925E-01   5.441823E-01   4.452925E-01  -1.881095E+01  -2.929915E-02  -1.820339E+00        11
   2.308267E+03   1.385280E+06   4.452925E-01   4.452925E-01   5.441823E-01   4.452925E-01  -1.881433E+01  -3.014477E-02  -1.820339E+00        11
   2.309267E+03   1.386945E+06   4.452925E-01   4.452925E-01   5.441823E-01   4.452925E-01  -1.881772E+01  -3.098989E-02  -1.820339E+00        11
   2.310267E+03   1.388611E+06   4.452925E-01   4.452925E-01   5.441823E-01   4.452925E-01  -1.882109E+01  -3.183449E-02  -1.820339E+00        11
   2.311267E+03   1.390278E+06   4.452925E-01   4.452925E-01   5.441823E-01   4.452925E-01  -1.882447E+01  -3.267859E-02  -1.820339E+00        11
   2.312267E+03   1.391946E+06   4.452925E-01   4.452925E-01   5.441823E-01   4.452925E-01  -1.882784E+01  -3.352219E-02  -1.820339E+00        11
   2.313267E+03   1.393615E+06   4.452925E-01   4.452925E-01   5.441823E-01   4.452925E-01  -1.883122E+01  -3.436527E-02  -1.820339E+00        11
   2.314267E+03   1.395285E+06   4.452925E-01   4.452925E-01   5.441823E-01   4.452925E-01  -1.883459E+01  -3.520786E-02  -1.820339E+00        11
   2.315267E+03   1.396956E+06   4.452925E-01   4.452925E-01   5.441823E-01   4.452925E-01  -1.883796E+01  -3.604994E-02  -1.820339E+00        11
   2.316267E+03   1.398628E+06   4.452925E-01   4.452925E-01   5.441823E-01   4.452925E-01  -1.884132E+01  -3.689151E-02  -1.820339E+00        11
   2.317267E+03   1.400301E+06   4.452925E-01   4.452925E-01   5.441823E-01   4.452925E-01  -1.884469E+01  -3.773258E-02  -1.820339E+00        11
   2.318267E+03   1.401975E+06   4.452925E-01   4.452925E-01   5.441823E-01   4.452925E-01  -1.884805E+01  -3.857315E-02  -1.820339E+00        11
   2.319267E+03   1.403650E+06   4.452925E-01   4.452925E-01   5.441823E-01   4.452925E-01  -1.885141E+01  -3.941322E-02  -1.820339E+00        11
   2.320267E+03   1.405326E+06   4.452925E-01   4.452925E-01   5.441823E-01   4.452925E-01  -1.885477E+01  -4.025279E-02  -1.820339E+00        11
   2.321267E+03   1.407003E+06   4.452925E-01   4.452925E-01   5.441823E-01   4.452925E-01  -1.885812E+01  -4.109186E-02  -1.820339E+00        11
   2.322267E+03   1.408681E+06   4.452925E-01   4.452925E-01   5.441823E-01   4.452925E-01  -1.886148E+01  -4.193042E-02  -1.820339E+00        11
   2.323267E+03   1.410360E+06   4.452925E-01   4.452925E-01   5.441823E-01   4.452925E-01  -1.886483E+01  -4.276849E-02  -1.820339E+00        11
   2.324267E+03   1.412040E+06   4.452925E-01   4.452925E-01   5.441823E-01   4.452925E-01  -1.886818E+01  -4.360606E-02  -1.820339E+00        11
   2.325267E+03   1.413721E+06   4.452925E-01   4.452925E-01   5.441823E-01   4.452925E-01  -1.887153E+01  -4.444313E-02  -1.820339E+00        11
   2.326267E+03   1.415403E+06   4.452925E-01   4.452925E-01   5.441823E-01   4.452925E-01  -1.887487E+01  -4.527970E-02  -1.820339E+00        11
   2.327267E+03   1.417086E+06   4.452925E-01   4.452925E-01   5.441823E-01   4.452925E-01  -1.887822E+01  -4.611577E-02  -1.820339E+00        11
   2.328267E+03   1.418770E+06   4.452925E-01   4.452925E-01   5.441823E-01   4.452925E-01  -1.888156E+01  -4.695135E-02  -1.820339E+00        11
   2.329267E+03   1.420455E+06   4.452925E-01   4.452925E-01   5.441823E-01   4.452925E-01  -1.888490E+01  -4.778643E-02  -1.820339E+00        11
   2.330267E+03   1.422141E+06   4.452925E-01   4.452925E-01   5.441823E-01   4.452925E-01  -1.888824E+01  -4.862102E-02  -1.820339E+00        11
   2.331267E+03   1.423828E+06   4.452925E-01   4.452925E-01   5.441823E-01   4.452925E-01  -1.889158E+01  -4.945511E-02  -1.820339E+00        11
   2.332267E+03   1.425516E+06   4.452925E-01   4.452925E-01   5.441823E-01   4.452925E-01  -1.889491E+01  -5.028871E-02  -1.820339E+00        11
   2.333267E+03   1.427205E+06   4.452925E-01   4.452925E-01   5.441823E-01   4.452925E-01  -1.889824E+01  -5.112182E-02  -1.820339E+00        11
   2.334267E+03   1.428895E+06   4.452925E-01   4.452925E-01   5.441823E-01   4.452925E-01  -1.890157E+01  -5.195443E-02  -1.820339E+00        11
   2.335267E+03   1.430586E+06   4.452925E-01   4.452925E-01   5.441823E-01   4.452925E-01  -1.890490E+01  -5.278655E-02  -1.820339E+00        11
   2.336267E+03   1.432278E+06   4.452925E-01   4.452925E-01   5.441823E-01   4.452925E-01  -1.890823E+01  -5.361818E-02  -1.820339E+00        11
   2.337267E+03   1.433971E+06   4.452925E-01   4.452925E-01   5.441823E-01   4.452925E-01  -1.891155E+01  -5.444931E-02  -1.820339E+00        11
   2.338267E+03   1.435665E+06   4.452925E-01   4.452925E-01   5.441823E-01   4.452925E-01  -1.891488E+01  -5.527996E-02  -1.820339E+00        11
   2.339267E+03   1.437360E+06   4.452925E-01   4.452925E-01   5.441823E-01   4.452925E-01  -1.891820E+01  -5.611012E-02  -1.820339E+00        11
   2.340267E+03   1.439056E+06   4.452925E-01   4.452925E-01   5.441823E-01   4.452925E-01  -1.892152E+01  -5.693978E-02  -1.820339E+00        11
   2.341267E+03   1.440753E+06   4.452925E-01   4.452925E-01   5.441823E-01   4.452925E-01  -1.892483E+01  -5.776896E-02  -1.820339E+00        11
   2.342267E+03   1.442451E+06   4.452925E-01   4.452925E-01   5.441823E-01   4.452925E-01  -1.892815E+01  -5.859765E-02  -1.820339E+00        11
   2.343267E+03   1.444150E+06   4.452925E-01   4.452925E-01   5.441823E-01   4.452925E-01  -1.893146E+01  -5.942585E-02  -1.820339E+00        11
   2.344267E+03   1.445850E+06   4.452925E-01   4.452925E-01   5.441823E-01   4.452925E-01  -1.893477E+01  -6.025356E-02  -1.820339E+00        11
   2.345267E+03   1.447551E+06   4.452925E-01   4.452925E-01   5.441823E-01   4.452925E-01  -1.893808E+01  -6.108079E-02  -1.820339E+00        11
   2.346267E+03   1.449253E+06   4.452925E-01   4.452925E-01   5.441823E-01   4.452925E-01  -1.894139E+01  -6.190753E-02  -1.820339E+00        11
   2.347267E+03   1.450956E+06   4.452925E-01   4.452925E-01   5.441823E-01   4.452925E-01  -1.894469E+01  -6.273379E-02  -1.820339E+00        11
   2.348267E+03   1.452660E+06   4.452925E-01   4.452925E-01   5.441823E-01   4.452925E-01  -1.894799E+01  -6.355956E-02  -1.820339E+00        11
   2.349267E+03   1.454365E+06   4.452925E-01   4.452925E-01   5.441823E-01   4.452925E-01  -1.895130E+01  -6.438485E-02  -1.820339E+00        11
   2.350267E+03   1.456071E+06   4.452925E-01   4.452925E-01   5.441823E-01   4.452925E-01  -1.895459E+01  -6.520965E-02  -1.820339E+00        11
   2.351267E+03   1.457778E+06   4.452925E-01   4.452925E-01   5.441823E-01   4.452925E-01  -1.895789E+01  -6.603397E-02  -1.820339E+00        11
   2.352267E+03   1.459486E+06   4.452925E-01   4.452925E-01   5.441823E-01   4.452925E-01  -1.896119E+01  -6.685781E-02  -1.820339E+00        11
   2.353267E+03   1.461195E+06   4.452925E-01   4.452925E-01   5.441823E-01   4.452925E-01  -1.896448E+01  -6.768116E-02  -1.820339E+00        11
   2.354267E+03   1.462905E+06   4.452925E-01   4.452925E-01   5.441823E-01   4.452925E-01  -1.896777E+01  -6.850404E-02  -1.820339E+00        11
   2.355267E+03   1.464616E+06   4.452925E-01   4.452925E-01   5.441823E-01   4.452925E-01  -1.897106E+01  -6.932643E-02  -1.820339E+00        11
   2.356267E+03   1.466328E+06   4.452925E-01   4.452925E-01   5.441823E-01   4.452925E-01  -1.897435E+01  -7.014834E-02  -1.820339E+00        11
   2.357267E+03   1.468041E+06   4.452925E-01   4.452925E-01   5.441823E-01   4.452925E-01  -1.897763E+01  -7.096978E-02  -1.820339E+00        11
   2.358267E+03   1.469755E+06   4.452925E-01   4.452925E-01   5.441823E-01   4.452925E-01  -1.898092E+01  -7.179073E-02  -1.820339E+00        11
   2.359267E+03   1.471470E+06   4.452925E-01   4.452925E-01   5.441823E-01   4.452925E-01  -1.898420E+01  -7.261120E-02  -1.820339E+00        11
   2.360267E+03   1.473186E+06   4.452925E-01   4.452925E-01   5.441823E-01   4.452925E-01  -1.898748E+01  -7.343120E-02  -1.820339E+00        11
   2.361267E+03   1.474903E+06   4.452925E-01   4.452925E-01   5.441823E-01   4.452925E-01  -1.899076E+01  -7.425072E-02  -1.820339E+00        11
   2.362267E+03   1.476621E+06   4.452925E-01   4.452925E-01   5.441823E-01   4.452925E-01  -1.899403E+01  -7.506976E-02  -1.820339E+00        11
   2.363267E+03   1.478340E+06   4.452925E-01   4.452925E-01   5.441823E-01   4.452925E-01  -1.899731E+01  -7.588833E-02  -1.820339E+00        11
   2.364267E+03   1.480060E+06   4.452925E-01   4.452925E-01   5.441823E-01   4.452925E-01  -1.900058E+01  -7.670642E-02  -1.820339E+00        11
   2.365267E+03   1.481781E+06   4.452925E-01   4.452925E-01   5.441823E-01   4.452925E-01  -1.900385E+01  -7.752403E-02  -1.820339E+00        11
   2.366267E+03   1.483503E+06   4.452925E-01   4.452925E-01   5.441823E-01   4.452925E-01  -1.900712E+01  -7.834117E-02  -1.820339E+00        11
   2.367267E+03   1.485226E+06   4.452925E-01   4.452925E-01   5.441823E-01   4.452925E-01  -1.901039E+01  -7.915784E-02  -1.820339E+00        11
   2.368267E+03   1.486950E+06   4.452925E-01   4.452925E-01   5.441823E-01   4.452925E-01  -1.901365E+01  -7.997403E-02  -1.820339E+00        11
   2.369267E+03   1.488675E+06   4.452925E-01   4.452925E-01   5.441823E-01   4.452925E-01  -1.901691E+01  -8.078975E-02  -1.820339E+00        11
   2.370267E+03   1.490401E+06   4.452925E-01   4.452925E-01   5.441823E-01   4.452925E-01  -1.902018E+01  -8.160499E-02  -1.820339E+00        11
   2.371267E+03   1.492128E+06   4.452925E-01   4.452925E-01   5.441823E-01   4.452925E-01  -1.902343E+01  -8.241976E-02  -1.820339E+00        11
   2.372267E+03   1.493856E+06   4.452925E-01   4.452925E-01   5.441823E-01   4.452925E-01  -1.902669E+01  -8.323407E-02  -1.820339E+00        11
   2.373267E+03   1.495585E+06   4.452925E-01   4.452925E-01   5.441823E-01   4.452925E-01  -1.902995E+01  -8.404790E-02  -1.820339E+00        11
   2.374267E+03   1.497315E+06   4.452925E-01   4.452925E-01   5.441823E-01   4.452925E-01  -1.903320E+01  -8.486126E-02  -1.820339E+00        11
   2.375267E+03   1.499046E+06   4.452925E-01   4.452925E-01   5.441823E-01   4.452925E-01  -1.903645E+01  -8.567415E-02  -1.820339E+00        11
   2.376267E+03   1.500778E+06   4.452925E-01   4.452925E-01   5.441823E-01   4.452925E-01  -1.903970E+01  -8.648657E-02  -1.820339E+00        11
   2.377267E+03   1.502511E+06   4.452925E-01   4.452925E-01   5.441823E-01   4.452925E-01  -1.904295E+01  -8.729852E-02  -1.820339E+00        11
   2.378267E+03   1.504245E+06   4.452925E-01   4.452925E-01   5.441823E-01   4.452925E-01  -1.904620E+01  -8.811001E-02  -1.820339E+00        11
   2.379267E+03   1.505980E+06   4.452925E-01   4.452925E-01   5.441823E-01   4.452925E-01  -1.904944E+01  -8.892103E-02  -1.820339E+00        11
   2.380267E+03   1.507716E+06   4.452925E-01   4.452925E-01   5.441823E-01   4.452925E-01  -1.905268E+01  -8.973158E-02  -1.820339E+00        11
   2.381267E+03   1.509453E+06   4.452925E-01   4.452925E-01   5.441823E-01   4.452925E-01  -1.905592E+01  -9.054166E-02  -1.820339E+00        11
   2.382267E+03   1.511191E+06   4.452925E-01   4.452925E-01   5.441823E-01   4.452925E-01  -1.905916E+01  -9.135128E-02  -1.820339E+00        11
   2.383267E+03   1.512930E+06   4.452925E-01   4.452925E-01   5.441823E-01   4.452925E-01  -1.906240E+01  -9.216043E-02  -1.820339E+00        11
   2.384267E+03   1.514670E+06   4.452925E-01   4.452925E-01   5.441823E-01   4.452925E-01  -1.906563E+01  -9.296911E-02  -1.820339E+00        11
   2.385267E+03   1.516411E+06   4.452925E-01   4.452925E-01   5.441823E-01   4.452925E-01  -1.906887E+01  -9.377733E-02  -1.820339E+00        11
   2.386267E+03   1.518153E+06   4.452925E-01   4.452925E-01   5.441823E-01   4.452925E-01  -1.907210E+01  -9.458509E-02  -1.820339E+00        11
   2.387267E+03   1.519896E+06   4.452925E-01   4.452925E-01   5.441823E-01   4.452925E-01  -1.907533E+01  -9.539239E-02  -1.820339E+00        11
   2.388267E+03   1.521640E+06   4.452925E-01   4.452925E-01   5.441823E-01   4.452925E-01  -1.907855E+01  -9.619922E-02  -1.820339E+00        11
   2.389267E+03   1.523385E+06   4.452925E-01   4.452925E-01   5.441823E-01   4.452925E-01  -1.908178E+01  -9.700559E-02  -1.820339E+00        11
   2.390267E+03   1.525131E+06   4.452925E-01   4.452925E-01   5.441823E-01   4.452925E-01  -1.908500E+01  -9.781149E-02  -1.820339E+00        11
   2.391267E+03   1.526878E+06   4.452925E-01   4.452925E-01   5.441823E-01   4.452925E-01  -1.908822E+01  -9.861694E-02  -1.820339E+00        11
   2.392267E+03   1.528626E+06   4.452925E-01   4.452925E-01   5.441823E-01   4.452925E-01  -1.909144E+01  -9.942193E-02  -1.820339E+00        11
   2.393267E+03   1.530375E+06   4.452925E-01   4.452925E-01   5.441823E-01   4.452925E-01  -1.909466E+01  -1.002265E-01  -1.820339E+00        11
   2.394267E+03   1.532125E+06   4.452925E-01   4.452925E-01   5.441823E-01   4.452925E-01  -1.909788E+01  -1.010305E-01  -1.820339E+00        11
   2.395267E+03   1.533876E+06   4.452925E-01   4.452925E-01   5.441823E-01   4.452925E-01  -1.910109E+01  -1.018341E-01  -1.820339E+00        11
   2.396267E+03   1.535628E+06   4.452925E-01   4.452925E-01   5.441823E-01   4.452925E-01  -1.910430E+01  -1.026373E-01  -1.820339E+00        11
   2.397267E+03   1.537381E+06   4.452925E-01   4.452925E-01   5.441823E-01   4.452925E-01  -1.910752E+01  -1.034400E-01  -1.820339E+00        11
   2.398267E+03   1.539135E+06   4.452925E-01   4.452925E-01   5.441823E-01   4.452925E-01  -1.911072E+01  -1.042422E-01  -1.820339E+00        11
   2.399267E+03   1.540890E+06   4.452925E-01   4.452925E-01   5.441823E-01   4.452925E-01  -1.911393E+01  -1.050440E-01  -1.820339E+00        11
   2.400267E+03   1.542646E+06   4.452925E-01   4.452925E-01   5.441823E-01   4.452925E-01  -1.911714E+01  -1.058453E-01  -1.820339E+00        11
   2.401267E+03   1.544403E+06   4.452925E-01   4.452925E-01   5.441823E-01   4.452925E-01  -1.912034E+01  -1.066461E-01  -1.820339E+00        11
   2.402267E+03   1.546161E+06   4.452925E-01   4.452925E-01   5.441823E-01   4.452925E-01  -1.912354E+01  -1.074466E-01  -1.820339E+00        11
   2.403267E+03   1.547920E+06   4.452925E-01   4.452925E-01   5.441823E-01   4.452925E-01  -1.912674E+01  -1.082465E-01  -1.820339E+00        11
   2.404267E+03   1.549680E+06   4.452925E-01   4.452925E-01   5.441823E-01   4.452925E-01  -1.912994E+01  -1.090460E-01  -1.820339E+00        11
   2.405267E+03   1.551441E+06   4.452925E-01   4.452925E-01   5.441823E-01   4.452925E-01  -1.913314E+01  -1.098450E-01  -1.820339E+00        11
   2.406267E+03   1.553203E+06   4.452925E-01   4.452925E-01   5.441823E-01   4.452925E-01  -1.913633E+01  -1.106436E-01  -1.820339E+00        11
   2.407267E+03   1.554966E+06   4.452925E-01   4.452925E-01   5.441823E-01   4.452925E-01  -1.913952E+01  -1.114418E-01  -1.820339E+00        11
   2.408267E+03   1.556730E+06   4.452925E-01   4.452925E-01   5.441823E-01   4.452925E-01  -1.914271E+01  -1.122395E-01  -1.820339E+00        11
   2.409267E+03   1.558495E+06   4.452925E-01   4.452925E-01   5.441823E-01   4.452925E-01  -1.914590E+01  -1.130367E-01  -1.820339E+00        11
   2.410267E+03   1.560261E+06   4.452925E-01   4.452925E-01   5.441823E-01   4.452925E-01  -1.914909E+01  -1.138335E-01  -1.820339E+00        11
   2.411267E+03   1.562028E+06   4.452925E-01   4.452925E-01   5.441823E-01   4.452925E-01  -1.915228E+01  -1.146298E-01  -1.820339E+00        11
   2.412267E+03   1.563796E+06   4.452925E-01   4.452925E-01   5.441823E-01   4.452925E-01  -1.915546E+01  -1.154257E-01  -1.820339E+00        11
   2.413267E+03   1.565565E+06   4.452925E-01   4.452925E-01   5.441823E-01   4.452925E-01  -1.915864E+01  -1.162211E-01  -1.820339E+00        11
   2.414267E+03   1.567335E+06   4.452925E-01   4.452925E-01   5.441823E-01   4.452925E-01  -1.916182E+01  -1.170161E-01  -1.820339E+00        11
   2.415267E+03   1.569106E+06   4.452925E-01   4.452925E-01   5.441823E-01   4.452925E-01  -1.916500E+01  -1.178106E-01  -1.820339E+00        11
   2.416267E+03   1.570878E+06   4.452925E-01   4.452925E-01   5.441823E-01   4.452925E-01  -1.916817E+01  -1.186047E-01  -1.820339E+00        11
   2.417267E+03   1.572651E+06   4.452925E-01   4.452925E-01   5.441823E-01   4.452925E-01  -1.917135E+01  -1.193983E-01  -1.820339E+00        11
   2.418267E+03   1.574425E+06   4.452925E-01   4.452925E-01   5.441823E-01   4.452925E-01  -1.917452E+01  -1.201915E-01  -1.820339E+00        11
   2.419267E+03   1.576200E+06   4.452925E-01   4.452925E-01   5.441823E-01   4.452925E-01  -1.917769E+01  -1.209843E-01  -1.820339E+00        11
   2.420267E+03   1.577976E+06   4.452925E-01   4.452925E-01   5.441823E-01   4.452925E-01  -1.918086E+01  -1.217766E-01  -1.820339E+00        11
   2.421267E+03   1.579753E+06   4.452925E-01   4.452925E-01   5.441823E-01   4.452925E-01  -1.918403E+01  -1.225684E-01  -1.820339E+00        11
   2.422267E+03   1.581531E+06   4.452925E-01   4.452925E-01   5.441823E-01   4.452925E-01  -1.918720E+01  -1.233598E-01  -1.820339E+00        11
   2.423267E+03   1.583310E+06   4.452925E-01   4.452925E-01   5.441823E-01   4.452925E-01  -1.919036E+01  -1.241508E-01  -1.820339E+00        11
   2.424267E+03   1.585090E+06   4.452925E-01   4.452925E-01   5.441823E-01   4.452925E-01  -1.919352E+01  -1.249413E-01  -1.820339E+00        11
   2.425267E+03   1.586871E+06   4.452925E-01   4.452925E-01   5.441823E-01   4.452925E-01  -1.919668E+01  -1.257313E-01  -1.820339E+00        11
   2.426267E+03   1.588653E+06   4.452925E-01   4.452925E-01   5.441823E-01   4.452925E-01  -1.919984E+01  -1.265210E-01  -1.820339E+00        11
   2.427267E+03   1.590436E+06   4.452925E-01   4.452925E-01   5.441823E-01   4.452925E-01  -1.920300E+01  -1.273102E-01  -1.820339E+00        11
   2.428267E+03   1.592220E+06   4.452925E-01   4.452925E-01   5.441823E-01   4.452925E-01  -1.920615E+01  -1.280989E-01  -1.820339E+00        11
   2.429267E+03   1.594005E+06   4.452925E-01   4.452925E-01   5.441823E-01   4.452925E-01  -1.920930E+01  -1.288872E-01  -1.820339E+00        11
   2.430267E+03   1.595791E+06   4.452925E-01   4.452925E-01   5.441823E-01   4.452925E-01  -1.921246E+01  -1.296751E-01  -1.820339E+00        11
   2.431267E+03   1.597578E+06   4.452925E-01   4.452925E-01   5.441823E-01   4.452925E-01  -1.921561E+01  -1.304625E-01  -1.820339E+00        11
   2.432267E+03   1.599366E+06   4.452925E-01   4.452925E-01   5.441823E-01   4.452925E-01  -1.921875E+01  -1.312494E-01  -1.820339E+00        11
   2.433267E+03   1.601155E+06   4.452925E-01   4.452925E-01   5.441823E-01   4.452925E-01  -1.922190E+01  -1.320360E-01  -1.820339E+00        11
   2.434267E+03   1.602945E+06   4.452925E-01   4.452925E-01   5.441823E-01   4.452925E-01  -1.922504E+01  -1.328221E-01  -1.820339E+00        11
   2.435267E+03   1.604736E+06   4.452925E-01   4.452925E-01   5.441823E-01   4.452925E-01  -1.922819E+01  -1.336077E-01  -1.820339E+00        11
   2.436267E+03   1.606528E+06   4.452925E-01   4.452925E-01   5.441823E-01   4.452925E-01  -1.923133E+01  -1.343930E-01  -1.820339E+00        11
   2.437267E+03   1.608321E+06   4.452925E-01   4.452925E-01   5.441823E-01   4.452925E-01  -1.923447E+01  -1.351777E-01  -1.820339E+00        11
   2.438267E+03   1.610115E+06   4.452925E-01   4.452925E-01   5.441823E-01   4.452925E-01  -1.923760E+01  -1.359621E-01  -1.820339E+00        11
   2.439267E+03   1.611910E+06   4.452925E-01   4.452925E-01   5.441823E-01   4.452925E-01  -1.924074E+01  -1.367460E-01  -1.820339E+00        11
   2.440267E+03   1.613706E+06   4.452925E-01   4.452925E-01   5.441823E-01   4.452925E-01  -1.924387E+01  -1.375295E-01  -1.820339E+00        11
   2.441267E+03   1.615503E+06   4.452925E-01   4.452925E-01   5.441823E-01   4.452925E-01  -1.924701E+01  -1.383125E-01  -1.820339E+00        11
   2.442267E+03   1.617301E+06   4.452925E-01   4.452925E-01   5.441823E-01   4.452925E-01  -1.925014E+01  -1.390951E-01  -1.820339E+00        11
   2.443267E+03   1.619100E+06   4.452925E-01   4.452925E-01   5.441823E-01   4.452925E-01  -1.925326E+01  -1.398773E-01  -1.820339E+00        11
   2.444267E+03   1.620900E+06   4.452925E-01   4.452925E-01   5.441823E-01   4.452925E-01  -1.925639E+01  -1.406590E-01  -1.820339E+00        11
   2.445267E+03   1.622701E+06   4.452925E-01   4.452925E-01   5.441823E-01   4.452925E-01  -1.925952E+01  -1.414403E-01  -1.820339E+00        11
   2.446267E+03   1.624503E+06   4.452925E-01   4.452925E-01   5.441823E-01   4.452925E-01  -1.926264E+01  -1.422212E-01  -1.820339E+00        11
   2.447267E+03   1.626306E+06   4.452925E-01   4.452925E-01   5.441823E-01   4.452925E-01  -1.926576E+01  -1.430016E-01  -1.820339E+00        11
   2.448267E+03   1.628110E+06   4.452925E-01   4.452925E-01   5.441823E-01   4.452925E-01  -1.926888E+01  -1.437816E-01  -1.820339E+00        11
   2.449267E+03   1.629915E+06   4.452925E-01   4.452925E-01   5.441823E-01   4.452925E-01  -1.927200E+01  -1.445611E-01  -1.820339E+00        11
   2.450267E+03   1.631721E+06   4.452925E-01   4.452925E-01   5.441823E-01   4.452925E-01  -1.927512E+01  -1.453403E-01  -1.820339E+00        11
   2.451267E+03   1.633528E+06   4.452925E-01   4.452925E-01   5.441823E-01   4.452925E-01  -1.927823E+01  -1.461190E-01  -1.820339E+00        11
   2.452267E+03   1.635336E+06   4.452925E-01   4.452925E-01   5.441823E-01   4.452925E-01  -1.928134E+01  -1.468972E-01  -1.820339E+00        11
   2.453267E+03   1.637145E+06   4.452925E-01   4.452925E-01   5.441823E-01   4.452925E-01  -1.928446E+01  -1.476751E-01  -1.820339E+00        11
   2.454267E+03   1.638955E+06   4.452925E-01   4.452925E-01   5.441823E-01   4.452925E-01  -1.928757E+01  -1.484525E-01  -1.820339E+00        11
   2.455267E+03   1.640766E+06   4.452925E-01   4.452925E-01   5.441823E-01   4.452925E-01  -1.929067E+01  -1.492295E-01  -1.820339E+00        11
   2.456267E+03   1.642578E+06   4.452925E-01   4.452925E-01   5.441823E-01   4.452925E-01  -1.929378E+01  -1.500060E-01  -1.820339E+00        11
   2.457267E+03   1.644391E+06   4.452925E-01   4.452925E-01   5.441823E-01   4.452925E-01  -1.929688E+01  -1.507822E-01  -1.820339E+00        11
   2.458267E+03   1.646205E+06   4.452925E-01   4.452925E-01   5.441823E-01   4.452925E-01  -1.929999E+01  -1.515579E-01  -1.820339E+00        11
   2.459267E+03   1.648020E+06   4.452925E-01   4.452925E-01   5.441823E-01   4.452925E-01  -1.930309E+01  -1.523331E-01  -1.820339E+00        11
   2.460267E+03   1.649836E+06   4.452925E-01   4.452925E-01   5.441823E-01   4.452925E-01  -1.930619E+01  -1.531080E-01  -1.820339E+00        11
   2.461267E+03   1.651653E+06   4.452925E-01   4.452925E-01   5.441823E-01   4.452925E-01  -1.930929E+01  -1.538824E-01  -1.820339E+00        11
   2.462267E+03   1.653471E+06   4.452925E-01   4.452925E-01   5.441823E-01   4.452925E-01  -1.931238E+01  -1.546564E-01  -1.820339E+00        11
   2.463267E+03   1.655290E+06   4.452925E-01   4.452925E-01   5.441823E-01   4.452925E-01  -1.931548E+01  -1.554299E-01  -1.820339E+00        11
   2.464267E+03   1.657110E+06   4.452925E-01   4.452925E-01   5.441823E-01   4.452925E-01  -1.931857E+01  -1.562031E-01  -1.820339E+00        11
   2.465267E+03   1.658931E+06   4.452925E-01   4.452925E-01   5.441823E-01   4.452925E-01  -1.932166E+01  -1.569758E-01  -1.820339E+00        11
   2.466267E+03   1.660753E+06   4.452925E-01   4.452925E-01   5.441823E-01   4.452925E-01  -1.932475E+01  -1.577481E-01  -1.820339E+00        11
   2.467267E+03   1.662576E+06   4.452925E-01   4.452925E-01   5.441823E-01   4.452925E-01  -1.932784E+01  -1.585200E-01  -1.820339E+00        11
   2.468267E+03   1.664400E+06   4.452925E-01   4.452925E-01   5.441823E-01   4.452925E-01  -1.933092E+01  -1.592914E-01  -1.820339E+00        11
   2.469267E+03   1.666225E+06   4.452925E-01   4.452925E-01   5.441823E-01   4.452925E-01  -1.933401E+01  -1.600624E-01  -1.820339E+00        11
   2.470267E+03   1.668051E+06   4.452925E-01   4.452925E-01   5.441823E-01   4.452925E-01  -1.933709E+01  -1.608330E-01  -1.820339E+00        11
   2.471267E+03   1.669878E+06   4.452925E-01   4.452925E-01   5.441823E-01   4.452925E-01  -1.934017E+01  -1.616032E-01  -1.820339E+00        11
   2.472267E+03   1.671706E+06   4.452925E-01   4.452925E-01   5.441823E-01   4.452925E-01  -1.934325E+01  -1.623730E-01  -1.820339E+00        11
   2.473267E+03   1.673535E+06   4.452925E-01   4.452925E-01   5.441823E-01   4.452925E-01  -1.934633E+01  -1.631423E-01  -1.820339E+00        11
   2.474267E+03   1.675365E+06   4.452925E-01   4.452925E-01   5.441823E-01   4.452925E-01  -1.934940E+01  -1.639112E-01  -1.820339E+00        11
   2.475267E+03   1.677196E+06   4.452925E-01   4.452925E-01   5.441823E-01   4.452925E-01  -1.935247E+01  -1.646797E-01  -1.820339E+00        11
   2.476267E+03   1.679028E+06   4.452925E-01   4.452925E-01   5.441823E-01   4.452925E-01  -1.935555E+01  -1.654478E-01  -1.820339E+00        11
   2.477267E+03   1.680861E+06   4.452925E-01   4.452925E-01   5.441823E-01   4.452925E-01  -1.935862E+01  -1.662154E-01  -1.820339E+00        11
   2.478267E+03   1.682695E+06   4.452925E-01   4.452925E-01   5.441823E-01   4.452925E-01  -1.936169E+01  -1.669827E-01  -1.820339E+00        11
   2.479267E+03   1.684530E+06   4.452925E-01   4.452925E-01   5.441823E-01   4.452925E-01  -1.936475E+01  -1.677495E-01  -1.820339E+00        11
   2.480267E+03   1.686366E+06   4.452925E-01   4.452925E-01   5.441823E-01   4.452925E-01  -1.936782E+01  -1.685159E-01  -1.820339E+00        11
   2.481267E+03   1.688203E+06   4.452925E-01   4.452925E-01   5.441823E-01   4.452925E-01  -1.937088E+01  -1.692819E-01  -1.820339E+00        11
   2.482267E+03   1.690041E+06   4.452925E-01   4.452925E-01   5.441823E-01   4.452925E-01  -1.937395E+01  -1.700474E-01  -1.820339E+00        11
   2.483267E+03   1.691880E+06   4.452925E-01   4.452925E-01   5.441823E-01   4.452925E-01  -1.937701E+01  -1.708126E-01  -1.820339E+00        11
   2.484267E+03   1.693720E+06   4.452925E-01   4.452925E-01   5.441823E-01   4.452925E-01  -1.938007E+01  -1.715773E-01  -1.820339E+00        11
   2.485267E+03   1.695561E+06   4.452925E-01   4.452925E-01   5.441823E-01   4.452925E-01  -1.938312E+01  -1.723416E-01  -1.820339E+00        11
   2.486267E+03   1.697403E+06   4.452925E-01   4.452925E-01   5.441823E-01   4.452925E-01  -1.938618E+01  -1.731056E-01  -1.820339E+00        11
   2.487267E+03   1.699246E+06   4.452925E-01   4.452925E-01   5.441823E-01   4.452925E-01  -1.938923E+01  -1.738690E-01  -1.820339E+00        11
   2.488267E+03   1.701090E+06   4.452925E-01   4.452925E-01   5.441823E-01   4.452925E-01  -1.939228E+01  -1.746321E-01  -1.820339E+00        11
   2.489267E+03   1.702935E+06   4.452925E-01   4.452925E-01   5.441823E-01   4.452925E-01  -1.939534E+01  -1.753948E-01  -1.820339E+00        11
   2.490267E+03   1.704781E+06   4.452925E-01   4.452925E-01   5.441823E-01   4.452925E-01  -1.939838E+01  -1.761570E-01  -1.820339E+00        11
   2.491267E+03   1.706628E+06   4.452925E-01   4.452925E-01   5.441823E-01   4.452925E-01  -1.940143E+01  -1.769189E-01  -1.820339E+00        11
   2.492267E+03   1.708476E+06   4.452925E-01   4.452925E-01   5.441823E-01   4.452925E-01  -1.940448E+01  -1.776803E-01  -1.820339E+00        11
   2.493267E+03   1.710325E+06   4.452925E-01   4.452925E-01   5.441823E-01   4.452925E-01  -1.940752E+01  -1.784413E-01  -1.820339E+00        11
   2.494267E+03   1.712175E+06   4.452925E-01   4.452925E-01   5.441823E-01   4.452925E-01  -1.941056E+01  -1.792019E-01  -1.820339E+00        11
   2.495267E+03   1.714026E+06   4.452925E-01   4.452925E-01   5.441823E-01   4.452925E-01  -1.941360E+01  -1.799621E-01  -1.820339E+00        11
   2.496267E+03   1.715878E+06   4.452925E-01   4.452925E-01   5.441823E-01   4.452925E-01  -1.941664E+01  -1.807219E-01  -1.820339E+00        11
   2.497267E+03   1.717731E+06   4.452925E-01   4.452925E-01   5.441823E-01   4.452925E-01  -1.941968E+01  -1.814813E-01  -1.820339E+00        11
   2.498267E+03   1.719585E+06   4.452925E-01   4.452925E-01   5.441823E-01   4.452925E-01  -1.942272E+01  -1.822402E-01  -1.820339E+00        11
   2.499267E+03   1.721440E+06   4.452925E-01   4.452925E-01   5.441823E-01   4.452925E-01  -1.942575E+01  -1.829988E-01  -1.820339E+00        11
   2.500267E+03   1.723296E+06   4.452925E-01   4.452925E-01   5.441823E-01   4.452925E-01  -1.942878E+01  -1.837569E-01  -1.820339E+00        11
   2.501267E+03   1.725153E+06   4.452925E-01   4.452925E-01   5.441823E-01   4.452925E-01  -1.943181E+01  -1.845146E-01  -1.820339E+00        11
   2.502267E+03   1.727011E+06   4.452925E-01   4.452925E-01   5.441823E-01   4.452925E-01  -1.943484E+01  -1.852720E-01  -1.820339E+00        11
   2.503267E+03   1.728870E+06   4.452925E-01   4.452925E-01   5.441823E-01   4.452925E-01  -1.943787E+01  -1.860289E-01  -1.820339E+00        11
   2.504267E+03   1.730730E+06   4.452925E-01   4.452925E-01   5.441823E-01   4.452925E-01  -1.944090E+01  -1.867854E-01  -1.820339E+00        11
   2.505267E+03   1.732591E+06   4.452925E-01   4.452925E-01   5.441823E-01   4.452925E-01  -1.944392E+01  -1.875415E-01  -1.820339E+00        11
   2.506267E+03   1.734453E+06   4.452925E-01   4.452925E-01   5.441823E-01   4.452925E-01  -1.944694E+01  -1.882972E-01  -1.820339E+00        11
   2.507267E+03   1.736316E+06   4.452925E-01   4.452925E-01   5.441823E-01   4.452925E-01  -1.944997E+01  -1.890525E-01  -1.820339E+00        11
   2.508267E+03   1.738180E+06   4.452925E-01   4.452925E-01   5.441823E-01   4.452925E-01  -1.945299E+01  -1.898074E-01  -1.820339E+00        11
   2.509267E+03   1.740045E+06   4.452925E-01   4.452925E-01   5.441823E-01   4.452925E-01  -1.945600E+01  -1.905619E-01  -1.820339E+00        11
   2.510267E+03   1.741911E+06   4.452925E-01   4.452925E-01   5.441823E-01   4.452925E-01  -1.945902E+01  -1.913160E-01  -1.820339E+00        11
   2.511267E+03   1.743778E+06   4.452925E-01   4.452925E-01   5.441823E-01   4.452925E-01  -1.946203E+01  -1.920696E-01  -1.820339E+00        11
   2.512267E+03   1.745646E+06   4.452925E-01   4.452925E-01   5.441823E-01   4.452925E-01  -1.946505E+01  -1.928229E-01  -1.820339E+00        11
   2.513267E+03   1.747515E+06   4.452925E-01   4.452925E-01   5.441823E-01   4.452925E-01  -1.946806E+01  -1.935758E-01  -1.820339E+00        11
   2.514267E+03   1.749385E+06   4.452925E-01   4.452925E-01   5.441823E-01   4.452925E-01  -1.947107E+01  -1.943283E-01  -1.820339E+00        11
   2.515267E+03   1.751256E+06   4.452925E-01   4.452925E-01   5.441823E-01   4.452925E-01  -1.947408E+01  -1.950803E-01  -1.820339E+00        11
   2.516267E+03   1.753128E+06   4.452925E-01   4.452925E-01   5.441823E-01   4.452925E-01  -1.947708E+01  -1.958320E-01  -1.820339E+00        11
   2.517267E+03   1.755001E+06   4.452925E-01   4.452925E-01   5.441823E-01   4.452925E-01  -1.948009E+01  -1.965832E-01  -1.820339E+00        11
   2.518267E+03   1.756875E+06   4.452925E-01   4.452925E-01   5.441823E-01   4.452925E-01  -1.948309E+01  -1.973341E-01  -1.820339E+00        11
   2.519267E+03   1.758750E+06   4.452925E-01   4.452925E-01   5.441823E-01   4.452925E-01  -1.948609E+01  -1.980846E-01  -1.820339E+00        11
   2.520267E+03   1.760626E+06   4.452925E-01   4.452925E-01   5.441823E-01   4.452925E-01  -1.948909E+01  -1.988346E-01  -1.820339E+00        11
   2.521267E+03   1.762503E+06   4.452925E-01   4.452925E-01   5.441823E-01   4.452925E-01  -1.949209E+01  -1.995843E-01  -1.820339E+00        11
   2.522267E+03   1.764381E+06   4.452925E-01   4.452925E-01   5.441823E-01   4.452925E-01  -1.949509E+01  -2.003336E-01  -1.820339E+00        11
   2.523267E+03   1.766260E+06   4.452925E-01   4.452925E-01   5.441823E-01   4.452925E-01  -1.949809E+01  -2.010824E-01  -1.820339E+00        11
   2.524267E+03   1.768140E+06   4.452925E-01   4.452925E-01   5.441823E-01   4.452925E-01  -1.950108E+01  -2.018309E-01  -1.820339E+00        11
   2.525267E+03   1.770021E+06   4.452925E-01   4.452925E-01   5.441823E-01   4.452925E-01  -1.950407E+01  -2.025789E-01  -1.820339E+00        11
   2.526267E+03   1.771903E+06   4.452925E-01   4.452925E-01   5.441823E-01   4.452925E-01  -1.950706E+01  -2.033266E-01  -1.820339E+00        11
   2.527267E+03   1.773786E+06   4.452925E-01   4.452925E-01   5.441823E-01   4.452925E-01  -1.951005E+01  -2.040739E-01  -1.820339E+00        11
   2.528267E+03   1.775670E+06   4.452925E-01   4.452925E-01   5.441823E-01   4.452925E-01  -1.951304E+01  -2.048208E-01  -1.820339E+00        11
   2.529267E+03   1.777555E+06   4.452925E-01   4.452925E-01   5.441823E-01   4.452925E-01  -1.951602E+01  -2.055672E-01  -1.820339E+00        11
   2.530267E+03   1.779441E+06   4.452925E-01   4.452925E-01   5.441823E-01   4.452925E-01  -1.951901E+01  -2.063133E-01  -1.820339E+00        11
   2.531267E+03   1.781328E+06   4.452925E-01   4.452925E-01   5.441823E-01   4.452925E-01  -1.952199E+01  -2.070590E-01  -1.820339E+00        11
   2.532267E+03   1.783216E+06   4.452925E-01   4.452925E-01   5.441823E-01   4.452925E-01  -1.952497E+01  -2.078043E-01  -1.820339E+00        11
   2.533267E+03   1.785105E+06   4.452925E-01   4.452925E-01   5.441823E-01   4.452925E-01  -1.952795E+01  -2.085492E-01  -1.820339E+00        11
   2.534267E+03   1.786995E+06   4.452925E-01   4.452925E-01   5.441823E-01   4.452925E-01  -1.953093E+01  -2.092937E-01  -1.820339E+00        11
   2.535267E+03   1.788886E+06   4.452925E-01   4.452925E-01   5.441823E-01   4.452925E-01  -1.953391E+01  -2.100378E-01  -1.820339E+00        11
   2.536267E+03   1.790778E+06   4.452925E-01   4.452925E-01   5.441823E-01   4.452925E-01  -1.953688E+01  -2.107815E-01  -1.820339E+00        11
   2.537267E+03   1.792671E+06   4.452925E-01   4.452925E-01   5.441823E-01   4.452925E-01  -1.953986E+01  -2.115249E-01  -1.820339E+00        11
   2.538267E+03   1.794565E+06   4.452925E-01   4.452925E-01   5.441823E-01   4.452925E-01  -1.954283E+01  -2.122678E-01  -1.820339E+00        11
   2.539267E+03   1.796460E+06   4.452925E-01   4.452925E-01   5.441823E-01   4.452925E-01  -1.954580E+01  -2.130103E-01  -1.820339E+00        11
   2.540267E+03   1.798356E+06   4.452925E-01   4.452925E-01   5.441823E-01   4.452925E-01  -1.954877E+01  -2.137525E-01  -1.820339E+00        11
   2.541267E+03   1.800253E+06   4.452925E-01   4.452925E-01   5.441823E-01   4.452925E-01  -1.955173E+01  -2.144942E-01  -1.820339E+00        11
   2.542267E+03   1.802151E+06   4.452925E-01   4.452925E-01   5.441823E-01   4.452925E-01  -1.955470E+01  -2.152356E-01  -1.820339E+00        11
   2.543267E+03   1.804050E+06   4.452925E-01   4.452925E-01   5.441823E-01   4.452925E-01  -1.955766E+01  -2.159766E-01  -1.820339E+00        11
   2.544267E+03   1.805950E+06   4.452925E-01   4.452925E-01   5.441823E-01   4.452925E-01  -1.956062E+01  -2.167172E-01  -1.820339E+00        11
   2.545267E+03   1.807851E+06   4.452925E-01   4.452925E-01   5.441823E-01   4.452925E-01  -1.956359E+01  -2.174574E-01  -1.820339E+00        11
   2.546267E+03   1.809753E+06   4.452925E-01   4.452925E-01   5.441823E-01   4.452925E-01  -1.956654E+01  -2.181972E-01  -1.820339E+00        11
   2.547267E+03   1.811656E+06   4.452925E-01   4.452925E-01   5.441823E-01   4.452925E-01  -1.956950E+01  -2.189366E-01  -1.820339E+00        11
   2.548267E+03   1.813560E+06   4.452925E-01   4.452925E-01   5.441823E-01   4.452925E-01  -1.957246E+01  -2.196756E-01  -1.820339E+00        11
   2.549267E+03   1.815465E+06   4.452925E-01   4.452925E-01   5.441823E-01   4.452925E-01  -1.957541E+01  -2.204143E-01  -1.820339E+00        11
   2.550267E+03   1.817371E+06   4.452925E-01   4.452925E-01   5.441823E-01   4.452925E-01  -1.957837E+01  -2.211525E-01  -1.820339E+00        11
   2.551267E+03   1.819278E+06   4.452925E-01   4.452925E-01   5.441823E-01   4.452925E-01  -1.958132E+01  -2.218904E-01  -1.820339E+00        11
   2.552267E+03   1.821186E+06   4.452925E-01   4.452925E-01   5.441823E-01   4.452925E-01  -1.958427E+01  -2.226279E-01  -1.820339E+00        11
   2.553267E+03   1.823095E+06   4.452925E-01   4.452925E-01   5.441823E-01   4.452925E-01  -1.958722E+01  -2.233650E-01  -1.820339E+00        11
   2.554267E+03   1.825005E+06   4.452925E-01   4.452925E-01   5.441823E-01   4.452925E-01  -1.959016E+01  -2.241017E-01  -1.820339E+00        11
   2.555267E+03   1.826916E+06   4.452925E-01   4.452925E-01   5.441823E-01   4.452925E-01  -1.959311E+01  -2.248380E-01  -1.820339E+00        11
   2.556267E+03   1.828828E+06   4.452925E-01   4.452925E-01   5.441823E-01   4.452925E-01  -1.959605E+01  -2.255739E-01  -1.820339E+00        11
   2.557267E+03   1.830741E+06   4.452925E-01   4.452925E-01   5.441823E-01   4.452925E-01  -1.959899E+01  -2.263095E-01  -1.820339E+00        11
   2.558267E+03   1.832655E+06   4.452925E-01   4.452925E-01   5.441823E-01   4.452925E-01  -1.960193E+01  -2.270447E-01  -1.820339E+00        11
   2.559267E+03   1.834570E+06   4.452925E-01   4.452925E-01   5.441823E-01   4.452925E-01  -1.960487E+01  -2.277795E-01  -1.820339E+00        11
   2.560267E+03   1.836486E+06   4.452925E-01   4.452925E-01   5.441823E-01   4.452925E-01  -1.960781E+01  -2.285139E-01  -1.820339E+00        11
   2.561267E+03   1.838403E+06   4.452925E-01   4.452925E-01   5.441823E-01   4.452925E-01  -1.961075E+01  -2.292479E-01  -1.820339E+00        11
   2.562267E+03   1.840321E+06   4.452925E-01   4.452925E-01   5.441823E-01   4.452925E-01  -1.961368E+01  -2.299815E-01  -1.820339E+00        11
   2.563267E+03   1.842240E+06   4.452925E-01   4.452925E-01   5.441823E-01   4.452925E-01  -1.961661E+01  -2.307148E-01  -1.820339E+00        11
   2.564267E+03   1.844160E+06   4.452925E-01   4.452925E-01   5.441823E-01   4.452925E-01  -1.961955E+01  -2.314476E-01  -1.820339E+00        11
   2.565267E+03   1.846081E+06   4.452925E-01   4.452925E-01   5.441823E-01   4.452925E-01  -1.962248E+01  -2.321801E-01  -1.820339E+00        11
   2.566267E+03   1.848003E+06   4.452925E-01   4.452925E-01   5.441823E-01   4.452925E-01  -1.962540E+01  -2.329122E-01  -1.820339E+00        11
   2.567267E+03   1.849926E+06   4.452925E-01   4.452925E-01   5.441823E-01   4.452925E-01  -1.962833E+01  -2.336440E-01  -1.820339E+00        11
   2.568267E+03   1.851850E+06   4.452925E-01   4.452925E-01   5.441823E-01   4.452925E-01  -1.963126E+01  -2.343753E-01  -1.820339E+00        11
   2.569267E+03   1.853775E+06   4.452925E-01   4.452925E-01   5.441823E-01   4.452925E-01  -1.963418E+01  -2.351063E-01  -1.820339E+00        11
   2.570267E+03   1.855701E+06   4.452925E-01   4.452925E-01   5.441823E-01   4.452925E-01  -1.963710E+01  -2.358369E-01  -1.820339E+00        11
   2.571267E+03   1.857628E+06   4.452925E-01   4.452925E-01   5.441823E-01   4.452925E-01  -1.964002E+01  -2.365671E-01  -1.820339E+00        11
   2.572267E+03   1.859556E+06   4.452925E-01   4.452925E-01   5.441823E-01   4.452925E-01  -1.964294E+01  -2.372969E-01  -1.820339E+00        11
   2.573267E+03   1.861485E+06   4.452925E-01   4.452925E-01   5.441823E-01   4.452925E-01  -1.964586E+01  -2.380264E-01  -1.820339E+00        11
   2.574267E+03   1.863415E+06   4.452925E-01   4.452925E-01   5.441823E-01   4.452925E-01  -1.964878E+01  -2.387554E-01  -1.820339E+00        11
   2.575267E+03   1.865346E+06   4.452925E-01   4.452925E-01   5.441823E-01   4.452925E-01  -1.965169E+01  -2.394841E-01  -1.820339E+00        11
   2.576267E+03   1.867278E+06   4.452925E-01   4.452925E-01   5.441823E-01   4.452925E-01  -1.965461E+01  -2.402125E-01  -1.820339E+00        11
   2.577267E+03   1.869211E+06   4.452925E-01   4.452925E-01   5.441823E-01   4.452925E-01  -1.965752E+01  -2.409404E-01  -1.820339E+00        11
   2.578267E+03   1.871145E+06   4.452925E-01   4.452925E-01   5.441823E-01   4.452925E-01  -1.966043E+01  -2.416680E-01  -1.820339E+00        11
   2.579267E+03   1.873080E+06   4.452925E-01   4.452925E-01   5.441823E-01   4.452925E-01  -1.966334E+01  -2.423952E-01  -1.820339E+00        11
   2.580267E+03   1.875016E+06   4.452925E-01   4.452925E-01   5.441823E-01   4.452925E-01  -1.966624E+01  -2.431220E-01  -1.820339E+00        11
   2.581267E+03   1.876953E+06   4.452925E-01   4.452925E-01   5.441823E-01   4.452925E-01  -1.966915E+01  -2.438484E-01  -1.820339E+00        11
   2.582267E+03   1.878891E+06   4.452925E-01   4.452925E-01   5.441823E-01   4.452925E-01  -1.967205E+01  -2.445745E-01  -1.820339E+00        11
   2.583267E+03   1.880830E+06   4.452925E-01   4.452925E-01   5.441823E-01   4.452925E-01  -1.967496E+01  -2.453002E-01  -1.820339E+00        11
   2.584267E+03   1.882770E+06   4.452925E-01   4.452925E-01   5.441823E-01   4.452925E-01  -1.967786E+01  -2.460255E-01  -1.820339E+00        11
   2.585267E+03   1.884711E+06   4.452925E-01   4.452925E-01   5.441823E-01   4.452925E-01  -1.968076E+01  -2.467504E-01  -1.820339E+00        11
   2.586267E+03   1.886653E+06   4.452925E-01   4.452925E-01   5.441823E-01   4.452925E-01  -1.968366E+01  -2.474750E-01  -1.820339E+00        11
   2.587267E+03   1.888596E+06   4.452925E-01   4.452925E-01   5.441823E-01   4.452925E-01  -1.968655E+01  -2.481992E-01  -1.820339E+00        11
   2.588267E+03   1.890540E+06   4.452925E-01   4.452925E-01   5.441823E-01   4.452925E-01  -1.968945E+01  -2.489230E-01  -1.820339E+00        11
   2.589267E+03   1.892485E+06   4.452925E-01   4.452925E-01   5.441823E-01   4.452925E-01  -1.969234E+01  -2.496465E-01  -1.820339E+00        11
   2.590267E+03   1.894431E+06   4.452925E-01   4.452925E-01   5.441823E-01   4.452925E-01  -1.969523E+01  -2.503695E-01  -1.820339E+00        11
   2.591267E+03   1.896378E+06   4.452925E-01   4.452925E-01   5.441823E-01   4.452925E-01  -1.969812E+01  -2.510923E-01  -1.820339E+00        11
   2.592267E+03   1.898326E+06   4.452925E-01   4.452925E-01   5.441823E-01   4.452925E-01  -1.970101E+01  -2.518146E-01  -1.820339E+00        11
   2.593267E+03   1.900275E+06   4.452925E-01   4.452925E-01   5.441823E-01   4.452925E-01  -1.970390E+01  -2.525366E-01  -1.820339E+00        11
   2.594267E+03   1.902225E+06   4.452925E-01   4.452925E-01   5.441823E-01   4.452925E-01  -1.970679E+01  -2.532582E-01  -1.820339E+00        11
   2.595267E+03   1.904176E+06   4.452925E-01   4.452925E-01   5.441823E-01   4.452925E-01  -1.970967E+01  -2.539794E-01  -1.820339E+00        11
   2.596267E+03   1.906128E+06   4.452925E-01   4.452925E-01   5.441823E-01   4.452925E-01  -1.971256E+01  -2.547002E-01  -1.820339E+00        11
   2.597267E+03   1.908081E+06   4.452925E-01   4.452925E-01   5.441823E-01   4.452925E-01  -1.971544E+01  -2.554207E-01  -1.820339E+00        11
   2.598267E+03   1.910035E+06   4.452925E-01   4.452925E-01   5.441823E-01   4.452925E-01  -1.971832E+01  -2.561409E-01  -1.820339E+00        11
   2.599267E+03   1.911990E+06   4.452925E-01   4.452925E-01   5.441823E-01   4.452925E-01  -1.972120E+01  -2.568606E-01  -1.820339E+00        11
   2.600267E+03   1.913946E+06   4.452925E-01   4.452925E-01   5.441823E-01   4.452925E-01  -1.972408E+01  -2.575800E-01  -1.820339E+00        11
   2.601267E+03   1.915903E+06   4.452925E-01   4.452925E-01   5.441823E-01   4.452925E-01  -1.972695E+01  -2.582990E-01  -1.820339E+00        11
   2.602267E+03   1.917861E+06   4.452925E-01   4.452925E-01   5.441823E-01   4.452925E-01  -1.972983E+01  -2.590177E-01  -1.820339E+00        11
   2.603267E+03   1.919820E+06   4.452925E-01   4.452925E-01   5.441823E-01   4.452925E-01  -1.973270E+01  -2.597359E-01  -1.820339E+00        11
   2.604267E+03   1.921780E+06   4.452925E-01   4.452925E-01   5.441823E-01   4.452925E-01  -1.973557E+01  -2.604538E-01  -1.820339E+00        11
   2.605267E+03   1.923741E+06   4.452925E-01   4.452925E-01   5.441823E-01   4.452925E-01  -1.973844E+01  -2.611714E-01  -1.820339E+00        11
   2.606267E+03   1.925703E+06   4.452925E-01   4.452925E-01   5.441823E-01   4.452925E-01  -1.974131E+01  -2.618886E-01  -1.820339E+00        11
   2.607267E+03   1.927666E+06   4.452925E-01   4.452925E-01   5.441823E-01   4.452925E-01  -1.974418E+01  -2.626054E-01  -1.820339E+00        11
   2.608267E+03   1.929630E+06   4.452925E-01   4.452925E-01   5.441823E-01   4.452925E-01  -1.974704E+01  -2.633219E-01  -1.820339E+00        11
   2.609267E+03   1.931595E+06   4.452925E-01   4.452925E-01   5.441823E-01   4.452925E-01  -1.974991E+01  -2.640379E-01  -1.820339E+00        11
   2.610267E+03   1.933561E+06   4.452925E-01   4.452925E-01   5.441823E-01   4.452925E-01  -1.975277E+01  -2.647537E-01  -1.820339E+00        11
   2.611267E+03   1.935528E+06   4.452925E-01   4.452925E-01   5.441823E-01   4.452925E-01  -1.975563E+01  -2.654690E-01  -1.820339E+00        11
   2.612267E+03   1.937496E+06   4.452925E-01   4.452925E-01   5.441823E-01   4.452925E-01  -1.975849E+01  -2.661840E-01  -1.820339E+00        11
   2.613267E+03   1.939465E+06   4.452925E-01   4.452925E-01   5.441823E-01   4.452925E-01  -1.976135E+01  -2.668987E-01  -1.820339E+00        11
   2.614267E+03   1.941435E+06   4.452925E-01   4.452925E-01   5.441823E-01   4.452925E-01  -1.976421E+01  -2.676129E-01  -1.820339E+00        11
   2.615267E+03   1.943406E+06   4.452925E-01   4.452925E-01   5.441823E-01   4.452925E-01  -1.976706E+01  -2.683268E-01  -1.820339E+00        11
   2.616267E+03   1.945378E+06   4.452925E-01   4.452925E-01   5.441823E-01   4.452925E-01  -1.976992E+01  -2.690404E-01  -1.820339E+00        11
   2.617267E+03   1.947351E+06   4.452925E-01   4.452925E-01   5.441823E-01   4.452925E-01  -1.977277E+01  -2.697536E-01  -1.820339E+00        11
   2.618267E+03   1.949325E+06   4.452925E-01   4.452925E-01   5.441823E-01   4.452925E-01  -1.977562E+01  -2.704664E-01  -1.820339E+00        11
   2.619267E+03   1.951300E+06   4.452925E-01   4.452925E-01   5.441823E-01   4.452925E-01  -1.977847E+01  -2.711789E-01  -1.820339E+00        11
   2.620267E+03   1.953276E+06   4.452925E-01   4.452925E-01   5.441823E-01   4.452925E-01  -1.978132E+01  -2.718910E-01  -1.820339E+00        11
   2.621267E+03   1.955253E+06   4.452925E-01   4.452925E-01   5.441823E-01   4.452925E-01  -1.978417E+01  -2.726027E-01  -1.820339E+00        11
   2.622267E+03   1.957231E+06   4.452925E-01   4.452925E-01   5.441823E-01   4.452925E-01  -1.978701E+01  -2.733141E-01  -1.820339E+00        11
   2.623267E+03   1.959210E+06   4.452925E-01   4.452925E-01   5.441823E-01   4.452925E-01  -1.978986E+01  -2.740251E-01  -1.820339E+00        11
   2.624267E+03   1.961190E+06   4.452925E-01   4.452925E-01   5.441823E-01   4.452925E-01  -1.979270E+01  -2.747358E-01  -1.820339E+00        11
   2.625267E+03   1.963171E+06   4.452925E-01   4.452925E-01   5.441823E-01   4.452925E-01  -1.979554E+01  -2.754461E-01  -1.820339E+00        11
   2.626267E+03   1.965153E+06   4.452925E-01   4.452925E-01   5.441823E-01   4.452925E-01  -1.979838E+01  -2.761560E-01  -1.820339E+00        11
   2.627267E+03   1.967136E+06   4.452925E-01   4.452925E-01   5.441823E-01   4.452925E-01  -1.980122E+01  -2.768656E-01  -1.820339E+00        11
   2.628267E+03   1.969120E+06   4.452925E-01   4.452925E-01   5.441823E-01   4.452925E-01  -1.980406E+01  -2.775748E-01  -1.820339E+00        11
   2.629267E+03   1.971105E+06   4.452925E-01   4.452925E-01   5.441823E-01   4.452925E-01  -1.980689E+01  -2.782837E-01  -1.820339E+00        11
   2.630267E+03   1.973091E+06   4.452925E-01   4.452925E-01   5.441823E-01   4.452925E-01  -1.980972E+01  -2.789922E-01  -1.820339E+00        11
   2.631267E+03   1.975078E+06   4.452925E-01   4.452925E-01   5.441823E-01   4.452925E-01  -1.981256E+01  -2.797004E-01  -1.820339E+00        11
   2.632267E+03   1.977066E+06   4.452925E-01   4.452925E-01   5.441823E-01   4.452925E-01  -1.981539E+01  -2.804082E-01  -1.820339E+00        11
   2.633267E+03   1.979055E+06   4.452925E-01   4.452925E-01   5.441823E-01   4.452925E-01  -1.981822E+01  -2.811156E-01  -1.820339E+00        11
   2.634267E+03   1.981045E+06   4.452925E-01   4.452925E-01   5.441823E-01   4.452925E-01  -1.982105E+01  -2.818227E-01  -1.820339E+00        11
   2.635267E+03   1.983036E+06   4.452925E-01   4.452925E-01   5.441823E-01   4.452925E-01  -1.982387E+01  -2.825295E-01  -1.820339E+00        11
   2.636267E+03   1.985028E+06   4.452925E-01   4.452925E-01   5.441823E-01   4.452925E-01  -1.982670E+01  -2.832359E-01  -1.820339E+00        11
   2.637267E+03   1.987021E+06   4.452925E-01   4.452925E-01   5.441823E-01   4.452925E-01  -1.982952E+01  -2.839419E-01  -1.820339E+00        11
   2.638267E+03   1.989015E+06   4.452925E-01   4.452925E-01   5.441823E-01   4.452925E-01  -1.983235E+01  -2.846476E-01  -1.820339E+00        11
   2.639267E+03   1.991010E+06   4.452925E-01   4.452925E-01   5.441823E-01   4.452925E-01  -1.983517E+01  -2.853529E-01  -1.820339E+00        11
   2.640267E+03   1.993006E+06   4.452925E-01   4.452925E-01   5.441823E-01   4.452925E-01  -1.983799E+01  -2.860578E-01  -1.820339E+00        11
   2.641267E+03   1.995003E+06   4.452925E-01   4.452925E-01   5.441823E-01   4.452925E-01  -1.984081E+01  -2.867625E-01  -1.820339E+00        11
   2.642267E+03   1.997001E+06   4.452925E-01   4.452925E-01   5.441823E-01   4.452925E-01  -1.984362E+01  -2.874667E-01  -1.820339E+00        11
   2.643267E+03   1.999000E+06   4.452925E-01   4.452925E-01   5.441823E-01   4.452925E-01  -1.984644E+01  -2.881706E-01  -1.820339E+00        11
   2.644267E+03   2.001000E+06   4.452925E-01   4.452925E-01   5.441823E-01   4.452925E-01  -1.984925E+01  -2.888742E-01  -1.820339E+00        11
   2.645267E+03   2.003001E+06   4.452925E-01   4.452925E-01   5.441823E-01   4.452925E-01  -1.985207E+01  -2.895774E-01  -1.820339E+00        11
   2.646267E+03   2.005003E+06   4.452925E-01   4.452925E-01   5.441823E-01   4.452925E-01  -1.985488E+01  -2.902802E-01  -1.820339E+00        11
   2.647267E+03   2.007006E+06   4.452925E-01   4.452925E-01   5.441823E-01   4.452925E-01  -1.985769E+01  -2.909828E-01  -1.820339E+00        11
   2.648267E+03   2.009010E+06   4.452925E-01   4.452925E-01   5.441823E-01   4.452925E-01  -1.986050E+01  -2.916849E-01  -1.820339E+00        11
   2.649267E+03   2.011015E+06   4.452925E-01   4.452925E-01   5.441823E-01   4.452925E-01  -1.986330E+01  -2.923867E-01  -1.820339E+00        11
   2.650267E+03   2.013021E+06   4.452925E-01   4.452925E-01   5.441823E-01   4.452925E-01  -1.986611E+01  -2.930882E-01  -1.820339E+00        11
   2.651267E+03   2.015028E+06   4.452925E-01   4.452925E-01   5.441823E-01   4.452925E-01  -1.986891E+01  -2.937893E-01  -1.820339E+00        11
   2.652267E+03   2.017036E+06   4.452925E-01   4.452925E-01   5.441823E-01   4.452925E-01  -1.987172E+01  -2.944900E-01  -1.820339E+00        11
   2.653267E+03   2.019045E+06   4.452925E-01   4.452925E-01   5.441823E-01   4.452925E-01  -1.987452E+01  -2.951904E-01  -1.820339E+00        11
   2.654267E+03   2.021055E+06   4.452925E-01   4.452925E-01   5.441823E-01   4.452925E-01  -1.987732E+01  -2.958905E-01  -1.820339E+00        11
   2.655267E+03   2.023066E+06   4.452925E-01   4.452925E-01   5.441823E-01   4.452925E-01  -1.988012E+01  -2.965902E-01  -1.820339E+00        11
   2.656267E+03   2.025078E+06   4.452925E-01   4.452925E-01   5.441823E-01   4.452925E-01  -1.988291E+01  -2.972895E-01  -1.820339E+00        11
   2.657267E+03   2.027091E+06   4.452925E-01   4.452925E-01   5.441823E-01   4.452925E-01  -1.988571E+01  -2.979886E-01  -1.820339E+00        11
   2.658267E+03   2.029105E+06   4.452925E-01   4.452925E-01   5.441823E-01   4.452925E-01  -1.988850E+01  -2.986872E-01  -1.820339E+00        11
   2.659267E+03   2.031120E+06   4.452925E-01   4.452925E-01   5.441823E-01   4.452925E-01  -1.989130E+01  -2.993855E-01  -1.820339E+00        11
   2.660267E+03   2.033136E+06   4.452925E-01   4.452925E-01   5.441823E-01   4.452925E-01  -1.989409E+01  -3.000835E-01  -1.820339E+00        11
   2.661267E+03   2.035153E+06   4.452925E-01   4.452925E-01   5.441823E-01   4.452925E-01  -1.989688E+01  -3.007811E-01  -1.820339E+00        11
   2.662267E+03   2.037171E+06   4.452925E-01   4.452925E-01   5.441823E-01   4.452925E-01  -1.989967E+01  -3.014784E-01  -1.820339E+00        11
   2.663267E+03   2.039190E+06   4.452925E-01   4.452925E-01   5.441823E-01   4.452925E-01  -1.990246E+01  -3.021754E-01  -1.820339E+00        11
   2.664267E+03   2.041210E+06   4.452925E-01   4.452925E-01   5.441823E-01   4.452925E-01  -1.990524E+01  -3.028720E-01  -1.820339E+00        11
   2.665267E+03   2.043231E+06   4.452925E-01   4.452925E-01   5.441823E-01   4.452925E-01  -1.990803E+01  -3.035682E-01  -1.820339E+00        11
   2.666267E+03   2.045253E+06   4.452925E-01   4.452925E-01   5.441823E-01   4.452925E-01  -1.991081E+01  -3.042641E-01  -1.820339E+00        11
   2.667267E+03   2.047276E+06   4.452925E-01   4.452925E-01   5.441823E-01   4.452925E-01  -1.991359E+01  -3.049597E-01  -1.820339E+00        11
   2.668267E+03   2.049300E+06   4.452925E-01   4.452925E-01   5.441823E-01   4.452925E-01  -1.991638E+01  -3.056549E-01  -1.820339E+00        11
   2.669267E+03   2.051325E+06   4.452925E-01   4.452925E-01   5.441823E-01   4.452925E-01  -1.991915E+01  -3.063497E-01  -1.820339E+00        11
   2.670267E+03   2.053351E+06   4.452925E-01   4.452925E-01   5.441823E-01   4.452925E-01  -1.992193E+01  -3.070443E-01  -1.820339E+00        11
   2.671267E+03   2.055378E+06   4.452925E-01   4.452925E-01   5.441823E-01   4.452925E-01  -1.992471E+01  -3.077385E-01  -1.820339E+00        11
   2.672267E+03   2.057406E+06   4.452925E-01   4.452925E-01   5.441823E-01   4.452925E-01  -1.992749E+01  -3.084323E-01  -1.820339E+00        11
   2.673267E+03   2.059435E+06   4.452925E-01   4.452925E-01   5.441823E-01   4.452925E-01  -1.993026E+01  -3.091258E-01  -1.820339E+00        11
   2.674267E+03   2.061465E+06   4.452925E-01   4.452925E-01   5.441823E-01   4.452925E-01  -1.993303E+01  -3.098190E-01  -1.820339E+00        11
   2.675267E+03   2.063496E+06   4.452925E-01   4.452925E-01   5.441823E-01   4.452925E-01  -1.993580E+01  -3.105118E-01  -1.820339E+00        11
   2.676267E+03   2.065528E+06   4.452925E-01   4.452925E-01   5.441823E-01   4.452925E-01  -1.993857E+01  -3.112043E-01  -1.820339E+00        11
   2.677267E+03   2.067561E+06   4.452925E-01   4.452925E-01   5.441823E-01   4.452925E-01  -1.994134E+01  -3.118964E-01  -1.820339E+00        11
   2.678267E+03   2.069595E+06   4.452925E-01   4.452925E-01   5.441823E-01   4.452925E-01  -1.994411E+01  -3.125882E-01  -1.820339E+00        11
   2.679267E+03   2.071630E+06   4.452925E-01   4.452925E-01   5.441823E-01   4.452925E-01  -1.994687E+01  -3.132797E-01  -1.820339E+00        11
   2.680267E+03   2.073666E+06   4.452925E-01   4.452925E-01   5.441823E-01   4.452925E-01  -1.994964E+01  -3.139708E-01  -1.820339E+00        11
   2.681267E+03   2.075703E+06   4.452925E-01   4.452925E-01   5.441823E-01   4.452925E-01  -1.995240E+01  -3.146615E-01  -1.820339E+00        11
   2.682267E+03   2.077741E+06   4.452925E-01   4.452925E-01   5.441823E-01   4.452925E-01  -1.995516E+01  -3.153520E-01  -1.820339E+00        11
   2.683267E+03   2.079780E+06   4.452925E-01   4.452925E-01   5.441823E-01   4.452925E-01  -1.995792E+01  -3.160421E-01  -1.820339E+00        11
   2.684267E+03   2.081820E+06   4.452925E-01   4.452925E-01   5.441823E-01   4.452925E-01  -1.996068E+01  -3.167318E-01  -1.820339E+00        11
   2.685267E+03   2.083861E+06   4.452925E-01   4.452925E-01   5.441823E-01   4.452925E-01  -1.996344E+01  -3.174213E-01  -1.820339E+00        11
   2.686267E+03   2.085903E+06   4.452925E-01   4.452925E-01   5.441823E-01   4.452925E-01  -1.996620E+01  -3.181104E-01  -1.820339E+00        11
   2.687267E+03   2.087946E+06   4.452925E-01   4.452925E-01   5.441823E-01   4.452925E-01  -1.996895E+01  -3.187991E-01  -1.820339E+00        11
   2.688267E+03   2.089990E+06   4.452925E-01   4.452925E-01   5.441823E-01   4.452925E-01  -1.997171E+01  -3.194875E-01  -1.820339E+00        11
   2.689267E+03   2.092035E+06   4.452925E-01   4.452925E-01   5.441823E-01   4.452925E-01  -1.997446E+01  -3.201756E-01  -1.820339E+00        11
   2.690267E+03   2.094081E+06   4.452925E-01   4.452925E-01   5.441823E-01   4.452925E-01  -1.997721E+01  -3.208633E-01  -1.820339E+00        11
   2.691267E+03   2.096128E+06   4.452925E-01   4.452925E-01   5.441823E-01   4.452925E-01  -1.997996E+01  -3.215507E-01  -1.820339E+00        11
   2.692267E+03   2.098176E+06   4.452925E-01   4.452925E-01   5.441823E-01   4.452925E-01  -1.998271E+01  -3.222378E-01  -1.820339E+00        11
   2.693267E+03   2.100225E+06   4.452925E-01   4.452925E-01   5.441823E-01   4.452925E-01  -1.998545E+01  -3.229245E-01  -1.820339E+00        11
   2.694267E+03   2.102275E+06   4.452925E-01   4.452925E-01   5.441823E-01   4.452925E-01  -1.998820E+01  -3.236109E-01  -1.820339E+00        11
   2.695267E+03   2.104326E+06   4.452925E-01   4.452925E-01   5.441823E-01   4.452925E-01  -1.999094E+01  -3.242970E-01  -1.820339E+00        11
   2.696267E+03   2.106378E+06   4.452925E-01   4.452925E-01   5.441823E-01   4.452925E-01  -1.999369E+01  -3.249827E-01  -1.820339E+00        11
   2.697267E+03   2.108431E+06   4.452925E-01   4.452925E-01   5.441823E-01   4.452925E-01  -1.999643E+01  -3.256681E-01  -1.820339E+00        11
   2.698267E+03   2.110485E+06   4.452925E-01   4.452925E-01   5.441823E-01   4.452925E-01  -1.999917E+01  -3.263532E-01  -1.820339E+00        11
   2.699267E+03   2.112540E+06   4.452925E-01   4.452925E-01   5.441823E-01   4.452925E-01  -2.000191E+01  -3.270379E-01  -1.820339E+00        11
   2.700267E+03   2.114596E+06   4.452925E-01   4.452925E-01   5.441823E-01   4.452925E-01  -2.000465E+01  -3.277223E-01  -1.820339E+00        11
   2.701267E+03   2.116653E+06   4.452925E-01   4.452925E-01   5.441823E-01   4.452925E-01  -2.000738E+01  -3.284064E-01  -1.820339E+00        11
   2.702267E+03   2.118711E+06   4.452925E-01   4.452925E-01   5.441823E-01   4.452925E-01  -2.001012E+01  -3.290901E-01  -1.820339E+00        11
   2.703267E+03   2.120770E+06   4.452925E-01   4.452925E-01   5.441823E-01   4.452925E-01  -2.001285E+01  -3.297735E-01  -1.820339E+00        11
   2.704267E+03   2.122830E+06   4.452925E-01   4.452925E-01   5.441823E-01   4.452925E-01  -2.001558E+01  -3.304566E-01  -1.820339E+00        11
   2.705267E+03   2.124891E+06   4.452925E-01   4.452925E-01   5.441823E-01   4.452925E-01  -2.001831E+01  -3.311393E-01  -1.820339E+00        11
   2.706267E+03   2.126953E+06   4.452925E-01   4.452925E-01   5.441823E-01   4.452925E-01  -2.002104E+01  -3.318217E-01  -1.820339E+00        11
   2.707267E+03   2.129016E+06   4.452925E-01   4.452925E-01   5.441823E-01   4.452925E-01  -2.002377E+01  -3.325038E-01  -1.820339E+00        11
   2.708267E+03   2.131080E+06   4.452925E-01   4.452925E-01   5.441823E-01   4.452925E-01  -2.002650E+01  -3.331855E-01  -1.820339E+00        11
   2.709267E+03   2.133145E+06   4.452925E-01   4.452925E-01   5.441823E-01   4.452925E-01  -2.002922E+01  -3.338669E-01  -1.820339E+00        11
   2.710267E+03   2.135211E+06   4.452925E-01   4.452925E-01   5.441823E-01   4.452925E-01  -2.003195E+01  -3.345480E-01  -1.820339E+00        11
   2.711267E+03   2.137278E+06   4.452925E-01   4.452925E-01   5.441823E-01   4.452925E-01  -2.003467E+01  -3.352287E-01  -1.820339E+00        11
   2.712267E+03   2.139346E+06   4.452925E-01   4.452925E-01   5.441823E-01   4.452925E-01  -2.003739E+01  -3.359092E-01  -1.820339E+00        11
   2.713267E+03   2.141415E+06   4.452925E-01   4.452925E-01   5.441823E-01   4.452925E-01  -2.004011E+01  -3.365893E-01  -1.820339E+00        11
   2.714267E+03   2.143485E+06   4.452925E-01   4.452925E-01   5.441823E-01   4.452925E-01  -2.004283E+01  -3.372690E-01  -1.820339E+00        11
   2.715267E+03   2.145556E+06   4.452925E-01   4.452925E-01   5.441823E-01   4.452925E-01  -2.004555E+01  -3.379485E-01  -1.820339E+00        11
   2.716267E+03   2.147628E+06   4.452925E-01   4.452925E-01   5.441823E-01   4.452925E-01  -2.004827E+01  -3.386276E-01  -1.820339E+00        11
   2.717267E+03   2.149701E+06   4.452925E-01   4.452925E-01   5.441823E-01   4.452925E-01  -2.005098E+01  -3.393064E-01  -1.820339E+00        11
   2.718267E+03   2.151775E+06   4.452925E-01   4.452925E-01   5.441823E-01   4.452925E-01  -2.005370E+01  -3.399848E-01  -1.820339E+00        11
   2.719267E+03   2.153850E+06   4.452925E-01   4.452925E-01   5.441823E-01   4.452925E-01  -2.005641E+01  -3.406629E-01  -1.820339E+00        11
   2.720267E+03   2.155926E+06   4.452925E-01   4.452925E-01   5.441823E-01   4.452925E-01  -2.005912E+01  -3.413407E-01  -1.820339E+00        11
   2.721267E+03   2.158003E+06   4.452925E-01   4.452925E-01   5.441823E-01   4.452925E-01  -2.006183E+01  -3.420182E-01  -1.820339E+00        11
