           time            age           mass      core_mass        He_core        CO_core          log_L       log_Teff     log_radius     phase
   0.000000E+00   0.000000E+00   4.776678E+00   0.000000E+00   0.000000E+00   0.000000E+00   2.664478E+00   4.222413E+00   4.106726E-01         1
   5.339950E+00   5.339950E+00   4.776531E+00   0.000000E+00   0.000000E+00   0.000000E+00   2.673835E+00   4.218456E+00   4.232645E-01         1
   1.067990E+01   1.067990E+01   4.776378E+00   0.000000E+00   0.000000E+00   0.000000E+00   2.684403E+00   4.215597E+00   4.342663E-01         1
   1.601985E+01   1.601985E+01   4.776217E+00   0.000000E+00   0.000000E+00   0.000000E+00   2.695723E+00   4.213147E+00   4.448263E-01         1
   2.135980E+01   2.135980E+01   4.776047E+00   0.000000E+00   0.000000E+00   0.000000E+00   2.707664E+00   4.210858E+00   4.553751E-01         1
   2.669975E+01   2.669975E+01   4.775868E+00   0.000000E+00   0.000000E+00   0.000000E+00   2.720172E+00   4.208591E+00   4.661632E-01         1
   3.203970E+01   3.203970E+01   4.775677E+00   0.000000E+00   0.000000E+00   0.000000E+00   2.733169E+00   4.206263E+00   4.773173E-01         1
   3.737965E+01   3.737965E+01   4.775474E+00   0.000000E+00   0.000000E+00   0.000000E+00   2.746653E+00   4.203799E+00   4.889877E-01         1
   4.271960E+01   4.271960E+01   4.775258E+00   0.000000E+00   0.000000E+00   0.000000E+00   2.760656E+00   4.201126E+00   5.013352E-01         1
   4.805955E+01   4.805955E+01   4.775026E+00   0.000000E+00   0.000000E+00   0.000000E+00   2.775235E+00   4.198159E+00   5.145594E-01         1
   5.339950E+01   5.339950E+01   4.774779E+00   0.000000E+00   0.000000E+00   0.000000E+00   2.790445E+00   4.194805E+00   5.288712E-01         1
   5.873945E+01   5.873945E+01   4.774513E+00   0.000000E+00   0.000000E+00   0.000000E+00   2.806370E+00   4.190937E+00   5.445703E-01         1
   6.407940E+01   6.407940E+01   4.774227E+00   0.000000E+00   0.000000E+00   0.000000E+00   2.823082E+00   4.186405E+00   5.619890E-01         1
   6.941935E+01   6.941935E+01   4.773919E+00   0.000000E+00   0.000000E+00   0.000000E+00   2.840595E+00   4.181032E+00   5.814926E-01         1
   7.475930E+01   7.475930E+01   4.773587E+00   0.000000E+00   0.000000E+00   0.000000E+00   2.858668E+00   4.174724E+00   6.031456E-01         1
   8.009924E+01   8.009924E+01   4.773228E+00   0.000000E+00   0.000000E+00   0.000000E+00   2.877385E+00   4.167126E+00   6.277003E-01         1
   8.543919E+01   8.543919E+01   4.772840E+00   0.000000E+00   0.000000E+00   0.000000E+00   2.896907E+00   4.157725E+00   6.562628E-01         1
   9.077914E+01   9.077914E+01   4.772422E+00   0.000000E+00   0.000000E+00   0.000000E+00   2.917387E+00   4.145695E+00   6.905633E-01         1
   9.611909E+01   9.611909E+01   4.771973E+00   0.000000E+00   0.000000E+00   0.000000E+00   2.938809E+00   4.130013E+00   7.326382E-01         1
   1.014590E+02   1.014590E+02   4.771490E+00   0.000000E+00   0.000000E+00   0.000000E+00   2.961745E+00   4.110786E+00   7.825589E-01         1
   1.015124E+02   1.015124E+02   4.771485E+00   0.000000E+00   0.000000E+00   0.000000E+00   2.961997E+00   4.110589E+00   7.830781E-01         1
   1.015658E+02   1.015658E+02   4.771480E+00   0.000000E+00   0.000000E+00   0.000000E+00   2.962248E+00   4.110393E+00   7.835973E-01         1
   1.016192E+02   1.016192E+02   4.771475E+00   0.000000E+00   0.000000E+00   0.000000E+00   2.962507E+00   4.110200E+00   7.841130E-01         1
   1.016726E+02   1.016726E+02   4.771470E+00   0.000000E+00   0.000000E+00   0.000000E+00   2.962767E+00   4.110007E+00   7.846279E-01         1
   1.017260E+02   1.017260E+02   4.771465E+00   0.000000E+00   0.000000E+00   0.000000E+00   2.963028E+00   4.109815E+00   7.851428E-01         1
   1.017794E+02   1.017794E+02   4.771460E+00   0.000000E+00   0.000000E+00   0.000000E+00   2.963289E+00   4.109623E+00   7.856576E-01         1
   1.018328E+02   1.018328E+02   4.771455E+00   0.000000E+00   0.000000E+00   0.000000E+00   2.963549E+00   4.109431E+00   7.861725E-01         1
   1.018862E+02   1.018862E+02   4.771450E+00   0.000000E+00   0.000000E+00   0.000000E+00   2.963810E+00   4.109238E+00   7.866874E-01         1
   1.019396E+02   1.019396E+02   4.771445E+00   0.000000E+00   0.000000E+00   0.000000E+00   2.964071E+00   4.109046E+00   7.872022E-01         1
   1.019930E+02   1.019930E+02   4.771440E+00   0.000000E+00   0.000000E+00   0.000000E+00   2.964331E+00   4.108854E+00   7.877171E-01         1
   1.020464E+02   1.020464E+02   4.771435E+00   0.000000E+00   0.000000E+00   0.000000E+00   2.964592E+00   4.108661E+00   7.882320E-01         1
   1.020998E+02   1.020998E+02   4.771430E+00   0.000000E+00   0.000000E+00   0.000000E+00   2.964860E+00   4.108474E+00   7.887413E-01         1
   1.021532E+02   1.021532E+02   4.771425E+00   0.000000E+00   0.000000E+00   0.000000E+00   2.965134E+00   4.108290E+00   7.892461E-01         1
   1.022066E+02   1.022066E+02   4.771420E+00   0.000000E+00   0.000000E+00   0.000000E+00   2.965408E+00   4.108106E+00   7.897509E-01         1
   1.022600E+02   1.022600E+02   4.771415E+00   0.000000E+00   0.000000E+00   0.000000E+00   2.965682E+00   4.107922E+00   7.902557E-01         1
   1.023134E+02   1.023134E+02   4.771410E+00   0.000000E+00   0.000000E+00   0.000000E+00   2.965957E+00   4.107738E+00   7.907604E-01         1
   1.023668E+02   1.023668E+02   4.771405E+00   0.000000E+00   0.000000E+00   0.000000E+00   2.966231E+00   4.107554E+00   7.912652E-01         1
   1.024202E+02   1.024202E+02   4.771400E+00   0.000000E+00   0.000000E+00   0.000000E+00   2.966505E+00   4.107371E+00   7.917700E-01         1
   1.024736E+02   1.024736E+02   4.771395E+00   0.000000E+00   0.000000E+00   0.000000E+00   2.966779E+00   4.107187E+00   7.922748E-01         1
   1.025270E+02   1.025270E+02   4.771390E+00   0.000000E+00   0.000000E+00   0.000000E+00   2.967053E+00   4.107003E+00   7.927796E-01         1
   1.025804E+02   1.025804E+02   4.771384E+00   0.000000E+00   0.000000E+00   0.000000E+00   2.967333E+00   4.106824E+00   7.932784E-01         1
   1.026338E+02   1.026338E+02   4.771379E+00   0.000000E+00   0.000000E+00   0.000000E+00   2.967626E+00   4.106654E+00   7.937649E-01         1
   1.026872E+02   1.026872E+02   4.771374E+00   0.000000E+00   0.000000E+00   0.000000E+00   2.967919E+00   4.106483E+00   7.942514E-01         1
   1.027406E+02   1.027406E+02   4.771369E+00   0.000000E+00   0.000000E+00   0.000000E+00   2.968212E+00   4.106313E+00   7.947379E-01         1
   1.027940E+02   1.027940E+02   4.771364E+00   0.000000E+00   0.000000E+00   0.000000E+00   2.968505E+00   4.106143E+00   7.952243E-01         1
   1.028474E+02   1.028474E+02   4.771359E+00   0.000000E+00   0.000000E+00   0.000000E+00   2.968798E+00   4.105973E+00   7.957108E-01         1
   1.029008E+02   1.029008E+02   4.771354E+00   0.000000E+00   0.000000E+00   0.000000E+00   2.969091E+00   4.105803E+00   7.961973E-01         1
   1.029542E+02   1.029542E+02   4.771349E+00   0.000000E+00   0.000000E+00   0.000000E+00   2.969383E+00   4.105633E+00   7.966838E-01         1
   1.030076E+02   1.030076E+02   4.771344E+00   0.000000E+00   0.000000E+00   0.000000E+00   2.969676E+00   4.105463E+00   7.971703E-01         1
   1.030610E+02   1.030610E+02   4.771338E+00   0.000000E+00   0.000000E+00   0.000000E+00   2.969973E+00   4.105296E+00   7.976528E-01         1
   1.031144E+02   1.031144E+02   4.771333E+00   0.000000E+00   0.000000E+00   0.000000E+00   2.970288E+00   4.105145E+00   7.981130E-01         1
   1.031678E+02   1.031678E+02   4.771328E+00   0.000000E+00   0.000000E+00   0.000000E+00   2.970604E+00   4.104994E+00   7.985732E-01         1
   1.032212E+02   1.032212E+02   4.771323E+00   0.000000E+00   0.000000E+00   0.000000E+00   2.970920E+00   4.104843E+00   7.990334E-01         1
   1.032746E+02   1.032746E+02   4.771318E+00   0.000000E+00   0.000000E+00   0.000000E+00   2.971236E+00   4.104692E+00   7.994936E-01         1
   1.033280E+02   1.033280E+02   4.771313E+00   0.000000E+00   0.000000E+00   0.000000E+00   2.971552E+00   4.104540E+00   7.999538E-01         1
   1.033814E+02   1.033814E+02   4.771307E+00   0.000000E+00   0.000000E+00   0.000000E+00   2.971868E+00   4.104389E+00   8.004139E-01         1
   1.034348E+02   1.034348E+02   4.771302E+00   0.000000E+00   0.000000E+00   0.000000E+00   2.972183E+00   4.104238E+00   8.008741E-01         1
   1.034882E+02   1.034882E+02   4.771297E+00   0.000000E+00   0.000000E+00   0.000000E+00   2.972499E+00   4.104087E+00   8.013343E-01         1
   1.035416E+02   1.035416E+02   4.771292E+00   0.000000E+00   0.000000E+00   0.000000E+00   2.972817E+00   4.103938E+00   8.017917E-01         1
   1.035950E+02   1.035950E+02   4.771287E+00   0.000000E+00   0.000000E+00   0.000000E+00   2.973173E+00   4.103823E+00   8.021999E-01         1
   1.036484E+02   1.036484E+02   4.771281E+00   0.000000E+00   0.000000E+00   0.000000E+00   2.973529E+00   4.103708E+00   8.026080E-01         1
   1.037018E+02   1.037018E+02   4.771276E+00   0.000000E+00   0.000000E+00   0.000000E+00   2.973885E+00   4.103593E+00   8.030162E-01         1
   1.037552E+02   1.037552E+02   4.771271E+00   0.000000E+00   0.000000E+00   0.000000E+00   2.974241E+00   4.103477E+00   8.034243E-01         1
   1.038086E+02   1.038086E+02   4.771266E+00   0.000000E+00   0.000000E+00   0.000000E+00   2.974597E+00   4.103362E+00   8.038324E-01         1
   1.038620E+02   1.038620E+02   4.771260E+00   0.000000E+00   0.000000E+00   0.000000E+00   2.974953E+00   4.103247E+00   8.042406E-01         1
   1.039154E+02   1.039154E+02   4.771255E+00   0.000000E+00   0.000000E+00   0.000000E+00   2.975309E+00   4.103132E+00   8.046487E-01         1
   1.039688E+02   1.039688E+02   4.771250E+00   0.000000E+00   0.000000E+00   0.000000E+00   2.975664E+00   4.103017E+00   8.050569E-01         1
   1.040222E+02   1.040222E+02   4.771245E+00   0.000000E+00   0.000000E+00   0.000000E+00   2.976029E+00   4.102910E+00   8.054535E-01         1
   1.040756E+02   1.040756E+02   4.771239E+00   0.000000E+00   0.000000E+00   0.000000E+00   2.976433E+00   4.102841E+00   8.057931E-01         1
   1.041290E+02   1.041290E+02   4.771234E+00   0.000000E+00   0.000000E+00   0.000000E+00   2.976838E+00   4.102773E+00   8.061326E-01         1
   1.041824E+02   1.041824E+02   4.771229E+00   0.000000E+00   0.000000E+00   0.000000E+00   2.977243E+00   4.102704E+00   8.064722E-01         1
   1.042358E+02   1.042358E+02   4.771223E+00   0.000000E+00   0.000000E+00   0.000000E+00   2.977647E+00   4.102635E+00   8.068118E-01         1
   1.042892E+02   1.042892E+02   4.771218E+00   0.000000E+00   0.000000E+00   0.000000E+00   2.978052E+00   4.102567E+00   8.071514E-01         1
   1.043426E+02   1.043426E+02   4.771213E+00   0.000000E+00   0.000000E+00   0.000000E+00   2.978456E+00   4.102498E+00   8.074910E-01         1
   1.043960E+02   1.043960E+02   4.771207E+00   0.000000E+00   0.000000E+00   0.000000E+00   2.978861E+00   4.102429E+00   8.078306E-01         1
   1.044494E+02   1.044494E+02   4.771202E+00   0.000000E+00   0.000000E+00   0.000000E+00   2.979266E+00   4.102361E+00   8.081702E-01         1
   1.045028E+02   1.045028E+02   4.771196E+00   0.000000E+00   0.000000E+00   0.000000E+00   2.979718E+00   4.102339E+00   8.084390E-01         1
   1.045562E+02   1.045562E+02   4.771191E+00   0.000000E+00   0.000000E+00   0.000000E+00   2.980195E+00   4.102343E+00   8.086715E-01         1
   1.046096E+02   1.046096E+02   4.771186E+00   0.000000E+00   0.000000E+00   0.000000E+00   2.980672E+00   4.102346E+00   8.089039E-01         1
   1.046630E+02   1.046630E+02   4.771180E+00   0.000000E+00   0.000000E+00   0.000000E+00   2.981150E+00   4.102349E+00   8.091364E-01         1
   1.047164E+02   1.047164E+02   4.771175E+00   0.000000E+00   0.000000E+00   0.000000E+00   2.981627E+00   4.102352E+00   8.093689E-01         1
   1.047698E+02   1.047698E+02   4.771169E+00   0.000000E+00   0.000000E+00   0.000000E+00   2.982104E+00   4.102355E+00   8.096014E-01         1
   1.048232E+02   1.048232E+02   4.771164E+00   0.000000E+00   0.000000E+00   0.000000E+00   2.982581E+00   4.102358E+00   8.098339E-01         1
   1.048766E+02   1.048766E+02   4.771158E+00   0.000000E+00   0.000000E+00   0.000000E+00   2.983058E+00   4.102361E+00   8.100663E-01         1
   1.049300E+02   1.049300E+02   4.771153E+00   0.000000E+00   0.000000E+00   0.000000E+00   2.983633E+00   4.102463E+00   8.101486E-01         1
   1.049834E+02   1.049834E+02   4.771147E+00   0.000000E+00   0.000000E+00   0.000000E+00   2.984223E+00   4.102580E+00   8.102093E-01         1
   1.050368E+02   1.050368E+02   4.771142E+00   0.000000E+00   0.000000E+00   0.000000E+00   2.984812E+00   4.102697E+00   8.102700E-01         1
   1.050902E+02   1.050902E+02   4.771136E+00   0.000000E+00   0.000000E+00   0.000000E+00   2.985401E+00   4.102814E+00   8.103308E-01         1
   1.051436E+02   1.051436E+02   4.771130E+00   0.000000E+00   0.000000E+00   0.000000E+00   2.985991E+00   4.102931E+00   8.103915E-01         1
   1.051970E+02   1.051970E+02   4.771125E+00   0.000000E+00   0.000000E+00   0.000000E+00   2.986580E+00   4.103048E+00   8.104522E-01         1
   1.052504E+02   1.052504E+02   4.771119E+00   0.000000E+00   0.000000E+00   0.000000E+00   2.987206E+00   4.103203E+00   8.104562E-01         1
   1.053038E+02   1.053038E+02   4.771113E+00   0.000000E+00   0.000000E+00   0.000000E+00   2.987925E+00   4.103453E+00   8.103157E-01         1
   1.053572E+02   1.053572E+02   4.771108E+00   0.000000E+00   0.000000E+00   0.000000E+00   2.988643E+00   4.103703E+00   8.101752E-01         1
   1.054106E+02   1.054106E+02   4.771102E+00   0.000000E+00   0.000000E+00   0.000000E+00   2.989362E+00   4.103953E+00   8.100347E-01         1
   1.054640E+02   1.054640E+02   4.771096E+00   0.000000E+00   0.000000E+00   0.000000E+00   2.990080E+00   4.104202E+00   8.098942E-01         1
   1.055174E+02   1.055174E+02   4.771091E+00   0.000000E+00   0.000000E+00   0.000000E+00   2.990799E+00   4.104452E+00   8.097537E-01         1
   1.055708E+02   1.055708E+02   4.771085E+00   0.000000E+00   0.000000E+00   0.000000E+00   2.991686E+00   4.104875E+00   8.093514E-01         1
   1.056242E+02   1.056242E+02   4.771079E+00   0.000000E+00   0.000000E+00   0.000000E+00   2.992600E+00   4.105326E+00   8.089078E-01         1
   1.056776E+02   1.056776E+02   4.771073E+00   0.000000E+00   0.000000E+00   0.000000E+00   2.993514E+00   4.105776E+00   8.084643E-01         1
   1.057310E+02   1.057310E+02   4.771067E+00   0.000000E+00   0.000000E+00   0.000000E+00   2.994428E+00   4.106226E+00   8.080208E-01         1
   1.057844E+02   1.057844E+02   4.771061E+00   0.000000E+00   0.000000E+00   0.000000E+00   2.995514E+00   4.106847E+00   8.073220E-01         1
   1.058378E+02   1.058378E+02   4.771055E+00   0.000000E+00   0.000000E+00   0.000000E+00   2.996669E+00   4.107537E+00   8.065203E-01         1
   1.058912E+02   1.058912E+02   4.771049E+00   0.000000E+00   0.000000E+00   0.000000E+00   2.997824E+00   4.108226E+00   8.057186E-01         1
   1.059446E+02   1.059446E+02   4.771043E+00   0.000000E+00   0.000000E+00   0.000000E+00   2.999066E+00   4.109005E+00   8.047820E-01         1
   1.059980E+02   1.059980E+02   4.771037E+00   0.000000E+00   0.000000E+00   0.000000E+00   3.000383E+00   4.109860E+00   8.037300E-01         1
   1.060514E+02   1.060514E+02   4.771031E+00   0.000000E+00   0.000000E+00   0.000000E+00   3.001700E+00   4.110715E+00   8.026780E-01         1
   1.061048E+02   1.061048E+02   4.771025E+00   8.535748E-02   8.535748E-02   0.000000E+00   3.003485E+00   4.112006E+00   8.009899E-01         1
   1.061582E+02   1.061582E+02   4.771018E+00   1.914206E-01   1.914206E-01   0.000000E+00   3.005384E+00   4.113402E+00   7.991474E-01         1
   1.062116E+02   1.062116E+02   4.771012E+00   3.245472E-01   3.245472E-01   0.000000E+00   3.007423E+00   4.114935E+00   7.971010E-01         1
   1.062650E+02   1.062650E+02   4.771006E+00   4.471227E-01   4.471227E-01   0.000000E+00   3.009622E+00   4.116604E+00   7.948623E-01         1
   1.063184E+02   1.063184E+02   4.770999E+00   5.413490E-01   5.413490E-01   0.000000E+00   3.012217E+00   4.118607E+00   7.921536E-01         1
   1.063718E+02   1.063718E+02   4.770993E+00   5.450236E-01   5.450236E-01   0.000000E+00   3.015771E+00   4.121431E+00   7.882823E-01         1
   1.064252E+02   1.064252E+02   4.770986E+00   5.451301E-01   5.451301E-01   0.000000E+00   3.019375E+00   4.124296E+00   7.843544E-01         1
   1.064786E+02   1.064786E+02   4.770979E+00   5.453686E-01   5.453686E-01   0.000000E+00   3.023881E+00   4.127785E+00   7.796293E-01         1
   1.065320E+02   1.065320E+02   4.770972E+00   5.461409E-01   5.461409E-01   0.000000E+00   3.031921E+00   4.133743E+00   7.717333E-01         1
   1.065854E+02   1.065854E+02   4.770965E+00   5.468991E-01   5.468991E-01   0.000000E+00   3.039866E+00   4.139641E+00   7.639101E-01         1
   1.066388E+02   1.066388E+02   4.770957E+00   5.472753E-01   5.472753E-01   0.000000E+00   3.053274E+00   4.145935E+00   7.580263E-01         1
   1.066922E+02   1.066922E+02   4.770949E+00   5.473624E-01   5.473624E-01   0.000000E+00   3.069341E+00   4.152438E+00   7.530532E-01         1
   1.067456E+02   1.067456E+02   4.770939E+00   5.499246E-01   5.499246E-01   0.000000E+00   3.075703E+00   4.145000E+00   7.713202E-01         1
   1.067990E+02   1.067990E+02   4.770929E+00   5.539893E-01   5.539893E-01   0.000000E+00   3.076355E+00   4.129334E+00   8.031305E-01         2
   1.068047E+02   1.068047E+02   4.770928E+00   5.543826E-01   5.543826E-01   0.000000E+00   3.076570E+00   4.126832E+00   8.082321E-01         2
   1.068105E+02   1.068105E+02   4.770927E+00   5.547759E-01   5.547759E-01   0.000000E+00   3.076786E+00   4.124330E+00   8.133338E-01         2
   1.068163E+02   1.068163E+02   4.770926E+00   5.551691E-01   5.551691E-01   0.000000E+00   3.077001E+00   4.121828E+00   8.184355E-01         2
   1.068220E+02   1.068220E+02   4.770925E+00   5.555624E-01   5.555624E-01   0.000000E+00   3.077216E+00   4.119326E+00   8.235371E-01         2
   1.068278E+02   1.068278E+02   4.770924E+00   5.559557E-01   5.559557E-01   0.000000E+00   3.077431E+00   4.116825E+00   8.286388E-01         2
   1.068335E+02   1.068335E+02   4.770923E+00   5.563489E-01   5.563489E-01   0.000000E+00   3.077647E+00   4.114323E+00   8.337405E-01         2
   1.068393E+02   1.068393E+02   4.770922E+00   5.567422E-01   5.567422E-01   0.000000E+00   3.077862E+00   4.111821E+00   8.388422E-01         2
   1.068450E+02   1.068450E+02   4.770921E+00   5.571355E-01   5.571355E-01   0.000000E+00   3.078077E+00   4.109319E+00   8.439438E-01         2
   1.068508E+02   1.068508E+02   4.770920E+00   5.575282E-01   5.575282E-01   0.000000E+00   3.078292E+00   4.106817E+00   8.490463E-01         2
   1.068565E+02   1.068565E+02   4.770919E+00   5.579159E-01   5.579159E-01   0.000000E+00   3.078503E+00   4.104310E+00   8.541562E-01         2
   1.068623E+02   1.068623E+02   4.770918E+00   5.583113E-01   5.583113E-01   0.000000E+00   3.078741E+00   4.101795E+00   8.592964E-01         2
   1.068681E+02   1.068681E+02   4.770917E+00   5.587150E-01   5.587150E-01   0.000000E+00   3.079004E+00   4.099275E+00   8.644618E-01         2
   1.068738E+02   1.068738E+02   4.770916E+00   5.591517E-01   5.591517E-01   0.000000E+00   3.079346E+00   4.096746E+00   8.696863E-01         2
   1.068796E+02   1.068796E+02   4.770915E+00   5.595965E-01   5.595965E-01   0.000000E+00   3.079707E+00   4.094210E+00   8.749371E-01         2
   1.068853E+02   1.068853E+02   4.770914E+00   5.600501E-01   5.600501E-01   0.000000E+00   3.080089E+00   4.091665E+00   8.802163E-01         2
   1.068911E+02   1.068911E+02   4.770913E+00   5.605057E-01   5.605057E-01   0.000000E+00   3.080479E+00   4.089105E+00   8.855269E-01         2
   1.068968E+02   1.068968E+02   4.770912E+00   5.609628E-01   5.609628E-01   0.000000E+00   3.080871E+00   4.086542E+00   8.908472E-01         2
   1.069026E+02   1.069026E+02   4.770911E+00   5.614254E-01   5.614254E-01   0.000000E+00   3.081270E+00   4.083971E+00   8.961823E-01         2
   1.069083E+02   1.069083E+02   4.770911E+00   5.618922E-01   5.618922E-01   0.000000E+00   3.081675E+00   4.081398E+00   9.015246E-01         2
   1.069141E+02   1.069141E+02   4.770910E+00   5.623635E-01   5.623635E-01   0.000000E+00   3.082085E+00   4.078822E+00   9.068744E-01         2
   1.069198E+02   1.069198E+02   4.770909E+00   5.629467E-01   5.629467E-01   0.000000E+00   3.082393E+00   4.076238E+00   9.121904E-01         2
   1.069256E+02   1.069256E+02   4.770908E+00   5.635733E-01   5.635733E-01   0.000000E+00   3.082662E+00   4.073650E+00   9.174937E-01         2
   1.069314E+02   1.069314E+02   4.770907E+00   5.643290E-01   5.643290E-01   0.000000E+00   3.082815E+00   4.071053E+00   9.227593E-01         2
   1.069371E+02   1.069371E+02   4.770906E+00   5.650862E-01   5.650862E-01   0.000000E+00   3.082972E+00   4.068455E+00   9.280282E-01         2
   1.069429E+02   1.069429E+02   4.770905E+00   5.658455E-01   5.658455E-01   0.000000E+00   3.083134E+00   4.065856E+00   9.333016E-01         2
   1.069486E+02   1.069486E+02   4.770904E+00   5.666121E-01   5.666121E-01   0.000000E+00   3.083294E+00   4.063253E+00   9.385824E-01         2
   1.069544E+02   1.069544E+02   4.770903E+00   5.673824E-01   5.673824E-01   0.000000E+00   3.083452E+00   4.060648E+00   9.438669E-01         2
   1.069601E+02   1.069601E+02   4.770902E+00   5.681237E-01   5.681237E-01   0.000000E+00   3.083513E+00   4.058009E+00   9.491702E-01         2
   1.069659E+02   1.069659E+02   4.770901E+00   5.688325E-01   5.688325E-01   0.000000E+00   3.083525E+00   4.055356E+00   9.544790E-01         2
   1.069716E+02   1.069716E+02   4.770901E+00   5.694230E-01   5.694230E-01   0.000000E+00   3.083368E+00   4.052652E+00   9.598040E-01         2
   1.069774E+02   1.069774E+02   4.770900E+00   5.700070E-01   5.700070E-01   0.000000E+00   3.083199E+00   4.049945E+00   9.651297E-01         2
   1.069831E+02   1.069831E+02   4.770899E+00   5.705840E-01   5.705840E-01   0.000000E+00   3.083017E+00   4.047235E+00   9.704560E-01         2
   1.069889E+02   1.069889E+02   4.770898E+00   5.711611E-01   5.711611E-01   0.000000E+00   3.082823E+00   4.044518E+00   9.757883E-01         2
   1.069947E+02   1.069947E+02   4.770897E+00   5.717361E-01   5.717361E-01   0.000000E+00   3.082621E+00   4.041798E+00   9.811238E-01         2
   1.070004E+02   1.070004E+02   4.770896E+00   5.721852E-01   5.721852E-01   0.000000E+00   3.082263E+00   4.039008E+00   9.865229E-01         2
   1.070062E+02   1.070062E+02   4.770896E+00   5.726094E-01   5.726094E-01   0.000000E+00   3.081872E+00   4.036202E+00   9.919352E-01         2
   1.070119E+02   1.070119E+02   4.770895E+00   5.729788E-01   5.729788E-01   0.000000E+00   3.081409E+00   4.033363E+00   9.973769E-01         2
   1.070177E+02   1.070177E+02   4.770894E+00   5.733992E-01   5.733992E-01   0.000000E+00   3.080928E+00   4.030517E+00   1.002825E+00         2
   1.070234E+02   1.070234E+02   4.770893E+00   5.738505E-01   5.738505E-01   0.000000E+00   3.080437E+00   4.027666E+00   1.008276E+00         2
   1.070292E+02   1.070292E+02   4.770892E+00   5.748309E-01   5.748309E-01   0.000000E+00   3.079730E+00   4.024687E+00   1.013875E+00         2
   1.070349E+02   1.070349E+02   4.770891E+00   5.758563E-01   5.758563E-01   0.000000E+00   3.079004E+00   4.021699E+00   1.019485E+00         2
   1.070407E+02   1.070407E+02   4.770890E+00   5.769014E-01   5.769014E-01   0.000000E+00   3.078269E+00   4.018707E+00   1.025097E+00         2
   1.070465E+02   1.070465E+02   4.770889E+00   5.778579E-01   5.778579E-01   0.000000E+00   3.077441E+00   4.015650E+00   1.030792E+00         2
   1.070522E+02   1.070522E+02   4.770888E+00   5.787652E-01   5.787652E-01   0.000000E+00   3.076561E+00   4.012559E+00   1.036532E+00         2
   1.070580E+02   1.070580E+02   4.770887E+00   5.796029E-01   5.796029E-01   0.000000E+00   3.075611E+00   4.009422E+00   1.042327E+00         2
   1.070637E+02   1.070637E+02   4.770886E+00   5.805290E-01   5.805290E-01   0.000000E+00   3.074574E+00   4.006223E+00   1.048203E+00         2
   1.070695E+02   1.070695E+02   4.770884E+00   5.815386E-01   5.815386E-01   0.000000E+00   3.073456E+00   4.002965E+00   1.054156E+00         2
   1.070752E+02   1.070752E+02   4.770883E+00   5.824254E-01   5.824254E-01   0.000000E+00   3.072252E+00   3.999644E+00   1.060193E+00         2
   1.070810E+02   1.070810E+02   4.770882E+00   5.829611E-01   5.829611E-01   0.000000E+00   3.070987E+00   3.996272E+00   1.066302E+00         2
   1.070867E+02   1.070867E+02   4.770880E+00   5.831596E-01   5.831596E-01   0.000000E+00   3.069656E+00   3.992843E+00   1.072489E+00         2
   1.070925E+02   1.070925E+02   4.770879E+00   5.838622E-01   5.838622E-01   0.000000E+00   3.068212E+00   3.989315E+00   1.078821E+00         2
   1.070982E+02   1.070982E+02   4.770878E+00   5.849363E-01   5.849363E-01   0.000000E+00   3.066704E+00   3.985731E+00   1.085231E+00         2
   1.071040E+02   1.071040E+02   4.770876E+00   5.862189E-01   5.862189E-01   0.000000E+00   3.065119E+00   3.982081E+00   1.091735E+00         2
   1.071098E+02   1.071098E+02   4.770875E+00   5.874267E-01   5.874267E-01   0.000000E+00   3.063412E+00   3.978322E+00   1.098395E+00         2
   1.071155E+02   1.071155E+02   4.770874E+00   5.885714E-01   5.885714E-01   0.000000E+00   3.061595E+00   3.974462E+00   1.105202E+00         2
   1.071213E+02   1.071213E+02   4.770872E+00   5.897680E-01   5.897680E-01   0.000000E+00   3.059709E+00   3.970538E+00   1.112104E+00         2
   1.071270E+02   1.071270E+02   4.770871E+00   5.910536E-01   5.910536E-01   0.000000E+00   3.057731E+00   3.966531E+00   1.119125E+00         2
   1.071328E+02   1.071328E+02   4.770870E+00   5.924328E-01   5.924328E-01   0.000000E+00   3.055624E+00   3.962411E+00   1.126309E+00         2
   1.071385E+02   1.071385E+02   4.770869E+00   5.936375E-01   5.936375E-01   0.000000E+00   3.053358E+00   3.958148E+00   1.133697E+00         2
   1.071443E+02   1.071443E+02   4.770867E+00   5.942512E-01   5.942512E-01   0.000000E+00   3.050998E+00   3.953801E+00   1.141209E+00         2
   1.071500E+02   1.071500E+02   4.770866E+00   5.948695E-01   5.948695E-01   0.000000E+00   3.048508E+00   3.949338E+00   1.148884E+00         2
   1.071558E+02   1.071558E+02   4.770865E+00   5.959825E-01   5.959825E-01   0.000000E+00   3.045860E+00   3.944738E+00   1.156758E+00         2
   1.071616E+02   1.071616E+02   4.770864E+00   5.974414E-01   5.974414E-01   0.000000E+00   3.043069E+00   3.940012E+00   1.164811E+00         2
   1.071673E+02   1.071673E+02   4.770863E+00   5.988381E-01   5.988381E-01   0.000000E+00   3.040133E+00   3.935157E+00   1.173048E+00         2
   1.071731E+02   1.071731E+02   4.770862E+00   6.001290E-01   6.001290E-01   0.000000E+00   3.037013E+00   3.930142E+00   1.181514E+00         2
   1.071788E+02   1.071788E+02   4.770861E+00   6.014324E-01   6.014324E-01   0.000000E+00   3.033727E+00   3.924984E+00   1.190182E+00         2
   1.071846E+02   1.071846E+02   4.770860E+00   6.028757E-01   6.028757E-01   0.000000E+00   3.030243E+00   3.919654E+00   1.199097E+00         2
   1.071903E+02   1.071903E+02   4.770859E+00   6.042464E-01   6.042464E-01   0.000000E+00   3.026538E+00   3.914133E+00   1.208281E+00         2
   1.071961E+02   1.071961E+02   4.770858E+00   6.047926E-01   6.047926E-01   0.000000E+00   3.022628E+00   3.908434E+00   1.217719E+00         2
   1.072018E+02   1.072018E+02   4.770857E+00   6.053146E-01   6.053146E-01   0.000000E+00   3.018481E+00   3.902531E+00   1.227447E+00         2
   1.072076E+02   1.072076E+02   4.770856E+00   6.069130E-01   6.069130E-01   0.000000E+00   3.014118E+00   3.896439E+00   1.237444E+00         2
   1.072133E+02   1.072133E+02   4.770855E+00   6.076247E-01   6.076247E-01   0.000000E+00   3.009426E+00   3.890059E+00   1.247853E+00         2
   1.072191E+02   1.072191E+02   4.770854E+00   6.082221E-01   6.082221E-01   0.000000E+00   3.004488E+00   3.883462E+00   1.258573E+00         2
   1.072249E+02   1.072249E+02   4.770854E+00   6.098442E-01   6.098442E-01   0.000000E+00   2.999271E+00   3.876619E+00   1.269645E+00         2
   1.072306E+02   1.072306E+02   4.770853E+00   6.115249E-01   6.115249E-01   0.000000E+00   2.993668E+00   3.869432E+00   1.281212E+00         2
   1.072364E+02   1.072364E+02   4.770852E+00   6.130986E-01   6.130986E-01   0.000000E+00   2.987755E+00   3.861968E+00   1.293176E+00         2
   1.072421E+02   1.072421E+02   4.770851E+00   6.145018E-01   6.145018E-01   0.000000E+00   2.981483E+00   3.854182E+00   1.305607E+00         2
   1.072479E+02   1.072479E+02   4.770850E+00   6.148214E-01   6.148214E-01   0.000000E+00   2.974793E+00   3.846015E+00   1.318588E+00         2
   1.072536E+02   1.072536E+02   4.770849E+00   6.156446E-01   6.156446E-01   0.000000E+00   2.967682E+00   3.837464E+00   1.332127E+00         2
   1.072594E+02   1.072594E+02   4.770848E+00   6.173847E-01   6.173847E-01   0.000000E+00   2.960143E+00   3.828525E+00   1.346228E+00         2
   1.072651E+02   1.072651E+02   4.770847E+00   6.192444E-01   6.192444E-01   0.000000E+00   2.952121E+00   3.819151E+00   1.360956E+00         2
   1.072709E+02   1.072709E+02   4.770846E+00   6.198483E-01   6.198483E-01   0.000000E+00   2.943568E+00   3.809297E+00   1.376378E+00         2
   1.072767E+02   1.072767E+02   4.770845E+00   6.214141E-01   6.214141E-01   0.000000E+00   2.934436E+00   3.798927E+00   1.392539E+00         2
   1.072824E+02   1.072824E+02   4.770844E+00   6.226265E-01   6.226265E-01   0.000000E+00   2.924695E+00   3.787955E+00   1.409459E+00         2
   1.072882E+02   1.072882E+02   4.770843E+00   6.237168E-01   6.237168E-01   0.000000E+00   2.914295E+00   3.776413E+00   1.427173E+00         2
   1.072939E+02   1.072939E+02   4.770842E+00   6.248911E-01   6.248911E-01   0.000000E+00   2.903166E+00   3.764288E+00   1.445678E+00         2
   1.072997E+02   1.072997E+02   4.770841E+00   6.263615E-01   6.263615E-01   0.000000E+00   2.891216E+00   3.751724E+00   1.464815E+00         2
   1.073054E+02   1.073054E+02   4.770840E+00   6.270768E-01   6.270768E-01   0.000000E+00   2.878382E+00   3.739323E+00   1.483477E+00         2
   1.073112E+02   1.073112E+02   4.770839E+00   6.276343E-01   6.276343E-01   0.000000E+00   2.864456E+00   3.728352E+00   1.498814E+00         2
   1.073169E+02   1.073169E+02   4.770837E+00   6.295779E-01   6.295779E-01   0.000000E+00   2.849390E+00   3.719433E+00   1.509345E+00         2
   1.073227E+02   1.073227E+02   4.770836E+00   6.303195E-01   6.303195E-01   0.000000E+00   2.833384E+00   3.712766E+00   1.514420E+00         2
   1.073284E+02   1.073284E+02   4.770835E+00   6.319494E-01   6.319494E-01   0.000000E+00   2.816579E+00   3.707463E+00   1.516622E+00         2
   1.073342E+02   1.073342E+02   4.770834E+00   6.326156E-01   6.326156E-01   0.000000E+00   2.799216E+00   3.702614E+00   1.517638E+00         2
   1.073400E+02   1.073400E+02   4.770833E+00   6.341627E-01   6.341627E-01   0.000000E+00   2.782149E+00   3.698040E+00   1.518254E+00         2
   1.073457E+02   1.073457E+02   4.770832E+00   6.351438E-01   6.351438E-01   0.000000E+00   2.766436E+00   3.693640E+00   1.519197E+00         2
   1.073515E+02   1.073515E+02   4.770831E+00   6.365034E-01   6.365034E-01   0.000000E+00   2.753789E+00   3.689348E+00   1.521458E+00         2
   1.073572E+02   1.073572E+02   4.770830E+00   6.377178E-01   6.377178E-01   0.000000E+00   2.745797E+00   3.685092E+00   1.525972E+00         2
   1.073630E+02   1.073630E+02   4.770830E+00   6.380524E-01   6.380524E-01   0.000000E+00   2.743680E+00   3.680856E+00   1.533386E+00         2
   1.073687E+02   1.073687E+02   4.770829E+00   6.396368E-01   6.396368E-01   0.000000E+00   2.747730E+00   3.676592E+00   1.543939E+00         2
   1.073745E+02   1.073745E+02   4.770828E+00   6.404686E-01   6.404686E-01   0.000000E+00   2.759155E+00   3.672258E+00   1.558320E+00         2
   1.073745E+02   1.073745E+02   4.770828E+00   6.404686E-01   6.404686E-01   0.000000E+00   2.759155E+00   3.672258E+00   1.558320E+00         3
   1.073782E+02   1.073782E+02   4.770827E+00   6.406794E-01   6.406794E-01   0.000000E+00   2.770576E+00   3.669487E+00   1.569574E+00         3
   1.073819E+02   1.073819E+02   4.770826E+00   6.413724E-01   6.413724E-01   0.000000E+00   2.784036E+00   3.666731E+00   1.581815E+00         3
   1.073855E+02   1.073855E+02   4.770826E+00   6.429879E-01   6.429879E-01   0.000000E+00   2.799719E+00   3.664028E+00   1.595063E+00         3
   1.073892E+02   1.073892E+02   4.770825E+00   6.433603E-01   6.433603E-01   0.000000E+00   2.816477E+00   3.661424E+00   1.608649E+00         3
   1.073929E+02   1.073929E+02   4.770824E+00   6.434816E-01   6.434816E-01   0.000000E+00   2.833857E+00   3.658964E+00   1.622259E+00         3
   1.073966E+02   1.073966E+02   4.770823E+00   6.444955E-01   6.444955E-01   0.000000E+00   2.851182E+00   3.656653E+00   1.635544E+00         3
   1.074003E+02   1.074003E+02   4.770822E+00   6.461022E-01   6.461022E-01   0.000000E+00   2.867982E+00   3.654512E+00   1.648226E+00         3
   1.074040E+02   1.074040E+02   4.770821E+00   6.463299E-01   6.463299E-01   0.000000E+00   2.883790E+00   3.652577E+00   1.660001E+00         3
   1.074076E+02   1.074076E+02   4.770820E+00   6.463920E-01   6.463920E-01   0.000000E+00   2.898229E+00   3.650849E+00   1.670674E+00         3
   1.074113E+02   1.074113E+02   4.770819E+00   6.466257E-01   6.466257E-01   0.000000E+00   2.911777E+00   3.649250E+00   1.680647E+00         3
   1.074150E+02   1.074150E+02   4.770818E+00   6.479821E-01   6.479821E-01   0.000000E+00   2.923378E+00   3.647916E+00   1.689117E+00         3
   1.074187E+02   1.074187E+02   4.770817E+00   6.489543E-01   6.489543E-01   0.000000E+00   2.934235E+00   3.646676E+00   1.697024E+00         3
   1.074224E+02   1.074224E+02   4.770815E+00   6.493585E-01   6.493585E-01   0.000000E+00   2.943942E+00   3.645577E+00   1.704075E+00         3
   1.074261E+02   1.074261E+02   4.770814E+00   6.499431E-01   6.499431E-01   0.000000E+00   2.952848E+00   3.644568E+00   1.710547E+00         3
   1.074298E+02   1.074298E+02   4.770813E+00   6.509099E-01   6.509099E-01   0.000000E+00   2.961209E+00   3.643615E+00   1.716633E+00         3
   1.074334E+02   1.074334E+02   4.770811E+00   6.518668E-01   6.518668E-01   0.000000E+00   2.968813E+00   3.642750E+00   1.722166E+00         3
   1.074371E+02   1.074371E+02   4.770810E+00   6.527713E-01   6.527713E-01   0.000000E+00   2.976007E+00   3.641937E+00   1.727389E+00         3
   1.074408E+02   1.074408E+02   4.770808E+00   6.536306E-01   6.536306E-01   0.000000E+00   2.982847E+00   3.641169E+00   1.732344E+00         3
   1.074445E+02   1.074445E+02   4.770806E+00   6.546150E-01   6.546150E-01   0.000000E+00   2.989189E+00   3.640467E+00   1.736919E+00         3
   1.074482E+02   1.074482E+02   4.770805E+00   6.556232E-01   6.556232E-01   0.000000E+00   2.995436E+00   3.639777E+00   1.741422E+00         3
   1.074519E+02   1.074519E+02   4.770803E+00   6.562800E-01   6.562800E-01   0.000000E+00   3.001320E+00   3.639134E+00   1.745651E+00         3
   1.074556E+02   1.074556E+02   4.770801E+00   6.569228E-01   6.569228E-01   0.000000E+00   3.007192E+00   3.638492E+00   1.749870E+00         3
   1.074592E+02   1.074592E+02   4.770800E+00   6.573394E-01   6.573394E-01   0.000000E+00   3.012866E+00   3.637873E+00   1.753946E+00         3
   1.074629E+02   1.074629E+02   4.770798E+00   6.577868E-01   6.577868E-01   0.000000E+00   3.018533E+00   3.637255E+00   1.758015E+00         3
   1.074666E+02   1.074666E+02   4.770796E+00   6.587822E-01   6.587822E-01   0.000000E+00   3.024067E+00   3.636654E+00   1.761984E+00         3
   1.074703E+02   1.074703E+02   4.770794E+00   6.597765E-01   6.597765E-01   0.000000E+00   3.029602E+00   3.636054E+00   1.765952E+00         3
   1.074740E+02   1.074740E+02   4.770792E+00   6.604878E-01   6.604878E-01   0.000000E+00   3.035042E+00   3.635470E+00   1.769840E+00         3
   1.074777E+02   1.074777E+02   4.770790E+00   6.611992E-01   6.611992E-01   0.000000E+00   3.040483E+00   3.634886E+00   1.773729E+00         3
   1.074814E+02   1.074814E+02   4.770788E+00   6.617804E-01   6.617804E-01   0.000000E+00   3.045878E+00   3.634318E+00   1.777562E+00         3
   1.074850E+02   1.074850E+02   4.770786E+00   6.623508E-01   6.623508E-01   0.000000E+00   3.051269E+00   3.633752E+00   1.781389E+00         3
   1.074887E+02   1.074887E+02   4.770784E+00   6.630574E-01   6.630574E-01   0.000000E+00   3.056614E+00   3.633183E+00   1.785199E+00         3
   1.074924E+02   1.074924E+02   4.770782E+00   6.637933E-01   6.637933E-01   0.000000E+00   3.061949E+00   3.632614E+00   1.789005E+00         3
   1.074961E+02   1.074961E+02   4.770780E+00   6.646733E-01   6.646733E-01   0.000000E+00   3.067283E+00   3.632057E+00   1.792785E+00         3
   1.074998E+02   1.074998E+02   4.770778E+00   6.656134E-01   6.656134E-01   0.000000E+00   3.072616E+00   3.631506E+00   1.796554E+00         3
   1.075035E+02   1.075035E+02   4.770776E+00   6.664095E-01   6.664095E-01   0.000000E+00   3.077955E+00   3.630961E+00   1.800315E+00         3
   1.075071E+02   1.075071E+02   4.770773E+00   6.671029E-01   6.671029E-01   0.000000E+00   3.083298E+00   3.630419E+00   1.804070E+00         3
   1.075108E+02   1.075108E+02   4.770771E+00   6.679562E-01   6.679562E-01   0.000000E+00   3.088625E+00   3.629874E+00   1.807824E+00         3
   1.075145E+02   1.075145E+02   4.770768E+00   6.689949E-01   6.689949E-01   0.000000E+00   3.093935E+00   3.629325E+00   1.811576E+00         3
   1.075182E+02   1.075182E+02   4.770766E+00   6.700051E-01   6.700051E-01   0.000000E+00   3.099244E+00   3.628779E+00   1.815323E+00         3
   1.075219E+02   1.075219E+02   4.770763E+00   6.709575E-01   6.709575E-01   0.000000E+00   3.104554E+00   3.628239E+00   1.819058E+00         3
   1.075256E+02   1.075256E+02   4.770761E+00   6.718320E-01   6.718320E-01   0.000000E+00   3.109860E+00   3.627700E+00   1.822790E+00         3
   1.075293E+02   1.075293E+02   4.770758E+00   6.723842E-01   6.723842E-01   0.000000E+00   3.115155E+00   3.627165E+00   1.826506E+00         3
   1.075329E+02   1.075329E+02   4.770756E+00   6.729487E-01   6.729487E-01   0.000000E+00   3.120449E+00   3.626631E+00   1.830222E+00         3
   1.075366E+02   1.075366E+02   4.770753E+00   6.737266E-01   6.737266E-01   0.000000E+00   3.125718E+00   3.626097E+00   1.833924E+00         3
   1.075403E+02   1.075403E+02   4.770750E+00   6.745045E-01   6.745045E-01   0.000000E+00   3.130988E+00   3.625563E+00   1.837626E+00         3
   1.075440E+02   1.075440E+02   4.770747E+00   6.754277E-01   6.754277E-01   0.000000E+00   3.136251E+00   3.625038E+00   1.841308E+00         3
   1.075477E+02   1.075477E+02   4.770744E+00   6.763662E-01   6.763662E-01   0.000000E+00   3.141514E+00   3.624513E+00   1.844989E+00         3
   1.075514E+02   1.075514E+02   4.770741E+00   6.773083E-01   6.773083E-01   0.000000E+00   3.146782E+00   3.624000E+00   1.848651E+00         3
   1.075551E+02   1.075551E+02   4.770738E+00   6.782517E-01   6.782517E-01   0.000000E+00   3.152053E+00   3.623489E+00   1.852307E+00         3
   1.075587E+02   1.075587E+02   4.770735E+00   6.790877E-01   6.790877E-01   0.000000E+00   3.157321E+00   3.622983E+00   1.855953E+00         3
   1.075624E+02   1.075624E+02   4.770732E+00   6.798514E-01   6.798514E-01   0.000000E+00   3.162586E+00   3.622480E+00   1.859591E+00         3
   1.075661E+02   1.075661E+02   4.770729E+00   6.806457E-01   6.806457E-01   0.000000E+00   3.167850E+00   3.621978E+00   1.863228E+00         3
   1.075698E+02   1.075698E+02   4.770726E+00   6.814787E-01   6.814787E-01   0.000000E+00   3.173111E+00   3.621477E+00   1.866861E+00         3
   1.075735E+02   1.075735E+02   4.770722E+00   6.823306E-01   6.823306E-01   0.000000E+00   3.178373E+00   3.620975E+00   1.870496E+00         3
   1.075772E+02   1.075772E+02   4.770719E+00   6.832306E-01   6.832306E-01   0.000000E+00   3.183634E+00   3.620472E+00   1.874132E+00         3
   1.075808E+02   1.075808E+02   4.770715E+00   6.841361E-01   6.841361E-01   0.000000E+00   3.188896E+00   3.619970E+00   1.877767E+00         3
   1.075845E+02   1.075845E+02   4.770712E+00   6.850826E-01   6.850826E-01   0.000000E+00   3.194159E+00   3.619478E+00   1.881383E+00         3
   1.075882E+02   1.075882E+02   4.770708E+00   6.860290E-01   6.860290E-01   0.000000E+00   3.199422E+00   3.618985E+00   1.884999E+00         3
   1.075919E+02   1.075919E+02   4.770704E+00   6.869784E-01   6.869784E-01   0.000000E+00   3.204708E+00   3.618502E+00   1.888608E+00         3
   1.075956E+02   1.075956E+02   4.770701E+00   6.879279E-01   6.879279E-01   0.000000E+00   3.209994E+00   3.618020E+00   1.892217E+00         3
   1.075993E+02   1.075993E+02   4.770697E+00   6.886695E-01   6.886695E-01   0.000000E+00   3.215247E+00   3.617532E+00   1.895819E+00         3
   1.076030E+02   1.076030E+02   4.770693E+00   6.893595E-01   6.893595E-01   0.000000E+00   3.220491E+00   3.617043E+00   1.899418E+00         3
   1.076066E+02   1.076066E+02   4.770689E+00   6.901716E-01   6.901716E-01   0.000000E+00   3.225797E+00   3.616553E+00   1.903050E+00         3
   1.076103E+02   1.076103E+02   4.770685E+00   6.910565E-01   6.910565E-01   0.000000E+00   3.231139E+00   3.616064E+00   1.906701E+00         3
   1.076140E+02   1.076140E+02   4.770680E+00   6.919880E-01   6.919880E-01   0.000000E+00   3.236433E+00   3.615580E+00   1.910316E+00         3
   1.076177E+02   1.076177E+02   4.770676E+00   6.929696E-01   6.929696E-01   0.000000E+00   3.241673E+00   3.615101E+00   1.913893E+00         3
   1.076214E+02   1.076214E+02   4.770672E+00   6.939047E-01   6.939047E-01   0.000000E+00   3.246901E+00   3.614626E+00   1.917457E+00         3
   1.076251E+02   1.076251E+02   4.770667E+00   6.947284E-01   6.947284E-01   0.000000E+00   3.252100E+00   3.614158E+00   1.920993E+00         3
   1.076288E+02   1.076288E+02   4.770663E+00   6.955535E-01   6.955535E-01   0.000000E+00   3.257298E+00   3.613691E+00   1.924527E+00         3
   1.076324E+02   1.076324E+02   4.770658E+00   6.963957E-01   6.963957E-01   0.000000E+00   3.262479E+00   3.613229E+00   1.928040E+00         3
   1.076361E+02   1.076361E+02   4.770653E+00   6.972380E-01   6.972380E-01   0.000000E+00   3.267659E+00   3.612768E+00   1.931553E+00         3
   1.076398E+02   1.076398E+02   4.770648E+00   6.981131E-01   6.981131E-01   0.000000E+00   3.272786E+00   3.612322E+00   1.935009E+00         3
   1.076435E+02   1.076435E+02   4.770643E+00   6.989946E-01   6.989946E-01   0.000000E+00   3.277904E+00   3.611878E+00   1.938454E+00         3
   1.076472E+02   1.076472E+02   4.770638E+00   6.998950E-01   6.998950E-01   0.000000E+00   3.282935E+00   3.611444E+00   1.941838E+00         3
   1.076509E+02   1.076509E+02   4.770633E+00   7.008108E-01   7.008108E-01   0.000000E+00   3.287897E+00   3.611017E+00   1.945173E+00         3
   1.076545E+02   1.076545E+02   4.770628E+00   7.017212E-01   7.017212E-01   0.000000E+00   3.292802E+00   3.610595E+00   1.948469E+00         3
   1.076582E+02   1.076582E+02   4.770622E+00   7.026058E-01   7.026058E-01   0.000000E+00   3.297429E+00   3.610197E+00   1.951579E+00         3
   1.076619E+02   1.076619E+02   4.770617E+00   7.034904E-01   7.034904E-01   0.000000E+00   3.302056E+00   3.609799E+00   1.954689E+00         3
   1.076656E+02   1.076656E+02   4.770611E+00   7.043744E-01   7.043744E-01   0.000000E+00   3.306138E+00   3.609438E+00   1.957452E+00         3
   1.076693E+02   1.076693E+02   4.770606E+00   7.052582E-01   7.052582E-01   0.000000E+00   3.309876E+00   3.609101E+00   1.959995E+00         3
   1.076730E+02   1.076730E+02   4.770600E+00   7.061420E-01   7.061420E-01   0.000000E+00   3.313614E+00   3.608764E+00   1.962539E+00         3
   1.076767E+02   1.076767E+02   4.770594E+00   7.069894E-01   7.069894E-01   0.000000E+00   3.316323E+00   3.608530E+00   1.964361E+00         3
   1.076803E+02   1.076803E+02   4.770588E+00   7.078205E-01   7.078205E-01   0.000000E+00   3.318569E+00   3.608342E+00   1.965859E+00         3
   1.076840E+02   1.076840E+02   4.770582E+00   7.086517E-01   7.086517E-01   0.000000E+00   3.320815E+00   3.608155E+00   1.967357E+00         3
   1.076877E+02   1.076877E+02   4.770576E+00   7.094821E-01   7.094821E-01   0.000000E+00   3.323053E+00   3.607968E+00   1.968850E+00         3
   1.076914E+02   1.076914E+02   4.770570E+00   7.101912E-01   7.101912E-01   0.000000E+00   3.323989E+00   3.607898E+00   1.969457E+00         3
   1.076951E+02   1.076951E+02   4.770564E+00   7.109003E-01   7.109003E-01   0.000000E+00   3.324924E+00   3.607829E+00   1.970064E+00         3
   1.076988E+02   1.076988E+02   4.770558E+00   7.116094E-01   7.116094E-01   0.000000E+00   3.325860E+00   3.607759E+00   1.970671E+00         3
   1.077025E+02   1.077025E+02   4.770552E+00   7.123185E-01   7.123185E-01   0.000000E+00   3.326795E+00   3.607689E+00   1.971278E+00         3
   1.077061E+02   1.077061E+02   4.770546E+00   7.130276E-01   7.130276E-01   0.000000E+00   3.327731E+00   3.607620E+00   1.971884E+00         3
   1.077098E+02   1.077098E+02   4.770540E+00   7.137443E-01   7.137443E-01   0.000000E+00   3.328284E+00   3.607581E+00   1.972239E+00         3
   1.077135E+02   1.077135E+02   4.770534E+00   7.144657E-01   7.144657E-01   0.000000E+00   3.328597E+00   3.607562E+00   1.972434E+00         3
   1.077172E+02   1.077172E+02   4.770528E+00   7.151871E-01   7.151871E-01   0.000000E+00   3.328911E+00   3.607542E+00   1.972630E+00         3
   1.077209E+02   1.077209E+02   4.770521E+00   7.159085E-01   7.159085E-01   0.000000E+00   3.329224E+00   3.607523E+00   1.972825E+00         3
   1.077246E+02   1.077246E+02   4.770515E+00   7.166299E-01   7.166299E-01   0.000000E+00   3.329537E+00   3.607503E+00   1.973021E+00         3
   1.077282E+02   1.077282E+02   4.770509E+00   7.173514E-01   7.173514E-01   0.000000E+00   3.329851E+00   3.607484E+00   1.973216E+00         3
   1.077319E+02   1.077319E+02   4.770503E+00   7.180728E-01   7.180728E-01   0.000000E+00   3.330164E+00   3.607464E+00   1.973412E+00         3
   1.077356E+02   1.077356E+02   4.770497E+00   7.187942E-01   7.187942E-01   0.000000E+00   3.330477E+00   3.607445E+00   1.973607E+00         3
   1.077393E+02   1.077393E+02   4.770490E+00   7.195156E-01   7.195156E-01   0.000000E+00   3.330791E+00   3.607426E+00   1.973803E+00         3
   1.077430E+02   1.077430E+02   4.770484E+00   7.202370E-01   7.202370E-01   0.000000E+00   3.331104E+00   3.607406E+00   1.973999E+00         3
   1.077430E+02   1.077430E+02   4.770484E+00   7.202370E-01   7.202370E-01   0.000000E+00   3.331104E+00   3.607406E+00   1.973999E+00         4
   1.079023E+02   1.079023E+02   4.770223E+00   7.453008E-01   7.453008E-01   0.000000E+00   3.323818E+00   3.608262E+00   1.968644E+00         4
   1.080616E+02   1.080616E+02   4.769970E+00   7.662233E-01   7.662233E-01   0.000000E+00   3.315002E+00   3.609225E+00   1.962309E+00         4
   1.082209E+02   1.082209E+02   4.769726E+00   7.844207E-01   7.844207E-01   0.000000E+00   3.305807E+00   3.610180E+00   1.955803E+00         4
   1.083802E+02   1.083802E+02   4.769490E+00   8.007755E-01   8.007755E-01   0.000000E+00   3.295603E+00   3.611267E+00   1.948526E+00         4
   1.085396E+02   1.085396E+02   4.769262E+00   8.154695E-01   8.154695E-01   0.000000E+00   3.283643E+00   3.612510E+00   1.940115E+00         4
   1.086989E+02   1.086989E+02   4.769039E+00   8.288605E-01   8.288605E-01   0.000000E+00   3.269318E+00   3.613959E+00   1.930056E+00         4
   1.088582E+02   1.088582E+02   4.768828E+00   8.413472E-01   8.413472E-01   0.000000E+00   3.252199E+00   3.615673E+00   1.918055E+00         4
   1.090175E+02   1.090175E+02   4.768632E+00   8.524636E-01   8.524636E-01   0.000000E+00   3.232362E+00   3.617625E+00   1.904193E+00         4
   1.091768E+02   1.091768E+02   4.768452E+00   8.626863E-01   8.626863E-01   0.000000E+00   3.210325E+00   3.619847E+00   1.888728E+00         4
   1.093361E+02   1.093361E+02   4.768287E+00   8.718974E-01   8.718974E-01   0.000000E+00   3.186371E+00   3.622198E+00   1.872048E+00         4
   1.094954E+02   1.094954E+02   4.768138E+00   8.801803E-01   8.801803E-01   0.000000E+00   3.160937E+00   3.624736E+00   1.854255E+00         4
   1.096547E+02   1.096547E+02   4.768003E+00   8.880190E-01   8.880190E-01   0.000000E+00   3.134489E+00   3.627358E+00   1.835768E+00         4
   1.098141E+02   1.098141E+02   4.767882E+00   8.948728E-01   8.948728E-01   0.000000E+00   3.108228E+00   3.629949E+00   1.817381E+00         4
   1.099734E+02   1.099734E+02   4.767772E+00   9.012073E-01   9.012073E-01   0.000000E+00   3.082327E+00   3.632583E+00   1.799091E+00         4
   1.101327E+02   1.101327E+02   4.767672E+00   9.068285E-01   9.068285E-01   0.000000E+00   3.058113E+00   3.635052E+00   1.781990E+00         4
   1.102920E+02   1.102920E+02   4.767581E+00   9.121584E-01   9.121584E-01   0.000000E+00   3.035536E+00   3.637395E+00   1.766160E+00         4
   1.104513E+02   1.104513E+02   4.767498E+00   9.172022E-01   9.172022E-01   0.000000E+00   3.015267E+00   3.639699E+00   1.751585E+00         4
   1.106106E+02   1.106106E+02   4.767420E+00   9.216595E-01   9.216595E-01   0.000000E+00   2.997899E+00   3.641671E+00   1.738929E+00         4
   1.107699E+02   1.107699E+02   4.767346E+00   9.257503E-01   9.257503E-01   0.000000E+00   2.984229E+00   3.643464E+00   1.728390E+00         4
   1.109292E+02   1.109292E+02   4.767276E+00   9.295913E-01   9.295913E-01   0.000000E+00   2.973406E+00   3.645091E+00   1.719423E+00         4
   1.110886E+02   1.110886E+02   4.767209E+00   9.332924E-01   9.332924E-01   0.000000E+00   2.963541E+00   3.646842E+00   1.710394E+00         4
   1.112479E+02   1.112479E+02   4.767146E+00   9.369462E-01   9.369462E-01   0.000000E+00   2.953797E+00   3.648684E+00   1.701223E+00         4
   1.114072E+02   1.114072E+02   4.767087E+00   9.403466E-01   9.403466E-01   0.000000E+00   2.944893E+00   3.650521E+00   1.692768E+00         4
   1.115665E+02   1.115665E+02   4.767031E+00   9.435407E-01   9.435407E-01   0.000000E+00   2.937085E+00   3.652325E+00   1.685225E+00         4
   1.117258E+02   1.117258E+02   4.766978E+00   9.466002E-01   9.466002E-01   0.000000E+00   2.930411E+00   3.654083E+00   1.678437E+00         4
   1.118851E+02   1.118851E+02   4.766926E+00   9.495876E-01   9.495876E-01   0.000000E+00   2.924788E+00   3.655766E+00   1.672346E+00         4
   1.120444E+02   1.120444E+02   4.766877E+00   9.524175E-01   9.524175E-01   0.000000E+00   2.920812E+00   3.657364E+00   1.667315E+00         4
   1.122037E+02   1.122037E+02   4.766828E+00   9.552222E-01   9.552222E-01   0.000000E+00   2.917100E+00   3.658948E+00   1.662455E+00         4
   1.123631E+02   1.123631E+02   4.766781E+00   9.578456E-01   9.578456E-01   0.000000E+00   2.916039E+00   3.660519E+00   1.658971E+00         4
   1.125224E+02   1.125224E+02   4.766734E+00   9.604324E-01   9.604324E-01   0.000000E+00   2.915512E+00   3.662087E+00   1.655765E+00         4
   1.126817E+02   1.126817E+02   4.766688E+00   9.630193E-01   9.630193E-01   0.000000E+00   2.914985E+00   3.663655E+00   1.652558E+00         4
   1.128410E+02   1.128410E+02   4.766641E+00   9.655560E-01   9.655560E-01   0.000000E+00   2.916760E+00   3.665229E+00   1.650343E+00         4
   1.130003E+02   1.130003E+02   4.766594E+00   9.680527E-01   9.680527E-01   0.000000E+00   2.920380E+00   3.666808E+00   1.648921E+00         4
   1.131596E+02   1.131596E+02   4.766548E+00   9.705494E-01   9.705494E-01   0.000000E+00   2.924000E+00   3.668387E+00   1.647499E+00         4
   1.133189E+02   1.133189E+02   4.766491E+00   9.731684E-01   9.731684E-01   0.000000E+00   2.929173E+00   3.669676E+00   1.647549E+00         4
   1.134782E+02   1.134782E+02   4.766433E+00   9.758159E-01   9.758159E-01   0.000000E+00   2.934709E+00   3.670899E+00   1.647942E+00         4
   1.136376E+02   1.136376E+02   4.766366E+00   9.778680E-01   9.778680E-01   0.000000E+00   2.941925E+00   3.672072E+00   1.649250E+00         4
   1.137969E+02   1.137969E+02   4.766294E+00   9.799693E-01   9.799693E-01   0.000000E+00   2.949750E+00   3.673292E+00   1.650754E+00         4
   1.139562E+02   1.139562E+02   4.766217E+00   9.823296E-01   9.823296E-01   0.000000E+00   2.958540E+00   3.674634E+00   1.652475E+00         4
   1.141155E+02   1.141155E+02   4.766135E+00   9.847912E-01   9.847912E-01   0.000000E+00   2.967606E+00   3.675454E+00   1.654656E+00         4
   1.142748E+02   1.142748E+02   4.766049E+00   9.873765E-01   9.873765E-01   0.000000E+00   2.978707E+00   3.677638E+00   1.657048E+00         4
   1.144341E+02   1.144341E+02   4.765971E+00   9.896776E-01   9.896776E-01   0.000000E+00   2.990117E+00   3.680416E+00   1.658358E+00         4
   1.145934E+02   1.145934E+02   4.765906E+00   9.923388E-01   9.923388E-01   0.000000E+00   3.000906E+00   3.683238E+00   1.658414E+00         4
   1.147527E+02   1.147527E+02   4.765848E+00   9.947750E-01   9.947750E-01   0.000000E+00   3.008519E+00   3.685185E+00   1.658347E+00         4
   1.149121E+02   1.149121E+02   4.765790E+00   9.969904E-01   9.969904E-01   0.000000E+00   3.009784E+00   3.685355E+00   1.658639E+00         4
   1.150714E+02   1.150714E+02   4.765733E+00   9.992058E-01   9.992058E-01   0.000000E+00   3.011050E+00   3.685524E+00   1.658931E+00         4
   1.152307E+02   1.152307E+02   4.765675E+00   1.001421E+00   1.001421E+00   0.000000E+00   3.012316E+00   3.685694E+00   1.659223E+00         4
   1.153900E+02   1.153900E+02   4.765617E+00   1.003045E+00   1.003045E+00   0.000000E+00   3.012672E+00   3.685422E+00   1.660013E+00         4
   1.155493E+02   1.155493E+02   4.765558E+00   1.004295E+00   1.004295E+00   0.000000E+00   3.012452E+00   3.684872E+00   1.661119E+00         4
   1.157086E+02   1.157086E+02   4.765499E+00   1.005544E+00   1.005544E+00   0.000000E+00   3.012232E+00   3.684321E+00   1.662225E+00         4
   1.158679E+02   1.158679E+02   4.765440E+00   1.006794E+00   1.006794E+00   0.000000E+00   3.012012E+00   3.683770E+00   1.663331E+00         4
   1.160272E+02   1.160272E+02   4.765381E+00   1.008043E+00   1.008043E+00   0.000000E+00   3.011792E+00   3.683220E+00   1.664437E+00         4
   1.161866E+02   1.161866E+02   4.765321E+00   1.009327E+00   1.009327E+00   0.000000E+00   3.012145E+00   3.682827E+00   1.665490E+00         4
   1.163459E+02   1.163459E+02   4.765260E+00   1.010689E+00   1.010689E+00   0.000000E+00   3.013806E+00   3.682795E+00   1.666421E+00         4
   1.165052E+02   1.165052E+02   4.765200E+00   1.012051E+00   1.012051E+00   0.000000E+00   3.015467E+00   3.682763E+00   1.667352E+00         4
   1.166645E+02   1.166645E+02   4.765139E+00   1.013413E+00   1.013413E+00   0.000000E+00   3.017129E+00   3.682731E+00   1.668282E+00         4
   1.168238E+02   1.168238E+02   4.765078E+00   1.014775E+00   1.014775E+00   0.000000E+00   3.018790E+00   3.682699E+00   1.669213E+00         4
   1.169831E+02   1.169831E+02   4.765014E+00   1.016224E+00   1.016224E+00   6.397793E-03   3.020430E+00   3.682720E+00   1.670151E+00         4
   1.171424E+02   1.171424E+02   4.764950E+00   1.017679E+00   1.017679E+00   1.322551E-02   3.022069E+00   3.682745E+00   1.671090E+00         4
   1.173017E+02   1.173017E+02   4.764886E+00   1.019133E+00   1.019133E+00   2.005323E-02   3.023707E+00   3.682769E+00   1.672029E+00         4
   1.174611E+02   1.174611E+02   4.764821E+00   1.020588E+00   1.020588E+00   2.688095E-02   3.025346E+00   3.682794E+00   1.672967E+00         4
   1.176204E+02   1.176204E+02   4.764756E+00   1.022056E+00   1.022056E+00   3.075715E-02   3.026753E+00   3.682730E+00   1.673940E+00         4
   1.177797E+02   1.177797E+02   4.764690E+00   1.023540E+00   1.023540E+00   3.091047E-02   3.027869E+00   3.682554E+00   1.674955E+00         4
   1.179390E+02   1.179390E+02   4.764624E+00   1.025025E+00   1.025025E+00   3.106379E-02   3.028985E+00   3.682379E+00   1.675969E+00         4
   1.180983E+02   1.180983E+02   4.764558E+00   1.026509E+00   1.026509E+00   3.121711E-02   3.030100E+00   3.682203E+00   1.676984E+00         4
   1.182576E+02   1.182576E+02   4.764492E+00   1.027993E+00   1.027993E+00   3.137043E-02   3.031216E+00   3.682028E+00   1.677999E+00         4
   1.184169E+02   1.184169E+02   4.764426E+00   1.029474E+00   1.029474E+00   3.150948E-02   3.032261E+00   3.681813E+00   1.679041E+00         4
   1.185763E+02   1.185763E+02   4.764359E+00   1.030929E+00   1.030929E+00   3.155098E-02   3.032823E+00   3.681330E+00   1.680267E+00         4
   1.187356E+02   1.187356E+02   4.764292E+00   1.032385E+00   1.032385E+00   3.159248E-02   3.033386E+00   3.680848E+00   1.681493E+00         4
   1.188949E+02   1.188949E+02   4.764224E+00   1.033841E+00   1.033841E+00   3.163398E-02   3.033948E+00   3.680365E+00   1.682719E+00         4
   1.190542E+02   1.190542E+02   4.764157E+00   1.035296E+00   1.035296E+00   3.167547E-02   3.034511E+00   3.679883E+00   1.683944E+00         4
   1.192135E+02   1.192135E+02   4.764089E+00   1.036759E+00   1.036759E+00   3.173785E-02   3.035247E+00   3.679455E+00   1.685214E+00         4
   1.193728E+02   1.193728E+02   4.764013E+00   1.038281E+00   1.038281E+00   3.196251E-02   3.037336E+00   3.679454E+00   1.686826E+00         4
   1.195321E+02   1.195321E+02   4.763942E+00   1.039734E+00   1.039734E+00   3.205383E-02   3.037458E+00   3.678714E+00   1.688339E+00         4
   1.196914E+02   1.196914E+02   4.763874E+00   1.041154E+00   1.041154E+00   3.207906E-02   3.036606E+00   3.677609E+00   1.689802E+00         4
   1.198508E+02   1.198508E+02   4.763806E+00   1.042573E+00   1.042573E+00   3.210429E-02   3.035754E+00   3.676504E+00   1.691265E+00         4
   1.200101E+02   1.200101E+02   4.763738E+00   1.043992E+00   1.043992E+00   3.212953E-02   3.034902E+00   3.675399E+00   1.692728E+00         4
   1.201694E+02   1.201694E+02   4.763671E+00   1.045290E+00   1.045290E+00   3.266765E-02   3.032951E+00   3.674043E+00   1.693924E+00         4
   1.203287E+02   1.203287E+02   4.763604E+00   1.046521E+00   1.046521E+00   3.349026E-02   3.030389E+00   3.672548E+00   1.694971E+00         4
   1.204880E+02   1.204880E+02   4.763537E+00   1.047752E+00   1.047752E+00   3.431288E-02   3.027827E+00   3.671053E+00   1.696019E+00         4
   1.206473E+02   1.206473E+02   4.763465E+00   1.049290E+00   1.049290E+00   3.483943E-02   3.029686E+00   3.670277E+00   1.698166E+00         4
   1.208066E+02   1.208066E+02   4.763396E+00   1.050574E+00   1.050574E+00   3.141504E-02   3.024655E+00   3.668824E+00   1.698245E+00         4
   1.209659E+02   1.209659E+02   4.763327E+00   1.051838E+00   1.051838E+00   2.040478E-02   3.020623E+00   3.667298E+00   1.699065E+00         4
   1.211253E+02   1.211253E+02   4.763258E+00   1.053081E+00   1.053081E+00   6.637561E-04   3.017741E+00   3.665691E+00   1.700738E+00         4
   1.212846E+02   1.212846E+02   4.763194E+00   1.054228E+00   1.054228E+00   0.000000E+00   3.015364E+00   3.664641E+00   1.701639E+00         4
   1.214439E+02   1.214439E+02   4.763130E+00   1.055371E+00   1.055371E+00   0.000000E+00   3.013004E+00   3.663611E+00   1.702514E+00         4
   1.216032E+02   1.216032E+02   4.763065E+00   1.056530E+00   1.056530E+00   1.662165E-01   3.009473E+00   3.662071E+00   1.703897E+00         4
   1.217625E+02   1.217625E+02   4.762999E+00   1.057690E+00   1.057690E+00   3.979195E-01   3.005770E+00   3.660327E+00   1.705645E+00         4
   1.219218E+02   1.219218E+02   4.762933E+00   1.058800E+00   1.058800E+00   4.082142E-01   3.006098E+00   3.659240E+00   1.708123E+00         4
   1.220811E+02   1.220811E+02   4.762856E+00   1.059966E+00   1.059966E+00   0.000000E+00   3.022365E+00   3.665231E+00   1.703926E+00         4
   1.222404E+02   1.222404E+02   4.762787E+00   1.061142E+00   1.061142E+00   8.543122E-02   3.015775E+00   3.664993E+00   1.701076E+00         4
   1.223998E+02   1.223998E+02   4.762716E+00   1.062193E+00   1.062193E+00   3.428130E-01   3.009777E+00   3.663080E+00   1.701978E+00         4
   1.225591E+02   1.225591E+02   4.762647E+00   1.063329E+00   1.063329E+00   3.752499E-01   3.005138E+00   3.660846E+00   1.704069E+00         4
   1.227184E+02   1.227184E+02   4.762579E+00   1.064402E+00   1.064402E+00   3.771727E-01   3.001562E+00   3.658589E+00   1.706733E+00         4
   1.228777E+02   1.228777E+02   4.762510E+00   1.065327E+00   1.065327E+00   3.788667E-01   2.999704E+00   3.656371E+00   1.710204E+00         4
   1.230370E+02   1.230370E+02   4.762440E+00   1.066233E+00   1.066233E+00   3.982962E-01   3.000144E+00   3.654181E+00   1.714869E+00         4
   1.231963E+02   1.231963E+02   4.762368E+00   1.067231E+00   1.067231E+00   4.140966E-01   3.002693E+00   3.651869E+00   1.720844E+00         4
   1.233556E+02   1.233556E+02   4.762293E+00   1.068408E+00   1.068408E+00   4.140401E-01   3.009288E+00   3.649162E+00   1.729579E+00         4
   1.235149E+02   1.235149E+02   4.762214E+00   1.069837E+00   1.069837E+00   4.139932E-01   3.023877E+00   3.645531E+00   1.744136E+00         4
   1.236743E+02   1.236743E+02   4.762125E+00   1.071624E+00   1.071624E+00   4.139932E-01   3.091914E+00   3.635214E+00   1.798788E+00         4
   1.236743E+02   1.236743E+02   4.762125E+00   1.071624E+00   1.071624E+00   4.139932E-01   3.091914E+00   3.635214E+00   1.798788E+00         5
   1.236764E+02   1.236764E+02   4.762124E+00   1.071622E+00   1.071622E+00   4.139932E-01   3.095925E+00   3.634714E+00   1.801794E+00         5
   1.236785E+02   1.236785E+02   4.762123E+00   1.071620E+00   1.071620E+00   4.139932E-01   3.099935E+00   3.634213E+00   1.804800E+00         5
   1.236806E+02   1.236806E+02   4.762121E+00   1.071632E+00   1.071632E+00   4.139932E-01   3.104999E+00   3.633621E+00   1.808516E+00         5
   1.236827E+02   1.236827E+02   4.762120E+00   1.071644E+00   1.071644E+00   4.139932E-01   3.110322E+00   3.633004E+00   1.812413E+00         5
   1.236848E+02   1.236848E+02   4.762118E+00   1.071644E+00   1.071644E+00   4.139932E-01   3.116492E+00   3.632294E+00   1.816917E+00         5
   1.236870E+02   1.236870E+02   4.762117E+00   1.071643E+00   1.071643E+00   4.139933E-01   3.122983E+00   3.631564E+00   1.821622E+00         5
   1.236891E+02   1.236891E+02   4.762115E+00   1.071640E+00   1.071640E+00   4.139935E-01   3.129753E+00   3.630817E+00   1.826502E+00         5
   1.236912E+02   1.236912E+02   4.762113E+00   1.071806E+00   1.071806E+00   4.139947E-01   3.136728E+00   3.630064E+00   1.831495E+00         5
   1.236933E+02   1.236933E+02   4.762112E+00   1.071917E+00   1.071917E+00   4.139970E-01   3.143572E+00   3.629321E+00   1.836404E+00         5
   1.236954E+02   1.236954E+02   4.762110E+00   1.071932E+00   1.071932E+00   4.140008E-01   3.150199E+00   3.628592E+00   1.841173E+00         5
   1.236976E+02   1.236976E+02   4.762108E+00   1.071991E+00   1.071991E+00   4.140057E-01   3.155914E+00   3.627990E+00   1.845236E+00         5
   1.236997E+02   1.236997E+02   4.762106E+00   1.072067E+00   1.072067E+00   4.140110E-01   3.161262E+00   3.627438E+00   1.849014E+00         5
   1.237018E+02   1.237018E+02   4.762104E+00   1.072108E+00   1.072108E+00   4.140173E-01   3.165602E+00   3.626986E+00   1.852087E+00         5
   1.237039E+02   1.237039E+02   4.762103E+00   1.072132E+00   1.072132E+00   4.140240E-01   3.169500E+00   3.626578E+00   1.854852E+00         5
   1.237060E+02   1.237060E+02   4.762101E+00   1.072164E+00   1.072164E+00   4.140302E-01   3.172678E+00   3.626252E+00   1.857094E+00         5
   1.237081E+02   1.237081E+02   4.762099E+00   1.072210E+00   1.072210E+00   4.140349E-01   3.174183E+00   3.626115E+00   1.858121E+00         5
   1.237103E+02   1.237103E+02   4.762097E+00   1.072256E+00   1.072256E+00   4.140396E-01   3.175687E+00   3.625977E+00   1.859148E+00         5
   1.237124E+02   1.237124E+02   4.762095E+00   1.072303E+00   1.072303E+00   4.140443E-01   3.177192E+00   3.625840E+00   1.860176E+00         5
   1.237145E+02   1.237145E+02   4.762093E+00   1.072351E+00   1.072351E+00   4.140497E-01   3.178106E+00   3.625764E+00   1.860785E+00         5
   1.237166E+02   1.237166E+02   4.762091E+00   1.072409E+00   1.072409E+00   4.140585E-01   3.175881E+00   3.626014E+00   1.859171E+00         5
   1.237187E+02   1.237187E+02   4.762089E+00   1.072466E+00   1.072466E+00   4.140674E-01   3.173655E+00   3.626264E+00   1.857558E+00         5
   1.237208E+02   1.237208E+02   4.762087E+00   1.072524E+00   1.072524E+00   4.140762E-01   3.171429E+00   3.626515E+00   1.855944E+00         5
   1.237230E+02   1.237230E+02   4.762085E+00   1.072582E+00   1.072582E+00   4.140850E-01   3.169204E+00   3.626765E+00   1.854331E+00         5
   1.237251E+02   1.237251E+02   4.762083E+00   1.072598E+00   1.072598E+00   4.141080E-01   3.166298E+00   3.627075E+00   1.852258E+00         5
   1.237272E+02   1.237272E+02   4.762081E+00   1.072594E+00   1.072594E+00   4.141374E-01   3.163084E+00   3.627411E+00   1.849979E+00         5
   1.237293E+02   1.237293E+02   4.762079E+00   1.072591E+00   1.072591E+00   4.141669E-01   3.159870E+00   3.627748E+00   1.847699E+00         5
   1.237314E+02   1.237314E+02   4.762077E+00   1.072590E+00   1.072590E+00   4.142236E-01   3.156767E+00   3.628074E+00   1.845494E+00         5
   1.237336E+02   1.237336E+02   4.762075E+00   1.072596E+00   1.072596E+00   4.143840E-01   3.154082E+00   3.628363E+00   1.843573E+00         5
   1.237357E+02   1.237357E+02   4.762074E+00   1.072602E+00   1.072602E+00   4.145443E-01   3.151397E+00   3.628652E+00   1.841653E+00         5
   1.237378E+02   1.237378E+02   4.762072E+00   1.072608E+00   1.072608E+00   4.147046E-01   3.148712E+00   3.628941E+00   1.839732E+00         5
   1.237399E+02   1.237399E+02   4.762070E+00   1.072626E+00   1.072626E+00   4.149498E-01   3.146265E+00   3.629195E+00   1.838001E+00         5
   1.237420E+02   1.237420E+02   4.762068E+00   1.072671E+00   1.072671E+00   4.153683E-01   3.144303E+00   3.629378E+00   1.836655E+00         5
   1.237441E+02   1.237441E+02   4.762066E+00   1.072715E+00   1.072715E+00   4.157868E-01   3.142341E+00   3.629560E+00   1.835310E+00         5
   1.237463E+02   1.237463E+02   4.762065E+00   1.072760E+00   1.072760E+00   4.162053E-01   3.140379E+00   3.629742E+00   1.833964E+00         5
   1.237484E+02   1.237484E+02   4.762063E+00   1.072804E+00   1.072804E+00   4.166238E-01   3.138417E+00   3.629924E+00   1.832619E+00         5
   1.237505E+02   1.237505E+02   4.762061E+00   1.072822E+00   1.072822E+00   4.169347E-01   3.136997E+00   3.630071E+00   1.831615E+00         5
   1.237526E+02   1.237526E+02   4.762059E+00   1.072823E+00   1.072823E+00   4.171694E-01   3.135961E+00   3.630192E+00   1.830854E+00         5
   1.237547E+02   1.237547E+02   4.762058E+00   1.072823E+00   1.072823E+00   4.174040E-01   3.134925E+00   3.630314E+00   1.830093E+00         5
   1.237569E+02   1.237569E+02   4.762056E+00   1.072823E+00   1.072823E+00   4.176386E-01   3.133889E+00   3.630436E+00   1.829332E+00         5
   1.237590E+02   1.237590E+02   4.762054E+00   1.072823E+00   1.072823E+00   4.178733E-01   3.132853E+00   3.630557E+00   1.828571E+00         5
   1.237611E+02   1.237611E+02   4.762053E+00   1.072823E+00   1.072823E+00   4.181079E-01   3.131817E+00   3.630679E+00   1.827810E+00         5
   1.237632E+02   1.237632E+02   4.762051E+00   1.072823E+00   1.072823E+00   4.183425E-01   3.130781E+00   3.630800E+00   1.827049E+00         5
   1.237653E+02   1.237653E+02   4.762049E+00   1.072839E+00   1.072839E+00   4.184724E-01   3.130594E+00   3.630811E+00   1.826935E+00         5
   1.237674E+02   1.237674E+02   4.762048E+00   1.072856E+00   1.072856E+00   4.185940E-01   3.130472E+00   3.630812E+00   1.826871E+00         5
   1.237696E+02   1.237696E+02   4.762046E+00   1.072873E+00   1.072873E+00   4.187156E-01   3.130351E+00   3.630814E+00   1.826807E+00         5
   1.237717E+02   1.237717E+02   4.762045E+00   1.072891E+00   1.072891E+00   4.188373E-01   3.130229E+00   3.630815E+00   1.826743E+00         5
   1.237738E+02   1.237738E+02   4.762043E+00   1.072908E+00   1.072908E+00   4.189589E-01   3.130108E+00   3.630817E+00   1.826679E+00         5
   1.237759E+02   1.237759E+02   4.762041E+00   1.072925E+00   1.072925E+00   4.190806E-01   3.129986E+00   3.630818E+00   1.826615E+00         5
   1.237780E+02   1.237780E+02   4.762040E+00   1.072943E+00   1.072943E+00   4.192022E-01   3.129864E+00   3.630820E+00   1.826552E+00         5
   1.237802E+02   1.237802E+02   4.762038E+00   1.072960E+00   1.072960E+00   4.193239E-01   3.129743E+00   3.630821E+00   1.826488E+00         5
   1.237823E+02   1.237823E+02   4.762037E+00   1.072977E+00   1.072977E+00   4.194455E-01   3.129621E+00   3.630823E+00   1.826424E+00         5
   1.237844E+02   1.237844E+02   4.762035E+00   1.072979E+00   1.072979E+00   4.201828E-01   3.130507E+00   3.630716E+00   1.827080E+00         5
   1.237865E+02   1.237865E+02   4.762033E+00   1.072979E+00   1.072979E+00   4.209847E-01   3.131499E+00   3.630598E+00   1.827813E+00         5
   1.237886E+02   1.237886E+02   4.762032E+00   1.072979E+00   1.072979E+00   4.217867E-01   3.132490E+00   3.630480E+00   1.828545E+00         5
   1.237907E+02   1.237907E+02   4.762030E+00   1.072980E+00   1.072980E+00   4.225886E-01   3.133482E+00   3.630361E+00   1.829277E+00         5
   1.237929E+02   1.237929E+02   4.762029E+00   1.072980E+00   1.072980E+00   4.233905E-01   3.134473E+00   3.630243E+00   1.830009E+00         5
   1.237950E+02   1.237950E+02   4.762027E+00   1.072980E+00   1.072980E+00   4.241925E-01   3.135465E+00   3.630125E+00   1.830741E+00         5
   1.237971E+02   1.237971E+02   4.762025E+00   1.072980E+00   1.072980E+00   4.249944E-01   3.136456E+00   3.630007E+00   1.831473E+00         5
   1.237992E+02   1.237992E+02   4.762024E+00   1.072980E+00   1.072980E+00   4.257963E-01   3.137448E+00   3.629889E+00   1.832205E+00         5
   1.238013E+02   1.238013E+02   4.762022E+00   1.072980E+00   1.072980E+00   4.267526E-01   3.138759E+00   3.629737E+00   1.833163E+00         5
   1.238034E+02   1.238034E+02   4.762020E+00   1.072980E+00   1.072980E+00   4.278325E-01   3.140327E+00   3.629560E+00   1.834303E+00         5
   1.238056E+02   1.238056E+02   4.762019E+00   1.072980E+00   1.072980E+00   4.289125E-01   3.141894E+00   3.629382E+00   1.835443E+00         5
   1.238077E+02   1.238077E+02   4.762017E+00   1.072980E+00   1.072980E+00   4.299924E-01   3.143462E+00   3.629204E+00   1.836582E+00         5
   1.238098E+02   1.238098E+02   4.762015E+00   1.072980E+00   1.072980E+00   4.310724E-01   3.145029E+00   3.629026E+00   1.837722E+00         5
   1.238119E+02   1.238119E+02   4.762014E+00   1.072980E+00   1.072980E+00   4.321524E-01   3.146597E+00   3.628848E+00   1.838862E+00         5
   1.238140E+02   1.238140E+02   4.762012E+00   1.072980E+00   1.072980E+00   4.332323E-01   3.148164E+00   3.628670E+00   1.840002E+00         5
   1.238162E+02   1.238162E+02   4.762010E+00   1.072980E+00   1.072980E+00   4.343101E-01   3.149970E+00   3.628469E+00   1.841305E+00         5
   1.238183E+02   1.238183E+02   4.762009E+00   1.072980E+00   1.072980E+00   4.353872E-01   3.151848E+00   3.628262E+00   1.842659E+00         5
   1.238204E+02   1.238204E+02   4.762007E+00   1.072980E+00   1.072980E+00   4.364642E-01   3.153727E+00   3.628055E+00   1.844013E+00         5
   1.238225E+02   1.238225E+02   4.762005E+00   1.072980E+00   1.072980E+00   4.375413E-01   3.155605E+00   3.627847E+00   1.845367E+00         5
   1.238246E+02   1.238246E+02   4.762003E+00   1.072980E+00   1.072980E+00   4.386184E-01   3.157484E+00   3.627640E+00   1.846720E+00         5
   1.238267E+02   1.238267E+02   4.762001E+00   1.072980E+00   1.072980E+00   4.396955E-01   3.159362E+00   3.627433E+00   1.848074E+00         5
   1.238289E+02   1.238289E+02   4.762000E+00   1.072980E+00   1.072980E+00   4.407446E-01   3.161311E+00   3.627221E+00   1.849472E+00         5
   1.238310E+02   1.238310E+02   4.761998E+00   1.072980E+00   1.072980E+00   4.417810E-01   3.163292E+00   3.627007E+00   1.850891E+00         5
   1.238331E+02   1.238331E+02   4.761996E+00   1.072980E+00   1.072980E+00   4.428173E-01   3.165273E+00   3.626793E+00   1.852309E+00         5
   1.238352E+02   1.238352E+02   4.761994E+00   1.072980E+00   1.072980E+00   4.438536E-01   3.167254E+00   3.626579E+00   1.853727E+00         5
   1.238373E+02   1.238373E+02   4.761992E+00   1.072980E+00   1.072980E+00   4.448900E-01   3.169235E+00   3.626365E+00   1.855146E+00         5
   1.238395E+02   1.238395E+02   4.761990E+00   1.072980E+00   1.072980E+00   4.459263E-01   3.171216E+00   3.626151E+00   1.856564E+00         5
   1.238416E+02   1.238416E+02   4.761989E+00   1.072980E+00   1.072980E+00   4.470910E-01   3.173187E+00   3.625939E+00   1.857974E+00         5
   1.238437E+02   1.238437E+02   4.761987E+00   1.072980E+00   1.072980E+00   4.482916E-01   3.175155E+00   3.625728E+00   1.859381E+00         5
   1.238458E+02   1.238458E+02   4.761985E+00   1.072980E+00   1.072980E+00   4.494923E-01   3.177122E+00   3.625516E+00   1.860788E+00         5
   1.238479E+02   1.238479E+02   4.761983E+00   1.072980E+00   1.072980E+00   4.506929E-01   3.179090E+00   3.625304E+00   1.862195E+00         5
   1.238500E+02   1.238500E+02   4.761981E+00   1.072980E+00   1.072980E+00   4.518935E-01   3.181058E+00   3.625092E+00   1.863603E+00         5
   1.238522E+02   1.238522E+02   4.761979E+00   1.072980E+00   1.072980E+00   4.530941E-01   3.183025E+00   3.624881E+00   1.865010E+00         5
   1.238543E+02   1.238543E+02   4.761977E+00   1.072980E+00   1.072980E+00   4.540665E-01   3.184932E+00   3.624678E+00   1.866369E+00         5
   1.238564E+02   1.238564E+02   4.761975E+00   1.072980E+00   1.072980E+00   4.549744E-01   3.186822E+00   3.624477E+00   1.867715E+00         5
   1.238585E+02   1.238585E+02   4.761973E+00   1.072980E+00   1.072980E+00   4.558824E-01   3.188712E+00   3.624277E+00   1.869061E+00         5
   1.238606E+02   1.238606E+02   4.761971E+00   1.072980E+00   1.072980E+00   4.567903E-01   3.190602E+00   3.624076E+00   1.870407E+00         5
   1.238627E+02   1.238627E+02   4.761969E+00   1.072980E+00   1.072980E+00   4.576983E-01   3.192491E+00   3.623876E+00   1.871753E+00         5
   1.238649E+02   1.238649E+02   4.761967E+00   1.072980E+00   1.072980E+00   4.586063E-01   3.194381E+00   3.623675E+00   1.873099E+00         5
   1.238670E+02   1.238670E+02   4.761965E+00   1.072980E+00   1.072980E+00   4.595329E-01   3.196214E+00   3.623481E+00   1.874404E+00         5
   1.238691E+02   1.238691E+02   4.761963E+00   1.072980E+00   1.072980E+00   4.604769E-01   3.197993E+00   3.623292E+00   1.875671E+00         5
   1.238712E+02   1.238712E+02   4.761961E+00   1.072980E+00   1.072980E+00   4.614209E-01   3.199773E+00   3.623104E+00   1.876937E+00         5
   1.238733E+02   1.238733E+02   4.761959E+00   1.072980E+00   1.072980E+00   4.623649E-01   3.201552E+00   3.622916E+00   1.878204E+00         5
   1.238755E+02   1.238755E+02   4.761956E+00   1.072980E+00   1.072980E+00   4.633089E-01   3.203331E+00   3.622727E+00   1.879470E+00         5
   1.238776E+02   1.238776E+02   4.761954E+00   1.072980E+00   1.072980E+00   4.642529E-01   3.205111E+00   3.622539E+00   1.880737E+00         5
   1.238797E+02   1.238797E+02   4.761952E+00   1.072980E+00   1.072980E+00   4.651969E-01   3.206890E+00   3.622350E+00   1.882004E+00         5
   1.238818E+02   1.238818E+02   4.761950E+00   1.072980E+00   1.072980E+00   4.660821E-01   3.208580E+00   3.622172E+00   1.883205E+00         5
   1.238839E+02   1.238839E+02   4.761948E+00   1.072980E+00   1.072980E+00   4.669594E-01   3.210257E+00   3.621995E+00   1.884397E+00         5
   1.238860E+02   1.238860E+02   4.761946E+00   1.072980E+00   1.072980E+00   4.678368E-01   3.211935E+00   3.621819E+00   1.885589E+00         5
   1.238882E+02   1.238882E+02   4.761944E+00   1.072980E+00   1.072980E+00   4.687141E-01   3.213613E+00   3.621642E+00   1.886782E+00         5
   1.238903E+02   1.238903E+02   4.761941E+00   1.072980E+00   1.072980E+00   4.695914E-01   3.215291E+00   3.621465E+00   1.887974E+00         5
   1.238924E+02   1.238924E+02   4.761939E+00   1.072980E+00   1.072980E+00   4.704688E-01   3.216968E+00   3.621288E+00   1.889166E+00         5
   1.238945E+02   1.238945E+02   4.761937E+00   1.072980E+00   1.072980E+00   4.713461E-01   3.218646E+00   3.621112E+00   1.890359E+00         5
   1.238966E+02   1.238966E+02   4.761935E+00   1.072981E+00   1.072981E+00   4.720819E-01   3.220247E+00   3.620945E+00   1.891493E+00         5
   1.238988E+02   1.238988E+02   4.761932E+00   1.072981E+00   1.072981E+00   4.727949E-01   3.221835E+00   3.620780E+00   1.892617E+00         5
   1.239009E+02   1.239009E+02   4.761930E+00   1.072982E+00   1.072982E+00   4.735078E-01   3.223424E+00   3.620614E+00   1.893742E+00         5
   1.239030E+02   1.239030E+02   4.761928E+00   1.072982E+00   1.072982E+00   4.742208E-01   3.225012E+00   3.620449E+00   1.894867E+00         5
   1.239051E+02   1.239051E+02   4.761926E+00   1.072983E+00   1.072983E+00   4.749337E-01   3.226601E+00   3.620284E+00   1.895992E+00         5
   1.239072E+02   1.239072E+02   4.761923E+00   1.072983E+00   1.072983E+00   4.756467E-01   3.228189E+00   3.620119E+00   1.897116E+00         5
   1.239093E+02   1.239093E+02   4.761921E+00   1.072984E+00   1.072984E+00   4.763596E-01   3.229777E+00   3.619953E+00   1.898241E+00         5
   1.239115E+02   1.239115E+02   4.761919E+00   1.072985E+00   1.072985E+00   4.771747E-01   3.231318E+00   3.619793E+00   1.899332E+00         5
   1.239136E+02   1.239136E+02   4.761916E+00   1.072988E+00   1.072988E+00   4.781093E-01   3.232801E+00   3.619637E+00   1.900385E+00         5
   1.239157E+02   1.239157E+02   4.761914E+00   1.072991E+00   1.072991E+00   4.790440E-01   3.234285E+00   3.619482E+00   1.901438E+00         5
   1.239178E+02   1.239178E+02   4.761912E+00   1.072993E+00   1.072993E+00   4.799786E-01   3.235769E+00   3.619326E+00   1.902491E+00         5
   1.239199E+02   1.239199E+02   4.761909E+00   1.072996E+00   1.072996E+00   4.809133E-01   3.237252E+00   3.619171E+00   1.903543E+00         5
   1.239220E+02   1.239220E+02   4.761907E+00   1.072999E+00   1.072999E+00   4.818479E-01   3.238736E+00   3.619015E+00   1.904596E+00         5
   1.239242E+02   1.239242E+02   4.761905E+00   1.073001E+00   1.073001E+00   4.827825E-01   3.240220E+00   3.618860E+00   1.905649E+00         5
   1.239263E+02   1.239263E+02   4.761902E+00   1.073004E+00   1.073004E+00   4.837172E-01   3.241703E+00   3.618704E+00   1.906702E+00         5
   1.239284E+02   1.239284E+02   4.761900E+00   1.073005E+00   1.073005E+00   4.846045E-01   3.243141E+00   3.618557E+00   1.907716E+00         5
   1.239305E+02   1.239305E+02   4.761897E+00   1.073006E+00   1.073006E+00   4.854557E-01   3.244542E+00   3.618414E+00   1.908701E+00         5
   1.239326E+02   1.239326E+02   4.761895E+00   1.073006E+00   1.073006E+00   4.863069E-01   3.245944E+00   3.618272E+00   1.909686E+00         5
   1.239348E+02   1.239348E+02   4.761892E+00   1.073006E+00   1.073006E+00   4.871581E-01   3.247346E+00   3.618130E+00   1.910671E+00         5
   1.239369E+02   1.239369E+02   4.761890E+00   1.073006E+00   1.073006E+00   4.880093E-01   3.248747E+00   3.617988E+00   1.911656E+00         5
   1.239390E+02   1.239390E+02   4.761887E+00   1.073007E+00   1.073007E+00   4.888604E-01   3.250149E+00   3.617846E+00   1.912641E+00         5
   1.239411E+02   1.239411E+02   4.761885E+00   1.073007E+00   1.073007E+00   4.897116E-01   3.251551E+00   3.617704E+00   1.913626E+00         5
   1.239432E+02   1.239432E+02   4.761882E+00   1.073007E+00   1.073007E+00   4.905628E-01   3.252953E+00   3.617562E+00   1.914611E+00         5
   1.239453E+02   1.239453E+02   4.761880E+00   1.073007E+00   1.073007E+00   4.913866E-01   3.254342E+00   3.617421E+00   1.915589E+00         5
   1.239475E+02   1.239475E+02   4.761877E+00   1.073007E+00   1.073007E+00   4.921098E-01   3.255688E+00   3.617283E+00   1.916537E+00         5
   1.239496E+02   1.239496E+02   4.761874E+00   1.073007E+00   1.073007E+00   4.928330E-01   3.257034E+00   3.617145E+00   1.917486E+00         5
   1.239517E+02   1.239517E+02   4.761872E+00   1.073008E+00   1.073008E+00   4.935562E-01   3.258380E+00   3.617007E+00   1.918434E+00         5
   1.239538E+02   1.239538E+02   4.761869E+00   1.073008E+00   1.073008E+00   4.942794E-01   3.259726E+00   3.616869E+00   1.919383E+00         5
   1.239559E+02   1.239559E+02   4.761867E+00   1.073008E+00   1.073008E+00   4.950025E-01   3.261072E+00   3.616732E+00   1.920331E+00         5
   1.239581E+02   1.239581E+02   4.761864E+00   1.073008E+00   1.073008E+00   4.957257E-01   3.262417E+00   3.616594E+00   1.921280E+00         5
   1.239602E+02   1.239602E+02   4.761862E+00   1.073008E+00   1.073008E+00   4.964489E-01   3.263763E+00   3.616456E+00   1.922228E+00         5
   1.239623E+02   1.239623E+02   4.761859E+00   1.073008E+00   1.073008E+00   4.971721E-01   3.265109E+00   3.616318E+00   1.923177E+00         5
   1.239644E+02   1.239644E+02   4.761856E+00   1.073008E+00   1.073008E+00   4.978317E-01   3.266435E+00   3.616182E+00   1.924112E+00         5
   1.239665E+02   1.239665E+02   4.761854E+00   1.073008E+00   1.073008E+00   4.984326E-01   3.267742E+00   3.616047E+00   1.925036E+00         5
   1.239686E+02   1.239686E+02   4.761851E+00   1.073008E+00   1.073008E+00   4.990335E-01   3.269049E+00   3.615912E+00   1.925959E+00         5
   1.239708E+02   1.239708E+02   4.761848E+00   1.073008E+00   1.073008E+00   4.996344E-01   3.270356E+00   3.615777E+00   1.926882E+00         5
   1.239729E+02   1.239729E+02   4.761846E+00   1.073008E+00   1.073008E+00   5.002353E-01   3.271663E+00   3.615642E+00   1.927805E+00         5
   1.239750E+02   1.239750E+02   4.761843E+00   1.073008E+00   1.073008E+00   5.008362E-01   3.272970E+00   3.615508E+00   1.928729E+00         5
   1.239771E+02   1.239771E+02   4.761840E+00   1.073008E+00   1.073008E+00   5.014371E-01   3.274277E+00   3.615373E+00   1.929652E+00         5
   1.239792E+02   1.239792E+02   4.761838E+00   1.073008E+00   1.073008E+00   5.020380E-01   3.275584E+00   3.615238E+00   1.930575E+00         5
   1.239814E+02   1.239814E+02   4.761835E+00   1.073008E+00   1.073008E+00   5.026390E-01   3.276891E+00   3.615103E+00   1.931498E+00         5
   1.239835E+02   1.239835E+02   4.761832E+00   1.073008E+00   1.073008E+00   5.031664E-01   3.278180E+00   3.614971E+00   1.932407E+00         5
   1.239856E+02   1.239856E+02   4.761829E+00   1.073008E+00   1.073008E+00   5.036380E-01   3.279456E+00   3.614841E+00   1.933305E+00         5
   1.239877E+02   1.239877E+02   4.761826E+00   1.073008E+00   1.073008E+00   5.041095E-01   3.280731E+00   3.614711E+00   1.934203E+00         5
   1.239898E+02   1.239898E+02   4.761824E+00   1.073008E+00   1.073008E+00   5.045810E-01   3.282007E+00   3.614581E+00   1.935100E+00         5
   1.239919E+02   1.239919E+02   4.761821E+00   1.073008E+00   1.073008E+00   5.050525E-01   3.283282E+00   3.614451E+00   1.935998E+00         5
   1.239941E+02   1.239941E+02   4.761818E+00   1.073008E+00   1.073008E+00   5.055240E-01   3.284558E+00   3.614321E+00   1.936896E+00         5
   1.239962E+02   1.239962E+02   4.761815E+00   1.073008E+00   1.073008E+00   5.059956E-01   3.285833E+00   3.614191E+00   1.937793E+00         5
   1.239983E+02   1.239983E+02   4.761812E+00   1.073008E+00   1.073008E+00   5.064671E-01   3.287108E+00   3.614061E+00   1.938691E+00         5
   1.240004E+02   1.240004E+02   4.761810E+00   1.073008E+00   1.073008E+00   5.069386E-01   3.288384E+00   3.613931E+00   1.939589E+00         5
   1.240025E+02   1.240025E+02   4.761807E+00   1.073008E+00   1.073008E+00   5.073743E-01   3.289651E+00   3.613802E+00   1.940480E+00         5
   1.240046E+02   1.240046E+02   4.761804E+00   1.073008E+00   1.073008E+00   5.077502E-01   3.290903E+00   3.613674E+00   1.941362E+00         5
   1.240068E+02   1.240068E+02   4.761801E+00   1.073008E+00   1.073008E+00   5.081261E-01   3.292155E+00   3.613547E+00   1.942243E+00         5
   1.240089E+02   1.240089E+02   4.761798E+00   1.073008E+00   1.073008E+00   5.085021E-01   3.293407E+00   3.613419E+00   1.943124E+00         5
   1.240110E+02   1.240110E+02   4.761795E+00   1.073008E+00   1.073008E+00   5.088780E-01   3.294659E+00   3.613291E+00   1.944005E+00         5
   1.240131E+02   1.240131E+02   4.761792E+00   1.073008E+00   1.073008E+00   5.092539E-01   3.295911E+00   3.613164E+00   1.944887E+00         5
   1.240152E+02   1.240152E+02   4.761789E+00   1.073008E+00   1.073008E+00   5.096299E-01   3.297163E+00   3.613036E+00   1.945768E+00         5
   1.240174E+02   1.240174E+02   4.761786E+00   1.073008E+00   1.073008E+00   5.100058E-01   3.298415E+00   3.612909E+00   1.946649E+00         5
   1.240195E+02   1.240195E+02   4.761783E+00   1.073008E+00   1.073008E+00   5.103817E-01   3.299667E+00   3.612781E+00   1.947530E+00         5
   1.240216E+02   1.240216E+02   4.761780E+00   1.073008E+00   1.073008E+00   5.107577E-01   3.300920E+00   3.612654E+00   1.948412E+00         5
   1.240237E+02   1.240237E+02   4.761777E+00   1.073008E+00   1.073008E+00   5.110171E-01   3.302161E+00   3.612528E+00   1.949283E+00         5
   1.240258E+02   1.240258E+02   4.761774E+00   1.073008E+00   1.073008E+00   5.112756E-01   3.303403E+00   3.612403E+00   1.950154E+00         5
   1.240279E+02   1.240279E+02   4.761771E+00   1.073008E+00   1.073008E+00   5.115341E-01   3.304645E+00   3.612278E+00   1.951026E+00         5
   1.240301E+02   1.240301E+02   4.761768E+00   1.073008E+00   1.073008E+00   5.117926E-01   3.305886E+00   3.612152E+00   1.951897E+00         5
   1.240322E+02   1.240322E+02   4.761765E+00   1.073008E+00   1.073008E+00   5.120511E-01   3.307128E+00   3.612027E+00   1.952768E+00         5
   1.240343E+02   1.240343E+02   4.761762E+00   1.073008E+00   1.073008E+00   5.123096E-01   3.308369E+00   3.611902E+00   1.953640E+00         5
   1.240364E+02   1.240364E+02   4.761759E+00   1.073008E+00   1.073008E+00   5.125680E-01   3.309611E+00   3.611777E+00   1.954511E+00         5
   1.240385E+02   1.240385E+02   4.761755E+00   1.073008E+00   1.073008E+00   5.128265E-01   3.310853E+00   3.611651E+00   1.955382E+00         5
   1.240407E+02   1.240407E+02   4.761752E+00   1.073008E+00   1.073008E+00   5.130850E-01   3.312094E+00   3.611526E+00   1.956254E+00         5
   1.240428E+02   1.240428E+02   4.761749E+00   1.073008E+00   1.073008E+00   5.133103E-01   3.313336E+00   3.611401E+00   1.957125E+00         5
   1.240449E+02   1.240449E+02   4.761746E+00   1.073008E+00   1.073008E+00   5.135008E-01   3.314578E+00   3.611276E+00   1.957995E+00         5
   1.240470E+02   1.240470E+02   4.761743E+00   1.073008E+00   1.073008E+00   5.136913E-01   3.315820E+00   3.611152E+00   1.958865E+00         5
   1.240491E+02   1.240491E+02   4.761740E+00   1.073008E+00   1.073008E+00   5.138818E-01   3.317062E+00   3.611027E+00   1.959736E+00         5
   1.240512E+02   1.240512E+02   4.761736E+00   1.073008E+00   1.073008E+00   5.140723E-01   3.318304E+00   3.610902E+00   1.960606E+00         5
   1.240534E+02   1.240534E+02   4.761733E+00   1.073008E+00   1.073008E+00   5.142628E-01   3.319546E+00   3.610777E+00   1.961477E+00         5
   1.240555E+02   1.240555E+02   4.761730E+00   1.073008E+00   1.073008E+00   5.144533E-01   3.320788E+00   3.610653E+00   1.962347E+00         5
   1.240576E+02   1.240576E+02   4.761727E+00   1.073008E+00   1.073008E+00   5.146438E-01   3.322030E+00   3.610528E+00   1.963218E+00         5
   1.240597E+02   1.240597E+02   4.761724E+00   1.073008E+00   1.073008E+00   5.148343E-01   3.323271E+00   3.610403E+00   1.964088E+00         5
   1.240618E+02   1.240618E+02   4.761720E+00   1.073008E+00   1.073008E+00   5.150247E-01   3.324513E+00   3.610278E+00   1.964959E+00         5
   1.240639E+02   1.240639E+02   4.761717E+00   1.073008E+00   1.073008E+00   5.151753E-01   3.325758E+00   3.610154E+00   1.965830E+00         5
   1.240661E+02   1.240661E+02   4.761714E+00   1.073008E+00   1.073008E+00   5.153240E-01   3.327003E+00   3.610029E+00   1.966702E+00         5
   1.240682E+02   1.240682E+02   4.761710E+00   1.073008E+00   1.073008E+00   5.154727E-01   3.328248E+00   3.609905E+00   1.967574E+00         5
   1.240703E+02   1.240703E+02   4.761707E+00   1.073008E+00   1.073008E+00   5.156214E-01   3.329493E+00   3.609780E+00   1.968446E+00         5
   1.240724E+02   1.240724E+02   4.761704E+00   1.073008E+00   1.073008E+00   5.157701E-01   3.330738E+00   3.609655E+00   1.969317E+00         5
   1.240745E+02   1.240745E+02   4.761700E+00   1.073008E+00   1.073008E+00   5.159188E-01   3.331983E+00   3.609531E+00   1.970189E+00         5
   1.240767E+02   1.240767E+02   4.761697E+00   1.073008E+00   1.073008E+00   5.160675E-01   3.333228E+00   3.609406E+00   1.971061E+00         5
   1.240788E+02   1.240788E+02   4.761694E+00   1.073008E+00   1.073008E+00   5.162162E-01   3.334473E+00   3.609281E+00   1.971933E+00         5
   1.240809E+02   1.240809E+02   4.761691E+00   1.073008E+00   1.073008E+00   5.163649E-01   3.335717E+00   3.609157E+00   1.972805E+00         5
   1.240830E+02   1.240830E+02   4.761687E+00   1.073008E+00   1.073008E+00   5.165236E-01   3.336971E+00   3.609031E+00   1.973682E+00         5
   1.240851E+02   1.240851E+02   4.761684E+00   1.073008E+00   1.073008E+00   5.166963E-01   3.338237E+00   3.608905E+00   1.974568E+00         5
   1.240872E+02   1.240872E+02   4.761680E+00   1.073008E+00   1.073008E+00   5.168690E-01   3.339503E+00   3.608778E+00   1.975454E+00         5
   1.240894E+02   1.240894E+02   4.761677E+00   1.073008E+00   1.073008E+00   5.170417E-01   3.340769E+00   3.608652E+00   1.976339E+00         5
   1.240915E+02   1.240915E+02   4.761673E+00   1.073008E+00   1.073008E+00   5.172144E-01   3.342035E+00   3.608526E+00   1.977225E+00         5
   1.240936E+02   1.240936E+02   4.761669E+00   1.073008E+00   1.073008E+00   5.173871E-01   3.343301E+00   3.608399E+00   1.978111E+00         5
   1.240957E+02   1.240957E+02   4.761666E+00   1.073008E+00   1.073008E+00   5.175597E-01   3.344567E+00   3.608273E+00   1.978996E+00         5
   1.240978E+02   1.240978E+02   4.761662E+00   1.073008E+00   1.073008E+00   5.177324E-01   3.345833E+00   3.608147E+00   1.979882E+00         5
   1.241000E+02   1.241000E+02   4.761659E+00   1.073008E+00   1.073008E+00   5.179051E-01   3.347099E+00   3.608020E+00   1.980768E+00         5
   1.241021E+02   1.241021E+02   4.761655E+00   1.073008E+00   1.073008E+00   5.180787E-01   3.348365E+00   3.607894E+00   1.981654E+00         5
   1.241042E+02   1.241042E+02   4.761652E+00   1.073009E+00   1.073009E+00   5.184042E-01   3.349655E+00   3.607764E+00   1.982558E+00         5
   1.241063E+02   1.241063E+02   4.761648E+00   1.073011E+00   1.073011E+00   5.187297E-01   3.350946E+00   3.607635E+00   1.983462E+00         5
   1.241084E+02   1.241084E+02   4.761644E+00   1.073012E+00   1.073012E+00   5.190552E-01   3.352236E+00   3.607505E+00   1.984366E+00         5
   1.241105E+02   1.241105E+02   4.761641E+00   1.073014E+00   1.073014E+00   5.193807E-01   3.353526E+00   3.607376E+00   1.985270E+00         5
   1.241127E+02   1.241127E+02   4.761637E+00   1.073015E+00   1.073015E+00   5.197062E-01   3.354816E+00   3.607246E+00   1.986175E+00         5
   1.241148E+02   1.241148E+02   4.761633E+00   1.073016E+00   1.073016E+00   5.200317E-01   3.356107E+00   3.607117E+00   1.987079E+00         5
   1.241169E+02   1.241169E+02   4.761630E+00   1.073018E+00   1.073018E+00   5.203572E-01   3.357397E+00   3.606987E+00   1.987983E+00         5
   1.241190E+02   1.241190E+02   4.761626E+00   1.073019E+00   1.073019E+00   5.206827E-01   3.358687E+00   3.606858E+00   1.988887E+00         5
   1.241211E+02   1.241211E+02   4.761622E+00   1.073021E+00   1.073021E+00   5.210082E-01   3.359977E+00   3.606728E+00   1.989791E+00         5
   1.241232E+02   1.241232E+02   4.761618E+00   1.073022E+00   1.073022E+00   5.214196E-01   3.361288E+00   3.606596E+00   1.990709E+00         5
   1.241254E+02   1.241254E+02   4.761615E+00   1.073023E+00   1.073023E+00   5.218612E-01   3.362605E+00   3.606464E+00   1.991633E+00         5
   1.241275E+02   1.241275E+02   4.761611E+00   1.073025E+00   1.073025E+00   5.223027E-01   3.363922E+00   3.606331E+00   1.992556E+00         5
   1.241296E+02   1.241296E+02   4.761607E+00   1.073026E+00   1.073026E+00   5.227442E-01   3.365239E+00   3.606199E+00   1.993479E+00         5
   1.241317E+02   1.241317E+02   4.761603E+00   1.073028E+00   1.073028E+00   5.231858E-01   3.366557E+00   3.606066E+00   1.994402E+00         5
   1.241338E+02   1.241338E+02   4.761599E+00   1.073029E+00   1.073029E+00   5.236273E-01   3.367874E+00   3.605933E+00   1.995325E+00         5
   1.241360E+02   1.241360E+02   4.761595E+00   1.073030E+00   1.073030E+00   5.240688E-01   3.369191E+00   3.605801E+00   1.996248E+00         5
   1.241381E+02   1.241381E+02   4.761591E+00   1.073032E+00   1.073032E+00   5.245104E-01   3.370508E+00   3.605668E+00   1.997171E+00         5
   1.241402E+02   1.241402E+02   4.761588E+00   1.073033E+00   1.073033E+00   5.249519E-01   3.371826E+00   3.605536E+00   1.998094E+00         5
   1.241423E+02   1.241423E+02   4.761584E+00   1.073034E+00   1.073034E+00   5.254473E-01   3.373162E+00   3.605401E+00   1.999031E+00         5
   1.241444E+02   1.241444E+02   4.761580E+00   1.073034E+00   1.073034E+00   5.259732E-01   3.374510E+00   3.605266E+00   1.999975E+00         5
   1.241465E+02   1.241465E+02   4.761576E+00   1.073034E+00   1.073034E+00   5.264990E-01   3.375858E+00   3.605130E+00   2.000920E+00         5
   1.241487E+02   1.241487E+02   4.761572E+00   1.073034E+00   1.073034E+00   5.270248E-01   3.377206E+00   3.604994E+00   2.001864E+00         5
   1.241508E+02   1.241508E+02   4.761568E+00   1.073034E+00   1.073034E+00   5.275506E-01   3.378554E+00   3.604859E+00   2.002808E+00         5
   1.241529E+02   1.241529E+02   4.761563E+00   1.073034E+00   1.073034E+00   5.280764E-01   3.379901E+00   3.604723E+00   2.003753E+00         5
   1.241550E+02   1.241550E+02   4.761559E+00   1.073034E+00   1.073034E+00   5.286022E-01   3.381249E+00   3.604587E+00   2.004697E+00         5
   1.241571E+02   1.241571E+02   4.761555E+00   1.073034E+00   1.073034E+00   5.291280E-01   3.382597E+00   3.604452E+00   2.005641E+00         5
   1.241593E+02   1.241593E+02   4.761551E+00   1.073034E+00   1.073034E+00   5.296538E-01   3.383945E+00   3.604316E+00   2.006586E+00         5
   1.241614E+02   1.241614E+02   4.761547E+00   1.073034E+00   1.073034E+00   5.302475E-01   3.385325E+00   3.604178E+00   2.007552E+00         5
   1.241635E+02   1.241635E+02   4.761543E+00   1.073034E+00   1.073034E+00   5.308675E-01   3.386718E+00   3.604038E+00   2.008526E+00         5
   1.241656E+02   1.241656E+02   4.761539E+00   1.073034E+00   1.073034E+00   5.314876E-01   3.388112E+00   3.603899E+00   2.009500E+00         5
   1.241677E+02   1.241677E+02   4.761534E+00   1.073034E+00   1.073034E+00   5.321076E-01   3.389505E+00   3.603760E+00   2.010475E+00         5
   1.241698E+02   1.241698E+02   4.761530E+00   1.073034E+00   1.073034E+00   5.327276E-01   3.390898E+00   3.603621E+00   2.011449E+00         5
   1.241720E+02   1.241720E+02   4.761526E+00   1.073034E+00   1.073034E+00   5.333476E-01   3.392292E+00   3.603481E+00   2.012424E+00         5
   1.241741E+02   1.241741E+02   4.761522E+00   1.073034E+00   1.073034E+00   5.339676E-01   3.393685E+00   3.603342E+00   2.013398E+00         5
   1.241762E+02   1.241762E+02   4.761517E+00   1.073034E+00   1.073034E+00   5.345877E-01   3.395078E+00   3.603203E+00   2.014372E+00         5
   1.241783E+02   1.241783E+02   4.761513E+00   1.073034E+00   1.073034E+00   5.352041E-01   3.396474E+00   3.603063E+00   2.015348E+00         5
   1.241804E+02   1.241804E+02   4.761509E+00   1.073034E+00   1.073034E+00   5.357693E-01   3.397905E+00   3.602922E+00   2.016347E+00         5
   1.241825E+02   1.241825E+02   4.761504E+00   1.073034E+00   1.073034E+00   5.363344E-01   3.399335E+00   3.602780E+00   2.017345E+00         5
   1.241847E+02   1.241847E+02   4.761500E+00   1.073034E+00   1.073034E+00   5.368996E-01   3.400766E+00   3.602638E+00   2.018344E+00         5
   1.241868E+02   1.241868E+02   4.761495E+00   1.073034E+00   1.073034E+00   5.374647E-01   3.402197E+00   3.602496E+00   2.019342E+00         5
   1.241889E+02   1.241889E+02   4.761491E+00   1.073034E+00   1.073034E+00   5.380298E-01   3.403628E+00   3.602354E+00   2.020341E+00         5
   1.241910E+02   1.241910E+02   4.761486E+00   1.073034E+00   1.073034E+00   5.385950E-01   3.405058E+00   3.602213E+00   2.021339E+00         5
   1.241931E+02   1.241931E+02   4.761482E+00   1.073034E+00   1.073034E+00   5.391601E-01   3.406489E+00   3.602071E+00   2.022338E+00         5
   1.241953E+02   1.241953E+02   4.761477E+00   1.073034E+00   1.073034E+00   5.397253E-01   3.407920E+00   3.601929E+00   2.023336E+00         5
   1.241974E+02   1.241974E+02   4.761473E+00   1.073034E+00   1.073034E+00   5.402830E-01   3.409371E+00   3.601785E+00   2.024348E+00         5
   1.241995E+02   1.241995E+02   4.761468E+00   1.073034E+00   1.073034E+00   5.408362E-01   3.410835E+00   3.601640E+00   2.025370E+00         5
   1.242016E+02   1.242016E+02   4.761464E+00   1.073034E+00   1.073034E+00   5.413894E-01   3.412299E+00   3.601496E+00   2.026391E+00         5
   1.242037E+02   1.242037E+02   4.761459E+00   1.073034E+00   1.073034E+00   5.419426E-01   3.413763E+00   3.601351E+00   2.027412E+00         5
   1.242058E+02   1.242058E+02   4.761454E+00   1.073034E+00   1.073034E+00   5.424958E-01   3.415228E+00   3.601206E+00   2.028433E+00         5
   1.242080E+02   1.242080E+02   4.761450E+00   1.073034E+00   1.073034E+00   5.430490E-01   3.416692E+00   3.601061E+00   2.029454E+00         5
   1.242101E+02   1.242101E+02   4.761445E+00   1.073034E+00   1.073034E+00   5.436022E-01   3.418156E+00   3.600916E+00   2.030475E+00         5
   1.242122E+02   1.242122E+02   4.761440E+00   1.073034E+00   1.073034E+00   5.441554E-01   3.419620E+00   3.600771E+00   2.031496E+00         5
   1.242143E+02   1.242143E+02   4.761436E+00   1.073034E+00   1.073034E+00   5.447178E-01   3.421096E+00   3.600625E+00   2.032526E+00         5
   1.242164E+02   1.242164E+02   4.761431E+00   1.073034E+00   1.073034E+00   5.452972E-01   3.422595E+00   3.600477E+00   2.033571E+00         5
   1.242186E+02   1.242186E+02   4.761426E+00   1.073034E+00   1.073034E+00   5.458765E-01   3.424094E+00   3.600329E+00   2.034617E+00         5
   1.242207E+02   1.242207E+02   4.761421E+00   1.073034E+00   1.073034E+00   5.464558E-01   3.425593E+00   3.600180E+00   2.035662E+00         5
   1.242228E+02   1.242228E+02   4.761416E+00   1.073034E+00   1.073034E+00   5.470352E-01   3.427092E+00   3.600032E+00   2.036707E+00         5
   1.242249E+02   1.242249E+02   4.761411E+00   1.073034E+00   1.073034E+00   5.476145E-01   3.428591E+00   3.599884E+00   2.037753E+00         5
   1.242270E+02   1.242270E+02   4.761406E+00   1.073034E+00   1.073034E+00   5.481939E-01   3.430090E+00   3.599735E+00   2.038798E+00         5
   1.242291E+02   1.242291E+02   4.761401E+00   1.073034E+00   1.073034E+00   5.487732E-01   3.431589E+00   3.599587E+00   2.039843E+00         5
   1.242313E+02   1.242313E+02   4.761397E+00   1.073034E+00   1.073034E+00   5.493477E-01   3.433102E+00   3.599437E+00   2.040899E+00         5
   1.242334E+02   1.242334E+02   4.761391E+00   1.073034E+00   1.073034E+00   5.499091E-01   3.434655E+00   3.599283E+00   2.041984E+00         5
   1.242355E+02   1.242355E+02   4.761386E+00   1.073034E+00   1.073034E+00   5.504705E-01   3.436207E+00   3.599128E+00   2.043068E+00         5
   1.242376E+02   1.242376E+02   4.761381E+00   1.073034E+00   1.073034E+00   5.510319E-01   3.437759E+00   3.598974E+00   2.044153E+00         5
   1.242397E+02   1.242397E+02   4.761376E+00   1.073034E+00   1.073034E+00   5.515933E-01   3.439311E+00   3.598819E+00   2.045237E+00         5
   1.242419E+02   1.242419E+02   4.761371E+00   1.073034E+00   1.073034E+00   5.521547E-01   3.440863E+00   3.598665E+00   2.046321E+00         5
   1.242440E+02   1.242440E+02   4.761365E+00   1.073034E+00   1.073034E+00   5.527161E-01   3.442415E+00   3.598510E+00   2.047406E+00         5
   1.242461E+02   1.242461E+02   4.761360E+00   1.073034E+00   1.073034E+00   5.532775E-01   3.443968E+00   3.598356E+00   2.048490E+00         5
   1.242482E+02   1.242482E+02   4.761355E+00   1.073034E+00   1.073034E+00   5.538419E-01   3.445534E+00   3.598199E+00   2.049585E+00         5
   1.242503E+02   1.242503E+02   4.761350E+00   1.073034E+00   1.073034E+00   5.544101E-01   3.447117E+00   3.598041E+00   2.050692E+00         5
   1.242524E+02   1.242524E+02   4.761344E+00   1.073034E+00   1.073034E+00   5.549782E-01   3.448701E+00   3.597883E+00   2.051799E+00         5
   1.242546E+02   1.242546E+02   4.761339E+00   1.073034E+00   1.073034E+00   5.555463E-01   3.450284E+00   3.597725E+00   2.052906E+00         5
   1.242567E+02   1.242567E+02   4.761333E+00   1.073034E+00   1.073034E+00   5.561144E-01   3.451868E+00   3.597567E+00   2.054013E+00         5
   1.242588E+02   1.242588E+02   4.761328E+00   1.073034E+00   1.073034E+00   5.566825E-01   3.453451E+00   3.597409E+00   2.055120E+00         5
   1.242609E+02   1.242609E+02   4.761323E+00   1.073034E+00   1.073034E+00   5.572507E-01   3.455035E+00   3.597251E+00   2.056228E+00         5
   1.242630E+02   1.242630E+02   4.761317E+00   1.073034E+00   1.073034E+00   5.578188E-01   3.456618E+00   3.597093E+00   2.057335E+00         5
   1.242651E+02   1.242651E+02   4.761312E+00   1.073034E+00   1.073034E+00   5.584277E-01   3.458226E+00   3.596933E+00   2.058458E+00         5
   1.242673E+02   1.242673E+02   4.761306E+00   1.073034E+00   1.073034E+00   5.590472E-01   3.459839E+00   3.596772E+00   2.059586E+00         5
   1.242694E+02   1.242694E+02   4.761301E+00   1.073034E+00   1.073034E+00   5.596667E-01   3.461453E+00   3.596611E+00   2.060714E+00         5
   1.242715E+02   1.242715E+02   4.761295E+00   1.073034E+00   1.073034E+00   5.602862E-01   3.463067E+00   3.596450E+00   2.061843E+00         5
   1.242736E+02   1.242736E+02   4.761289E+00   1.073034E+00   1.073034E+00   5.609056E-01   3.464681E+00   3.596289E+00   2.062971E+00         5
   1.242757E+02   1.242757E+02   4.761284E+00   1.073034E+00   1.073034E+00   5.615251E-01   3.466294E+00   3.596128E+00   2.064099E+00         5
   1.242779E+02   1.242779E+02   4.761278E+00   1.073034E+00   1.073034E+00   5.621446E-01   3.467908E+00   3.595967E+00   2.065227E+00         5
   1.242800E+02   1.242800E+02   4.761272E+00   1.073035E+00   1.073035E+00   5.627635E-01   3.469539E+00   3.595805E+00   2.066366E+00         5
   1.242821E+02   1.242821E+02   4.761266E+00   1.073039E+00   1.073039E+00   5.633810E-01   3.471216E+00   3.595639E+00   2.067536E+00         5
   1.242842E+02   1.242842E+02   4.761260E+00   1.073043E+00   1.073043E+00   5.639985E-01   3.472893E+00   3.595473E+00   2.068705E+00         5
   1.242863E+02   1.242863E+02   4.761254E+00   1.073048E+00   1.073048E+00   5.646160E-01   3.474571E+00   3.595308E+00   2.069875E+00         5
   1.242884E+02   1.242884E+02   4.761248E+00   1.073052E+00   1.073052E+00   5.652335E-01   3.476248E+00   3.595142E+00   2.071044E+00         5
   1.242906E+02   1.242906E+02   4.761242E+00   1.073056E+00   1.073056E+00   5.658510E-01   3.477925E+00   3.594976E+00   2.072214E+00         5
   1.242927E+02   1.242927E+02   4.761236E+00   1.073060E+00   1.073060E+00   5.664685E-01   3.479602E+00   3.594810E+00   2.073383E+00         5
   1.242948E+02   1.242948E+02   4.761230E+00   1.073064E+00   1.073064E+00   5.670855E-01   3.481280E+00   3.594644E+00   2.074554E+00         5
   1.242969E+02   1.242969E+02   4.761224E+00   1.073066E+00   1.073066E+00   5.676898E-01   3.482985E+00   3.594476E+00   2.075743E+00         5
   1.242990E+02   1.242990E+02   4.761218E+00   1.073069E+00   1.073069E+00   5.682940E-01   3.484691E+00   3.594307E+00   2.076932E+00         5
   1.243012E+02   1.243012E+02   4.761212E+00   1.073071E+00   1.073071E+00   5.688983E-01   3.486397E+00   3.594139E+00   2.078121E+00         5
   1.243033E+02   1.243033E+02   4.761206E+00   1.073074E+00   1.073074E+00   5.695026E-01   3.488103E+00   3.593970E+00   2.079310E+00         5
   1.243054E+02   1.243054E+02   4.761199E+00   1.073076E+00   1.073076E+00   5.701069E-01   3.489808E+00   3.593802E+00   2.080499E+00         5
   1.243075E+02   1.243075E+02   4.761193E+00   1.073079E+00   1.073079E+00   5.707111E-01   3.491514E+00   3.593633E+00   2.081689E+00         5
   1.243096E+02   1.243096E+02   4.761187E+00   1.073081E+00   1.073081E+00   5.713154E-01   3.493220E+00   3.593465E+00   2.082878E+00         5
   1.243117E+02   1.243117E+02   4.761180E+00   1.073082E+00   1.073082E+00   5.719320E-01   3.494961E+00   3.593293E+00   2.084090E+00         5
   1.243139E+02   1.243139E+02   4.761174E+00   1.073082E+00   1.073082E+00   5.725497E-01   3.496705E+00   3.593122E+00   2.085305E+00         5
   1.243160E+02   1.243160E+02   4.761168E+00   1.073082E+00   1.073082E+00   5.731674E-01   3.498449E+00   3.592950E+00   2.086520E+00         5
   1.243181E+02   1.243181E+02   4.761161E+00   1.073082E+00   1.073082E+00   5.737852E-01   3.500193E+00   3.592779E+00   2.087735E+00         5
   1.243202E+02   1.243202E+02   4.761155E+00   1.073082E+00   1.073082E+00   5.744029E-01   3.501937E+00   3.592607E+00   2.088950E+00         5
   1.243223E+02   1.243223E+02   4.761148E+00   1.073082E+00   1.073082E+00   5.750206E-01   3.503681E+00   3.592435E+00   2.090165E+00         5
   1.243244E+02   1.243244E+02   4.761142E+00   1.073082E+00   1.073082E+00   5.756383E-01   3.505425E+00   3.592264E+00   2.091380E+00         5
   1.243266E+02   1.243266E+02   4.761135E+00   1.073082E+00   1.073082E+00   5.763084E-01   3.507235E+00   3.592086E+00   2.092640E+00         5
   1.243287E+02   1.243287E+02   4.761128E+00   1.073082E+00   1.073082E+00   5.769812E-01   3.509048E+00   3.591907E+00   2.093903E+00         5
   1.243308E+02   1.243308E+02   4.761121E+00   1.073082E+00   1.073082E+00   5.776540E-01   3.510861E+00   3.591729E+00   2.095165E+00         5
   1.243329E+02   1.243329E+02   4.761114E+00   1.073082E+00   1.073082E+00   5.783268E-01   3.512675E+00   3.591551E+00   2.096428E+00         5
   1.243350E+02   1.243350E+02   4.761107E+00   1.073082E+00   1.073082E+00   5.789996E-01   3.514488E+00   3.591373E+00   2.097690E+00         5
   1.243372E+02   1.243372E+02   4.761100E+00   1.073082E+00   1.073082E+00   5.796724E-01   3.516301E+00   3.591195E+00   2.098953E+00         5
   1.243393E+02   1.243393E+02   4.761093E+00   1.073082E+00   1.073082E+00   5.803450E-01   3.518122E+00   3.591016E+00   2.100220E+00         5
   1.243414E+02   1.243414E+02   4.761086E+00   1.073082E+00   1.073082E+00   5.810168E-01   3.519967E+00   3.590836E+00   2.101502E+00         5
   1.243435E+02   1.243435E+02   4.761079E+00   1.073082E+00   1.073082E+00   5.816886E-01   3.521811E+00   3.590655E+00   2.102785E+00         5
   1.243456E+02   1.243456E+02   4.761072E+00   1.073082E+00   1.073082E+00   5.823604E-01   3.523655E+00   3.590475E+00   2.104067E+00         5
   1.243477E+02   1.243477E+02   4.761064E+00   1.073082E+00   1.073082E+00   5.830323E-01   3.525499E+00   3.590295E+00   2.105349E+00         5
   1.243499E+02   1.243499E+02   4.761057E+00   1.073082E+00   1.073082E+00   5.837041E-01   3.527343E+00   3.590114E+00   2.106631E+00         5
   1.243520E+02   1.243520E+02   4.761050E+00   1.073082E+00   1.073082E+00   5.843759E-01   3.529187E+00   3.589934E+00   2.107914E+00         5
   1.243541E+02   1.243541E+02   4.761043E+00   1.073082E+00   1.073082E+00   5.850453E-01   3.531068E+00   3.589751E+00   2.109220E+00         5
   1.243562E+02   1.243562E+02   4.761035E+00   1.073082E+00   1.073082E+00   5.857135E-01   3.532968E+00   3.589566E+00   2.110539E+00         5
   1.243583E+02   1.243583E+02   4.761028E+00   1.073082E+00   1.073082E+00   5.863817E-01   3.534868E+00   3.589382E+00   2.111857E+00         5
   1.243605E+02   1.243605E+02   4.761020E+00   1.073082E+00   1.073082E+00   5.870499E-01   3.536768E+00   3.589197E+00   2.113176E+00         5
   1.243626E+02   1.243626E+02   4.761013E+00   1.073082E+00   1.073082E+00   5.877181E-01   3.538668E+00   3.589013E+00   2.114494E+00         5
   1.243647E+02   1.243647E+02   4.761005E+00   1.073082E+00   1.073082E+00   5.883863E-01   3.540568E+00   3.588828E+00   2.115813E+00         5
   1.243668E+02   1.243668E+02   4.760997E+00   1.073082E+00   1.073082E+00   5.890564E-01   3.542486E+00   3.588642E+00   2.117144E+00         5
   1.243689E+02   1.243689E+02   4.760989E+00   1.073082E+00   1.073082E+00   5.897315E-01   3.544452E+00   3.588450E+00   2.118511E+00         5
   1.243710E+02   1.243710E+02   4.760982E+00   1.073082E+00   1.073082E+00   5.904067E-01   3.546419E+00   3.588258E+00   2.119878E+00         5
   1.243732E+02   1.243732E+02   4.760974E+00   1.073082E+00   1.073082E+00   5.910819E-01   3.548386E+00   3.588066E+00   2.121245E+00         5
   1.243753E+02   1.243753E+02   4.760966E+00   1.073082E+00   1.073082E+00   5.917571E-01   3.550353E+00   3.587874E+00   2.122612E+00         5
   1.243774E+02   1.243774E+02   4.760958E+00   1.073082E+00   1.073082E+00   5.924322E-01   3.552319E+00   3.587682E+00   2.123979E+00         5
   1.243795E+02   1.243795E+02   4.760950E+00   1.073082E+00   1.073082E+00   5.931100E-01   3.554289E+00   3.587489E+00   2.125348E+00         5
   1.243816E+02   1.243816E+02   4.760941E+00   1.073082E+00   1.073082E+00   5.938132E-01   3.556293E+00   3.587294E+00   2.126740E+00         5
   1.243837E+02   1.243837E+02   4.760933E+00   1.073082E+00   1.073082E+00   5.945163E-01   3.558297E+00   3.587099E+00   2.128132E+00         5
   1.243859E+02   1.243859E+02   4.760925E+00   1.073082E+00   1.073082E+00   5.952194E-01   3.560301E+00   3.586903E+00   2.129524E+00         5
   1.243880E+02   1.243880E+02   4.760917E+00   1.073082E+00   1.073082E+00   5.959225E-01   3.562304E+00   3.586708E+00   2.130916E+00         5
   1.243901E+02   1.243901E+02   4.760908E+00   1.073082E+00   1.073082E+00   5.966257E-01   3.564308E+00   3.586512E+00   2.132308E+00         5
   1.243922E+02   1.243922E+02   4.760900E+00   1.073082E+00   1.073082E+00   5.973296E-01   3.566314E+00   3.586317E+00   2.133702E+00         5
   1.243943E+02   1.243943E+02   4.760891E+00   1.073082E+00   1.073082E+00   5.980587E-01   3.568393E+00   3.586116E+00   2.135144E+00         5
   1.243965E+02   1.243965E+02   4.760883E+00   1.073082E+00   1.073082E+00   5.987878E-01   3.570473E+00   3.585914E+00   2.136585E+00         5
   1.243986E+02   1.243986E+02   4.760874E+00   1.073082E+00   1.073082E+00   5.995169E-01   3.572552E+00   3.585713E+00   2.138027E+00         5
   1.244007E+02   1.244007E+02   4.760865E+00   1.073082E+00   1.073082E+00   6.002461E-01   3.574631E+00   3.585512E+00   2.139468E+00         5
   1.244028E+02   1.244028E+02   4.760856E+00   1.073082E+00   1.073082E+00   6.009752E-01   3.576710E+00   3.585310E+00   2.140910E+00         5
   1.244049E+02   1.244049E+02   4.760848E+00   1.073082E+00   1.073082E+00   6.017122E-01   3.578799E+00   3.585107E+00   2.142360E+00         5
   1.244070E+02   1.244070E+02   4.760838E+00   1.073082E+00   1.073082E+00   6.024830E-01   3.580932E+00   3.584897E+00   2.143846E+00         5
   1.244092E+02   1.244092E+02   4.760829E+00   1.073082E+00   1.073082E+00   6.032538E-01   3.583064E+00   3.584687E+00   2.145333E+00         5
   1.244113E+02   1.244113E+02   4.760820E+00   1.073082E+00   1.073082E+00   6.040246E-01   3.585197E+00   3.584477E+00   2.146819E+00         5
   1.244134E+02   1.244134E+02   4.760811E+00   1.073082E+00   1.073082E+00   6.047954E-01   3.587329E+00   3.584267E+00   2.148305E+00         5
   1.244155E+02   1.244155E+02   4.760802E+00   1.073082E+00   1.073082E+00   6.055662E-01   3.589462E+00   3.584057E+00   2.149791E+00         5
   1.244176E+02   1.244176E+02   4.760793E+00   1.073082E+00   1.073082E+00   6.063466E-01   3.591615E+00   3.583845E+00   2.151293E+00         5
   1.244198E+02   1.244198E+02   4.760783E+00   1.073082E+00   1.073082E+00   6.071367E-01   3.593788E+00   3.583629E+00   2.152810E+00         5
   1.244219E+02   1.244219E+02   4.760774E+00   1.073082E+00   1.073082E+00   6.079268E-01   3.595962E+00   3.583414E+00   2.154328E+00         5
   1.244240E+02   1.244240E+02   4.760764E+00   1.073082E+00   1.073082E+00   6.087168E-01   3.598135E+00   3.583199E+00   2.155845E+00         5
   1.244261E+02   1.244261E+02   4.760755E+00   1.073082E+00   1.073082E+00   6.095069E-01   3.600308E+00   3.582983E+00   2.157362E+00         5
   1.244282E+02   1.244282E+02   4.760745E+00   1.073082E+00   1.073082E+00   6.102970E-01   3.602481E+00   3.582768E+00   2.158879E+00         5
   1.244303E+02   1.244303E+02   4.760735E+00   1.073082E+00   1.073082E+00   6.110950E-01   3.604741E+00   3.582551E+00   2.160442E+00         5
   1.244325E+02   1.244325E+02   4.760725E+00   1.073082E+00   1.073082E+00   6.118936E-01   3.607007E+00   3.582334E+00   2.162009E+00         5
   1.244346E+02   1.244346E+02   4.760715E+00   1.073082E+00   1.073082E+00   6.126923E-01   3.609274E+00   3.582117E+00   2.163576E+00         5
   1.244367E+02   1.244367E+02   4.760705E+00   1.073082E+00   1.073082E+00   6.134909E-01   3.611541E+00   3.581900E+00   2.165143E+00         5
   1.244388E+02   1.244388E+02   4.760694E+00   1.073082E+00   1.073082E+00   6.142896E-01   3.613807E+00   3.581683E+00   2.166710E+00         5
   1.244409E+02   1.244409E+02   4.760684E+00   1.073082E+00   1.073082E+00   6.151099E-01   3.616099E+00   3.581462E+00   2.168297E+00         5
   1.244431E+02   1.244431E+02   4.760673E+00   1.073082E+00   1.073082E+00   6.159469E-01   3.618411E+00   3.581239E+00   2.169899E+00         5
   1.244452E+02   1.244452E+02   4.760663E+00   1.073082E+00   1.073082E+00   6.167838E-01   3.620723E+00   3.581016E+00   2.171501E+00         5
   1.244473E+02   1.244473E+02   4.760652E+00   1.073082E+00   1.073082E+00   6.176207E-01   3.623035E+00   3.580792E+00   2.173103E+00         5
   1.244494E+02   1.244494E+02   4.760642E+00   1.073082E+00   1.073082E+00   6.184577E-01   3.625346E+00   3.580569E+00   2.174705E+00         5
   1.244515E+02   1.244515E+02   4.760631E+00   1.073082E+00   1.073082E+00   6.193058E-01   3.627675E+00   3.580343E+00   2.176320E+00         5
   1.244536E+02   1.244536E+02   4.760620E+00   1.073082E+00   1.073082E+00   6.201771E-01   3.630038E+00   3.580114E+00   2.177960E+00         5
   1.244558E+02   1.244558E+02   4.760609E+00   1.073082E+00   1.073082E+00   6.210485E-01   3.632401E+00   3.579885E+00   2.179600E+00         5
   1.244579E+02   1.244579E+02   4.760598E+00   1.073082E+00   1.073082E+00   6.219199E-01   3.634765E+00   3.579655E+00   2.181240E+00         5
   1.244600E+02   1.244600E+02   4.760587E+00   1.073082E+00   1.073082E+00   6.227913E-01   3.637128E+00   3.579426E+00   2.182881E+00         5
   1.244621E+02   1.244621E+02   4.760576E+00   1.073082E+00   1.073082E+00   6.236610E-01   3.639508E+00   3.579195E+00   2.184532E+00         5
   1.244642E+02   1.244642E+02   4.760564E+00   1.073082E+00   1.073082E+00   6.245239E-01   3.641957E+00   3.578959E+00   2.186229E+00         5
   1.244663E+02   1.244663E+02   4.760553E+00   1.073082E+00   1.073082E+00   6.253868E-01   3.644406E+00   3.578722E+00   2.187925E+00         5
   1.244685E+02   1.244685E+02   4.760541E+00   1.073082E+00   1.073082E+00   6.262498E-01   3.646855E+00   3.578486E+00   2.189622E+00         5
   1.244706E+02   1.244706E+02   4.760529E+00   1.073082E+00   1.073082E+00   6.271127E-01   3.649304E+00   3.578250E+00   2.191319E+00         5
   1.244727E+02   1.244727E+02   4.760517E+00   1.073082E+00   1.073082E+00   6.279827E-01   3.651769E+00   3.578011E+00   2.193029E+00         5
   1.244748E+02   1.244748E+02   4.760505E+00   1.073082E+00   1.073082E+00   6.288733E-01   3.654280E+00   3.577762E+00   2.194781E+00         5
   1.244769E+02   1.244769E+02   4.760493E+00   1.073082E+00   1.073082E+00   6.297639E-01   3.656791E+00   3.577514E+00   2.196532E+00         5
   1.244791E+02   1.244791E+02   4.760481E+00   1.073082E+00   1.073082E+00   6.306545E-01   3.659302E+00   3.577266E+00   2.198284E+00         5
   1.244812E+02   1.244812E+02   4.760468E+00   1.073082E+00   1.073082E+00   6.315452E-01   3.661813E+00   3.577018E+00   2.200036E+00         5
   1.244833E+02   1.244833E+02   4.760456E+00   1.073082E+00   1.073082E+00   6.324474E-01   3.664350E+00   3.576767E+00   2.201805E+00         5
   1.244854E+02   1.244854E+02   4.760443E+00   1.073082E+00   1.073082E+00   6.333643E-01   3.666919E+00   3.576514E+00   2.203597E+00         5
   1.244875E+02   1.244875E+02   4.760430E+00   1.073082E+00   1.073082E+00   6.342812E-01   3.669489E+00   3.576260E+00   2.205389E+00         5
   1.244896E+02   1.244896E+02   4.760417E+00   1.073082E+00   1.073082E+00   6.351981E-01   3.672059E+00   3.576006E+00   2.207181E+00         5
   1.244918E+02   1.244918E+02   4.760405E+00   1.073082E+00   1.073082E+00   6.361150E-01   3.674628E+00   3.575752E+00   2.208973E+00         5
   1.244939E+02   1.244939E+02   4.760391E+00   1.073082E+00   1.073082E+00   6.370597E-01   3.677245E+00   3.575496E+00   2.210792E+00         5
   1.244960E+02   1.244960E+02   4.760378E+00   1.073082E+00   1.073082E+00   6.380139E-01   3.679877E+00   3.575239E+00   2.212622E+00         5
   1.244981E+02   1.244981E+02   4.760365E+00   1.073082E+00   1.073082E+00   6.389681E-01   3.682509E+00   3.574982E+00   2.214451E+00         5
   1.245002E+02   1.245002E+02   4.760351E+00   1.073082E+00   1.073082E+00   6.399223E-01   3.685141E+00   3.574725E+00   2.216281E+00         5
   1.245024E+02   1.245024E+02   4.760338E+00   1.073082E+00   1.073082E+00   6.408789E-01   3.687786E+00   3.574468E+00   2.218118E+00         5
   1.245045E+02   1.245045E+02   4.760324E+00   1.073082E+00   1.073082E+00   6.418474E-01   3.690495E+00   3.574205E+00   2.219998E+00         5
   1.245066E+02   1.245066E+02   4.760309E+00   1.073082E+00   1.073082E+00   6.428160E-01   3.693204E+00   3.573942E+00   2.221878E+00         5
   1.245087E+02   1.245087E+02   4.760295E+00   1.073082E+00   1.073082E+00   6.437846E-01   3.695913E+00   3.573679E+00   2.223757E+00         5
   1.245108E+02   1.245108E+02   4.760281E+00   1.073082E+00   1.073082E+00   6.447532E-01   3.698622E+00   3.573417E+00   2.225637E+00         5
   1.245129E+02   1.245129E+02   4.760267E+00   1.073073E+00   1.073073E+00   6.457915E-01   3.701385E+00   3.573148E+00   2.227556E+00         5
   1.245151E+02   1.245151E+02   4.760252E+00   1.073061E+00   1.073061E+00   6.468581E-01   3.704170E+00   3.572877E+00   2.229490E+00         5
   1.245172E+02   1.245172E+02   4.760237E+00   1.073048E+00   1.073048E+00   6.479247E-01   3.706955E+00   3.572606E+00   2.231424E+00         5
   1.245193E+02   1.245193E+02   4.760222E+00   1.073036E+00   1.073036E+00   6.489913E-01   3.709739E+00   3.572335E+00   2.233359E+00         5
   1.245214E+02   1.245214E+02   4.760207E+00   1.073027E+00   1.073027E+00   6.500283E-01   3.712550E+00   3.572060E+00   2.235314E+00         5
   1.245235E+02   1.245235E+02   4.760191E+00   1.073023E+00   1.073023E+00   6.510182E-01   3.715402E+00   3.571779E+00   2.237302E+00         5
   1.245256E+02   1.245256E+02   4.760176E+00   1.073018E+00   1.073018E+00   6.520081E-01   3.718255E+00   3.571498E+00   2.239290E+00         5
   1.245278E+02   1.245278E+02   4.760160E+00   1.073014E+00   1.073014E+00   6.529981E-01   3.721107E+00   3.571216E+00   2.241279E+00         5
   1.245299E+02   1.245299E+02   4.760144E+00   1.073010E+00   1.073010E+00   6.539971E-01   3.723972E+00   3.570934E+00   2.243275E+00         5
   1.245320E+02   1.245320E+02   4.760128E+00   1.073010E+00   1.073010E+00   6.550397E-01   3.726899E+00   3.570648E+00   2.245310E+00         5
   1.245341E+02   1.245341E+02   4.760112E+00   1.073010E+00   1.073010E+00   6.560822E-01   3.729825E+00   3.570362E+00   2.247345E+00         5
   1.245362E+02   1.245362E+02   4.760096E+00   1.073010E+00   1.073010E+00   6.571248E-01   3.732751E+00   3.570075E+00   2.249380E+00         5
   1.245384E+02   1.245384E+02   4.760079E+00   1.073010E+00   1.073010E+00   6.581702E-01   3.735683E+00   3.569789E+00   2.251419E+00         5
   1.245405E+02   1.245405E+02   4.760062E+00   1.073010E+00   1.073010E+00   6.592546E-01   3.738687E+00   3.569498E+00   2.253501E+00         5
   1.245426E+02   1.245426E+02   4.760045E+00   1.073010E+00   1.073010E+00   6.603391E-01   3.741691E+00   3.569208E+00   2.255584E+00         5
   1.245447E+02   1.245447E+02   4.760028E+00   1.073010E+00   1.073010E+00   6.614235E-01   3.744695E+00   3.568917E+00   2.257667E+00         5
   1.245468E+02   1.245468E+02   4.760011E+00   1.073010E+00   1.073010E+00   6.625085E-01   3.747704E+00   3.568626E+00   2.259754E+00         5
   1.245489E+02   1.245489E+02   4.759993E+00   1.073010E+00   1.073010E+00   6.636004E-01   3.750784E+00   3.568325E+00   2.261897E+00         5
   1.245511E+02   1.245511E+02   4.759975E+00   1.073010E+00   1.073010E+00   6.646923E-01   3.753864E+00   3.568023E+00   2.264039E+00         5
   1.245532E+02   1.245532E+02   4.759957E+00   1.073010E+00   1.073010E+00   6.657842E-01   3.756944E+00   3.567721E+00   2.266182E+00         5
   1.245553E+02   1.245553E+02   4.759939E+00   1.073010E+00   1.073010E+00   6.668879E-01   3.760038E+00   3.567418E+00   2.268336E+00         5
   1.245574E+02   1.245574E+02   4.759920E+00   1.073010E+00   1.073010E+00   6.680433E-01   3.763197E+00   3.567107E+00   2.270537E+00         5
   1.245595E+02   1.245595E+02   4.759901E+00   1.073010E+00   1.073010E+00   6.691987E-01   3.766357E+00   3.566796E+00   2.272738E+00         5
   1.245617E+02   1.245617E+02   4.759883E+00   1.073010E+00   1.073010E+00   6.703542E-01   3.769516E+00   3.566485E+00   2.274938E+00         5
   1.245638E+02   1.245638E+02   4.759864E+00   1.073010E+00   1.073010E+00   6.715089E-01   3.772709E+00   3.566173E+00   2.277158E+00         5
   1.245659E+02   1.245659E+02   4.759844E+00   1.073010E+00   1.073010E+00   6.726626E-01   3.775950E+00   3.565860E+00   2.279406E+00         5
   1.245680E+02   1.245680E+02   4.759824E+00   1.073010E+00   1.073010E+00   6.738162E-01   3.779191E+00   3.565546E+00   2.281653E+00         5
   1.245701E+02   1.245701E+02   4.759804E+00   1.073010E+00   1.073010E+00   6.749699E-01   3.782433E+00   3.565232E+00   2.283901E+00         5
   1.245722E+02   1.245722E+02   4.759784E+00   1.073010E+00   1.073010E+00   6.761408E-01   3.785734E+00   3.564912E+00   2.286191E+00         5
   1.245744E+02   1.245744E+02   4.759763E+00   1.073010E+00   1.073010E+00   6.773185E-01   3.789058E+00   3.564589E+00   2.288499E+00         5
   1.245765E+02   1.245765E+02   4.759743E+00   1.073010E+00   1.073010E+00   6.784962E-01   3.792383E+00   3.564266E+00   2.290806E+00         5
   1.245786E+02   1.245786E+02   4.759722E+00   1.073010E+00   1.073010E+00   6.796731E-01   3.795718E+00   3.563942E+00   2.293122E+00         5
   1.245807E+02   1.245807E+02   4.759700E+00   1.073010E+00   1.073010E+00   6.808443E-01   3.799124E+00   3.563609E+00   2.295489E+00         5
   1.245828E+02   1.245828E+02   4.759679E+00   1.073010E+00   1.073010E+00   6.820155E-01   3.802530E+00   3.563277E+00   2.297856E+00         5
   1.245849E+02   1.245849E+02   4.759657E+00   1.073010E+00   1.073010E+00   6.831868E-01   3.805936E+00   3.562944E+00   2.300223E+00         5
   1.245871E+02   1.245871E+02   4.759635E+00   1.073011E+00   1.073011E+00   6.844218E-01   3.809398E+00   3.562606E+00   2.302629E+00         5
   1.245892E+02   1.245892E+02   4.759612E+00   1.073011E+00   1.073011E+00   6.856930E-01   3.812891E+00   3.562266E+00   2.305056E+00         5
   1.245913E+02   1.245913E+02   4.759589E+00   1.073011E+00   1.073011E+00   6.869642E-01   3.816384E+00   3.561925E+00   2.307484E+00         5
   1.245934E+02   1.245934E+02   4.759566E+00   1.073013E+00   1.073013E+00   6.882391E-01   3.819897E+00   3.561582E+00   2.309927E+00         5
   1.245955E+02   1.245955E+02   4.759542E+00   1.073021E+00   1.073021E+00   6.895256E-01   3.823475E+00   3.561230E+00   2.312419E+00         5
   1.245977E+02   1.245977E+02   4.759519E+00   1.073029E+00   1.073029E+00   6.908121E-01   3.827053E+00   3.560878E+00   2.314911E+00         5
   1.245998E+02   1.245998E+02   4.759495E+00   1.073036E+00   1.073036E+00   6.920985E-01   3.830631E+00   3.560527E+00   2.317403E+00         5
   1.246019E+02   1.246019E+02   4.759470E+00   1.073044E+00   1.073044E+00   6.934036E-01   3.834290E+00   3.560171E+00   2.319942E+00         5
   1.246040E+02   1.246040E+02   4.759445E+00   1.073051E+00   1.073051E+00   6.947101E-01   3.837956E+00   3.559815E+00   2.322485E+00         5
   1.246061E+02   1.246061E+02   4.759420E+00   1.073058E+00   1.073058E+00   6.960166E-01   3.841621E+00   3.559459E+00   2.325029E+00         5
   1.246082E+02   1.246082E+02   4.759394E+00   1.073060E+00   1.073060E+00   6.973446E-01   3.845346E+00   3.559100E+00   2.327609E+00         5
   1.246104E+02   1.246104E+02   4.759368E+00   1.073060E+00   1.073060E+00   6.986819E-01   3.849096E+00   3.558740E+00   2.330207E+00         5
   1.246125E+02   1.246125E+02   4.759342E+00   1.073060E+00   1.073060E+00   7.000191E-01   3.852846E+00   3.558380E+00   2.332804E+00         5
   1.246146E+02   1.246146E+02   4.759315E+00   1.073060E+00   1.073060E+00   7.014069E-01   3.856648E+00   3.558012E+00   2.335441E+00         5
   1.246167E+02   1.246167E+02   4.759288E+00   1.073060E+00   1.073060E+00   7.028352E-01   3.860492E+00   3.557640E+00   2.338110E+00         5
   1.246188E+02   1.246188E+02   4.759261E+00   1.073060E+00   1.073060E+00   7.042634E-01   3.864335E+00   3.557267E+00   2.340779E+00         5
   1.246210E+02   1.246210E+02   4.759232E+00   1.073060E+00   1.073060E+00   7.056489E-01   3.868224E+00   3.556889E+00   2.343482E+00         5
   1.246231E+02   1.246231E+02   4.759204E+00   1.073060E+00   1.073060E+00   7.069906E-01   3.872161E+00   3.556505E+00   2.346220E+00         5
   1.246252E+02   1.246252E+02   4.759175E+00   1.073059E+00   1.073059E+00   7.083322E-01   3.876097E+00   3.556121E+00   2.348958E+00         5
   1.246273E+02   1.246273E+02   4.759145E+00   1.073059E+00   1.073059E+00   7.097428E-01   3.880074E+00   3.555731E+00   2.351729E+00         5
   1.246294E+02   1.246294E+02   4.759115E+00   1.073058E+00   1.073058E+00   7.112187E-01   3.884089E+00   3.555335E+00   2.354530E+00         5
   1.246315E+02   1.246315E+02   4.759085E+00   1.073058E+00   1.073058E+00   7.126946E-01   3.888104E+00   3.554939E+00   2.357332E+00         5
   1.246337E+02   1.246337E+02   4.759054E+00   1.073058E+00   1.073058E+00   7.141885E-01   3.892178E+00   3.554544E+00   2.360089E+00         5
   1.246358E+02   1.246358E+02   4.759023E+00   1.073058E+00   1.073058E+00   7.156943E-01   3.896291E+00   3.554151E+00   2.362145E+00         5
   1.246379E+02   1.246379E+02   4.758991E+00   1.073058E+00   1.073058E+00   7.172000E-01   3.900404E+00   3.553757E+00   2.364202E+00         5
   1.246400E+02   1.246400E+02   4.758959E+00   1.073058E+00   1.073058E+00   7.187071E-01   3.904573E+00   3.553356E+00   2.366286E+00         5
   1.246421E+02   1.246421E+02   4.758926E+00   1.073058E+00   1.073058E+00   7.202146E-01   3.908758E+00   3.552952E+00   2.368379E+00         5
   1.246443E+02   1.246443E+02   4.758893E+00   1.073058E+00   1.073058E+00   7.217221E-01   3.912944E+00   3.552549E+00   2.370472E+00         5
   1.246464E+02   1.246464E+02   4.758858E+00   1.073058E+00   1.073058E+00   7.232290E-01   3.917208E+00   3.552134E+00   2.372604E+00         5
   1.246485E+02   1.246485E+02   4.758824E+00   1.073058E+00   1.073058E+00   7.247359E-01   3.921473E+00   3.551719E+00   2.374736E+00         5
   1.246506E+02   1.246506E+02   4.758789E+00   1.073058E+00   1.073058E+00   7.262797E-01   3.925763E+00   3.551308E+00   2.376882E+00         5
   1.246527E+02   1.246527E+02   4.758752E+00   1.073058E+00   1.073058E+00   7.279185E-01   3.930120E+00   3.550907E+00   2.379060E+00         5
   1.246548E+02   1.246548E+02   4.758716E+00   1.073058E+00   1.073058E+00   7.295574E-01   3.934477E+00   3.550506E+00   2.381239E+00         5
   1.246570E+02   1.246570E+02   4.758679E+00   1.073058E+00   1.073058E+00   7.311771E-01   3.938891E+00   3.550091E+00   2.383445E+00         5
   1.246591E+02   1.246591E+02   4.758641E+00   1.073058E+00   1.073058E+00   7.327856E-01   3.943337E+00   3.549669E+00   2.385668E+00         5
   1.246612E+02   1.246612E+02   4.758603E+00   1.073060E+00   1.073060E+00   7.343966E-01   3.947783E+00   3.549246E+00   2.387892E+00         5
   1.246633E+02   1.246633E+02   4.758563E+00   1.073110E+00   1.073110E+00   7.360556E-01   3.952230E+00   3.548807E+00   2.390115E+00         5
   1.246654E+02   1.246654E+02   4.758524E+00   1.073160E+00   1.073160E+00   7.377146E-01   3.956676E+00   3.548368E+00   2.392338E+00         5
   1.246675E+02   1.246675E+02   4.758483E+00   1.073206E+00   1.073206E+00   7.394165E-01   3.961104E+00   3.547941E+00   2.394552E+00         5
   1.246697E+02   1.246697E+02   4.758442E+00   1.073246E+00   1.073246E+00   7.411628E-01   3.965512E+00   3.547526E+00   2.396756E+00         5
   1.246718E+02   1.246718E+02   4.758400E+00   1.073287E+00   1.073287E+00   7.429090E-01   3.969921E+00   3.547111E+00   2.398960E+00         5
   1.246739E+02   1.246739E+02   4.758357E+00   1.071366E+00   1.071366E+00   7.446571E-01   3.974117E+00   3.546727E+00   2.401058E+00         5
   1.246760E+02   1.246760E+02   4.758313E+00   1.069327E+00   1.069327E+00   7.464052E-01   3.978300E+00   3.546344E+00   2.403150E+00         5
   1.246781E+02   1.246781E+02   4.758269E+00   1.065258E+00   1.065258E+00   7.481623E-01   3.982343E+00   3.545992E+00   2.405172E+00         5
   1.246803E+02   1.246803E+02   4.758224E+00   1.057469E+00   1.057469E+00   7.499358E-01   3.986129E+00   3.545697E+00   2.407065E+00         5
   1.246824E+02   1.246824E+02   4.758179E+00   1.049681E+00   1.049681E+00   7.517093E-01   3.989916E+00   3.545403E+00   2.408958E+00         5
   1.246845E+02   1.246845E+02   4.758133E+00   1.040819E+00   1.040819E+00   7.535223E-01   3.994029E+00   3.545072E+00   2.411014E+00         5
   1.246866E+02   1.246866E+02   4.758086E+00   1.031188E+00   1.031188E+00   7.553637E-01   3.998376E+00   3.544716E+00   2.413188E+00         5
   1.246887E+02   1.246887E+02   4.758039E+00   1.021520E+00   1.021520E+00   7.572061E-01   4.002786E+00   3.544353E+00   2.415393E+00         5
   1.246908E+02   1.246908E+02   4.757989E+00   1.011495E+00   1.011495E+00   7.590572E-01   4.007786E+00   3.543934E+00   2.417893E+00         5
   1.246930E+02   1.246930E+02   4.757940E+00   1.001470E+00   1.001470E+00   7.609083E-01   4.012786E+00   3.543515E+00   2.420393E+00         5
   1.246951E+02   1.246951E+02   4.757890E+00   9.922222E-01   9.922222E-01   7.628030E-01   4.018079E+00   3.543060E+00   2.423039E+00         5
   1.246972E+02   1.246972E+02   4.757838E+00   9.831025E-01   9.831025E-01   7.647048E-01   4.023420E+00   3.542601E+00   2.425710E+00         5
   1.246993E+02   1.246993E+02   4.757785E+00   9.747834E-01   9.747834E-01   7.666434E-01   4.029121E+00   3.542104E+00   2.428561E+00         5
   1.247014E+02   1.247014E+02   4.757732E+00   9.667376E-01   9.667376E-01   7.685945E-01   4.034945E+00   3.541596E+00   2.431472E+00         5
   1.247036E+02   1.247036E+02   4.757676E+00   9.594498E-01   9.594498E-01   7.705304E-01   4.040866E+00   3.541083E+00   2.434433E+00         5
   1.247057E+02   1.247057E+02   4.757621E+00   9.523735E-01   9.523735E-01   7.724620E-01   4.046814E+00   3.540569E+00   2.437407E+00         5
   1.247078E+02   1.247078E+02   4.757562E+00   9.462359E-01   9.462359E-01   7.744976E-01   4.053280E+00   3.539983E+00   2.440640E+00         5
   1.247099E+02   1.247099E+02   4.757504E+00   9.403121E-01   9.403121E-01   7.765515E-01   4.059834E+00   3.539385E+00   2.443917E+00         5
   1.247120E+02   1.247120E+02   4.757442E+00   9.349999E-01   9.349999E-01   7.786204E-01   4.066447E+00   3.538771E+00   2.447224E+00         5
   1.247141E+02   1.247141E+02   4.757380E+00   9.299269E-01   9.299269E-01   7.806891E-01   4.073188E+00   3.538147E+00   2.450594E+00         5
   1.247163E+02   1.247163E+02   4.757316E+00   9.253011E-01   9.253011E-01   7.827577E-01   4.080169E+00   3.537503E+00   2.454084E+00         5
   1.247184E+02   1.247184E+02   4.757250E+00   9.210365E-01   9.210365E-01   7.848807E-01   4.087273E+00   3.536842E+00   2.457636E+00         5
   1.247205E+02   1.247205E+02   4.757183E+00   9.169640E-01   9.169640E-01   7.870290E-01   4.094445E+00   3.536171E+00   2.461223E+00         5
   1.247226E+02   1.247226E+02   4.757113E+00   9.132807E-01   9.132807E-01   7.891843E-01   4.101790E+00   3.535475E+00   2.464895E+00         5
   1.247247E+02   1.247247E+02   4.757041E+00   9.097849E-01   9.097849E-01   7.914021E-01   4.109270E+00   3.534766E+00   2.468635E+00         5
   1.247268E+02   1.247268E+02   4.756968E+00   9.064911E-01   9.064911E-01   7.936872E-01   4.116897E+00   3.534044E+00   2.472449E+00         5
   1.247290E+02   1.247290E+02   4.756891E+00   9.036202E-01   9.036202E-01   7.959579E-01   4.124678E+00   3.533304E+00   2.476339E+00         5
   1.247311E+02   1.247311E+02   4.756812E+00   9.009233E-01   9.009233E-01   7.982583E-01   4.132585E+00   3.532547E+00   2.480293E+00         5
   1.247332E+02   0.000000E+00   8.005953E-01   8.005953E-01   8.984100E-01   8.005953E-01   1.460085E+00   5.121782E+00  -1.986983E+00        11
   1.257332E+02   1.000000E+00   8.005953E-01   8.005953E-01   8.984100E-01   8.005953E-01   2.312414E-01   4.814571E+00  -1.986983E+00        11
   1.267332E+02   3.000000E+00   8.005953E-01   8.005953E-01   8.984100E-01   8.005953E-01  -2.997220E-01   4.681830E+00  -1.986983E+00        11
   1.277332E+02   6.000000E+00   8.005953E-01   8.005953E-01   8.984100E-01   8.005953E-01  -6.466044E-01   4.595110E+00  -1.986983E+00        11
   1.287332E+02   1.000000E+01   8.005953E-01   8.005953E-01   8.984100E-01   8.005953E-01  -9.050144E-01   4.530507E+00  -1.986983E+00        11
   1.297332E+02   1.500000E+01   8.005953E-01   8.005953E-01   8.984100E-01   8.005953E-01  -1.111108E+00   4.478984E+00  -1.986983E+00        11
   1.307332E+02   2.100000E+01   8.005953E-01   8.005953E-01   8.984100E-01   8.005953E-01  -1.282568E+00   4.436119E+00  -1.986983E+00        11
   1.317332E+02   2.800000E+01   8.005953E-01   8.005953E-01   8.984100E-01   8.005953E-01  -1.429389E+00   4.399414E+00  -1.986983E+00        11
   1.327332E+02   3.600000E+01   8.005953E-01   8.005953E-01   8.984100E-01   8.005953E-01  -1.557774E+00   4.367318E+00  -1.986983E+00        11
   1.337332E+02   4.500000E+01   8.005953E-01   8.005953E-01   8.984100E-01   8.005953E-01  -1.671843E+00   4.338800E+00  -1.986983E+00        11
   1.347332E+02   5.500000E+01   8.005953E-01   8.005953E-01   8.984100E-01   8.005953E-01  -1.774474E+00   4.313142E+00  -1.986983E+00        11
   1.357332E+02   6.600000E+01   8.005953E-01   8.005953E-01   8.984100E-01   8.005953E-01  -1.867753E+00   4.289823E+00  -1.986983E+00        11
   1.367332E+02   7.800000E+01   8.005953E-01   8.005953E-01   8.984100E-01   8.005953E-01  -1.953243E+00   4.268450E+00  -1.986983E+00        11
   1.377332E+02   9.100000E+01   8.005953E-01   8.005953E-01   8.984100E-01   8.005953E-01  -2.032147E+00   4.248724E+00  -1.986983E+00        11
   1.387332E+02   1.050000E+02   8.005953E-01   8.005953E-01   8.984100E-01   8.005953E-01  -2.105406E+00   4.230409E+00  -1.986983E+00        11
   1.397332E+02   1.200000E+02   8.005953E-01   8.005953E-01   8.984100E-01   8.005953E-01  -2.173776E+00   4.213317E+00  -1.986983E+00        11
   1.407332E+02   1.360000E+02   8.005953E-01   8.005953E-01   8.984100E-01   8.005953E-01  -2.237868E+00   4.197294E+00  -1.986983E+00        11
   1.417332E+02   1.530000E+02   8.005953E-01   8.005953E-01   8.984100E-01   8.005953E-01  -2.298186E+00   4.182215E+00  -1.986983E+00        11
   1.427332E+02   1.710000E+02   8.005953E-01   8.005953E-01   8.984100E-01   8.005953E-01  -2.355150E+00   4.167973E+00  -1.986983E+00        11
   1.437332E+02   1.900000E+02   8.005953E-01   8.005953E-01   8.984100E-01   8.005953E-01  -2.409114E+00   4.154482E+00  -1.986983E+00        11
   1.447332E+02   2.100000E+02   8.005953E-01   8.005953E-01   8.984100E-01   8.005953E-01  -2.460378E+00   4.141667E+00  -1.986983E+00        11
   1.457332E+02   2.310000E+02   8.005953E-01   8.005953E-01   8.984100E-01   8.005953E-01  -2.509199E+00   4.129461E+00  -1.986983E+00        11
   1.467332E+02   2.530000E+02   8.005953E-01   8.005953E-01   8.984100E-01   8.005953E-01  -2.555800E+00   4.117811E+00  -1.986983E+00        11
   1.477332E+02   2.760000E+02   8.005953E-01   8.005953E-01   8.984100E-01   8.005953E-01  -2.600373E+00   4.106668E+00  -1.986983E+00        11
   1.487332E+02   3.000000E+02   8.005953E-01   8.005953E-01   8.984100E-01   8.005953E-01  -2.643089E+00   4.095989E+00  -1.986983E+00        11
   1.497332E+02   3.250000E+02   8.005953E-01   8.005953E-01   8.984100E-01   8.005953E-01  -2.684095E+00   4.085737E+00  -1.986983E+00        11
   1.507332E+02   3.510000E+02   8.005953E-01   8.005953E-01   8.984100E-01   8.005953E-01  -2.723523E+00   4.075880E+00  -1.986983E+00        11
   1.517332E+02   3.780000E+02   8.005953E-01   8.005953E-01   8.984100E-01   8.005953E-01  -2.761491E+00   4.066388E+00  -1.986983E+00        11
   1.527332E+02   4.060000E+02   8.005953E-01   8.005953E-01   8.984100E-01   8.005953E-01  -2.798102E+00   4.057235E+00  -1.986983E+00        11
   1.537332E+02   4.350000E+02   8.005953E-01   8.005953E-01   8.984100E-01   8.005953E-01  -2.833450E+00   4.048398E+00  -1.986983E+00        11
   1.547332E+02   4.650000E+02   8.005953E-01   8.005953E-01   8.984100E-01   8.005953E-01  -2.867620E+00   4.039856E+00  -1.986983E+00        11
   1.557332E+02   4.960000E+02   8.005953E-01   8.005953E-01   8.984100E-01   8.005953E-01  -2.900687E+00   4.031589E+00  -1.986983E+00        11
   1.567332E+02   5.280000E+02   8.005953E-01   8.005953E-01   8.984100E-01   8.005953E-01  -2.932720E+00   4.023581E+00  -1.986983E+00        11
   1.577332E+02   5.610000E+02   8.005953E-01   8.005953E-01   8.984100E-01   8.005953E-01  -2.963783E+00   4.015815E+00  -1.986983E+00        11
   1.587332E+02   5.950000E+02   8.005953E-01   8.005953E-01   8.984100E-01   8.005953E-01  -2.993931E+00   4.008278E+00  -1.986983E+00        11
   1.597332E+02   6.300000E+02   8.005953E-01   8.005953E-01   8.984100E-01   8.005953E-01  -3.023218E+00   4.000956E+00  -1.986983E+00        11
   1.607332E+02   6.660000E+02   8.005953E-01   8.005953E-01   8.984100E-01   8.005953E-01  -3.051692E+00   3.993838E+00  -1.986983E+00        11
   1.617332E+02   7.030000E+02   8.005953E-01   8.005953E-01   8.984100E-01   8.005953E-01  -3.079395E+00   3.986912E+00  -1.986983E+00        11
   1.627332E+02   7.410000E+02   8.005953E-01   8.005953E-01   8.984100E-01   8.005953E-01  -3.106370E+00   3.980169E+00  -1.986983E+00        11
   1.637332E+02   7.800000E+02   8.005953E-01   8.005953E-01   8.984100E-01   8.005953E-01  -3.132652E+00   3.973598E+00  -1.986983E+00        11
   1.647332E+02   8.200000E+02   8.005953E-01   8.005953E-01   8.984100E-01   8.005953E-01  -3.158278E+00   3.967191E+00  -1.986983E+00        11
   1.657332E+02   8.610000E+02   8.005953E-01   8.005953E-01   8.984100E-01   8.005953E-01  -3.183278E+00   3.960941E+00  -1.986983E+00        11
   1.667332E+02   9.030000E+02   8.005953E-01   8.005953E-01   8.984100E-01   8.005953E-01  -3.207683E+00   3.954840E+00  -1.986983E+00        11
   1.677332E+02   9.460000E+02   8.005953E-01   8.005953E-01   8.984100E-01   8.005953E-01  -3.231521E+00   3.948881E+00  -1.986983E+00        11
   1.687332E+02   9.900000E+02   8.005953E-01   8.005953E-01   8.984100E-01   8.005953E-01  -3.254816E+00   3.943057E+00  -1.986983E+00        11
   1.697332E+02   1.035000E+03   8.005953E-01   8.005953E-01   8.984100E-01   8.005953E-01  -3.277594E+00   3.937362E+00  -1.986983E+00        11
   1.707332E+02   1.081000E+03   8.005953E-01   8.005953E-01   8.984100E-01   8.005953E-01  -3.299877E+00   3.931792E+00  -1.986983E+00        11
   1.717332E+02   1.128000E+03   8.005953E-01   8.005953E-01   8.984100E-01   8.005953E-01  -3.321685E+00   3.926340E+00  -1.986983E+00        11
   1.727332E+02   1.176000E+03   8.005953E-01   8.005953E-01   8.984100E-01   8.005953E-01  -3.343039E+00   3.921001E+00  -1.986983E+00        11
   1.737332E+02   1.225000E+03   8.005953E-01   8.005953E-01   8.984100E-01   8.005953E-01  -3.363957E+00   3.915772E+00  -1.986983E+00        11
   1.747332E+02   1.275000E+03   8.005953E-01   8.005953E-01   8.984100E-01   8.005953E-01  -3.384457E+00   3.910647E+00  -1.986983E+00        11
   1.757332E+02   1.326000E+03   8.005953E-01   8.005953E-01   8.984100E-01   8.005953E-01  -3.404555E+00   3.905622E+00  -1.986983E+00        11
   1.767332E+02   1.378000E+03   8.005953E-01   8.005953E-01   8.984100E-01   8.005953E-01  -3.424266E+00   3.900694E+00  -1.986983E+00        11
   1.777332E+02   1.431000E+03   8.005953E-01   8.005953E-01   8.984100E-01   8.005953E-01  -3.443606E+00   3.895860E+00  -1.986983E+00        11
   1.787332E+02   1.485000E+03   8.005953E-01   8.005953E-01   8.984100E-01   8.005953E-01  -3.462587E+00   3.891114E+00  -1.986983E+00        11
   1.797332E+02   1.540000E+03   8.005953E-01   8.005953E-01   8.984100E-01   8.005953E-01  -3.481223E+00   3.886455E+00  -1.986983E+00        11
   1.807332E+02   1.596000E+03   8.005953E-01   8.005953E-01   8.984100E-01   8.005953E-01  -3.499526E+00   3.881879E+00  -1.986983E+00        11
   1.817332E+02   1.653000E+03   8.005953E-01   8.005953E-01   8.984100E-01   8.005953E-01  -3.517508E+00   3.877384E+00  -1.986983E+00        11
   1.827332E+02   1.711000E+03   8.005953E-01   8.005953E-01   8.984100E-01   8.005953E-01  -3.535180E+00   3.872966E+00  -1.986983E+00        11
   1.837332E+02   1.770000E+03   8.005953E-01   8.005953E-01   8.984100E-01   8.005953E-01  -3.552552E+00   3.868623E+00  -1.986983E+00        11
   1.847332E+02   1.830000E+03   8.005953E-01   8.005953E-01   8.984100E-01   8.005953E-01  -3.569635E+00   3.864352E+00  -1.986983E+00        11
   1.857332E+02   1.891000E+03   8.005953E-01   8.005953E-01   8.984100E-01   8.005953E-01  -3.586438E+00   3.860151E+00  -1.986983E+00        11
   1.867332E+02   1.953000E+03   8.005953E-01   8.005953E-01   8.984100E-01   8.005953E-01  -3.602970E+00   3.856018E+00  -1.986983E+00        11
   1.877332E+02   2.016000E+03   8.005953E-01   8.005953E-01   8.984100E-01   8.005953E-01  -3.619239E+00   3.851951E+00  -1.986983E+00        11
   1.887332E+02   2.080000E+03   8.005953E-01   8.005953E-01   8.984100E-01   8.005953E-01  -3.635254E+00   3.847947E+00  -1.986983E+00        11
   1.897332E+02   2.145000E+03   8.005953E-01   8.005953E-01   8.984100E-01   8.005953E-01  -3.651023E+00   3.844005E+00  -1.986983E+00        11
   1.907332E+02   2.211000E+03   8.005953E-01   8.005953E-01   8.984100E-01   8.005953E-01  -3.666553E+00   3.840123E+00  -1.986983E+00        11
   1.917332E+02   2.278000E+03   8.005953E-01   8.005953E-01   8.984100E-01   8.005953E-01  -3.681851E+00   3.836298E+00  -1.986983E+00        11
   1.927332E+02   2.346000E+03   8.005953E-01   8.005953E-01   8.984100E-01   8.005953E-01  -3.696924E+00   3.832530E+00  -1.986983E+00        11
   1.937332E+02   2.415000E+03   8.005953E-01   8.005953E-01   8.984100E-01   8.005953E-01  -3.711779E+00   3.828816E+00  -1.986983E+00        11
   1.947332E+02   2.485000E+03   8.005953E-01   8.005953E-01   8.984100E-01   8.005953E-01  -3.726421E+00   3.825156E+00  -1.986983E+00        11
   1.957332E+02   2.556000E+03   8.005953E-01   8.005953E-01   8.984100E-01   8.005953E-01  -3.740857E+00   3.821547E+00  -1.986983E+00        11
   1.967332E+02   2.628000E+03   8.005953E-01   8.005953E-01   8.984100E-01   8.005953E-01  -3.755092E+00   3.817988E+00  -1.986983E+00        11
   1.977332E+02   2.701000E+03   8.005953E-01   8.005953E-01   8.984100E-01   8.005953E-01  -3.769133E+00   3.814478E+00  -1.986983E+00        11
   1.987332E+02   2.775000E+03   8.005953E-01   8.005953E-01   8.984100E-01   8.005953E-01  -3.782984E+00   3.811015E+00  -1.986983E+00        11
   1.997332E+02   2.850000E+03   8.005953E-01   8.005953E-01   8.984100E-01   8.005953E-01  -3.796650E+00   3.807598E+00  -1.986983E+00        11
   2.007332E+02   2.926000E+03   8.005953E-01   8.005953E-01   8.984100E-01   8.005953E-01  -3.810136E+00   3.804227E+00  -1.986983E+00        11
   2.017332E+02   3.003000E+03   8.005953E-01   8.005953E-01   8.984100E-01   8.005953E-01  -3.823447E+00   3.800899E+00  -1.986983E+00        11
   2.027332E+02   3.081000E+03   8.005953E-01   8.005953E-01   8.984100E-01   8.005953E-01  -3.836588E+00   3.797614E+00  -1.986983E+00        11
   2.037332E+02   3.160000E+03   8.005953E-01   8.005953E-01   8.984100E-01   8.005953E-01  -3.849562E+00   3.794370E+00  -1.986983E+00        11
   2.047332E+02   3.240000E+03   8.005953E-01   8.005953E-01   8.984100E-01   8.005953E-01  -3.862374E+00   3.791167E+00  -1.986983E+00        11
   2.057332E+02   3.321000E+03   8.005953E-01   8.005953E-01   8.984100E-01   8.005953E-01  -3.875028E+00   3.788004E+00  -1.986983E+00        11
   2.067332E+02   3.403000E+03   8.005953E-01   8.005953E-01   8.984100E-01   8.005953E-01  -3.887527E+00   3.784879E+00  -1.986983E+00        11
   2.077332E+02   3.486000E+03   8.005953E-01   8.005953E-01   8.984100E-01   8.005953E-01  -3.899876E+00   3.781792E+00  -1.986983E+00        11
   2.087332E+02   3.570000E+03   8.005953E-01   8.005953E-01   8.984100E-01   8.005953E-01  -3.912078E+00   3.778741E+00  -1.986983E+00        11
   2.097332E+02   3.655000E+03   8.005953E-01   8.005953E-01   8.984100E-01   8.005953E-01  -3.924136E+00   3.775727E+00  -1.986983E+00        11
   2.107332E+02   3.741000E+03   8.005953E-01   8.005953E-01   8.984100E-01   8.005953E-01  -3.936054E+00   3.772747E+00  -1.986983E+00        11
   2.117332E+02   3.828000E+03   8.005953E-01   8.005953E-01   8.984100E-01   8.005953E-01  -3.947835E+00   3.769802E+00  -1.986983E+00        11
   2.127332E+02   3.916000E+03   8.005953E-01   8.005953E-01   8.984100E-01   8.005953E-01  -3.959483E+00   3.766890E+00  -1.986983E+00        11
   2.137332E+02   4.005000E+03   8.005953E-01   8.005953E-01   8.984100E-01   8.005953E-01  -3.970999E+00   3.764011E+00  -1.986983E+00        11
   2.147332E+02   4.095000E+03   8.005953E-01   8.005953E-01   8.984100E-01   8.005953E-01  -3.982387E+00   3.761164E+00  -1.986983E+00        11
   2.157332E+02   4.186000E+03   8.005953E-01   8.005953E-01   8.984100E-01   8.005953E-01  -3.993650E+00   3.758348E+00  -1.986983E+00        11
   2.167332E+02   4.278000E+03   8.005953E-01   8.005953E-01   8.984100E-01   8.005953E-01  -4.004791E+00   3.755563E+00  -1.986983E+00        11
   2.177332E+02   4.371000E+03   8.005953E-01   8.005953E-01   8.984100E-01   8.005953E-01  -4.015812E+00   3.752808E+00  -1.986983E+00        11
   2.187332E+02   4.465000E+03   8.005953E-01   8.005953E-01   8.984100E-01   8.005953E-01  -4.026716E+00   3.750082E+00  -1.986983E+00        11
   2.197332E+02   4.560000E+03   8.005953E-01   8.005953E-01   8.984100E-01   8.005953E-01  -4.037505E+00   3.747385E+00  -1.986983E+00        11
   2.207332E+02   4.656000E+03   8.005953E-01   8.005953E-01   8.984100E-01   8.005953E-01  -4.048181E+00   3.744716E+00  -1.986983E+00        11
   2.217332E+02   4.753000E+03   8.005953E-01   8.005953E-01   8.984100E-01   8.005953E-01  -4.058748E+00   3.742074E+00  -1.986983E+00        11
   2.227332E+02   4.851000E+03   8.005953E-01   8.005953E-01   8.984100E-01   8.005953E-01  -4.069207E+00   3.739459E+00  -1.986983E+00        11
   2.237332E+02   4.950000E+03   8.005953E-01   8.005953E-01   8.984100E-01   8.005953E-01  -4.079560E+00   3.736871E+00  -1.986983E+00        11
   2.247332E+02   5.050000E+03   8.005953E-01   8.005953E-01   8.984100E-01   8.005953E-01  -4.089809E+00   3.734309E+00  -1.986983E+00        11
   2.257332E+02   5.151000E+03   8.005953E-01   8.005953E-01   8.984100E-01   8.005953E-01  -4.099957E+00   3.731772E+00  -1.986983E+00        11
   2.267332E+02   5.253000E+03   8.005953E-01   8.005953E-01   8.984100E-01   8.005953E-01  -4.110006E+00   3.729260E+00  -1.986983E+00        11
   2.277332E+02   5.356000E+03   8.005953E-01   8.005953E-01   8.984100E-01   8.005953E-01  -4.119956E+00   3.726772E+00  -1.986983E+00        11
   2.287332E+02   5.460000E+03   8.005953E-01   8.005953E-01   8.984100E-01   8.005953E-01  -4.129812E+00   3.724308E+00  -1.986983E+00        11
   2.297332E+02   5.565000E+03   8.005953E-01   8.005953E-01   8.984100E-01   8.005953E-01  -4.139573E+00   3.721868E+00  -1.986983E+00        11
   2.307332E+02   5.671000E+03   8.005953E-01   8.005953E-01   8.984100E-01   8.005953E-01  -4.149242E+00   3.719450E+00  -1.986983E+00        11
   2.317332E+02   5.778000E+03   8.005953E-01   8.005953E-01   8.984100E-01   8.005953E-01  -4.158821E+00   3.717056E+00  -1.986983E+00        11
   2.327332E+02   5.886000E+03   8.005953E-01   8.005953E-01   8.984100E-01   8.005953E-01  -4.168312E+00   3.714683E+00  -1.986983E+00        11
   2.337332E+02   5.995000E+03   8.005953E-01   8.005953E-01   8.984100E-01   8.005953E-01  -4.177715E+00   3.712332E+00  -1.986983E+00        11
   2.347332E+02   6.105000E+03   8.005953E-01   8.005953E-01   8.984100E-01   8.005953E-01  -4.187033E+00   3.710003E+00  -1.986983E+00        11
   2.357332E+02   6.216000E+03   8.005953E-01   8.005953E-01   8.984100E-01   8.005953E-01  -4.196266E+00   3.707694E+00  -1.986983E+00        11
   2.367332E+02   6.328000E+03   8.005953E-01   8.005953E-01   8.984100E-01   8.005953E-01  -4.205418E+00   3.705407E+00  -1.986983E+00        11
   2.377332E+02   6.441000E+03   8.005953E-01   8.005953E-01   8.984100E-01   8.005953E-01  -4.214488E+00   3.703139E+00  -1.986983E+00        11
   2.387332E+02   6.555000E+03   8.005953E-01   8.005953E-01   8.984100E-01   8.005953E-01  -4.223479E+00   3.700891E+00  -1.986983E+00        11
   2.397332E+02   6.670000E+03   8.005953E-01   8.005953E-01   8.984100E-01   8.005953E-01  -4.232391E+00   3.698663E+00  -1.986983E+00        11
   2.407332E+02   6.786000E+03   8.005953E-01   8.005953E-01   8.984100E-01   8.005953E-01  -4.241227E+00   3.696454E+00  -1.986983E+00        11
   2.417332E+02   6.903000E+03   8.005953E-01   8.005953E-01   8.984100E-01   8.005953E-01  -4.249987E+00   3.694264E+00  -1.986983E+00        11
   2.427332E+02   7.021000E+03   8.005953E-01   8.005953E-01   8.984100E-01   8.005953E-01  -4.258673E+00   3.692093E+00  -1.986983E+00        11
   2.437332E+02   7.140000E+03   8.005953E-01   8.005953E-01   8.984100E-01   8.005953E-01  -4.267286E+00   3.689939E+00  -1.986983E+00        11
   2.447332E+02   7.260000E+03   8.005953E-01   8.005953E-01   8.984100E-01   8.005953E-01  -4.275827E+00   3.687804E+00  -1.986983E+00        11
   2.457332E+02   7.381000E+03   8.005953E-01   8.005953E-01   8.984100E-01   8.005953E-01  -4.284298E+00   3.685686E+00  -1.986983E+00        11
   2.467332E+02   7.503000E+03   8.005953E-01   8.005953E-01   8.984100E-01   8.005953E-01  -4.292699E+00   3.683586E+00  -1.986983E+00        11
   2.477332E+02   7.626000E+03   8.005953E-01   8.005953E-01   8.984100E-01   8.005953E-01  -4.301032E+00   3.681503E+00  -1.986983E+00        11
   2.487332E+02   7.750000E+03   8.005953E-01   8.005953E-01   8.984100E-01   8.005953E-01  -4.309298E+00   3.679437E+00  -1.986983E+00        11
   2.497332E+02   7.875000E+03   8.005953E-01   8.005953E-01   8.984100E-01   8.005953E-01  -4.317497E+00   3.677387E+00  -1.986983E+00        11
   2.507332E+02   8.001000E+03   8.005953E-01   8.005953E-01   8.984100E-01   8.005953E-01  -4.325632E+00   3.675353E+00  -1.986983E+00        11
   2.517332E+02   8.128000E+03   8.005953E-01   8.005953E-01   8.984100E-01   8.005953E-01  -4.333702E+00   3.673335E+00  -1.986983E+00        11
   2.527332E+02   8.256000E+03   8.005953E-01   8.005953E-01   8.984100E-01   8.005953E-01  -4.341709E+00   3.671334E+00  -1.986983E+00        11
   2.537332E+02   8.385000E+03   8.005953E-01   8.005953E-01   8.984100E-01   8.005953E-01  -4.349655E+00   3.669347E+00  -1.986983E+00        11
   2.547332E+02   8.515000E+03   8.005953E-01   8.005953E-01   8.984100E-01   8.005953E-01  -4.357539E+00   3.667376E+00  -1.986983E+00        11
   2.557332E+02   8.646000E+03   8.005953E-01   8.005953E-01   8.984100E-01   8.005953E-01  -4.365363E+00   3.665420E+00  -1.986983E+00        11
   2.567332E+02   8.778000E+03   8.005953E-01   8.005953E-01   8.984100E-01   8.005953E-01  -4.373128E+00   3.663479E+00  -1.986983E+00        11
   2.577332E+02   8.911000E+03   8.005953E-01   8.005953E-01   8.984100E-01   8.005953E-01  -4.380834E+00   3.661552E+00  -1.986983E+00        11
   2.587332E+02   9.045000E+03   8.005953E-01   8.005953E-01   8.984100E-01   8.005953E-01  -4.399962E+00   3.656770E+00  -1.986983E+00        11
   2.597332E+02   9.180000E+03   8.005953E-01   8.005953E-01   8.984100E-01   8.005953E-01  -4.441655E+00   3.646347E+00  -1.986983E+00        11
   2.607332E+02   9.316000E+03   8.005953E-01   8.005953E-01   8.984100E-01   8.005953E-01  -4.483041E+00   3.636001E+00  -1.986983E+00        11
   2.617332E+02   9.453000E+03   8.005953E-01   8.005953E-01   8.984100E-01   8.005953E-01  -4.524125E+00   3.625730E+00  -1.986983E+00        11
   2.627332E+02   9.591000E+03   8.005953E-01   8.005953E-01   8.984100E-01   8.005953E-01  -4.564911E+00   3.615533E+00  -1.986983E+00        11
   2.637332E+02   9.730000E+03   8.005953E-01   8.005953E-01   8.984100E-01   8.005953E-01  -4.605404E+00   3.605410E+00  -1.986983E+00        11
   2.647332E+02   9.870000E+03   8.005953E-01   8.005953E-01   8.984100E-01   8.005953E-01  -4.645607E+00   3.595359E+00  -1.986983E+00        11
   2.657332E+02   1.001100E+04   8.005953E-01   8.005953E-01   8.984100E-01   8.005953E-01  -4.685526E+00   3.585380E+00  -1.986983E+00        11
   2.667332E+02   1.015300E+04   8.005953E-01   8.005953E-01   8.984100E-01   8.005953E-01  -4.725163E+00   3.575470E+00  -1.986983E+00        11
   2.677332E+02   1.029600E+04   8.005953E-01   8.005953E-01   8.984100E-01   8.005953E-01  -4.764523E+00   3.565630E+00  -1.986983E+00        11
   2.687332E+02   1.044000E+04   8.005953E-01   8.005953E-01   8.984100E-01   8.005953E-01  -4.803610E+00   3.555859E+00  -1.986983E+00        11
   2.697332E+02   1.058500E+04   8.005953E-01   8.005953E-01   8.984100E-01   8.005953E-01  -4.842427E+00   3.546154E+00  -1.986983E+00        11
   2.707332E+02   1.073100E+04   8.005953E-01   8.005953E-01   8.984100E-01   8.005953E-01  -4.880978E+00   3.536516E+00  -1.986983E+00        11
   2.717332E+02   1.087800E+04   8.005953E-01   8.005953E-01   8.984100E-01   8.005953E-01  -4.919267E+00   3.526944E+00  -1.986983E+00        11
   2.727332E+02   1.102600E+04   8.005953E-01   8.005953E-01   8.984100E-01   8.005953E-01  -4.957298E+00   3.517437E+00  -1.986983E+00        11
   2.737332E+02   1.117500E+04   8.005953E-01   8.005953E-01   8.984100E-01   8.005953E-01  -4.995073E+00   3.507993E+00  -1.986983E+00        11
   2.747332E+02   1.132500E+04   8.005953E-01   8.005953E-01   8.984100E-01   8.005953E-01  -5.032596E+00   3.498612E+00  -1.986983E+00        11
   2.757332E+02   1.147600E+04   8.005953E-01   8.005953E-01   8.984100E-01   8.005953E-01  -5.069871E+00   3.489293E+00  -1.986983E+00        11
   2.767332E+02   1.162800E+04   8.005953E-01   8.005953E-01   8.984100E-01   8.005953E-01  -5.106900E+00   3.480036E+00  -1.986983E+00        11
   2.777332E+02   1.178100E+04   8.005953E-01   8.005953E-01   8.984100E-01   8.005953E-01  -5.143688E+00   3.470839E+00  -1.986983E+00        11
   2.787332E+02   1.193500E+04   8.005953E-01   8.005953E-01   8.984100E-01   8.005953E-01  -5.180237E+00   3.461702E+00  -1.986983E+00        11
   2.797332E+02   1.209000E+04   8.005953E-01   8.005953E-01   8.984100E-01   8.005953E-01  -5.216549E+00   3.452624E+00  -1.986983E+00        11
   2.807332E+02   1.224600E+04   8.005953E-01   8.005953E-01   8.984100E-01   8.005953E-01  -5.252629E+00   3.443604E+00  -1.986983E+00        11
   2.817332E+02   1.240300E+04   8.005953E-01   8.005953E-01   8.984100E-01   8.005953E-01  -5.288480E+00   3.434641E+00  -1.986983E+00        11
   2.827332E+02   1.256100E+04   8.005953E-01   8.005953E-01   8.984100E-01   8.005953E-01  -5.324103E+00   3.425735E+00  -1.986983E+00        11
   2.837332E+02   1.272000E+04   8.005953E-01   8.005953E-01   8.984100E-01   8.005953E-01  -5.359502E+00   3.416885E+00  -1.986983E+00        11
   2.847332E+02   1.288000E+04   8.005953E-01   8.005953E-01   8.984100E-01   8.005953E-01  -5.394680E+00   3.408091E+00  -1.986983E+00        11
   2.857332E+02   1.304100E+04   8.005953E-01   8.005953E-01   8.984100E-01   8.005953E-01  -5.429640E+00   3.399351E+00  -1.986983E+00        11
   2.867332E+02   1.320300E+04   8.005953E-01   8.005953E-01   8.984100E-01   8.005953E-01  -5.464384E+00   3.390665E+00  -1.986983E+00        11
   2.877332E+02   1.336600E+04   8.005953E-01   8.005953E-01   8.984100E-01   8.005953E-01  -5.498914E+00   3.382032E+00  -1.986983E+00        11
   2.887332E+02   1.353000E+04   8.005953E-01   8.005953E-01   8.984100E-01   8.005953E-01  -5.533234E+00   3.373452E+00  -1.986983E+00        11
   2.897332E+02   1.369500E+04   8.005953E-01   8.005953E-01   8.984100E-01   8.005953E-01  -5.567346E+00   3.364924E+00  -1.986983E+00        11
   2.907332E+02   1.386100E+04   8.005953E-01   8.005953E-01   8.984100E-01   8.005953E-01  -5.601253E+00   3.356448E+00  -1.986983E+00        11
   2.917332E+02   1.402800E+04   8.005953E-01   8.005953E-01   8.984100E-01   8.005953E-01  -5.634956E+00   3.348022E+00  -1.986983E+00        11
   2.927332E+02   1.419600E+04   8.005953E-01   8.005953E-01   8.984100E-01   8.005953E-01  -5.668459E+00   3.339646E+00  -1.986983E+00        11
   2.937332E+02   1.436500E+04   8.005953E-01   8.005953E-01   8.984100E-01   8.005953E-01  -5.701764E+00   3.331320E+00  -1.986983E+00        11
   2.947332E+02   1.453500E+04   8.005953E-01   8.005953E-01   8.984100E-01   8.005953E-01  -5.734872E+00   3.323043E+00  -1.986983E+00        11
   2.957332E+02   1.470600E+04   8.005953E-01   8.005953E-01   8.984100E-01   8.005953E-01  -5.767788E+00   3.314814E+00  -1.986983E+00        11
   2.967332E+02   1.487800E+04   8.005953E-01   8.005953E-01   8.984100E-01   8.005953E-01  -5.800511E+00   3.306633E+00  -1.986983E+00        11
   2.977332E+02   1.505100E+04   8.005953E-01   8.005953E-01   8.984100E-01   8.005953E-01  -5.833046E+00   3.298500E+00  -1.986983E+00        11
   2.987332E+02   1.522500E+04   8.005953E-01   8.005953E-01   8.984100E-01   8.005953E-01  -5.865393E+00   3.290413E+00  -1.986983E+00        11
   2.997332E+02   1.540000E+04   8.005953E-01   8.005953E-01   8.984100E-01   8.005953E-01  -5.897556E+00   3.282372E+00  -1.986983E+00        11
   3.007332E+02   1.557600E+04   8.005953E-01   8.005953E-01   8.984100E-01   8.005953E-01  -5.929536E+00   3.274377E+00  -1.986983E+00        11
   3.017332E+02   1.575300E+04   8.005953E-01   8.005953E-01   8.984100E-01   8.005953E-01  -5.961336E+00   3.266427E+00  -1.986983E+00        11
   3.027332E+02   1.593100E+04   8.005953E-01   8.005953E-01   8.984100E-01   8.005953E-01  -5.992956E+00   3.258522E+00  -1.986983E+00        11
   3.037332E+02   1.611000E+04   8.005953E-01   8.005953E-01   8.984100E-01   8.005953E-01  -6.024400E+00   3.250661E+00  -1.986983E+00        11
   3.047332E+02   1.629000E+04   8.005953E-01   8.005953E-01   8.984100E-01   8.005953E-01  -6.055670E+00   3.242844E+00  -1.986983E+00        11
   3.057332E+02   1.647100E+04   8.005953E-01   8.005953E-01   8.984100E-01   8.005953E-01  -6.086766E+00   3.235069E+00  -1.986983E+00        11
   3.067332E+02   1.665300E+04   8.005953E-01   8.005953E-01   8.984100E-01   8.005953E-01  -6.117692E+00   3.227338E+00  -1.986983E+00        11
   3.077332E+02   1.683600E+04   8.005953E-01   8.005953E-01   8.984100E-01   8.005953E-01  -6.148449E+00   3.219649E+00  -1.986983E+00        11
   3.087332E+02   1.702000E+04   8.005953E-01   8.005953E-01   8.984100E-01   8.005953E-01  -6.179038E+00   3.212001E+00  -1.986983E+00        11
   3.097332E+02   1.720500E+04   8.005953E-01   8.005953E-01   8.984100E-01   8.005953E-01  -6.209462E+00   3.204395E+00  -1.986983E+00        11
   3.107332E+02   1.739100E+04   8.005953E-01   8.005953E-01   8.984100E-01   8.005953E-01  -6.239723E+00   3.196830E+00  -1.986983E+00        11
   3.117332E+02   1.757800E+04   8.005953E-01   8.005953E-01   8.984100E-01   8.005953E-01  -6.269822E+00   3.189306E+00  -1.986983E+00        11
   3.127332E+02   1.776600E+04   8.005953E-01   8.005953E-01   8.984100E-01   8.005953E-01  -6.299760E+00   3.181821E+00  -1.986983E+00        11
   3.137332E+02   1.795500E+04   8.005953E-01   8.005953E-01   8.984100E-01   8.005953E-01  -6.329541E+00   3.174376E+00  -1.986983E+00        11
   3.147332E+02   1.814500E+04   8.005953E-01   8.005953E-01   8.984100E-01   8.005953E-01  -6.359164E+00   3.166970E+00  -1.986983E+00        11
   3.157332E+02   1.833600E+04   8.005953E-01   8.005953E-01   8.984100E-01   8.005953E-01  -6.388633E+00   3.159603E+00  -1.986983E+00        11
   3.167332E+02   1.852800E+04   8.005953E-01   8.005953E-01   8.984100E-01   8.005953E-01  -6.417948E+00   3.152274E+00  -1.986983E+00        11
   3.177332E+02   1.872100E+04   8.005953E-01   8.005953E-01   8.984100E-01   8.005953E-01  -6.447111E+00   3.144983E+00  -1.986983E+00        11
   3.187332E+02   1.891500E+04   8.005953E-01   8.005953E-01   8.984100E-01   8.005953E-01  -6.476124E+00   3.137730E+00  -1.986983E+00        11
   3.197332E+02   1.911000E+04   8.005953E-01   8.005953E-01   8.984100E-01   8.005953E-01  -6.504988E+00   3.130514E+00  -1.986983E+00        11
   3.207332E+02   1.930600E+04   8.005953E-01   8.005953E-01   8.984100E-01   8.005953E-01  -6.533704E+00   3.123335E+00  -1.986983E+00        11
   3.217332E+02   1.950300E+04   8.005953E-01   8.005953E-01   8.984100E-01   8.005953E-01  -6.562275E+00   3.116192E+00  -1.986983E+00        11
   3.227332E+02   1.970100E+04   8.005953E-01   8.005953E-01   8.984100E-01   8.005953E-01  -6.590702E+00   3.109085E+00  -1.986983E+00        11
   3.237332E+02   1.990000E+04   8.005953E-01   8.005953E-01   8.984100E-01   8.005953E-01  -6.618986E+00   3.102015E+00  -1.986983E+00        11
   3.247332E+02   2.010000E+04   8.005953E-01   8.005953E-01   8.984100E-01   8.005953E-01  -6.647128E+00   3.094979E+00  -1.986983E+00        11
   3.257332E+02   2.030100E+04   8.005953E-01   8.005953E-01   8.984100E-01   8.005953E-01  -6.675130E+00   3.087978E+00  -1.986983E+00        11
   3.267332E+02   2.050300E+04   8.005953E-01   8.005953E-01   8.984100E-01   8.005953E-01  -6.702994E+00   3.081012E+00  -1.986983E+00        11
   3.277332E+02   2.070600E+04   8.005953E-01   8.005953E-01   8.984100E-01   8.005953E-01  -6.730721E+00   3.074081E+00  -1.986983E+00        11
   3.287332E+02   2.091000E+04   8.005953E-01   8.005953E-01   8.984100E-01   8.005953E-01  -6.758311E+00   3.067183E+00  -1.986983E+00        11
   3.297332E+02   2.111500E+04   8.005953E-01   8.005953E-01   8.984100E-01   8.005953E-01  -6.785767E+00   3.060319E+00  -1.986983E+00        11
   3.307332E+02   2.132100E+04   8.005953E-01   8.005953E-01   8.984100E-01   8.005953E-01  -6.813090E+00   3.053488E+00  -1.986983E+00        11
   3.317332E+02   2.152800E+04   8.005953E-01   8.005953E-01   8.984100E-01   8.005953E-01  -6.840281E+00   3.046691E+00  -1.986983E+00        11
   3.327332E+02   2.173600E+04   8.005953E-01   8.005953E-01   8.984100E-01   8.005953E-01  -6.867341E+00   3.039926E+00  -1.986983E+00        11
   3.337332E+02   2.194500E+04   8.005953E-01   8.005953E-01   8.984100E-01   8.005953E-01  -6.894271E+00   3.033193E+00  -1.986983E+00        11
   3.347332E+02   2.215500E+04   8.005953E-01   8.005953E-01   8.984100E-01   8.005953E-01  -6.921073E+00   3.026493E+00  -1.986983E+00        11
   3.357332E+02   2.236600E+04   8.005953E-01   8.005953E-01   8.984100E-01   8.005953E-01  -6.947749E+00   3.019824E+00  -1.986983E+00        11
   3.367332E+02   2.257800E+04   8.005953E-01   8.005953E-01   8.984100E-01   8.005953E-01  -6.974298E+00   3.013186E+00  -1.986983E+00        11
   3.377332E+02   2.279100E+04   8.005953E-01   8.005953E-01   8.984100E-01   8.005953E-01  -7.000723E+00   3.006580E+00  -1.986983E+00        11
   3.387332E+02   2.300500E+04   8.005953E-01   8.005953E-01   8.984100E-01   8.005953E-01  -7.027024E+00   3.000005E+00  -1.986983E+00        11
   3.397332E+02   2.322000E+04   8.005953E-01   8.005953E-01   8.984100E-01   8.005953E-01  -7.053203E+00   2.993460E+00  -1.986983E+00        11
   3.407332E+02   2.343600E+04   8.005953E-01   8.005953E-01   8.984100E-01   8.005953E-01  -7.079261E+00   2.986946E+00  -1.986983E+00        11
   3.417332E+02   2.365300E+04   8.005953E-01   8.005953E-01   8.984100E-01   8.005953E-01  -7.105198E+00   2.980461E+00  -1.986983E+00        11
   3.427332E+02   2.387100E+04   8.005953E-01   8.005953E-01   8.984100E-01   8.005953E-01  -7.131017E+00   2.974007E+00  -1.986983E+00        11
   3.437332E+02   2.409000E+04   8.005953E-01   8.005953E-01   8.984100E-01   8.005953E-01  -7.156718E+00   2.967582E+00  -1.986983E+00        11
   3.447332E+02   2.431000E+04   8.005953E-01   8.005953E-01   8.984100E-01   8.005953E-01  -7.182302E+00   2.961186E+00  -1.986983E+00        11
   3.457332E+02   2.453100E+04   8.005953E-01   8.005953E-01   8.984100E-01   8.005953E-01  -7.207770E+00   2.954818E+00  -1.986983E+00        11
   3.467332E+02   2.475300E+04   8.005953E-01   8.005953E-01   8.984100E-01   8.005953E-01  -7.233123E+00   2.948480E+00  -1.986983E+00        11
   3.477332E+02   2.497600E+04   8.005953E-01   8.005953E-01   8.984100E-01   8.005953E-01  -7.258363E+00   2.942170E+00  -1.986983E+00        11
   3.487332E+02   2.520000E+04   8.005953E-01   8.005953E-01   8.984100E-01   8.005953E-01  -7.283490E+00   2.935888E+00  -1.986983E+00        11
   3.497332E+02   2.542500E+04   8.005953E-01   8.005953E-01   8.984100E-01   8.005953E-01  -7.308506E+00   2.929635E+00  -1.986983E+00        11
   3.507332E+02   2.565100E+04   8.005953E-01   8.005953E-01   8.984100E-01   8.005953E-01  -7.333410E+00   2.923408E+00  -1.986983E+00        11
   3.517332E+02   2.587800E+04   8.005953E-01   8.005953E-01   8.984100E-01   8.005953E-01  -7.358206E+00   2.917210E+00  -1.986983E+00        11
   3.527332E+02   2.610600E+04   8.005953E-01   8.005953E-01   8.984100E-01   8.005953E-01  -7.382892E+00   2.911038E+00  -1.986983E+00        11
   3.537332E+02   2.633500E+04   8.005953E-01   8.005953E-01   8.984100E-01   8.005953E-01  -7.407470E+00   2.904893E+00  -1.986983E+00        11
   3.547332E+02   2.656500E+04   8.005953E-01   8.005953E-01   8.984100E-01   8.005953E-01  -7.431942E+00   2.898776E+00  -1.986983E+00        11
   3.557332E+02   2.679600E+04   8.005953E-01   8.005953E-01   8.984100E-01   8.005953E-01  -7.456308E+00   2.892684E+00  -1.986983E+00        11
   3.567332E+02   2.702800E+04   8.005953E-01   8.005953E-01   8.984100E-01   8.005953E-01  -7.480568E+00   2.886619E+00  -1.986983E+00        11
   3.577332E+02   2.726100E+04   8.005953E-01   8.005953E-01   8.984100E-01   8.005953E-01  -7.504725E+00   2.880580E+00  -1.986983E+00        11
   3.587332E+02   2.749500E+04   8.005953E-01   8.005953E-01   8.984100E-01   8.005953E-01  -7.528778E+00   2.874566E+00  -1.986983E+00        11
   3.597332E+02   2.773000E+04   8.005953E-01   8.005953E-01   8.984100E-01   8.005953E-01  -7.552729E+00   2.868579E+00  -1.986983E+00        11
   3.607332E+02   2.796600E+04   8.005953E-01   8.005953E-01   8.984100E-01   8.005953E-01  -7.576578E+00   2.862616E+00  -1.986983E+00        11
   3.617332E+02   2.820300E+04   8.005953E-01   8.005953E-01   8.984100E-01   8.005953E-01  -7.600327E+00   2.856679E+00  -1.986983E+00        11
   3.627332E+02   2.844100E+04   8.005953E-01   8.005953E-01   8.984100E-01   8.005953E-01  -7.623976E+00   2.850767E+00  -1.986983E+00        11
   3.637332E+02   2.868000E+04   8.005953E-01   8.005953E-01   8.984100E-01   8.005953E-01  -7.647526E+00   2.844879E+00  -1.986983E+00        11
   3.647332E+02   2.892000E+04   8.005953E-01   8.005953E-01   8.984100E-01   8.005953E-01  -7.670978E+00   2.839016E+00  -1.986983E+00        11
   3.657332E+02   2.916100E+04   8.005953E-01   8.005953E-01   8.984100E-01   8.005953E-01  -7.694333E+00   2.833178E+00  -1.986983E+00        11
   3.667332E+02   2.940300E+04   8.005953E-01   8.005953E-01   8.984100E-01   8.005953E-01  -7.717591E+00   2.827363E+00  -1.986983E+00        11
   3.677332E+02   2.964600E+04   8.005953E-01   8.005953E-01   8.984100E-01   8.005953E-01  -7.740754E+00   2.821573E+00  -1.986983E+00        11
   3.687332E+02   2.989000E+04   8.005953E-01   8.005953E-01   8.984100E-01   8.005953E-01  -7.763821E+00   2.815806E+00  -1.986983E+00        11
   3.697332E+02   3.013500E+04   8.005953E-01   8.005953E-01   8.984100E-01   8.005953E-01  -7.786794E+00   2.810062E+00  -1.986983E+00        11
   3.707332E+02   3.038100E+04   8.005953E-01   8.005953E-01   8.984100E-01   8.005953E-01  -7.809674E+00   2.804342E+00  -1.986983E+00        11
   3.717332E+02   3.062800E+04   8.005953E-01   8.005953E-01   8.984100E-01   8.005953E-01  -7.832462E+00   2.798646E+00  -1.986983E+00        11
   3.727332E+02   3.087600E+04   8.005953E-01   8.005953E-01   8.984100E-01   8.005953E-01  -7.855157E+00   2.792972E+00  -1.986983E+00        11
   3.737332E+02   3.112500E+04   8.005953E-01   8.005953E-01   8.984100E-01   8.005953E-01  -7.877761E+00   2.787321E+00  -1.986983E+00        11
   3.747332E+02   3.137500E+04   8.005953E-01   8.005953E-01   8.984100E-01   8.005953E-01  -7.900275E+00   2.781692E+00  -1.986983E+00        11
   3.757332E+02   3.162600E+04   8.005953E-01   8.005953E-01   8.984100E-01   8.005953E-01  -7.922699E+00   2.776086E+00  -1.986983E+00        11
   3.767332E+02   3.187800E+04   8.005953E-01   8.005953E-01   8.984100E-01   8.005953E-01  -7.945035E+00   2.770502E+00  -1.986983E+00        11
   3.777332E+02   3.213100E+04   8.005953E-01   8.005953E-01   8.984100E-01   8.005953E-01  -7.967282E+00   2.764941E+00  -1.986983E+00        11
   3.787332E+02   3.238500E+04   8.005953E-01   8.005953E-01   8.984100E-01   8.005953E-01  -7.989441E+00   2.759401E+00  -1.986983E+00        11
   3.797332E+02   3.264000E+04   8.005953E-01   8.005953E-01   8.984100E-01   8.005953E-01  -8.011513E+00   2.753883E+00  -1.986983E+00        11
   3.807332E+02   3.289600E+04   8.005953E-01   8.005953E-01   8.984100E-01   8.005953E-01  -8.033499E+00   2.748386E+00  -1.986983E+00        11
   3.817332E+02   3.315300E+04   8.005953E-01   8.005953E-01   8.984100E-01   8.005953E-01  -8.055400E+00   2.742911E+00  -1.986983E+00        11
   3.827332E+02   3.341100E+04   8.005953E-01   8.005953E-01   8.984100E-01   8.005953E-01  -8.077216E+00   2.737457E+00  -1.986983E+00        11
   3.837332E+02   3.367000E+04   8.005953E-01   8.005953E-01   8.984100E-01   8.005953E-01  -8.098947E+00   2.732024E+00  -1.986983E+00        11
   3.847332E+02   3.393000E+04   8.005953E-01   8.005953E-01   8.984100E-01   8.005953E-01  -8.120595E+00   2.726612E+00  -1.986983E+00        11
   3.857332E+02   3.419100E+04   8.005953E-01   8.005953E-01   8.984100E-01   8.005953E-01  -8.142160E+00   2.721221E+00  -1.986983E+00        11
   3.867332E+02   3.445300E+04   8.005953E-01   8.005953E-01   8.984100E-01   8.005953E-01  -8.163643E+00   2.715850E+00  -1.986983E+00        11
   3.877332E+02   3.471600E+04   8.005953E-01   8.005953E-01   8.984100E-01   8.005953E-01  -8.185044E+00   2.710500E+00  -1.986983E+00        11
   3.887332E+02   3.498000E+04   8.005953E-01   8.005953E-01   8.984100E-01   8.005953E-01  -8.206364E+00   2.705170E+00  -1.986983E+00        11
   3.897332E+02   3.524500E+04   8.005953E-01   8.005953E-01   8.984100E-01   8.005953E-01  -8.227604E+00   2.699860E+00  -1.986983E+00        11
   3.907332E+02   3.551100E+04   8.005953E-01   8.005953E-01   8.984100E-01   8.005953E-01  -8.248763E+00   2.694570E+00  -1.986983E+00        11
   3.917332E+02   3.577800E+04   8.005953E-01   8.005953E-01   8.984100E-01   8.005953E-01  -8.269844E+00   2.689300E+00  -1.986983E+00        11
   3.927332E+02   3.604600E+04   8.005953E-01   8.005953E-01   8.984100E-01   8.005953E-01  -8.290845E+00   2.684050E+00  -1.986983E+00        11
   3.937332E+02   3.631500E+04   8.005953E-01   8.005953E-01   8.984100E-01   8.005953E-01  -8.311769E+00   2.678819E+00  -1.986983E+00        11
   3.947332E+02   3.658500E+04   8.005953E-01   8.005953E-01   8.984100E-01   8.005953E-01  -8.332615E+00   2.673607E+00  -1.986983E+00        11
   3.957332E+02   3.685600E+04   8.005953E-01   8.005953E-01   8.984100E-01   8.005953E-01  -8.353384E+00   2.668415E+00  -1.986983E+00        11
   3.967332E+02   3.712800E+04   8.005953E-01   8.005953E-01   8.984100E-01   8.005953E-01  -8.374077E+00   2.663242E+00  -1.986983E+00        11
   3.977332E+02   3.740100E+04   8.005953E-01   8.005953E-01   8.984100E-01   8.005953E-01  -8.394694E+00   2.658087E+00  -1.986983E+00        11
   3.987332E+02   3.767500E+04   8.005953E-01   8.005953E-01   8.984100E-01   8.005953E-01  -8.415236E+00   2.652952E+00  -1.986983E+00        11
   3.997332E+02   3.795000E+04   8.005953E-01   8.005953E-01   8.984100E-01   8.005953E-01  -8.435703E+00   2.647835E+00  -1.986983E+00        11
   4.007332E+02   3.822600E+04   8.005953E-01   8.005953E-01   8.984100E-01   8.005953E-01  -8.456096E+00   2.642737E+00  -1.986983E+00        11
   4.017332E+02   3.850300E+04   8.005953E-01   8.005953E-01   8.984100E-01   8.005953E-01  -8.476416E+00   2.637657E+00  -1.986983E+00        11
   4.027332E+02   3.878100E+04   8.005953E-01   8.005953E-01   8.984100E-01   8.005953E-01  -8.496662E+00   2.632595E+00  -1.986983E+00        11
   4.037332E+02   3.906000E+04   8.005953E-01   8.005953E-01   8.984100E-01   8.005953E-01  -8.516836E+00   2.627552E+00  -1.986983E+00        11
   4.047332E+02   3.934000E+04   8.005953E-01   8.005953E-01   8.984100E-01   8.005953E-01  -8.536937E+00   2.622527E+00  -1.986983E+00        11
   4.057332E+02   3.962100E+04   8.005953E-01   8.005953E-01   8.984100E-01   8.005953E-01  -8.556968E+00   2.617519E+00  -1.986983E+00        11
   4.067332E+02   3.990300E+04   8.005953E-01   8.005953E-01   8.984100E-01   8.005953E-01  -8.576927E+00   2.612529E+00  -1.986983E+00        11
   4.077332E+02   4.018600E+04   8.005953E-01   8.005953E-01   8.984100E-01   8.005953E-01  -8.596815E+00   2.607557E+00  -1.986983E+00        11
   4.087332E+02   4.047000E+04   8.005953E-01   8.005953E-01   8.984100E-01   8.005953E-01  -8.616634E+00   2.602603E+00  -1.986983E+00        11
   4.097332E+02   4.075500E+04   8.005953E-01   8.005953E-01   8.984100E-01   8.005953E-01  -8.636383E+00   2.597665E+00  -1.986983E+00        11
   4.107332E+02   4.104100E+04   8.005953E-01   8.005953E-01   8.984100E-01   8.005953E-01  -8.656063E+00   2.592745E+00  -1.986983E+00        11
   4.117332E+02   4.132800E+04   8.005953E-01   8.005953E-01   8.984100E-01   8.005953E-01  -8.675674E+00   2.587842E+00  -1.986983E+00        11
   4.127332E+02   4.161600E+04   8.005953E-01   8.005953E-01   8.984100E-01   8.005953E-01  -8.695217E+00   2.582957E+00  -1.986983E+00        11
   4.137332E+02   4.190500E+04   8.005953E-01   8.005953E-01   8.984100E-01   8.005953E-01  -8.714693E+00   2.578088E+00  -1.986983E+00        11
   4.147332E+02   4.219500E+04   8.005953E-01   8.005953E-01   8.984100E-01   8.005953E-01  -8.734102E+00   2.573236E+00  -1.986983E+00        11
   4.157332E+02   4.248600E+04   8.005953E-01   8.005953E-01   8.984100E-01   8.005953E-01  -8.753443E+00   2.568400E+00  -1.986983E+00        11
   4.167332E+02   4.277800E+04   8.005953E-01   8.005953E-01   8.984100E-01   8.005953E-01  -8.772719E+00   2.563581E+00  -1.986983E+00        11
   4.177332E+02   4.307100E+04   8.005953E-01   8.005953E-01   8.984100E-01   8.005953E-01  -8.791929E+00   2.558779E+00  -1.986983E+00        11
   4.187332E+02   4.336500E+04   8.005953E-01   8.005953E-01   8.984100E-01   8.005953E-01  -8.811073E+00   2.553993E+00  -1.986983E+00        11
   4.197332E+02   4.366000E+04   8.005953E-01   8.005953E-01   8.984100E-01   8.005953E-01  -8.830153E+00   2.549223E+00  -1.986983E+00        11
   4.207332E+02   4.395600E+04   8.005953E-01   8.005953E-01   8.984100E-01   8.005953E-01  -8.849168E+00   2.544469E+00  -1.986983E+00        11
   4.217332E+02   4.425300E+04   8.005953E-01   8.005953E-01   8.984100E-01   8.005953E-01  -8.868119E+00   2.539731E+00  -1.986983E+00        11
   4.227332E+02   4.455100E+04   8.005953E-01   8.005953E-01   8.984100E-01   8.005953E-01  -8.887006E+00   2.535009E+00  -1.986983E+00        11
   4.237332E+02   4.485000E+04   8.005953E-01   8.005953E-01   8.984100E-01   8.005953E-01  -8.905831E+00   2.530303E+00  -1.986983E+00        11
   4.247332E+02   4.515000E+04   8.005953E-01   8.005953E-01   8.984100E-01   8.005953E-01  -8.924592E+00   2.525613E+00  -1.986983E+00        11
   4.257332E+02   4.545100E+04   8.005953E-01   8.005953E-01   8.984100E-01   8.005953E-01  -8.943291E+00   2.520938E+00  -1.986983E+00        11
   4.267332E+02   4.575300E+04   8.005953E-01   8.005953E-01   8.984100E-01   8.005953E-01  -8.961929E+00   2.516279E+00  -1.986983E+00        11
   4.277332E+02   4.605600E+04   8.005953E-01   8.005953E-01   8.984100E-01   8.005953E-01  -8.980504E+00   2.511635E+00  -1.986983E+00        11
   4.287332E+02   4.636000E+04   8.005953E-01   8.005953E-01   8.984100E-01   8.005953E-01  -8.999019E+00   2.507006E+00  -1.986983E+00        11
   4.297332E+02   4.666500E+04   8.005953E-01   8.005953E-01   8.984100E-01   8.005953E-01  -9.017473E+00   2.502393E+00  -1.986983E+00        11
   4.307332E+02   4.697100E+04   8.005953E-01   8.005953E-01   8.984100E-01   8.005953E-01  -9.035867E+00   2.497794E+00  -1.986983E+00        11
   4.317332E+02   4.727800E+04   8.005953E-01   8.005953E-01   8.984100E-01   8.005953E-01  -9.054201E+00   2.493211E+00  -1.986983E+00        11
   4.327332E+02   4.758600E+04   8.005953E-01   8.005953E-01   8.984100E-01   8.005953E-01  -9.072475E+00   2.488642E+00  -1.986983E+00        11
   4.337332E+02   4.789500E+04   8.005953E-01   8.005953E-01   8.984100E-01   8.005953E-01  -9.090690E+00   2.484089E+00  -1.986983E+00        11
   4.347332E+02   4.820500E+04   8.005953E-01   8.005953E-01   8.984100E-01   8.005953E-01  -9.108846E+00   2.479549E+00  -1.986983E+00        11
   4.357332E+02   4.851600E+04   8.005953E-01   8.005953E-01   8.984100E-01   8.005953E-01  -9.126944E+00   2.475025E+00  -1.986983E+00        11
   4.367332E+02   4.882800E+04   8.005953E-01   8.005953E-01   8.984100E-01   8.005953E-01  -9.144984E+00   2.470515E+00  -1.986983E+00        11
   4.377332E+02   4.914100E+04   8.005953E-01   8.005953E-01   8.984100E-01   8.005953E-01  -9.162966E+00   2.466019E+00  -1.986983E+00        11
   4.387332E+02   4.945500E+04   8.005953E-01   8.005953E-01   8.984100E-01   8.005953E-01  -9.180891E+00   2.461538E+00  -1.986983E+00        11
   4.397332E+02   4.977000E+04   8.005953E-01   8.005953E-01   8.984100E-01   8.005953E-01  -9.198760E+00   2.457071E+00  -1.986983E+00        11
   4.407332E+02   5.008600E+04   8.005953E-01   8.005953E-01   8.984100E-01   8.005953E-01  -9.216571E+00   2.452618E+00  -1.986983E+00        11
   4.417332E+02   5.040300E+04   8.005953E-01   8.005953E-01   8.984100E-01   8.005953E-01  -9.234327E+00   2.448179E+00  -1.986983E+00        11
   4.427332E+02   5.072100E+04   8.005953E-01   8.005953E-01   8.984100E-01   8.005953E-01  -9.252026E+00   2.443754E+00  -1.986983E+00        11
   4.437332E+02   5.104000E+04   8.005953E-01   8.005953E-01   8.984100E-01   8.005953E-01  -9.269670E+00   2.439343E+00  -1.986983E+00        11
   4.447332E+02   5.136000E+04   8.005953E-01   8.005953E-01   8.984100E-01   8.005953E-01  -9.287259E+00   2.434946E+00  -1.986983E+00        11
   4.457332E+02   5.168100E+04   8.005953E-01   8.005953E-01   8.984100E-01   8.005953E-01  -9.304793E+00   2.430563E+00  -1.986983E+00        11
   4.467332E+02   5.200300E+04   8.005953E-01   8.005953E-01   8.984100E-01   8.005953E-01  -9.322273E+00   2.426193E+00  -1.986983E+00        11
   4.477332E+02   5.232600E+04   8.005953E-01   8.005953E-01   8.984100E-01   8.005953E-01  -9.339699E+00   2.421836E+00  -1.986983E+00        11
   4.487332E+02   5.265000E+04   8.005953E-01   8.005953E-01   8.984100E-01   8.005953E-01  -9.357070E+00   2.417493E+00  -1.986983E+00        11
   4.497332E+02   5.297500E+04   8.005953E-01   8.005953E-01   8.984100E-01   8.005953E-01  -9.374389E+00   2.413164E+00  -1.986983E+00        11
   4.507332E+02   5.330100E+04   8.005953E-01   8.005953E-01   8.984100E-01   8.005953E-01  -9.391654E+00   2.408847E+00  -1.986983E+00        11
   4.517332E+02   5.362800E+04   8.005953E-01   8.005953E-01   8.984100E-01   8.005953E-01  -9.408866E+00   2.404544E+00  -1.986983E+00        11
   4.527332E+02   5.395600E+04   8.005953E-01   8.005953E-01   8.984100E-01   8.005953E-01  -9.426026E+00   2.400254E+00  -1.986983E+00        11
   4.537332E+02   5.428500E+04   8.005953E-01   8.005953E-01   8.984100E-01   8.005953E-01  -9.443134E+00   2.395977E+00  -1.986983E+00        11
   4.547332E+02   5.461500E+04   8.005953E-01   8.005953E-01   8.984100E-01   8.005953E-01  -9.460190E+00   2.391713E+00  -1.986983E+00        11
   4.557332E+02   5.494600E+04   8.005953E-01   8.005953E-01   8.984100E-01   8.005953E-01  -9.477195E+00   2.387462E+00  -1.986983E+00        11
   4.567332E+02   5.527800E+04   8.005953E-01   8.005953E-01   8.984100E-01   8.005953E-01  -9.494148E+00   2.383224E+00  -1.986983E+00        11
   4.577332E+02   5.561100E+04   8.005953E-01   8.005953E-01   8.984100E-01   8.005953E-01  -9.511050E+00   2.378998E+00  -1.986983E+00        11
   4.587332E+02   5.594500E+04   8.005953E-01   8.005953E-01   8.984100E-01   8.005953E-01  -9.527902E+00   2.374786E+00  -1.986983E+00        11
   4.597332E+02   5.628000E+04   8.005953E-01   8.005953E-01   8.984100E-01   8.005953E-01  -9.544703E+00   2.370585E+00  -1.986983E+00        11
   4.607332E+02   5.661600E+04   8.005953E-01   8.005953E-01   8.984100E-01   8.005953E-01  -9.561455E+00   2.366397E+00  -1.986983E+00        11
   4.617332E+02   5.695300E+04   8.005953E-01   8.005953E-01   8.984100E-01   8.005953E-01  -9.578156E+00   2.362222E+00  -1.986983E+00        11
   4.627332E+02   5.729100E+04   8.005953E-01   8.005953E-01   8.984100E-01   8.005953E-01  -9.594808E+00   2.358059E+00  -1.986983E+00        11
   4.637332E+02   5.763000E+04   8.005953E-01   8.005953E-01   8.984100E-01   8.005953E-01  -9.611412E+00   2.353908E+00  -1.986983E+00        11
   4.647332E+02   5.797000E+04   8.005953E-01   8.005953E-01   8.984100E-01   8.005953E-01  -9.627966E+00   2.349770E+00  -1.986983E+00        11
   4.657332E+02   5.831100E+04   8.005953E-01   8.005953E-01   8.984100E-01   8.005953E-01  -9.644472E+00   2.345643E+00  -1.986983E+00        11
   4.667332E+02   5.865300E+04   8.005953E-01   8.005953E-01   8.984100E-01   8.005953E-01  -9.660929E+00   2.341529E+00  -1.986983E+00        11
   4.677332E+02   5.899600E+04   8.005953E-01   8.005953E-01   8.984100E-01   8.005953E-01  -9.677339E+00   2.337426E+00  -1.986983E+00        11
   4.687332E+02   5.934000E+04   8.005953E-01   8.005953E-01   8.984100E-01   8.005953E-01  -9.693700E+00   2.333336E+00  -1.986983E+00        11
   4.697332E+02   5.968500E+04   8.005953E-01   8.005953E-01   8.984100E-01   8.005953E-01  -9.710015E+00   2.329257E+00  -1.986983E+00        11
   4.707332E+02   6.003100E+04   8.005953E-01   8.005953E-01   8.984100E-01   8.005953E-01  -9.726282E+00   2.325190E+00  -1.986983E+00        11
   4.717332E+02   6.037800E+04   8.005953E-01   8.005953E-01   8.984100E-01   8.005953E-01  -9.742502E+00   2.321135E+00  -1.986983E+00        11
   4.727332E+02   6.072600E+04   8.005953E-01   8.005953E-01   8.984100E-01   8.005953E-01  -9.758676E+00   2.317092E+00  -1.986983E+00        11
   4.737332E+02   6.107500E+04   8.005953E-01   8.005953E-01   8.984100E-01   8.005953E-01  -9.774804E+00   2.313060E+00  -1.986983E+00        11
   4.747332E+02   6.142500E+04   8.005953E-01   8.005953E-01   8.984100E-01   8.005953E-01  -9.790885E+00   2.309040E+00  -1.986983E+00        11
   4.757332E+02   6.177600E+04   8.005953E-01   8.005953E-01   8.984100E-01   8.005953E-01  -9.806920E+00   2.305031E+00  -1.986983E+00        11
   4.767332E+02   6.212800E+04   8.005953E-01   8.005953E-01   8.984100E-01   8.005953E-01  -9.822910E+00   2.301033E+00  -1.986983E+00        11
   4.777332E+02   6.248100E+04   8.005953E-01   8.005953E-01   8.984100E-01   8.005953E-01  -9.838855E+00   2.297047E+00  -1.986983E+00        11
   4.787332E+02   6.283500E+04   8.005953E-01   8.005953E-01   8.984100E-01   8.005953E-01  -9.854755E+00   2.293072E+00  -1.986983E+00        11
   4.797332E+02   6.319000E+04   8.005953E-01   8.005953E-01   8.984100E-01   8.005953E-01  -9.870609E+00   2.289109E+00  -1.986983E+00        11
   4.807332E+02   6.354600E+04   8.005953E-01   8.005953E-01   8.984100E-01   8.005953E-01  -9.886420E+00   2.285156E+00  -1.986983E+00        11
   4.817332E+02   6.390300E+04   8.005953E-01   8.005953E-01   8.984100E-01   8.005953E-01  -9.902186E+00   2.281215E+00  -1.986983E+00        11
   4.827332E+02   6.426100E+04   8.005953E-01   8.005953E-01   8.984100E-01   8.005953E-01  -9.917908E+00   2.277284E+00  -1.986983E+00        11
   4.837332E+02   6.462000E+04   8.005953E-01   8.005953E-01   8.984100E-01   8.005953E-01  -9.933586E+00   2.273365E+00  -1.986983E+00        11
   4.847332E+02   6.498000E+04   8.005953E-01   8.005953E-01   8.984100E-01   8.005953E-01  -9.949220E+00   2.269456E+00  -1.986983E+00        11
   4.857332E+02   6.534100E+04   8.005953E-01   8.005953E-01   8.984100E-01   8.005953E-01  -9.964812E+00   2.265558E+00  -1.986983E+00        11
   4.867332E+02   6.570300E+04   8.005953E-01   8.005953E-01   8.984100E-01   8.005953E-01  -9.980360E+00   2.261671E+00  -1.986983E+00        11
   4.877332E+02   6.606600E+04   8.005953E-01   8.005953E-01   8.984100E-01   8.005953E-01  -9.995865E+00   2.257795E+00  -1.986983E+00        11
   4.887332E+02   6.643000E+04   8.005953E-01   8.005953E-01   8.984100E-01   8.005953E-01  -1.001133E+01   2.253929E+00  -1.986983E+00        11
   4.897332E+02   6.679500E+04   8.005953E-01   8.005953E-01   8.984100E-01   8.005953E-01  -1.002675E+01   2.250074E+00  -1.986983E+00        11
   4.907332E+02   6.716100E+04   8.005953E-01   8.005953E-01   8.984100E-01   8.005953E-01  -1.004213E+01   2.246229E+00  -1.986983E+00        11
   4.917332E+02   6.752800E+04   8.005953E-01   8.005953E-01   8.984100E-01   8.005953E-01  -1.005746E+01   2.242395E+00  -1.986983E+00        11
   4.927332E+02   6.789600E+04   8.005953E-01   8.005953E-01   8.984100E-01   8.005953E-01  -1.007276E+01   2.238571E+00  -1.986983E+00        11
   4.937332E+02   6.826500E+04   8.005953E-01   8.005953E-01   8.984100E-01   8.005953E-01  -1.008801E+01   2.234758E+00  -1.986983E+00        11
   4.947332E+02   6.863500E+04   8.005953E-01   8.005953E-01   8.984100E-01   8.005953E-01  -1.010322E+01   2.230955E+00  -1.986983E+00        11
   4.957332E+02   6.900600E+04   8.005953E-01   8.005953E-01   8.984100E-01   8.005953E-01  -1.011839E+01   2.227162E+00  -1.986983E+00        11
   4.967332E+02   6.937800E+04   8.005953E-01   8.005953E-01   8.984100E-01   8.005953E-01  -1.013352E+01   2.223380E+00  -1.986983E+00        11
   4.977332E+02   6.975100E+04   8.005953E-01   8.005953E-01   8.984100E-01   8.005953E-01  -1.014861E+01   2.219607E+00  -1.986983E+00        11
   4.987332E+02   7.012500E+04   8.005953E-01   8.005953E-01   8.984100E-01   8.005953E-01  -1.016366E+01   2.215845E+00  -1.986983E+00        11
   4.997332E+02   7.050000E+04   8.005953E-01   8.005953E-01   8.984100E-01   8.005953E-01  -1.017867E+01   2.212093E+00  -1.986983E+00        11
   5.007332E+02   7.087600E+04   8.005953E-01   8.005953E-01   8.984100E-01   8.005953E-01  -1.019364E+01   2.208350E+00  -1.986983E+00        11
   5.017332E+02   7.125300E+04   8.005953E-01   8.005953E-01   8.984100E-01   8.005953E-01  -1.020857E+01   2.204618E+00  -1.986983E+00        11
   5.027332E+02   7.163100E+04   8.005953E-01   8.005953E-01   8.984100E-01   8.005953E-01  -1.022346E+01   2.200895E+00  -1.986983E+00        11
   5.037332E+02   7.201000E+04   8.005953E-01   8.005953E-01   8.984100E-01   8.005953E-01  -1.023831E+01   2.197183E+00  -1.986983E+00        11
   5.047332E+02   7.239000E+04   8.005953E-01   8.005953E-01   8.984100E-01   8.005953E-01  -1.025312E+01   2.193480E+00  -1.986983E+00        11
   5.057332E+02   7.277100E+04   8.005953E-01   8.005953E-01   8.984100E-01   8.005953E-01  -1.026790E+01   2.189787E+00  -1.986983E+00        11
   5.067332E+02   7.315300E+04   8.005953E-01   8.005953E-01   8.984100E-01   8.005953E-01  -1.028263E+01   2.186103E+00  -1.986983E+00        11
   5.077332E+02   7.353600E+04   8.005953E-01   8.005953E-01   8.984100E-01   8.005953E-01  -1.029733E+01   2.182429E+00  -1.986983E+00        11
   5.087332E+02   7.392000E+04   8.005953E-01   8.005953E-01   8.984100E-01   8.005953E-01  -1.031198E+01   2.178765E+00  -1.986983E+00        11
   5.097332E+02   7.430500E+04   8.005953E-01   8.005953E-01   8.984100E-01   8.005953E-01  -1.032660E+01   2.175110E+00  -1.986983E+00        11
   5.107332E+02   7.469100E+04   8.005953E-01   8.005953E-01   8.984100E-01   8.005953E-01  -1.034119E+01   2.171465E+00  -1.986983E+00        11
   5.117332E+02   7.507800E+04   8.005953E-01   8.005953E-01   8.984100E-01   8.005953E-01  -1.035573E+01   2.167829E+00  -1.986983E+00        11
   5.127332E+02   7.546600E+04   8.005953E-01   8.005953E-01   8.984100E-01   8.005953E-01  -1.037024E+01   2.164202E+00  -1.986983E+00        11
   5.137332E+02   7.585500E+04   8.005953E-01   8.005953E-01   8.984100E-01   8.005953E-01  -1.038471E+01   2.160585E+00  -1.986983E+00        11
   5.147332E+02   7.624500E+04   8.005953E-01   8.005953E-01   8.984100E-01   8.005953E-01  -1.039914E+01   2.156977E+00  -1.986983E+00        11
   5.157332E+02   7.663600E+04   8.005953E-01   8.005953E-01   8.984100E-01   8.005953E-01  -1.041353E+01   2.153378E+00  -1.986983E+00        11
   5.167332E+02   7.702800E+04   8.005953E-01   8.005953E-01   8.984100E-01   8.005953E-01  -1.042789E+01   2.149788E+00  -1.986983E+00        11
   5.177332E+02   7.742100E+04   8.005953E-01   8.005953E-01   8.984100E-01   8.005953E-01  -1.044221E+01   2.146208E+00  -1.986983E+00        11
   5.187332E+02   7.781500E+04   8.005953E-01   8.005953E-01   8.984100E-01   8.005953E-01  -1.045650E+01   2.142637E+00  -1.986983E+00        11
   5.197332E+02   7.821000E+04   8.005953E-01   8.005953E-01   8.984100E-01   8.005953E-01  -1.047075E+01   2.139074E+00  -1.986983E+00        11
   5.207332E+02   7.860600E+04   8.005953E-01   8.005953E-01   8.984100E-01   8.005953E-01  -1.048496E+01   2.135521E+00  -1.986983E+00        11
   5.217332E+02   7.900300E+04   8.005953E-01   8.005953E-01   8.984100E-01   8.005953E-01  -1.049914E+01   2.131977E+00  -1.986983E+00        11
   5.227332E+02   7.940100E+04   8.005953E-01   8.005953E-01   8.984100E-01   8.005953E-01  -1.051328E+01   2.128441E+00  -1.986983E+00        11
   5.237332E+02   7.980000E+04   8.005953E-01   8.005953E-01   8.984100E-01   8.005953E-01  -1.052739E+01   2.124914E+00  -1.986983E+00        11
   5.247332E+02   8.020000E+04   8.005953E-01   8.005953E-01   8.984100E-01   8.005953E-01  -1.054146E+01   2.121397E+00  -1.986983E+00        11
   5.257332E+02   8.060100E+04   8.005953E-01   8.005953E-01   8.984100E-01   8.005953E-01  -1.055549E+01   2.117888E+00  -1.986983E+00        11
   5.267332E+02   8.100300E+04   8.005953E-01   8.005953E-01   8.984100E-01   8.005953E-01  -1.056949E+01   2.114387E+00  -1.986983E+00        11
   5.277332E+02   8.140600E+04   8.005953E-01   8.005953E-01   8.984100E-01   8.005953E-01  -1.058346E+01   2.110896E+00  -1.986983E+00        11
   5.287332E+02   8.181000E+04   8.005953E-01   8.005953E-01   8.984100E-01   8.005953E-01  -1.059739E+01   2.107413E+00  -1.986983E+00        11
   5.297332E+02   8.221500E+04   8.005953E-01   8.005953E-01   8.984100E-01   8.005953E-01  -1.061129E+01   2.103938E+00  -1.986983E+00        11
   5.307332E+02   8.262100E+04   8.005953E-01   8.005953E-01   8.984100E-01   8.005953E-01  -1.062515E+01   2.100473E+00  -1.986983E+00        11
   5.317332E+02   8.302800E+04   8.005953E-01   8.005953E-01   8.984100E-01   8.005953E-01  -1.063898E+01   2.097015E+00  -1.986983E+00        11
   5.327332E+02   8.343600E+04   8.005953E-01   8.005953E-01   8.984100E-01   8.005953E-01  -1.065278E+01   2.093567E+00  -1.986983E+00        11
   5.337332E+02   8.384500E+04   8.005953E-01   8.005953E-01   8.984100E-01   8.005953E-01  -1.066654E+01   2.090126E+00  -1.986983E+00        11
   5.347332E+02   8.425500E+04   8.005953E-01   8.005953E-01   8.984100E-01   8.005953E-01  -1.068027E+01   2.086694E+00  -1.986983E+00        11
   5.357332E+02   8.466600E+04   8.005953E-01   8.005953E-01   8.984100E-01   8.005953E-01  -1.069396E+01   2.083271E+00  -1.986983E+00        11
   5.367332E+02   8.507800E+04   8.005953E-01   8.005953E-01   8.984100E-01   8.005953E-01  -1.070762E+01   2.079855E+00  -1.986983E+00        11
   5.377332E+02   8.549100E+04   8.005953E-01   8.005953E-01   8.984100E-01   8.005953E-01  -1.072125E+01   2.076448E+00  -1.986983E+00        11
   5.387332E+02   8.590500E+04   8.005953E-01   8.005953E-01   8.984100E-01   8.005953E-01  -1.073485E+01   2.073049E+00  -1.986983E+00        11
   5.397332E+02   8.632000E+04   8.005953E-01   8.005953E-01   8.984100E-01   8.005953E-01  -1.074841E+01   2.069659E+00  -1.986983E+00        11
   5.407332E+02   8.673600E+04   8.005953E-01   8.005953E-01   8.984100E-01   8.005953E-01  -1.076194E+01   2.066276E+00  -1.986983E+00        11
   5.417332E+02   8.715300E+04   8.005953E-01   8.005953E-01   8.984100E-01   8.005953E-01  -1.077544E+01   2.062902E+00  -1.986983E+00        11
   5.427332E+02   8.757100E+04   8.005953E-01   8.005953E-01   8.984100E-01   8.005953E-01  -1.078890E+01   2.059536E+00  -1.986983E+00        11
   5.437332E+02   8.799000E+04   8.005953E-01   8.005953E-01   8.984100E-01   8.005953E-01  -1.080233E+01   2.056177E+00  -1.986983E+00        11
   5.447332E+02   8.841000E+04   8.005953E-01   8.005953E-01   8.984100E-01   8.005953E-01  -1.081574E+01   2.052827E+00  -1.986983E+00        11
   5.457332E+02   8.883100E+04   8.005953E-01   8.005953E-01   8.984100E-01   8.005953E-01  -1.082911E+01   2.049485E+00  -1.986983E+00        11
   5.467332E+02   8.925300E+04   8.005953E-01   8.005953E-01   8.984100E-01   8.005953E-01  -1.084244E+01   2.046150E+00  -1.986983E+00        11
   5.477332E+02   8.967600E+04   8.005953E-01   8.005953E-01   8.984100E-01   8.005953E-01  -1.085575E+01   2.042824E+00  -1.986983E+00        11
   5.487332E+02   9.010000E+04   8.005953E-01   8.005953E-01   8.984100E-01   8.005953E-01  -1.086902E+01   2.039505E+00  -1.986983E+00        11
   5.497332E+02   9.052500E+04   8.005953E-01   8.005953E-01   8.984100E-01   8.005953E-01  -1.088227E+01   2.036194E+00  -1.986983E+00        11
   5.507332E+02   9.095100E+04   8.005953E-01   8.005953E-01   8.984100E-01   8.005953E-01  -1.089548E+01   2.032891E+00  -1.986983E+00        11
   5.517332E+02   9.137800E+04   8.005953E-01   8.005953E-01   8.984100E-01   8.005953E-01  -1.090866E+01   2.029596E+00  -1.986983E+00        11
   5.527332E+02   9.180600E+04   8.005953E-01   8.005953E-01   8.984100E-01   8.005953E-01  -1.092181E+01   2.026308E+00  -1.986983E+00        11
   5.537332E+02   9.223500E+04   8.005953E-01   8.005953E-01   8.984100E-01   8.005953E-01  -1.093493E+01   2.023028E+00  -1.986983E+00        11
   5.547332E+02   9.266500E+04   8.005953E-01   8.005953E-01   8.984100E-01   8.005953E-01  -1.094802E+01   2.019756E+00  -1.986983E+00        11
   5.557332E+02   9.309600E+04   8.005953E-01   8.005953E-01   8.984100E-01   8.005953E-01  -1.096108E+01   2.016491E+00  -1.986983E+00        11
   5.567332E+02   9.352800E+04   8.005953E-01   8.005953E-01   8.984100E-01   8.005953E-01  -1.097411E+01   2.013234E+00  -1.986983E+00        11
   5.577332E+02   9.396100E+04   8.005953E-01   8.005953E-01   8.984100E-01   8.005953E-01  -1.098711E+01   2.009984E+00  -1.986983E+00        11
   5.587332E+02   9.439500E+04   8.005953E-01   8.005953E-01   8.984100E-01   8.005953E-01  -1.100008E+01   2.006742E+00  -1.986983E+00        11
   5.597332E+02   9.483000E+04   8.005953E-01   8.005953E-01   8.984100E-01   8.005953E-01  -1.101302E+01   2.003507E+00  -1.986983E+00        11
   5.607332E+02   9.526600E+04   8.005953E-01   8.005953E-01   8.984100E-01   8.005953E-01  -1.102592E+01   2.000280E+00  -1.986983E+00        11
   5.617332E+02   9.570300E+04   8.005953E-01   8.005953E-01   8.984100E-01   8.005953E-01  -1.103880E+01   1.997060E+00  -1.986983E+00        11
   5.627332E+02   9.614100E+04   8.005953E-01   8.005953E-01   8.984100E-01   8.005953E-01  -1.105165E+01   1.993847E+00  -1.986983E+00        11
   5.637332E+02   9.658000E+04   8.005953E-01   8.005953E-01   8.984100E-01   8.005953E-01  -1.106448E+01   1.990642E+00  -1.986983E+00        11
   5.647332E+02   9.702000E+04   8.005953E-01   8.005953E-01   8.984100E-01   8.005953E-01  -1.107727E+01   1.987444E+00  -1.986983E+00        11
   5.657332E+02   9.746100E+04   8.005953E-01   8.005953E-01   8.984100E-01   8.005953E-01  -1.109003E+01   1.984253E+00  -1.986983E+00        11
   5.667332E+02   9.790300E+04   8.005953E-01   8.005953E-01   8.984100E-01   8.005953E-01  -1.110276E+01   1.981070E+00  -1.986983E+00        11
   5.677332E+02   9.834600E+04   8.005953E-01   8.005953E-01   8.984100E-01   8.005953E-01  -1.111547E+01   1.977893E+00  -1.986983E+00        11
   5.687332E+02   9.879000E+04   8.005953E-01   8.005953E-01   8.984100E-01   8.005953E-01  -1.112815E+01   1.974724E+00  -1.986983E+00        11
   5.697332E+02   9.923500E+04   8.005953E-01   8.005953E-01   8.984100E-01   8.005953E-01  -1.114079E+01   1.971562E+00  -1.986983E+00        11
   5.707332E+02   9.968100E+04   8.005953E-01   8.005953E-01   8.984100E-01   8.005953E-01  -1.115341E+01   1.968407E+00  -1.986983E+00        11
   5.717332E+02   1.001280E+05   8.005953E-01   8.005953E-01   8.984100E-01   8.005953E-01  -1.116601E+01   1.965259E+00  -1.986983E+00        11
   5.727332E+02   1.005760E+05   8.005953E-01   8.005953E-01   8.984100E-01   8.005953E-01  -1.117857E+01   1.962118E+00  -1.986983E+00        11
   5.737332E+02   1.010250E+05   8.005953E-01   8.005953E-01   8.984100E-01   8.005953E-01  -1.119111E+01   1.958985E+00  -1.986983E+00        11
   5.747332E+02   1.014750E+05   8.005953E-01   8.005953E-01   8.984100E-01   8.005953E-01  -1.120361E+01   1.955858E+00  -1.986983E+00        11
   5.757332E+02   1.019260E+05   8.005953E-01   8.005953E-01   8.984100E-01   8.005953E-01  -1.121609E+01   1.952738E+00  -1.986983E+00        11
   5.767332E+02   1.023780E+05   8.005953E-01   8.005953E-01   8.984100E-01   8.005953E-01  -1.122855E+01   1.949625E+00  -1.986983E+00        11
   5.777332E+02   1.028310E+05   8.005953E-01   8.005953E-01   8.984100E-01   8.005953E-01  -1.124097E+01   1.946518E+00  -1.986983E+00        11
   5.787332E+02   1.032850E+05   8.005953E-01   8.005953E-01   8.984100E-01   8.005953E-01  -1.125337E+01   1.943419E+00  -1.986983E+00        11
   5.797332E+02   1.037400E+05   8.005953E-01   8.005953E-01   8.984100E-01   8.005953E-01  -1.126574E+01   1.940326E+00  -1.986983E+00        11
   5.807332E+02   1.041960E+05   8.005953E-01   8.005953E-01   8.984100E-01   8.005953E-01  -1.127808E+01   1.937241E+00  -1.986983E+00        11
   5.817332E+02   1.046530E+05   8.005953E-01   8.005953E-01   8.984100E-01   8.005953E-01  -1.129040E+01   1.934162E+00  -1.986983E+00        11
   5.827332E+02   1.051110E+05   8.005953E-01   8.005953E-01   8.984100E-01   8.005953E-01  -1.130269E+01   1.931089E+00  -1.986983E+00        11
   5.837332E+02   1.055700E+05   8.005953E-01   8.005953E-01   8.984100E-01   8.005953E-01  -1.131495E+01   1.928024E+00  -1.986983E+00        11
   5.847332E+02   1.060300E+05   8.005953E-01   8.005953E-01   8.984100E-01   8.005953E-01  -1.132718E+01   1.924965E+00  -1.986983E+00        11
   5.857332E+02   1.064910E+05   8.005953E-01   8.005953E-01   8.984100E-01   8.005953E-01  -1.133939E+01   1.921912E+00  -1.986983E+00        11
   5.867332E+02   1.069530E+05   8.005953E-01   8.005953E-01   8.984100E-01   8.005953E-01  -1.135158E+01   1.918867E+00  -1.986983E+00        11
   5.877332E+02   1.074160E+05   8.005953E-01   8.005953E-01   8.984100E-01   8.005953E-01  -1.136373E+01   1.915828E+00  -1.986983E+00        11
   5.887332E+02   1.078800E+05   8.005953E-01   8.005953E-01   8.984100E-01   8.005953E-01  -1.137586E+01   1.912795E+00  -1.986983E+00        11
   5.897332E+02   1.083450E+05   8.005953E-01   8.005953E-01   8.984100E-01   8.005953E-01  -1.138797E+01   1.909769E+00  -1.986983E+00        11
   5.907332E+02   1.088110E+05   8.005953E-01   8.005953E-01   8.984100E-01   8.005953E-01  -1.140005E+01   1.906749E+00  -1.986983E+00        11
   5.917332E+02   1.092780E+05   8.005953E-01   8.005953E-01   8.984100E-01   8.005953E-01  -1.141210E+01   1.903736E+00  -1.986983E+00        11
   5.927332E+02   1.097460E+05   8.005953E-01   8.005953E-01   8.984100E-01   8.005953E-01  -1.142413E+01   1.900730E+00  -1.986983E+00        11
   5.937332E+02   1.102150E+05   8.005953E-01   8.005953E-01   8.984100E-01   8.005953E-01  -1.143613E+01   1.897729E+00  -1.986983E+00        11
   5.947332E+02   1.106850E+05   8.005953E-01   8.005953E-01   8.984100E-01   8.005953E-01  -1.144810E+01   1.894736E+00  -1.986983E+00        11
   5.957332E+02   1.111560E+05   8.005953E-01   8.005953E-01   8.984100E-01   8.005953E-01  -1.146005E+01   1.891748E+00  -1.986983E+00        11
   5.967332E+02   1.116280E+05   8.005953E-01   8.005953E-01   8.984100E-01   8.005953E-01  -1.147198E+01   1.888767E+00  -1.986983E+00        11
   5.977332E+02   1.121010E+05   8.005953E-01   8.005953E-01   8.984100E-01   8.005953E-01  -1.148388E+01   1.885792E+00  -1.986983E+00        11
   5.987332E+02   1.125750E+05   8.005953E-01   8.005953E-01   8.984100E-01   8.005953E-01  -1.149575E+01   1.882823E+00  -1.986983E+00        11
   5.997332E+02   1.130500E+05   8.005953E-01   8.005953E-01   8.984100E-01   8.005953E-01  -1.150760E+01   1.879861E+00  -1.986983E+00        11
   6.007332E+02   1.135260E+05   8.005953E-01   8.005953E-01   8.984100E-01   8.005953E-01  -1.151942E+01   1.876905E+00  -1.986983E+00        11
   6.017332E+02   1.140030E+05   8.005953E-01   8.005953E-01   8.984100E-01   8.005953E-01  -1.153122E+01   1.873955E+00  -1.986983E+00        11
   6.027332E+02   1.144810E+05   8.005953E-01   8.005953E-01   8.984100E-01   8.005953E-01  -1.154300E+01   1.871011E+00  -1.986983E+00        11
   6.037332E+02   1.149600E+05   8.005953E-01   8.005953E-01   8.984100E-01   8.005953E-01  -1.155475E+01   1.868074E+00  -1.986983E+00        11
   6.047332E+02   1.154400E+05   8.005953E-01   8.005953E-01   8.984100E-01   8.005953E-01  -1.156648E+01   1.865142E+00  -1.986983E+00        11
   6.057332E+02   1.159210E+05   8.005953E-01   8.005953E-01   8.984100E-01   8.005953E-01  -1.157818E+01   1.862217E+00  -1.986983E+00        11
   6.067332E+02   1.164030E+05   8.005953E-01   8.005953E-01   8.984100E-01   8.005953E-01  -1.158985E+01   1.859297E+00  -1.986983E+00        11
   6.077332E+02   1.168860E+05   8.005953E-01   8.005953E-01   8.984100E-01   8.005953E-01  -1.160151E+01   1.856384E+00  -1.986983E+00        11
   6.087332E+02   1.173700E+05   8.005953E-01   8.005953E-01   8.984100E-01   8.005953E-01  -1.161314E+01   1.853477E+00  -1.986983E+00        11
   6.097332E+02   1.178550E+05   8.005953E-01   8.005953E-01   8.984100E-01   8.005953E-01  -1.162474E+01   1.850576E+00  -1.986983E+00        11
   6.107332E+02   1.183410E+05   8.005953E-01   8.005953E-01   8.984100E-01   8.005953E-01  -1.163632E+01   1.847680E+00  -1.986983E+00        11
   6.117332E+02   1.188280E+05   8.005953E-01   8.005953E-01   8.984100E-01   8.005953E-01  -1.164788E+01   1.844791E+00  -1.986983E+00        11
   6.127332E+02   1.193160E+05   8.005953E-01   8.005953E-01   8.984100E-01   8.005953E-01  -1.165941E+01   1.841908E+00  -1.986983E+00        11
   6.137332E+02   1.198050E+05   8.005953E-01   8.005953E-01   8.984100E-01   8.005953E-01  -1.167092E+01   1.839030E+00  -1.986983E+00        11
   6.147332E+02   1.202950E+05   8.005953E-01   8.005953E-01   8.984100E-01   8.005953E-01  -1.168241E+01   1.836158E+00  -1.986983E+00        11
   6.157332E+02   1.207860E+05   8.005953E-01   8.005953E-01   8.984100E-01   8.005953E-01  -1.169387E+01   1.833293E+00  -1.986983E+00        11
   6.167332E+02   1.212780E+05   8.005953E-01   8.005953E-01   8.984100E-01   8.005953E-01  -1.170531E+01   1.830433E+00  -1.986983E+00        11
   6.177332E+02   1.217710E+05   8.005953E-01   8.005953E-01   8.984100E-01   8.005953E-01  -1.171673E+01   1.827578E+00  -1.986983E+00        11
   6.187332E+02   1.222650E+05   8.005953E-01   8.005953E-01   8.984100E-01   8.005953E-01  -1.172812E+01   1.824730E+00  -1.986983E+00        11
   6.197332E+02   1.227600E+05   8.005953E-01   8.005953E-01   8.984100E-01   8.005953E-01  -1.173949E+01   1.821887E+00  -1.986983E+00        11
   6.207332E+02   1.232560E+05   8.005953E-01   8.005953E-01   8.984100E-01   8.005953E-01  -1.175084E+01   1.819050E+00  -1.986983E+00        11
   6.217332E+02   1.237530E+05   8.005953E-01   8.005953E-01   8.984100E-01   8.005953E-01  -1.176217E+01   1.816219E+00  -1.986983E+00        11
   6.227332E+02   1.242510E+05   8.005953E-01   8.005953E-01   8.984100E-01   8.005953E-01  -1.177347E+01   1.813394E+00  -1.986983E+00        11
   6.237332E+02   1.247500E+05   8.005953E-01   8.005953E-01   8.984100E-01   8.005953E-01  -1.178475E+01   1.810574E+00  -1.986983E+00        11
   6.247332E+02   1.252500E+05   8.005953E-01   8.005953E-01   8.984100E-01   8.005953E-01  -1.179601E+01   1.807760E+00  -1.986983E+00        11
   6.257332E+02   1.257510E+05   8.005953E-01   8.005953E-01   8.984100E-01   8.005953E-01  -1.180724E+01   1.804951E+00  -1.986983E+00        11
   6.267332E+02   1.262530E+05   8.005953E-01   8.005953E-01   8.984100E-01   8.005953E-01  -1.181845E+01   1.802148E+00  -1.986983E+00        11
   6.277332E+02   1.267560E+05   8.005953E-01   8.005953E-01   8.984100E-01   8.005953E-01  -1.182964E+01   1.799350E+00  -1.986983E+00        11
   6.287332E+02   1.272600E+05   8.005953E-01   8.005953E-01   8.984100E-01   8.005953E-01  -1.184081E+01   1.796559E+00  -1.986983E+00        11
   6.297332E+02   1.277650E+05   8.005953E-01   8.005953E-01   8.984100E-01   8.005953E-01  -1.185195E+01   1.793772E+00  -1.986983E+00        11
   6.307332E+02   1.282710E+05   8.005953E-01   8.005953E-01   8.984100E-01   8.005953E-01  -1.186308E+01   1.790991E+00  -1.986983E+00        11
   6.317332E+02   1.287780E+05   8.005953E-01   8.005953E-01   8.984100E-01   8.005953E-01  -1.187418E+01   1.788216E+00  -1.986983E+00        11
   6.327332E+02   1.292860E+05   8.005953E-01   8.005953E-01   8.984100E-01   8.005953E-01  -1.188526E+01   1.785446E+00  -1.986983E+00        11
   6.337332E+02   1.297950E+05   8.005953E-01   8.005953E-01   8.984100E-01   8.005953E-01  -1.189632E+01   1.782682E+00  -1.986983E+00        11
   6.347332E+02   1.303050E+05   8.005953E-01   8.005953E-01   8.984100E-01   8.005953E-01  -1.190735E+01   1.779923E+00  -1.986983E+00        11
   6.357332E+02   1.308160E+05   8.005953E-01   8.005953E-01   8.984100E-01   8.005953E-01  -1.191837E+01   1.777169E+00  -1.986983E+00        11
   6.367332E+02   1.313280E+05   8.005953E-01   8.005953E-01   8.984100E-01   8.005953E-01  -1.192936E+01   1.774421E+00  -1.986983E+00        11
   6.377332E+02   1.318410E+05   8.005953E-01   8.005953E-01   8.984100E-01   8.005953E-01  -1.194033E+01   1.771678E+00  -1.986983E+00        11
   6.387332E+02   1.323550E+05   8.005953E-01   8.005953E-01   8.984100E-01   8.005953E-01  -1.195128E+01   1.768940E+00  -1.986983E+00        11
   6.397332E+02   1.328700E+05   8.005953E-01   8.005953E-01   8.984100E-01   8.005953E-01  -1.196221E+01   1.766208E+00  -1.986983E+00        11
   6.407332E+02   1.333860E+05   8.005953E-01   8.005953E-01   8.984100E-01   8.005953E-01  -1.197312E+01   1.763481E+00  -1.986983E+00        11
   6.417332E+02   1.339030E+05   8.005953E-01   8.005953E-01   8.984100E-01   8.005953E-01  -1.198401E+01   1.760759E+00  -1.986983E+00        11
   6.427332E+02   1.344210E+05   8.005953E-01   8.005953E-01   8.984100E-01   8.005953E-01  -1.199487E+01   1.758043E+00  -1.986983E+00        11
   6.437332E+02   1.349400E+05   8.005953E-01   8.005953E-01   8.984100E-01   8.005953E-01  -1.200572E+01   1.755332E+00  -1.986983E+00        11
   6.447332E+02   1.354600E+05   8.005953E-01   8.005953E-01   8.984100E-01   8.005953E-01  -1.201654E+01   1.752626E+00  -1.986983E+00        11
   6.457332E+02   1.359810E+05   8.005953E-01   8.005953E-01   8.984100E-01   8.005953E-01  -1.202734E+01   1.749925E+00  -1.986983E+00        11
   6.467332E+02   1.365030E+05   8.005953E-01   8.005953E-01   8.984100E-01   8.005953E-01  -1.203813E+01   1.747229E+00  -1.986983E+00        11
   6.477332E+02   1.370260E+05   8.005953E-01   8.005953E-01   8.984100E-01   8.005953E-01  -1.204889E+01   1.744539E+00  -1.986983E+00        11
   6.487332E+02   1.375500E+05   8.005953E-01   8.005953E-01   8.984100E-01   8.005953E-01  -1.205963E+01   1.741853E+00  -1.986983E+00        11
   6.497332E+02   1.380750E+05   8.005953E-01   8.005953E-01   8.984100E-01   8.005953E-01  -1.207035E+01   1.739173E+00  -1.986983E+00        11
   6.507332E+02   1.386010E+05   8.005953E-01   8.005953E-01   8.984100E-01   8.005953E-01  -1.208105E+01   1.736498E+00  -1.986983E+00        11
   6.517332E+02   1.391280E+05   8.005953E-01   8.005953E-01   8.984100E-01   8.005953E-01  -1.209173E+01   1.733828E+00  -1.986983E+00        11
   6.527332E+02   1.396560E+05   8.005953E-01   8.005953E-01   8.984100E-01   8.005953E-01  -1.210239E+01   1.731163E+00  -1.986983E+00        11
   6.537332E+02   1.401850E+05   8.005953E-01   8.005953E-01   8.984100E-01   8.005953E-01  -1.211303E+01   1.728503E+00  -1.986983E+00        11
   6.547332E+02   1.407150E+05   8.005953E-01   8.005953E-01   8.984100E-01   8.005953E-01  -1.212365E+01   1.725848E+00  -1.986983E+00        11
   6.557332E+02   1.412460E+05   8.005953E-01   8.005953E-01   8.984100E-01   8.005953E-01  -1.213425E+01   1.723198E+00  -1.986983E+00        11
   6.567332E+02   1.417780E+05   8.005953E-01   8.005953E-01   8.984100E-01   8.005953E-01  -1.214483E+01   1.720553E+00  -1.986983E+00        11
   6.577332E+02   1.423110E+05   8.005953E-01   8.005953E-01   8.984100E-01   8.005953E-01  -1.215539E+01   1.717913E+00  -1.986983E+00        11
   6.587332E+02   1.428450E+05   8.005953E-01   8.005953E-01   8.984100E-01   8.005953E-01  -1.216593E+01   1.715278E+00  -1.986983E+00        11
   6.597332E+02   1.433800E+05   8.005953E-01   8.005953E-01   8.984100E-01   8.005953E-01  -1.217645E+01   1.712648E+00  -1.986983E+00        11
   6.607332E+02   1.439160E+05   8.005953E-01   8.005953E-01   8.984100E-01   8.005953E-01  -1.218695E+01   1.710023E+00  -1.986983E+00        11
   6.617332E+02   1.444530E+05   8.005953E-01   8.005953E-01   8.984100E-01   8.005953E-01  -1.219743E+01   1.707403E+00  -1.986983E+00        11
   6.627332E+02   1.449910E+05   8.005953E-01   8.005953E-01   8.984100E-01   8.005953E-01  -1.220790E+01   1.704787E+00  -1.986983E+00        11
   6.637332E+02   1.455300E+05   8.005953E-01   8.005953E-01   8.984100E-01   8.005953E-01  -1.221834E+01   1.702176E+00  -1.986983E+00        11
   6.647332E+02   1.460700E+05   8.005953E-01   8.005953E-01   8.984100E-01   8.005953E-01  -1.222876E+01   1.699571E+00  -1.986983E+00        11
   6.657332E+02   1.466110E+05   8.005953E-01   8.005953E-01   8.984100E-01   8.005953E-01  -1.223916E+01   1.696970E+00  -1.986983E+00        11
   6.667332E+02   1.471530E+05   8.005953E-01   8.005953E-01   8.984100E-01   8.005953E-01  -1.224955E+01   1.694374E+00  -1.986983E+00        11
   6.677332E+02   1.476960E+05   8.005953E-01   8.005953E-01   8.984100E-01   8.005953E-01  -1.225991E+01   1.691782E+00  -1.986983E+00        11
   6.687332E+02   1.482400E+05   8.005953E-01   8.005953E-01   8.984100E-01   8.005953E-01  -1.227026E+01   1.689196E+00  -1.986983E+00        11
   6.697332E+02   1.487850E+05   8.005953E-01   8.005953E-01   8.984100E-01   8.005953E-01  -1.228059E+01   1.686614E+00  -1.986983E+00        11
   6.707332E+02   1.493310E+05   8.005953E-01   8.005953E-01   8.984100E-01   8.005953E-01  -1.229090E+01   1.684037E+00  -1.986983E+00        11
   6.717332E+02   1.498780E+05   8.005953E-01   8.005953E-01   8.984100E-01   8.005953E-01  -1.230119E+01   1.681464E+00  -1.986983E+00        11
   6.727332E+02   1.504260E+05   8.005953E-01   8.005953E-01   8.984100E-01   8.005953E-01  -1.231146E+01   1.678896E+00  -1.986983E+00        11
   6.737332E+02   1.509750E+05   8.005953E-01   8.005953E-01   8.984100E-01   8.005953E-01  -1.232171E+01   1.676333E+00  -1.986983E+00        11
   6.747332E+02   1.515250E+05   8.005953E-01   8.005953E-01   8.984100E-01   8.005953E-01  -1.233194E+01   1.673775E+00  -1.986983E+00        11
   6.757332E+02   1.520760E+05   8.005953E-01   8.005953E-01   8.984100E-01   8.005953E-01  -1.234216E+01   1.671221E+00  -1.986983E+00        11
   6.767332E+02   1.526280E+05   8.005953E-01   8.005953E-01   8.984100E-01   8.005953E-01  -1.235236E+01   1.668672E+00  -1.986983E+00        11
   6.777332E+02   1.531810E+05   8.005953E-01   8.005953E-01   8.984100E-01   8.005953E-01  -1.236253E+01   1.666128E+00  -1.986983E+00        11
   6.787332E+02   1.537350E+05   8.005953E-01   8.005953E-01   8.984100E-01   8.005953E-01  -1.237269E+01   1.663588E+00  -1.986983E+00        11
   6.797332E+02   1.542900E+05   8.005953E-01   8.005953E-01   8.984100E-01   8.005953E-01  -1.238283E+01   1.661052E+00  -1.986983E+00        11
   6.807332E+02   1.548460E+05   8.005953E-01   8.005953E-01   8.984100E-01   8.005953E-01  -1.239296E+01   1.658522E+00  -1.986983E+00        11
   6.817332E+02   1.554030E+05   8.005953E-01   8.005953E-01   8.984100E-01   8.005953E-01  -1.240306E+01   1.655995E+00  -1.986983E+00        11
   6.827332E+02   1.559610E+05   8.005953E-01   8.005953E-01   8.984100E-01   8.005953E-01  -1.241315E+01   1.653474E+00  -1.986983E+00        11
   6.837332E+02   1.565200E+05   8.005953E-01   8.005953E-01   8.984100E-01   8.005953E-01  -1.242322E+01   1.650956E+00  -1.986983E+00        11
   6.847332E+02   1.570800E+05   8.005953E-01   8.005953E-01   8.984100E-01   8.005953E-01  -1.243327E+01   1.648444E+00  -1.986983E+00        11
   6.857332E+02   1.576410E+05   8.005953E-01   8.005953E-01   8.984100E-01   8.005953E-01  -1.244330E+01   1.645936E+00  -1.986983E+00        11
   6.867332E+02   1.582030E+05   8.005953E-01   8.005953E-01   8.984100E-01   8.005953E-01  -1.245332E+01   1.643432E+00  -1.986983E+00        11
   6.877332E+02   1.587660E+05   8.005953E-01   8.005953E-01   8.984100E-01   8.005953E-01  -1.246331E+01   1.640932E+00  -1.986983E+00        11
   6.887332E+02   1.593300E+05   8.005953E-01   8.005953E-01   8.984100E-01   8.005953E-01  -1.247329E+01   1.638438E+00  -1.986983E+00        11
   6.897332E+02   1.598950E+05   8.005953E-01   8.005953E-01   8.984100E-01   8.005953E-01  -1.248326E+01   1.635947E+00  -1.986983E+00        11
   6.907332E+02   1.604610E+05   8.005953E-01   8.005953E-01   8.984100E-01   8.005953E-01  -1.249320E+01   1.633461E+00  -1.986983E+00        11
   6.917332E+02   1.610280E+05   8.005953E-01   8.005953E-01   8.984100E-01   8.005953E-01  -1.250313E+01   1.630979E+00  -1.986983E+00        11
   6.927332E+02   1.615960E+05   8.005953E-01   8.005953E-01   8.984100E-01   8.005953E-01  -1.251304E+01   1.628502E+00  -1.986983E+00        11
   6.937332E+02   1.621650E+05   8.005953E-01   8.005953E-01   8.984100E-01   8.005953E-01  -1.252293E+01   1.626029E+00  -1.986983E+00        11
   6.947332E+02   1.627350E+05   8.005953E-01   8.005953E-01   8.984100E-01   8.005953E-01  -1.253280E+01   1.623560E+00  -1.986983E+00        11
   6.957332E+02   1.633060E+05   8.005953E-01   8.005953E-01   8.984100E-01   8.005953E-01  -1.254266E+01   1.621096E+00  -1.986983E+00        11
   6.967332E+02   1.638780E+05   8.005953E-01   8.005953E-01   8.984100E-01   8.005953E-01  -1.255250E+01   1.618636E+00  -1.986983E+00        11
   6.977332E+02   1.644510E+05   8.005953E-01   8.005953E-01   8.984100E-01   8.005953E-01  -1.256232E+01   1.616180E+00  -1.986983E+00        11
   6.987332E+02   1.650250E+05   8.005953E-01   8.005953E-01   8.984100E-01   8.005953E-01  -1.257213E+01   1.613729E+00  -1.986983E+00        11
   6.997332E+02   1.656000E+05   8.005953E-01   8.005953E-01   8.984100E-01   8.005953E-01  -1.258192E+01   1.611282E+00  -1.986983E+00        11
   7.007332E+02   1.661760E+05   8.005953E-01   8.005953E-01   8.984100E-01   8.005953E-01  -1.259169E+01   1.608839E+00  -1.986983E+00        11
   7.017332E+02   1.667530E+05   8.005953E-01   8.005953E-01   8.984100E-01   8.005953E-01  -1.260144E+01   1.606400E+00  -1.986983E+00        11
   7.027332E+02   1.673310E+05   8.005953E-01   8.005953E-01   8.984100E-01   8.005953E-01  -1.261118E+01   1.603966E+00  -1.986983E+00        11
   7.037332E+02   1.679100E+05   8.005953E-01   8.005953E-01   8.984100E-01   8.005953E-01  -1.262090E+01   1.601536E+00  -1.986983E+00        11
   7.047332E+02   1.684900E+05   8.005953E-01   8.005953E-01   8.984100E-01   8.005953E-01  -1.263061E+01   1.599110E+00  -1.986983E+00        11
   7.057332E+02   1.690710E+05   8.005953E-01   8.005953E-01   8.984100E-01   8.005953E-01  -1.264029E+01   1.596688E+00  -1.986983E+00        11
   7.067332E+02   1.696530E+05   8.005953E-01   8.005953E-01   8.984100E-01   8.005953E-01  -1.264996E+01   1.594270E+00  -1.986983E+00        11
   7.077332E+02   1.702360E+05   8.005953E-01   8.005953E-01   8.984100E-01   8.005953E-01  -1.265962E+01   1.591856E+00  -1.986983E+00        11
   7.087332E+02   1.708200E+05   8.005953E-01   8.005953E-01   8.984100E-01   8.005953E-01  -1.266926E+01   1.589447E+00  -1.986983E+00        11
   7.097332E+02   1.714050E+05   8.005953E-01   8.005953E-01   8.984100E-01   8.005953E-01  -1.267888E+01   1.587042E+00  -1.986983E+00        11
   7.107332E+02   1.719910E+05   8.005953E-01   8.005953E-01   8.984100E-01   8.005953E-01  -1.268848E+01   1.584640E+00  -1.986983E+00        11
   7.117332E+02   1.725780E+05   8.005953E-01   8.005953E-01   8.984100E-01   8.005953E-01  -1.269807E+01   1.582243E+00  -1.986983E+00        11
   7.127332E+02   1.731660E+05   8.005953E-01   8.005953E-01   8.984100E-01   8.005953E-01  -1.270764E+01   1.579850E+00  -1.986983E+00        11
   7.137332E+02   1.737550E+05   8.005953E-01   8.005953E-01   8.984100E-01   8.005953E-01  -1.271720E+01   1.577461E+00  -1.986983E+00        11
   7.147332E+02   1.743450E+05   8.005953E-01   8.005953E-01   8.984100E-01   8.005953E-01  -1.272674E+01   1.575076E+00  -1.986983E+00        11
   7.157332E+02   1.749360E+05   8.005953E-01   8.005953E-01   8.984100E-01   8.005953E-01  -1.273626E+01   1.572695E+00  -1.986983E+00        11
   7.167332E+02   1.755280E+05   8.005953E-01   8.005953E-01   8.984100E-01   8.005953E-01  -1.274577E+01   1.570318E+00  -1.986983E+00        11
   7.177332E+02   1.761210E+05   8.005953E-01   8.005953E-01   8.984100E-01   8.005953E-01  -1.275526E+01   1.567946E+00  -1.986983E+00        11
   7.187332E+02   1.767150E+05   8.005953E-01   8.005953E-01   8.984100E-01   8.005953E-01  -1.276474E+01   1.565577E+00  -1.986983E+00        11
   7.197332E+02   1.773100E+05   8.005953E-01   8.005953E-01   8.984100E-01   8.005953E-01  -1.277420E+01   1.563212E+00  -1.986983E+00        11
   7.207332E+02   1.779060E+05   8.005953E-01   8.005953E-01   8.984100E-01   8.005953E-01  -1.278364E+01   1.560851E+00  -1.986983E+00        11
   7.217332E+02   1.785030E+05   8.005953E-01   8.005953E-01   8.984100E-01   8.005953E-01  -1.279307E+01   1.558494E+00  -1.986983E+00        11
   7.227332E+02   1.791010E+05   8.005953E-01   8.005953E-01   8.984100E-01   8.005953E-01  -1.280248E+01   1.556141E+00  -1.986983E+00        11
   7.237332E+02   1.797000E+05   8.005953E-01   8.005953E-01   8.984100E-01   8.005953E-01  -1.281188E+01   1.553792E+00  -1.986983E+00        11
   7.247332E+02   1.803000E+05   8.005953E-01   8.005953E-01   8.984100E-01   8.005953E-01  -1.282126E+01   1.551447E+00  -1.986983E+00        11
   7.257332E+02   1.809010E+05   8.005953E-01   8.005953E-01   8.984100E-01   8.005953E-01  -1.283062E+01   1.549105E+00  -1.986983E+00        11
   7.267332E+02   1.815030E+05   8.005953E-01   8.005953E-01   8.984100E-01   8.005953E-01  -1.283997E+01   1.546768E+00  -1.986983E+00        11
   7.277332E+02   1.821060E+05   8.005953E-01   8.005953E-01   8.984100E-01   8.005953E-01  -1.284931E+01   1.544434E+00  -1.986983E+00        11
   7.287332E+02   1.827100E+05   8.005953E-01   8.005953E-01   8.984100E-01   8.005953E-01  -1.285863E+01   1.542105E+00  -1.986983E+00        11
   7.297332E+02   1.833150E+05   8.005953E-01   8.005953E-01   8.984100E-01   8.005953E-01  -1.286793E+01   1.539779E+00  -1.986983E+00        11
   7.307332E+02   1.839210E+05   8.005953E-01   8.005953E-01   8.984100E-01   8.005953E-01  -1.287722E+01   1.537457E+00  -1.986983E+00        11
   7.317332E+02   1.845280E+05   8.005953E-01   8.005953E-01   8.984100E-01   8.005953E-01  -1.288649E+01   1.535139E+00  -1.986983E+00        11
   7.327332E+02   1.851360E+05   8.005953E-01   8.005953E-01   8.984100E-01   8.005953E-01  -1.289575E+01   1.532824E+00  -1.986983E+00        11
   7.337332E+02   1.857450E+05   8.005953E-01   8.005953E-01   8.984100E-01   8.005953E-01  -1.290499E+01   1.530514E+00  -1.986983E+00        11
   7.347332E+02   1.863550E+05   8.005953E-01   8.005953E-01   8.984100E-01   8.005953E-01  -1.291422E+01   1.528207E+00  -1.986983E+00        11
   7.357332E+02   1.869660E+05   8.005953E-01   8.005953E-01   8.984100E-01   8.005953E-01  -1.292343E+01   1.525904E+00  -1.986983E+00        11
   7.367332E+02   1.875780E+05   8.005953E-01   8.005953E-01   8.984100E-01   8.005953E-01  -1.293262E+01   1.523605E+00  -1.986983E+00        11
   7.377332E+02   1.881910E+05   8.005953E-01   8.005953E-01   8.984100E-01   8.005953E-01  -1.294181E+01   1.521310E+00  -1.986983E+00        11
   7.387332E+02   1.888050E+05   8.005953E-01   8.005953E-01   8.984100E-01   8.005953E-01  -1.295097E+01   1.519018E+00  -1.986983E+00        11
   7.397332E+02   1.894200E+05   8.005953E-01   8.005953E-01   8.984100E-01   8.005953E-01  -1.296012E+01   1.516730E+00  -1.986983E+00        11
   7.407332E+02   1.900360E+05   8.005953E-01   8.005953E-01   8.984100E-01   8.005953E-01  -1.296926E+01   1.514446E+00  -1.986983E+00        11
   7.417332E+02   1.906530E+05   8.005953E-01   8.005953E-01   8.984100E-01   8.005953E-01  -1.297838E+01   1.512165E+00  -1.986983E+00        11
   7.427332E+02   1.912710E+05   8.005953E-01   8.005953E-01   8.984100E-01   8.005953E-01  -1.298749E+01   1.509888E+00  -1.986983E+00        11
   7.437332E+02   1.918900E+05   8.005953E-01   8.005953E-01   8.984100E-01   8.005953E-01  -1.299658E+01   1.507615E+00  -1.986983E+00        11
   7.447332E+02   1.925100E+05   8.005953E-01   8.005953E-01   8.984100E-01   8.005953E-01  -1.300566E+01   1.505345E+00  -1.986983E+00        11
   7.457332E+02   1.931310E+05   8.005953E-01   8.005953E-01   8.984100E-01   8.005953E-01  -1.301473E+01   1.503079E+00  -1.986983E+00        11
   7.467332E+02   1.937530E+05   8.005953E-01   8.005953E-01   8.984100E-01   8.005953E-01  -1.302377E+01   1.500817E+00  -1.986983E+00        11
   7.477332E+02   1.943760E+05   8.005953E-01   8.005953E-01   8.984100E-01   8.005953E-01  -1.303281E+01   1.498559E+00  -1.986983E+00        11
   7.487332E+02   1.950000E+05   8.005953E-01   8.005953E-01   8.984100E-01   8.005953E-01  -1.304183E+01   1.496304E+00  -1.986983E+00        11
   7.497332E+02   1.956250E+05   8.005953E-01   8.005953E-01   8.984100E-01   8.005953E-01  -1.305083E+01   1.494052E+00  -1.986983E+00        11
   7.507332E+02   1.962510E+05   8.005953E-01   8.005953E-01   8.984100E-01   8.005953E-01  -1.305983E+01   1.491804E+00  -1.986983E+00        11
   7.517332E+02   1.968780E+05   8.005953E-01   8.005953E-01   8.984100E-01   8.005953E-01  -1.306880E+01   1.489560E+00  -1.986983E+00        11
   7.527332E+02   1.975060E+05   8.005953E-01   8.005953E-01   8.984100E-01   8.005953E-01  -1.307777E+01   1.487320E+00  -1.986983E+00        11
   7.537332E+02   1.981350E+05   8.005953E-01   8.005953E-01   8.984100E-01   8.005953E-01  -1.308671E+01   1.485083E+00  -1.986983E+00        11
   7.547332E+02   1.987650E+05   8.005953E-01   8.005953E-01   8.984100E-01   8.005953E-01  -1.309565E+01   1.482849E+00  -1.986983E+00        11
   7.557332E+02   1.993960E+05   8.005953E-01   8.005953E-01   8.984100E-01   8.005953E-01  -1.310457E+01   1.480619E+00  -1.986983E+00        11
   7.567332E+02   2.000280E+05   8.005953E-01   8.005953E-01   8.984100E-01   8.005953E-01  -1.311347E+01   1.478393E+00  -1.986983E+00        11
   7.577332E+02   2.006610E+05   8.005953E-01   8.005953E-01   8.984100E-01   8.005953E-01  -1.312237E+01   1.476170E+00  -1.986983E+00        11
   7.587332E+02   2.012950E+05   8.005953E-01   8.005953E-01   8.984100E-01   8.005953E-01  -1.313124E+01   1.473950E+00  -1.986983E+00        11
   7.597332E+02   2.019300E+05   8.005953E-01   8.005953E-01   8.984100E-01   8.005953E-01  -1.314011E+01   1.471734E+00  -1.986983E+00        11
   7.607332E+02   2.025660E+05   8.005953E-01   8.005953E-01   8.984100E-01   8.005953E-01  -1.314896E+01   1.469522E+00  -1.986983E+00        11
   7.617332E+02   2.032030E+05   8.005953E-01   8.005953E-01   8.984100E-01   8.005953E-01  -1.315779E+01   1.467313E+00  -1.986983E+00        11
   7.627332E+02   2.038410E+05   8.005953E-01   8.005953E-01   8.984100E-01   8.005953E-01  -1.316661E+01   1.465107E+00  -1.986983E+00        11
   7.637332E+02   2.044800E+05   8.005953E-01   8.005953E-01   8.984100E-01   8.005953E-01  -1.317542E+01   1.462905E+00  -1.986983E+00        11
   7.647332E+02   2.051200E+05   8.005953E-01   8.005953E-01   8.984100E-01   8.005953E-01  -1.318422E+01   1.460707E+00  -1.986983E+00        11
   7.657332E+02   2.057610E+05   8.005953E-01   8.005953E-01   8.984100E-01   8.005953E-01  -1.319300E+01   1.458512E+00  -1.986983E+00        11
   7.667332E+02   2.064030E+05   8.005953E-01   8.005953E-01   8.984100E-01   8.005953E-01  -1.320176E+01   1.456320E+00  -1.986983E+00        11
   7.677332E+02   2.070460E+05   8.005953E-01   8.005953E-01   8.984100E-01   8.005953E-01  -1.321052E+01   1.454131E+00  -1.986983E+00        11
   7.687332E+02   2.076900E+05   8.005953E-01   8.005953E-01   8.984100E-01   8.005953E-01  -1.321926E+01   1.451946E+00  -1.986983E+00        11
   7.697332E+02   2.083350E+05   8.005953E-01   8.005953E-01   8.984100E-01   8.005953E-01  -1.322798E+01   1.449765E+00  -1.986983E+00        11
   7.707332E+02   2.089810E+05   8.005953E-01   8.005953E-01   8.984100E-01   8.005953E-01  -1.323670E+01   1.447587E+00  -1.986983E+00        11
   7.717332E+02   2.096280E+05   8.005953E-01   8.005953E-01   8.984100E-01   8.005953E-01  -1.324540E+01   1.445412E+00  -1.986983E+00        11
   7.727332E+02   2.102760E+05   8.005953E-01   8.005953E-01   8.984100E-01   8.005953E-01  -1.325408E+01   1.443240E+00  -1.986983E+00        11
   7.737332E+02   2.109250E+05   8.005953E-01   8.005953E-01   8.984100E-01   8.005953E-01  -1.326275E+01   1.441072E+00  -1.986983E+00        11
   7.747332E+02   2.115750E+05   8.005953E-01   8.005953E-01   8.984100E-01   8.005953E-01  -1.327141E+01   1.438907E+00  -1.986983E+00        11
   7.757332E+02   2.122260E+05   8.005953E-01   8.005953E-01   8.984100E-01   8.005953E-01  -1.328006E+01   1.436746E+00  -1.986983E+00        11
   7.767332E+02   2.128780E+05   8.005953E-01   8.005953E-01   8.984100E-01   8.005953E-01  -1.328869E+01   1.434588E+00  -1.986983E+00        11
   7.777332E+02   2.135310E+05   8.005953E-01   8.005953E-01   8.984100E-01   8.005953E-01  -1.329731E+01   1.432433E+00  -1.986983E+00        11
   7.787332E+02   2.141850E+05   8.005953E-01   8.005953E-01   8.984100E-01   8.005953E-01  -1.330592E+01   1.430281E+00  -1.986983E+00        11
   7.797332E+02   2.148400E+05   8.005953E-01   8.005953E-01   8.984100E-01   8.005953E-01  -1.331451E+01   1.428133E+00  -1.986983E+00        11
   7.807332E+02   2.154960E+05   8.005953E-01   8.005953E-01   8.984100E-01   8.005953E-01  -1.332309E+01   1.425988E+00  -1.986983E+00        11
   7.817332E+02   2.161530E+05   8.005953E-01   8.005953E-01   8.984100E-01   8.005953E-01  -1.333166E+01   1.423846E+00  -1.986983E+00        11
   7.827332E+02   2.168110E+05   8.005953E-01   8.005953E-01   8.984100E-01   8.005953E-01  -1.334021E+01   1.421708E+00  -1.986983E+00        11
   7.837332E+02   2.174700E+05   8.005953E-01   8.005953E-01   8.984100E-01   8.005953E-01  -1.334875E+01   1.419573E+00  -1.986983E+00        11
   7.847332E+02   2.181300E+05   8.005953E-01   8.005953E-01   8.984100E-01   8.005953E-01  -1.335728E+01   1.417441E+00  -1.986983E+00        11
   7.857332E+02   2.187910E+05   8.005953E-01   8.005953E-01   8.984100E-01   8.005953E-01  -1.336580E+01   1.415312E+00  -1.986983E+00        11
   7.867332E+02   2.194530E+05   8.005953E-01   8.005953E-01   8.984100E-01   8.005953E-01  -1.337430E+01   1.413186E+00  -1.986983E+00        11
   7.877332E+02   2.201160E+05   8.005953E-01   8.005953E-01   8.984100E-01   8.005953E-01  -1.338279E+01   1.411064E+00  -1.986983E+00        11
   7.887332E+02   2.207800E+05   8.005953E-01   8.005953E-01   8.984100E-01   8.005953E-01  -1.339126E+01   1.408945E+00  -1.986983E+00        11
   7.897332E+02   2.214450E+05   8.005953E-01   8.005953E-01   8.984100E-01   8.005953E-01  -1.339973E+01   1.406829E+00  -1.986983E+00        11
   7.907332E+02   2.221110E+05   8.005953E-01   8.005953E-01   8.984100E-01   8.005953E-01  -1.340818E+01   1.404716E+00  -1.986983E+00        11
   7.917332E+02   2.227780E+05   8.005953E-01   8.005953E-01   8.984100E-01   8.005953E-01  -1.341662E+01   1.402607E+00  -1.986983E+00        11
   7.927332E+02   2.234460E+05   8.005953E-01   8.005953E-01   8.984100E-01   8.005953E-01  -1.342504E+01   1.400500E+00  -1.986983E+00        11
   7.937332E+02   2.241150E+05   8.005953E-01   8.005953E-01   8.984100E-01   8.005953E-01  -1.343346E+01   1.398397E+00  -1.986983E+00        11
   7.947332E+02   2.247850E+05   8.005953E-01   8.005953E-01   8.984100E-01   8.005953E-01  -1.344186E+01   1.396297E+00  -1.986983E+00        11
   7.957332E+02   2.254560E+05   8.005953E-01   8.005953E-01   8.984100E-01   8.005953E-01  -1.345025E+01   1.394200E+00  -1.986983E+00        11
   7.967332E+02   2.261280E+05   8.005953E-01   8.005953E-01   8.984100E-01   8.005953E-01  -1.345862E+01   1.392106E+00  -1.986983E+00        11
   7.977332E+02   2.268010E+05   8.005953E-01   8.005953E-01   8.984100E-01   8.005953E-01  -1.346698E+01   1.390015E+00  -1.986983E+00        11
   7.987332E+02   2.274750E+05   8.005953E-01   8.005953E-01   8.984100E-01   8.005953E-01  -1.347534E+01   1.387927E+00  -1.986983E+00        11
   7.997332E+02   2.281500E+05   8.005953E-01   8.005953E-01   8.984100E-01   8.005953E-01  -1.348367E+01   1.385843E+00  -1.986983E+00        11
   8.007332E+02   2.288260E+05   8.005953E-01   8.005953E-01   8.984100E-01   8.005953E-01  -1.349200E+01   1.383761E+00  -1.986983E+00        11
   8.017332E+02   2.295030E+05   8.005953E-01   8.005953E-01   8.984100E-01   8.005953E-01  -1.350031E+01   1.381683E+00  -1.986983E+00        11
   8.027332E+02   2.301810E+05   8.005953E-01   8.005953E-01   8.984100E-01   8.005953E-01  -1.350862E+01   1.379607E+00  -1.986983E+00        11
   8.037332E+02   2.308600E+05   8.005953E-01   8.005953E-01   8.984100E-01   8.005953E-01  -1.351690E+01   1.377535E+00  -1.986983E+00        11
   8.047332E+02   2.315400E+05   8.005953E-01   8.005953E-01   8.984100E-01   8.005953E-01  -1.352518E+01   1.375466E+00  -1.986983E+00        11
   8.057332E+02   2.322210E+05   8.005953E-01   8.005953E-01   8.984100E-01   8.005953E-01  -1.353345E+01   1.373399E+00  -1.986983E+00        11
   8.067332E+02   2.329030E+05   8.005953E-01   8.005953E-01   8.984100E-01   8.005953E-01  -1.354170E+01   1.371336E+00  -1.986983E+00        11
   8.077332E+02   2.335860E+05   8.005953E-01   8.005953E-01   8.984100E-01   8.005953E-01  -1.354994E+01   1.369276E+00  -1.986983E+00        11
   8.087332E+02   2.342700E+05   8.005953E-01   8.005953E-01   8.984100E-01   8.005953E-01  -1.355817E+01   1.367219E+00  -1.986983E+00        11
   8.097332E+02   2.349550E+05   8.005953E-01   8.005953E-01   8.984100E-01   8.005953E-01  -1.356639E+01   1.365165E+00  -1.986983E+00        11
   8.107332E+02   2.356410E+05   8.005953E-01   8.005953E-01   8.984100E-01   8.005953E-01  -1.357459E+01   1.363113E+00  -1.986983E+00        11
   8.117332E+02   2.363280E+05   8.005953E-01   8.005953E-01   8.984100E-01   8.005953E-01  -1.358278E+01   1.361065E+00  -1.986983E+00        11
   8.127332E+02   2.370160E+05   8.005953E-01   8.005953E-01   8.984100E-01   8.005953E-01  -1.359096E+01   1.359020E+00  -1.986983E+00        11
   8.137332E+02   2.377050E+05   8.005953E-01   8.005953E-01   8.984100E-01   8.005953E-01  -1.359913E+01   1.356978E+00  -1.986983E+00        11
   8.147332E+02   2.383950E+05   8.005953E-01   8.005953E-01   8.984100E-01   8.005953E-01  -1.360729E+01   1.354938E+00  -1.986983E+00        11
   8.157332E+02   2.390860E+05   8.005953E-01   8.005953E-01   8.984100E-01   8.005953E-01  -1.361544E+01   1.352902E+00  -1.986983E+00        11
   8.167332E+02   2.397780E+05   8.005953E-01   8.005953E-01   8.984100E-01   8.005953E-01  -1.362357E+01   1.350869E+00  -1.986983E+00        11
   8.177332E+02   2.404710E+05   8.005953E-01   8.005953E-01   8.984100E-01   8.005953E-01  -1.363169E+01   1.348838E+00  -1.986983E+00        11
   8.187332E+02   2.411650E+05   8.005953E-01   8.005953E-01   8.984100E-01   8.005953E-01  -1.363980E+01   1.346811E+00  -1.986983E+00        11
   8.197332E+02   2.418600E+05   8.005953E-01   8.005953E-01   8.984100E-01   8.005953E-01  -1.364790E+01   1.344786E+00  -1.986983E+00        11
   8.207332E+02   2.425560E+05   8.005953E-01   8.005953E-01   8.984100E-01   8.005953E-01  -1.365599E+01   1.342764E+00  -1.986983E+00        11
   8.217332E+02   2.432530E+05   8.005953E-01   8.005953E-01   8.984100E-01   8.005953E-01  -1.366406E+01   1.340745E+00  -1.986983E+00        11
   8.227332E+02   2.439510E+05   8.005953E-01   8.005953E-01   8.984100E-01   8.005953E-01  -1.367213E+01   1.338730E+00  -1.986983E+00        11
   8.237332E+02   2.446500E+05   8.005953E-01   8.005953E-01   8.984100E-01   8.005953E-01  -1.368018E+01   1.336717E+00  -1.986983E+00        11
   8.247332E+02   2.453500E+05   8.005953E-01   8.005953E-01   8.984100E-01   8.005953E-01  -1.368822E+01   1.334706E+00  -1.986983E+00        11
   8.257332E+02   2.460510E+05   8.005953E-01   8.005953E-01   8.984100E-01   8.005953E-01  -1.369625E+01   1.332699E+00  -1.986983E+00        11
   8.267332E+02   2.467530E+05   8.005953E-01   8.005953E-01   8.984100E-01   8.005953E-01  -1.370427E+01   1.330695E+00  -1.986983E+00        11
   8.277332E+02   2.474560E+05   8.005953E-01   8.005953E-01   8.984100E-01   8.005953E-01  -1.371227E+01   1.328693E+00  -1.986983E+00        11
   8.287332E+02   2.481600E+05   8.005953E-01   8.005953E-01   8.984100E-01   8.005953E-01  -1.372027E+01   1.326694E+00  -1.986983E+00        11
   8.297332E+02   2.488650E+05   8.005953E-01   8.005953E-01   8.984100E-01   8.005953E-01  -1.372825E+01   1.324698E+00  -1.986983E+00        11
   8.307332E+02   2.495710E+05   8.005953E-01   8.005953E-01   8.984100E-01   8.005953E-01  -1.373622E+01   1.322705E+00  -1.986983E+00        11
   8.317332E+02   2.502780E+05   8.005953E-01   8.005953E-01   8.984100E-01   8.005953E-01  -1.374418E+01   1.320715E+00  -1.986983E+00        11
   8.327332E+02   2.509860E+05   8.005953E-01   8.005953E-01   8.984100E-01   8.005953E-01  -1.375213E+01   1.318728E+00  -1.986983E+00        11
   8.337332E+02   2.516950E+05   8.005953E-01   8.005953E-01   8.984100E-01   8.005953E-01  -1.376007E+01   1.316743E+00  -1.986983E+00        11
   8.347332E+02   2.524050E+05   8.005953E-01   8.005953E-01   8.984100E-01   8.005953E-01  -1.376800E+01   1.314761E+00  -1.986983E+00        11
   8.357332E+02   2.531160E+05   8.005953E-01   8.005953E-01   8.984100E-01   8.005953E-01  -1.377592E+01   1.312782E+00  -1.986983E+00        11
   8.367332E+02   2.538280E+05   8.005953E-01   8.005953E-01   8.984100E-01   8.005953E-01  -1.378382E+01   1.310806E+00  -1.986983E+00        11
   8.377332E+02   2.545410E+05   8.005953E-01   8.005953E-01   8.984100E-01   8.005953E-01  -1.379171E+01   1.308832E+00  -1.986983E+00        11
   8.387332E+02   2.552550E+05   8.005953E-01   8.005953E-01   8.984100E-01   8.005953E-01  -1.379960E+01   1.306861E+00  -1.986983E+00        11
   8.397332E+02   2.559700E+05   8.005953E-01   8.005953E-01   8.984100E-01   8.005953E-01  -1.380747E+01   1.304893E+00  -1.986983E+00        11
   8.407332E+02   2.566860E+05   8.005953E-01   8.005953E-01   8.984100E-01   8.005953E-01  -1.381533E+01   1.302928E+00  -1.986983E+00        11
   8.417332E+02   2.574030E+05   8.005953E-01   8.005953E-01   8.984100E-01   8.005953E-01  -1.382318E+01   1.300966E+00  -1.986983E+00        11
   8.427332E+02   2.581210E+05   8.005953E-01   8.005953E-01   8.984100E-01   8.005953E-01  -1.383102E+01   1.299006E+00  -1.986983E+00        11
   8.437332E+02   2.588400E+05   8.005953E-01   8.005953E-01   8.984100E-01   8.005953E-01  -1.383885E+01   1.297049E+00  -1.986983E+00        11
   8.447332E+02   2.595600E+05   8.005953E-01   8.005953E-01   8.984100E-01   8.005953E-01  -1.384667E+01   1.295095E+00  -1.986983E+00        11
   8.457332E+02   2.602810E+05   8.005953E-01   8.005953E-01   8.984100E-01   8.005953E-01  -1.385447E+01   1.293143E+00  -1.986983E+00        11
   8.467332E+02   2.610030E+05   8.005953E-01   8.005953E-01   8.984100E-01   8.005953E-01  -1.386227E+01   1.291194E+00  -1.986983E+00        11
   8.477332E+02   2.617260E+05   8.005953E-01   8.005953E-01   8.984100E-01   8.005953E-01  -1.387005E+01   1.289248E+00  -1.986983E+00        11
   8.487332E+02   2.624500E+05   8.005953E-01   8.005953E-01   8.984100E-01   8.005953E-01  -1.387783E+01   1.287304E+00  -1.986983E+00        11
   8.497332E+02   2.631750E+05   8.005953E-01   8.005953E-01   8.984100E-01   8.005953E-01  -1.388559E+01   1.285363E+00  -1.986983E+00        11
   8.507332E+02   2.639010E+05   8.005953E-01   8.005953E-01   8.984100E-01   8.005953E-01  -1.389334E+01   1.283425E+00  -1.986983E+00        11
   8.517332E+02   2.646280E+05   8.005953E-01   8.005953E-01   8.984100E-01   8.005953E-01  -1.390108E+01   1.281490E+00  -1.986983E+00        11
   8.527332E+02   2.653560E+05   8.005953E-01   8.005953E-01   8.984100E-01   8.005953E-01  -1.390882E+01   1.279557E+00  -1.986983E+00        11
   8.537332E+02   2.660850E+05   8.005953E-01   8.005953E-01   8.984100E-01   8.005953E-01  -1.391654E+01   1.277627E+00  -1.986983E+00        11
   8.547332E+02   2.668150E+05   8.005953E-01   8.005953E-01   8.984100E-01   8.005953E-01  -1.392425E+01   1.275699E+00  -1.986983E+00        11
   8.557332E+02   2.675460E+05   8.005953E-01   8.005953E-01   8.984100E-01   8.005953E-01  -1.393195E+01   1.273774E+00  -1.986983E+00        11
   8.567332E+02   2.682780E+05   8.005953E-01   8.005953E-01   8.984100E-01   8.005953E-01  -1.393964E+01   1.271852E+00  -1.986983E+00        11
   8.577332E+02   2.690110E+05   8.005953E-01   8.005953E-01   8.984100E-01   8.005953E-01  -1.394731E+01   1.269932E+00  -1.986983E+00        11
   8.587332E+02   2.697450E+05   8.005953E-01   8.005953E-01   8.984100E-01   8.005953E-01  -1.395498E+01   1.268015E+00  -1.986983E+00        11
   8.597332E+02   2.704800E+05   8.005953E-01   8.005953E-01   8.984100E-01   8.005953E-01  -1.396264E+01   1.266101E+00  -1.986983E+00        11
   8.607332E+02   2.712160E+05   8.005953E-01   8.005953E-01   8.984100E-01   8.005953E-01  -1.397029E+01   1.264189E+00  -1.986983E+00        11
   8.617332E+02   2.719530E+05   8.005953E-01   8.005953E-01   8.984100E-01   8.005953E-01  -1.397792E+01   1.262280E+00  -1.986983E+00        11
   8.627332E+02   2.726910E+05   8.005953E-01   8.005953E-01   8.984100E-01   8.005953E-01  -1.398555E+01   1.260373E+00  -1.986983E+00        11
   8.637332E+02   2.734300E+05   8.005953E-01   8.005953E-01   8.984100E-01   8.005953E-01  -1.399317E+01   1.258469E+00  -1.986983E+00        11
   8.647332E+02   2.741700E+05   8.005953E-01   8.005953E-01   8.984100E-01   8.005953E-01  -1.400077E+01   1.256568E+00  -1.986983E+00        11
   8.657332E+02   2.749110E+05   8.005953E-01   8.005953E-01   8.984100E-01   8.005953E-01  -1.400837E+01   1.254669E+00  -1.986983E+00        11
   8.667332E+02   2.756530E+05   8.005953E-01   8.005953E-01   8.984100E-01   8.005953E-01  -1.401596E+01   1.252772E+00  -1.986983E+00        11
   8.677332E+02   2.763960E+05   8.005953E-01   8.005953E-01   8.984100E-01   8.005953E-01  -1.402353E+01   1.250878E+00  -1.986983E+00        11
   8.687332E+02   2.771400E+05   8.005953E-01   8.005953E-01   8.984100E-01   8.005953E-01  -1.403110E+01   1.248987E+00  -1.986983E+00        11
   8.697332E+02   2.778850E+05   8.005953E-01   8.005953E-01   8.984100E-01   8.005953E-01  -1.403865E+01   1.247098E+00  -1.986983E+00        11
   8.707332E+02   2.786310E+05   8.005953E-01   8.005953E-01   8.984100E-01   8.005953E-01  -1.404620E+01   1.245212E+00  -1.986983E+00        11
   8.717332E+02   2.793780E+05   8.005953E-01   8.005953E-01   8.984100E-01   8.005953E-01  -1.405373E+01   1.243328E+00  -1.986983E+00        11
   8.727332E+02   2.801260E+05   8.005953E-01   8.005953E-01   8.984100E-01   8.005953E-01  -1.406125E+01   1.241447E+00  -1.986983E+00        11
   8.737332E+02   2.808750E+05   8.005953E-01   8.005953E-01   8.984100E-01   8.005953E-01  -1.406877E+01   1.239569E+00  -1.986983E+00        11
   8.747332E+02   2.816250E+05   8.005953E-01   8.005953E-01   8.984100E-01   8.005953E-01  -1.407627E+01   1.237692E+00  -1.986983E+00        11
   8.757332E+02   2.823760E+05   8.005953E-01   8.005953E-01   8.984100E-01   8.005953E-01  -1.408377E+01   1.235819E+00  -1.986983E+00        11
   8.767332E+02   2.831280E+05   8.005953E-01   8.005953E-01   8.984100E-01   8.005953E-01  -1.409125E+01   1.233948E+00  -1.986983E+00        11
   8.777332E+02   2.838810E+05   8.005953E-01   8.005953E-01   8.984100E-01   8.005953E-01  -1.409873E+01   1.232079E+00  -1.986983E+00        11
   8.787332E+02   2.846350E+05   8.005953E-01   8.005953E-01   8.984100E-01   8.005953E-01  -1.410619E+01   1.230213E+00  -1.986983E+00        11
   8.797332E+02   2.853900E+05   8.005953E-01   8.005953E-01   8.984100E-01   8.005953E-01  -1.411365E+01   1.228349E+00  -1.986983E+00        11
   8.807332E+02   2.861460E+05   8.005953E-01   8.005953E-01   8.984100E-01   8.005953E-01  -1.412109E+01   1.226488E+00  -1.986983E+00        11
   8.817332E+02   2.869030E+05   8.005953E-01   8.005953E-01   8.984100E-01   8.005953E-01  -1.412853E+01   1.224629E+00  -1.986983E+00        11
   8.827332E+02   2.876610E+05   8.005953E-01   8.005953E-01   8.984100E-01   8.005953E-01  -1.413595E+01   1.222773E+00  -1.986983E+00        11
   8.837332E+02   2.884200E+05   8.005953E-01   8.005953E-01   8.984100E-01   8.005953E-01  -1.414337E+01   1.220919E+00  -1.986983E+00        11
   8.847332E+02   2.891800E+05   8.005953E-01   8.005953E-01   8.984100E-01   8.005953E-01  -1.415077E+01   1.219067E+00  -1.986983E+00        11
   8.857332E+02   2.899410E+05   8.005953E-01   8.005953E-01   8.984100E-01   8.005953E-01  -1.415817E+01   1.217218E+00  -1.986983E+00        11
   8.867332E+02   2.907030E+05   8.005953E-01   8.005953E-01   8.984100E-01   8.005953E-01  -1.416556E+01   1.215372E+00  -1.986983E+00        11
   8.877332E+02   2.914660E+05   8.005953E-01   8.005953E-01   8.984100E-01   8.005953E-01  -1.417293E+01   1.213527E+00  -1.986983E+00        11
   8.887332E+02   2.922300E+05   8.005953E-01   8.005953E-01   8.984100E-01   8.005953E-01  -1.418030E+01   1.211686E+00  -1.986983E+00        11
   8.897332E+02   2.929950E+05   8.005953E-01   8.005953E-01   8.984100E-01   8.005953E-01  -1.418766E+01   1.209846E+00  -1.986983E+00        11
   8.907332E+02   2.937610E+05   8.005953E-01   8.005953E-01   8.984100E-01   8.005953E-01  -1.419501E+01   1.208009E+00  -1.986983E+00        11
   8.917332E+02   2.945280E+05   8.005953E-01   8.005953E-01   8.984100E-01   8.005953E-01  -1.420234E+01   1.206175E+00  -1.986983E+00        11
   8.927332E+02   2.952960E+05   8.005953E-01   8.005953E-01   8.984100E-01   8.005953E-01  -1.420967E+01   1.204343E+00  -1.986983E+00        11
   8.937332E+02   2.960650E+05   8.005953E-01   8.005953E-01   8.984100E-01   8.005953E-01  -1.421699E+01   1.202513E+00  -1.986983E+00        11
   8.947332E+02   2.968350E+05   8.005953E-01   8.005953E-01   8.984100E-01   8.005953E-01  -1.422430E+01   1.200685E+00  -1.986983E+00        11
   8.957332E+02   2.976060E+05   8.005953E-01   8.005953E-01   8.984100E-01   8.005953E-01  -1.423160E+01   1.198860E+00  -1.986983E+00        11
   8.967332E+02   2.983780E+05   8.005953E-01   8.005953E-01   8.984100E-01   8.005953E-01  -1.423889E+01   1.197038E+00  -1.986983E+00        11
   8.977332E+02   2.991510E+05   8.005953E-01   8.005953E-01   8.984100E-01   8.005953E-01  -1.424617E+01   1.195217E+00  -1.986983E+00        11
   8.987332E+02   2.999250E+05   8.005953E-01   8.005953E-01   8.984100E-01   8.005953E-01  -1.425345E+01   1.193399E+00  -1.986983E+00        11
   8.997332E+02   3.007000E+05   8.005953E-01   8.005953E-01   8.984100E-01   8.005953E-01  -1.426071E+01   1.191584E+00  -1.986983E+00        11
   9.007332E+02   3.014760E+05   8.005953E-01   8.005953E-01   8.984100E-01   8.005953E-01  -1.426796E+01   1.189770E+00  -1.986983E+00        11
   9.017332E+02   3.022530E+05   8.005953E-01   8.005953E-01   8.984100E-01   8.005953E-01  -1.427521E+01   1.187959E+00  -1.986983E+00        11
   9.027332E+02   3.030310E+05   8.005953E-01   8.005953E-01   8.984100E-01   8.005953E-01  -1.428244E+01   1.186151E+00  -1.986983E+00        11
   9.037332E+02   3.038100E+05   8.005953E-01   8.005953E-01   8.984100E-01   8.005953E-01  -1.428967E+01   1.184344E+00  -1.986983E+00        11
   9.047332E+02   3.045900E+05   8.005953E-01   8.005953E-01   8.984100E-01   8.005953E-01  -1.429688E+01   1.182540E+00  -1.986983E+00        11
   9.057332E+02   3.053710E+05   8.005953E-01   8.005953E-01   8.984100E-01   8.005953E-01  -1.430409E+01   1.180739E+00  -1.986983E+00        11
   9.067332E+02   3.061530E+05   8.005953E-01   8.005953E-01   8.984100E-01   8.005953E-01  -1.431129E+01   1.178939E+00  -1.986983E+00        11
   9.077332E+02   3.069360E+05   8.005953E-01   8.005953E-01   8.984100E-01   8.005953E-01  -1.431847E+01   1.177142E+00  -1.986983E+00        11
   9.087332E+02   3.077200E+05   8.005953E-01   8.005953E-01   8.984100E-01   8.005953E-01  -1.432565E+01   1.175348E+00  -1.986983E+00        11
   9.097332E+02   3.085050E+05   8.005953E-01   8.005953E-01   8.984100E-01   8.005953E-01  -1.433282E+01   1.173555E+00  -1.986983E+00        11
   9.107332E+02   3.092910E+05   8.005953E-01   8.005953E-01   8.984100E-01   8.005953E-01  -1.433998E+01   1.171765E+00  -1.986983E+00        11
   9.117332E+02   3.100780E+05   8.005953E-01   8.005953E-01   8.984100E-01   8.005953E-01  -1.434714E+01   1.169977E+00  -1.986983E+00        11
   9.127332E+02   3.108660E+05   8.005953E-01   8.005953E-01   8.984100E-01   8.005953E-01  -1.435428E+01   1.168191E+00  -1.986983E+00        11
   9.137332E+02   3.116550E+05   8.005953E-01   8.005953E-01   8.984100E-01   8.005953E-01  -1.436141E+01   1.166408E+00  -1.986983E+00        11
   9.147332E+02   3.124450E+05   8.005953E-01   8.005953E-01   8.984100E-01   8.005953E-01  -1.436854E+01   1.164627E+00  -1.986983E+00        11
   9.157332E+02   3.132360E+05   8.005953E-01   8.005953E-01   8.984100E-01   8.005953E-01  -1.437565E+01   1.162848E+00  -1.986983E+00        11
   9.167332E+02   3.140280E+05   8.005953E-01   8.005953E-01   8.984100E-01   8.005953E-01  -1.438276E+01   1.161071E+00  -1.986983E+00        11
   9.177332E+02   3.148210E+05   8.005953E-01   8.005953E-01   8.984100E-01   8.005953E-01  -1.438986E+01   1.159297E+00  -1.986983E+00        11
   9.187332E+02   3.156150E+05   8.005953E-01   8.005953E-01   8.984100E-01   8.005953E-01  -1.439695E+01   1.157524E+00  -1.986983E+00        11
   9.197332E+02   3.164100E+05   8.005953E-01   8.005953E-01   8.984100E-01   8.005953E-01  -1.440403E+01   1.155755E+00  -1.986983E+00        11
   9.207332E+02   3.172060E+05   8.005953E-01   8.005953E-01   8.984100E-01   8.005953E-01  -1.441110E+01   1.153987E+00  -1.986983E+00        11
   9.217332E+02   3.180030E+05   8.005953E-01   8.005953E-01   8.984100E-01   8.005953E-01  -1.441816E+01   1.152221E+00  -1.986983E+00        11
   9.227332E+02   3.188010E+05   8.005953E-01   8.005953E-01   8.984100E-01   8.005953E-01  -1.442521E+01   1.150458E+00  -1.986983E+00        11
   9.237332E+02   3.196000E+05   8.005953E-01   8.005953E-01   8.984100E-01   8.005953E-01  -1.443226E+01   1.148697E+00  -1.986983E+00        11
   9.247332E+02   3.204000E+05   8.005953E-01   8.005953E-01   8.984100E-01   8.005953E-01  -1.443929E+01   1.146938E+00  -1.986983E+00        11
   9.257332E+02   3.212010E+05   8.005953E-01   8.005953E-01   8.984100E-01   8.005953E-01  -1.444632E+01   1.145181E+00  -1.986983E+00        11
   9.267332E+02   3.220030E+05   8.005953E-01   8.005953E-01   8.984100E-01   8.005953E-01  -1.445334E+01   1.143427E+00  -1.986983E+00        11
   9.277332E+02   3.228060E+05   8.005953E-01   8.005953E-01   8.984100E-01   8.005953E-01  -1.446035E+01   1.141674E+00  -1.986983E+00        11
   9.287332E+02   3.236100E+05   8.005953E-01   8.005953E-01   8.984100E-01   8.005953E-01  -1.446735E+01   1.139924E+00  -1.986983E+00        11
   9.297332E+02   3.244150E+05   8.005953E-01   8.005953E-01   8.984100E-01   8.005953E-01  -1.447434E+01   1.138176E+00  -1.986983E+00        11
   9.307332E+02   3.252210E+05   8.005953E-01   8.005953E-01   8.984100E-01   8.005953E-01  -1.448132E+01   1.136431E+00  -1.986983E+00        11
   9.317332E+02   3.260280E+05   8.005953E-01   8.005953E-01   8.984100E-01   8.005953E-01  -1.448830E+01   1.134687E+00  -1.986983E+00        11
   9.327332E+02   3.268360E+05   8.005953E-01   8.005953E-01   8.984100E-01   8.005953E-01  -1.449526E+01   1.132945E+00  -1.986983E+00        11
   9.337332E+02   3.276450E+05   8.005953E-01   8.005953E-01   8.984100E-01   8.005953E-01  -1.450222E+01   1.131206E+00  -1.986983E+00        11
   9.347332E+02   3.284550E+05   8.005953E-01   8.005953E-01   8.984100E-01   8.005953E-01  -1.450917E+01   1.129469E+00  -1.986983E+00        11
   9.357332E+02   3.292660E+05   8.005953E-01   8.005953E-01   8.984100E-01   8.005953E-01  -1.451611E+01   1.127734E+00  -1.986983E+00        11
   9.367332E+02   3.300780E+05   8.005953E-01   8.005953E-01   8.984100E-01   8.005953E-01  -1.452304E+01   1.126001E+00  -1.986983E+00        11
   9.377332E+02   3.308910E+05   8.005953E-01   8.005953E-01   8.984100E-01   8.005953E-01  -1.452996E+01   1.124270E+00  -1.986983E+00        11
   9.387332E+02   3.317050E+05   8.005953E-01   8.005953E-01   8.984100E-01   8.005953E-01  -1.453688E+01   1.122542E+00  -1.986983E+00        11
   9.397332E+02   3.325200E+05   8.005953E-01   8.005953E-01   8.984100E-01   8.005953E-01  -1.454378E+01   1.120815E+00  -1.986983E+00        11
   9.407332E+02   3.333360E+05   8.005953E-01   8.005953E-01   8.984100E-01   8.005953E-01  -1.455068E+01   1.119091E+00  -1.986983E+00        11
   9.417332E+02   3.341530E+05   8.005953E-01   8.005953E-01   8.984100E-01   8.005953E-01  -1.455757E+01   1.117368E+00  -1.986983E+00        11
   9.427332E+02   3.349710E+05   8.005953E-01   8.005953E-01   8.984100E-01   8.005953E-01  -1.456445E+01   1.115648E+00  -1.986983E+00        11
   9.437332E+02   3.357900E+05   8.005953E-01   8.005953E-01   8.984100E-01   8.005953E-01  -1.457132E+01   1.113930E+00  -1.986983E+00        11
   9.447332E+02   3.366100E+05   8.005953E-01   8.005953E-01   8.984100E-01   8.005953E-01  -1.457819E+01   1.112214E+00  -1.986983E+00        11
   9.457332E+02   3.374310E+05   8.005953E-01   8.005953E-01   8.984100E-01   8.005953E-01  -1.458504E+01   1.110500E+00  -1.986983E+00        11
   9.467332E+02   3.382530E+05   8.005953E-01   8.005953E-01   8.984100E-01   8.005953E-01  -1.459189E+01   1.108788E+00  -1.986983E+00        11
   9.477332E+02   3.390760E+05   8.005953E-01   8.005953E-01   8.984100E-01   8.005953E-01  -1.459873E+01   1.107079E+00  -1.986983E+00        11
   9.487332E+02   3.399000E+05   8.005953E-01   8.005953E-01   8.984100E-01   8.005953E-01  -1.460556E+01   1.105371E+00  -1.986983E+00        11
   9.497332E+02   3.407250E+05   8.005953E-01   8.005953E-01   8.984100E-01   8.005953E-01  -1.461238E+01   1.103665E+00  -1.986983E+00        11
   9.507332E+02   3.415510E+05   8.005953E-01   8.005953E-01   8.984100E-01   8.005953E-01  -1.461920E+01   1.101962E+00  -1.986983E+00        11
   9.517332E+02   3.423780E+05   8.005953E-01   8.005953E-01   8.984100E-01   8.005953E-01  -1.462600E+01   1.100260E+00  -1.986983E+00        11
   9.527332E+02   3.432060E+05   8.005953E-01   8.005953E-01   8.984100E-01   8.005953E-01  -1.463280E+01   1.098561E+00  -1.986983E+00        11
   9.537332E+02   3.440350E+05   8.005953E-01   8.005953E-01   8.984100E-01   8.005953E-01  -1.463959E+01   1.096864E+00  -1.986983E+00        11
   9.547332E+02   3.448650E+05   8.005953E-01   8.005953E-01   8.984100E-01   8.005953E-01  -1.464637E+01   1.095168E+00  -1.986983E+00        11
   9.557332E+02   3.456960E+05   8.005953E-01   8.005953E-01   8.984100E-01   8.005953E-01  -1.465314E+01   1.093475E+00  -1.986983E+00        11
   9.567332E+02   3.465280E+05   8.005953E-01   8.005953E-01   8.984100E-01   8.005953E-01  -1.465991E+01   1.091784E+00  -1.986983E+00        11
   9.577332E+02   3.473610E+05   8.005953E-01   8.005953E-01   8.984100E-01   8.005953E-01  -1.466667E+01   1.090095E+00  -1.986983E+00        11
   9.587332E+02   3.481950E+05   8.005953E-01   8.005953E-01   8.984100E-01   8.005953E-01  -1.467341E+01   1.088407E+00  -1.986983E+00        11
   9.597332E+02   3.490300E+05   8.005953E-01   8.005953E-01   8.984100E-01   8.005953E-01  -1.468016E+01   1.086722E+00  -1.986983E+00        11
   9.607332E+02   3.498660E+05   8.005953E-01   8.005953E-01   8.984100E-01   8.005953E-01  -1.468689E+01   1.085039E+00  -1.986983E+00        11
   9.617332E+02   3.507030E+05   8.005953E-01   8.005953E-01   8.984100E-01   8.005953E-01  -1.469361E+01   1.083358E+00  -1.986983E+00        11
   9.627332E+02   3.515410E+05   8.005953E-01   8.005953E-01   8.984100E-01   8.005953E-01  -1.470033E+01   1.081679E+00  -1.986983E+00        11
   9.637332E+02   3.523800E+05   8.005953E-01   8.005953E-01   8.984100E-01   8.005953E-01  -1.470704E+01   1.080002E+00  -1.986983E+00        11
   9.647332E+02   3.532200E+05   8.005953E-01   8.005953E-01   8.984100E-01   8.005953E-01  -1.471374E+01   1.078326E+00  -1.986983E+00        11
   9.657332E+02   3.540610E+05   8.005953E-01   8.005953E-01   8.984100E-01   8.005953E-01  -1.472043E+01   1.076653E+00  -1.986983E+00        11
   9.667332E+02   3.549030E+05   8.005953E-01   8.005953E-01   8.984100E-01   8.005953E-01  -1.472712E+01   1.074982E+00  -1.986983E+00        11
   9.677332E+02   3.557460E+05   8.005953E-01   8.005953E-01   8.984100E-01   8.005953E-01  -1.473379E+01   1.073313E+00  -1.986983E+00        11
   9.687332E+02   3.565900E+05   8.005953E-01   8.005953E-01   8.984100E-01   8.005953E-01  -1.474046E+01   1.071646E+00  -1.986983E+00        11
   9.697332E+02   3.574350E+05   8.005953E-01   8.005953E-01   8.984100E-01   8.005953E-01  -1.474712E+01   1.069981E+00  -1.986983E+00        11
   9.707332E+02   3.582810E+05   8.005953E-01   8.005953E-01   8.984100E-01   8.005953E-01  -1.475377E+01   1.068317E+00  -1.986983E+00        11
   9.717332E+02   3.591280E+05   8.005953E-01   8.005953E-01   8.984100E-01   8.005953E-01  -1.476042E+01   1.066656E+00  -1.986983E+00        11
   9.727332E+02   3.599760E+05   8.005953E-01   8.005953E-01   8.984100E-01   8.005953E-01  -1.476706E+01   1.064997E+00  -1.986983E+00        11
   9.737332E+02   3.608250E+05   8.005953E-01   8.005953E-01   8.984100E-01   8.005953E-01  -1.477369E+01   1.063339E+00  -1.986983E+00        11
   9.747332E+02   3.616750E+05   8.005953E-01   8.005953E-01   8.984100E-01   8.005953E-01  -1.478031E+01   1.061684E+00  -1.986983E+00        11
   9.757332E+02   3.625260E+05   8.005953E-01   8.005953E-01   8.984100E-01   8.005953E-01  -1.478692E+01   1.060030E+00  -1.986983E+00        11
   9.767332E+02   3.633780E+05   8.005953E-01   8.005953E-01   8.984100E-01   8.005953E-01  -1.479353E+01   1.058379E+00  -1.986983E+00        11
   9.777332E+02   3.642310E+05   8.005953E-01   8.005953E-01   8.984100E-01   8.005953E-01  -1.480013E+01   1.056729E+00  -1.986983E+00        11
   9.787332E+02   3.650850E+05   8.005953E-01   8.005953E-01   8.984100E-01   8.005953E-01  -1.480672E+01   1.055082E+00  -1.986983E+00        11
   9.797332E+02   3.659400E+05   8.005953E-01   8.005953E-01   8.984100E-01   8.005953E-01  -1.481330E+01   1.053436E+00  -1.986983E+00        11
   9.807332E+02   3.667960E+05   8.005953E-01   8.005953E-01   8.984100E-01   8.005953E-01  -1.481988E+01   1.051792E+00  -1.986983E+00        11
   9.817332E+02   3.676530E+05   8.005953E-01   8.005953E-01   8.984100E-01   8.005953E-01  -1.482644E+01   1.050150E+00  -1.986983E+00        11
   9.827332E+02   3.685110E+05   8.005953E-01   8.005953E-01   8.984100E-01   8.005953E-01  -1.483300E+01   1.048510E+00  -1.986983E+00        11
   9.837332E+02   3.693700E+05   8.005953E-01   8.005953E-01   8.984100E-01   8.005953E-01  -1.483956E+01   1.046872E+00  -1.986983E+00        11
   9.847332E+02   3.702300E+05   8.005953E-01   8.005953E-01   8.984100E-01   8.005953E-01  -1.484610E+01   1.045236E+00  -1.986983E+00        11
   9.857332E+02   3.710910E+05   8.005953E-01   8.005953E-01   8.984100E-01   8.005953E-01  -1.485264E+01   1.043602E+00  -1.986983E+00        11
   9.867332E+02   3.719530E+05   8.005953E-01   8.005953E-01   8.984100E-01   8.005953E-01  -1.485917E+01   1.041969E+00  -1.986983E+00        11
   9.877332E+02   3.728160E+05   8.005953E-01   8.005953E-01   8.984100E-01   8.005953E-01  -1.486569E+01   1.040339E+00  -1.986983E+00        11
   9.887332E+02   3.736800E+05   8.005953E-01   8.005953E-01   8.984100E-01   8.005953E-01  -1.487220E+01   1.038710E+00  -1.986983E+00        11
   9.897332E+02   3.745450E+05   8.005953E-01   8.005953E-01   8.984100E-01   8.005953E-01  -1.487871E+01   1.037083E+00  -1.986983E+00        11
   9.907332E+02   3.754110E+05   8.005953E-01   8.005953E-01   8.984100E-01   8.005953E-01  -1.488521E+01   1.035459E+00  -1.986983E+00        11
   9.917332E+02   3.762780E+05   8.005953E-01   8.005953E-01   8.984100E-01   8.005953E-01  -1.489170E+01   1.033836E+00  -1.986983E+00        11
   9.927332E+02   3.771460E+05   8.005953E-01   8.005953E-01   8.984100E-01   8.005953E-01  -1.489819E+01   1.032214E+00  -1.986983E+00        11
   9.937332E+02   3.780150E+05   8.005953E-01   8.005953E-01   8.984100E-01   8.005953E-01  -1.490466E+01   1.030595E+00  -1.986983E+00        11
   9.947332E+02   3.788850E+05   8.005953E-01   8.005953E-01   8.984100E-01   8.005953E-01  -1.491113E+01   1.028978E+00  -1.986983E+00        11
   9.957332E+02   3.797560E+05   8.005953E-01   8.005953E-01   8.984100E-01   8.005953E-01  -1.491759E+01   1.027362E+00  -1.986983E+00        11
   9.967332E+02   3.806280E+05   8.005953E-01   8.005953E-01   8.984100E-01   8.005953E-01  -1.492405E+01   1.025749E+00  -1.986983E+00        11
   9.977332E+02   3.815010E+05   8.005953E-01   8.005953E-01   8.984100E-01   8.005953E-01  -1.493050E+01   1.024137E+00  -1.986983E+00        11
   9.987332E+02   3.823750E+05   8.005953E-01   8.005953E-01   8.984100E-01   8.005953E-01  -1.493694E+01   1.022527E+00  -1.986983E+00        11
   9.997332E+02   3.832500E+05   8.005953E-01   8.005953E-01   8.984100E-01   8.005953E-01  -1.494337E+01   1.020919E+00  -1.986983E+00        11
   1.000733E+03   3.841260E+05   8.005953E-01   8.005953E-01   8.984100E-01   8.005953E-01  -1.494979E+01   1.019312E+00  -1.986983E+00        11
   1.001733E+03   3.850030E+05   8.005953E-01   8.005953E-01   8.984100E-01   8.005953E-01  -1.495621E+01   1.017708E+00  -1.986983E+00        11
   1.002733E+03   3.858810E+05   8.005953E-01   8.005953E-01   8.984100E-01   8.005953E-01  -1.496262E+01   1.016105E+00  -1.986983E+00        11
   1.003733E+03   3.867600E+05   8.005953E-01   8.005953E-01   8.984100E-01   8.005953E-01  -1.496903E+01   1.014505E+00  -1.986983E+00        11
   1.004733E+03   3.876400E+05   8.005953E-01   8.005953E-01   8.984100E-01   8.005953E-01  -1.497542E+01   1.012906E+00  -1.986983E+00        11
   1.005733E+03   3.885210E+05   8.005953E-01   8.005953E-01   8.984100E-01   8.005953E-01  -1.498181E+01   1.011308E+00  -1.986983E+00        11
   1.006733E+03   3.894030E+05   8.005953E-01   8.005953E-01   8.984100E-01   8.005953E-01  -1.498819E+01   1.009713E+00  -1.986983E+00        11
   1.007733E+03   3.902860E+05   8.005953E-01   8.005953E-01   8.984100E-01   8.005953E-01  -1.499457E+01   1.008119E+00  -1.986983E+00        11
   1.008733E+03   3.911700E+05   8.005953E-01   8.005953E-01   8.984100E-01   8.005953E-01  -1.500093E+01   1.006528E+00  -1.986983E+00        11
   1.009733E+03   3.920550E+05   8.005953E-01   8.005953E-01   8.984100E-01   8.005953E-01  -1.500729E+01   1.004938E+00  -1.986983E+00        11
   1.010733E+03   3.929410E+05   8.005953E-01   8.005953E-01   8.984100E-01   8.005953E-01  -1.501365E+01   1.003350E+00  -1.986983E+00        11
   1.011733E+03   3.938280E+05   8.005953E-01   8.005953E-01   8.984100E-01   8.005953E-01  -1.501999E+01   1.001763E+00  -1.986983E+00        11
   1.012733E+03   3.947160E+05   8.005953E-01   8.005953E-01   8.984100E-01   8.005953E-01  -1.502633E+01   1.000179E+00  -1.986983E+00        11
   1.013733E+03   3.956050E+05   8.005953E-01   8.005953E-01   8.984100E-01   8.005953E-01  -1.503266E+01   9.985958E-01  -1.986983E+00        11
   1.014733E+03   3.964950E+05   8.005953E-01   8.005953E-01   8.984100E-01   8.005953E-01  -1.503898E+01   9.970148E-01  -1.986983E+00        11
   1.015733E+03   3.973860E+05   8.005953E-01   8.005953E-01   8.984100E-01   8.005953E-01  -1.504530E+01   9.954355E-01  -1.986983E+00        11
   1.016733E+03   3.982780E+05   8.005953E-01   8.005953E-01   8.984100E-01   8.005953E-01  -1.505161E+01   9.938580E-01  -1.986983E+00        11
   1.017733E+03   3.991710E+05   8.005953E-01   8.005953E-01   8.984100E-01   8.005953E-01  -1.505791E+01   9.922823E-01  -1.986983E+00        11
   1.018733E+03   4.000650E+05   8.005953E-01   8.005953E-01   8.984100E-01   8.005953E-01  -1.506421E+01   9.907084E-01  -1.986983E+00        11
   1.019733E+03   4.009600E+05   8.005953E-01   8.005953E-01   8.984100E-01   8.005953E-01  -1.507050E+01   9.891362E-01  -1.986983E+00        11
   1.020733E+03   4.018560E+05   8.005953E-01   8.005953E-01   8.984100E-01   8.005953E-01  -1.507678E+01   9.875657E-01  -1.986983E+00        11
   1.021733E+03   4.027530E+05   8.005953E-01   8.005953E-01   8.984100E-01   8.005953E-01  -1.508306E+01   9.859971E-01  -1.986983E+00        11
   1.022733E+03   4.036510E+05   8.005953E-01   8.005953E-01   8.984100E-01   8.005953E-01  -1.508932E+01   9.844301E-01  -1.986983E+00        11
   1.023733E+03   4.045500E+05   8.005953E-01   8.005953E-01   8.984100E-01   8.005953E-01  -1.509558E+01   9.828649E-01  -1.986983E+00        11
   1.024733E+03   4.054500E+05   8.005953E-01   8.005953E-01   8.984100E-01   8.005953E-01  -1.510184E+01   9.813014E-01  -1.986983E+00        11
   1.025733E+03   4.063510E+05   8.005953E-01   8.005953E-01   8.984100E-01   8.005953E-01  -1.510809E+01   9.797397E-01  -1.986983E+00        11
   1.026733E+03   4.072530E+05   8.005953E-01   8.005953E-01   8.984100E-01   8.005953E-01  -1.511432E+01   9.781797E-01  -1.986983E+00        11
   1.027733E+03   4.081560E+05   8.005953E-01   8.005953E-01   8.984100E-01   8.005953E-01  -1.512056E+01   9.766215E-01  -1.986983E+00        11
   1.028733E+03   4.090600E+05   8.005953E-01   8.005953E-01   8.984100E-01   8.005953E-01  -1.512678E+01   9.750649E-01  -1.986983E+00        11
   1.029733E+03   4.099650E+05   8.005953E-01   8.005953E-01   8.984100E-01   8.005953E-01  -1.513300E+01   9.735101E-01  -1.986983E+00        11
   1.030733E+03   4.108710E+05   8.005953E-01   8.005953E-01   8.984100E-01   8.005953E-01  -1.513922E+01   9.719570E-01  -1.986983E+00        11
   1.031733E+03   4.117780E+05   8.005953E-01   8.005953E-01   8.984100E-01   8.005953E-01  -1.514542E+01   9.704056E-01  -1.986983E+00        11
   1.032733E+03   4.126860E+05   8.005953E-01   8.005953E-01   8.984100E-01   8.005953E-01  -1.515162E+01   9.688559E-01  -1.986983E+00        11
   1.033733E+03   4.135950E+05   8.005953E-01   8.005953E-01   8.984100E-01   8.005953E-01  -1.515781E+01   9.673079E-01  -1.986983E+00        11
   1.034733E+03   4.145050E+05   8.005953E-01   8.005953E-01   8.984100E-01   8.005953E-01  -1.516400E+01   9.657617E-01  -1.986983E+00        11
   1.035733E+03   4.154160E+05   8.005953E-01   8.005953E-01   8.984100E-01   8.005953E-01  -1.517018E+01   9.642171E-01  -1.986983E+00        11
   1.036733E+03   4.163280E+05   8.005953E-01   8.005953E-01   8.984100E-01   8.005953E-01  -1.517635E+01   9.626742E-01  -1.986983E+00        11
   1.037733E+03   4.172410E+05   8.005953E-01   8.005953E-01   8.984100E-01   8.005953E-01  -1.518251E+01   9.611330E-01  -1.986983E+00        11
   1.038733E+03   4.181550E+05   8.005953E-01   8.005953E-01   8.984100E-01   8.005953E-01  -1.518867E+01   9.595935E-01  -1.986983E+00        11
   1.039733E+03   4.190700E+05   8.005953E-01   8.005953E-01   8.984100E-01   8.005953E-01  -1.519482E+01   9.580556E-01  -1.986983E+00        11
   1.040733E+03   4.199860E+05   8.005953E-01   8.005953E-01   8.984100E-01   8.005953E-01  -1.520097E+01   9.565195E-01  -1.986983E+00        11
   1.041733E+03   4.209030E+05   8.005953E-01   8.005953E-01   8.984100E-01   8.005953E-01  -1.520710E+01   9.549850E-01  -1.986983E+00        11
   1.042733E+03   4.218210E+05   8.005953E-01   8.005953E-01   8.984100E-01   8.005953E-01  -1.521324E+01   9.534522E-01  -1.986983E+00        11
   1.043733E+03   4.227400E+05   8.005953E-01   8.005953E-01   8.984100E-01   8.005953E-01  -1.521936E+01   9.519211E-01  -1.986983E+00        11
   1.044733E+03   4.236600E+05   8.005953E-01   8.005953E-01   8.984100E-01   8.005953E-01  -1.522548E+01   9.503916E-01  -1.986983E+00        11
   1.045733E+03   4.245810E+05   8.005953E-01   8.005953E-01   8.984100E-01   8.005953E-01  -1.523159E+01   9.488638E-01  -1.986983E+00        11
   1.046733E+03   4.255030E+05   8.005953E-01   8.005953E-01   8.984100E-01   8.005953E-01  -1.523769E+01   9.473376E-01  -1.986983E+00        11
   1.047733E+03   4.264260E+05   8.005953E-01   8.005953E-01   8.984100E-01   8.005953E-01  -1.524379E+01   9.458131E-01  -1.986983E+00        11
   1.048733E+03   4.273500E+05   8.005953E-01   8.005953E-01   8.984100E-01   8.005953E-01  -1.524988E+01   9.442903E-01  -1.986983E+00        11
   1.049733E+03   4.282750E+05   8.005953E-01   8.005953E-01   8.984100E-01   8.005953E-01  -1.525597E+01   9.427691E-01  -1.986983E+00        11
   1.050733E+03   4.292010E+05   8.005953E-01   8.005953E-01   8.984100E-01   8.005953E-01  -1.526205E+01   9.412495E-01  -1.986983E+00        11
   1.051733E+03   4.301280E+05   8.005953E-01   8.005953E-01   8.984100E-01   8.005953E-01  -1.526812E+01   9.397316E-01  -1.986983E+00        11
   1.052733E+03   4.310560E+05   8.005953E-01   8.005953E-01   8.984100E-01   8.005953E-01  -1.527418E+01   9.382153E-01  -1.986983E+00        11
   1.053733E+03   4.319850E+05   8.005953E-01   8.005953E-01   8.984100E-01   8.005953E-01  -1.528024E+01   9.367007E-01  -1.986983E+00        11
   1.054733E+03   4.329150E+05   8.005953E-01   8.005953E-01   8.984100E-01   8.005953E-01  -1.528629E+01   9.351876E-01  -1.986983E+00        11
   1.055733E+03   4.338460E+05   8.005953E-01   8.005953E-01   8.984100E-01   8.005953E-01  -1.529234E+01   9.336762E-01  -1.986983E+00        11
   1.056733E+03   4.347780E+05   8.005953E-01   8.005953E-01   8.984100E-01   8.005953E-01  -1.529838E+01   9.321664E-01  -1.986983E+00        11
   1.057733E+03   4.357110E+05   8.005953E-01   8.005953E-01   8.984100E-01   8.005953E-01  -1.530441E+01   9.306583E-01  -1.986983E+00        11
   1.058733E+03   4.366450E+05   8.005953E-01   8.005953E-01   8.984100E-01   8.005953E-01  -1.531044E+01   9.291517E-01  -1.986983E+00        11
   1.059733E+03   4.375800E+05   8.005953E-01   8.005953E-01   8.984100E-01   8.005953E-01  -1.531646E+01   9.276468E-01  -1.986983E+00        11
   1.060733E+03   4.385160E+05   8.005953E-01   8.005953E-01   8.984100E-01   8.005953E-01  -1.532247E+01   9.261435E-01  -1.986983E+00        11
   1.061733E+03   4.394530E+05   8.005953E-01   8.005953E-01   8.984100E-01   8.005953E-01  -1.532848E+01   9.246418E-01  -1.986983E+00        11
   1.062733E+03   4.403910E+05   8.005953E-01   8.005953E-01   8.984100E-01   8.005953E-01  -1.533448E+01   9.231416E-01  -1.986983E+00        11
   1.063733E+03   4.413300E+05   8.005953E-01   8.005953E-01   8.984100E-01   8.005953E-01  -1.534047E+01   9.216431E-01  -1.986983E+00        11
   1.064733E+03   4.422700E+05   8.005953E-01   8.005953E-01   8.984100E-01   8.005953E-01  -1.534646E+01   9.201462E-01  -1.986983E+00        11
   1.065733E+03   4.432110E+05   8.005953E-01   8.005953E-01   8.984100E-01   8.005953E-01  -1.535244E+01   9.186508E-01  -1.986983E+00        11
   1.066733E+03   4.441530E+05   8.005953E-01   8.005953E-01   8.984100E-01   8.005953E-01  -1.535842E+01   9.171571E-01  -1.986983E+00        11
   1.067733E+03   4.450960E+05   8.005953E-01   8.005953E-01   8.984100E-01   8.005953E-01  -1.536438E+01   9.156649E-01  -1.986983E+00        11
   1.068733E+03   4.460400E+05   8.005953E-01   8.005953E-01   8.984100E-01   8.005953E-01  -1.537035E+01   9.141743E-01  -1.986983E+00        11
   1.069733E+03   4.469850E+05   8.005953E-01   8.005953E-01   8.984100E-01   8.005953E-01  -1.537630E+01   9.126853E-01  -1.986983E+00        11
   1.070733E+03   4.479310E+05   8.005953E-01   8.005953E-01   8.984100E-01   8.005953E-01  -1.538225E+01   9.111979E-01  -1.986983E+00        11
   1.071733E+03   4.488780E+05   8.005953E-01   8.005953E-01   8.984100E-01   8.005953E-01  -1.538820E+01   9.097120E-01  -1.986983E+00        11
   1.072733E+03   4.498260E+05   8.005953E-01   8.005953E-01   8.984100E-01   8.005953E-01  -1.539413E+01   9.082277E-01  -1.986983E+00        11
   1.073733E+03   4.507750E+05   8.005953E-01   8.005953E-01   8.984100E-01   8.005953E-01  -1.540006E+01   9.067450E-01  -1.986983E+00        11
   1.074733E+03   4.517250E+05   8.005953E-01   8.005953E-01   8.984100E-01   8.005953E-01  -1.540599E+01   9.052638E-01  -1.986983E+00        11
   1.075733E+03   4.526760E+05   8.005953E-01   8.005953E-01   8.984100E-01   8.005953E-01  -1.541191E+01   9.037842E-01  -1.986983E+00        11
   1.076733E+03   4.536280E+05   8.005953E-01   8.005953E-01   8.984100E-01   8.005953E-01  -1.541782E+01   9.023061E-01  -1.986983E+00        11
   1.077733E+03   4.545810E+05   8.005953E-01   8.005953E-01   8.984100E-01   8.005953E-01  -1.542373E+01   9.008296E-01  -1.986983E+00        11
   1.078733E+03   4.555350E+05   8.005953E-01   8.005953E-01   8.984100E-01   8.005953E-01  -1.542963E+01   8.993547E-01  -1.986983E+00        11
   1.079733E+03   4.564900E+05   8.005953E-01   8.005953E-01   8.984100E-01   8.005953E-01  -1.543552E+01   8.978812E-01  -1.986983E+00        11
   1.080733E+03   4.574460E+05   8.005953E-01   8.005953E-01   8.984100E-01   8.005953E-01  -1.544141E+01   8.964094E-01  -1.986983E+00        11
   1.081733E+03   4.584030E+05   8.005953E-01   8.005953E-01   8.984100E-01   8.005953E-01  -1.544729E+01   8.949390E-01  -1.986983E+00        11
   1.082733E+03   4.593610E+05   8.005953E-01   8.005953E-01   8.984100E-01   8.005953E-01  -1.545316E+01   8.934702E-01  -1.986983E+00        11
   1.083733E+03   4.603200E+05   8.005953E-01   8.005953E-01   8.984100E-01   8.005953E-01  -1.545903E+01   8.920030E-01  -1.986983E+00        11
   1.084733E+03   4.612800E+05   8.005953E-01   8.005953E-01   8.984100E-01   8.005953E-01  -1.546490E+01   8.905372E-01  -1.986983E+00        11
   1.085733E+03   4.622410E+05   8.005953E-01   8.005953E-01   8.984100E-01   8.005953E-01  -1.547075E+01   8.890730E-01  -1.986983E+00        11
   1.086733E+03   4.632030E+05   8.005953E-01   8.005953E-01   8.984100E-01   8.005953E-01  -1.547660E+01   8.876103E-01  -1.986983E+00        11
   1.087733E+03   4.641660E+05   8.005953E-01   8.005953E-01   8.984100E-01   8.005953E-01  -1.548245E+01   8.861491E-01  -1.986983E+00        11
   1.088733E+03   4.651300E+05   8.005953E-01   8.005953E-01   8.984100E-01   8.005953E-01  -1.548829E+01   8.846895E-01  -1.986983E+00        11
   1.089733E+03   4.660950E+05   8.005953E-01   8.005953E-01   8.984100E-01   8.005953E-01  -1.549412E+01   8.832313E-01  -1.986983E+00        11
   1.090733E+03   4.670610E+05   8.005953E-01   8.005953E-01   8.984100E-01   8.005953E-01  -1.549995E+01   8.817747E-01  -1.986983E+00        11
   1.091733E+03   4.680280E+05   8.005953E-01   8.005953E-01   8.984100E-01   8.005953E-01  -1.550577E+01   8.803195E-01  -1.986983E+00        11
   1.092733E+03   4.689960E+05   8.005953E-01   8.005953E-01   8.984100E-01   8.005953E-01  -1.551158E+01   8.788659E-01  -1.986983E+00        11
   1.093733E+03   4.699650E+05   8.005953E-01   8.005953E-01   8.984100E-01   8.005953E-01  -1.551739E+01   8.774138E-01  -1.986983E+00        11
   1.094733E+03   4.709350E+05   8.005953E-01   8.005953E-01   8.984100E-01   8.005953E-01  -1.552319E+01   8.759631E-01  -1.986983E+00        11
   1.095733E+03   4.719060E+05   8.005953E-01   8.005953E-01   8.984100E-01   8.005953E-01  -1.552899E+01   8.745140E-01  -1.986983E+00        11
   1.096733E+03   4.728780E+05   8.005953E-01   8.005953E-01   8.984100E-01   8.005953E-01  -1.553478E+01   8.730664E-01  -1.986983E+00        11
   1.097733E+03   4.738510E+05   8.005953E-01   8.005953E-01   8.984100E-01   8.005953E-01  -1.554056E+01   8.716202E-01  -1.986983E+00        11
   1.098733E+03   4.748250E+05   8.005953E-01   8.005953E-01   8.984100E-01   8.005953E-01  -1.554634E+01   8.701755E-01  -1.986983E+00        11
   1.099733E+03   4.758000E+05   8.005953E-01   8.005953E-01   8.984100E-01   8.005953E-01  -1.555211E+01   8.687323E-01  -1.986983E+00        11
   1.100733E+03   4.767760E+05   8.005953E-01   8.005953E-01   8.984100E-01   8.005953E-01  -1.555788E+01   8.672906E-01  -1.986983E+00        11
   1.101733E+03   4.777530E+05   8.005953E-01   8.005953E-01   8.984100E-01   8.005953E-01  -1.556364E+01   8.658504E-01  -1.986983E+00        11
   1.102733E+03   4.787310E+05   8.005953E-01   8.005953E-01   8.984100E-01   8.005953E-01  -1.556940E+01   8.644116E-01  -1.986983E+00        11
   1.103733E+03   4.797100E+05   8.005953E-01   8.005953E-01   8.984100E-01   8.005953E-01  -1.557515E+01   8.629743E-01  -1.986983E+00        11
   1.104733E+03   4.806900E+05   8.005953E-01   8.005953E-01   8.984100E-01   8.005953E-01  -1.558089E+01   8.615385E-01  -1.986983E+00        11
   1.105733E+03   4.816710E+05   8.005953E-01   8.005953E-01   8.984100E-01   8.005953E-01  -1.558663E+01   8.601041E-01  -1.986983E+00        11
   1.106733E+03   4.826530E+05   8.005953E-01   8.005953E-01   8.984100E-01   8.005953E-01  -1.559236E+01   8.586712E-01  -1.986983E+00        11
   1.107733E+03   4.836360E+05   8.005953E-01   8.005953E-01   8.984100E-01   8.005953E-01  -1.559808E+01   8.572397E-01  -1.986983E+00        11
   1.108733E+03   4.846200E+05   8.005953E-01   8.005953E-01   8.984100E-01   8.005953E-01  -1.560380E+01   8.558098E-01  -1.986983E+00        11
   1.109733E+03   4.856050E+05   8.005953E-01   8.005953E-01   8.984100E-01   8.005953E-01  -1.560952E+01   8.543812E-01  -1.986983E+00        11
   1.110733E+03   4.865910E+05   8.005953E-01   8.005953E-01   8.984100E-01   8.005953E-01  -1.561523E+01   8.529541E-01  -1.986983E+00        11
   1.111733E+03   4.875780E+05   8.005953E-01   8.005953E-01   8.984100E-01   8.005953E-01  -1.562093E+01   8.515285E-01  -1.986983E+00        11
   1.112733E+03   4.885660E+05   8.005953E-01   8.005953E-01   8.984100E-01   8.005953E-01  -1.562663E+01   8.501043E-01  -1.986983E+00        11
   1.113733E+03   4.895550E+05   8.005953E-01   8.005953E-01   8.984100E-01   8.005953E-01  -1.563232E+01   8.486815E-01  -1.986983E+00        11
   1.114733E+03   4.905450E+05   8.005953E-01   8.005953E-01   8.984100E-01   8.005953E-01  -1.563800E+01   8.472602E-01  -1.986983E+00        11
   1.115733E+03   4.915360E+05   8.005953E-01   8.005953E-01   8.984100E-01   8.005953E-01  -1.564368E+01   8.458403E-01  -1.986983E+00        11
   1.116733E+03   4.925280E+05   8.005953E-01   8.005953E-01   8.984100E-01   8.005953E-01  -1.564936E+01   8.444218E-01  -1.986983E+00        11
   1.117733E+03   4.935210E+05   8.005953E-01   8.005953E-01   8.984100E-01   8.005953E-01  -1.565502E+01   8.430048E-01  -1.986983E+00        11
   1.118733E+03   4.945150E+05   8.005953E-01   8.005953E-01   8.984100E-01   8.005953E-01  -1.566069E+01   8.415892E-01  -1.986983E+00        11
   1.119733E+03   4.955100E+05   8.005953E-01   8.005953E-01   8.984100E-01   8.005953E-01  -1.566634E+01   8.401750E-01  -1.986983E+00        11
   1.120733E+03   4.965060E+05   8.005953E-01   8.005953E-01   8.984100E-01   8.005953E-01  -1.567200E+01   8.387622E-01  -1.986983E+00        11
   1.121733E+03   4.975030E+05   8.005953E-01   8.005953E-01   8.984100E-01   8.005953E-01  -1.567764E+01   8.373509E-01  -1.986983E+00        11
   1.122733E+03   4.985010E+05   8.005953E-01   8.005953E-01   8.984100E-01   8.005953E-01  -1.568328E+01   8.359409E-01  -1.986983E+00        11
   1.123733E+03   4.995000E+05   8.005953E-01   8.005953E-01   8.984100E-01   8.005953E-01  -1.568891E+01   8.345324E-01  -1.986983E+00        11
   1.124733E+03   5.005000E+05   8.005953E-01   8.005953E-01   8.984100E-01   8.005953E-01  -1.569454E+01   8.331253E-01  -1.986983E+00        11
   1.125733E+03   5.015010E+05   8.005953E-01   8.005953E-01   8.984100E-01   8.005953E-01  -1.570017E+01   8.317196E-01  -1.986983E+00        11
   1.126733E+03   5.025030E+05   8.005953E-01   8.005953E-01   8.984100E-01   8.005953E-01  -1.570578E+01   8.303153E-01  -1.986983E+00        11
   1.127733E+03   5.035060E+05   8.005953E-01   8.005953E-01   8.984100E-01   8.005953E-01  -1.571139E+01   8.289124E-01  -1.986983E+00        11
   1.128733E+03   5.045100E+05   8.005953E-01   8.005953E-01   8.984100E-01   8.005953E-01  -1.571700E+01   8.275109E-01  -1.986983E+00        11
   1.129733E+03   5.055150E+05   8.005953E-01   8.005953E-01   8.984100E-01   8.005953E-01  -1.572260E+01   8.261108E-01  -1.986983E+00        11
   1.130733E+03   5.065210E+05   8.005953E-01   8.005953E-01   8.984100E-01   8.005953E-01  -1.572820E+01   8.247120E-01  -1.986983E+00        11
   1.131733E+03   5.075280E+05   8.005953E-01   8.005953E-01   8.984100E-01   8.005953E-01  -1.573379E+01   8.233147E-01  -1.986983E+00        11
   1.132733E+03   5.085360E+05   8.005953E-01   8.005953E-01   8.984100E-01   8.005953E-01  -1.573937E+01   8.219188E-01  -1.986983E+00        11
   1.133733E+03   5.095450E+05   8.005953E-01   8.005953E-01   8.984100E-01   8.005953E-01  -1.574495E+01   8.205242E-01  -1.986983E+00        11
   1.134733E+03   5.105550E+05   8.005953E-01   8.005953E-01   8.984100E-01   8.005953E-01  -1.575052E+01   8.191310E-01  -1.986983E+00        11
   1.135733E+03   5.115660E+05   8.005953E-01   8.005953E-01   8.984100E-01   8.005953E-01  -1.575609E+01   8.177392E-01  -1.986983E+00        11
   1.136733E+03   5.125780E+05   8.005953E-01   8.005953E-01   8.984100E-01   8.005953E-01  -1.576165E+01   8.163488E-01  -1.986983E+00        11
   1.137733E+03   5.135910E+05   8.005953E-01   8.005953E-01   8.984100E-01   8.005953E-01  -1.576721E+01   8.149597E-01  -1.986983E+00        11
   1.138733E+03   5.146050E+05   8.005953E-01   8.005953E-01   8.984100E-01   8.005953E-01  -1.577276E+01   8.135720E-01  -1.986983E+00        11
   1.139733E+03   5.156200E+05   8.005953E-01   8.005953E-01   8.984100E-01   8.005953E-01  -1.577830E+01   8.121857E-01  -1.986983E+00        11
   1.140733E+03   5.166360E+05   8.005953E-01   8.005953E-01   8.984100E-01   8.005953E-01  -1.578384E+01   8.108008E-01  -1.986983E+00        11
   1.141733E+03   5.176530E+05   8.005953E-01   8.005953E-01   8.984100E-01   8.005953E-01  -1.578938E+01   8.094172E-01  -1.986983E+00        11
   1.142733E+03   5.186710E+05   8.005953E-01   8.005953E-01   8.984100E-01   8.005953E-01  -1.579490E+01   8.080349E-01  -1.986983E+00        11
   1.143733E+03   5.196900E+05   8.005953E-01   8.005953E-01   8.984100E-01   8.005953E-01  -1.580043E+01   8.066541E-01  -1.986983E+00        11
   1.144733E+03   5.207100E+05   8.005953E-01   8.005953E-01   8.984100E-01   8.005953E-01  -1.580595E+01   8.052745E-01  -1.986983E+00        11
   1.145733E+03   5.217310E+05   8.005953E-01   8.005953E-01   8.984100E-01   8.005953E-01  -1.581146E+01   8.038964E-01  -1.986983E+00        11
   1.146733E+03   5.227530E+05   8.005953E-01   8.005953E-01   8.984100E-01   8.005953E-01  -1.581697E+01   8.025195E-01  -1.986983E+00        11
   1.147733E+03   5.237760E+05   8.005953E-01   8.005953E-01   8.984100E-01   8.005953E-01  -1.582247E+01   8.011441E-01  -1.986983E+00        11
   1.148733E+03   5.248000E+05   8.005953E-01   8.005953E-01   8.984100E-01   8.005953E-01  -1.582796E+01   7.997699E-01  -1.986983E+00        11
   1.149733E+03   5.258250E+05   8.005953E-01   8.005953E-01   8.984100E-01   8.005953E-01  -1.583346E+01   7.983971E-01  -1.986983E+00        11
   1.150733E+03   5.268510E+05   8.005953E-01   8.005953E-01   8.984100E-01   8.005953E-01  -1.583894E+01   7.970257E-01  -1.986983E+00        11
   1.151733E+03   5.278780E+05   8.005953E-01   8.005953E-01   8.984100E-01   8.005953E-01  -1.584442E+01   7.956556E-01  -1.986983E+00        11
   1.152733E+03   5.289060E+05   8.005953E-01   8.005953E-01   8.984100E-01   8.005953E-01  -1.584990E+01   7.942868E-01  -1.986983E+00        11
   1.153733E+03   5.299350E+05   8.005953E-01   8.005953E-01   8.984100E-01   8.005953E-01  -1.585537E+01   7.929193E-01  -1.986983E+00        11
   1.154733E+03   5.309650E+05   8.005953E-01   8.005953E-01   8.984100E-01   8.005953E-01  -1.586083E+01   7.915532E-01  -1.986983E+00        11
   1.155733E+03   5.319960E+05   8.005953E-01   8.005953E-01   8.984100E-01   8.005953E-01  -1.586629E+01   7.901884E-01  -1.986983E+00        11
   1.156733E+03   5.330280E+05   8.005953E-01   8.005953E-01   8.984100E-01   8.005953E-01  -1.587174E+01   7.888249E-01  -1.986983E+00        11
   1.157733E+03   5.340610E+05   8.005953E-01   8.005953E-01   8.984100E-01   8.005953E-01  -1.587719E+01   7.874627E-01  -1.986983E+00        11
   1.158733E+03   5.350950E+05   8.005953E-01   8.005953E-01   8.984100E-01   8.005953E-01  -1.588264E+01   7.861019E-01  -1.986983E+00        11
   1.159733E+03   5.361300E+05   8.005953E-01   8.005953E-01   8.984100E-01   8.005953E-01  -1.588807E+01   7.847423E-01  -1.986983E+00        11
   1.160733E+03   5.371660E+05   8.005953E-01   8.005953E-01   8.984100E-01   8.005953E-01  -1.589351E+01   7.833841E-01  -1.986983E+00        11
   1.161733E+03   5.382030E+05   8.005953E-01   8.005953E-01   8.984100E-01   8.005953E-01  -1.589894E+01   7.820272E-01  -1.986983E+00        11
   1.162733E+03   5.392410E+05   8.005953E-01   8.005953E-01   8.984100E-01   8.005953E-01  -1.590436E+01   7.806716E-01  -1.986983E+00        11
   1.163733E+03   5.402800E+05   8.005953E-01   8.005953E-01   8.984100E-01   8.005953E-01  -1.590977E+01   7.793173E-01  -1.986983E+00        11
   1.164733E+03   5.413200E+05   8.005953E-01   8.005953E-01   8.984100E-01   8.005953E-01  -1.591519E+01   7.779643E-01  -1.986983E+00        11
   1.165733E+03   5.423610E+05   8.005953E-01   8.005953E-01   8.984100E-01   8.005953E-01  -1.592059E+01   7.766126E-01  -1.986983E+00        11
   1.166733E+03   5.434030E+05   8.005953E-01   8.005953E-01   8.984100E-01   8.005953E-01  -1.592599E+01   7.752622E-01  -1.986983E+00        11
   1.167733E+03   5.444460E+05   8.005953E-01   8.005953E-01   8.984100E-01   8.005953E-01  -1.593139E+01   7.739131E-01  -1.986983E+00        11
   1.168733E+03   5.454900E+05   8.005953E-01   8.005953E-01   8.984100E-01   8.005953E-01  -1.593678E+01   7.725653E-01  -1.986983E+00        11
   1.169733E+03   5.465350E+05   8.005953E-01   8.005953E-01   8.984100E-01   8.005953E-01  -1.594217E+01   7.712188E-01  -1.986983E+00        11
   1.170733E+03   5.475810E+05   8.005953E-01   8.005953E-01   8.984100E-01   8.005953E-01  -1.594755E+01   7.698736E-01  -1.986983E+00        11
   1.171733E+03   5.486280E+05   8.005953E-01   8.005953E-01   8.984100E-01   8.005953E-01  -1.595293E+01   7.685296E-01  -1.986983E+00        11
   1.172733E+03   5.496760E+05   8.005953E-01   8.005953E-01   8.984100E-01   8.005953E-01  -1.595830E+01   7.671870E-01  -1.986983E+00        11
   1.173733E+03   5.507250E+05   8.005953E-01   8.005953E-01   8.984100E-01   8.005953E-01  -1.596366E+01   7.658456E-01  -1.986983E+00        11
   1.174733E+03   5.517750E+05   8.005953E-01   8.005953E-01   8.984100E-01   8.005953E-01  -1.596902E+01   7.645055E-01  -1.986983E+00        11
   1.175733E+03   5.528260E+05   8.005953E-01   8.005953E-01   8.984100E-01   8.005953E-01  -1.597438E+01   7.631666E-01  -1.986983E+00        11
   1.176733E+03   5.538780E+05   8.005953E-01   8.005953E-01   8.984100E-01   8.005953E-01  -1.597973E+01   7.618291E-01  -1.986983E+00        11
   1.177733E+03   5.549310E+05   8.005953E-01   8.005953E-01   8.984100E-01   8.005953E-01  -1.598507E+01   7.604928E-01  -1.986983E+00        11
   1.178733E+03   5.559850E+05   8.005953E-01   8.005953E-01   8.984100E-01   8.005953E-01  -1.599041E+01   7.591577E-01  -1.986983E+00        11
   1.179733E+03   5.570400E+05   8.005953E-01   8.005953E-01   8.984100E-01   8.005953E-01  -1.599575E+01   7.578240E-01  -1.986983E+00        11
   1.180733E+03   5.580960E+05   8.005953E-01   8.005953E-01   8.984100E-01   8.005953E-01  -1.600108E+01   7.564915E-01  -1.986983E+00        11
   1.181733E+03   5.591530E+05   8.005953E-01   8.005953E-01   8.984100E-01   8.005953E-01  -1.600640E+01   7.551603E-01  -1.986983E+00        11
   1.182733E+03   5.602110E+05   8.005953E-01   8.005953E-01   8.984100E-01   8.005953E-01  -1.601172E+01   7.538303E-01  -1.986983E+00        11
   1.183733E+03   5.612700E+05   8.005953E-01   8.005953E-01   8.984100E-01   8.005953E-01  -1.601704E+01   7.525016E-01  -1.986983E+00        11
   1.184733E+03   5.623300E+05   8.005953E-01   8.005953E-01   8.984100E-01   8.005953E-01  -1.602235E+01   7.511741E-01  -1.986983E+00        11
   1.185733E+03   5.633910E+05   8.005953E-01   8.005953E-01   8.984100E-01   8.005953E-01  -1.602765E+01   7.498479E-01  -1.986983E+00        11
   1.186733E+03   5.644530E+05   8.005953E-01   8.005953E-01   8.984100E-01   8.005953E-01  -1.603295E+01   7.485229E-01  -1.986983E+00        11
   1.187733E+03   5.655160E+05   8.005953E-01   8.005953E-01   8.984100E-01   8.005953E-01  -1.603825E+01   7.471992E-01  -1.986983E+00        11
   1.188733E+03   5.665800E+05   8.005953E-01   8.005953E-01   8.984100E-01   8.005953E-01  -1.604354E+01   7.458767E-01  -1.986983E+00        11
   1.189733E+03   5.676450E+05   8.005953E-01   8.005953E-01   8.984100E-01   8.005953E-01  -1.604882E+01   7.445555E-01  -1.986983E+00        11
   1.190733E+03   5.687110E+05   8.005953E-01   8.005953E-01   8.984100E-01   8.005953E-01  -1.605410E+01   7.432355E-01  -1.986983E+00        11
   1.191733E+03   5.697780E+05   8.005953E-01   8.005953E-01   8.984100E-01   8.005953E-01  -1.605938E+01   7.419167E-01  -1.986983E+00        11
   1.192733E+03   5.708460E+05   8.005953E-01   8.005953E-01   8.984100E-01   8.005953E-01  -1.606465E+01   7.405992E-01  -1.986983E+00        11
   1.193733E+03   5.719150E+05   8.005953E-01   8.005953E-01   8.984100E-01   8.005953E-01  -1.606991E+01   7.392829E-01  -1.986983E+00        11
   1.194733E+03   5.729850E+05   8.005953E-01   8.005953E-01   8.984100E-01   8.005953E-01  -1.607517E+01   7.379679E-01  -1.986983E+00        11
   1.195733E+03   5.740560E+05   8.005953E-01   8.005953E-01   8.984100E-01   8.005953E-01  -1.608043E+01   7.366540E-01  -1.986983E+00        11
   1.196733E+03   5.751280E+05   8.005953E-01   8.005953E-01   8.984100E-01   8.005953E-01  -1.608568E+01   7.353414E-01  -1.986983E+00        11
   1.197733E+03   5.762010E+05   8.005953E-01   8.005953E-01   8.984100E-01   8.005953E-01  -1.609092E+01   7.340300E-01  -1.986983E+00        11
   1.198733E+03   5.772750E+05   8.005953E-01   8.005953E-01   8.984100E-01   8.005953E-01  -1.609616E+01   7.327199E-01  -1.986983E+00        11
   1.199733E+03   5.783500E+05   8.005953E-01   8.005953E-01   8.984100E-01   8.005953E-01  -1.610140E+01   7.314109E-01  -1.986983E+00        11
   1.200733E+03   5.794260E+05   8.005953E-01   8.005953E-01   8.984100E-01   8.005953E-01  -1.610663E+01   7.301032E-01  -1.986983E+00        11
   1.201733E+03   5.805030E+05   8.005953E-01   8.005953E-01   8.984100E-01   8.005953E-01  -1.611186E+01   7.287967E-01  -1.986983E+00        11
   1.202733E+03   5.815810E+05   8.005953E-01   8.005953E-01   8.984100E-01   8.005953E-01  -1.611708E+01   7.274914E-01  -1.986983E+00        11
   1.203733E+03   5.826600E+05   8.005953E-01   8.005953E-01   8.984100E-01   8.005953E-01  -1.612229E+01   7.261873E-01  -1.986983E+00        11
   1.204733E+03   5.837400E+05   8.005953E-01   8.005953E-01   8.984100E-01   8.005953E-01  -1.612751E+01   7.248844E-01  -1.986983E+00        11
   1.205733E+03   5.848210E+05   8.005953E-01   8.005953E-01   8.984100E-01   8.005953E-01  -1.613271E+01   7.235827E-01  -1.986983E+00        11
   1.206733E+03   5.859030E+05   8.005953E-01   8.005953E-01   8.984100E-01   8.005953E-01  -1.613791E+01   7.222823E-01  -1.986983E+00        11
   1.207733E+03   5.869860E+05   8.005953E-01   8.005953E-01   8.984100E-01   8.005953E-01  -1.614311E+01   7.209830E-01  -1.986983E+00        11
   1.208733E+03   5.880700E+05   8.005953E-01   8.005953E-01   8.984100E-01   8.005953E-01  -1.614830E+01   7.196849E-01  -1.986983E+00        11
   1.209733E+03   5.891550E+05   8.005953E-01   8.005953E-01   8.984100E-01   8.005953E-01  -1.615349E+01   7.183880E-01  -1.986983E+00        11
   1.210733E+03   5.902410E+05   8.005953E-01   8.005953E-01   8.984100E-01   8.005953E-01  -1.615867E+01   7.170924E-01  -1.986983E+00        11
   1.211733E+03   5.913280E+05   8.005953E-01   8.005953E-01   8.984100E-01   8.005953E-01  -1.616385E+01   7.157979E-01  -1.986983E+00        11
   1.212733E+03   5.924160E+05   8.005953E-01   8.005953E-01   8.984100E-01   8.005953E-01  -1.616903E+01   7.145046E-01  -1.986983E+00        11
   1.213733E+03   5.935050E+05   8.005953E-01   8.005953E-01   8.984100E-01   8.005953E-01  -1.617419E+01   7.132124E-01  -1.986983E+00        11
   1.214733E+03   5.945950E+05   8.005953E-01   8.005953E-01   8.984100E-01   8.005953E-01  -1.617936E+01   7.119215E-01  -1.986983E+00        11
   1.215733E+03   5.956860E+05   8.005953E-01   8.005953E-01   8.984100E-01   8.005953E-01  -1.618452E+01   7.106318E-01  -1.986983E+00        11
   1.216733E+03   5.967780E+05   8.005953E-01   8.005953E-01   8.984100E-01   8.005953E-01  -1.618967E+01   7.093432E-01  -1.986983E+00        11
   1.217733E+03   5.978710E+05   8.005953E-01   8.005953E-01   8.984100E-01   8.005953E-01  -1.619482E+01   7.080558E-01  -1.986983E+00        11
   1.218733E+03   5.989650E+05   8.005953E-01   8.005953E-01   8.984100E-01   8.005953E-01  -1.619997E+01   7.067696E-01  -1.986983E+00        11
   1.219733E+03   6.000600E+05   8.005953E-01   8.005953E-01   8.984100E-01   8.005953E-01  -1.620511E+01   7.054846E-01  -1.986983E+00        11
   1.220733E+03   6.011560E+05   8.005953E-01   8.005953E-01   8.984100E-01   8.005953E-01  -1.621024E+01   7.042007E-01  -1.986983E+00        11
   1.221733E+03   6.022530E+05   8.005953E-01   8.005953E-01   8.984100E-01   8.005953E-01  -1.621537E+01   7.029180E-01  -1.986983E+00        11
   1.222733E+03   6.033510E+05   8.005953E-01   8.005953E-01   8.984100E-01   8.005953E-01  -1.622050E+01   7.016365E-01  -1.986983E+00        11
   1.223733E+03   6.044500E+05   8.005953E-01   8.005953E-01   8.984100E-01   8.005953E-01  -1.622562E+01   7.003561E-01  -1.986983E+00        11
   1.224733E+03   6.055500E+05   8.005953E-01   8.005953E-01   8.984100E-01   8.005953E-01  -1.623074E+01   6.990769E-01  -1.986983E+00        11
   1.225733E+03   6.066510E+05   8.005953E-01   8.005953E-01   8.984100E-01   8.005953E-01  -1.623585E+01   6.977989E-01  -1.986983E+00        11
   1.226733E+03   6.077530E+05   8.005953E-01   8.005953E-01   8.984100E-01   8.005953E-01  -1.624096E+01   6.965220E-01  -1.986983E+00        11
   1.227733E+03   6.088560E+05   8.005953E-01   8.005953E-01   8.984100E-01   8.005953E-01  -1.624606E+01   6.952463E-01  -1.986983E+00        11
   1.228733E+03   6.099600E+05   8.005953E-01   8.005953E-01   8.984100E-01   8.005953E-01  -1.625116E+01   6.939717E-01  -1.986983E+00        11
   1.229733E+03   6.110650E+05   8.005953E-01   8.005953E-01   8.984100E-01   8.005953E-01  -1.625625E+01   6.926983E-01  -1.986983E+00        11
   1.230733E+03   6.121710E+05   8.005953E-01   8.005953E-01   8.984100E-01   8.005953E-01  -1.626134E+01   6.914261E-01  -1.986983E+00        11
   1.231733E+03   6.132780E+05   8.005953E-01   8.005953E-01   8.984100E-01   8.005953E-01  -1.626642E+01   6.901550E-01  -1.986983E+00        11
   1.232733E+03   6.143860E+05   8.005953E-01   8.005953E-01   8.984100E-01   8.005953E-01  -1.627150E+01   6.888850E-01  -1.986983E+00        11
   1.233733E+03   6.154950E+05   8.005953E-01   8.005953E-01   8.984100E-01   8.005953E-01  -1.627658E+01   6.876162E-01  -1.986983E+00        11
   1.234733E+03   6.166050E+05   8.005953E-01   8.005953E-01   8.984100E-01   8.005953E-01  -1.628165E+01   6.863485E-01  -1.986983E+00        11
   1.235733E+03   6.177160E+05   8.005953E-01   8.005953E-01   8.984100E-01   8.005953E-01  -1.628672E+01   6.850820E-01  -1.986983E+00        11
   1.236733E+03   6.188280E+05   8.005953E-01   8.005953E-01   8.984100E-01   8.005953E-01  -1.629178E+01   6.838166E-01  -1.986983E+00        11
   1.237733E+03   6.199410E+05   8.005953E-01   8.005953E-01   8.984100E-01   8.005953E-01  -1.629683E+01   6.825524E-01  -1.986983E+00        11
   1.238733E+03   6.210550E+05   8.005953E-01   8.005953E-01   8.984100E-01   8.005953E-01  -1.630189E+01   6.812892E-01  -1.986983E+00        11
   1.239733E+03   6.221700E+05   8.005953E-01   8.005953E-01   8.984100E-01   8.005953E-01  -1.630693E+01   6.800273E-01  -1.986983E+00        11
   1.240733E+03   6.232860E+05   8.005953E-01   8.005953E-01   8.984100E-01   8.005953E-01  -1.631198E+01   6.787664E-01  -1.986983E+00        11
   1.241733E+03   6.244030E+05   8.005953E-01   8.005953E-01   8.984100E-01   8.005953E-01  -1.631702E+01   6.775067E-01  -1.986983E+00        11
   1.242733E+03   6.255210E+05   8.005953E-01   8.005953E-01   8.984100E-01   8.005953E-01  -1.632205E+01   6.762481E-01  -1.986983E+00        11
   1.243733E+03   6.266400E+05   8.005953E-01   8.005953E-01   8.984100E-01   8.005953E-01  -1.632708E+01   6.749906E-01  -1.986983E+00        11
   1.244733E+03   6.277600E+05   8.005953E-01   8.005953E-01   8.984100E-01   8.005953E-01  -1.633211E+01   6.737342E-01  -1.986983E+00        11
   1.245733E+03   6.288810E+05   8.005953E-01   8.005953E-01   8.984100E-01   8.005953E-01  -1.633713E+01   6.724790E-01  -1.986983E+00        11
   1.246733E+03   6.300030E+05   8.005953E-01   8.005953E-01   8.984100E-01   8.005953E-01  -1.634214E+01   6.712249E-01  -1.986983E+00        11
   1.247733E+03   6.311260E+05   8.005953E-01   8.005953E-01   8.984100E-01   8.005953E-01  -1.634716E+01   6.699719E-01  -1.986983E+00        11
   1.248733E+03   6.322500E+05   8.005953E-01   8.005953E-01   8.984100E-01   8.005953E-01  -1.635216E+01   6.687200E-01  -1.986983E+00        11
   1.249733E+03   6.333750E+05   8.005953E-01   8.005953E-01   8.984100E-01   8.005953E-01  -1.635717E+01   6.674693E-01  -1.986983E+00        11
   1.250733E+03   6.345010E+05   8.005953E-01   8.005953E-01   8.984100E-01   8.005953E-01  -1.636217E+01   6.662196E-01  -1.986983E+00        11
   1.251733E+03   6.356280E+05   8.005953E-01   8.005953E-01   8.984100E-01   8.005953E-01  -1.636716E+01   6.649711E-01  -1.986983E+00        11
   1.252733E+03   6.367560E+05   8.005953E-01   8.005953E-01   8.984100E-01   8.005953E-01  -1.637215E+01   6.637236E-01  -1.986983E+00        11
   1.253733E+03   6.378850E+05   8.005953E-01   8.005953E-01   8.984100E-01   8.005953E-01  -1.637713E+01   6.624773E-01  -1.986983E+00        11
   1.254733E+03   6.390150E+05   8.005953E-01   8.005953E-01   8.984100E-01   8.005953E-01  -1.638212E+01   6.612320E-01  -1.986983E+00        11
   1.255733E+03   6.401460E+05   8.005953E-01   8.005953E-01   8.984100E-01   8.005953E-01  -1.638709E+01   6.599879E-01  -1.986983E+00        11
   1.256733E+03   6.412780E+05   8.005953E-01   8.005953E-01   8.984100E-01   8.005953E-01  -1.639206E+01   6.587449E-01  -1.986983E+00        11
   1.257733E+03   6.424110E+05   8.005953E-01   8.005953E-01   8.984100E-01   8.005953E-01  -1.639703E+01   6.575029E-01  -1.986983E+00        11
   1.258733E+03   6.435450E+05   8.005953E-01   8.005953E-01   8.984100E-01   8.005953E-01  -1.640200E+01   6.562621E-01  -1.986983E+00        11
   1.259733E+03   6.446800E+05   8.005953E-01   8.005953E-01   8.984100E-01   8.005953E-01  -1.640695E+01   6.550223E-01  -1.986983E+00        11
   1.260733E+03   6.458160E+05   8.005953E-01   8.005953E-01   8.984100E-01   8.005953E-01  -1.641191E+01   6.537837E-01  -1.986983E+00        11
   1.261733E+03   6.469530E+05   8.005953E-01   8.005953E-01   8.984100E-01   8.005953E-01  -1.641686E+01   6.525461E-01  -1.986983E+00        11
   1.262733E+03   6.480910E+05   8.005953E-01   8.005953E-01   8.984100E-01   8.005953E-01  -1.642181E+01   6.513096E-01  -1.986983E+00        11
   1.263733E+03   6.492300E+05   8.005953E-01   8.005953E-01   8.984100E-01   8.005953E-01  -1.642675E+01   6.500742E-01  -1.986983E+00        11
   1.264733E+03   6.503700E+05   8.005953E-01   8.005953E-01   8.984100E-01   8.005953E-01  -1.643168E+01   6.488399E-01  -1.986983E+00        11
   1.265733E+03   6.515110E+05   8.005953E-01   8.005953E-01   8.984100E-01   8.005953E-01  -1.643662E+01   6.476067E-01  -1.986983E+00        11
   1.266733E+03   6.526530E+05   8.005953E-01   8.005953E-01   8.984100E-01   8.005953E-01  -1.644155E+01   6.463746E-01  -1.986983E+00        11
   1.267733E+03   6.537960E+05   8.005953E-01   8.005953E-01   8.984100E-01   8.005953E-01  -1.644647E+01   6.451435E-01  -1.986983E+00        11
   1.268733E+03   6.549400E+05   8.005953E-01   8.005953E-01   8.984100E-01   8.005953E-01  -1.645139E+01   6.439135E-01  -1.986983E+00        11
   1.269733E+03   6.560850E+05   8.005953E-01   8.005953E-01   8.984100E-01   8.005953E-01  -1.645631E+01   6.426846E-01  -1.986983E+00        11
   1.270733E+03   6.572310E+05   8.005953E-01   8.005953E-01   8.984100E-01   8.005953E-01  -1.646122E+01   6.414567E-01  -1.986983E+00        11
   1.271733E+03   6.583780E+05   8.005953E-01   8.005953E-01   8.984100E-01   8.005953E-01  -1.646612E+01   6.402299E-01  -1.986983E+00        11
   1.272733E+03   6.595260E+05   8.005953E-01   8.005953E-01   8.984100E-01   8.005953E-01  -1.647103E+01   6.390042E-01  -1.986983E+00        11
   1.273733E+03   6.606750E+05   8.005953E-01   8.005953E-01   8.984100E-01   8.005953E-01  -1.647593E+01   6.377796E-01  -1.986983E+00        11
   1.274733E+03   6.618250E+05   8.005953E-01   8.005953E-01   8.984100E-01   8.005953E-01  -1.648082E+01   6.365560E-01  -1.986983E+00        11
   1.275733E+03   6.629760E+05   8.005953E-01   8.005953E-01   8.984100E-01   8.005953E-01  -1.648571E+01   6.353335E-01  -1.986983E+00        11
   1.276733E+03   6.641280E+05   8.005953E-01   8.005953E-01   8.984100E-01   8.005953E-01  -1.649060E+01   6.341120E-01  -1.986983E+00        11
   1.277733E+03   6.652810E+05   8.005953E-01   8.005953E-01   8.984100E-01   8.005953E-01  -1.649548E+01   6.328917E-01  -1.986983E+00        11
   1.278733E+03   6.664350E+05   8.005953E-01   8.005953E-01   8.984100E-01   8.005953E-01  -1.650035E+01   6.316723E-01  -1.986983E+00        11
   1.279733E+03   6.675900E+05   8.005953E-01   8.005953E-01   8.984100E-01   8.005953E-01  -1.650523E+01   6.304540E-01  -1.986983E+00        11
   1.280733E+03   6.687460E+05   8.005953E-01   8.005953E-01   8.984100E-01   8.005953E-01  -1.651010E+01   6.292368E-01  -1.986983E+00        11
   1.281733E+03   6.699030E+05   8.005953E-01   8.005953E-01   8.984100E-01   8.005953E-01  -1.651496E+01   6.280206E-01  -1.986983E+00        11
   1.282733E+03   6.710610E+05   8.005953E-01   8.005953E-01   8.984100E-01   8.005953E-01  -1.651982E+01   6.268055E-01  -1.986983E+00        11
   1.283733E+03   6.722200E+05   8.005953E-01   8.005953E-01   8.984100E-01   8.005953E-01  -1.652468E+01   6.255914E-01  -1.986983E+00        11
   1.284733E+03   6.733800E+05   8.005953E-01   8.005953E-01   8.984100E-01   8.005953E-01  -1.652953E+01   6.243784E-01  -1.986983E+00        11
   1.285733E+03   6.745410E+05   8.005953E-01   8.005953E-01   8.984100E-01   8.005953E-01  -1.653438E+01   6.231664E-01  -1.986983E+00        11
   1.286733E+03   6.757030E+05   8.005953E-01   8.005953E-01   8.984100E-01   8.005953E-01  -1.653922E+01   6.219555E-01  -1.986983E+00        11
   1.287733E+03   6.768660E+05   8.005953E-01   8.005953E-01   8.984100E-01   8.005953E-01  -1.654406E+01   6.207456E-01  -1.986983E+00        11
   1.288733E+03   6.780300E+05   8.005953E-01   8.005953E-01   8.984100E-01   8.005953E-01  -1.654890E+01   6.195367E-01  -1.986983E+00        11
   1.289733E+03   6.791950E+05   8.005953E-01   8.005953E-01   8.984100E-01   8.005953E-01  -1.655373E+01   6.183289E-01  -1.986983E+00        11
   1.290733E+03   6.803610E+05   8.005953E-01   8.005953E-01   8.984100E-01   8.005953E-01  -1.655856E+01   6.171221E-01  -1.986983E+00        11
   1.291733E+03   6.815280E+05   8.005953E-01   8.005953E-01   8.984100E-01   8.005953E-01  -1.656338E+01   6.159164E-01  -1.986983E+00        11
   1.292733E+03   6.826960E+05   8.005953E-01   8.005953E-01   8.984100E-01   8.005953E-01  -1.656820E+01   6.147116E-01  -1.986983E+00        11
   1.293733E+03   6.838650E+05   8.005953E-01   8.005953E-01   8.984100E-01   8.005953E-01  -1.657301E+01   6.135079E-01  -1.986983E+00        11
   1.294733E+03   6.850350E+05   8.005953E-01   8.005953E-01   8.984100E-01   8.005953E-01  -1.657782E+01   6.123053E-01  -1.986983E+00        11
   1.295733E+03   6.862060E+05   8.005953E-01   8.005953E-01   8.984100E-01   8.005953E-01  -1.658263E+01   6.111036E-01  -1.986983E+00        11
   1.296733E+03   6.873780E+05   8.005953E-01   8.005953E-01   8.984100E-01   8.005953E-01  -1.658743E+01   6.099030E-01  -1.986983E+00        11
   1.297733E+03   6.885510E+05   8.005953E-01   8.005953E-01   8.984100E-01   8.005953E-01  -1.659223E+01   6.087035E-01  -1.986983E+00        11
   1.298733E+03   6.897250E+05   8.005953E-01   8.005953E-01   8.984100E-01   8.005953E-01  -1.659702E+01   6.075049E-01  -1.986983E+00        11
   1.299733E+03   6.909000E+05   8.005953E-01   8.005953E-01   8.984100E-01   8.005953E-01  -1.660181E+01   6.063073E-01  -1.986983E+00        11
   1.300733E+03   6.920760E+05   8.005953E-01   8.005953E-01   8.984100E-01   8.005953E-01  -1.660660E+01   6.051108E-01  -1.986983E+00        11
   1.301733E+03   6.932530E+05   8.005953E-01   8.005953E-01   8.984100E-01   8.005953E-01  -1.661138E+01   6.039153E-01  -1.986983E+00        11
   1.302733E+03   6.944310E+05   8.005953E-01   8.005953E-01   8.984100E-01   8.005953E-01  -1.661616E+01   6.027208E-01  -1.986983E+00        11
   1.303733E+03   6.956100E+05   8.005953E-01   8.005953E-01   8.984100E-01   8.005953E-01  -1.662093E+01   6.015273E-01  -1.986983E+00        11
   1.304733E+03   6.967900E+05   8.005953E-01   8.005953E-01   8.984100E-01   8.005953E-01  -1.662570E+01   6.003349E-01  -1.986983E+00        11
   1.305733E+03   6.979710E+05   8.005953E-01   8.005953E-01   8.984100E-01   8.005953E-01  -1.663047E+01   5.991434E-01  -1.986983E+00        11
   1.306733E+03   6.991530E+05   8.005953E-01   8.005953E-01   8.984100E-01   8.005953E-01  -1.663523E+01   5.979529E-01  -1.986983E+00        11
   1.307733E+03   7.003360E+05   8.005953E-01   8.005953E-01   8.984100E-01   8.005953E-01  -1.663999E+01   5.967635E-01  -1.986983E+00        11
   1.308733E+03   7.015200E+05   8.005953E-01   8.005953E-01   8.984100E-01   8.005953E-01  -1.664474E+01   5.955751E-01  -1.986983E+00        11
   1.309733E+03   7.027050E+05   8.005953E-01   8.005953E-01   8.984100E-01   8.005953E-01  -1.664949E+01   5.943876E-01  -1.986983E+00        11
   1.310733E+03   7.038910E+05   8.005953E-01   8.005953E-01   8.984100E-01   8.005953E-01  -1.665424E+01   5.932012E-01  -1.986983E+00        11
   1.311733E+03   7.050780E+05   8.005953E-01   8.005953E-01   8.984100E-01   8.005953E-01  -1.665898E+01   5.920158E-01  -1.986983E+00        11
   1.312733E+03   7.062660E+05   8.005953E-01   8.005953E-01   8.984100E-01   8.005953E-01  -1.666372E+01   5.908313E-01  -1.986983E+00        11
   1.313733E+03   7.074550E+05   8.005953E-01   8.005953E-01   8.984100E-01   8.005953E-01  -1.666845E+01   5.896479E-01  -1.986983E+00        11
   1.314733E+03   7.086450E+05   8.005953E-01   8.005953E-01   8.984100E-01   8.005953E-01  -1.667318E+01   5.884654E-01  -1.986983E+00        11
   1.315733E+03   7.098360E+05   8.005953E-01   8.005953E-01   8.984100E-01   8.005953E-01  -1.667791E+01   5.872840E-01  -1.986983E+00        11
   1.316733E+03   7.110280E+05   8.005953E-01   8.005953E-01   8.984100E-01   8.005953E-01  -1.668263E+01   5.861035E-01  -1.986983E+00        11
   1.317733E+03   7.122210E+05   8.005953E-01   8.005953E-01   8.984100E-01   8.005953E-01  -1.668735E+01   5.849240E-01  -1.986983E+00        11
   1.318733E+03   7.134150E+05   8.005953E-01   8.005953E-01   8.984100E-01   8.005953E-01  -1.669206E+01   5.837455E-01  -1.986983E+00        11
   1.319733E+03   7.146100E+05   8.005953E-01   8.005953E-01   8.984100E-01   8.005953E-01  -1.669677E+01   5.825680E-01  -1.986983E+00        11
   1.320733E+03   7.158060E+05   8.005953E-01   8.005953E-01   8.984100E-01   8.005953E-01  -1.670148E+01   5.813915E-01  -1.986983E+00        11
   1.321733E+03   7.170030E+05   8.005953E-01   8.005953E-01   8.984100E-01   8.005953E-01  -1.670618E+01   5.802160E-01  -1.986983E+00        11
   1.322733E+03   7.182010E+05   8.005953E-01   8.005953E-01   8.984100E-01   8.005953E-01  -1.671088E+01   5.790414E-01  -1.986983E+00        11
   1.323733E+03   7.194000E+05   8.005953E-01   8.005953E-01   8.984100E-01   8.005953E-01  -1.671557E+01   5.778679E-01  -1.986983E+00        11
   1.324733E+03   7.206000E+05   8.005953E-01   8.005953E-01   8.984100E-01   8.005953E-01  -1.672026E+01   5.766953E-01  -1.986983E+00        11
   1.325733E+03   7.218010E+05   8.005953E-01   8.005953E-01   8.984100E-01   8.005953E-01  -1.672495E+01   5.755236E-01  -1.986983E+00        11
   1.326733E+03   7.230030E+05   8.005953E-01   8.005953E-01   8.984100E-01   8.005953E-01  -1.672963E+01   5.743530E-01  -1.986983E+00        11
   1.327733E+03   7.242060E+05   8.005953E-01   8.005953E-01   8.984100E-01   8.005953E-01  -1.673431E+01   5.731833E-01  -1.986983E+00        11
   1.328733E+03   7.254100E+05   8.005953E-01   8.005953E-01   8.984100E-01   8.005953E-01  -1.673899E+01   5.720146E-01  -1.986983E+00        11
   1.329733E+03   7.266150E+05   8.005953E-01   8.005953E-01   8.984100E-01   8.005953E-01  -1.674366E+01   5.708469E-01  -1.986983E+00        11
   1.330733E+03   7.278210E+05   8.005953E-01   8.005953E-01   8.984100E-01   8.005953E-01  -1.674832E+01   5.696801E-01  -1.986983E+00        11
   1.331733E+03   7.290280E+05   8.005953E-01   8.005953E-01   8.984100E-01   8.005953E-01  -1.675299E+01   5.685143E-01  -1.986983E+00        11
   1.332733E+03   7.302360E+05   8.005953E-01   8.005953E-01   8.984100E-01   8.005953E-01  -1.675765E+01   5.673495E-01  -1.986983E+00        11
   1.333733E+03   7.314450E+05   8.005953E-01   8.005953E-01   8.984100E-01   8.005953E-01  -1.676230E+01   5.661856E-01  -1.986983E+00        11
   1.334733E+03   7.326550E+05   8.005953E-01   8.005953E-01   8.984100E-01   8.005953E-01  -1.676695E+01   5.650227E-01  -1.986983E+00        11
   1.335733E+03   7.338660E+05   8.005953E-01   8.005953E-01   8.984100E-01   8.005953E-01  -1.677160E+01   5.638608E-01  -1.986983E+00        11
   1.336733E+03   7.350780E+05   8.005953E-01   8.005953E-01   8.984100E-01   8.005953E-01  -1.677624E+01   5.626998E-01  -1.986983E+00        11
   1.337733E+03   7.362910E+05   8.005953E-01   8.005953E-01   8.984100E-01   8.005953E-01  -1.678088E+01   5.615398E-01  -1.986983E+00        11
   1.338733E+03   7.375050E+05   8.005953E-01   8.005953E-01   8.984100E-01   8.005953E-01  -1.678552E+01   5.603807E-01  -1.986983E+00        11
   1.339733E+03   7.387200E+05   8.005953E-01   8.005953E-01   8.984100E-01   8.005953E-01  -1.679015E+01   5.592226E-01  -1.986983E+00        11
   1.340733E+03   7.399360E+05   8.005953E-01   8.005953E-01   8.984100E-01   8.005953E-01  -1.679478E+01   5.580654E-01  -1.986983E+00        11
   1.341733E+03   7.411530E+05   8.005953E-01   8.005953E-01   8.984100E-01   8.005953E-01  -1.679941E+01   5.569092E-01  -1.986983E+00        11
   1.342733E+03   7.423710E+05   8.005953E-01   8.005953E-01   8.984100E-01   8.005953E-01  -1.680403E+01   5.557539E-01  -1.986983E+00        11
   1.343733E+03   7.435900E+05   8.005953E-01   8.005953E-01   8.984100E-01   8.005953E-01  -1.680865E+01   5.545996E-01  -1.986983E+00        11
   1.344733E+03   7.448100E+05   8.005953E-01   8.005953E-01   8.984100E-01   8.005953E-01  -1.681326E+01   5.534463E-01  -1.986983E+00        11
   1.345733E+03   7.460310E+05   8.005953E-01   8.005953E-01   8.984100E-01   8.005953E-01  -1.681787E+01   5.522938E-01  -1.986983E+00        11
   1.346733E+03   7.472530E+05   8.005953E-01   8.005953E-01   8.984100E-01   8.005953E-01  -1.682247E+01   5.511423E-01  -1.986983E+00        11
   1.347733E+03   7.484760E+05   8.005953E-01   8.005953E-01   8.984100E-01   8.005953E-01  -1.682708E+01   5.499918E-01  -1.986983E+00        11
   1.348733E+03   7.497000E+05   8.005953E-01   8.005953E-01   8.984100E-01   8.005953E-01  -1.683168E+01   5.488422E-01  -1.986983E+00        11
   1.349733E+03   7.509250E+05   8.005953E-01   8.005953E-01   8.984100E-01   8.005953E-01  -1.683627E+01   5.476935E-01  -1.986983E+00        11
   1.350733E+03   7.521510E+05   8.005953E-01   8.005953E-01   8.984100E-01   8.005953E-01  -1.684086E+01   5.465458E-01  -1.986983E+00        11
   1.351733E+03   7.533780E+05   8.005953E-01   8.005953E-01   8.984100E-01   8.005953E-01  -1.684545E+01   5.453990E-01  -1.986983E+00        11
   1.352733E+03   7.546060E+05   8.005953E-01   8.005953E-01   8.984100E-01   8.005953E-01  -1.685003E+01   5.442532E-01  -1.986983E+00        11
   1.353733E+03   7.558350E+05   8.005953E-01   8.005953E-01   8.984100E-01   8.005953E-01  -1.685461E+01   5.431082E-01  -1.986983E+00        11
   1.354733E+03   7.570650E+05   8.005953E-01   8.005953E-01   8.984100E-01   8.005953E-01  -1.685919E+01   5.419642E-01  -1.986983E+00        11
   1.355733E+03   7.582960E+05   8.005953E-01   8.005953E-01   8.984100E-01   8.005953E-01  -1.686376E+01   5.408212E-01  -1.986983E+00        11
   1.356733E+03   7.595280E+05   8.005953E-01   8.005953E-01   8.984100E-01   8.005953E-01  -1.686833E+01   5.396790E-01  -1.986983E+00        11
   1.357733E+03   7.607610E+05   8.005953E-01   8.005953E-01   8.984100E-01   8.005953E-01  -1.687289E+01   5.385378E-01  -1.986983E+00        11
   1.358733E+03   7.619950E+05   8.005953E-01   8.005953E-01   8.984100E-01   8.005953E-01  -1.687745E+01   5.373975E-01  -1.986983E+00        11
   1.359733E+03   7.632300E+05   8.005953E-01   8.005953E-01   8.984100E-01   8.005953E-01  -1.688201E+01   5.362582E-01  -1.986983E+00        11
   1.360733E+03   7.644660E+05   8.005953E-01   8.005953E-01   8.984100E-01   8.005953E-01  -1.688657E+01   5.351197E-01  -1.986983E+00        11
   1.361733E+03   7.657030E+05   8.005953E-01   8.005953E-01   8.984100E-01   8.005953E-01  -1.689112E+01   5.339822E-01  -1.986983E+00        11
   1.362733E+03   7.669410E+05   8.005953E-01   8.005953E-01   8.984100E-01   8.005953E-01  -1.689566E+01   5.328456E-01  -1.986983E+00        11
   1.363733E+03   7.681800E+05   8.005953E-01   8.005953E-01   8.984100E-01   8.005953E-01  -1.690020E+01   5.317099E-01  -1.986983E+00        11
   1.364733E+03   7.694200E+05   8.005953E-01   8.005953E-01   8.984100E-01   8.005953E-01  -1.690474E+01   5.305751E-01  -1.986983E+00        11
   1.365733E+03   7.706610E+05   8.005953E-01   8.005953E-01   8.984100E-01   8.005953E-01  -1.690928E+01   5.294413E-01  -1.986983E+00        11
   1.366733E+03   7.719030E+05   8.005953E-01   8.005953E-01   8.984100E-01   8.005953E-01  -1.691381E+01   5.283083E-01  -1.986983E+00        11
   1.367733E+03   7.731460E+05   8.005953E-01   8.005953E-01   8.984100E-01   8.005953E-01  -1.691834E+01   5.271763E-01  -1.986983E+00        11
   1.368733E+03   7.743900E+05   8.005953E-01   8.005953E-01   8.984100E-01   8.005953E-01  -1.692286E+01   5.260452E-01  -1.986983E+00        11
   1.369733E+03   7.756350E+05   8.005953E-01   8.005953E-01   8.984100E-01   8.005953E-01  -1.692738E+01   5.249150E-01  -1.986983E+00        11
   1.370733E+03   7.768810E+05   8.005953E-01   8.005953E-01   8.984100E-01   8.005953E-01  -1.693190E+01   5.237857E-01  -1.986983E+00        11
   1.371733E+03   7.781280E+05   8.005953E-01   8.005953E-01   8.984100E-01   8.005953E-01  -1.693641E+01   5.226573E-01  -1.986983E+00        11
   1.372733E+03   7.793760E+05   8.005953E-01   8.005953E-01   8.984100E-01   8.005953E-01  -1.694092E+01   5.215298E-01  -1.986983E+00        11
   1.373733E+03   7.806250E+05   8.005953E-01   8.005953E-01   8.984100E-01   8.005953E-01  -1.694543E+01   5.204032E-01  -1.986983E+00        11
   1.374733E+03   7.818750E+05   8.005953E-01   8.005953E-01   8.984100E-01   8.005953E-01  -1.694993E+01   5.192775E-01  -1.986983E+00        11
   1.375733E+03   7.831260E+05   8.005953E-01   8.005953E-01   8.984100E-01   8.005953E-01  -1.695443E+01   5.181527E-01  -1.986983E+00        11
   1.376733E+03   7.843780E+05   8.005953E-01   8.005953E-01   8.984100E-01   8.005953E-01  -1.695893E+01   5.170288E-01  -1.986983E+00        11
   1.377733E+03   7.856310E+05   8.005953E-01   8.005953E-01   8.984100E-01   8.005953E-01  -1.696342E+01   5.159058E-01  -1.986983E+00        11
   1.378733E+03   7.868850E+05   8.005953E-01   8.005953E-01   8.984100E-01   8.005953E-01  -1.696791E+01   5.147837E-01  -1.986983E+00        11
   1.379733E+03   7.881400E+05   8.005953E-01   8.005953E-01   8.984100E-01   8.005953E-01  -1.697239E+01   5.136625E-01  -1.986983E+00        11
   1.380733E+03   7.893960E+05   8.005953E-01   8.005953E-01   8.984100E-01   8.005953E-01  -1.697688E+01   5.125422E-01  -1.986983E+00        11
   1.381733E+03   7.906530E+05   8.005953E-01   8.005953E-01   8.984100E-01   8.005953E-01  -1.698135E+01   5.114228E-01  -1.986983E+00        11
   1.382733E+03   7.919110E+05   8.005953E-01   8.005953E-01   8.984100E-01   8.005953E-01  -1.698583E+01   5.103042E-01  -1.986983E+00        11
   1.383733E+03   7.931700E+05   8.005953E-01   8.005953E-01   8.984100E-01   8.005953E-01  -1.699030E+01   5.091866E-01  -1.986983E+00        11
   1.384733E+03   7.944300E+05   8.005953E-01   8.005953E-01   8.984100E-01   8.005953E-01  -1.699476E+01   5.080698E-01  -1.986983E+00        11
   1.385733E+03   7.956910E+05   8.005953E-01   8.005953E-01   8.984100E-01   8.005953E-01  -1.699923E+01   5.069540E-01  -1.986983E+00        11
   1.386733E+03   7.969530E+05   8.005953E-01   8.005953E-01   8.984100E-01   8.005953E-01  -1.700369E+01   5.058390E-01  -1.986983E+00        11
   1.387733E+03   7.982160E+05   8.005953E-01   8.005953E-01   8.984100E-01   8.005953E-01  -1.700814E+01   5.047249E-01  -1.986983E+00        11
   1.388733E+03   7.994800E+05   8.005953E-01   8.005953E-01   8.984100E-01   8.005953E-01  -1.701260E+01   5.036116E-01  -1.986983E+00        11
   1.389733E+03   8.007450E+05   8.005953E-01   8.005953E-01   8.984100E-01   8.005953E-01  -1.701705E+01   5.024993E-01  -1.986983E+00        11
   1.390733E+03   8.020110E+05   8.005953E-01   8.005953E-01   8.984100E-01   8.005953E-01  -1.702149E+01   5.013878E-01  -1.986983E+00        11
   1.391733E+03   8.032780E+05   8.005953E-01   8.005953E-01   8.984100E-01   8.005953E-01  -1.702593E+01   5.002773E-01  -1.986983E+00        11
   1.392733E+03   8.045460E+05   8.005953E-01   8.005953E-01   8.984100E-01   8.005953E-01  -1.703037E+01   4.991675E-01  -1.986983E+00        11
   1.393733E+03   8.058150E+05   8.005953E-01   8.005953E-01   8.984100E-01   8.005953E-01  -1.703481E+01   4.980587E-01  -1.986983E+00        11
   1.394733E+03   8.070850E+05   8.005953E-01   8.005953E-01   8.984100E-01   8.005953E-01  -1.703924E+01   4.969507E-01  -1.986983E+00        11
   1.395733E+03   8.083560E+05   8.005953E-01   8.005953E-01   8.984100E-01   8.005953E-01  -1.704367E+01   4.958436E-01  -1.986983E+00        11
   1.396733E+03   8.096280E+05   8.005953E-01   8.005953E-01   8.984100E-01   8.005953E-01  -1.704809E+01   4.947374E-01  -1.986983E+00        11
   1.397733E+03   8.109010E+05   8.005953E-01   8.005953E-01   8.984100E-01   8.005953E-01  -1.705252E+01   4.936321E-01  -1.986983E+00        11
   1.398733E+03   8.121750E+05   8.005953E-01   8.005953E-01   8.984100E-01   8.005953E-01  -1.705693E+01   4.925276E-01  -1.986983E+00        11
   1.399733E+03   8.134500E+05   8.005953E-01   8.005953E-01   8.984100E-01   8.005953E-01  -1.706135E+01   4.914240E-01  -1.986983E+00        11
   1.400733E+03   8.147260E+05   8.005953E-01   8.005953E-01   8.984100E-01   8.005953E-01  -1.706576E+01   4.903212E-01  -1.986983E+00        11
   1.401733E+03   8.160030E+05   8.005953E-01   8.005953E-01   8.984100E-01   8.005953E-01  -1.707017E+01   4.892193E-01  -1.986983E+00        11
   1.402733E+03   8.172810E+05   8.005953E-01   8.005953E-01   8.984100E-01   8.005953E-01  -1.707457E+01   4.881183E-01  -1.986983E+00        11
   1.403733E+03   8.185600E+05   8.005953E-01   8.005953E-01   8.984100E-01   8.005953E-01  -1.707897E+01   4.870181E-01  -1.986983E+00        11
   1.404733E+03   8.198400E+05   8.005953E-01   8.005953E-01   8.984100E-01   8.005953E-01  -1.708337E+01   4.859188E-01  -1.986983E+00        11
   1.405733E+03   8.211210E+05   8.005953E-01   8.005953E-01   8.984100E-01   8.005953E-01  -1.708776E+01   4.848204E-01  -1.986983E+00        11
   1.406733E+03   8.224030E+05   8.005953E-01   8.005953E-01   8.984100E-01   8.005953E-01  -1.709215E+01   4.837228E-01  -1.986983E+00        11
   1.407733E+03   8.236860E+05   8.005953E-01   8.005953E-01   8.984100E-01   8.005953E-01  -1.709654E+01   4.826260E-01  -1.986983E+00        11
   1.408733E+03   8.249700E+05   8.005953E-01   8.005953E-01   8.984100E-01   8.005953E-01  -1.710092E+01   4.815302E-01  -1.986983E+00        11
   1.409733E+03   8.262550E+05   8.005953E-01   8.005953E-01   8.984100E-01   8.005953E-01  -1.710530E+01   4.804351E-01  -1.986983E+00        11
   1.410733E+03   8.275410E+05   8.005953E-01   8.005953E-01   8.984100E-01   8.005953E-01  -1.710968E+01   4.793409E-01  -1.986983E+00        11
   1.411733E+03   8.288280E+05   8.005953E-01   8.005953E-01   8.984100E-01   8.005953E-01  -1.711405E+01   4.782476E-01  -1.986983E+00        11
   1.412733E+03   8.301160E+05   8.005953E-01   8.005953E-01   8.984100E-01   8.005953E-01  -1.711842E+01   4.771551E-01  -1.986983E+00        11
   1.413733E+03   8.314050E+05   8.005953E-01   8.005953E-01   8.984100E-01   8.005953E-01  -1.712279E+01   4.760635E-01  -1.986983E+00        11
   1.414733E+03   8.326950E+05   8.005953E-01   8.005953E-01   8.984100E-01   8.005953E-01  -1.712715E+01   4.749727E-01  -1.986983E+00        11
   1.415733E+03   8.339860E+05   8.005953E-01   8.005953E-01   8.984100E-01   8.005953E-01  -1.713151E+01   4.738828E-01  -1.986983E+00        11
   1.416733E+03   8.352780E+05   8.005953E-01   8.005953E-01   8.984100E-01   8.005953E-01  -1.713587E+01   4.727937E-01  -1.986983E+00        11
   1.417733E+03   8.365710E+05   8.005953E-01   8.005953E-01   8.984100E-01   8.005953E-01  -1.714022E+01   4.717054E-01  -1.986983E+00        11
   1.418733E+03   8.378650E+05   8.005953E-01   8.005953E-01   8.984100E-01   8.005953E-01  -1.714457E+01   4.706180E-01  -1.986983E+00        11
   1.419733E+03   8.391600E+05   8.005953E-01   8.005953E-01   8.984100E-01   8.005953E-01  -1.714892E+01   4.695314E-01  -1.986983E+00        11
   1.420733E+03   8.404560E+05   8.005953E-01   8.005953E-01   8.984100E-01   8.005953E-01  -1.715326E+01   4.684457E-01  -1.986983E+00        11
   1.421733E+03   8.417530E+05   8.005953E-01   8.005953E-01   8.984100E-01   8.005953E-01  -1.715760E+01   4.673608E-01  -1.986983E+00        11
   1.422733E+03   8.430510E+05   8.005953E-01   8.005953E-01   8.984100E-01   8.005953E-01  -1.716194E+01   4.662767E-01  -1.986983E+00        11
   1.423733E+03   8.443500E+05   8.005953E-01   8.005953E-01   8.984100E-01   8.005953E-01  -1.716627E+01   4.651935E-01  -1.986983E+00        11
   1.424733E+03   8.456500E+05   8.005953E-01   8.005953E-01   8.984100E-01   8.005953E-01  -1.717060E+01   4.641111E-01  -1.986983E+00        11
   1.425733E+03   8.469510E+05   8.005953E-01   8.005953E-01   8.984100E-01   8.005953E-01  -1.717493E+01   4.630296E-01  -1.986983E+00        11
   1.426733E+03   8.482530E+05   8.005953E-01   8.005953E-01   8.984100E-01   8.005953E-01  -1.717925E+01   4.619488E-01  -1.986983E+00        11
   1.427733E+03   8.495560E+05   8.005953E-01   8.005953E-01   8.984100E-01   8.005953E-01  -1.718357E+01   4.608689E-01  -1.986983E+00        11
   1.428733E+03   8.508600E+05   8.005953E-01   8.005953E-01   8.984100E-01   8.005953E-01  -1.718788E+01   4.597898E-01  -1.986983E+00        11
   1.429733E+03   8.521650E+05   8.005953E-01   8.005953E-01   8.984100E-01   8.005953E-01  -1.719220E+01   4.587116E-01  -1.986983E+00        11
   1.430733E+03   8.534710E+05   8.005953E-01   8.005953E-01   8.984100E-01   8.005953E-01  -1.719651E+01   4.576342E-01  -1.986983E+00        11
   1.431733E+03   8.547780E+05   8.005953E-01   8.005953E-01   8.984100E-01   8.005953E-01  -1.720081E+01   4.565576E-01  -1.986983E+00        11
   1.432733E+03   8.560860E+05   8.005953E-01   8.005953E-01   8.984100E-01   8.005953E-01  -1.720512E+01   4.554818E-01  -1.986983E+00        11
   1.433733E+03   8.573950E+05   8.005953E-01   8.005953E-01   8.984100E-01   8.005953E-01  -1.720942E+01   4.544068E-01  -1.986983E+00        11
   1.434733E+03   8.587050E+05   8.005953E-01   8.005953E-01   8.984100E-01   8.005953E-01  -1.721371E+01   4.533327E-01  -1.986983E+00        11
   1.435733E+03   8.600160E+05   8.005953E-01   8.005953E-01   8.984100E-01   8.005953E-01  -1.721801E+01   4.522594E-01  -1.986983E+00        11
   1.436733E+03   8.613280E+05   8.005953E-01   8.005953E-01   8.984100E-01   8.005953E-01  -1.722230E+01   4.511869E-01  -1.986983E+00        11
   1.437733E+03   8.626410E+05   8.005953E-01   8.005953E-01   8.984100E-01   8.005953E-01  -1.722658E+01   4.501152E-01  -1.986983E+00        11
   1.438733E+03   8.639550E+05   8.005953E-01   8.005953E-01   8.984100E-01   8.005953E-01  -1.723087E+01   4.490444E-01  -1.986983E+00        11
   1.439733E+03   8.652700E+05   8.005953E-01   8.005953E-01   8.984100E-01   8.005953E-01  -1.723515E+01   4.479743E-01  -1.986983E+00        11
   1.440733E+03   8.665860E+05   8.005953E-01   8.005953E-01   8.984100E-01   8.005953E-01  -1.723942E+01   4.469051E-01  -1.986983E+00        11
   1.441733E+03   8.679030E+05   8.005953E-01   8.005953E-01   8.984100E-01   8.005953E-01  -1.724370E+01   4.458366E-01  -1.986983E+00        11
   1.442733E+03   8.692210E+05   8.005953E-01   8.005953E-01   8.984100E-01   8.005953E-01  -1.724797E+01   4.447690E-01  -1.986983E+00        11
   1.443733E+03   8.705400E+05   8.005953E-01   8.005953E-01   8.984100E-01   8.005953E-01  -1.725223E+01   4.437022E-01  -1.986983E+00        11
   1.444733E+03   8.718600E+05   8.005953E-01   8.005953E-01   8.984100E-01   8.005953E-01  -1.725650E+01   4.426362E-01  -1.986983E+00        11
   1.445733E+03   8.731810E+05   8.005953E-01   8.005953E-01   8.984100E-01   8.005953E-01  -1.726076E+01   4.415710E-01  -1.986983E+00        11
   1.446733E+03   8.745030E+05   8.005953E-01   8.005953E-01   8.984100E-01   8.005953E-01  -1.726502E+01   4.405067E-01  -1.986983E+00        11
   1.447733E+03   8.758260E+05   8.005953E-01   8.005953E-01   8.984100E-01   8.005953E-01  -1.726927E+01   4.394431E-01  -1.986983E+00        11
   1.448733E+03   8.771500E+05   8.005953E-01   8.005953E-01   8.984100E-01   8.005953E-01  -1.727352E+01   4.383803E-01  -1.986983E+00        11
   1.449733E+03   8.784750E+05   8.005953E-01   8.005953E-01   8.984100E-01   8.005953E-01  -1.727777E+01   4.373183E-01  -1.986983E+00        11
   1.450733E+03   8.798010E+05   8.005953E-01   8.005953E-01   8.984100E-01   8.005953E-01  -1.728202E+01   4.362572E-01  -1.986983E+00        11
   1.451733E+03   8.811280E+05   8.005953E-01   8.005953E-01   8.984100E-01   8.005953E-01  -1.728626E+01   4.351968E-01  -1.986983E+00        11
   1.452733E+03   8.824560E+05   8.005953E-01   8.005953E-01   8.984100E-01   8.005953E-01  -1.729050E+01   4.341372E-01  -1.986983E+00        11
   1.453733E+03   8.837850E+05   8.005953E-01   8.005953E-01   8.984100E-01   8.005953E-01  -1.729473E+01   4.330784E-01  -1.986983E+00        11
   1.454733E+03   8.851150E+05   8.005953E-01   8.005953E-01   8.984100E-01   8.005953E-01  -1.729896E+01   4.320205E-01  -1.986983E+00        11
   1.455733E+03   8.864460E+05   8.005953E-01   8.005953E-01   8.984100E-01   8.005953E-01  -1.730319E+01   4.309633E-01  -1.986983E+00        11
   1.456733E+03   8.877780E+05   8.005953E-01   8.005953E-01   8.984100E-01   8.005953E-01  -1.730742E+01   4.299069E-01  -1.986983E+00        11
   1.457733E+03   8.891110E+05   8.005953E-01   8.005953E-01   8.984100E-01   8.005953E-01  -1.731164E+01   4.288513E-01  -1.986983E+00        11
   1.458733E+03   8.904450E+05   8.005953E-01   8.005953E-01   8.984100E-01   8.005953E-01  -1.731586E+01   4.277965E-01  -1.986983E+00        11
   1.459733E+03   8.917800E+05   8.005953E-01   8.005953E-01   8.984100E-01   8.005953E-01  -1.732007E+01   4.267425E-01  -1.986983E+00        11
   1.460733E+03   8.931160E+05   8.005953E-01   8.005953E-01   8.984100E-01   8.005953E-01  -1.732429E+01   4.256892E-01  -1.986983E+00        11
   1.461733E+03   8.944530E+05   8.005953E-01   8.005953E-01   8.984100E-01   8.005953E-01  -1.732850E+01   4.246368E-01  -1.986983E+00        11
   1.462733E+03   8.957910E+05   8.005953E-01   8.005953E-01   8.984100E-01   8.005953E-01  -1.733270E+01   4.235851E-01  -1.986983E+00        11
   1.463733E+03   8.971300E+05   8.005953E-01   8.005953E-01   8.984100E-01   8.005953E-01  -1.733691E+01   4.225343E-01  -1.986983E+00        11
   1.464733E+03   8.984700E+05   8.005953E-01   8.005953E-01   8.984100E-01   8.005953E-01  -1.734111E+01   4.214842E-01  -1.986983E+00        11
   1.465733E+03   8.998110E+05   8.005953E-01   8.005953E-01   8.984100E-01   8.005953E-01  -1.734530E+01   4.204349E-01  -1.986983E+00        11
   1.466733E+03   9.011530E+05   8.005953E-01   8.005953E-01   8.984100E-01   8.005953E-01  -1.734950E+01   4.193864E-01  -1.986983E+00        11
   1.467733E+03   9.024960E+05   8.005953E-01   8.005953E-01   8.984100E-01   8.005953E-01  -1.735369E+01   4.183386E-01  -1.986983E+00        11
   1.468733E+03   9.038400E+05   8.005953E-01   8.005953E-01   8.984100E-01   8.005953E-01  -1.735788E+01   4.172917E-01  -1.986983E+00        11
   1.469733E+03   9.051850E+05   8.005953E-01   8.005953E-01   8.984100E-01   8.005953E-01  -1.736206E+01   4.162455E-01  -1.986983E+00        11
   1.470733E+03   9.065310E+05   8.005953E-01   8.005953E-01   8.984100E-01   8.005953E-01  -1.736624E+01   4.152001E-01  -1.986983E+00        11
   1.471733E+03   9.078780E+05   8.005953E-01   8.005953E-01   8.984100E-01   8.005953E-01  -1.737042E+01   4.141554E-01  -1.986983E+00        11
   1.472733E+03   9.092260E+05   8.005953E-01   8.005953E-01   8.984100E-01   8.005953E-01  -1.737460E+01   4.131116E-01  -1.986983E+00        11
   1.473733E+03   9.105750E+05   8.005953E-01   8.005953E-01   8.984100E-01   8.005953E-01  -1.737877E+01   4.120685E-01  -1.986983E+00        11
   1.474733E+03   9.119250E+05   8.005953E-01   8.005953E-01   8.984100E-01   8.005953E-01  -1.738294E+01   4.110262E-01  -1.986983E+00        11
   1.475733E+03   9.132760E+05   8.005953E-01   8.005953E-01   8.984100E-01   8.005953E-01  -1.738711E+01   4.099847E-01  -1.986983E+00        11
   1.476733E+03   9.146280E+05   8.005953E-01   8.005953E-01   8.984100E-01   8.005953E-01  -1.739127E+01   4.089439E-01  -1.986983E+00        11
   1.477733E+03   9.159810E+05   8.005953E-01   8.005953E-01   8.984100E-01   8.005953E-01  -1.739543E+01   4.079039E-01  -1.986983E+00        11
   1.478733E+03   9.173350E+05   8.005953E-01   8.005953E-01   8.984100E-01   8.005953E-01  -1.739959E+01   4.068647E-01  -1.986983E+00        11
   1.479733E+03   9.186900E+05   8.005953E-01   8.005953E-01   8.984100E-01   8.005953E-01  -1.740374E+01   4.058262E-01  -1.986983E+00        11
   1.480733E+03   9.200460E+05   8.005953E-01   8.005953E-01   8.984100E-01   8.005953E-01  -1.740789E+01   4.047885E-01  -1.986983E+00        11
   1.481733E+03   9.214030E+05   8.005953E-01   8.005953E-01   8.984100E-01   8.005953E-01  -1.741204E+01   4.037516E-01  -1.986983E+00        11
   1.482733E+03   9.227610E+05   8.005953E-01   8.005953E-01   8.984100E-01   8.005953E-01  -1.741618E+01   4.027154E-01  -1.986983E+00        11
   1.483733E+03   9.241200E+05   8.005953E-01   8.005953E-01   8.984100E-01   8.005953E-01  -1.742032E+01   4.016800E-01  -1.986983E+00        11
   1.484733E+03   9.254800E+05   8.005953E-01   8.005953E-01   8.984100E-01   8.005953E-01  -1.742446E+01   4.006454E-01  -1.986983E+00        11
   1.485733E+03   9.268410E+05   8.005953E-01   8.005953E-01   8.984100E-01   8.005953E-01  -1.742860E+01   3.996115E-01  -1.986983E+00        11
   1.486733E+03   9.282030E+05   8.005953E-01   8.005953E-01   8.984100E-01   8.005953E-01  -1.743273E+01   3.985784E-01  -1.986983E+00        11
   1.487733E+03   9.295660E+05   8.005953E-01   8.005953E-01   8.984100E-01   8.005953E-01  -1.743686E+01   3.975460E-01  -1.986983E+00        11
   1.488733E+03   9.309300E+05   8.005953E-01   8.005953E-01   8.984100E-01   8.005953E-01  -1.744099E+01   3.965144E-01  -1.986983E+00        11
   1.489733E+03   9.322950E+05   8.005953E-01   8.005953E-01   8.984100E-01   8.005953E-01  -1.744511E+01   3.954835E-01  -1.986983E+00        11
   1.490733E+03   9.336610E+05   8.005953E-01   8.005953E-01   8.984100E-01   8.005953E-01  -1.744923E+01   3.944534E-01  -1.986983E+00        11
   1.491733E+03   9.350280E+05   8.005953E-01   8.005953E-01   8.984100E-01   8.005953E-01  -1.745335E+01   3.934241E-01  -1.986983E+00        11
   1.492733E+03   9.363960E+05   8.005953E-01   8.005953E-01   8.984100E-01   8.005953E-01  -1.745746E+01   3.923955E-01  -1.986983E+00        11
   1.493733E+03   9.377650E+05   8.005953E-01   8.005953E-01   8.984100E-01   8.005953E-01  -1.746157E+01   3.913677E-01  -1.986983E+00        11
   1.494733E+03   9.391350E+05   8.005953E-01   8.005953E-01   8.984100E-01   8.005953E-01  -1.746568E+01   3.903406E-01  -1.986983E+00        11
   1.495733E+03   9.405060E+05   8.005953E-01   8.005953E-01   8.984100E-01   8.005953E-01  -1.746979E+01   3.893142E-01  -1.986983E+00        11
   1.496733E+03   9.418780E+05   8.005953E-01   8.005953E-01   8.984100E-01   8.005953E-01  -1.747389E+01   3.882886E-01  -1.986983E+00        11
   1.497733E+03   9.432510E+05   8.005953E-01   8.005953E-01   8.984100E-01   8.005953E-01  -1.747799E+01   3.872638E-01  -1.986983E+00        11
   1.498733E+03   9.446250E+05   8.005953E-01   8.005953E-01   8.984100E-01   8.005953E-01  -1.748209E+01   3.862397E-01  -1.986983E+00        11
   1.499733E+03   9.460000E+05   8.005953E-01   8.005953E-01   8.984100E-01   8.005953E-01  -1.748618E+01   3.852163E-01  -1.986983E+00        11
   1.500733E+03   9.473760E+05   8.005953E-01   8.005953E-01   8.984100E-01   8.005953E-01  -1.749027E+01   3.841937E-01  -1.986983E+00        11
   1.501733E+03   9.487530E+05   8.005953E-01   8.005953E-01   8.984100E-01   8.005953E-01  -1.749436E+01   3.831719E-01  -1.986983E+00        11
   1.502733E+03   9.501310E+05   8.005953E-01   8.005953E-01   8.984100E-01   8.005953E-01  -1.749844E+01   3.821507E-01  -1.986983E+00        11
   1.503733E+03   9.515100E+05   8.005953E-01   8.005953E-01   8.984100E-01   8.005953E-01  -1.750252E+01   3.811303E-01  -1.986983E+00        11
   1.504733E+03   9.528900E+05   8.005953E-01   8.005953E-01   8.984100E-01   8.005953E-01  -1.750660E+01   3.801107E-01  -1.986983E+00        11
   1.505733E+03   9.542710E+05   8.005953E-01   8.005953E-01   8.984100E-01   8.005953E-01  -1.751068E+01   3.790918E-01  -1.986983E+00        11
   1.506733E+03   9.556530E+05   8.005953E-01   8.005953E-01   8.984100E-01   8.005953E-01  -1.751475E+01   3.780736E-01  -1.986983E+00        11
   1.507733E+03   9.570360E+05   8.005953E-01   8.005953E-01   8.984100E-01   8.005953E-01  -1.751882E+01   3.770562E-01  -1.986983E+00        11
   1.508733E+03   9.584200E+05   8.005953E-01   8.005953E-01   8.984100E-01   8.005953E-01  -1.752289E+01   3.760395E-01  -1.986983E+00        11
   1.509733E+03   9.598050E+05   8.005953E-01   8.005953E-01   8.984100E-01   8.005953E-01  -1.752695E+01   3.750235E-01  -1.986983E+00        11
   1.510733E+03   9.611910E+05   8.005953E-01   8.005953E-01   8.984100E-01   8.005953E-01  -1.753101E+01   3.740083E-01  -1.986983E+00        11
   1.511733E+03   9.625780E+05   8.005953E-01   8.005953E-01   8.984100E-01   8.005953E-01  -1.753507E+01   3.729938E-01  -1.986983E+00        11
   1.512733E+03   9.639660E+05   8.005953E-01   8.005953E-01   8.984100E-01   8.005953E-01  -1.753912E+01   3.719800E-01  -1.986983E+00        11
   1.513733E+03   9.653550E+05   8.005953E-01   8.005953E-01   8.984100E-01   8.005953E-01  -1.754318E+01   3.709670E-01  -1.986983E+00        11
   1.514733E+03   9.667450E+05   8.005953E-01   8.005953E-01   8.984100E-01   8.005953E-01  -1.754723E+01   3.699546E-01  -1.986983E+00        11
   1.515733E+03   9.681360E+05   8.005953E-01   8.005953E-01   8.984100E-01   8.005953E-01  -1.755127E+01   3.689431E-01  -1.986983E+00        11
   1.516733E+03   9.695280E+05   8.005953E-01   8.005953E-01   8.984100E-01   8.005953E-01  -1.755532E+01   3.679322E-01  -1.986983E+00        11
   1.517733E+03   9.709210E+05   8.005953E-01   8.005953E-01   8.984100E-01   8.005953E-01  -1.755936E+01   3.669221E-01  -1.986983E+00        11
   1.518733E+03   9.723150E+05   8.005953E-01   8.005953E-01   8.984100E-01   8.005953E-01  -1.756339E+01   3.659127E-01  -1.986983E+00        11
   1.519733E+03   9.737100E+05   8.005953E-01   8.005953E-01   8.984100E-01   8.005953E-01  -1.756743E+01   3.649040E-01  -1.986983E+00        11
   1.520733E+03   9.751060E+05   8.005953E-01   8.005953E-01   8.984100E-01   8.005953E-01  -1.757146E+01   3.638960E-01  -1.986983E+00        11
   1.521733E+03   9.765030E+05   8.005953E-01   8.005953E-01   8.984100E-01   8.005953E-01  -1.757549E+01   3.628888E-01  -1.986983E+00        11
   1.522733E+03   9.779010E+05   8.005953E-01   8.005953E-01   8.984100E-01   8.005953E-01  -1.757951E+01   3.618823E-01  -1.986983E+00        11
   1.523733E+03   9.793000E+05   8.005953E-01   8.005953E-01   8.984100E-01   8.005953E-01  -1.758354E+01   3.608765E-01  -1.986983E+00        11
   1.524733E+03   9.807000E+05   8.005953E-01   8.005953E-01   8.984100E-01   8.005953E-01  -1.758756E+01   3.598714E-01  -1.986983E+00        11
   1.525733E+03   9.821010E+05   8.005953E-01   8.005953E-01   8.984100E-01   8.005953E-01  -1.759158E+01   3.588670E-01  -1.986983E+00        11
   1.526733E+03   9.835030E+05   8.005953E-01   8.005953E-01   8.984100E-01   8.005953E-01  -1.759559E+01   3.578634E-01  -1.986983E+00        11
   1.527733E+03   9.849060E+05   8.005953E-01   8.005953E-01   8.984100E-01   8.005953E-01  -1.759960E+01   3.568604E-01  -1.986983E+00        11
   1.528733E+03   9.863100E+05   8.005953E-01   8.005953E-01   8.984100E-01   8.005953E-01  -1.760361E+01   3.558582E-01  -1.986983E+00        11
   1.529733E+03   9.877150E+05   8.005953E-01   8.005953E-01   8.984100E-01   8.005953E-01  -1.760762E+01   3.548567E-01  -1.986983E+00        11
   1.530733E+03   9.891210E+05   8.005953E-01   8.005953E-01   8.984100E-01   8.005953E-01  -1.761162E+01   3.538559E-01  -1.986983E+00        11
   1.531733E+03   9.905280E+05   8.005953E-01   8.005953E-01   8.984100E-01   8.005953E-01  -1.761562E+01   3.528558E-01  -1.986983E+00        11
   1.532733E+03   9.919360E+05   8.005953E-01   8.005953E-01   8.984100E-01   8.005953E-01  -1.761962E+01   3.518565E-01  -1.986983E+00        11
   1.533733E+03   9.933450E+05   8.005953E-01   8.005953E-01   8.984100E-01   8.005953E-01  -1.762361E+01   3.508578E-01  -1.986983E+00        11
   1.534733E+03   9.947550E+05   8.005953E-01   8.005953E-01   8.984100E-01   8.005953E-01  -1.762760E+01   3.498599E-01  -1.986983E+00        11
   1.535733E+03   9.961660E+05   8.005953E-01   8.005953E-01   8.984100E-01   8.005953E-01  -1.763159E+01   3.488626E-01  -1.986983E+00        11
   1.536733E+03   9.975780E+05   8.005953E-01   8.005953E-01   8.984100E-01   8.005953E-01  -1.763558E+01   3.478661E-01  -1.986983E+00        11
   1.537733E+03   9.989910E+05   8.005953E-01   8.005953E-01   8.984100E-01   8.005953E-01  -1.763956E+01   3.468702E-01  -1.986983E+00        11
   1.538733E+03   1.000405E+06   8.005953E-01   8.005953E-01   8.984100E-01   8.005953E-01  -1.764354E+01   3.458751E-01  -1.986983E+00        11
   1.539733E+03   1.001820E+06   8.005953E-01   8.005953E-01   8.984100E-01   8.005953E-01  -1.764752E+01   3.448807E-01  -1.986983E+00        11
   1.540733E+03   1.003236E+06   8.005953E-01   8.005953E-01   8.984100E-01   8.005953E-01  -1.765150E+01   3.438870E-01  -1.986983E+00        11
   1.541733E+03   1.004653E+06   8.005953E-01   8.005953E-01   8.984100E-01   8.005953E-01  -1.765547E+01   3.428939E-01  -1.986983E+00        11
   1.542733E+03   1.006071E+06   8.005953E-01   8.005953E-01   8.984100E-01   8.005953E-01  -1.765944E+01   3.419016E-01  -1.986983E+00        11
   1.543733E+03   1.007490E+06   8.005953E-01   8.005953E-01   8.984100E-01   8.005953E-01  -1.766340E+01   3.409100E-01  -1.986983E+00        11
   1.544733E+03   1.008910E+06   8.005953E-01   8.005953E-01   8.984100E-01   8.005953E-01  -1.766737E+01   3.399191E-01  -1.986983E+00        11
   1.545733E+03   1.010331E+06   8.005953E-01   8.005953E-01   8.984100E-01   8.005953E-01  -1.767133E+01   3.389288E-01  -1.986983E+00        11
   1.546733E+03   1.011753E+06   8.005953E-01   8.005953E-01   8.984100E-01   8.005953E-01  -1.767529E+01   3.379393E-01  -1.986983E+00        11
   1.547733E+03   1.013176E+06   8.005953E-01   8.005953E-01   8.984100E-01   8.005953E-01  -1.767924E+01   3.369505E-01  -1.986983E+00        11
   1.548733E+03   1.014600E+06   8.005953E-01   8.005953E-01   8.984100E-01   8.005953E-01  -1.768319E+01   3.359623E-01  -1.986983E+00        11
   1.549733E+03   1.016025E+06   8.005953E-01   8.005953E-01   8.984100E-01   8.005953E-01  -1.768714E+01   3.349749E-01  -1.986983E+00        11
   1.550733E+03   1.017451E+06   8.005953E-01   8.005953E-01   8.984100E-01   8.005953E-01  -1.769109E+01   3.339881E-01  -1.986983E+00        11
   1.551733E+03   1.018878E+06   8.005953E-01   8.005953E-01   8.984100E-01   8.005953E-01  -1.769504E+01   3.330020E-01  -1.986983E+00        11
   1.552733E+03   1.020306E+06   8.005953E-01   8.005953E-01   8.984100E-01   8.005953E-01  -1.769898E+01   3.320167E-01  -1.986983E+00        11
   1.553733E+03   1.021735E+06   8.005953E-01   8.005953E-01   8.984100E-01   8.005953E-01  -1.770292E+01   3.310320E-01  -1.986983E+00        11
   1.554733E+03   1.023165E+06   8.005953E-01   8.005953E-01   8.984100E-01   8.005953E-01  -1.770685E+01   3.300480E-01  -1.986983E+00        11
   1.555733E+03   1.024596E+06   8.005953E-01   8.005953E-01   8.984100E-01   8.005953E-01  -1.771079E+01   3.290647E-01  -1.986983E+00        11
   1.556733E+03   1.026028E+06   8.005953E-01   8.005953E-01   8.984100E-01   8.005953E-01  -1.771472E+01   3.280821E-01  -1.986983E+00        11
   1.557733E+03   1.027461E+06   8.005953E-01   8.005953E-01   8.984100E-01   8.005953E-01  -1.771864E+01   3.271001E-01  -1.986983E+00        11
   1.558733E+03   1.028895E+06   8.005953E-01   8.005953E-01   8.984100E-01   8.005953E-01  -1.772257E+01   3.261189E-01  -1.986983E+00        11
   1.559733E+03   1.030330E+06   8.005953E-01   8.005953E-01   8.984100E-01   8.005953E-01  -1.772649E+01   3.251383E-01  -1.986983E+00        11
   1.560733E+03   1.031766E+06   8.005953E-01   8.005953E-01   8.984100E-01   8.005953E-01  -1.773041E+01   3.241584E-01  -1.986983E+00        11
   1.561733E+03   1.033203E+06   8.005953E-01   8.005953E-01   8.984100E-01   8.005953E-01  -1.773433E+01   3.231792E-01  -1.986983E+00        11
   1.562733E+03   1.034641E+06   8.005953E-01   8.005953E-01   8.984100E-01   8.005953E-01  -1.773824E+01   3.222007E-01  -1.986983E+00        11
   1.563733E+03   1.036080E+06   8.005953E-01   8.005953E-01   8.984100E-01   8.005953E-01  -1.774215E+01   3.212229E-01  -1.986983E+00        11
   1.564733E+03   1.037520E+06   8.005953E-01   8.005953E-01   8.984100E-01   8.005953E-01  -1.774606E+01   3.202457E-01  -1.986983E+00        11
   1.565733E+03   1.038961E+06   8.005953E-01   8.005953E-01   8.984100E-01   8.005953E-01  -1.774997E+01   3.192692E-01  -1.986983E+00        11
   1.566733E+03   1.040403E+06   8.005953E-01   8.005953E-01   8.984100E-01   8.005953E-01  -1.775387E+01   3.182934E-01  -1.986983E+00        11
   1.567733E+03   1.041846E+06   8.005953E-01   8.005953E-01   8.984100E-01   8.005953E-01  -1.775777E+01   3.173183E-01  -1.986983E+00        11
   1.568733E+03   1.043290E+06   8.005953E-01   8.005953E-01   8.984100E-01   8.005953E-01  -1.776167E+01   3.163438E-01  -1.986983E+00        11
   1.569733E+03   1.044735E+06   8.005953E-01   8.005953E-01   8.984100E-01   8.005953E-01  -1.776556E+01   3.153700E-01  -1.986983E+00        11
   1.570733E+03   1.046181E+06   8.005953E-01   8.005953E-01   8.984100E-01   8.005953E-01  -1.776946E+01   3.143969E-01  -1.986983E+00        11
   1.571733E+03   1.047628E+06   8.005953E-01   8.005953E-01   8.984100E-01   8.005953E-01  -1.777335E+01   3.134245E-01  -1.986983E+00        11
   1.572733E+03   1.049076E+06   8.005953E-01   8.005953E-01   8.984100E-01   8.005953E-01  -1.777723E+01   3.124527E-01  -1.986983E+00        11
   1.573733E+03   1.050525E+06   8.005953E-01   8.005953E-01   8.984100E-01   8.005953E-01  -1.778112E+01   3.114816E-01  -1.986983E+00        11
   1.574733E+03   1.051975E+06   8.005953E-01   8.005953E-01   8.984100E-01   8.005953E-01  -1.778500E+01   3.105112E-01  -1.986983E+00        11
   1.575733E+03   1.053426E+06   8.005953E-01   8.005953E-01   8.984100E-01   8.005953E-01  -1.778888E+01   3.095415E-01  -1.986983E+00        11
   1.576733E+03   1.054878E+06   8.005953E-01   8.005953E-01   8.984100E-01   8.005953E-01  -1.779275E+01   3.085724E-01  -1.986983E+00        11
   1.577733E+03   1.056331E+06   8.005953E-01   8.005953E-01   8.984100E-01   8.005953E-01  -1.779663E+01   3.076039E-01  -1.986983E+00        11
   1.578733E+03   1.057785E+06   8.005953E-01   8.005953E-01   8.984100E-01   8.005953E-01  -1.780050E+01   3.066362E-01  -1.986983E+00        11
   1.579733E+03   1.059240E+06   8.005953E-01   8.005953E-01   8.984100E-01   8.005953E-01  -1.780437E+01   3.056691E-01  -1.986983E+00        11
   1.580733E+03   1.060696E+06   8.005953E-01   8.005953E-01   8.984100E-01   8.005953E-01  -1.780823E+01   3.047027E-01  -1.986983E+00        11
   1.581733E+03   1.062153E+06   8.005953E-01   8.005953E-01   8.984100E-01   8.005953E-01  -1.781210E+01   3.037369E-01  -1.986983E+00        11
   1.582733E+03   1.063611E+06   8.005953E-01   8.005953E-01   8.984100E-01   8.005953E-01  -1.781596E+01   3.027718E-01  -1.986983E+00        11
   1.583733E+03   1.065070E+06   8.005953E-01   8.005953E-01   8.984100E-01   8.005953E-01  -1.781981E+01   3.018074E-01  -1.986983E+00        11
   1.584733E+03   1.066530E+06   8.005953E-01   8.005953E-01   8.984100E-01   8.005953E-01  -1.782367E+01   3.008436E-01  -1.986983E+00        11
   1.585733E+03   1.067991E+06   8.005953E-01   8.005953E-01   8.984100E-01   8.005953E-01  -1.782752E+01   2.998805E-01  -1.986983E+00        11
   1.586733E+03   1.069453E+06   8.005953E-01   8.005953E-01   8.984100E-01   8.005953E-01  -1.783137E+01   2.989180E-01  -1.986983E+00        11
   1.587733E+03   1.070916E+06   8.005953E-01   8.005953E-01   8.984100E-01   8.005953E-01  -1.783522E+01   2.979562E-01  -1.986983E+00        11
   1.588733E+03   1.072380E+06   8.005953E-01   8.005953E-01   8.984100E-01   8.005953E-01  -1.783906E+01   2.969951E-01  -1.986983E+00        11
   1.589733E+03   1.073845E+06   8.005953E-01   8.005953E-01   8.984100E-01   8.005953E-01  -1.784291E+01   2.960346E-01  -1.986983E+00        11
   1.590733E+03   1.075311E+06   8.005953E-01   8.005953E-01   8.984100E-01   8.005953E-01  -1.784674E+01   2.950748E-01  -1.986983E+00        11
   1.591733E+03   1.076778E+06   8.005953E-01   8.005953E-01   8.984100E-01   8.005953E-01  -1.785058E+01   2.941156E-01  -1.986983E+00        11
   1.592733E+03   1.078246E+06   8.005953E-01   8.005953E-01   8.984100E-01   8.005953E-01  -1.785442E+01   2.931571E-01  -1.986983E+00        11
   1.593733E+03   1.079715E+06   8.005953E-01   8.005953E-01   8.984100E-01   8.005953E-01  -1.785825E+01   2.921992E-01  -1.986983E+00        11
   1.594733E+03   1.081185E+06   8.005953E-01   8.005953E-01   8.984100E-01   8.005953E-01  -1.786208E+01   2.912420E-01  -1.986983E+00        11
   1.595733E+03   1.082656E+06   8.005953E-01   8.005953E-01   8.984100E-01   8.005953E-01  -1.786590E+01   2.902854E-01  -1.986983E+00        11
   1.596733E+03   1.084128E+06   8.005953E-01   8.005953E-01   8.984100E-01   8.005953E-01  -1.786973E+01   2.893295E-01  -1.986983E+00        11
   1.597733E+03   1.085601E+06   8.005953E-01   8.005953E-01   8.984100E-01   8.005953E-01  -1.787355E+01   2.883742E-01  -1.986983E+00        11
   1.598733E+03   1.087075E+06   8.005953E-01   8.005953E-01   8.984100E-01   8.005953E-01  -1.787737E+01   2.874196E-01  -1.986983E+00        11
   1.599733E+03   1.088550E+06   8.005953E-01   8.005953E-01   8.984100E-01   8.005953E-01  -1.788118E+01   2.864656E-01  -1.986983E+00        11
   1.600733E+03   1.090026E+06   8.005953E-01   8.005953E-01   8.984100E-01   8.005953E-01  -1.788499E+01   2.855123E-01  -1.986983E+00        11
   1.601733E+03   1.091503E+06   8.005953E-01   8.005953E-01   8.984100E-01   8.005953E-01  -1.788881E+01   2.845596E-01  -1.986983E+00        11
   1.602733E+03   1.092981E+06   8.005953E-01   8.005953E-01   8.984100E-01   8.005953E-01  -1.789261E+01   2.836076E-01  -1.986983E+00        11
   1.603733E+03   1.094460E+06   8.005953E-01   8.005953E-01   8.984100E-01   8.005953E-01  -1.789642E+01   2.826562E-01  -1.986983E+00        11
   1.604733E+03   1.095940E+06   8.005953E-01   8.005953E-01   8.984100E-01   8.005953E-01  -1.790022E+01   2.817054E-01  -1.986983E+00        11
   1.605733E+03   1.097421E+06   8.005953E-01   8.005953E-01   8.984100E-01   8.005953E-01  -1.790402E+01   2.807553E-01  -1.986983E+00        11
   1.606733E+03   1.098903E+06   8.005953E-01   8.005953E-01   8.984100E-01   8.005953E-01  -1.790782E+01   2.798058E-01  -1.986983E+00        11
   1.607733E+03   1.100386E+06   8.005953E-01   8.005953E-01   8.984100E-01   8.005953E-01  -1.791162E+01   2.788570E-01  -1.986983E+00        11
   1.608733E+03   1.101870E+06   8.005953E-01   8.005953E-01   8.984100E-01   8.005953E-01  -1.791541E+01   2.779088E-01  -1.986983E+00        11
   1.609733E+03   1.103355E+06   8.005953E-01   8.005953E-01   8.984100E-01   8.005953E-01  -1.791920E+01   2.769613E-01  -1.986983E+00        11
   1.610733E+03   1.104841E+06   8.005953E-01   8.005953E-01   8.984100E-01   8.005953E-01  -1.792299E+01   2.760143E-01  -1.986983E+00        11
   1.611733E+03   1.106328E+06   8.005953E-01   8.005953E-01   8.984100E-01   8.005953E-01  -1.792677E+01   2.750681E-01  -1.986983E+00        11
   1.612733E+03   1.107816E+06   8.005953E-01   8.005953E-01   8.984100E-01   8.005953E-01  -1.793055E+01   2.741224E-01  -1.986983E+00        11
   1.613733E+03   1.109305E+06   8.005953E-01   8.005953E-01   8.984100E-01   8.005953E-01  -1.793433E+01   2.731774E-01  -1.986983E+00        11
   1.614733E+03   1.110795E+06   8.005953E-01   8.005953E-01   8.984100E-01   8.005953E-01  -1.793811E+01   2.722330E-01  -1.986983E+00        11
   1.615733E+03   1.112286E+06   8.005953E-01   8.005953E-01   8.984100E-01   8.005953E-01  -1.794189E+01   2.712893E-01  -1.986983E+00        11
   1.616733E+03   1.113778E+06   8.005953E-01   8.005953E-01   8.984100E-01   8.005953E-01  -1.794566E+01   2.703462E-01  -1.986983E+00        11
   1.617733E+03   1.115271E+06   8.005953E-01   8.005953E-01   8.984100E-01   8.005953E-01  -1.794943E+01   2.694037E-01  -1.986983E+00        11
   1.618733E+03   1.116765E+06   8.005953E-01   8.005953E-01   8.984100E-01   8.005953E-01  -1.795320E+01   2.684619E-01  -1.986983E+00        11
   1.619733E+03   1.118260E+06   8.005953E-01   8.005953E-01   8.984100E-01   8.005953E-01  -1.795696E+01   2.675207E-01  -1.986983E+00        11
   1.620733E+03   1.119756E+06   8.005953E-01   8.005953E-01   8.984100E-01   8.005953E-01  -1.796072E+01   2.665801E-01  -1.986983E+00        11
   1.621733E+03   1.121253E+06   8.005953E-01   8.005953E-01   8.984100E-01   8.005953E-01  -1.796448E+01   2.656401E-01  -1.986983E+00        11
   1.622733E+03   1.122751E+06   8.005953E-01   8.005953E-01   8.984100E-01   8.005953E-01  -1.796824E+01   2.647008E-01  -1.986983E+00        11
   1.623733E+03   1.124250E+06   8.005953E-01   8.005953E-01   8.984100E-01   8.005953E-01  -1.797200E+01   2.637621E-01  -1.986983E+00        11
   1.624733E+03   1.125750E+06   8.005953E-01   8.005953E-01   8.984100E-01   8.005953E-01  -1.797575E+01   2.628240E-01  -1.986983E+00        11
   1.625733E+03   1.127251E+06   8.005953E-01   8.005953E-01   8.984100E-01   8.005953E-01  -1.797950E+01   2.618866E-01  -1.986983E+00        11
   1.626733E+03   1.128753E+06   8.005953E-01   8.005953E-01   8.984100E-01   8.005953E-01  -1.798324E+01   2.609497E-01  -1.986983E+00        11
   1.627733E+03   1.130256E+06   8.005953E-01   8.005953E-01   8.984100E-01   8.005953E-01  -1.798699E+01   2.600135E-01  -1.986983E+00        11
   1.628733E+03   1.131760E+06   8.005953E-01   8.005953E-01   8.984100E-01   8.005953E-01  -1.799073E+01   2.590780E-01  -1.986983E+00        11
   1.629733E+03   1.133265E+06   8.005953E-01   8.005953E-01   8.984100E-01   8.005953E-01  -1.799447E+01   2.581430E-01  -1.986983E+00        11
   1.630733E+03   1.134771E+06   8.005953E-01   8.005953E-01   8.984100E-01   8.005953E-01  -1.799821E+01   2.572087E-01  -1.986983E+00        11
   1.631733E+03   1.136278E+06   8.005953E-01   8.005953E-01   8.984100E-01   8.005953E-01  -1.800194E+01   2.562749E-01  -1.986983E+00        11
   1.632733E+03   1.137786E+06   8.005953E-01   8.005953E-01   8.984100E-01   8.005953E-01  -1.800568E+01   2.553418E-01  -1.986983E+00        11
   1.633733E+03   1.139295E+06   8.005953E-01   8.005953E-01   8.984100E-01   8.005953E-01  -1.800941E+01   2.544094E-01  -1.986983E+00        11
   1.634733E+03   1.140805E+06   8.005953E-01   8.005953E-01   8.984100E-01   8.005953E-01  -1.801313E+01   2.534775E-01  -1.986983E+00        11
   1.635733E+03   1.142316E+06   8.005953E-01   8.005953E-01   8.984100E-01   8.005953E-01  -1.801686E+01   2.525463E-01  -1.986983E+00        11
   1.636733E+03   1.143828E+06   8.005953E-01   8.005953E-01   8.984100E-01   8.005953E-01  -1.802058E+01   2.516156E-01  -1.986983E+00        11
   1.637733E+03   1.145341E+06   8.005953E-01   8.005953E-01   8.984100E-01   8.005953E-01  -1.802430E+01   2.506856E-01  -1.986983E+00        11
   1.638733E+03   1.146855E+06   8.005953E-01   8.005953E-01   8.984100E-01   8.005953E-01  -1.802802E+01   2.497562E-01  -1.986983E+00        11
   1.639733E+03   1.148370E+06   8.005953E-01   8.005953E-01   8.984100E-01   8.005953E-01  -1.803173E+01   2.488274E-01  -1.986983E+00        11
   1.640733E+03   1.149886E+06   8.005953E-01   8.005953E-01   8.984100E-01   8.005953E-01  -1.803545E+01   2.478992E-01  -1.986983E+00        11
   1.641733E+03   1.151403E+06   8.005953E-01   8.005953E-01   8.984100E-01   8.005953E-01  -1.803916E+01   2.469717E-01  -1.986983E+00        11
   1.642733E+03   1.152921E+06   8.005953E-01   8.005953E-01   8.984100E-01   8.005953E-01  -1.804287E+01   2.460447E-01  -1.986983E+00        11
   1.643733E+03   1.154440E+06   8.005953E-01   8.005953E-01   8.984100E-01   8.005953E-01  -1.804657E+01   2.451184E-01  -1.986983E+00        11
   1.644733E+03   1.155960E+06   8.005953E-01   8.005953E-01   8.984100E-01   8.005953E-01  -1.805027E+01   2.441926E-01  -1.986983E+00        11
   1.645733E+03   1.157481E+06   8.005953E-01   8.005953E-01   8.984100E-01   8.005953E-01  -1.805397E+01   2.432675E-01  -1.986983E+00        11
   1.646733E+03   1.159003E+06   8.005953E-01   8.005953E-01   8.984100E-01   8.005953E-01  -1.805767E+01   2.423430E-01  -1.986983E+00        11
   1.647733E+03   1.160526E+06   8.005953E-01   8.005953E-01   8.984100E-01   8.005953E-01  -1.806137E+01   2.414191E-01  -1.986983E+00        11
   1.648733E+03   1.162050E+06   8.005953E-01   8.005953E-01   8.984100E-01   8.005953E-01  -1.806506E+01   2.404958E-01  -1.986983E+00        11
   1.649733E+03   1.163575E+06   8.005953E-01   8.005953E-01   8.984100E-01   8.005953E-01  -1.806875E+01   2.395731E-01  -1.986983E+00        11
   1.650733E+03   1.165101E+06   8.005953E-01   8.005953E-01   8.984100E-01   8.005953E-01  -1.807244E+01   2.386510E-01  -1.986983E+00        11
   1.651733E+03   1.166628E+06   8.005953E-01   8.005953E-01   8.984100E-01   8.005953E-01  -1.807613E+01   2.377295E-01  -1.986983E+00        11
   1.652733E+03   1.168156E+06   8.005953E-01   8.005953E-01   8.984100E-01   8.005953E-01  -1.807981E+01   2.368086E-01  -1.986983E+00        11
   1.653733E+03   1.169685E+06   8.005953E-01   8.005953E-01   8.984100E-01   8.005953E-01  -1.808349E+01   2.358883E-01  -1.986983E+00        11
   1.654733E+03   1.171215E+06   8.005953E-01   8.005953E-01   8.984100E-01   8.005953E-01  -1.808717E+01   2.349687E-01  -1.986983E+00        11
   1.655733E+03   1.172746E+06   8.005953E-01   8.005953E-01   8.984100E-01   8.005953E-01  -1.809085E+01   2.340496E-01  -1.986983E+00        11
   1.656733E+03   1.174278E+06   8.005953E-01   8.005953E-01   8.984100E-01   8.005953E-01  -1.809452E+01   2.331311E-01  -1.986983E+00        11
   1.657733E+03   1.175811E+06   8.005953E-01   8.005953E-01   8.984100E-01   8.005953E-01  -1.809819E+01   2.322132E-01  -1.986983E+00        11
   1.658733E+03   1.177345E+06   8.005953E-01   8.005953E-01   8.984100E-01   8.005953E-01  -1.810186E+01   2.312959E-01  -1.986983E+00        11
   1.659733E+03   1.178880E+06   8.005953E-01   8.005953E-01   8.984100E-01   8.005953E-01  -1.810553E+01   2.303792E-01  -1.986983E+00        11
   1.660733E+03   1.180416E+06   8.005953E-01   8.005953E-01   8.984100E-01   8.005953E-01  -1.810919E+01   2.294632E-01  -1.986983E+00        11
   1.661733E+03   1.181953E+06   8.005953E-01   8.005953E-01   8.984100E-01   8.005953E-01  -1.811285E+01   2.285477E-01  -1.986983E+00        11
   1.662733E+03   1.183491E+06   8.005953E-01   8.005953E-01   8.984100E-01   8.005953E-01  -1.811651E+01   2.276328E-01  -1.986983E+00        11
   1.663733E+03   1.185030E+06   8.005953E-01   8.005953E-01   8.984100E-01   8.005953E-01  -1.812017E+01   2.267185E-01  -1.986983E+00        11
   1.664733E+03   1.186570E+06   8.005953E-01   8.005953E-01   8.984100E-01   8.005953E-01  -1.812382E+01   2.258047E-01  -1.986983E+00        11
   1.665733E+03   1.188111E+06   8.005953E-01   8.005953E-01   8.984100E-01   8.005953E-01  -1.812748E+01   2.248916E-01  -1.986983E+00        11
   1.666733E+03   1.189653E+06   8.005953E-01   8.005953E-01   8.984100E-01   8.005953E-01  -1.813113E+01   2.239791E-01  -1.986983E+00        11
   1.667733E+03   1.191196E+06   8.005953E-01   8.005953E-01   8.984100E-01   8.005953E-01  -1.813478E+01   2.230672E-01  -1.986983E+00        11
   1.668733E+03   1.192740E+06   8.005953E-01   8.005953E-01   8.984100E-01   8.005953E-01  -1.813842E+01   2.221558E-01  -1.986983E+00        11
   1.669733E+03   1.194285E+06   8.005953E-01   8.005953E-01   8.984100E-01   8.005953E-01  -1.814206E+01   2.212451E-01  -1.986983E+00        11
   1.670733E+03   1.195831E+06   8.005953E-01   8.005953E-01   8.984100E-01   8.005953E-01  -1.814570E+01   2.203349E-01  -1.986983E+00        11
   1.671733E+03   1.197378E+06   8.005953E-01   8.005953E-01   8.984100E-01   8.005953E-01  -1.814934E+01   2.194253E-01  -1.986983E+00        11
   1.672733E+03   1.198926E+06   8.005953E-01   8.005953E-01   8.984100E-01   8.005953E-01  -1.815298E+01   2.185163E-01  -1.986983E+00        11
   1.673733E+03   1.200475E+06   8.005953E-01   8.005953E-01   8.984100E-01   8.005953E-01  -1.815661E+01   2.176079E-01  -1.986983E+00        11
   1.674733E+03   1.202025E+06   8.005953E-01   8.005953E-01   8.984100E-01   8.005953E-01  -1.816024E+01   2.167001E-01  -1.986983E+00        11
   1.675733E+03   1.203576E+06   8.005953E-01   8.005953E-01   8.984100E-01   8.005953E-01  -1.816387E+01   2.157929E-01  -1.986983E+00        11
   1.676733E+03   1.205128E+06   8.005953E-01   8.005953E-01   8.984100E-01   8.005953E-01  -1.816750E+01   2.148862E-01  -1.986983E+00        11
   1.677733E+03   1.206681E+06   8.005953E-01   8.005953E-01   8.984100E-01   8.005953E-01  -1.817112E+01   2.139802E-01  -1.986983E+00        11
   1.678733E+03   1.208235E+06   8.005953E-01   8.005953E-01   8.984100E-01   8.005953E-01  -1.817475E+01   2.130747E-01  -1.986983E+00        11
   1.679733E+03   1.209790E+06   8.005953E-01   8.005953E-01   8.984100E-01   8.005953E-01  -1.817836E+01   2.121698E-01  -1.986983E+00        11
   1.680733E+03   1.211346E+06   8.005953E-01   8.005953E-01   8.984100E-01   8.005953E-01  -1.818198E+01   2.112655E-01  -1.986983E+00        11
   1.681733E+03   1.212903E+06   8.005953E-01   8.005953E-01   8.984100E-01   8.005953E-01  -1.818560E+01   2.103618E-01  -1.986983E+00        11
   1.682733E+03   1.214461E+06   8.005953E-01   8.005953E-01   8.984100E-01   8.005953E-01  -1.818921E+01   2.094586E-01  -1.986983E+00        11
   1.683733E+03   1.216020E+06   8.005953E-01   8.005953E-01   8.984100E-01   8.005953E-01  -1.819282E+01   2.085560E-01  -1.986983E+00        11
   1.684733E+03   1.217580E+06   8.005953E-01   8.005953E-01   8.984100E-01   8.005953E-01  -1.819643E+01   2.076540E-01  -1.986983E+00        11
   1.685733E+03   1.219141E+06   8.005953E-01   8.005953E-01   8.984100E-01   8.005953E-01  -1.820003E+01   2.067526E-01  -1.986983E+00        11
   1.686733E+03   1.220703E+06   8.005953E-01   8.005953E-01   8.984100E-01   8.005953E-01  -1.820364E+01   2.058518E-01  -1.986983E+00        11
   1.687733E+03   1.222266E+06   8.005953E-01   8.005953E-01   8.984100E-01   8.005953E-01  -1.820724E+01   2.049515E-01  -1.986983E+00        11
   1.688733E+03   1.223830E+06   8.005953E-01   8.005953E-01   8.984100E-01   8.005953E-01  -1.821084E+01   2.040518E-01  -1.986983E+00        11
   1.689733E+03   1.225395E+06   8.005953E-01   8.005953E-01   8.984100E-01   8.005953E-01  -1.821443E+01   2.031527E-01  -1.986983E+00        11
   1.690733E+03   1.226961E+06   8.005953E-01   8.005953E-01   8.984100E-01   8.005953E-01  -1.821803E+01   2.022542E-01  -1.986983E+00        11
   1.691733E+03   1.228528E+06   8.005953E-01   8.005953E-01   8.984100E-01   8.005953E-01  -1.822162E+01   2.013562E-01  -1.986983E+00        11
   1.692733E+03   1.230096E+06   8.005953E-01   8.005953E-01   8.984100E-01   8.005953E-01  -1.822521E+01   2.004588E-01  -1.986983E+00        11
   1.693733E+03   1.231665E+06   8.005953E-01   8.005953E-01   8.984100E-01   8.005953E-01  -1.822880E+01   1.995620E-01  -1.986983E+00        11
   1.694733E+03   1.233235E+06   8.005953E-01   8.005953E-01   8.984100E-01   8.005953E-01  -1.823238E+01   1.986657E-01  -1.986983E+00        11
   1.695733E+03   1.234806E+06   8.005953E-01   8.005953E-01   8.984100E-01   8.005953E-01  -1.823596E+01   1.977701E-01  -1.986983E+00        11
   1.696733E+03   1.236378E+06   8.005953E-01   8.005953E-01   8.984100E-01   8.005953E-01  -1.823954E+01   1.968749E-01  -1.986983E+00        11
   1.697733E+03   1.237951E+06   8.005953E-01   8.005953E-01   8.984100E-01   8.005953E-01  -1.824312E+01   1.959804E-01  -1.986983E+00        11
   1.698733E+03   1.239525E+06   8.005953E-01   8.005953E-01   8.984100E-01   8.005953E-01  -1.824670E+01   1.950864E-01  -1.986983E+00        11
   1.699733E+03   1.241100E+06   8.005953E-01   8.005953E-01   8.984100E-01   8.005953E-01  -1.825027E+01   1.941930E-01  -1.986983E+00        11
   1.700733E+03   1.242676E+06   8.005953E-01   8.005953E-01   8.984100E-01   8.005953E-01  -1.825384E+01   1.933002E-01  -1.986983E+00        11
   1.701733E+03   1.244253E+06   8.005953E-01   8.005953E-01   8.984100E-01   8.005953E-01  -1.825741E+01   1.924079E-01  -1.986983E+00        11
   1.702733E+03   1.245831E+06   8.005953E-01   8.005953E-01   8.984100E-01   8.005953E-01  -1.826098E+01   1.915162E-01  -1.986983E+00        11
   1.703733E+03   1.247410E+06   8.005953E-01   8.005953E-01   8.984100E-01   8.005953E-01  -1.826454E+01   1.906251E-01  -1.986983E+00        11
   1.704733E+03   1.248990E+06   8.005953E-01   8.005953E-01   8.984100E-01   8.005953E-01  -1.826811E+01   1.897345E-01  -1.986983E+00        11
   1.705733E+03   1.250571E+06   8.005953E-01   8.005953E-01   8.984100E-01   8.005953E-01  -1.827167E+01   1.888445E-01  -1.986983E+00        11
   1.706733E+03   1.252153E+06   8.005953E-01   8.005953E-01   8.984100E-01   8.005953E-01  -1.827522E+01   1.879550E-01  -1.986983E+00        11
   1.707733E+03   1.253736E+06   8.005953E-01   8.005953E-01   8.984100E-01   8.005953E-01  -1.827878E+01   1.870661E-01  -1.986983E+00        11
   1.708733E+03   1.255320E+06   8.005953E-01   8.005953E-01   8.984100E-01   8.005953E-01  -1.828233E+01   1.861778E-01  -1.986983E+00        11
   1.709733E+03   1.256905E+06   8.005953E-01   8.005953E-01   8.984100E-01   8.005953E-01  -1.828588E+01   1.852900E-01  -1.986983E+00        11
   1.710733E+03   1.258491E+06   8.005953E-01   8.005953E-01   8.984100E-01   8.005953E-01  -1.828943E+01   1.844028E-01  -1.986983E+00        11
   1.711733E+03   1.260078E+06   8.005953E-01   8.005953E-01   8.984100E-01   8.005953E-01  -1.829298E+01   1.835162E-01  -1.986983E+00        11
   1.712733E+03   1.261666E+06   8.005953E-01   8.005953E-01   8.984100E-01   8.005953E-01  -1.829652E+01   1.826301E-01  -1.986983E+00        11
   1.713733E+03   1.263255E+06   8.005953E-01   8.005953E-01   8.984100E-01   8.005953E-01  -1.830007E+01   1.817445E-01  -1.986983E+00        11
   1.714733E+03   1.264845E+06   8.005953E-01   8.005953E-01   8.984100E-01   8.005953E-01  -1.830361E+01   1.808596E-01  -1.986983E+00        11
   1.715733E+03   1.266436E+06   8.005953E-01   8.005953E-01   8.984100E-01   8.005953E-01  -1.830714E+01   1.799751E-01  -1.986983E+00        11
   1.716733E+03   1.268028E+06   8.005953E-01   8.005953E-01   8.984100E-01   8.005953E-01  -1.831068E+01   1.790913E-01  -1.986983E+00        11
   1.717733E+03   1.269621E+06   8.005953E-01   8.005953E-01   8.984100E-01   8.005953E-01  -1.831421E+01   1.782080E-01  -1.986983E+00        11
   1.718733E+03   1.271215E+06   8.005953E-01   8.005953E-01   8.984100E-01   8.005953E-01  -1.831774E+01   1.773252E-01  -1.986983E+00        11
   1.719733E+03   1.272810E+06   8.005953E-01   8.005953E-01   8.984100E-01   8.005953E-01  -1.832127E+01   1.764430E-01  -1.986983E+00        11
   1.720733E+03   1.274406E+06   8.005953E-01   8.005953E-01   8.984100E-01   8.005953E-01  -1.832480E+01   1.755614E-01  -1.986983E+00        11
   1.721733E+03   1.276003E+06   8.005953E-01   8.005953E-01   8.984100E-01   8.005953E-01  -1.832832E+01   1.746803E-01  -1.986983E+00        11
   1.722733E+03   1.277601E+06   8.005953E-01   8.005953E-01   8.984100E-01   8.005953E-01  -1.833185E+01   1.737997E-01  -1.986983E+00        11
   1.723733E+03   1.279200E+06   8.005953E-01   8.005953E-01   8.984100E-01   8.005953E-01  -1.833537E+01   1.729197E-01  -1.986983E+00        11
   1.724733E+03   1.280800E+06   8.005953E-01   8.005953E-01   8.984100E-01   8.005953E-01  -1.833888E+01   1.720403E-01  -1.986983E+00        11
   1.725733E+03   1.282401E+06   8.005953E-01   8.005953E-01   8.984100E-01   8.005953E-01  -1.834240E+01   1.711614E-01  -1.986983E+00        11
   1.726733E+03   1.284003E+06   8.005953E-01   8.005953E-01   8.984100E-01   8.005953E-01  -1.834591E+01   1.702830E-01  -1.986983E+00        11
   1.727733E+03   1.285606E+06   8.005953E-01   8.005953E-01   8.984100E-01   8.005953E-01  -1.834942E+01   1.694052E-01  -1.986983E+00        11
   1.728733E+03   1.287210E+06   8.005953E-01   8.005953E-01   8.984100E-01   8.005953E-01  -1.835293E+01   1.685280E-01  -1.986983E+00        11
   1.729733E+03   1.288815E+06   8.005953E-01   8.005953E-01   8.984100E-01   8.005953E-01  -1.835644E+01   1.676513E-01  -1.986983E+00        11
   1.730733E+03   1.290421E+06   8.005953E-01   8.005953E-01   8.984100E-01   8.005953E-01  -1.835994E+01   1.667751E-01  -1.986983E+00        11
   1.731733E+03   1.292028E+06   8.005953E-01   8.005953E-01   8.984100E-01   8.005953E-01  -1.836345E+01   1.658995E-01  -1.986983E+00        11
   1.732733E+03   1.293636E+06   8.005953E-01   8.005953E-01   8.984100E-01   8.005953E-01  -1.836695E+01   1.650244E-01  -1.986983E+00        11
   1.733733E+03   1.295245E+06   8.005953E-01   8.005953E-01   8.984100E-01   8.005953E-01  -1.837044E+01   1.641499E-01  -1.986983E+00        11
   1.734733E+03   1.296855E+06   8.005953E-01   8.005953E-01   8.984100E-01   8.005953E-01  -1.837394E+01   1.632759E-01  -1.986983E+00        11
   1.735733E+03   1.298466E+06   8.005953E-01   8.005953E-01   8.984100E-01   8.005953E-01  -1.837743E+01   1.624025E-01  -1.986983E+00        11
   1.736733E+03   1.300078E+06   8.005953E-01   8.005953E-01   8.984100E-01   8.005953E-01  -1.838093E+01   1.615296E-01  -1.986983E+00        11
   1.737733E+03   1.301691E+06   8.005953E-01   8.005953E-01   8.984100E-01   8.005953E-01  -1.838442E+01   1.606572E-01  -1.986983E+00        11
   1.738733E+03   1.303305E+06   8.005953E-01   8.005953E-01   8.984100E-01   8.005953E-01  -1.838790E+01   1.597854E-01  -1.986983E+00        11
   1.739733E+03   1.304920E+06   8.005953E-01   8.005953E-01   8.984100E-01   8.005953E-01  -1.839139E+01   1.589141E-01  -1.986983E+00        11
   1.740733E+03   1.306536E+06   8.005953E-01   8.005953E-01   8.984100E-01   8.005953E-01  -1.839487E+01   1.580434E-01  -1.986983E+00        11
   1.741733E+03   1.308153E+06   8.005953E-01   8.005953E-01   8.984100E-01   8.005953E-01  -1.839835E+01   1.571732E-01  -1.986983E+00        11
   1.742733E+03   1.309771E+06   8.005953E-01   8.005953E-01   8.984100E-01   8.005953E-01  -1.840183E+01   1.563035E-01  -1.986983E+00        11
   1.743733E+03   1.311390E+06   8.005953E-01   8.005953E-01   8.984100E-01   8.005953E-01  -1.840531E+01   1.554344E-01  -1.986983E+00        11
   1.744733E+03   1.313010E+06   8.005953E-01   8.005953E-01   8.984100E-01   8.005953E-01  -1.840878E+01   1.545658E-01  -1.986983E+00        11
   1.745733E+03   1.314631E+06   8.005953E-01   8.005953E-01   8.984100E-01   8.005953E-01  -1.841225E+01   1.536977E-01  -1.986983E+00        11
   1.746733E+03   1.316253E+06   8.005953E-01   8.005953E-01   8.984100E-01   8.005953E-01  -1.841572E+01   1.528302E-01  -1.986983E+00        11
   1.747733E+03   1.317876E+06   8.005953E-01   8.005953E-01   8.984100E-01   8.005953E-01  -1.841919E+01   1.519632E-01  -1.986983E+00        11
   1.748733E+03   1.319500E+06   8.005953E-01   8.005953E-01   8.984100E-01   8.005953E-01  -1.842266E+01   1.510968E-01  -1.986983E+00        11
   1.749733E+03   1.321125E+06   8.005953E-01   8.005953E-01   8.984100E-01   8.005953E-01  -1.842612E+01   1.502309E-01  -1.986983E+00        11
   1.750733E+03   1.322751E+06   8.005953E-01   8.005953E-01   8.984100E-01   8.005953E-01  -1.842958E+01   1.493655E-01  -1.986983E+00        11
   1.751733E+03   1.324378E+06   8.005953E-01   8.005953E-01   8.984100E-01   8.005953E-01  -1.843304E+01   1.485006E-01  -1.986983E+00        11
   1.752733E+03   1.326006E+06   8.005953E-01   8.005953E-01   8.984100E-01   8.005953E-01  -1.843650E+01   1.476363E-01  -1.986983E+00        11
   1.753733E+03   1.327635E+06   8.005953E-01   8.005953E-01   8.984100E-01   8.005953E-01  -1.843995E+01   1.467725E-01  -1.986983E+00        11
   1.754733E+03   1.329265E+06   8.005953E-01   8.005953E-01   8.984100E-01   8.005953E-01  -1.844341E+01   1.459093E-01  -1.986983E+00        11
   1.755733E+03   1.330896E+06   8.005953E-01   8.005953E-01   8.984100E-01   8.005953E-01  -1.844686E+01   1.450465E-01  -1.986983E+00        11
   1.756733E+03   1.332528E+06   8.005953E-01   8.005953E-01   8.984100E-01   8.005953E-01  -1.845031E+01   1.441843E-01  -1.986983E+00        11
   1.757733E+03   1.334161E+06   8.005953E-01   8.005953E-01   8.984100E-01   8.005953E-01  -1.845375E+01   1.433227E-01  -1.986983E+00        11
   1.758733E+03   1.335795E+06   8.005953E-01   8.005953E-01   8.984100E-01   8.005953E-01  -1.845720E+01   1.424615E-01  -1.986983E+00        11
   1.759733E+03   1.337430E+06   8.005953E-01   8.005953E-01   8.984100E-01   8.005953E-01  -1.846064E+01   1.416009E-01  -1.986983E+00        11
   1.760733E+03   1.339066E+06   8.005953E-01   8.005953E-01   8.984100E-01   8.005953E-01  -1.846408E+01   1.407408E-01  -1.986983E+00        11
   1.761733E+03   1.340703E+06   8.005953E-01   8.005953E-01   8.984100E-01   8.005953E-01  -1.846752E+01   1.398812E-01  -1.986983E+00        11
   1.762733E+03   1.342341E+06   8.005953E-01   8.005953E-01   8.984100E-01   8.005953E-01  -1.847096E+01   1.390222E-01  -1.986983E+00        11
   1.763733E+03   1.343980E+06   8.005953E-01   8.005953E-01   8.984100E-01   8.005953E-01  -1.847439E+01   1.381637E-01  -1.986983E+00        11
   1.764733E+03   1.345620E+06   8.005953E-01   8.005953E-01   8.984100E-01   8.005953E-01  -1.847782E+01   1.373057E-01  -1.986983E+00        11
   1.765733E+03   1.347261E+06   8.005953E-01   8.005953E-01   8.984100E-01   8.005953E-01  -1.848125E+01   1.364482E-01  -1.986983E+00        11
   1.766733E+03   1.348903E+06   8.005953E-01   8.005953E-01   8.984100E-01   8.005953E-01  -1.848468E+01   1.355912E-01  -1.986983E+00        11
   1.767733E+03   1.350546E+06   8.005953E-01   8.005953E-01   8.984100E-01   8.005953E-01  -1.848810E+01   1.347348E-01  -1.986983E+00        11
   1.768733E+03   1.352190E+06   8.005953E-01   8.005953E-01   8.984100E-01   8.005953E-01  -1.849153E+01   1.338789E-01  -1.986983E+00        11
   1.769733E+03   1.353835E+06   8.005953E-01   8.005953E-01   8.984100E-01   8.005953E-01  -1.849495E+01   1.330235E-01  -1.986983E+00        11
   1.770733E+03   1.355481E+06   8.005953E-01   8.005953E-01   8.984100E-01   8.005953E-01  -1.849837E+01   1.321686E-01  -1.986983E+00        11
   1.771733E+03   1.357128E+06   8.005953E-01   8.005953E-01   8.984100E-01   8.005953E-01  -1.850179E+01   1.313143E-01  -1.986983E+00        11
   1.772733E+03   1.358776E+06   8.005953E-01   8.005953E-01   8.984100E-01   8.005953E-01  -1.850520E+01   1.304605E-01  -1.986983E+00        11
   1.773733E+03   1.360425E+06   8.005953E-01   8.005953E-01   8.984100E-01   8.005953E-01  -1.850862E+01   1.296071E-01  -1.986983E+00        11
   1.774733E+03   1.362075E+06   8.005953E-01   8.005953E-01   8.984100E-01   8.005953E-01  -1.851203E+01   1.287543E-01  -1.986983E+00        11
   1.775733E+03   1.363726E+06   8.005953E-01   8.005953E-01   8.984100E-01   8.005953E-01  -1.851544E+01   1.279021E-01  -1.986983E+00        11
   1.776733E+03   1.365378E+06   8.005953E-01   8.005953E-01   8.984100E-01   8.005953E-01  -1.851884E+01   1.270503E-01  -1.986983E+00        11
   1.777733E+03   1.367031E+06   8.005953E-01   8.005953E-01   8.984100E-01   8.005953E-01  -1.852225E+01   1.261991E-01  -1.986983E+00        11
   1.778733E+03   1.368685E+06   8.005953E-01   8.005953E-01   8.984100E-01   8.005953E-01  -1.852565E+01   1.253483E-01  -1.986983E+00        11
   1.779733E+03   1.370340E+06   8.005953E-01   8.005953E-01   8.984100E-01   8.005953E-01  -1.852905E+01   1.244981E-01  -1.986983E+00        11
   1.780733E+03   1.371996E+06   8.005953E-01   8.005953E-01   8.984100E-01   8.005953E-01  -1.853245E+01   1.236484E-01  -1.986983E+00        11
   1.781733E+03   1.373653E+06   8.005953E-01   8.005953E-01   8.984100E-01   8.005953E-01  -1.853585E+01   1.227992E-01  -1.986983E+00        11
   1.782733E+03   1.375311E+06   8.005953E-01   8.005953E-01   8.984100E-01   8.005953E-01  -1.853924E+01   1.219505E-01  -1.986983E+00        11
   1.783733E+03   1.376970E+06   8.005953E-01   8.005953E-01   8.984100E-01   8.005953E-01  -1.854263E+01   1.211023E-01  -1.986983E+00        11
   1.784733E+03   1.378630E+06   8.005953E-01   8.005953E-01   8.984100E-01   8.005953E-01  -1.854603E+01   1.202547E-01  -1.986983E+00        11
   1.785733E+03   1.380291E+06   8.005953E-01   8.005953E-01   8.984100E-01   8.005953E-01  -1.854941E+01   1.194075E-01  -1.986983E+00        11
   1.786733E+03   1.381953E+06   8.005953E-01   8.005953E-01   8.984100E-01   8.005953E-01  -1.855280E+01   1.185609E-01  -1.986983E+00        11
   1.787733E+03   1.383616E+06   8.005953E-01   8.005953E-01   8.984100E-01   8.005953E-01  -1.855618E+01   1.177148E-01  -1.986983E+00        11
   1.788733E+03   1.385280E+06   8.005953E-01   8.005953E-01   8.984100E-01   8.005953E-01  -1.855957E+01   1.168691E-01  -1.986983E+00        11
   1.789733E+03   1.386945E+06   8.005953E-01   8.005953E-01   8.984100E-01   8.005953E-01  -1.856295E+01   1.160240E-01  -1.986983E+00        11
   1.790733E+03   1.388611E+06   8.005953E-01   8.005953E-01   8.984100E-01   8.005953E-01  -1.856633E+01   1.151794E-01  -1.986983E+00        11
   1.791733E+03   1.390278E+06   8.005953E-01   8.005953E-01   8.984100E-01   8.005953E-01  -1.856970E+01   1.143353E-01  -1.986983E+00        11
   1.792733E+03   1.391946E+06   8.005953E-01   8.005953E-01   8.984100E-01   8.005953E-01  -1.857308E+01   1.134917E-01  -1.986983E+00        11
   1.793733E+03   1.393615E+06   8.005953E-01   8.005953E-01   8.984100E-01   8.005953E-01  -1.857645E+01   1.126486E-01  -1.986983E+00        11
   1.794733E+03   1.395285E+06   8.005953E-01   8.005953E-01   8.984100E-01   8.005953E-01  -1.857982E+01   1.118061E-01  -1.986983E+00        11
   1.795733E+03   1.396956E+06   8.005953E-01   8.005953E-01   8.984100E-01   8.005953E-01  -1.858319E+01   1.109640E-01  -1.986983E+00        11
   1.796733E+03   1.398628E+06   8.005953E-01   8.005953E-01   8.984100E-01   8.005953E-01  -1.858655E+01   1.101224E-01  -1.986983E+00        11
   1.797733E+03   1.400301E+06   8.005953E-01   8.005953E-01   8.984100E-01   8.005953E-01  -1.858992E+01   1.092813E-01  -1.986983E+00        11
   1.798733E+03   1.401975E+06   8.005953E-01   8.005953E-01   8.984100E-01   8.005953E-01  -1.859328E+01   1.084408E-01  -1.986983E+00        11
   1.799733E+03   1.403650E+06   8.005953E-01   8.005953E-01   8.984100E-01   8.005953E-01  -1.859664E+01   1.076007E-01  -1.986983E+00        11
   1.800733E+03   1.405326E+06   8.005953E-01   8.005953E-01   8.984100E-01   8.005953E-01  -1.860000E+01   1.067611E-01  -1.986983E+00        11
   1.801733E+03   1.407003E+06   8.005953E-01   8.005953E-01   8.984100E-01   8.005953E-01  -1.860336E+01   1.059221E-01  -1.986983E+00        11
   1.802733E+03   1.408681E+06   8.005953E-01   8.005953E-01   8.984100E-01   8.005953E-01  -1.860671E+01   1.050835E-01  -1.986983E+00        11
   1.803733E+03   1.410360E+06   8.005953E-01   8.005953E-01   8.984100E-01   8.005953E-01  -1.861006E+01   1.042454E-01  -1.986983E+00        11
   1.804733E+03   1.412040E+06   8.005953E-01   8.005953E-01   8.984100E-01   8.005953E-01  -1.861341E+01   1.034079E-01  -1.986983E+00        11
   1.805733E+03   1.413721E+06   8.005953E-01   8.005953E-01   8.984100E-01   8.005953E-01  -1.861676E+01   1.025708E-01  -1.986983E+00        11
   1.806733E+03   1.415403E+06   8.005953E-01   8.005953E-01   8.984100E-01   8.005953E-01  -1.862011E+01   1.017342E-01  -1.986983E+00        11
   1.807733E+03   1.417086E+06   8.005953E-01   8.005953E-01   8.984100E-01   8.005953E-01  -1.862345E+01   1.008981E-01  -1.986983E+00        11
   1.808733E+03   1.418770E+06   8.005953E-01   8.005953E-01   8.984100E-01   8.005953E-01  -1.862679E+01   1.000626E-01  -1.986983E+00        11
   1.809733E+03   1.420455E+06   8.005953E-01   8.005953E-01   8.984100E-01   8.005953E-01  -1.863013E+01   9.922749E-02  -1.986983E+00        11
   1.810733E+03   1.422141E+06   8.005953E-01   8.005953E-01   8.984100E-01   8.005953E-01  -1.863347E+01   9.839290E-02  -1.986983E+00        11
   1.811733E+03   1.423828E+06   8.005953E-01   8.005953E-01   8.984100E-01   8.005953E-01  -1.863681E+01   9.755881E-02  -1.986983E+00        11
   1.812733E+03   1.425516E+06   8.005953E-01   8.005953E-01   8.984100E-01   8.005953E-01  -1.864014E+01   9.672521E-02  -1.986983E+00        11
   1.813733E+03   1.427205E+06   8.005953E-01   8.005953E-01   8.984100E-01   8.005953E-01  -1.864348E+01   9.589210E-02  -1.986983E+00        11
   1.814733E+03   1.428895E+06   8.005953E-01   8.005953E-01   8.984100E-01   8.005953E-01  -1.864681E+01   9.505949E-02  -1.986983E+00        11
   1.815733E+03   1.430586E+06   8.005953E-01   8.005953E-01   8.984100E-01   8.005953E-01  -1.865013E+01   9.422737E-02  -1.986983E+00        11
   1.816733E+03   1.432278E+06   8.005953E-01   8.005953E-01   8.984100E-01   8.005953E-01  -1.865346E+01   9.339575E-02  -1.986983E+00        11
   1.817733E+03   1.433971E+06   8.005953E-01   8.005953E-01   8.984100E-01   8.005953E-01  -1.865679E+01   9.256461E-02  -1.986983E+00        11
   1.818733E+03   1.435665E+06   8.005953E-01   8.005953E-01   8.984100E-01   8.005953E-01  -1.866011E+01   9.173396E-02  -1.986983E+00        11
   1.819733E+03   1.437360E+06   8.005953E-01   8.005953E-01   8.984100E-01   8.005953E-01  -1.866343E+01   9.090381E-02  -1.986983E+00        11
   1.820733E+03   1.439056E+06   8.005953E-01   8.005953E-01   8.984100E-01   8.005953E-01  -1.866675E+01   9.007414E-02  -1.986983E+00        11
   1.821733E+03   1.440753E+06   8.005953E-01   8.005953E-01   8.984100E-01   8.005953E-01  -1.867006E+01   8.924496E-02  -1.986983E+00        11
   1.822733E+03   1.442451E+06   8.005953E-01   8.005953E-01   8.984100E-01   8.005953E-01  -1.867338E+01   8.841627E-02  -1.986983E+00        11
   1.823733E+03   1.444150E+06   8.005953E-01   8.005953E-01   8.984100E-01   8.005953E-01  -1.867669E+01   8.758807E-02  -1.986983E+00        11
   1.824733E+03   1.445850E+06   8.005953E-01   8.005953E-01   8.984100E-01   8.005953E-01  -1.868000E+01   8.676036E-02  -1.986983E+00        11
   1.825733E+03   1.447551E+06   8.005953E-01   8.005953E-01   8.984100E-01   8.005953E-01  -1.868331E+01   8.593313E-02  -1.986983E+00        11
   1.826733E+03   1.449253E+06   8.005953E-01   8.005953E-01   8.984100E-01   8.005953E-01  -1.868662E+01   8.510639E-02  -1.986983E+00        11
   1.827733E+03   1.450956E+06   8.005953E-01   8.005953E-01   8.984100E-01   8.005953E-01  -1.868992E+01   8.428013E-02  -1.986983E+00        11
   1.828733E+03   1.452660E+06   8.005953E-01   8.005953E-01   8.984100E-01   8.005953E-01  -1.869323E+01   8.345436E-02  -1.986983E+00        11
   1.829733E+03   1.454365E+06   8.005953E-01   8.005953E-01   8.984100E-01   8.005953E-01  -1.869653E+01   8.262907E-02  -1.986983E+00        11
   1.830733E+03   1.456071E+06   8.005953E-01   8.005953E-01   8.984100E-01   8.005953E-01  -1.869983E+01   8.180427E-02  -1.986983E+00        11
   1.831733E+03   1.457778E+06   8.005953E-01   8.005953E-01   8.984100E-01   8.005953E-01  -1.870312E+01   8.097995E-02  -1.986983E+00        11
   1.832733E+03   1.459486E+06   8.005953E-01   8.005953E-01   8.984100E-01   8.005953E-01  -1.870642E+01   8.015611E-02  -1.986983E+00        11
   1.833733E+03   1.461195E+06   8.005953E-01   8.005953E-01   8.984100E-01   8.005953E-01  -1.870971E+01   7.933276E-02  -1.986983E+00        11
   1.834733E+03   1.462905E+06   8.005953E-01   8.005953E-01   8.984100E-01   8.005953E-01  -1.871300E+01   7.850988E-02  -1.986983E+00        11
   1.835733E+03   1.464616E+06   8.005953E-01   8.005953E-01   8.984100E-01   8.005953E-01  -1.871629E+01   7.768749E-02  -1.986983E+00        11
   1.836733E+03   1.466328E+06   8.005953E-01   8.005953E-01   8.984100E-01   8.005953E-01  -1.871958E+01   7.686558E-02  -1.986983E+00        11
   1.837733E+03   1.468041E+06   8.005953E-01   8.005953E-01   8.984100E-01   8.005953E-01  -1.872287E+01   7.604415E-02  -1.986983E+00        11
   1.838733E+03   1.469755E+06   8.005953E-01   8.005953E-01   8.984100E-01   8.005953E-01  -1.872615E+01   7.522319E-02  -1.986983E+00        11
   1.839733E+03   1.471470E+06   8.005953E-01   8.005953E-01   8.984100E-01   8.005953E-01  -1.872943E+01   7.440272E-02  -1.986983E+00        11
   1.840733E+03   1.473186E+06   8.005953E-01   8.005953E-01   8.984100E-01   8.005953E-01  -1.873271E+01   7.358272E-02  -1.986983E+00        11
   1.841733E+03   1.474903E+06   8.005953E-01   8.005953E-01   8.984100E-01   8.005953E-01  -1.873599E+01   7.276320E-02  -1.986983E+00        11
   1.842733E+03   1.476621E+06   8.005953E-01   8.005953E-01   8.984100E-01   8.005953E-01  -1.873927E+01   7.194416E-02  -1.986983E+00        11
   1.843733E+03   1.478340E+06   8.005953E-01   8.005953E-01   8.984100E-01   8.005953E-01  -1.874254E+01   7.112560E-02  -1.986983E+00        11
   1.844733E+03   1.480060E+06   8.005953E-01   8.005953E-01   8.984100E-01   8.005953E-01  -1.874581E+01   7.030751E-02  -1.986983E+00        11
   1.845733E+03   1.481781E+06   8.005953E-01   8.005953E-01   8.984100E-01   8.005953E-01  -1.874908E+01   6.948989E-02  -1.986983E+00        11
   1.846733E+03   1.483503E+06   8.005953E-01   8.005953E-01   8.984100E-01   8.005953E-01  -1.875235E+01   6.867275E-02  -1.986983E+00        11
   1.847733E+03   1.485226E+06   8.005953E-01   8.005953E-01   8.984100E-01   8.005953E-01  -1.875562E+01   6.785609E-02  -1.986983E+00        11
   1.848733E+03   1.486950E+06   8.005953E-01   8.005953E-01   8.984100E-01   8.005953E-01  -1.875888E+01   6.703990E-02  -1.986983E+00        11
   1.849733E+03   1.488675E+06   8.005953E-01   8.005953E-01   8.984100E-01   8.005953E-01  -1.876215E+01   6.622418E-02  -1.986983E+00        11
   1.850733E+03   1.490401E+06   8.005953E-01   8.005953E-01   8.984100E-01   8.005953E-01  -1.876541E+01   6.540893E-02  -1.986983E+00        11
   1.851733E+03   1.492128E+06   8.005953E-01   8.005953E-01   8.984100E-01   8.005953E-01  -1.876867E+01   6.459416E-02  -1.986983E+00        11
   1.852733E+03   1.493856E+06   8.005953E-01   8.005953E-01   8.984100E-01   8.005953E-01  -1.877192E+01   6.377986E-02  -1.986983E+00        11
   1.853733E+03   1.495585E+06   8.005953E-01   8.005953E-01   8.984100E-01   8.005953E-01  -1.877518E+01   6.296602E-02  -1.986983E+00        11
   1.854733E+03   1.497315E+06   8.005953E-01   8.005953E-01   8.984100E-01   8.005953E-01  -1.877843E+01   6.215266E-02  -1.986983E+00        11
   1.855733E+03   1.499046E+06   8.005953E-01   8.005953E-01   8.984100E-01   8.005953E-01  -1.878168E+01   6.133977E-02  -1.986983E+00        11
   1.856733E+03   1.500778E+06   8.005953E-01   8.005953E-01   8.984100E-01   8.005953E-01  -1.878493E+01   6.052735E-02  -1.986983E+00        11
   1.857733E+03   1.502511E+06   8.005953E-01   8.005953E-01   8.984100E-01   8.005953E-01  -1.878818E+01   5.971540E-02  -1.986983E+00        11
   1.858733E+03   1.504245E+06   8.005953E-01   8.005953E-01   8.984100E-01   8.005953E-01  -1.879143E+01   5.890391E-02  -1.986983E+00        11
   1.859733E+03   1.505980E+06   8.005953E-01   8.005953E-01   8.984100E-01   8.005953E-01  -1.879467E+01   5.809290E-02  -1.986983E+00        11
   1.860733E+03   1.507716E+06   8.005953E-01   8.005953E-01   8.984100E-01   8.005953E-01  -1.879791E+01   5.728235E-02  -1.986983E+00        11
   1.861733E+03   1.509453E+06   8.005953E-01   8.005953E-01   8.984100E-01   8.005953E-01  -1.880115E+01   5.647226E-02  -1.986983E+00        11
   1.862733E+03   1.511191E+06   8.005953E-01   8.005953E-01   8.984100E-01   8.005953E-01  -1.880439E+01   5.566265E-02  -1.986983E+00        11
   1.863733E+03   1.512930E+06   8.005953E-01   8.005953E-01   8.984100E-01   8.005953E-01  -1.880763E+01   5.485350E-02  -1.986983E+00        11
   1.864733E+03   1.514670E+06   8.005953E-01   8.005953E-01   8.984100E-01   8.005953E-01  -1.881086E+01   5.404481E-02  -1.986983E+00        11
   1.865733E+03   1.516411E+06   8.005953E-01   8.005953E-01   8.984100E-01   8.005953E-01  -1.881410E+01   5.323659E-02  -1.986983E+00        11
   1.866733E+03   1.518153E+06   8.005953E-01   8.005953E-01   8.984100E-01   8.005953E-01  -1.881733E+01   5.242883E-02  -1.986983E+00        11
   1.867733E+03   1.519896E+06   8.005953E-01   8.005953E-01   8.984100E-01   8.005953E-01  -1.882056E+01   5.162154E-02  -1.986983E+00        11
   1.868733E+03   1.521640E+06   8.005953E-01   8.005953E-01   8.984100E-01   8.005953E-01  -1.882379E+01   5.081470E-02  -1.986983E+00        11
   1.869733E+03   1.523385E+06   8.005953E-01   8.005953E-01   8.984100E-01   8.005953E-01  -1.882701E+01   5.000833E-02  -1.986983E+00        11
   1.870733E+03   1.525131E+06   8.005953E-01   8.005953E-01   8.984100E-01   8.005953E-01  -1.883023E+01   4.920243E-02  -1.986983E+00        11
   1.871733E+03   1.526878E+06   8.005953E-01   8.005953E-01   8.984100E-01   8.005953E-01  -1.883346E+01   4.839698E-02  -1.986983E+00        11
   1.872733E+03   1.528626E+06   8.005953E-01   8.005953E-01   8.984100E-01   8.005953E-01  -1.883668E+01   4.759200E-02  -1.986983E+00        11
   1.873733E+03   1.530375E+06   8.005953E-01   8.005953E-01   8.984100E-01   8.005953E-01  -1.883989E+01   4.678747E-02  -1.986983E+00        11
   1.874733E+03   1.532125E+06   8.005953E-01   8.005953E-01   8.984100E-01   8.005953E-01  -1.884311E+01   4.598341E-02  -1.986983E+00        11
   1.875733E+03   1.533876E+06   8.005953E-01   8.005953E-01   8.984100E-01   8.005953E-01  -1.884632E+01   4.517980E-02  -1.986983E+00        11
   1.876733E+03   1.535628E+06   8.005953E-01   8.005953E-01   8.984100E-01   8.005953E-01  -1.884954E+01   4.437665E-02  -1.986983E+00        11
   1.877733E+03   1.537381E+06   8.005953E-01   8.005953E-01   8.984100E-01   8.005953E-01  -1.885275E+01   4.357396E-02  -1.986983E+00        11
   1.878733E+03   1.539135E+06   8.005953E-01   8.005953E-01   8.984100E-01   8.005953E-01  -1.885596E+01   4.277173E-02  -1.986983E+00        11
   1.879733E+03   1.540890E+06   8.005953E-01   8.005953E-01   8.984100E-01   8.005953E-01  -1.885916E+01   4.196996E-02  -1.986983E+00        11
   1.880733E+03   1.542646E+06   8.005953E-01   8.005953E-01   8.984100E-01   8.005953E-01  -1.886237E+01   4.116864E-02  -1.986983E+00        11
   1.881733E+03   1.544403E+06   8.005953E-01   8.005953E-01   8.984100E-01   8.005953E-01  -1.886557E+01   4.036778E-02  -1.986983E+00        11
   1.882733E+03   1.546161E+06   8.005953E-01   8.005953E-01   8.984100E-01   8.005953E-01  -1.886877E+01   3.956737E-02  -1.986983E+00        11
   1.883733E+03   1.547920E+06   8.005953E-01   8.005953E-01   8.984100E-01   8.005953E-01  -1.887197E+01   3.876742E-02  -1.986983E+00        11
   1.884733E+03   1.549680E+06   8.005953E-01   8.005953E-01   8.984100E-01   8.005953E-01  -1.887517E+01   3.796792E-02  -1.986983E+00        11
   1.885733E+03   1.551441E+06   8.005953E-01   8.005953E-01   8.984100E-01   8.005953E-01  -1.887837E+01   3.716888E-02  -1.986983E+00        11
   1.886733E+03   1.553203E+06   8.005953E-01   8.005953E-01   8.984100E-01   8.005953E-01  -1.888156E+01   3.637029E-02  -1.986983E+00        11
   1.887733E+03   1.554966E+06   8.005953E-01   8.005953E-01   8.984100E-01   8.005953E-01  -1.888476E+01   3.557216E-02  -1.986983E+00        11
   1.888733E+03   1.556730E+06   8.005953E-01   8.005953E-01   8.984100E-01   8.005953E-01  -1.888795E+01   3.477447E-02  -1.986983E+00        11
   1.889733E+03   1.558495E+06   8.005953E-01   8.005953E-01   8.984100E-01   8.005953E-01  -1.889113E+01   3.397724E-02  -1.986983E+00        11
   1.890733E+03   1.560261E+06   8.005953E-01   8.005953E-01   8.984100E-01   8.005953E-01  -1.889432E+01   3.318046E-02  -1.986983E+00        11
   1.891733E+03   1.562028E+06   8.005953E-01   8.005953E-01   8.984100E-01   8.005953E-01  -1.889751E+01   3.238413E-02  -1.986983E+00        11
   1.892733E+03   1.563796E+06   8.005953E-01   8.005953E-01   8.984100E-01   8.005953E-01  -1.890069E+01   3.158825E-02  -1.986983E+00        11
   1.893733E+03   1.565565E+06   8.005953E-01   8.005953E-01   8.984100E-01   8.005953E-01  -1.890387E+01   3.079282E-02  -1.986983E+00        11
   1.894733E+03   1.567335E+06   8.005953E-01   8.005953E-01   8.984100E-01   8.005953E-01  -1.890705E+01   2.999784E-02  -1.986983E+00        11
   1.895733E+03   1.569106E+06   8.005953E-01   8.005953E-01   8.984100E-01   8.005953E-01  -1.891023E+01   2.920331E-02  -1.986983E+00        11
   1.896733E+03   1.570878E+06   8.005953E-01   8.005953E-01   8.984100E-01   8.005953E-01  -1.891341E+01   2.840923E-02  -1.986983E+00        11
   1.897733E+03   1.572651E+06   8.005953E-01   8.005953E-01   8.984100E-01   8.005953E-01  -1.891658E+01   2.761559E-02  -1.986983E+00        11
   1.898733E+03   1.574425E+06   8.005953E-01   8.005953E-01   8.984100E-01   8.005953E-01  -1.891975E+01   2.682241E-02  -1.986983E+00        11
   1.899733E+03   1.576200E+06   8.005953E-01   8.005953E-01   8.984100E-01   8.005953E-01  -1.892293E+01   2.602967E-02  -1.986983E+00        11
   1.900733E+03   1.577976E+06   8.005953E-01   8.005953E-01   8.984100E-01   8.005953E-01  -1.892609E+01   2.523737E-02  -1.986983E+00        11
   1.901733E+03   1.579753E+06   8.005953E-01   8.005953E-01   8.984100E-01   8.005953E-01  -1.892926E+01   2.444552E-02  -1.986983E+00        11
   1.902733E+03   1.581531E+06   8.005953E-01   8.005953E-01   8.984100E-01   8.005953E-01  -1.893243E+01   2.365412E-02  -1.986983E+00        11
   1.903733E+03   1.583310E+06   8.005953E-01   8.005953E-01   8.984100E-01   8.005953E-01  -1.893559E+01   2.286316E-02  -1.986983E+00        11
   1.904733E+03   1.585090E+06   8.005953E-01   8.005953E-01   8.984100E-01   8.005953E-01  -1.893875E+01   2.207265E-02  -1.986983E+00        11
   1.905733E+03   1.586871E+06   8.005953E-01   8.005953E-01   8.984100E-01   8.005953E-01  -1.894191E+01   2.128258E-02  -1.986983E+00        11
   1.906733E+03   1.588653E+06   8.005953E-01   8.005953E-01   8.984100E-01   8.005953E-01  -1.894507E+01   2.049295E-02  -1.986983E+00        11
   1.907733E+03   1.590436E+06   8.005953E-01   8.005953E-01   8.984100E-01   8.005953E-01  -1.894823E+01   1.970377E-02  -1.986983E+00        11
   1.908733E+03   1.592220E+06   8.005953E-01   8.005953E-01   8.984100E-01   8.005953E-01  -1.895138E+01   1.891503E-02  -1.986983E+00        11
   1.909733E+03   1.594005E+06   8.005953E-01   8.005953E-01   8.984100E-01   8.005953E-01  -1.895454E+01   1.812673E-02  -1.986983E+00        11
   1.910733E+03   1.595791E+06   8.005953E-01   8.005953E-01   8.984100E-01   8.005953E-01  -1.895769E+01   1.733887E-02  -1.986983E+00        11
   1.911733E+03   1.597578E+06   8.005953E-01   8.005953E-01   8.984100E-01   8.005953E-01  -1.896084E+01   1.655145E-02  -1.986983E+00        11
   1.912733E+03   1.599366E+06   8.005953E-01   8.005953E-01   8.984100E-01   8.005953E-01  -1.896399E+01   1.576448E-02  -1.986983E+00        11
   1.913733E+03   1.601155E+06   8.005953E-01   8.005953E-01   8.984100E-01   8.005953E-01  -1.896713E+01   1.497794E-02  -1.986983E+00        11
   1.914733E+03   1.602945E+06   8.005953E-01   8.005953E-01   8.984100E-01   8.005953E-01  -1.897028E+01   1.419184E-02  -1.986983E+00        11
   1.915733E+03   1.604736E+06   8.005953E-01   8.005953E-01   8.984100E-01   8.005953E-01  -1.897342E+01   1.340619E-02  -1.986983E+00        11
   1.916733E+03   1.606528E+06   8.005953E-01   8.005953E-01   8.984100E-01   8.005953E-01  -1.897656E+01   1.262097E-02  -1.986983E+00        11
   1.917733E+03   1.608321E+06   8.005953E-01   8.005953E-01   8.984100E-01   8.005953E-01  -1.897970E+01   1.183618E-02  -1.986983E+00        11
   1.918733E+03   1.610115E+06   8.005953E-01   8.005953E-01   8.984100E-01   8.005953E-01  -1.898284E+01   1.105184E-02  -1.986983E+00        11
   1.919733E+03   1.611910E+06   8.005953E-01   8.005953E-01   8.984100E-01   8.005953E-01  -1.898597E+01   1.026793E-02  -1.986983E+00        11
   1.920733E+03   1.613706E+06   8.005953E-01   8.005953E-01   8.984100E-01   8.005953E-01  -1.898911E+01   9.484460E-03  -1.986983E+00        11
   1.921733E+03   1.615503E+06   8.005953E-01   8.005953E-01   8.984100E-01   8.005953E-01  -1.899224E+01   8.701425E-03  -1.986983E+00        11
   1.922733E+03   1.617301E+06   8.005953E-01   8.005953E-01   8.984100E-01   8.005953E-01  -1.899537E+01   7.918825E-03  -1.986983E+00        11
   1.923733E+03   1.619100E+06   8.005953E-01   8.005953E-01   8.984100E-01   8.005953E-01  -1.899850E+01   7.136661E-03  -1.986983E+00        11
   1.924733E+03   1.620900E+06   8.005953E-01   8.005953E-01   8.984100E-01   8.005953E-01  -1.900162E+01   6.354931E-03  -1.986983E+00        11
   1.925733E+03   1.622701E+06   8.005953E-01   8.005953E-01   8.984100E-01   8.005953E-01  -1.900475E+01   5.573635E-03  -1.986983E+00        11
   1.926733E+03   1.624503E+06   8.005953E-01   8.005953E-01   8.984100E-01   8.005953E-01  -1.900787E+01   4.792772E-03  -1.986983E+00        11
   1.927733E+03   1.626306E+06   8.005953E-01   8.005953E-01   8.984100E-01   8.005953E-01  -1.901099E+01   4.012343E-03  -1.986983E+00        11
   1.928733E+03   1.628110E+06   8.005953E-01   8.005953E-01   8.984100E-01   8.005953E-01  -1.901411E+01   3.232346E-03  -1.986983E+00        11
   1.929733E+03   1.629915E+06   8.005953E-01   8.005953E-01   8.984100E-01   8.005953E-01  -1.901723E+01   2.452781E-03  -1.986983E+00        11
   1.930733E+03   1.631721E+06   8.005953E-01   8.005953E-01   8.984100E-01   8.005953E-01  -1.902035E+01   1.673648E-03  -1.986983E+00        11
   1.931733E+03   1.633528E+06   8.005953E-01   8.005953E-01   8.984100E-01   8.005953E-01  -1.902346E+01   8.949465E-04  -1.986983E+00        11
   1.932733E+03   1.635336E+06   8.005953E-01   8.005953E-01   8.984100E-01   8.005953E-01  -1.902658E+01   1.166754E-04  -1.986983E+00        11
   1.933733E+03   1.637145E+06   8.005953E-01   8.005953E-01   8.984100E-01   8.005953E-01  -1.902969E+01  -6.611655E-04  -1.986983E+00        11
   1.934733E+03   1.638955E+06   8.005953E-01   8.005953E-01   8.984100E-01   8.005953E-01  -1.903280E+01  -1.438577E-03  -1.986983E+00        11
   1.935733E+03   1.640766E+06   8.005953E-01   8.005953E-01   8.984100E-01   8.005953E-01  -1.903591E+01  -2.215559E-03  -1.986983E+00        11
   1.936733E+03   1.642578E+06   8.005953E-01   8.005953E-01   8.984100E-01   8.005953E-01  -1.903901E+01  -2.992112E-03  -1.986983E+00        11
   1.937733E+03   1.644391E+06   8.005953E-01   8.005953E-01   8.984100E-01   8.005953E-01  -1.904212E+01  -3.768236E-03  -1.986983E+00        11
   1.938733E+03   1.646205E+06   8.005953E-01   8.005953E-01   8.984100E-01   8.005953E-01  -1.904522E+01  -4.543933E-03  -1.986983E+00        11
   1.939733E+03   1.648020E+06   8.005953E-01   8.005953E-01   8.984100E-01   8.005953E-01  -1.904832E+01  -5.319203E-03  -1.986983E+00        11
   1.940733E+03   1.649836E+06   8.005953E-01   8.005953E-01   8.984100E-01   8.005953E-01  -1.905142E+01  -6.094045E-03  -1.986983E+00        11
   1.941733E+03   1.651653E+06   8.005953E-01   8.005953E-01   8.984100E-01   8.005953E-01  -1.905452E+01  -6.868462E-03  -1.986983E+00        11
   1.942733E+03   1.653471E+06   8.005953E-01   8.005953E-01   8.984100E-01   8.005953E-01  -1.905761E+01  -7.642452E-03  -1.986983E+00        11
   1.943733E+03   1.655290E+06   8.005953E-01   8.005953E-01   8.984100E-01   8.005953E-01  -1.906071E+01  -8.416016E-03  -1.986983E+00        11
   1.944733E+03   1.657110E+06   8.005953E-01   8.005953E-01   8.984100E-01   8.005953E-01  -1.906380E+01  -9.189156E-03  -1.986983E+00        11
   1.945733E+03   1.658931E+06   8.005953E-01   8.005953E-01   8.984100E-01   8.005953E-01  -1.906689E+01  -9.961871E-03  -1.986983E+00        11
   1.946733E+03   1.660753E+06   8.005953E-01   8.005953E-01   8.984100E-01   8.005953E-01  -1.906998E+01  -1.073416E-02  -1.986983E+00        11
   1.947733E+03   1.662576E+06   8.005953E-01   8.005953E-01   8.984100E-01   8.005953E-01  -1.907307E+01  -1.150603E-02  -1.986983E+00        11
   1.948733E+03   1.664400E+06   8.005953E-01   8.005953E-01   8.984100E-01   8.005953E-01  -1.907615E+01  -1.227747E-02  -1.986983E+00        11
   1.949733E+03   1.666225E+06   8.005953E-01   8.005953E-01   8.984100E-01   8.005953E-01  -1.907924E+01  -1.304850E-02  -1.986983E+00        11
   1.950733E+03   1.668051E+06   8.005953E-01   8.005953E-01   8.984100E-01   8.005953E-01  -1.908232E+01  -1.381909E-02  -1.986983E+00        11
   1.951733E+03   1.669878E+06   8.005953E-01   8.005953E-01   8.984100E-01   8.005953E-01  -1.908540E+01  -1.458927E-02  -1.986983E+00        11
   1.952733E+03   1.671706E+06   8.005953E-01   8.005953E-01   8.984100E-01   8.005953E-01  -1.908848E+01  -1.535903E-02  -1.986983E+00        11
   1.953733E+03   1.673535E+06   8.005953E-01   8.005953E-01   8.984100E-01   8.005953E-01  -1.909156E+01  -1.612836E-02  -1.986983E+00        11
   1.954733E+03   1.675365E+06   8.005953E-01   8.005953E-01   8.984100E-01   8.005953E-01  -1.909463E+01  -1.689728E-02  -1.986983E+00        11
   1.955733E+03   1.677196E+06   8.005953E-01   8.005953E-01   8.984100E-01   8.005953E-01  -1.909771E+01  -1.766577E-02  -1.986983E+00        11
   1.956733E+03   1.679028E+06   8.005953E-01   8.005953E-01   8.984100E-01   8.005953E-01  -1.910078E+01  -1.843385E-02  -1.986983E+00        11
   1.957733E+03   1.680861E+06   8.005953E-01   8.005953E-01   8.984100E-01   8.005953E-01  -1.910385E+01  -1.920150E-02  -1.986983E+00        11
   1.958733E+03   1.682695E+06   8.005953E-01   8.005953E-01   8.984100E-01   8.005953E-01  -1.910692E+01  -1.996874E-02  -1.986983E+00        11
   1.959733E+03   1.684530E+06   8.005953E-01   8.005953E-01   8.984100E-01   8.005953E-01  -1.910999E+01  -2.073556E-02  -1.986983E+00        11
   1.960733E+03   1.686366E+06   8.005953E-01   8.005953E-01   8.984100E-01   8.005953E-01  -1.911305E+01  -2.150196E-02  -1.986983E+00        11
   1.961733E+03   1.688203E+06   8.005953E-01   8.005953E-01   8.984100E-01   8.005953E-01  -1.911612E+01  -2.226795E-02  -1.986983E+00        11
   1.962733E+03   1.690041E+06   8.005953E-01   8.005953E-01   8.984100E-01   8.005953E-01  -1.911918E+01  -2.303352E-02  -1.986983E+00        11
   1.963733E+03   1.691880E+06   8.005953E-01   8.005953E-01   8.984100E-01   8.005953E-01  -1.912224E+01  -2.379867E-02  -1.986983E+00        11
   1.964733E+03   1.693720E+06   8.005953E-01   8.005953E-01   8.984100E-01   8.005953E-01  -1.912530E+01  -2.456341E-02  -1.986983E+00        11
   1.965733E+03   1.695561E+06   8.005953E-01   8.005953E-01   8.984100E-01   8.005953E-01  -1.912835E+01  -2.532773E-02  -1.986983E+00        11
   1.966733E+03   1.697403E+06   8.005953E-01   8.005953E-01   8.984100E-01   8.005953E-01  -1.913141E+01  -2.609163E-02  -1.986983E+00        11
   1.967733E+03   1.699246E+06   8.005953E-01   8.005953E-01   8.984100E-01   8.005953E-01  -1.913446E+01  -2.685512E-02  -1.986983E+00        11
   1.968733E+03   1.701090E+06   8.005953E-01   8.005953E-01   8.984100E-01   8.005953E-01  -1.913752E+01  -2.761820E-02  -1.986983E+00        11
   1.969733E+03   1.702935E+06   8.005953E-01   8.005953E-01   8.984100E-01   8.005953E-01  -1.914057E+01  -2.838086E-02  -1.986983E+00        11
   1.970733E+03   1.704781E+06   8.005953E-01   8.005953E-01   8.984100E-01   8.005953E-01  -1.914362E+01  -2.914311E-02  -1.986983E+00        11
   1.971733E+03   1.706628E+06   8.005953E-01   8.005953E-01   8.984100E-01   8.005953E-01  -1.914666E+01  -2.990495E-02  -1.986983E+00        11
   1.972733E+03   1.708476E+06   8.005953E-01   8.005953E-01   8.984100E-01   8.005953E-01  -1.914971E+01  -3.066638E-02  -1.986983E+00        11
   1.973733E+03   1.710325E+06   8.005953E-01   8.005953E-01   8.984100E-01   8.005953E-01  -1.915275E+01  -3.142739E-02  -1.986983E+00        11
   1.974733E+03   1.712175E+06   8.005953E-01   8.005953E-01   8.984100E-01   8.005953E-01  -1.915580E+01  -3.218799E-02  -1.986983E+00        11
   1.975733E+03   1.714026E+06   8.005953E-01   8.005953E-01   8.984100E-01   8.005953E-01  -1.915884E+01  -3.294818E-02  -1.986983E+00        11
   1.976733E+03   1.715878E+06   8.005953E-01   8.005953E-01   8.984100E-01   8.005953E-01  -1.916188E+01  -3.370796E-02  -1.986983E+00        11
   1.977733E+03   1.717731E+06   8.005953E-01   8.005953E-01   8.984100E-01   8.005953E-01  -1.916491E+01  -3.446734E-02  -1.986983E+00        11
   1.978733E+03   1.719585E+06   8.005953E-01   8.005953E-01   8.984100E-01   8.005953E-01  -1.916795E+01  -3.522630E-02  -1.986983E+00        11
   1.979733E+03   1.721440E+06   8.005953E-01   8.005953E-01   8.984100E-01   8.005953E-01  -1.917098E+01  -3.598485E-02  -1.986983E+00        11
   1.980733E+03   1.723296E+06   8.005953E-01   8.005953E-01   8.984100E-01   8.005953E-01  -1.917402E+01  -3.674299E-02  -1.986983E+00        11
   1.981733E+03   1.725153E+06   8.005953E-01   8.005953E-01   8.984100E-01   8.005953E-01  -1.917705E+01  -3.750073E-02  -1.986983E+00        11
   1.982733E+03   1.727011E+06   8.005953E-01   8.005953E-01   8.984100E-01   8.005953E-01  -1.918008E+01  -3.825805E-02  -1.986983E+00        11
   1.983733E+03   1.728870E+06   8.005953E-01   8.005953E-01   8.984100E-01   8.005953E-01  -1.918310E+01  -3.901497E-02  -1.986983E+00        11
   1.984733E+03   1.730730E+06   8.005953E-01   8.005953E-01   8.984100E-01   8.005953E-01  -1.918613E+01  -3.977149E-02  -1.986983E+00        11
   1.985733E+03   1.732591E+06   8.005953E-01   8.005953E-01   8.984100E-01   8.005953E-01  -1.918915E+01  -4.052759E-02  -1.986983E+00        11
   1.986733E+03   1.734453E+06   8.005953E-01   8.005953E-01   8.984100E-01   8.005953E-01  -1.919218E+01  -4.128329E-02  -1.986983E+00        11
   1.987733E+03   1.736316E+06   8.005953E-01   8.005953E-01   8.984100E-01   8.005953E-01  -1.919520E+01  -4.203859E-02  -1.986983E+00        11
   1.988733E+03   1.738180E+06   8.005953E-01   8.005953E-01   8.984100E-01   8.005953E-01  -1.919822E+01  -4.279348E-02  -1.986983E+00        11
   1.989733E+03   1.740045E+06   8.005953E-01   8.005953E-01   8.984100E-01   8.005953E-01  -1.920124E+01  -4.354796E-02  -1.986983E+00        11
   1.990733E+03   1.741911E+06   8.005953E-01   8.005953E-01   8.984100E-01   8.005953E-01  -1.920425E+01  -4.430204E-02  -1.986983E+00        11
   1.991733E+03   1.743778E+06   8.005953E-01   8.005953E-01   8.984100E-01   8.005953E-01  -1.920727E+01  -4.505572E-02  -1.986983E+00        11
   1.992733E+03   1.745646E+06   8.005953E-01   8.005953E-01   8.984100E-01   8.005953E-01  -1.921028E+01  -4.580899E-02  -1.986983E+00        11
   1.993733E+03   1.747515E+06   8.005953E-01   8.005953E-01   8.984100E-01   8.005953E-01  -1.921329E+01  -4.656186E-02  -1.986983E+00        11
   1.994733E+03   1.749385E+06   8.005953E-01   8.005953E-01   8.984100E-01   8.005953E-01  -1.921630E+01  -4.731433E-02  -1.986983E+00        11
   1.995733E+03   1.751256E+06   8.005953E-01   8.005953E-01   8.984100E-01   8.005953E-01  -1.921931E+01  -4.806640E-02  -1.986983E+00        11
   1.996733E+03   1.753128E+06   8.005953E-01   8.005953E-01   8.984100E-01   8.005953E-01  -1.922232E+01  -4.881806E-02  -1.986983E+00        11
   1.997733E+03   1.755001E+06   8.005953E-01   8.005953E-01   8.984100E-01   8.005953E-01  -1.922532E+01  -4.956932E-02  -1.986983E+00        11
   1.998733E+03   1.756875E+06   8.005953E-01   8.005953E-01   8.984100E-01   8.005953E-01  -1.922832E+01  -5.032018E-02  -1.986983E+00        11
   1.999733E+03   1.758750E+06   8.005953E-01   8.005953E-01   8.984100E-01   8.005953E-01  -1.923133E+01  -5.107064E-02  -1.986983E+00        11
   2.000733E+03   1.760626E+06   8.005953E-01   8.005953E-01   8.984100E-01   8.005953E-01  -1.923433E+01  -5.182071E-02  -1.986983E+00        11
   2.001733E+03   1.762503E+06   8.005953E-01   8.005953E-01   8.984100E-01   8.005953E-01  -1.923733E+01  -5.257037E-02  -1.986983E+00        11
   2.002733E+03   1.764381E+06   8.005953E-01   8.005953E-01   8.984100E-01   8.005953E-01  -1.924032E+01  -5.331963E-02  -1.986983E+00        11
   2.003733E+03   1.766260E+06   8.005953E-01   8.005953E-01   8.984100E-01   8.005953E-01  -1.924332E+01  -5.406849E-02  -1.986983E+00        11
   2.004733E+03   1.768140E+06   8.005953E-01   8.005953E-01   8.984100E-01   8.005953E-01  -1.924631E+01  -5.481696E-02  -1.986983E+00        11
   2.005733E+03   1.770021E+06   8.005953E-01   8.005953E-01   8.984100E-01   8.005953E-01  -1.924930E+01  -5.556502E-02  -1.986983E+00        11
   2.006733E+03   1.771903E+06   8.005953E-01   8.005953E-01   8.984100E-01   8.005953E-01  -1.925229E+01  -5.631269E-02  -1.986983E+00        11
   2.007733E+03   1.773786E+06   8.005953E-01   8.005953E-01   8.984100E-01   8.005953E-01  -1.925528E+01  -5.705997E-02  -1.986983E+00        11
   2.008733E+03   1.775670E+06   8.005953E-01   8.005953E-01   8.984100E-01   8.005953E-01  -1.925827E+01  -5.780684E-02  -1.986983E+00        11
   2.009733E+03   1.777555E+06   8.005953E-01   8.005953E-01   8.984100E-01   8.005953E-01  -1.926126E+01  -5.855332E-02  -1.986983E+00        11
   2.010733E+03   1.779441E+06   8.005953E-01   8.005953E-01   8.984100E-01   8.005953E-01  -1.926424E+01  -5.929941E-02  -1.986983E+00        11
   2.011733E+03   1.781328E+06   8.005953E-01   8.005953E-01   8.984100E-01   8.005953E-01  -1.926722E+01  -6.004509E-02  -1.986983E+00        11
   2.012733E+03   1.783216E+06   8.005953E-01   8.005953E-01   8.984100E-01   8.005953E-01  -1.927021E+01  -6.079039E-02  -1.986983E+00        11
   2.013733E+03   1.785105E+06   8.005953E-01   8.005953E-01   8.984100E-01   8.005953E-01  -1.927319E+01  -6.153529E-02  -1.986983E+00        11
   2.014733E+03   1.786995E+06   8.005953E-01   8.005953E-01   8.984100E-01   8.005953E-01  -1.927616E+01  -6.227979E-02  -1.986983E+00        11
   2.015733E+03   1.788886E+06   8.005953E-01   8.005953E-01   8.984100E-01   8.005953E-01  -1.927914E+01  -6.302390E-02  -1.986983E+00        11
   2.016733E+03   1.790778E+06   8.005953E-01   8.005953E-01   8.984100E-01   8.005953E-01  -1.928211E+01  -6.376762E-02  -1.986983E+00        11
   2.017733E+03   1.792671E+06   8.005953E-01   8.005953E-01   8.984100E-01   8.005953E-01  -1.928509E+01  -6.451095E-02  -1.986983E+00        11
   2.018733E+03   1.794565E+06   8.005953E-01   8.005953E-01   8.984100E-01   8.005953E-01  -1.928806E+01  -6.525388E-02  -1.986983E+00        11
   2.019733E+03   1.796460E+06   8.005953E-01   8.005953E-01   8.984100E-01   8.005953E-01  -1.929103E+01  -6.599642E-02  -1.986983E+00        11
   2.020733E+03   1.798356E+06   8.005953E-01   8.005953E-01   8.984100E-01   8.005953E-01  -1.929400E+01  -6.673857E-02  -1.986983E+00        11
   2.021733E+03   1.800253E+06   8.005953E-01   8.005953E-01   8.984100E-01   8.005953E-01  -1.929697E+01  -6.748033E-02  -1.986983E+00        11
   2.022733E+03   1.802151E+06   8.005953E-01   8.005953E-01   8.984100E-01   8.005953E-01  -1.929993E+01  -6.822169E-02  -1.986983E+00        11
   2.023733E+03   1.804050E+06   8.005953E-01   8.005953E-01   8.984100E-01   8.005953E-01  -1.930289E+01  -6.896267E-02  -1.986983E+00        11
   2.024733E+03   1.805950E+06   8.005953E-01   8.005953E-01   8.984100E-01   8.005953E-01  -1.930586E+01  -6.970325E-02  -1.986983E+00        11
   2.025733E+03   1.807851E+06   8.005953E-01   8.005953E-01   8.984100E-01   8.005953E-01  -1.930882E+01  -7.044345E-02  -1.986983E+00        11
   2.026733E+03   1.809753E+06   8.005953E-01   8.005953E-01   8.984100E-01   8.005953E-01  -1.931178E+01  -7.118326E-02  -1.986983E+00        11
   2.027733E+03   1.811656E+06   8.005953E-01   8.005953E-01   8.984100E-01   8.005953E-01  -1.931473E+01  -7.192268E-02  -1.986983E+00        11
   2.028733E+03   1.813560E+06   8.005953E-01   8.005953E-01   8.984100E-01   8.005953E-01  -1.931769E+01  -7.266171E-02  -1.986983E+00        11
   2.029733E+03   1.815465E+06   8.005953E-01   8.005953E-01   8.984100E-01   8.005953E-01  -1.932065E+01  -7.340035E-02  -1.986983E+00        11
   2.030733E+03   1.817371E+06   8.005953E-01   8.005953E-01   8.984100E-01   8.005953E-01  -1.932360E+01  -7.413861E-02  -1.986983E+00        11
   2.031733E+03   1.819278E+06   8.005953E-01   8.005953E-01   8.984100E-01   8.005953E-01  -1.932655E+01  -7.487647E-02  -1.986983E+00        11
   2.032733E+03   1.821186E+06   8.005953E-01   8.005953E-01   8.984100E-01   8.005953E-01  -1.932950E+01  -7.561396E-02  -1.986983E+00        11
   2.033733E+03   1.823095E+06   8.005953E-01   8.005953E-01   8.984100E-01   8.005953E-01  -1.933245E+01  -7.635105E-02  -1.986983E+00        11
   2.034733E+03   1.825005E+06   8.005953E-01   8.005953E-01   8.984100E-01   8.005953E-01  -1.933539E+01  -7.708776E-02  -1.986983E+00        11
   2.035733E+03   1.826916E+06   8.005953E-01   8.005953E-01   8.984100E-01   8.005953E-01  -1.933834E+01  -7.782408E-02  -1.986983E+00        11
   2.036733E+03   1.828828E+06   8.005953E-01   8.005953E-01   8.984100E-01   8.005953E-01  -1.934128E+01  -7.856002E-02  -1.986983E+00        11
   2.037733E+03   1.830741E+06   8.005953E-01   8.005953E-01   8.984100E-01   8.005953E-01  -1.934423E+01  -7.929558E-02  -1.986983E+00        11
   2.038733E+03   1.832655E+06   8.005953E-01   8.005953E-01   8.984100E-01   8.005953E-01  -1.934717E+01  -8.003074E-02  -1.986983E+00        11
   2.039733E+03   1.834570E+06   8.005953E-01   8.005953E-01   8.984100E-01   8.005953E-01  -1.935011E+01  -8.076553E-02  -1.986983E+00        11
   2.040733E+03   1.836486E+06   8.005953E-01   8.005953E-01   8.984100E-01   8.005953E-01  -1.935304E+01  -8.149993E-02  -1.986983E+00        11
   2.041733E+03   1.838403E+06   8.005953E-01   8.005953E-01   8.984100E-01   8.005953E-01  -1.935598E+01  -8.223395E-02  -1.986983E+00        11
   2.042733E+03   1.840321E+06   8.005953E-01   8.005953E-01   8.984100E-01   8.005953E-01  -1.935891E+01  -8.296759E-02  -1.986983E+00        11
   2.043733E+03   1.842240E+06   8.005953E-01   8.005953E-01   8.984100E-01   8.005953E-01  -1.936185E+01  -8.370084E-02  -1.986983E+00        11
   2.044733E+03   1.844160E+06   8.005953E-01   8.005953E-01   8.984100E-01   8.005953E-01  -1.936478E+01  -8.443371E-02  -1.986983E+00        11
   2.045733E+03   1.846081E+06   8.005953E-01   8.005953E-01   8.984100E-01   8.005953E-01  -1.936771E+01  -8.516620E-02  -1.986983E+00        11
   2.046733E+03   1.848003E+06   8.005953E-01   8.005953E-01   8.984100E-01   8.005953E-01  -1.937064E+01  -8.589831E-02  -1.986983E+00        11
   2.047733E+03   1.849926E+06   8.005953E-01   8.005953E-01   8.984100E-01   8.005953E-01  -1.937356E+01  -8.663004E-02  -1.986983E+00        11
   2.048733E+03   1.851850E+06   8.005953E-01   8.005953E-01   8.984100E-01   8.005953E-01  -1.937649E+01  -8.736139E-02  -1.986983E+00        11
   2.049733E+03   1.853775E+06   8.005953E-01   8.005953E-01   8.984100E-01   8.005953E-01  -1.937941E+01  -8.809236E-02  -1.986983E+00        11
   2.050733E+03   1.855701E+06   8.005953E-01   8.005953E-01   8.984100E-01   8.005953E-01  -1.938234E+01  -8.882295E-02  -1.986983E+00        11
   2.051733E+03   1.857628E+06   8.005953E-01   8.005953E-01   8.984100E-01   8.005953E-01  -1.938526E+01  -8.955316E-02  -1.986983E+00        11
   2.052733E+03   1.859556E+06   8.005953E-01   8.005953E-01   8.984100E-01   8.005953E-01  -1.938818E+01  -9.028299E-02  -1.986983E+00        11
   2.053733E+03   1.861485E+06   8.005953E-01   8.005953E-01   8.984100E-01   8.005953E-01  -1.939109E+01  -9.101244E-02  -1.986983E+00        11
   2.054733E+03   1.863415E+06   8.005953E-01   8.005953E-01   8.984100E-01   8.005953E-01  -1.939401E+01  -9.174152E-02  -1.986983E+00        11
   2.055733E+03   1.865346E+06   8.005953E-01   8.005953E-01   8.984100E-01   8.005953E-01  -1.939692E+01  -9.247021E-02  -1.986983E+00        11
   2.056733E+03   1.867278E+06   8.005953E-01   8.005953E-01   8.984100E-01   8.005953E-01  -1.939984E+01  -9.319853E-02  -1.986983E+00        11
   2.057733E+03   1.869211E+06   8.005953E-01   8.005953E-01   8.984100E-01   8.005953E-01  -1.940275E+01  -9.392648E-02  -1.986983E+00        11
   2.058733E+03   1.871145E+06   8.005953E-01   8.005953E-01   8.984100E-01   8.005953E-01  -1.940566E+01  -9.465404E-02  -1.986983E+00        11
   2.059733E+03   1.873080E+06   8.005953E-01   8.005953E-01   8.984100E-01   8.005953E-01  -1.940857E+01  -9.538123E-02  -1.986983E+00        11
   2.060733E+03   1.875016E+06   8.005953E-01   8.005953E-01   8.984100E-01   8.005953E-01  -1.941148E+01  -9.610805E-02  -1.986983E+00        11
   2.061733E+03   1.876953E+06   8.005953E-01   8.005953E-01   8.984100E-01   8.005953E-01  -1.941438E+01  -9.683449E-02  -1.986983E+00        11
   2.062733E+03   1.878891E+06   8.005953E-01   8.005953E-01   8.984100E-01   8.005953E-01  -1.941729E+01  -9.756055E-02  -1.986983E+00        11
   2.063733E+03   1.880830E+06   8.005953E-01   8.005953E-01   8.984100E-01   8.005953E-01  -1.942019E+01  -9.828624E-02  -1.986983E+00        11
   2.064733E+03   1.882770E+06   8.005953E-01   8.005953E-01   8.984100E-01   8.005953E-01  -1.942309E+01  -9.901156E-02  -1.986983E+00        11
   2.065733E+03   1.884711E+06   8.005953E-01   8.005953E-01   8.984100E-01   8.005953E-01  -1.942599E+01  -9.973650E-02  -1.986983E+00        11
   2.066733E+03   1.886653E+06   8.005953E-01   8.005953E-01   8.984100E-01   8.005953E-01  -1.942889E+01  -1.004611E-01  -1.986983E+00        11
   2.067733E+03   1.888596E+06   8.005953E-01   8.005953E-01   8.984100E-01   8.005953E-01  -1.943178E+01  -1.011853E-01  -1.986983E+00        11
   2.068733E+03   1.890540E+06   8.005953E-01   8.005953E-01   8.984100E-01   8.005953E-01  -1.943468E+01  -1.019091E-01  -1.986983E+00        11
   2.069733E+03   1.892485E+06   8.005953E-01   8.005953E-01   8.984100E-01   8.005953E-01  -1.943757E+01  -1.026325E-01  -1.986983E+00        11
   2.070733E+03   1.894431E+06   8.005953E-01   8.005953E-01   8.984100E-01   8.005953E-01  -1.944047E+01  -1.033556E-01  -1.986983E+00        11
   2.071733E+03   1.896378E+06   8.005953E-01   8.005953E-01   8.984100E-01   8.005953E-01  -1.944336E+01  -1.040783E-01  -1.986983E+00        11
   2.072733E+03   1.898326E+06   8.005953E-01   8.005953E-01   8.984100E-01   8.005953E-01  -1.944625E+01  -1.048007E-01  -1.986983E+00        11
   2.073733E+03   1.900275E+06   8.005953E-01   8.005953E-01   8.984100E-01   8.005953E-01  -1.944913E+01  -1.055226E-01  -1.986983E+00        11
   2.074733E+03   1.902225E+06   8.005953E-01   8.005953E-01   8.984100E-01   8.005953E-01  -1.945202E+01  -1.062442E-01  -1.986983E+00        11
   2.075733E+03   1.904176E+06   8.005953E-01   8.005953E-01   8.984100E-01   8.005953E-01  -1.945491E+01  -1.069655E-01  -1.986983E+00        11
   2.076733E+03   1.906128E+06   8.005953E-01   8.005953E-01   8.984100E-01   8.005953E-01  -1.945779E+01  -1.076863E-01  -1.986983E+00        11
   2.077733E+03   1.908081E+06   8.005953E-01   8.005953E-01   8.984100E-01   8.005953E-01  -1.946067E+01  -1.084068E-01  -1.986983E+00        11
   2.078733E+03   1.910035E+06   8.005953E-01   8.005953E-01   8.984100E-01   8.005953E-01  -1.946355E+01  -1.091269E-01  -1.986983E+00        11
   2.079733E+03   1.911990E+06   8.005953E-01   8.005953E-01   8.984100E-01   8.005953E-01  -1.946643E+01  -1.098467E-01  -1.986983E+00        11
   2.080733E+03   1.913946E+06   8.005953E-01   8.005953E-01   8.984100E-01   8.005953E-01  -1.946931E+01  -1.105661E-01  -1.986983E+00        11
   2.081733E+03   1.915903E+06   8.005953E-01   8.005953E-01   8.984100E-01   8.005953E-01  -1.947218E+01  -1.112851E-01  -1.986983E+00        11
   2.082733E+03   1.917861E+06   8.005953E-01   8.005953E-01   8.984100E-01   8.005953E-01  -1.947506E+01  -1.120037E-01  -1.986983E+00        11
   2.083733E+03   1.919820E+06   8.005953E-01   8.005953E-01   8.984100E-01   8.005953E-01  -1.947793E+01  -1.127220E-01  -1.986983E+00        11
   2.084733E+03   1.921780E+06   8.005953E-01   8.005953E-01   8.984100E-01   8.005953E-01  -1.948080E+01  -1.134399E-01  -1.986983E+00        11
   2.085733E+03   1.923741E+06   8.005953E-01   8.005953E-01   8.984100E-01   8.005953E-01  -1.948367E+01  -1.141575E-01  -1.986983E+00        11
   2.086733E+03   1.925703E+06   8.005953E-01   8.005953E-01   8.984100E-01   8.005953E-01  -1.948654E+01  -1.148747E-01  -1.986983E+00        11
   2.087733E+03   1.927666E+06   8.005953E-01   8.005953E-01   8.984100E-01   8.005953E-01  -1.948941E+01  -1.155915E-01  -1.986983E+00        11
   2.088733E+03   1.929630E+06   8.005953E-01   8.005953E-01   8.984100E-01   8.005953E-01  -1.949228E+01  -1.163079E-01  -1.986983E+00        11
   2.089733E+03   1.931595E+06   8.005953E-01   8.005953E-01   8.984100E-01   8.005953E-01  -1.949514E+01  -1.170240E-01  -1.986983E+00        11
   2.090733E+03   1.933561E+06   8.005953E-01   8.005953E-01   8.984100E-01   8.005953E-01  -1.949800E+01  -1.177397E-01  -1.986983E+00        11
   2.091733E+03   1.935528E+06   8.005953E-01   8.005953E-01   8.984100E-01   8.005953E-01  -1.950086E+01  -1.184551E-01  -1.986983E+00        11
   2.092733E+03   1.937496E+06   8.005953E-01   8.005953E-01   8.984100E-01   8.005953E-01  -1.950372E+01  -1.191701E-01  -1.986983E+00        11
   2.093733E+03   1.939465E+06   8.005953E-01   8.005953E-01   8.984100E-01   8.005953E-01  -1.950658E+01  -1.198847E-01  -1.986983E+00        11
   2.094733E+03   1.941435E+06   8.005953E-01   8.005953E-01   8.984100E-01   8.005953E-01  -1.950944E+01  -1.205990E-01  -1.986983E+00        11
   2.095733E+03   1.943406E+06   8.005953E-01   8.005953E-01   8.984100E-01   8.005953E-01  -1.951230E+01  -1.213129E-01  -1.986983E+00        11
   2.096733E+03   1.945378E+06   8.005953E-01   8.005953E-01   8.984100E-01   8.005953E-01  -1.951515E+01  -1.220265E-01  -1.986983E+00        11
   2.097733E+03   1.947351E+06   8.005953E-01   8.005953E-01   8.984100E-01   8.005953E-01  -1.951800E+01  -1.227396E-01  -1.986983E+00        11
   2.098733E+03   1.949325E+06   8.005953E-01   8.005953E-01   8.984100E-01   8.005953E-01  -1.952085E+01  -1.234525E-01  -1.986983E+00        11
   2.099733E+03   1.951300E+06   8.005953E-01   8.005953E-01   8.984100E-01   8.005953E-01  -1.952370E+01  -1.241649E-01  -1.986983E+00        11
   2.100733E+03   1.953276E+06   8.005953E-01   8.005953E-01   8.984100E-01   8.005953E-01  -1.952655E+01  -1.248770E-01  -1.986983E+00        11
   2.101733E+03   1.955253E+06   8.005953E-01   8.005953E-01   8.984100E-01   8.005953E-01  -1.952940E+01  -1.255888E-01  -1.986983E+00        11
   2.102733E+03   1.957231E+06   8.005953E-01   8.005953E-01   8.984100E-01   8.005953E-01  -1.953224E+01  -1.263002E-01  -1.986983E+00        11
   2.103733E+03   1.959210E+06   8.005953E-01   8.005953E-01   8.984100E-01   8.005953E-01  -1.953509E+01  -1.270112E-01  -1.986983E+00        11
   2.104733E+03   1.961190E+06   8.005953E-01   8.005953E-01   8.984100E-01   8.005953E-01  -1.953793E+01  -1.277218E-01  -1.986983E+00        11
   2.105733E+03   1.963171E+06   8.005953E-01   8.005953E-01   8.984100E-01   8.005953E-01  -1.954077E+01  -1.284322E-01  -1.986983E+00        11
   2.106733E+03   1.965153E+06   8.005953E-01   8.005953E-01   8.984100E-01   8.005953E-01  -1.954361E+01  -1.291421E-01  -1.986983E+00        11
   2.107733E+03   1.967136E+06   8.005953E-01   8.005953E-01   8.984100E-01   8.005953E-01  -1.954645E+01  -1.298517E-01  -1.986983E+00        11
   2.108733E+03   1.969120E+06   8.005953E-01   8.005953E-01   8.984100E-01   8.005953E-01  -1.954929E+01  -1.305609E-01  -1.986983E+00        11
   2.109733E+03   1.971105E+06   8.005953E-01   8.005953E-01   8.984100E-01   8.005953E-01  -1.955212E+01  -1.312698E-01  -1.986983E+00        11
   2.110733E+03   1.973091E+06   8.005953E-01   8.005953E-01   8.984100E-01   8.005953E-01  -1.955496E+01  -1.319783E-01  -1.986983E+00        11
   2.111733E+03   1.975078E+06   8.005953E-01   8.005953E-01   8.984100E-01   8.005953E-01  -1.955779E+01  -1.326865E-01  -1.986983E+00        11
   2.112733E+03   1.977066E+06   8.005953E-01   8.005953E-01   8.984100E-01   8.005953E-01  -1.956062E+01  -1.333943E-01  -1.986983E+00        11
   2.113733E+03   1.979055E+06   8.005953E-01   8.005953E-01   8.984100E-01   8.005953E-01  -1.956345E+01  -1.341017E-01  -1.986983E+00        11
   2.114733E+03   1.981045E+06   8.005953E-01   8.005953E-01   8.984100E-01   8.005953E-01  -1.956628E+01  -1.348088E-01  -1.986983E+00        11
   2.115733E+03   1.983036E+06   8.005953E-01   8.005953E-01   8.984100E-01   8.005953E-01  -1.956911E+01  -1.355156E-01  -1.986983E+00        11
   2.116733E+03   1.985028E+06   8.005953E-01   8.005953E-01   8.984100E-01   8.005953E-01  -1.957193E+01  -1.362219E-01  -1.986983E+00        11
   2.117733E+03   1.987021E+06   8.005953E-01   8.005953E-01   8.984100E-01   8.005953E-01  -1.957476E+01  -1.369280E-01  -1.986983E+00        11
   2.118733E+03   1.989015E+06   8.005953E-01   8.005953E-01   8.984100E-01   8.005953E-01  -1.957758E+01  -1.376336E-01  -1.986983E+00        11
   2.119733E+03   1.991010E+06   8.005953E-01   8.005953E-01   8.984100E-01   8.005953E-01  -1.958040E+01  -1.383390E-01  -1.986983E+00        11
   2.120733E+03   1.993006E+06   8.005953E-01   8.005953E-01   8.984100E-01   8.005953E-01  -1.958322E+01  -1.390439E-01  -1.986983E+00        11
   2.121733E+03   1.995003E+06   8.005953E-01   8.005953E-01   8.984100E-01   8.005953E-01  -1.958604E+01  -1.397485E-01  -1.986983E+00        11
   2.122733E+03   1.997001E+06   8.005953E-01   8.005953E-01   8.984100E-01   8.005953E-01  -1.958886E+01  -1.404528E-01  -1.986983E+00        11
   2.123733E+03   1.999000E+06   8.005953E-01   8.005953E-01   8.984100E-01   8.005953E-01  -1.959167E+01  -1.411567E-01  -1.986983E+00        11
   2.124733E+03   2.001000E+06   8.005953E-01   8.005953E-01   8.984100E-01   8.005953E-01  -1.959448E+01  -1.418603E-01  -1.986983E+00        11
   2.125733E+03   2.003001E+06   8.005953E-01   8.005953E-01   8.984100E-01   8.005953E-01  -1.959730E+01  -1.425635E-01  -1.986983E+00        11
   2.126733E+03   2.005003E+06   8.005953E-01   8.005953E-01   8.984100E-01   8.005953E-01  -1.960011E+01  -1.432663E-01  -1.986983E+00        11
   2.127733E+03   2.007006E+06   8.005953E-01   8.005953E-01   8.984100E-01   8.005953E-01  -1.960292E+01  -1.439688E-01  -1.986983E+00        11
   2.128733E+03   2.009010E+06   8.005953E-01   8.005953E-01   8.984100E-01   8.005953E-01  -1.960573E+01  -1.446710E-01  -1.986983E+00        11
   2.129733E+03   2.011015E+06   8.005953E-01   8.005953E-01   8.984100E-01   8.005953E-01  -1.960854E+01  -1.453728E-01  -1.986983E+00        11
   2.130733E+03   2.013021E+06   8.005953E-01   8.005953E-01   8.984100E-01   8.005953E-01  -1.961134E+01  -1.460742E-01  -1.986983E+00        11
   2.131733E+03   2.015028E+06   8.005953E-01   8.005953E-01   8.984100E-01   8.005953E-01  -1.961415E+01  -1.467753E-01  -1.986983E+00        11
   2.132733E+03   2.017036E+06   8.005953E-01   8.005953E-01   8.984100E-01   8.005953E-01  -1.961695E+01  -1.474761E-01  -1.986983E+00        11
   2.133733E+03   2.019045E+06   8.005953E-01   8.005953E-01   8.984100E-01   8.005953E-01  -1.961975E+01  -1.481765E-01  -1.986983E+00        11
   2.134733E+03   2.021055E+06   8.005953E-01   8.005953E-01   8.984100E-01   8.005953E-01  -1.962255E+01  -1.488766E-01  -1.986983E+00        11
   2.135733E+03   2.023066E+06   8.005953E-01   8.005953E-01   8.984100E-01   8.005953E-01  -1.962535E+01  -1.495763E-01  -1.986983E+00        11
   2.136733E+03   2.025078E+06   8.005953E-01   8.005953E-01   8.984100E-01   8.005953E-01  -1.962815E+01  -1.502756E-01  -1.986983E+00        11
   2.137733E+03   2.027091E+06   8.005953E-01   8.005953E-01   8.984100E-01   8.005953E-01  -1.963094E+01  -1.509746E-01  -1.986983E+00        11
   2.138733E+03   2.029105E+06   8.005953E-01   8.005953E-01   8.984100E-01   8.005953E-01  -1.963374E+01  -1.516733E-01  -1.986983E+00        11
   2.139733E+03   2.031120E+06   8.005953E-01   8.005953E-01   8.984100E-01   8.005953E-01  -1.963653E+01  -1.523716E-01  -1.986983E+00        11
   2.140733E+03   2.033136E+06   8.005953E-01   8.005953E-01   8.984100E-01   8.005953E-01  -1.963932E+01  -1.530696E-01  -1.986983E+00        11
   2.141733E+03   2.035153E+06   8.005953E-01   8.005953E-01   8.984100E-01   8.005953E-01  -1.964211E+01  -1.537672E-01  -1.986983E+00        11
   2.142733E+03   2.037171E+06   8.005953E-01   8.005953E-01   8.984100E-01   8.005953E-01  -1.964490E+01  -1.544645E-01  -1.986983E+00        11
   2.143733E+03   2.039190E+06   8.005953E-01   8.005953E-01   8.984100E-01   8.005953E-01  -1.964769E+01  -1.551614E-01  -1.986983E+00        11
   2.144733E+03   2.041210E+06   8.005953E-01   8.005953E-01   8.984100E-01   8.005953E-01  -1.965048E+01  -1.558580E-01  -1.986983E+00        11
   2.145733E+03   2.043231E+06   8.005953E-01   8.005953E-01   8.984100E-01   8.005953E-01  -1.965326E+01  -1.565543E-01  -1.986983E+00        11
   2.146733E+03   2.045253E+06   8.005953E-01   8.005953E-01   8.984100E-01   8.005953E-01  -1.965604E+01  -1.572502E-01  -1.986983E+00        11
   2.147733E+03   2.047276E+06   8.005953E-01   8.005953E-01   8.984100E-01   8.005953E-01  -1.965883E+01  -1.579457E-01  -1.986983E+00        11
   2.148733E+03   2.049300E+06   8.005953E-01   8.005953E-01   8.984100E-01   8.005953E-01  -1.966161E+01  -1.586410E-01  -1.986983E+00        11
   2.149733E+03   2.051325E+06   8.005953E-01   8.005953E-01   8.984100E-01   8.005953E-01  -1.966439E+01  -1.593358E-01  -1.986983E+00        11
   2.150733E+03   2.053351E+06   8.005953E-01   8.005953E-01   8.984100E-01   8.005953E-01  -1.966717E+01  -1.600304E-01  -1.986983E+00        11
   2.151733E+03   2.055378E+06   8.005953E-01   8.005953E-01   8.984100E-01   8.005953E-01  -1.966994E+01  -1.607245E-01  -1.986983E+00        11
   2.152733E+03   2.057406E+06   8.005953E-01   8.005953E-01   8.984100E-01   8.005953E-01  -1.967272E+01  -1.614184E-01  -1.986983E+00        11
   2.153733E+03   2.059435E+06   8.005953E-01   8.005953E-01   8.984100E-01   8.005953E-01  -1.967549E+01  -1.621119E-01  -1.986983E+00        11
   2.154733E+03   2.061465E+06   8.005953E-01   8.005953E-01   8.984100E-01   8.005953E-01  -1.967826E+01  -1.628050E-01  -1.986983E+00        11
   2.155733E+03   2.063496E+06   8.005953E-01   8.005953E-01   8.984100E-01   8.005953E-01  -1.968104E+01  -1.634979E-01  -1.986983E+00        11
   2.156733E+03   2.065528E+06   8.005953E-01   8.005953E-01   8.984100E-01   8.005953E-01  -1.968381E+01  -1.641903E-01  -1.986983E+00        11
   2.157733E+03   2.067561E+06   8.005953E-01   8.005953E-01   8.984100E-01   8.005953E-01  -1.968657E+01  -1.648825E-01  -1.986983E+00        11
   2.158733E+03   2.069595E+06   8.005953E-01   8.005953E-01   8.984100E-01   8.005953E-01  -1.968934E+01  -1.655743E-01  -1.986983E+00        11
   2.159733E+03   2.071630E+06   8.005953E-01   8.005953E-01   8.984100E-01   8.005953E-01  -1.969211E+01  -1.662657E-01  -1.986983E+00        11
   2.160733E+03   2.073666E+06   8.005953E-01   8.005953E-01   8.984100E-01   8.005953E-01  -1.969487E+01  -1.669568E-01  -1.986983E+00        11
   2.161733E+03   2.075703E+06   8.005953E-01   8.005953E-01   8.984100E-01   8.005953E-01  -1.969763E+01  -1.676476E-01  -1.986983E+00        11
   2.162733E+03   2.077741E+06   8.005953E-01   8.005953E-01   8.984100E-01   8.005953E-01  -1.970040E+01  -1.683381E-01  -1.986983E+00        11
   2.163733E+03   2.079780E+06   8.005953E-01   8.005953E-01   8.984100E-01   8.005953E-01  -1.970316E+01  -1.690282E-01  -1.986983E+00        11
   2.164733E+03   2.081820E+06   8.005953E-01   8.005953E-01   8.984100E-01   8.005953E-01  -1.970592E+01  -1.697179E-01  -1.986983E+00        11
   2.165733E+03   2.083861E+06   8.005953E-01   8.005953E-01   8.984100E-01   8.005953E-01  -1.970867E+01  -1.704073E-01  -1.986983E+00        11
   2.166733E+03   2.085903E+06   8.005953E-01   8.005953E-01   8.984100E-01   8.005953E-01  -1.971143E+01  -1.710964E-01  -1.986983E+00        11
   2.167733E+03   2.087946E+06   8.005953E-01   8.005953E-01   8.984100E-01   8.005953E-01  -1.971418E+01  -1.717852E-01  -1.986983E+00        11
   2.168733E+03   2.089990E+06   8.005953E-01   8.005953E-01   8.984100E-01   8.005953E-01  -1.971694E+01  -1.724736E-01  -1.986983E+00        11
   2.169733E+03   2.092035E+06   8.005953E-01   8.005953E-01   8.984100E-01   8.005953E-01  -1.971969E+01  -1.731617E-01  -1.986983E+00        11
   2.170733E+03   2.094081E+06   8.005953E-01   8.005953E-01   8.984100E-01   8.005953E-01  -1.972244E+01  -1.738494E-01  -1.986983E+00        11
   2.171733E+03   2.096128E+06   8.005953E-01   8.005953E-01   8.984100E-01   8.005953E-01  -1.972519E+01  -1.745368E-01  -1.986983E+00        11
   2.172733E+03   2.098176E+06   8.005953E-01   8.005953E-01   8.984100E-01   8.005953E-01  -1.972794E+01  -1.752239E-01  -1.986983E+00        11
   2.173733E+03   2.100225E+06   8.005953E-01   8.005953E-01   8.984100E-01   8.005953E-01  -1.973069E+01  -1.759106E-01  -1.986983E+00        11
   2.174733E+03   2.102275E+06   8.005953E-01   8.005953E-01   8.984100E-01   8.005953E-01  -1.973343E+01  -1.765970E-01  -1.986983E+00        11
   2.175733E+03   2.104326E+06   8.005953E-01   8.005953E-01   8.984100E-01   8.005953E-01  -1.973618E+01  -1.772831E-01  -1.986983E+00        11
   2.176733E+03   2.106378E+06   8.005953E-01   8.005953E-01   8.984100E-01   8.005953E-01  -1.973892E+01  -1.779688E-01  -1.986983E+00        11
   2.177733E+03   2.108431E+06   8.005953E-01   8.005953E-01   8.984100E-01   8.005953E-01  -1.974166E+01  -1.786542E-01  -1.986983E+00        11
   2.178733E+03   2.110485E+06   8.005953E-01   8.005953E-01   8.984100E-01   8.005953E-01  -1.974440E+01  -1.793393E-01  -1.986983E+00        11
   2.179733E+03   2.112540E+06   8.005953E-01   8.005953E-01   8.984100E-01   8.005953E-01  -1.974714E+01  -1.800240E-01  -1.986983E+00        11
   2.180733E+03   2.114596E+06   8.005953E-01   8.005953E-01   8.984100E-01   8.005953E-01  -1.974988E+01  -1.807084E-01  -1.986983E+00        11
   2.181733E+03   2.116653E+06   8.005953E-01   8.005953E-01   8.984100E-01   8.005953E-01  -1.975261E+01  -1.813924E-01  -1.986983E+00        11
   2.182733E+03   2.118711E+06   8.005953E-01   8.005953E-01   8.984100E-01   8.005953E-01  -1.975535E+01  -1.820762E-01  -1.986983E+00        11
   2.183733E+03   2.120770E+06   8.005953E-01   8.005953E-01   8.984100E-01   8.005953E-01  -1.975808E+01  -1.827596E-01  -1.986983E+00        11
   2.184733E+03   2.122830E+06   8.005953E-01   8.005953E-01   8.984100E-01   8.005953E-01  -1.976081E+01  -1.834426E-01  -1.986983E+00        11
   2.185733E+03   2.124891E+06   8.005953E-01   8.005953E-01   8.984100E-01   8.005953E-01  -1.976355E+01  -1.841254E-01  -1.986983E+00        11
   2.186733E+03   2.126953E+06   8.005953E-01   8.005953E-01   8.984100E-01   8.005953E-01  -1.976627E+01  -1.848078E-01  -1.986983E+00        11
   2.187733E+03   2.129016E+06   8.005953E-01   8.005953E-01   8.984100E-01   8.005953E-01  -1.976900E+01  -1.854898E-01  -1.986983E+00        11
   2.188733E+03   2.131080E+06   8.005953E-01   8.005953E-01   8.984100E-01   8.005953E-01  -1.977173E+01  -1.861716E-01  -1.986983E+00        11
   2.189733E+03   2.133145E+06   8.005953E-01   8.005953E-01   8.984100E-01   8.005953E-01  -1.977446E+01  -1.868530E-01  -1.986983E+00        11
   2.190733E+03   2.135211E+06   8.005953E-01   8.005953E-01   8.984100E-01   8.005953E-01  -1.977718E+01  -1.875341E-01  -1.986983E+00        11
   2.191733E+03   2.137278E+06   8.005953E-01   8.005953E-01   8.984100E-01   8.005953E-01  -1.977990E+01  -1.882148E-01  -1.986983E+00        11
   2.192733E+03   2.139346E+06   8.005953E-01   8.005953E-01   8.984100E-01   8.005953E-01  -1.978262E+01  -1.888952E-01  -1.986983E+00        11
   2.193733E+03   2.141415E+06   8.005953E-01   8.005953E-01   8.984100E-01   8.005953E-01  -1.978535E+01  -1.895753E-01  -1.986983E+00        11
   2.194733E+03   2.143485E+06   8.005953E-01   8.005953E-01   8.984100E-01   8.005953E-01  -1.978806E+01  -1.902551E-01  -1.986983E+00        11
   2.195733E+03   2.145556E+06   8.005953E-01   8.005953E-01   8.984100E-01   8.005953E-01  -1.979078E+01  -1.909345E-01  -1.986983E+00        11
   2.196733E+03   2.147628E+06   8.005953E-01   8.005953E-01   8.984100E-01   8.005953E-01  -1.979350E+01  -1.916137E-01  -1.986983E+00        11
   2.197733E+03   2.149701E+06   8.005953E-01   8.005953E-01   8.984100E-01   8.005953E-01  -1.979621E+01  -1.922924E-01  -1.986983E+00        11
   2.198733E+03   2.151775E+06   8.005953E-01   8.005953E-01   8.984100E-01   8.005953E-01  -1.979893E+01  -1.929709E-01  -1.986983E+00        11
   2.199733E+03   2.153850E+06   8.005953E-01   8.005953E-01   8.984100E-01   8.005953E-01  -1.980164E+01  -1.936490E-01  -1.986983E+00        11
   2.200733E+03   2.155926E+06   8.005953E-01   8.005953E-01   8.984100E-01   8.005953E-01  -1.980435E+01  -1.943268E-01  -1.986983E+00        11
   2.201733E+03   2.158003E+06   8.005953E-01   8.005953E-01   8.984100E-01   8.005953E-01  -1.980706E+01  -1.950043E-01  -1.986983E+00        11
