           time            age           mass      core_mass        He_core        CO_core          log_L       log_Teff     log_radius     phase
   0.000000E+00   0.000000E+00   6.799907E+00   0.000000E+00   0.000000E+00   0.000000E+00   3.207648E+00   4.314808E+00   4.974667E-01         1
   2.718491E+00   2.718491E+00   6.798974E+00   0.000000E+00   0.000000E+00   0.000000E+00   3.219817E+00   4.311344E+00   5.104798E-01         1
   5.436983E+00   5.436983E+00   6.797989E+00   0.000000E+00   0.000000E+00   0.000000E+00   3.233204E+00   4.309067E+00   5.217273E-01         1
   8.155474E+00   8.155474E+00   6.796936E+00   0.000000E+00   0.000000E+00   0.000000E+00   3.247407E+00   4.307191E+00   5.325807E-01         1
   1.087397E+01   1.087397E+01   6.795805E+00   0.000000E+00   0.000000E+00   0.000000E+00   3.262385E+00   4.305485E+00   5.434812E-01         1
   1.359246E+01   1.359246E+01   6.794586E+00   0.000000E+00   0.000000E+00   0.000000E+00   3.278134E+00   4.303809E+00   5.547070E-01         1
   1.631095E+01   1.631095E+01   6.793268E+00   0.000000E+00   0.000000E+00   0.000000E+00   3.294623E+00   4.302071E+00   5.664275E-01         1
   1.902944E+01   1.902944E+01   6.791837E+00   0.000000E+00   0.000000E+00   0.000000E+00   3.311863E+00   4.300195E+00   5.788013E-01         1
   2.174793E+01   2.174793E+01   6.790278E+00   0.000000E+00   0.000000E+00   0.000000E+00   3.329938E+00   4.298102E+00   5.920240E-01         1
   2.446642E+01   2.446642E+01   6.788572E+00   0.000000E+00   0.000000E+00   0.000000E+00   3.348967E+00   4.295705E+00   6.063325E-01         1
   2.718491E+01   2.718491E+01   6.786700E+00   0.000000E+00   0.000000E+00   0.000000E+00   3.369089E+00   4.292898E+00   6.220067E-01         1
   2.990341E+01   2.990341E+01   6.784630E+00   0.000000E+00   0.000000E+00   0.000000E+00   3.390488E+00   4.289536E+00   6.394308E-01         1
   3.262190E+01   3.262190E+01   6.782333E+00   0.000000E+00   0.000000E+00   0.000000E+00   3.413363E+00   4.285438E+00   6.590641E-01         1
   3.534039E+01   3.534039E+01   6.779768E+00   0.000000E+00   0.000000E+00   0.000000E+00   3.437961E+00   4.280348E+00   6.815440E-01         1
   3.805888E+01   3.805888E+01   6.776886E+00   0.000000E+00   0.000000E+00   0.000000E+00   3.464168E+00   4.274035E+00   7.072739E-01         1
   4.077737E+01   4.077737E+01   6.773638E+00   0.000000E+00   0.000000E+00   0.000000E+00   3.492157E+00   4.266089E+00   7.371593E-01         1
   4.349586E+01   4.349586E+01   6.769944E+00   0.000000E+00   0.000000E+00   0.000000E+00   3.522555E+00   4.255672E+00   7.731928E-01         1
   4.621435E+01   4.621435E+01   6.765721E+00   0.000000E+00   0.000000E+00   0.000000E+00   3.556101E+00   4.241417E+00   8.184760E-01         1
   4.893285E+01   4.893285E+01   6.760864E+00   0.000000E+00   0.000000E+00   0.000000E+00   3.593649E+00   4.220921E+00   8.782422E-01         1
   5.165134E+01   5.165134E+01   6.755262E+00   0.000000E+00   0.000000E+00   0.000000E+00   3.635865E+00   4.191117E+00   9.589582E-01         1
   5.167852E+01   5.167852E+01   6.755201E+00   0.000000E+00   0.000000E+00   0.000000E+00   3.636325E+00   4.190761E+00   9.598990E-01         1
   5.170571E+01   5.170571E+01   6.755141E+00   0.000000E+00   0.000000E+00   0.000000E+00   3.636785E+00   4.190406E+00   9.608398E-01         1
   5.173289E+01   5.173289E+01   6.755081E+00   0.000000E+00   0.000000E+00   0.000000E+00   3.637244E+00   4.190050E+00   9.617806E-01         1
   5.176008E+01   5.176008E+01   6.755020E+00   0.000000E+00   0.000000E+00   0.000000E+00   3.637704E+00   4.189695E+00   9.627214E-01         1
   5.178726E+01   5.178726E+01   6.754960E+00   0.000000E+00   0.000000E+00   0.000000E+00   3.638163E+00   4.189339E+00   9.636622E-01         1
   5.181445E+01   5.181445E+01   6.754900E+00   0.000000E+00   0.000000E+00   0.000000E+00   3.638623E+00   4.188984E+00   9.646030E-01         1
   5.184163E+01   5.184163E+01   6.754839E+00   0.000000E+00   0.000000E+00   0.000000E+00   3.639089E+00   4.188623E+00   9.655571E-01         1
   5.186882E+01   5.186882E+01   6.754778E+00   0.000000E+00   0.000000E+00   0.000000E+00   3.639556E+00   4.188262E+00   9.665135E-01         1
   5.189600E+01   5.189600E+01   6.754717E+00   0.000000E+00   0.000000E+00   0.000000E+00   3.640023E+00   4.187900E+00   9.674700E-01         1
   5.192319E+01   5.192319E+01   6.754656E+00   0.000000E+00   0.000000E+00   0.000000E+00   3.640491E+00   4.187539E+00   9.684264E-01         1
   5.195037E+01   5.195037E+01   6.754595E+00   0.000000E+00   0.000000E+00   0.000000E+00   3.640958E+00   4.187177E+00   9.693829E-01         1
   5.197756E+01   5.197756E+01   6.754534E+00   0.000000E+00   0.000000E+00   0.000000E+00   3.641425E+00   4.186816E+00   9.703393E-01         1
   5.200474E+01   5.200474E+01   6.754473E+00   0.000000E+00   0.000000E+00   0.000000E+00   3.641892E+00   4.186455E+00   9.712957E-01         1
   5.203193E+01   5.203193E+01   6.754411E+00   0.000000E+00   0.000000E+00   0.000000E+00   3.642368E+00   4.186089E+00   9.722654E-01         1
   5.205911E+01   5.205911E+01   6.754349E+00   0.000000E+00   0.000000E+00   0.000000E+00   3.642844E+00   4.185723E+00   9.732358E-01         1
   5.208630E+01   5.208630E+01   6.754288E+00   0.000000E+00   0.000000E+00   0.000000E+00   3.643320E+00   4.185356E+00   9.742061E-01         1
   5.211348E+01   5.211348E+01   6.754226E+00   0.000000E+00   0.000000E+00   0.000000E+00   3.643796E+00   4.184990E+00   9.751764E-01         1
   5.214067E+01   5.214067E+01   6.754164E+00   0.000000E+00   0.000000E+00   0.000000E+00   3.644272E+00   4.184624E+00   9.761468E-01         1
   5.216785E+01   5.216785E+01   6.754103E+00   0.000000E+00   0.000000E+00   0.000000E+00   3.644747E+00   4.184258E+00   9.771171E-01         1
   5.219503E+01   5.219503E+01   6.754041E+00   0.000000E+00   0.000000E+00   0.000000E+00   3.645225E+00   4.183891E+00   9.780890E-01         1
   5.222222E+01   5.222222E+01   6.753979E+00   0.000000E+00   0.000000E+00   0.000000E+00   3.645711E+00   4.183522E+00   9.790703E-01         1
   5.224940E+01   5.224940E+01   6.753917E+00   0.000000E+00   0.000000E+00   0.000000E+00   3.646196E+00   4.183153E+00   9.800517E-01         1
   5.227659E+01   5.227659E+01   6.753854E+00   0.000000E+00   0.000000E+00   0.000000E+00   3.646682E+00   4.182783E+00   9.810330E-01         1
   5.230377E+01   5.230377E+01   6.753792E+00   0.000000E+00   0.000000E+00   0.000000E+00   3.647168E+00   4.182414E+00   9.820143E-01         1
   5.233096E+01   5.233096E+01   6.753730E+00   0.000000E+00   0.000000E+00   0.000000E+00   3.647654E+00   4.182045E+00   9.829957E-01         1
   5.235814E+01   5.235814E+01   6.753667E+00   0.000000E+00   0.000000E+00   0.000000E+00   3.648140E+00   4.181676E+00   9.839770E-01         1
   5.238533E+01   5.238533E+01   6.753605E+00   0.000000E+00   0.000000E+00   0.000000E+00   3.648630E+00   4.181306E+00   9.849614E-01         1
   5.241251E+01   5.241251E+01   6.753542E+00   0.000000E+00   0.000000E+00   0.000000E+00   3.649128E+00   4.180936E+00   9.859504E-01         1
   5.243970E+01   5.243970E+01   6.753479E+00   0.000000E+00   0.000000E+00   0.000000E+00   3.649625E+00   4.180566E+00   9.869394E-01         1
   5.246688E+01   5.246688E+01   6.753416E+00   0.000000E+00   0.000000E+00   0.000000E+00   3.650123E+00   4.180196E+00   9.879283E-01         1
   5.249407E+01   5.249407E+01   6.753353E+00   0.000000E+00   0.000000E+00   0.000000E+00   3.650620E+00   4.179826E+00   9.889173E-01         1
   5.252125E+01   5.252125E+01   6.753290E+00   0.000000E+00   0.000000E+00   0.000000E+00   3.651118E+00   4.179456E+00   9.899063E-01         1
   5.254844E+01   5.254844E+01   6.753227E+00   0.000000E+00   0.000000E+00   0.000000E+00   3.651615E+00   4.179086E+00   9.908953E-01         1
   5.257562E+01   5.257562E+01   6.753164E+00   0.000000E+00   0.000000E+00   0.000000E+00   3.652123E+00   4.178717E+00   9.918857E-01         1
   5.260281E+01   5.260281E+01   6.753100E+00   0.000000E+00   0.000000E+00   0.000000E+00   3.652634E+00   4.178350E+00   9.928767E-01         1
   5.262999E+01   5.262999E+01   6.753037E+00   0.000000E+00   0.000000E+00   0.000000E+00   3.653146E+00   4.177982E+00   9.938677E-01         1
   5.265718E+01   5.265718E+01   6.752973E+00   0.000000E+00   0.000000E+00   0.000000E+00   3.653657E+00   4.177614E+00   9.948588E-01         1
   5.268436E+01   5.268436E+01   6.752909E+00   0.000000E+00   0.000000E+00   0.000000E+00   3.654168E+00   4.177247E+00   9.958498E-01         1
   5.271155E+01   5.271155E+01   6.752846E+00   0.000000E+00   0.000000E+00   0.000000E+00   3.654680E+00   4.176879E+00   9.968408E-01         1
   5.273873E+01   5.273873E+01   6.752782E+00   0.000000E+00   0.000000E+00   0.000000E+00   3.655193E+00   4.176512E+00   9.978309E-01         1
   5.276592E+01   5.276592E+01   6.752718E+00   0.000000E+00   0.000000E+00   0.000000E+00   3.655723E+00   4.176153E+00   9.988146E-01         1
   5.279310E+01   5.279310E+01   6.752654E+00   0.000000E+00   0.000000E+00   0.000000E+00   3.656253E+00   4.175794E+00   9.997983E-01         1
   5.282029E+01   5.282029E+01   6.752589E+00   0.000000E+00   0.000000E+00   0.000000E+00   3.656783E+00   4.175434E+00   1.000782E+00         1
   5.284747E+01   5.284747E+01   6.752525E+00   0.000000E+00   0.000000E+00   0.000000E+00   3.657313E+00   4.175075E+00   1.001766E+00         1
   5.287466E+01   5.287466E+01   6.752461E+00   0.000000E+00   0.000000E+00   0.000000E+00   3.657842E+00   4.174715E+00   1.002749E+00         1
   5.290184E+01   5.290184E+01   6.752397E+00   0.000000E+00   0.000000E+00   0.000000E+00   3.658372E+00   4.174356E+00   1.003733E+00         1
   5.292903E+01   5.292903E+01   6.752332E+00   0.000000E+00   0.000000E+00   0.000000E+00   3.658914E+00   4.174006E+00   1.004705E+00         1
   5.295621E+01   5.295621E+01   6.752267E+00   0.000000E+00   0.000000E+00   0.000000E+00   3.659467E+00   4.173663E+00   1.005666E+00         1
   5.298340E+01   5.298340E+01   6.752203E+00   0.000000E+00   0.000000E+00   0.000000E+00   3.660020E+00   4.173321E+00   1.006627E+00         1
   5.301058E+01   5.301058E+01   6.752138E+00   0.000000E+00   0.000000E+00   0.000000E+00   3.660573E+00   4.172978E+00   1.007589E+00         1
   5.303777E+01   5.303777E+01   6.752073E+00   0.000000E+00   0.000000E+00   0.000000E+00   3.661125E+00   4.172636E+00   1.008550E+00         1
   5.306495E+01   5.306495E+01   6.752008E+00   0.000000E+00   0.000000E+00   0.000000E+00   3.661678E+00   4.172293E+00   1.009511E+00         1
   5.309214E+01   5.309214E+01   6.751943E+00   0.000000E+00   0.000000E+00   0.000000E+00   3.662231E+00   4.171951E+00   1.010473E+00         1
   5.311932E+01   5.311932E+01   6.751878E+00   0.000000E+00   0.000000E+00   0.000000E+00   3.662815E+00   4.171639E+00   1.011389E+00         1
   5.314651E+01   5.314651E+01   6.751813E+00   0.000000E+00   0.000000E+00   0.000000E+00   3.663400E+00   4.171327E+00   1.012304E+00         1
   5.317369E+01   5.317369E+01   6.751747E+00   0.000000E+00   0.000000E+00   0.000000E+00   3.663984E+00   4.171016E+00   1.013219E+00         1
   5.320088E+01   5.320088E+01   6.751682E+00   0.000000E+00   0.000000E+00   0.000000E+00   3.664569E+00   4.170705E+00   1.014134E+00         1
   5.322806E+01   5.322806E+01   6.751617E+00   0.000000E+00   0.000000E+00   0.000000E+00   3.665154E+00   4.170393E+00   1.015049E+00         1
   5.325525E+01   5.325525E+01   6.751551E+00   0.000000E+00   0.000000E+00   0.000000E+00   3.665739E+00   4.170082E+00   1.015964E+00         1
   5.328243E+01   5.328243E+01   6.751486E+00   0.000000E+00   0.000000E+00   0.000000E+00   3.666342E+00   4.169792E+00   1.016846E+00         1
   5.330962E+01   5.330962E+01   6.751420E+00   0.000000E+00   0.000000E+00   0.000000E+00   3.666973E+00   4.169533E+00   1.017679E+00         1
   5.333680E+01   5.333680E+01   6.751354E+00   0.000000E+00   0.000000E+00   0.000000E+00   3.667603E+00   4.169274E+00   1.018512E+00         1
   5.336399E+01   5.336399E+01   6.751288E+00   0.000000E+00   0.000000E+00   0.000000E+00   3.668233E+00   4.169015E+00   1.019346E+00         1
   5.339117E+01   5.339117E+01   6.751222E+00   0.000000E+00   0.000000E+00   0.000000E+00   3.668863E+00   4.168755E+00   1.020179E+00         1
   5.341836E+01   5.341836E+01   6.751156E+00   0.000000E+00   0.000000E+00   0.000000E+00   3.669493E+00   4.168496E+00   1.021013E+00         1
   5.344554E+01   5.344554E+01   6.751090E+00   0.000000E+00   0.000000E+00   0.000000E+00   3.670123E+00   4.168237E+00   1.021846E+00         1
   5.347273E+01   5.347273E+01   6.751023E+00   0.000000E+00   0.000000E+00   0.000000E+00   3.670817E+00   4.168058E+00   1.022551E+00         1
   5.349991E+01   5.349991E+01   6.750956E+00   0.000000E+00   0.000000E+00   0.000000E+00   3.671514E+00   4.167883E+00   1.023249E+00         1
   5.352710E+01   5.352710E+01   6.750889E+00   0.000000E+00   0.000000E+00   0.000000E+00   3.672212E+00   4.167708E+00   1.023948E+00         1
   5.355428E+01   5.355428E+01   6.750822E+00   0.000000E+00   0.000000E+00   0.000000E+00   3.672909E+00   4.167534E+00   1.024646E+00         1
   5.358147E+01   5.358147E+01   6.750755E+00   0.000000E+00   0.000000E+00   0.000000E+00   3.673606E+00   4.167359E+00   1.025344E+00         1
   5.360865E+01   5.360865E+01   6.750688E+00   0.000000E+00   0.000000E+00   0.000000E+00   3.674303E+00   4.167184E+00   1.026042E+00         1
   5.363584E+01   5.363584E+01   6.750620E+00   0.000000E+00   0.000000E+00   0.000000E+00   3.675079E+00   4.167113E+00   1.026572E+00         1
   5.366302E+01   5.366302E+01   6.750551E+00   0.000000E+00   0.000000E+00   0.000000E+00   3.675877E+00   4.167072E+00   1.027054E+00         1
   5.369021E+01   5.369021E+01   6.750483E+00   0.000000E+00   0.000000E+00   0.000000E+00   3.676675E+00   4.167030E+00   1.027537E+00         1
   5.371739E+01   5.371739E+01   6.750414E+00   0.000000E+00   0.000000E+00   0.000000E+00   3.677473E+00   4.166988E+00   1.028020E+00         1
   5.374458E+01   5.374458E+01   6.750346E+00   0.000000E+00   0.000000E+00   0.000000E+00   3.678271E+00   4.166946E+00   1.028503E+00         1
   5.377176E+01   5.377176E+01   6.750277E+00   0.000000E+00   0.000000E+00   0.000000E+00   3.679110E+00   4.166952E+00   1.028891E+00         1
   5.379894E+01   5.379894E+01   6.750207E+00   0.000000E+00   0.000000E+00   0.000000E+00   3.680038E+00   4.167062E+00   1.029073E+00         1
   5.382613E+01   5.382613E+01   6.750137E+00   0.000000E+00   0.000000E+00   0.000000E+00   3.680966E+00   4.167173E+00   1.029255E+00         1
   5.385331E+01   5.385331E+01   6.750067E+00   0.000000E+00   0.000000E+00   0.000000E+00   3.681895E+00   4.167283E+00   1.029437E+00         1
   5.388050E+01   5.388050E+01   6.749997E+00   0.000000E+00   0.000000E+00   0.000000E+00   3.682823E+00   4.167394E+00   1.029619E+00         1
   5.390768E+01   5.390768E+01   6.749926E+00   1.861638E-02   1.861638E-02   0.000000E+00   3.683872E+00   4.167661E+00   1.029524E+00         1
   5.393487E+01   5.393487E+01   6.749855E+00   4.258406E-02   4.258406E-02   0.000000E+00   3.684955E+00   4.167973E+00   1.029350E+00         1
   5.396205E+01   5.396205E+01   6.749784E+00   6.655173E-02   6.655173E-02   0.000000E+00   3.686038E+00   4.168285E+00   1.029176E+00         1
   5.398924E+01   5.398924E+01   6.749712E+00   1.218081E-01   1.218081E-01   0.000000E+00   3.687157E+00   4.168650E+00   1.028917E+00         1
   5.401642E+01   5.401642E+01   6.749639E+00   3.858129E-01   3.858129E-01   0.000000E+00   3.688521E+00   4.169367E+00   1.028096E+00         1
   5.404361E+01   5.404361E+01   6.749565E+00   6.498178E-01   6.498178E-01   0.000000E+00   3.689885E+00   4.170084E+00   1.027276E+00         1
   5.407079E+01   5.407079E+01   6.749492E+00   8.894524E-01   8.894524E-01   0.000000E+00   3.691368E+00   4.170982E+00   1.026189E+00         1
   5.409798E+01   5.409798E+01   6.749417E+00   1.108346E+00   1.108346E+00   0.000000E+00   3.692953E+00   4.172034E+00   1.024876E+00         1
   5.412516E+01   5.412516E+01   6.749342E+00   1.243190E+00   1.243190E+00   0.000000E+00   3.694736E+00   4.173359E+00   1.023135E+00         1
   5.415235E+01   5.415235E+01   6.749266E+00   1.277060E+00   1.277060E+00   0.000000E+00   3.696757E+00   4.175011E+00   1.020881E+00         1
   5.417953E+01   5.417953E+01   6.749190E+00   1.286392E+00   1.286392E+00   0.000000E+00   3.698925E+00   4.176849E+00   1.018323E+00         1
   5.420672E+01   5.420672E+01   6.749112E+00   1.291772E+00   1.291772E+00   0.000000E+00   3.701786E+00   4.179538E+00   1.014403E+00         1
   5.423390E+01   5.423390E+01   6.749033E+00   1.294767E+00   1.294767E+00   0.000000E+00   3.705237E+00   4.182954E+00   1.009310E+00         1
   5.426109E+01   5.426109E+01   6.748952E+00   1.297678E+00   1.297678E+00   0.000000E+00   3.709152E+00   4.186822E+00   1.003541E+00         1
   5.428827E+01   5.428827E+01   6.748866E+00   1.298316E+00   1.298316E+00   0.000000E+00   3.717822E+00   4.195335E+00   9.908491E-01         1
   5.431546E+01   5.431546E+01   6.748783E+00   1.298462E+00   1.298462E+00   0.000000E+00   3.727418E+00   4.205015E+00   9.769373E-01         1
   5.434264E+01   5.434264E+01   6.748689E+00   1.302537E+00   1.302537E+00   0.000000E+00   3.754636E+00   4.209199E+00   9.821792E-01         1
   5.436983E+01   5.436983E+01   6.748588E+00   1.308509E+00   1.308509E+00   0.000000E+00   3.788720E+00   4.209503E+00   9.971931E-01         2
   5.437034E+01   5.437034E+01   6.748560E+00   1.308103E+00   1.308103E+00   0.000000E+00   3.740591E+00   4.154827E+00   1.083594E+00         2
   5.437086E+01   5.437086E+01   6.748559E+00   1.308147E+00   1.308147E+00   0.000000E+00   3.740413E+00   4.152112E+00   1.088939E+00         2
   5.437138E+01   5.437138E+01   6.748557E+00   1.308190E+00   1.308190E+00   0.000000E+00   3.740235E+00   4.149397E+00   1.094284E+00         2
   5.437189E+01   5.437189E+01   6.748555E+00   1.308356E+00   1.308356E+00   0.000000E+00   3.740162E+00   4.146584E+00   1.099868E+00         2
   5.437241E+01   5.437241E+01   6.748553E+00   1.308562E+00   1.308562E+00   0.000000E+00   3.740124E+00   4.143739E+00   1.105530E+00         2
   5.437293E+01   5.437293E+01   6.748551E+00   1.308832E+00   1.308832E+00   0.000000E+00   3.740146E+00   4.140838E+00   1.111328E+00         2
   5.437344E+01   5.437344E+01   6.748550E+00   1.309218E+00   1.309218E+00   0.000000E+00   3.740275E+00   4.137838E+00   1.117370E+00         2
   5.437396E+01   5.437396E+01   6.748548E+00   1.309608E+00   1.309608E+00   0.000000E+00   3.740405E+00   4.134837E+00   1.123413E+00         2
   5.437448E+01   5.437448E+01   6.748546E+00   1.310059E+00   1.310059E+00   0.000000E+00   3.740556E+00   4.131825E+00   1.129485E+00         2
   5.437499E+01   5.437499E+01   6.748544E+00   1.310510E+00   1.310510E+00   0.000000E+00   3.740706E+00   4.128814E+00   1.135558E+00         2
   5.437551E+01   5.437551E+01   6.748543E+00   1.311033E+00   1.311033E+00   0.000000E+00   3.740886E+00   4.125734E+00   1.141776E+00         2
   5.437603E+01   5.437603E+01   6.748541E+00   1.311579E+00   1.311579E+00   0.000000E+00   3.741076E+00   4.122633E+00   1.148042E+00         2
   5.437654E+01   5.437654E+01   6.748539E+00   1.312190E+00   1.312190E+00   0.000000E+00   3.741297E+00   4.119463E+00   1.154456E+00         2
   5.437706E+01   5.437706E+01   6.748538E+00   1.312863E+00   1.312863E+00   0.000000E+00   3.741550E+00   4.116225E+00   1.161016E+00         2
   5.437758E+01   5.437758E+01   6.748536E+00   1.313507E+00   1.313507E+00   0.000000E+00   3.741804E+00   4.112979E+00   1.167591E+00         2
   5.437809E+01   5.437809E+01   6.748534E+00   1.314092E+00   1.314092E+00   0.000000E+00   3.742062E+00   4.109717E+00   1.174199E+00         2
   5.437861E+01   5.437861E+01   6.748533E+00   1.314610E+00   1.314610E+00   0.000000E+00   3.742318E+00   4.106436E+00   1.180842E+00         2
   5.437913E+01   5.437913E+01   6.748531E+00   1.314788E+00   1.314788E+00   0.000000E+00   3.742562E+00   4.103060E+00   1.187665E+00         2
   5.437964E+01   5.437964E+01   6.748529E+00   1.314952E+00   1.314952E+00   0.000000E+00   3.742805E+00   4.099680E+00   1.194496E+00         2
   5.438016E+01   5.438016E+01   6.748528E+00   1.314919E+00   1.314919E+00   0.000000E+00   3.743040E+00   4.096237E+00   1.201443E+00         2
   5.438068E+01   5.438068E+01   6.748526E+00   1.314886E+00   1.314886E+00   0.000000E+00   3.743275E+00   4.092794E+00   1.208390E+00         2
   5.438119E+01   5.438119E+01   6.748525E+00   1.314830E+00   1.314830E+00   0.000000E+00   3.743475E+00   4.089275E+00   1.215469E+00         2
   5.438171E+01   5.438171E+01   6.748523E+00   1.314773E+00   1.314773E+00   0.000000E+00   3.743675E+00   4.085756E+00   1.222548E+00         2
   5.438223E+01   5.438223E+01   6.748522E+00   1.315070E+00   1.315070E+00   0.000000E+00   3.743828E+00   4.082145E+00   1.229782E+00         2
   5.438274E+01   5.438274E+01   6.748520E+00   1.315382E+00   1.315382E+00   0.000000E+00   3.743978E+00   4.078532E+00   1.237022E+00         2
   5.438326E+01   5.438326E+01   6.748519E+00   1.316227E+00   1.316227E+00   0.000000E+00   3.744083E+00   4.074846E+00   1.244378E+00         2
   5.438378E+01   5.438378E+01   6.748517E+00   1.317078E+00   1.317078E+00   0.000000E+00   3.744184E+00   4.071157E+00   1.251741E+00         2
   5.438429E+01   5.438429E+01   6.748516E+00   1.317584E+00   1.317584E+00   0.000000E+00   3.744215E+00   4.067369E+00   1.259263E+00         2
   5.438481E+01   5.438481E+01   6.748514E+00   1.318047E+00   1.318047E+00   0.000000E+00   3.744240E+00   4.063572E+00   1.266799E+00         2
   5.438533E+01   5.438533E+01   6.748513E+00   1.318160E+00   1.318160E+00   0.000000E+00   3.744216E+00   4.059709E+00   1.274441E+00         2
   5.438584E+01   5.438584E+01   6.748512E+00   1.318405E+00   1.318405E+00   0.000000E+00   3.744171E+00   4.055820E+00   1.282123E+00         2
   5.438636E+01   5.438636E+01   6.748510E+00   1.319080E+00   1.319080E+00   0.000000E+00   3.744063E+00   4.051848E+00   1.289937E+00         2
   5.438687E+01   5.438687E+01   6.748509E+00   1.319714E+00   1.319714E+00   0.000000E+00   3.743926E+00   4.047840E+00   1.297809E+00         2
   5.438739E+01   5.438739E+01   6.748508E+00   1.320289E+00   1.320289E+00   0.000000E+00   3.743748E+00   4.043779E+00   1.305763E+00         2
   5.438791E+01   5.438791E+01   6.748507E+00   1.320634E+00   1.320634E+00   0.000000E+00   3.743530E+00   4.039667E+00   1.313808E+00         2
   5.438842E+01   5.438842E+01   6.748506E+00   1.320832E+00   1.320832E+00   0.000000E+00   3.743287E+00   4.035522E+00   1.321909E+00         2
   5.438894E+01   5.438894E+01   6.748504E+00   1.320901E+00   1.320901E+00   0.000000E+00   3.742957E+00   4.031265E+00   1.330385E+00         2
   5.438946E+01   5.438946E+01   6.748503E+00   1.320975E+00   1.320975E+00   0.000000E+00   3.742605E+00   4.026978E+00   1.338945E+00         2
   5.438997E+01   5.438997E+01   6.748502E+00   1.321221E+00   1.321221E+00   0.000000E+00   3.742203E+00   4.022627E+00   1.347614E+00         2
   5.439049E+01   5.439049E+01   6.748501E+00   1.321842E+00   1.321842E+00   0.000000E+00   3.741756E+00   4.018217E+00   1.356381E+00         2
   5.439101E+01   5.439101E+01   6.748499E+00   1.322910E+00   1.322910E+00   0.000000E+00   3.741255E+00   4.013735E+00   1.365265E+00         2
   5.439152E+01   5.439152E+01   6.748498E+00   1.323424E+00   1.323424E+00   0.000000E+00   3.740695E+00   4.009172E+00   1.374286E+00         2
   5.439204E+01   5.439204E+01   6.748496E+00   1.323745E+00   1.323745E+00   0.000000E+00   3.740106E+00   4.004569E+00   1.383374E+00         2
   5.439256E+01   5.439256E+01   6.748495E+00   1.323808E+00   1.323808E+00   0.000000E+00   3.739459E+00   3.999888E+00   1.392595E+00         2
   5.439307E+01   5.439307E+01   6.748493E+00   1.324037E+00   1.324037E+00   0.000000E+00   3.738746E+00   3.995112E+00   1.401973E+00         2
   5.439359E+01   5.439359E+01   6.748491E+00   1.324423E+00   1.324423E+00   0.000000E+00   3.737989E+00   3.990273E+00   1.411456E+00         2
   5.439411E+01   5.439411E+01   6.748490E+00   1.325299E+00   1.325299E+00   0.000000E+00   3.737173E+00   3.985351E+00   1.421075E+00         2
   5.439462E+01   5.439462E+01   6.748488E+00   1.326187E+00   1.326187E+00   0.000000E+00   3.736302E+00   3.980346E+00   1.430717E+00         2
   5.439514E+01   5.439514E+01   6.748487E+00   1.326964E+00   1.326964E+00   0.000000E+00   3.735384E+00   3.975273E+00   1.440405E+00         2
   5.439566E+01   5.439566E+01   6.748485E+00   1.327123E+00   1.327123E+00   0.000000E+00   3.734398E+00   3.970100E+00   1.450257E+00         2
   5.439617E+01   5.439617E+01   6.748484E+00   1.327301E+00   1.327301E+00   0.000000E+00   3.733348E+00   3.964830E+00   1.460274E+00         2
   5.439669E+01   5.439669E+01   6.748482E+00   1.327677E+00   1.327677E+00   0.000000E+00   3.732244E+00   3.959477E+00   1.470427E+00         2
   5.439721E+01   5.439721E+01   6.748481E+00   1.328419E+00   1.328419E+00   0.000000E+00   3.731081E+00   3.954035E+00   1.480730E+00         2
   5.439772E+01   5.439772E+01   6.748480E+00   1.329795E+00   1.329795E+00   0.000000E+00   3.729849E+00   3.948489E+00   1.491205E+00         2
   5.439824E+01   5.439824E+01   6.748479E+00   1.330478E+00   1.330478E+00   0.000000E+00   3.728542E+00   3.942829E+00   1.501873E+00         2
   5.439876E+01   5.439876E+01   6.748478E+00   1.330648E+00   1.330648E+00   0.000000E+00   3.727170E+00   3.937068E+00   1.512708E+00         2
   5.439927E+01   5.439927E+01   6.748477E+00   1.330572E+00   1.330572E+00   0.000000E+00   3.725742E+00   3.931223E+00   1.523685E+00         2
   5.439979E+01   5.439979E+01   6.748476E+00   1.330535E+00   1.330535E+00   0.000000E+00   3.724234E+00   3.925255E+00   1.534866E+00         2
   5.440031E+01   5.440031E+01   6.748475E+00   1.331659E+00   1.331659E+00   0.000000E+00   3.722631E+00   3.919141E+00   1.546293E+00         2
   5.440082E+01   5.440082E+01   6.748474E+00   1.333089E+00   1.333089E+00   0.000000E+00   3.720963E+00   3.912929E+00   1.557882E+00         2
   5.440134E+01   5.440134E+01   6.748473E+00   1.333967E+00   1.333967E+00   0.000000E+00   3.719216E+00   3.906595E+00   1.569677E+00         2
   5.440186E+01   5.440186E+01   6.748472E+00   1.334063E+00   1.334063E+00   0.000000E+00   3.717380E+00   3.900123E+00   1.581703E+00         2
   5.440237E+01   5.440237E+01   6.748472E+00   1.334126E+00   1.334126E+00   0.000000E+00   3.715467E+00   3.893532E+00   1.593928E+00         2
   5.440289E+01   5.440289E+01   6.748471E+00   1.334870E+00   1.334870E+00   0.000000E+00   3.713467E+00   3.886807E+00   1.606379E+00         2
   5.440341E+01   5.440341E+01   6.748471E+00   1.336729E+00   1.336729E+00   0.000000E+00   3.711349E+00   3.879891E+00   1.619150E+00         2
   5.440392E+01   5.440392E+01   6.748470E+00   1.337484E+00   1.337484E+00   0.000000E+00   3.709147E+00   3.872843E+00   1.632147E+00         2
   5.440444E+01   5.440444E+01   6.748469E+00   1.337460E+00   1.337460E+00   0.000000E+00   3.706829E+00   3.865598E+00   1.645477E+00         2
   5.440496E+01   5.440496E+01   6.748469E+00   1.337487E+00   1.337487E+00   0.000000E+00   3.704407E+00   3.858175E+00   1.659112E+00         2
   5.440547E+01   5.440547E+01   6.748468E+00   1.337761E+00   1.337761E+00   0.000000E+00   3.701866E+00   3.850548E+00   1.673095E+00         2
   5.440599E+01   5.440599E+01   6.748467E+00   1.337828E+00   1.337828E+00   0.000000E+00   3.699187E+00   3.842683E+00   1.687487E+00         2
   5.440651E+01   5.440651E+01   6.748466E+00   1.338055E+00   1.338055E+00   0.000000E+00   3.696398E+00   3.834629E+00   1.702200E+00         2
   5.440702E+01   5.440702E+01   6.748466E+00   1.340169E+00   1.340169E+00   0.000000E+00   3.693422E+00   3.826264E+00   1.717442E+00         2
   5.440754E+01   5.440754E+01   6.748465E+00   1.341319E+00   1.341319E+00   0.000000E+00   3.690312E+00   3.817690E+00   1.733035E+00         2
   5.440805E+01   5.440805E+01   6.748464E+00   1.341317E+00   1.341317E+00   0.000000E+00   3.687014E+00   3.808831E+00   1.749105E+00         2
   5.440857E+01   5.440857E+01   6.748463E+00   1.341317E+00   1.341317E+00   0.000000E+00   3.683549E+00   3.799732E+00   1.765577E+00         2
   5.440909E+01   5.440909E+01   6.748462E+00   1.342120E+00   1.342120E+00   0.000000E+00   3.679839E+00   3.790294E+00   1.782615E+00         2
   5.440960E+01   5.440960E+01   6.748461E+00   1.344496E+00   1.344496E+00   0.000000E+00   3.675906E+00   3.780566E+00   1.800124E+00         2
   5.441012E+01   5.441012E+01   6.748461E+00   1.345485E+00   1.345485E+00   0.000000E+00   3.671707E+00   3.770510E+00   1.818156E+00         2
   5.441064E+01   5.441064E+01   6.748460E+00   1.345357E+00   1.345357E+00   0.000000E+00   3.667215E+00   3.760120E+00   1.836691E+00         2
   5.441115E+01   5.441115E+01   6.748459E+00   1.345294E+00   1.345294E+00   0.000000E+00   3.662377E+00   3.749379E+00   1.855735E+00         2
   5.441167E+01   5.441167E+01   6.748458E+00   1.345294E+00   1.345294E+00   0.000000E+00   3.657157E+00   3.738312E+00   1.875241E+00         2
   5.441219E+01   5.441219E+01   6.748457E+00   1.345401E+00   1.345401E+00   0.000000E+00   3.651489E+00   3.726946E+00   1.895120E+00         2
   5.441270E+01   5.441270E+01   6.748455E+00   1.348257E+00   1.348257E+00   0.000000E+00   3.645249E+00   3.715336E+00   1.915165E+00         2
   5.441322E+01   5.441322E+01   6.748454E+00   1.349367E+00   1.349367E+00   0.000000E+00   3.638438E+00   3.703786E+00   1.934896E+00         2
   5.441374E+01   5.441374E+01   6.748453E+00   1.349261E+00   1.349261E+00   0.000000E+00   3.630780E+00   3.693152E+00   1.952530E+00         2
   5.441425E+01   5.441425E+01   6.748452E+00   1.349152E+00   1.349152E+00   0.000000E+00   3.622417E+00   3.683463E+00   1.967886E+00         2
   5.441477E+01   5.441477E+01   6.748451E+00   1.349421E+00   1.349421E+00   0.000000E+00   3.613310E+00   3.675101E+00   1.980050E+00         2
   5.441529E+01   5.441529E+01   6.748450E+00   1.350711E+00   1.350711E+00   0.000000E+00   3.604468E+00   3.668576E+00   1.988632E+00         2
   5.441580E+01   5.441580E+01   6.748448E+00   1.351824E+00   1.351824E+00   0.000000E+00   3.596261E+00   3.663734E+00   1.994078E+00         2
   5.441632E+01   5.441632E+01   6.748447E+00   1.352772E+00   1.352772E+00   0.000000E+00   3.588131E+00   3.659967E+00   1.997429E+00         2
   5.441684E+01   5.441684E+01   6.748446E+00   1.353855E+00   1.353855E+00   0.000000E+00   3.579806E+00   3.656488E+00   2.000186E+00         2
   5.441735E+01   5.441735E+01   6.748445E+00   1.354749E+00   1.354749E+00   0.000000E+00   3.571515E+00   3.653203E+00   2.002610E+00         2
   5.441787E+01   5.441787E+01   6.748444E+00   1.355014E+00   1.355014E+00   0.000000E+00   3.563541E+00   3.650054E+00   2.004922E+00         2
   5.441839E+01   5.441839E+01   6.748443E+00   1.355523E+00   1.355523E+00   0.000000E+00   3.556959E+00   3.646998E+00   2.007742E+00         2
   5.441890E+01   5.441890E+01   6.748442E+00   1.356142E+00   1.356142E+00   0.000000E+00   3.551226E+00   3.643971E+00   2.010950E+00         2
   5.441942E+01   5.441942E+01   6.748440E+00   1.357099E+00   1.357099E+00   0.000000E+00   3.548683E+00   3.640993E+00   2.015769E+00         2
   5.441994E+01   5.441994E+01   6.748439E+00   1.358010E+00   1.358010E+00   0.000000E+00   3.546526E+00   3.637994E+00   2.020805E+00         2
   5.442045E+01   5.442045E+01   6.748438E+00   1.358249E+00   1.358249E+00   0.000000E+00   3.549954E+00   3.634677E+00   2.029000E+00         2
   5.442097E+01   5.442097E+01   6.748437E+00   1.358426E+00   1.358426E+00   0.000000E+00   3.554857E+00   3.631318E+00   2.038051E+00         2
   5.442149E+01   5.442149E+01   6.748436E+00   1.358397E+00   1.358397E+00   0.000000E+00   3.564617E+00   3.627824E+00   2.049919E+00         2
   5.442149E+01   5.442149E+01   6.748436E+00   1.358397E+00   1.358397E+00   0.000000E+00   3.564617E+00   3.627824E+00   2.049919E+00         3
   5.442226E+01   5.442226E+01   6.748434E+00   1.361558E+00   1.361558E+00   0.000000E+00   3.590564E+00   3.622200E+00   2.074141E+00         3
   5.442302E+01   5.442302E+01   6.748432E+00   1.362207E+00   1.362207E+00   0.000000E+00   3.624778E+00   3.616424E+00   2.102800E+00         3
   5.442379E+01   5.442379E+01   6.748429E+00   1.362651E+00   1.362651E+00   0.000000E+00   3.665089E+00   3.610626E+00   2.134552E+00         3
   5.442456E+01   5.442456E+01   6.748426E+00   1.365103E+00   1.365103E+00   0.000000E+00   3.706435E+00   3.605322E+00   2.165832E+00         3
   5.442533E+01   5.442533E+01   6.748423E+00   1.365313E+00   1.365313E+00   0.000000E+00   3.743619E+00   3.600790E+00   2.193489E+00         3
   5.442610E+01   5.442610E+01   6.748419E+00   1.367575E+00   1.367575E+00   0.000000E+00   3.773843E+00   3.597203E+00   2.215774E+00         3
   5.442687E+01   5.442687E+01   6.748414E+00   1.368136E+00   1.368136E+00   0.000000E+00   3.797471E+00   3.594455E+00   2.233085E+00         3
   5.442764E+01   5.442764E+01   6.748409E+00   1.368701E+00   1.368701E+00   0.000000E+00   3.815002E+00   3.592418E+00   2.245923E+00         3
   5.442841E+01   5.442841E+01   6.748404E+00   1.370616E+00   1.370616E+00   0.000000E+00   3.828788E+00   3.590807E+00   2.256038E+00         3
   5.442918E+01   5.442918E+01   6.748398E+00   1.371199E+00   1.371199E+00   0.000000E+00   3.839305E+00   3.589586E+00   2.263740E+00         3
   5.442995E+01   5.442995E+01   6.748393E+00   1.372493E+00   1.372493E+00   0.000000E+00   3.847823E+00   3.588595E+00   2.269980E+00         3
   5.443072E+01   5.443072E+01   6.748387E+00   1.374195E+00   1.374195E+00   0.000000E+00   3.855311E+00   3.587724E+00   2.275467E+00         3
   5.443148E+01   5.443148E+01   6.748381E+00   1.376119E+00   1.376119E+00   0.000000E+00   3.861918E+00   3.586955E+00   2.280308E+00         3
   5.443225E+01   5.443225E+01   6.748374E+00   1.377592E+00   1.377592E+00   0.000000E+00   3.867892E+00   3.586261E+00   2.284683E+00         3
   5.443302E+01   5.443302E+01   6.748368E+00   1.378889E+00   1.378889E+00   0.000000E+00   3.873617E+00   3.585597E+00   2.288874E+00         3
   5.443379E+01   5.443379E+01   6.748361E+00   1.379580E+00   1.379580E+00   0.000000E+00   3.878866E+00   3.584986E+00   2.292720E+00         3
   5.443456E+01   5.443456E+01   6.748355E+00   1.380159E+00   1.380159E+00   0.000000E+00   3.884026E+00   3.584385E+00   2.296501E+00         3
   5.443533E+01   5.443533E+01   6.748348E+00   1.381474E+00   1.381474E+00   0.000000E+00   3.888887E+00   3.583813E+00   2.300075E+00         3
   5.443610E+01   5.443610E+01   6.748341E+00   1.382971E+00   1.382971E+00   0.000000E+00   3.893673E+00   3.583249E+00   2.303598E+00         3
   5.443687E+01   5.443687E+01   6.748334E+00   1.384311E+00   1.384311E+00   0.000000E+00   3.898323E+00   3.582708E+00   2.307005E+00         3
   5.443764E+01   5.443764E+01   6.748327E+00   1.385558E+00   1.385558E+00   0.000000E+00   3.902894E+00   3.582180E+00   2.310345E+00         3
   5.443841E+01   5.443841E+01   6.748319E+00   1.386972E+00   1.386972E+00   0.000000E+00   3.907399E+00   3.581662E+00   2.313634E+00         3
   5.443918E+01   5.443918E+01   6.748312E+00   1.388660E+00   1.388660E+00   0.000000E+00   3.911795E+00   3.581158E+00   2.316841E+00         3
   5.443995E+01   5.443995E+01   6.748304E+00   1.390342E+00   1.390342E+00   0.000000E+00   3.916186E+00   3.580654E+00   2.320044E+00         3
   5.444071E+01   5.444071E+01   6.748296E+00   1.391900E+00   1.391900E+00   0.000000E+00   3.920493E+00   3.580165E+00   2.323176E+00         3
   5.444148E+01   5.444148E+01   6.748288E+00   1.393458E+00   1.393458E+00   0.000000E+00   3.924799E+00   3.579675E+00   2.326308E+00         3
   5.444225E+01   5.444225E+01   6.748280E+00   1.394655E+00   1.394655E+00   0.000000E+00   3.929063E+00   3.579195E+00   2.329401E+00         3
   5.444302E+01   5.444302E+01   6.748272E+00   1.395690E+00   1.395690E+00   0.000000E+00   3.933309E+00   3.578719E+00   2.332476E+00         3
   5.444379E+01   5.444379E+01   6.748263E+00   1.396776E+00   1.396776E+00   0.000000E+00   3.937539E+00   3.578247E+00   2.335534E+00         3
   5.444456E+01   5.444456E+01   6.748255E+00   1.397985E+00   1.397985E+00   0.000000E+00   3.941734E+00   3.577786E+00   2.338553E+00         3
   5.444533E+01   5.444533E+01   6.748246E+00   1.399195E+00   1.399195E+00   0.000000E+00   3.945930E+00   3.577325E+00   2.341573E+00         3
   5.444610E+01   5.444610E+01   6.748238E+00   1.400877E+00   1.400877E+00   0.000000E+00   3.950093E+00   3.576880E+00   2.344545E+00         3
   5.444687E+01   5.444687E+01   6.748229E+00   1.402626E+00   1.402626E+00   0.000000E+00   3.954252E+00   3.576436E+00   2.347512E+00         3
   5.444764E+01   5.444764E+01   6.748220E+00   1.404039E+00   1.404039E+00   0.000000E+00   3.958400E+00   3.576001E+00   2.350458E+00         3
   5.444841E+01   5.444841E+01   6.748210E+00   1.405026E+00   1.405026E+00   0.000000E+00   3.962534E+00   3.575574E+00   2.353377E+00         3
   5.444917E+01   5.444917E+01   6.748201E+00   1.406013E+00   1.406013E+00   0.000000E+00   3.966668E+00   3.575148E+00   2.356297E+00         3
   5.444994E+01   5.444994E+01   6.748191E+00   1.408340E+00   1.408340E+00   0.000000E+00   3.970705E+00   3.574720E+00   2.359172E+00         3
   5.445071E+01   5.445071E+01   6.748182E+00   1.410689E+00   1.410689E+00   0.000000E+00   3.974741E+00   3.574292E+00   2.362046E+00         3
   5.445148E+01   5.445148E+01   6.748172E+00   1.412368E+00   1.412368E+00   0.000000E+00   3.978754E+00   3.573874E+00   2.364888E+00         3
   5.445225E+01   5.445225E+01   6.748162E+00   1.413338E+00   1.413338E+00   0.000000E+00   3.982744E+00   3.573466E+00   2.367698E+00         3
   5.445302E+01   5.445302E+01   6.748152E+00   1.414308E+00   1.414308E+00   0.000000E+00   3.986733E+00   3.573059E+00   2.370508E+00         3
   5.445379E+01   5.445379E+01   6.748141E+00   1.415925E+00   1.415925E+00   0.000000E+00   3.990727E+00   3.572655E+00   2.373312E+00         3
   5.445456E+01   5.445456E+01   6.748131E+00   1.417572E+00   1.417572E+00   0.000000E+00   3.994721E+00   3.572252E+00   2.376116E+00         3
   5.445533E+01   5.445533E+01   6.748120E+00   1.419230E+00   1.419230E+00   0.000000E+00   3.998691E+00   3.571851E+00   2.378902E+00         3
   5.445610E+01   5.445610E+01   6.748109E+00   1.420902E+00   1.420902E+00   0.000000E+00   4.002628E+00   3.571454E+00   2.381664E+00         3
   5.445687E+01   5.445687E+01   6.748098E+00   1.422575E+00   1.422575E+00   0.000000E+00   4.006564E+00   3.571058E+00   2.384426E+00         3
   5.445763E+01   5.445763E+01   6.748087E+00   1.423999E+00   1.423999E+00   0.000000E+00   4.010518E+00   3.570660E+00   2.387199E+00         3
   5.445840E+01   5.445840E+01   6.748076E+00   1.425384E+00   1.425384E+00   0.000000E+00   4.014475E+00   3.570261E+00   2.389974E+00         3
   5.445917E+01   5.445917E+01   6.748064E+00   1.426784E+00   1.426784E+00   0.000000E+00   4.018442E+00   3.569862E+00   2.392756E+00         3
   5.445994E+01   5.445994E+01   6.748052E+00   1.428221E+00   1.428221E+00   0.000000E+00   4.022434E+00   3.569462E+00   2.395552E+00         3
   5.446071E+01   5.446071E+01   6.748041E+00   1.429658E+00   1.429658E+00   0.000000E+00   4.026425E+00   3.569061E+00   2.398349E+00         3
   5.446148E+01   5.446148E+01   6.748029E+00   1.431105E+00   1.431105E+00   0.000000E+00   4.030338E+00   3.568669E+00   2.401090E+00         3
   5.446225E+01   5.446225E+01   6.748016E+00   1.432555E+00   1.432555E+00   0.000000E+00   4.034221E+00   3.568279E+00   2.403811E+00         3
   5.446302E+01   5.446302E+01   6.748004E+00   1.433996E+00   1.433996E+00   0.000000E+00   4.038105E+00   3.567891E+00   2.406529E+00         3
   5.446379E+01   5.446379E+01   6.747991E+00   1.435333E+00   1.435333E+00   0.000000E+00   4.041993E+00   3.567518E+00   2.409219E+00         3
   5.446456E+01   5.446456E+01   6.747978E+00   1.436670E+00   1.436670E+00   0.000000E+00   4.045882E+00   3.567145E+00   2.411910E+00         3
   5.446533E+01   5.446533E+01   6.747965E+00   1.438247E+00   1.438247E+00   0.000000E+00   4.049693E+00   3.566781E+00   2.414544E+00         3
   5.446610E+01   5.446610E+01   6.747952E+00   1.440190E+00   1.440190E+00   0.000000E+00   4.053388E+00   3.566431E+00   2.417092E+00         3
   5.446686E+01   5.446686E+01   6.747939E+00   1.442132E+00   1.442132E+00   0.000000E+00   4.057083E+00   3.566080E+00   2.419639E+00         3
   5.446763E+01   5.446763E+01   6.747925E+00   1.443706E+00   1.443706E+00   0.000000E+00   4.060756E+00   3.565736E+00   2.422164E+00         3
   5.446840E+01   5.446840E+01   6.747911E+00   1.444936E+00   1.444936E+00   0.000000E+00   4.064409E+00   3.565398E+00   2.424668E+00         3
   5.446917E+01   5.446917E+01   6.747897E+00   1.446165E+00   1.446165E+00   0.000000E+00   4.068062E+00   3.565059E+00   2.427171E+00         3
   5.446994E+01   5.446994E+01   6.747883E+00   1.447434E+00   1.447434E+00   0.000000E+00   4.071591E+00   3.564729E+00   2.429595E+00         3
   5.447071E+01   5.447071E+01   6.747868E+00   1.448744E+00   1.448744E+00   0.000000E+00   4.074989E+00   3.564409E+00   2.431936E+00         3
   5.447148E+01   5.447148E+01   6.747854E+00   1.450053E+00   1.450053E+00   0.000000E+00   4.078387E+00   3.564088E+00   2.434277E+00         3
   5.447225E+01   5.447225E+01   6.747839E+00   1.451388E+00   1.451388E+00   0.000000E+00   4.081678E+00   3.563778E+00   2.436542E+00         3
   5.447302E+01   5.447302E+01   6.747824E+00   1.452852E+00   1.452852E+00   0.000000E+00   4.084426E+00   3.563526E+00   2.438421E+00         3
   5.447379E+01   5.447379E+01   6.747808E+00   1.454315E+00   1.454315E+00   0.000000E+00   4.087173E+00   3.563273E+00   2.440299E+00         3
   5.447456E+01   5.447456E+01   6.747793E+00   1.455779E+00   1.455779E+00   0.000000E+00   4.089921E+00   3.563021E+00   2.442178E+00         3
   5.447532E+01   5.447532E+01   6.747778E+00   1.457233E+00   1.457233E+00   0.000000E+00   4.092468E+00   3.562788E+00   2.443917E+00         3
   5.447609E+01   5.447609E+01   6.747762E+00   1.458651E+00   1.458651E+00   0.000000E+00   4.094310E+00   3.562626E+00   2.445162E+00         3
   5.447686E+01   5.447686E+01   6.747746E+00   1.460069E+00   1.460069E+00   0.000000E+00   4.096152E+00   3.562464E+00   2.446408E+00         3
   5.447763E+01   5.447763E+01   6.747730E+00   1.461487E+00   1.461487E+00   0.000000E+00   4.097993E+00   3.562301E+00   2.447653E+00         3
   5.447840E+01   5.447840E+01   6.747714E+00   1.462905E+00   1.462905E+00   0.000000E+00   4.099835E+00   3.562139E+00   2.448898E+00         3
   5.447917E+01   5.447917E+01   6.747698E+00   1.464323E+00   1.464323E+00   0.000000E+00   4.101676E+00   3.561977E+00   2.450143E+00         3
   5.447994E+01   5.447994E+01   6.747682E+00   1.465615E+00   1.465615E+00   0.000000E+00   4.102632E+00   3.561894E+00   2.450787E+00         3
   5.448071E+01   5.448071E+01   6.747665E+00   1.466904E+00   1.466904E+00   0.000000E+00   4.103572E+00   3.561813E+00   2.451420E+00         3
   5.448148E+01   5.448148E+01   6.747649E+00   1.468194E+00   1.468194E+00   0.000000E+00   4.104512E+00   3.561731E+00   2.452052E+00         3
   5.448225E+01   5.448225E+01   6.747632E+00   1.469483E+00   1.469483E+00   0.000000E+00   4.105453E+00   3.561650E+00   2.452685E+00         3
   5.448302E+01   5.448302E+01   6.747616E+00   1.470773E+00   1.470773E+00   0.000000E+00   4.106393E+00   3.561569E+00   2.453318E+00         3
   5.448378E+01   5.448378E+01   6.747599E+00   1.472062E+00   1.472062E+00   0.000000E+00   4.107333E+00   3.561487E+00   2.453951E+00         3
   5.448455E+01   5.448455E+01   6.747583E+00   1.473352E+00   1.473352E+00   0.000000E+00   4.108273E+00   3.561406E+00   2.454584E+00         3
   5.448532E+01   5.448532E+01   6.747566E+00   1.474641E+00   1.474641E+00   0.000000E+00   4.109213E+00   3.561324E+00   2.455217E+00         3
   5.448609E+01   5.448609E+01   6.747549E+00   1.475837E+00   1.475837E+00   0.000000E+00   4.109869E+00   3.561271E+00   2.455651E+00         3
   5.448686E+01   5.448686E+01   6.747532E+00   1.476940E+00   1.476940E+00   0.000000E+00   4.110245E+00   3.561245E+00   2.455891E+00         3
   5.448763E+01   5.448763E+01   6.747515E+00   1.478043E+00   1.478043E+00   0.000000E+00   4.110621E+00   3.561219E+00   2.456131E+00         3
   5.448840E+01   5.448840E+01   6.747498E+00   1.479146E+00   1.479146E+00   0.000000E+00   4.110997E+00   3.561193E+00   2.456371E+00         3
   5.448917E+01   5.448917E+01   6.747481E+00   1.480249E+00   1.480249E+00   0.000000E+00   4.111374E+00   3.561167E+00   2.456611E+00         3
   5.448994E+01   5.448994E+01   6.747465E+00   1.481352E+00   1.481352E+00   0.000000E+00   4.111750E+00   3.561141E+00   2.456851E+00         3
   5.449071E+01   5.449071E+01   6.747448E+00   1.482455E+00   1.482455E+00   0.000000E+00   4.112126E+00   3.561115E+00   2.457091E+00         3
   5.449148E+01   5.449148E+01   6.747431E+00   1.483558E+00   1.483558E+00   0.000000E+00   4.112502E+00   3.561090E+00   2.457331E+00         3
   5.449225E+01   5.449225E+01   6.747414E+00   1.484660E+00   1.484660E+00   0.000000E+00   4.112879E+00   3.561064E+00   2.457571E+00         3
   5.449301E+01   5.449301E+01   6.747397E+00   1.485763E+00   1.485763E+00   0.000000E+00   4.113255E+00   3.561038E+00   2.457811E+00         3
   5.449378E+01   5.449378E+01   6.747380E+00   1.486866E+00   1.486866E+00   0.000000E+00   4.113631E+00   3.561012E+00   2.458051E+00         3
   5.449455E+01   5.449455E+01   6.747363E+00   1.487969E+00   1.487969E+00   0.000000E+00   4.114008E+00   3.560986E+00   2.458291E+00         3
   5.449532E+01   5.449532E+01   6.747346E+00   1.489072E+00   1.489072E+00   0.000000E+00   4.114384E+00   3.560960E+00   2.458531E+00         3
   5.449609E+01   5.449609E+01   6.747329E+00   1.490175E+00   1.490175E+00   0.000000E+00   4.114760E+00   3.560934E+00   2.458771E+00         3
   5.449686E+01   5.449686E+01   6.747312E+00   1.491278E+00   1.491278E+00   0.000000E+00   4.115136E+00   3.560908E+00   2.459011E+00         3
   5.449763E+01   5.449763E+01   6.747295E+00   1.492381E+00   1.492381E+00   0.000000E+00   4.115513E+00   3.560882E+00   2.459251E+00         3
   5.449840E+01   5.449840E+01   6.747278E+00   1.493484E+00   1.493484E+00   0.000000E+00   4.115889E+00   3.560856E+00   2.459491E+00         3
   5.449840E+01   5.449840E+01   6.747278E+00   1.493484E+00   1.493484E+00   0.000000E+00   4.115889E+00   3.560856E+00   2.459491E+00         4
   5.453495E+01   5.453495E+01   6.746467E+00   1.537507E+00   1.537507E+00   0.000000E+00   4.112309E+00   3.561396E+00   2.456622E+00         4
   5.457149E+01   5.457149E+01   6.745671E+00   1.572844E+00   1.572844E+00   0.000000E+00   4.106662E+00   3.562036E+00   2.452519E+00         4
   5.460804E+01   5.460804E+01   6.744894E+00   1.603766E+00   1.603766E+00   0.000000E+00   4.100711E+00   3.562754E+00   2.448107E+00         4
   5.464459E+01   5.464459E+01   6.744134E+00   1.631187E+00   1.631187E+00   0.000000E+00   4.094318E+00   3.563432E+00   2.443553E+00         4
   5.468113E+01   5.468113E+01   6.743394E+00   1.655548E+00   1.655548E+00   0.000000E+00   4.087372E+00   3.564185E+00   2.438575E+00         4
   5.471768E+01   5.471768E+01   6.742676E+00   1.678050E+00   1.678050E+00   0.000000E+00   4.079776E+00   3.564986E+00   2.433176E+00         4
   5.475423E+01   5.475423E+01   6.741976E+00   1.698688E+00   1.698688E+00   0.000000E+00   4.071609E+00   3.565835E+00   2.427393E+00         4
   5.479078E+01   5.479078E+01   6.741298E+00   1.718059E+00   1.718059E+00   0.000000E+00   4.062758E+00   3.566793E+00   2.421052E+00         4
   5.482732E+01   5.482732E+01   6.740644E+00   1.735898E+00   1.735898E+00   0.000000E+00   4.053311E+00   3.567806E+00   2.414303E+00         4
   5.486387E+01   5.486387E+01   6.740017E+00   1.752875E+00   1.752875E+00   0.000000E+00   4.043105E+00   3.568872E+00   2.407068E+00         4
   5.490042E+01   5.490042E+01   6.739412E+00   1.768230E+00   1.768230E+00   0.000000E+00   4.032380E+00   3.570002E+00   2.399445E+00         4
   5.493697E+01   5.493697E+01   6.738834E+00   1.783236E+00   1.783236E+00   0.000000E+00   4.020818E+00   3.571218E+00   2.391232E+00         4
   5.497351E+01   5.497351E+01   6.738283E+00   1.797081E+00   1.797081E+00   0.000000E+00   4.008826E+00   3.572485E+00   2.382703E+00         4
   5.501006E+01   5.501006E+01   6.737758E+00   1.809933E+00   1.809933E+00   0.000000E+00   3.996407E+00   3.573820E+00   2.373822E+00         4
   5.504661E+01   5.504661E+01   6.737258E+00   1.821655E+00   1.821655E+00   0.000000E+00   3.983717E+00   3.575180E+00   2.364757E+00         4
   5.508316E+01   5.508316E+01   6.736782E+00   1.833260E+00   1.833260E+00   0.000000E+00   3.970886E+00   3.576605E+00   2.355492E+00         4
   5.511970E+01   5.511970E+01   6.736330E+00   1.843502E+00   1.843502E+00   0.000000E+00   3.958086E+00   3.578015E+00   2.346272E+00         4
   5.515625E+01   5.515625E+01   6.735901E+00   1.853684E+00   1.853684E+00   0.000000E+00   3.945463E+00   3.579378E+00   2.337234E+00         4
   5.519280E+01   5.519280E+01   6.735491E+00   1.862538E+00   1.862538E+00   0.000000E+00   3.933142E+00   3.580759E+00   2.328312E+00         4
   5.522934E+01   5.522934E+01   6.735101E+00   1.871524E+00   1.871524E+00   0.000000E+00   3.921304E+00   3.582105E+00   2.319701E+00         4
   5.526589E+01   5.526589E+01   6.734729E+00   1.879590E+00   1.879590E+00   0.000000E+00   3.909967E+00   3.583411E+00   2.311420E+00         4
   5.530244E+01   5.530244E+01   6.734373E+00   1.887548E+00   1.887548E+00   0.000000E+00   3.899249E+00   3.584679E+00   2.303526E+00         4
   5.533899E+01   5.533899E+01   6.734030E+00   1.894897E+00   1.894897E+00   0.000000E+00   3.889093E+00   3.585857E+00   2.296091E+00         4
   5.537553E+01   5.537553E+01   6.733701E+00   1.902176E+00   1.902176E+00   0.000000E+00   3.879655E+00   3.587045E+00   2.288996E+00         4
   5.541208E+01   5.541208E+01   6.733384E+00   1.908515E+00   1.908515E+00   0.000000E+00   3.870867E+00   3.588153E+00   2.282385E+00         4
   5.544863E+01   5.544863E+01   6.733077E+00   1.914666E+00   1.914666E+00   0.000000E+00   3.862722E+00   3.589234E+00   2.276151E+00         4
   5.548518E+01   5.548518E+01   6.732779E+00   1.920968E+00   1.920968E+00   0.000000E+00   3.855192E+00   3.590267E+00   2.270321E+00         4
   5.552172E+01   5.552172E+01   6.732488E+00   1.927023E+00   1.927023E+00   0.000000E+00   3.848266E+00   3.591255E+00   2.264882E+00         4
   5.555827E+01   5.555827E+01   6.732205E+00   1.932342E+00   1.932342E+00   0.000000E+00   3.841921E+00   3.592186E+00   2.259846E+00         4
   5.559482E+01   5.559482E+01   6.731925E+00   1.937503E+00   1.937503E+00   0.000000E+00   3.836076E+00   3.593086E+00   2.255125E+00         4
   5.563137E+01   5.563137E+01   6.731650E+00   1.943016E+00   1.943016E+00   0.000000E+00   3.830687E+00   3.593880E+00   2.250843E+00         4
   5.566791E+01   5.566791E+01   6.731373E+00   1.948136E+00   1.948136E+00   0.000000E+00   3.825649E+00   3.594679E+00   2.246726E+00         4
   5.570446E+01   5.570446E+01   6.731101E+00   1.952995E+00   1.952995E+00   0.000000E+00   3.820972E+00   3.595451E+00   2.242844E+00         4
   5.574101E+01   5.574101E+01   6.730844E+00   1.957462E+00   1.957462E+00   0.000000E+00   3.817014E+00   3.596139E+00   2.239487E+00         4
   5.577755E+01   5.577755E+01   6.730593E+00   1.961801E+00   1.961801E+00   0.000000E+00   3.813463E+00   3.596809E+00   2.236373E+00         4
   5.581410E+01   5.581410E+01   6.730358E+00   1.965848E+00   1.965848E+00   0.000000E+00   3.810839E+00   3.597433E+00   2.233811E+00         4
   5.585065E+01   5.585065E+01   6.730123E+00   1.969895E+00   1.969895E+00   0.000000E+00   3.808214E+00   3.598058E+00   2.231249E+00         4
   5.588720E+01   5.588720E+01   6.729894E+00   1.973695E+00   1.973695E+00   0.000000E+00   3.806207E+00   3.598641E+00   2.229081E+00         4
   5.592374E+01   5.592374E+01   6.729673E+00   1.977239E+00   1.977239E+00   0.000000E+00   3.804837E+00   3.599179E+00   2.227319E+00         4
   5.596029E+01   5.596029E+01   6.729451E+00   1.980783E+00   1.980783E+00   0.000000E+00   3.803467E+00   3.599717E+00   2.225558E+00         4
   5.599684E+01   5.599684E+01   6.729230E+00   1.984328E+00   1.984328E+00   0.000000E+00   3.802097E+00   3.600256E+00   2.223796E+00         4
   5.603339E+01   5.603339E+01   6.729010E+00   1.987838E+00   1.987838E+00   0.000000E+00   3.800947E+00   3.600794E+00   2.222145E+00         4
   5.606993E+01   5.606993E+01   6.728794E+00   1.991195E+00   1.991195E+00   0.000000E+00   3.800813E+00   3.601329E+00   2.221007E+00         4
   5.610648E+01   5.610648E+01   6.728579E+00   1.994552E+00   1.994552E+00   0.000000E+00   3.800679E+00   3.601865E+00   2.219869E+00         4
   5.614303E+01   5.614303E+01   6.728364E+00   1.997909E+00   1.997909E+00   0.000000E+00   3.800544E+00   3.602400E+00   2.218730E+00         4
   5.617958E+01   5.617958E+01   6.728149E+00   2.001266E+00   2.001266E+00   0.000000E+00   3.800410E+00   3.602936E+00   2.217592E+00         4
   5.621612E+01   5.621612E+01   6.727934E+00   2.004623E+00   2.004623E+00   0.000000E+00   3.800276E+00   3.603471E+00   2.216454E+00         4
   5.625267E+01   5.625267E+01   6.727717E+00   2.007722E+00   2.007722E+00   0.000000E+00   3.800838E+00   3.604021E+00   2.215636E+00         4
   5.628922E+01   5.628922E+01   6.727498E+00   2.010713E+00   2.010713E+00   0.000000E+00   3.801690E+00   3.604576E+00   2.214951E+00         4
   5.632576E+01   5.632576E+01   6.727280E+00   2.013705E+00   2.013705E+00   0.000000E+00   3.802542E+00   3.605132E+00   2.214266E+00         4
   5.636231E+01   5.636231E+01   6.727061E+00   2.016696E+00   2.016696E+00   0.000000E+00   3.803395E+00   3.605687E+00   2.213581E+00         4
   5.639886E+01   5.639886E+01   6.726839E+00   2.019705E+00   2.019705E+00   0.000000E+00   3.804525E+00   3.606282E+00   2.212958E+00         4
   5.643541E+01   5.643541E+01   6.726610E+00   2.022743E+00   2.022743E+00   0.000000E+00   3.806100E+00   3.606939E+00   2.212432E+00         4
   5.647195E+01   5.647195E+01   6.726381E+00   2.025781E+00   2.025781E+00   0.000000E+00   3.807675E+00   3.607596E+00   2.211905E+00         4
   5.650850E+01   5.650850E+01   6.726150E+00   2.028834E+00   2.028834E+00   0.000000E+00   3.809367E+00   3.608265E+00   2.211412E+00         4
   5.654505E+01   5.654505E+01   6.725914E+00   2.031962E+00   2.031962E+00   0.000000E+00   3.811632E+00   3.608998E+00   2.211079E+00         4
   5.658160E+01   5.658160E+01   6.725677E+00   2.035091E+00   2.035091E+00   0.000000E+00   3.813896E+00   3.609730E+00   2.210747E+00         4
   5.661814E+01   5.661814E+01   6.725439E+00   2.038008E+00   2.038008E+00   0.000000E+00   3.816535E+00   3.610540E+00   2.210447E+00         4
   5.665469E+01   5.665469E+01   6.725199E+00   2.040738E+00   2.040738E+00   0.000000E+00   3.819509E+00   3.611419E+00   2.210176E+00         4
   5.669124E+01   5.669124E+01   6.724959E+00   2.043501E+00   2.043501E+00   0.000000E+00   3.822677E+00   3.612332E+00   2.209933E+00         4
   5.672779E+01   5.672779E+01   6.724719E+00   2.046320E+00   2.046320E+00   0.000000E+00   3.826156E+00   3.613302E+00   2.209733E+00         4
   5.676433E+01   5.676433E+01   6.724477E+00   2.049282E+00   2.049282E+00   0.000000E+00   3.829737E+00   3.614312E+00   2.209503E+00         4
   5.680088E+01   5.680088E+01   6.724234E+00   2.052386E+00   2.052386E+00   0.000000E+00   3.833418E+00   3.615362E+00   2.209244E+00         4
   5.683743E+01   5.683743E+01   6.723987E+00   2.055156E+00   2.055156E+00   0.000000E+00   3.836886E+00   3.616397E+00   2.208908E+00         4
   5.687397E+01   5.687397E+01   6.723740E+00   2.057803E+00   2.057803E+00   0.000000E+00   3.840275E+00   3.617426E+00   2.208545E+00         4
   5.691052E+01   5.691052E+01   6.723491E+00   2.060428E+00   2.060428E+00   0.000000E+00   3.842640E+00   3.618148E+00   2.208283E+00         4
   5.694707E+01   5.694707E+01   6.723241E+00   2.063050E+00   2.063050E+00   0.000000E+00   3.844829E+00   3.618817E+00   2.208039E+00         4
   5.698362E+01   5.698362E+01   6.722992E+00   2.065600E+00   2.065600E+00   0.000000E+00   3.846504E+00   3.619287E+00   2.207937E+00         4
   5.702016E+01   5.702016E+01   6.722745E+00   2.067843E+00   2.067843E+00   0.000000E+00   3.845983E+00   3.618905E+00   2.208440E+00         4
   5.705671E+01   5.705671E+01   6.722499E+00   2.070087E+00   2.070087E+00   0.000000E+00   3.845463E+00   3.618524E+00   2.208943E+00         4
   5.709326E+01   5.709326E+01   6.722252E+00   2.072331E+00   2.072331E+00   0.000000E+00   3.844942E+00   3.618142E+00   2.209446E+00         4
   5.712981E+01   5.712981E+01   6.722005E+00   2.074553E+00   2.074553E+00   0.000000E+00   3.844178E+00   3.617657E+00   2.210033E+00         4
   5.716635E+01   5.716635E+01   6.721753E+00   2.076645E+00   2.076645E+00   0.000000E+00   3.841907E+00   3.616537E+00   2.211137E+00         4
   5.720290E+01   5.720290E+01   6.721501E+00   2.078737E+00   2.078737E+00   0.000000E+00   3.839636E+00   3.615418E+00   2.212242E+00         4
   5.723945E+01   5.723945E+01   6.721252E+00   2.080594E+00   2.080594E+00   0.000000E+00   3.837305E+00   3.614223E+00   2.213465E+00         4
   5.727600E+01   5.727600E+01   6.721004E+00   2.082442E+00   2.082442E+00   0.000000E+00   3.834971E+00   3.613026E+00   2.214692E+00         4
   5.731254E+01   5.731254E+01   6.720760E+00   2.083976E+00   2.083976E+00   0.000000E+00   3.833038E+00   3.611925E+00   2.215927E+00         4
   5.734909E+01   5.734909E+01   6.720516E+00   2.085482E+00   2.085482E+00   0.000000E+00   3.831139E+00   3.610832E+00   2.217164E+00         4
   5.738564E+01   5.738564E+01   6.720275E+00   2.087158E+00   2.087158E+00   7.700555E-03   3.829670E+00   3.609853E+00   2.218388E+00         4
   5.742218E+01   5.742218E+01   6.720035E+00   2.088916E+00   2.088916E+00   1.908324E-02   3.828408E+00   3.608928E+00   2.219607E+00         4
   5.745873E+01   5.745873E+01   6.719796E+00   2.090643E+00   2.090643E+00   3.080841E-02   3.827197E+00   3.608013E+00   2.220832E+00         4
   5.749528E+01   5.749528E+01   6.719558E+00   2.092016E+00   2.092016E+00   4.641096E-02   3.826579E+00   3.607216E+00   2.222116E+00         4
   5.753183E+01   5.753183E+01   6.719320E+00   2.093389E+00   2.093389E+00   6.201351E-02   3.825961E+00   3.606419E+00   2.223401E+00         4
   5.756837E+01   5.756837E+01   6.719082E+00   2.094622E+00   2.094622E+00   7.369395E-02   3.825509E+00   3.605643E+00   2.224728E+00         4
   5.760492E+01   5.760492E+01   6.718843E+00   2.095447E+00   2.095447E+00   7.389774E-02   3.825538E+00   3.604924E+00   2.226179E+00         4
   5.764147E+01   5.764147E+01   6.718603E+00   2.096272E+00   2.096272E+00   7.410153E-02   3.825567E+00   3.604206E+00   2.227631E+00         4
   5.767802E+01   5.767802E+01   6.718362E+00   2.096835E+00   2.096835E+00   2.622860E-01   3.825915E+00   3.603505E+00   2.229207E+00         4
   5.771456E+01   5.771456E+01   6.718119E+00   2.097110E+00   2.097110E+00   6.559644E-01   3.826609E+00   3.602823E+00   2.230918E+00         4
   5.775111E+01   5.775111E+01   6.717875E+00   2.097384E+00   2.097384E+00   1.049643E+00   3.827303E+00   3.602141E+00   2.232629E+00         4
   5.778766E+01   5.778766E+01   6.717625E+00   2.097817E+00   2.097817E+00   1.066881E+00   3.828683E+00   3.601425E+00   2.234751E+00         4
   5.782421E+01   5.782421E+01   6.717375E+00   2.098251E+00   2.098251E+00   1.079752E+00   3.830070E+00   3.600708E+00   2.236877E+00         4
   5.786075E+01   5.786075E+01   6.717117E+00   2.098650E+00   2.098650E+00   1.084097E+00   3.832117E+00   3.599953E+00   2.239411E+00         4
   5.789730E+01   5.789730E+01   6.716857E+00   2.099161E+00   2.099161E+00   1.087421E+00   3.834393E+00   3.599177E+00   2.242100E+00         4
   5.793385E+01   5.793385E+01   6.716589E+00   2.100137E+00   2.100137E+00   1.090041E+00   3.837329E+00   3.598333E+00   2.245258E+00         4
   5.797040E+01   5.797040E+01   6.716315E+00   2.101236E+00   2.101236E+00   1.074483E+00   3.840989E+00   3.597390E+00   2.248972E+00         4
   5.800694E+01   5.800694E+01   6.716037E+00   2.102605E+00   2.102605E+00   1.069370E+00   3.845511E+00   3.596351E+00   2.253312E+00         4
   5.804349E+01   5.804349E+01   6.715753E+00   2.103622E+00   2.103622E+00   1.070708E+00   3.851272E+00   3.595142E+00   2.258611E+00         4
   5.808004E+01   5.808004E+01   6.715461E+00   2.104809E+00   2.104809E+00   1.072098E+00   3.859584E+00   3.593553E+00   2.265946E+00         4
   5.811658E+01   5.811658E+01   6.715156E+00   2.106505E+00   2.106505E+00   1.072340E+00   3.873620E+00   3.591172E+00   2.277725E+00         4
   5.815313E+01   5.815313E+01   6.714822E+00   2.108128E+00   2.108128E+00   1.072340E+00   3.922832E+00   3.584129E+00   2.316417E+00         4
   5.815313E+01   5.815313E+01   6.714822E+00   2.108128E+00   2.108128E+00   1.072340E+00   3.922832E+00   3.584129E+00   2.316417E+00         5
   5.815346E+01   5.815346E+01   6.714818E+00   2.108231E+00   2.108231E+00   1.072340E+00   3.924424E+00   3.583922E+00   2.317626E+00         5
   5.815379E+01   5.815379E+01   6.714815E+00   2.108334E+00   2.108334E+00   1.072340E+00   3.926017E+00   3.583716E+00   2.318835E+00         5
   5.815412E+01   5.815412E+01   6.714811E+00   2.108437E+00   2.108437E+00   1.072340E+00   3.927609E+00   3.583509E+00   2.320044E+00         5
   5.815445E+01   5.815445E+01   6.714808E+00   2.108540E+00   2.108540E+00   1.072340E+00   3.929201E+00   3.583303E+00   2.321254E+00         5
   5.815478E+01   5.815478E+01   6.714804E+00   2.108624E+00   2.108624E+00   1.072340E+00   3.930897E+00   3.583085E+00   2.322537E+00         5
   5.815511E+01   5.815511E+01   6.714801E+00   2.108622E+00   2.108622E+00   1.072340E+00   3.933046E+00   3.582819E+00   2.324144E+00         5
   5.815544E+01   5.815544E+01   6.714797E+00   2.108620E+00   2.108620E+00   1.072340E+00   3.935195E+00   3.582553E+00   2.325751E+00         5
   5.815577E+01   5.815577E+01   6.714794E+00   2.108619E+00   2.108619E+00   1.072340E+00   3.937344E+00   3.582287E+00   2.327358E+00         5
   5.815610E+01   5.815610E+01   6.714790E+00   2.108617E+00   2.108617E+00   1.072340E+00   3.939578E+00   3.582012E+00   2.329023E+00         5
   5.815643E+01   5.815643E+01   6.714787E+00   2.108617E+00   2.108617E+00   1.072340E+00   3.942209E+00   3.581702E+00   2.330960E+00         5
   5.815677E+01   5.815677E+01   6.714783E+00   2.108617E+00   2.108617E+00   1.072340E+00   3.944839E+00   3.581391E+00   2.332897E+00         5
   5.815710E+01   5.815710E+01   6.714780E+00   2.108617E+00   2.108617E+00   1.072340E+00   3.947470E+00   3.581080E+00   2.334834E+00         5
   5.815743E+01   5.815743E+01   6.714776E+00   2.108656E+00   2.108656E+00   1.072340E+00   3.950155E+00   3.580768E+00   2.336800E+00         5
   5.815776E+01   5.815776E+01   6.714772E+00   2.108753E+00   2.108753E+00   1.072340E+00   3.952918E+00   3.580455E+00   2.338808E+00         5
   5.815809E+01   5.815809E+01   6.714768E+00   2.108850E+00   2.108850E+00   1.072340E+00   3.955682E+00   3.580142E+00   2.340816E+00         5
   5.815842E+01   5.815842E+01   6.714765E+00   2.108947E+00   2.108947E+00   1.072340E+00   3.958446E+00   3.579829E+00   2.342824E+00         5
   5.815875E+01   5.815875E+01   6.714761E+00   2.108993E+00   2.108993E+00   1.072340E+00   3.960964E+00   3.579547E+00   2.344647E+00         5
   5.815908E+01   5.815908E+01   6.714757E+00   2.108993E+00   2.108993E+00   1.072340E+00   3.963259E+00   3.579293E+00   2.346303E+00         5
   5.815941E+01   5.815941E+01   6.714753E+00   2.108993E+00   2.108993E+00   1.072340E+00   3.965554E+00   3.579039E+00   2.347959E+00         5
   5.815974E+01   5.815974E+01   6.714749E+00   2.108993E+00   2.108993E+00   1.072340E+00   3.967849E+00   3.578784E+00   2.349615E+00         5
   5.816007E+01   5.816007E+01   6.714745E+00   2.108993E+00   2.108993E+00   1.072340E+00   3.970144E+00   3.578530E+00   2.351270E+00         5
   5.816040E+01   5.816040E+01   6.714741E+00   2.109027E+00   2.109027E+00   1.072353E+00   3.971043E+00   3.578439E+00   2.351903E+00         5
   5.816073E+01   5.816073E+01   6.714737E+00   2.109070E+00   2.109070E+00   1.072369E+00   3.971570E+00   3.578391E+00   2.352263E+00         5
   5.816106E+01   5.816106E+01   6.714733E+00   2.109113E+00   2.109113E+00   1.072385E+00   3.972097E+00   3.578343E+00   2.352622E+00         5
   5.816139E+01   5.816139E+01   6.714729E+00   2.109156E+00   2.109156E+00   1.072402E+00   3.972624E+00   3.578294E+00   2.352982E+00         5
   5.816172E+01   5.816172E+01   6.714725E+00   2.109200E+00   2.109200E+00   1.072418E+00   3.973150E+00   3.578246E+00   2.353341E+00         5
   5.816205E+01   5.816205E+01   6.714721E+00   2.109243E+00   2.109243E+00   1.072434E+00   3.973677E+00   3.578198E+00   2.353701E+00         5
   5.816238E+01   5.816238E+01   6.714717E+00   2.109286E+00   2.109286E+00   1.072451E+00   3.974204E+00   3.578150E+00   2.354060E+00         5
   5.816271E+01   5.816271E+01   6.714713E+00   2.109329E+00   2.109329E+00   1.072467E+00   3.974730E+00   3.578102E+00   2.354420E+00         5
   5.816304E+01   5.816304E+01   6.714709E+00   2.109347E+00   2.109347E+00   1.072474E+00   3.974499E+00   3.578131E+00   2.354246E+00         5
   5.816337E+01   5.816337E+01   6.714705E+00   2.109346E+00   2.109346E+00   1.072474E+00   3.973658E+00   3.578222E+00   2.353643E+00         5
   5.816370E+01   5.816370E+01   6.714701E+00   2.109345E+00   2.109345E+00   1.072474E+00   3.972816E+00   3.578314E+00   2.353039E+00         5
   5.816403E+01   5.816403E+01   6.714697E+00   2.109344E+00   2.109344E+00   1.072474E+00   3.971974E+00   3.578405E+00   2.352436E+00         5
   5.816436E+01   5.816436E+01   6.714693E+00   2.109342E+00   2.109342E+00   1.072474E+00   3.971133E+00   3.578496E+00   2.351832E+00         5
   5.816469E+01   5.816469E+01   6.714689E+00   2.109341E+00   2.109341E+00   1.072474E+00   3.970291E+00   3.578588E+00   2.351229E+00         5
   5.816502E+01   5.816502E+01   6.714685E+00   2.109340E+00   2.109340E+00   1.072474E+00   3.969450E+00   3.578679E+00   2.350626E+00         5
   5.816535E+01   5.816535E+01   6.714681E+00   2.109339E+00   2.109339E+00   1.072474E+00   3.968608E+00   3.578770E+00   2.350022E+00         5
   5.816568E+01   5.816568E+01   6.714677E+00   2.109338E+00   2.109338E+00   1.072474E+00   3.967784E+00   3.578856E+00   2.349439E+00         5
   5.816601E+01   5.816601E+01   6.714673E+00   2.109338E+00   2.109338E+00   1.072474E+00   3.966968E+00   3.578938E+00   2.348867E+00         5
   5.816634E+01   5.816634E+01   6.714669E+00   2.109337E+00   2.109337E+00   1.072474E+00   3.966153E+00   3.579021E+00   2.348294E+00         5
   5.816667E+01   5.816667E+01   6.714665E+00   2.109337E+00   2.109337E+00   1.072474E+00   3.965337E+00   3.579103E+00   2.347721E+00         5
   5.816700E+01   5.816700E+01   6.714661E+00   2.109337E+00   2.109337E+00   1.072474E+00   3.964522E+00   3.579186E+00   2.347148E+00         5
   5.816733E+01   5.816733E+01   6.714657E+00   2.109336E+00   2.109336E+00   1.072474E+00   3.963706E+00   3.579268E+00   2.346576E+00         5
   5.816766E+01   5.816766E+01   6.714653E+00   2.109336E+00   2.109336E+00   1.072474E+00   3.962891E+00   3.579351E+00   2.346003E+00         5
   5.816800E+01   5.816800E+01   6.714649E+00   2.109336E+00   2.109336E+00   1.072474E+00   3.962076E+00   3.579433E+00   2.345430E+00         5
   5.816833E+01   5.816833E+01   6.714645E+00   2.109362E+00   2.109362E+00   1.072474E+00   3.961450E+00   3.579496E+00   2.344991E+00         5
   5.816866E+01   5.816866E+01   6.714641E+00   2.109414E+00   2.109414E+00   1.072473E+00   3.961019E+00   3.579540E+00   2.344688E+00         5
   5.816899E+01   5.816899E+01   6.714638E+00   2.109467E+00   2.109467E+00   1.072473E+00   3.960588E+00   3.579583E+00   2.344386E+00         5
   5.816932E+01   5.816932E+01   6.714634E+00   2.109520E+00   2.109520E+00   1.072472E+00   3.960157E+00   3.579627E+00   2.344084E+00         5
   5.816965E+01   5.816965E+01   6.714630E+00   2.109573E+00   2.109573E+00   1.072471E+00   3.959726E+00   3.579670E+00   2.343782E+00         5
   5.816998E+01   5.816998E+01   6.714626E+00   2.109626E+00   2.109626E+00   1.072470E+00   3.959295E+00   3.579713E+00   2.343479E+00         5
   5.817031E+01   5.817031E+01   6.714622E+00   2.109678E+00   2.109678E+00   1.072470E+00   3.958864E+00   3.579757E+00   2.343177E+00         5
   5.817064E+01   5.817064E+01   6.714618E+00   2.109731E+00   2.109731E+00   1.072469E+00   3.958433E+00   3.579800E+00   2.342875E+00         5
   5.817097E+01   5.817097E+01   6.714615E+00   2.109784E+00   2.109784E+00   1.072468E+00   3.958002E+00   3.579844E+00   2.342572E+00         5
   5.817130E+01   5.817130E+01   6.714611E+00   2.109837E+00   2.109837E+00   1.072468E+00   3.957570E+00   3.579887E+00   2.342270E+00         5
   5.817163E+01   5.817163E+01   6.714607E+00   2.109869E+00   2.109869E+00   1.072471E+00   3.957391E+00   3.579900E+00   2.342155E+00         5
   5.817196E+01   5.817196E+01   6.714603E+00   2.109869E+00   2.109869E+00   1.072481E+00   3.957614E+00   3.579862E+00   2.342341E+00         5
   5.817229E+01   5.817229E+01   6.714599E+00   2.109868E+00   2.109868E+00   1.072490E+00   3.957837E+00   3.579825E+00   2.342527E+00         5
   5.817262E+01   5.817262E+01   6.714595E+00   2.109868E+00   2.109868E+00   1.072500E+00   3.958060E+00   3.579788E+00   2.342712E+00         5
   5.817295E+01   5.817295E+01   6.714592E+00   2.109867E+00   2.109867E+00   1.072510E+00   3.958284E+00   3.579751E+00   2.342898E+00         5
   5.817328E+01   5.817328E+01   6.714588E+00   2.109867E+00   2.109867E+00   1.072520E+00   3.958507E+00   3.579714E+00   2.343084E+00         5
   5.817361E+01   5.817361E+01   6.714584E+00   2.109866E+00   2.109866E+00   1.072529E+00   3.958730E+00   3.579677E+00   2.343270E+00         5
   5.817394E+01   5.817394E+01   6.714580E+00   2.109866E+00   2.109866E+00   1.072539E+00   3.958953E+00   3.579640E+00   2.343455E+00         5
   5.817427E+01   5.817427E+01   6.714577E+00   2.109866E+00   2.109866E+00   1.072549E+00   3.959176E+00   3.579603E+00   2.343641E+00         5
   5.817460E+01   5.817460E+01   6.714573E+00   2.109865E+00   2.109865E+00   1.072559E+00   3.959399E+00   3.579566E+00   2.343827E+00         5
   5.817493E+01   5.817493E+01   6.714569E+00   2.109865E+00   2.109865E+00   1.072568E+00   3.959623E+00   3.579529E+00   2.344013E+00         5
   5.817526E+01   5.817526E+01   6.714565E+00   2.109864E+00   2.109864E+00   1.072576E+00   3.960020E+00   3.579473E+00   2.344324E+00         5
   5.817559E+01   5.817559E+01   6.714561E+00   2.109865E+00   2.109865E+00   1.072576E+00   3.960926E+00   3.579360E+00   2.345001E+00         5
   5.817592E+01   5.817592E+01   6.714557E+00   2.109865E+00   2.109865E+00   1.072576E+00   3.961831E+00   3.579248E+00   2.345678E+00         5
   5.817625E+01   5.817625E+01   6.714553E+00   2.109866E+00   2.109866E+00   1.072576E+00   3.962737E+00   3.579136E+00   2.346355E+00         5
   5.817658E+01   5.817658E+01   6.714550E+00   2.109866E+00   2.109866E+00   1.072576E+00   3.963643E+00   3.579024E+00   2.347032E+00         5
   5.817691E+01   5.817691E+01   6.714546E+00   2.109867E+00   2.109867E+00   1.072576E+00   3.964548E+00   3.578912E+00   2.347709E+00         5
   5.817724E+01   5.817724E+01   6.714542E+00   2.109867E+00   2.109867E+00   1.072576E+00   3.965454E+00   3.578800E+00   2.348386E+00         5
   5.817757E+01   5.817757E+01   6.714538E+00   2.109868E+00   2.109868E+00   1.072576E+00   3.966359E+00   3.578688E+00   2.349063E+00         5
   5.817790E+01   5.817790E+01   6.714534E+00   2.109868E+00   2.109868E+00   1.072576E+00   3.967265E+00   3.578576E+00   2.349740E+00         5
   5.817823E+01   5.817823E+01   6.714530E+00   2.109868E+00   2.109868E+00   1.072578E+00   3.968255E+00   3.578454E+00   2.350479E+00         5
   5.817856E+01   5.817856E+01   6.714526E+00   2.109866E+00   2.109866E+00   1.072592E+00   3.969770E+00   3.578273E+00   2.351598E+00         5
   5.817889E+01   5.817889E+01   6.714522E+00   2.109863E+00   2.109863E+00   1.072606E+00   3.971285E+00   3.578092E+00   2.352718E+00         5
   5.817923E+01   5.817923E+01   6.714518E+00   2.109861E+00   2.109861E+00   1.072620E+00   3.972800E+00   3.577911E+00   2.353838E+00         5
   5.817956E+01   5.817956E+01   6.714513E+00   2.109858E+00   2.109858E+00   1.072634E+00   3.974315E+00   3.577730E+00   2.354957E+00         5
   5.817989E+01   5.817989E+01   6.714509E+00   2.109856E+00   2.109856E+00   1.072649E+00   3.975830E+00   3.577549E+00   2.356077E+00         5
   5.818022E+01   5.818022E+01   6.714505E+00   2.109854E+00   2.109854E+00   1.072663E+00   3.977345E+00   3.577368E+00   2.357196E+00         5
   5.818055E+01   5.818055E+01   6.714501E+00   2.109851E+00   2.109851E+00   1.072675E+00   3.978913E+00   3.577182E+00   2.358352E+00         5
   5.818088E+01   5.818088E+01   6.714497E+00   2.109850E+00   2.109850E+00   1.072677E+00   3.980805E+00   3.576965E+00   2.359732E+00         5
   5.818121E+01   5.818121E+01   6.714492E+00   2.109849E+00   2.109849E+00   1.072678E+00   3.982698E+00   3.576748E+00   2.361112E+00         5
   5.818154E+01   5.818154E+01   6.714488E+00   2.109848E+00   2.109848E+00   1.072680E+00   3.984591E+00   3.576531E+00   2.362492E+00         5
   5.818187E+01   5.818187E+01   6.714483E+00   2.109846E+00   2.109846E+00   1.072681E+00   3.986484E+00   3.576315E+00   2.363872E+00         5
   5.818220E+01   5.818220E+01   6.714479E+00   2.109845E+00   2.109845E+00   1.072683E+00   3.988376E+00   3.576098E+00   2.365251E+00         5
   5.818253E+01   5.818253E+01   6.714475E+00   2.109844E+00   2.109844E+00   1.072685E+00   3.990296E+00   3.575884E+00   2.366648E+00         5
   5.818286E+01   5.818286E+01   6.714470E+00   2.109843E+00   2.109843E+00   1.072689E+00   3.992368E+00   3.575690E+00   2.368141E+00         5
   5.818319E+01   5.818319E+01   6.714465E+00   2.109843E+00   2.109843E+00   1.072694E+00   3.994440E+00   3.575496E+00   2.369633E+00         5
   5.818352E+01   5.818352E+01   6.714461E+00   2.109842E+00   2.109842E+00   1.072698E+00   3.996513E+00   3.575302E+00   2.371126E+00         5
   5.818385E+01   5.818385E+01   6.714456E+00   2.109842E+00   2.109842E+00   1.072702E+00   3.998585E+00   3.575107E+00   2.372619E+00         5
   5.818418E+01   5.818418E+01   6.714452E+00   2.109841E+00   2.109841E+00   1.072707E+00   4.000657E+00   3.574913E+00   2.374111E+00         5
   5.818451E+01   5.818451E+01   6.714447E+00   2.109839E+00   2.109839E+00   1.072714E+00   4.002773E+00   3.574708E+00   2.375638E+00         5
   5.818484E+01   5.818484E+01   6.714442E+00   2.109835E+00   2.109835E+00   1.072726E+00   4.004947E+00   3.574490E+00   2.377210E+00         5
   5.818517E+01   5.818517E+01   6.714438E+00   2.109831E+00   2.109831E+00   1.072737E+00   4.007120E+00   3.574271E+00   2.378781E+00         5
   5.818550E+01   5.818550E+01   6.714433E+00   2.109828E+00   2.109828E+00   1.072749E+00   4.009294E+00   3.574052E+00   2.380353E+00         5
   5.818583E+01   5.818583E+01   6.714428E+00   2.109824E+00   2.109824E+00   1.072760E+00   4.011467E+00   3.573834E+00   2.381925E+00         5
   5.818616E+01   5.818616E+01   6.714424E+00   2.109820E+00   2.109820E+00   1.072772E+00   4.013641E+00   3.573615E+00   2.383497E+00         5
   5.818649E+01   5.818649E+01   6.714419E+00   2.109819E+00   2.109819E+00   1.072786E+00   4.015843E+00   3.573388E+00   2.385089E+00         5
   5.818682E+01   5.818682E+01   6.714414E+00   2.109818E+00   2.109818E+00   1.072800E+00   4.018055E+00   3.573159E+00   2.386688E+00         5
   5.818715E+01   5.818715E+01   6.714409E+00   2.109818E+00   2.109818E+00   1.072815E+00   4.020268E+00   3.572929E+00   2.388286E+00         5
   5.818748E+01   5.818748E+01   6.714404E+00   2.109817E+00   2.109817E+00   1.072829E+00   4.022480E+00   3.572700E+00   2.389885E+00         5
   5.818781E+01   5.818781E+01   6.714400E+00   2.109817E+00   2.109817E+00   1.072844E+00   4.024692E+00   3.572471E+00   2.391484E+00         5
   5.818814E+01   5.818814E+01   6.714395E+00   2.109816E+00   2.109816E+00   1.072857E+00   4.026896E+00   3.572242E+00   2.393076E+00         5
   5.818847E+01   5.818847E+01   6.714390E+00   2.109816E+00   2.109816E+00   1.072866E+00   4.029033E+00   3.572023E+00   2.394612E+00         5
   5.818880E+01   5.818880E+01   6.714385E+00   2.109816E+00   2.109816E+00   1.072875E+00   4.031170E+00   3.571803E+00   2.396148E+00         5
   5.818913E+01   5.818913E+01   6.714380E+00   2.109816E+00   2.109816E+00   1.072884E+00   4.033307E+00   3.571584E+00   2.397684E+00         5
   5.818946E+01   5.818946E+01   6.714375E+00   2.109816E+00   2.109816E+00   1.072893E+00   4.035444E+00   3.571364E+00   2.399220E+00         5
   5.818979E+01   5.818979E+01   6.714370E+00   2.109816E+00   2.109816E+00   1.072902E+00   4.037581E+00   3.571145E+00   2.400756E+00         5
   5.819012E+01   5.819012E+01   6.714364E+00   2.109816E+00   2.109816E+00   1.072916E+00   4.039689E+00   3.570928E+00   2.402256E+00         5
   5.819046E+01   5.819046E+01   6.714359E+00   2.109816E+00   2.109816E+00   1.072945E+00   4.041716E+00   3.570721E+00   2.403651E+00         5
   5.819079E+01   5.819079E+01   6.714354E+00   2.109816E+00   2.109816E+00   1.072975E+00   4.043743E+00   3.570514E+00   2.405045E+00         5
   5.819112E+01   5.819112E+01   6.714349E+00   2.109816E+00   2.109816E+00   1.073004E+00   4.045770E+00   3.570307E+00   2.406440E+00         5
   5.819145E+01   5.819145E+01   6.714343E+00   2.109816E+00   2.109816E+00   1.073034E+00   4.047797E+00   3.570101E+00   2.407835E+00         5
   5.819178E+01   5.819178E+01   6.714338E+00   2.109816E+00   2.109816E+00   1.073063E+00   4.049824E+00   3.569894E+00   2.409230E+00         5
   5.819211E+01   5.819211E+01   6.714333E+00   2.109816E+00   2.109816E+00   1.073088E+00   4.051835E+00   3.569688E+00   2.410610E+00         5
   5.819244E+01   5.819244E+01   6.714327E+00   2.109816E+00   2.109816E+00   1.073088E+00   4.053745E+00   3.569492E+00   2.411902E+00         5
   5.819277E+01   5.819277E+01   6.714322E+00   2.109816E+00   2.109816E+00   1.073087E+00   4.055656E+00   3.569296E+00   2.413193E+00         5
   5.819310E+01   5.819310E+01   6.714316E+00   2.109816E+00   2.109816E+00   1.073087E+00   4.057566E+00   3.569100E+00   2.414485E+00         5
   5.819343E+01   5.819343E+01   6.714310E+00   2.109816E+00   2.109816E+00   1.073086E+00   4.059477E+00   3.568905E+00   2.415776E+00         5
   5.819376E+01   5.819376E+01   6.714305E+00   2.109816E+00   2.109816E+00   1.073086E+00   4.061387E+00   3.568709E+00   2.417068E+00         5
   5.819409E+01   5.819409E+01   6.714299E+00   2.109816E+00   2.109816E+00   1.073086E+00   4.063298E+00   3.568513E+00   2.418360E+00         5
   5.819442E+01   5.819442E+01   6.714294E+00   2.109815E+00   2.109815E+00   1.073085E+00   4.065121E+00   3.568327E+00   2.419592E+00         5
   5.819475E+01   5.819475E+01   6.714288E+00   2.109814E+00   2.109814E+00   1.073085E+00   4.066909E+00   3.568145E+00   2.420801E+00         5
   5.819508E+01   5.819508E+01   6.714282E+00   2.109813E+00   2.109813E+00   1.073085E+00   4.068697E+00   3.567962E+00   2.422010E+00         5
   5.819541E+01   5.819541E+01   6.714276E+00   2.109811E+00   2.109811E+00   1.073085E+00   4.070486E+00   3.567780E+00   2.423218E+00         5
   5.819574E+01   5.819574E+01   6.714270E+00   2.109810E+00   2.109810E+00   1.073085E+00   4.072274E+00   3.567598E+00   2.424427E+00         5
   5.819607E+01   5.819607E+01   6.714265E+00   2.109809E+00   2.109809E+00   1.073084E+00   4.074062E+00   3.567416E+00   2.425636E+00         5
   5.819640E+01   5.819640E+01   6.714259E+00   2.109807E+00   2.109807E+00   1.073084E+00   4.075851E+00   3.567234E+00   2.426844E+00         5
   5.819673E+01   5.819673E+01   6.714253E+00   2.109804E+00   2.109804E+00   1.073104E+00   4.077488E+00   3.567060E+00   2.427992E+00         5
   5.819706E+01   5.819706E+01   6.714247E+00   2.109801E+00   2.109801E+00   1.073126E+00   4.079113E+00   3.566886E+00   2.429135E+00         5
   5.819739E+01   5.819739E+01   6.714241E+00   2.109798E+00   2.109798E+00   1.073147E+00   4.080739E+00   3.566712E+00   2.430278E+00         5
   5.819772E+01   5.819772E+01   6.714234E+00   2.109795E+00   2.109795E+00   1.073168E+00   4.082365E+00   3.566538E+00   2.431421E+00         5
   5.819805E+01   5.819805E+01   6.714228E+00   2.109792E+00   2.109792E+00   1.073190E+00   4.083990E+00   3.566364E+00   2.432564E+00         5
   5.819838E+01   5.819838E+01   6.714222E+00   2.109789E+00   2.109789E+00   1.073211E+00   4.085616E+00   3.566191E+00   2.433707E+00         5
   5.819871E+01   5.819871E+01   6.714216E+00   2.109786E+00   2.109786E+00   1.073233E+00   4.087241E+00   3.566017E+00   2.434850E+00         5
   5.819904E+01   5.819904E+01   6.714210E+00   2.109785E+00   2.109785E+00   1.073263E+00   4.088783E+00   3.565853E+00   2.435944E+00         5
   5.819937E+01   5.819937E+01   6.714203E+00   2.109784E+00   2.109784E+00   1.073296E+00   4.090303E+00   3.565693E+00   2.437025E+00         5
   5.819970E+01   5.819970E+01   6.714197E+00   2.109783E+00   2.109783E+00   1.073329E+00   4.091823E+00   3.565532E+00   2.438106E+00         5
   5.820003E+01   5.820003E+01   6.714191E+00   2.109783E+00   2.109783E+00   1.073361E+00   4.093342E+00   3.565371E+00   2.439187E+00         5
   5.820036E+01   5.820036E+01   6.714184E+00   2.109782E+00   2.109782E+00   1.073394E+00   4.094862E+00   3.565211E+00   2.440268E+00         5
   5.820069E+01   5.820069E+01   6.714178E+00   2.109781E+00   2.109781E+00   1.073427E+00   4.096382E+00   3.565050E+00   2.441350E+00         5
   5.820102E+01   5.820102E+01   6.714171E+00   2.109781E+00   2.109781E+00   1.073459E+00   4.097902E+00   3.564889E+00   2.442431E+00         5
   5.820135E+01   5.820135E+01   6.714165E+00   2.109780E+00   2.109780E+00   1.073490E+00   4.099393E+00   3.564732E+00   2.443491E+00         5
   5.820169E+01   5.820169E+01   6.714158E+00   2.109780E+00   2.109780E+00   1.073518E+00   4.100838E+00   3.564579E+00   2.444519E+00         5
   5.820202E+01   5.820202E+01   6.714151E+00   2.109780E+00   2.109780E+00   1.073546E+00   4.102283E+00   3.564426E+00   2.445546E+00         5
   5.820235E+01   5.820235E+01   6.714145E+00   2.109780E+00   2.109780E+00   1.073574E+00   4.103728E+00   3.564274E+00   2.446573E+00         5
   5.820268E+01   5.820268E+01   6.714138E+00   2.109780E+00   2.109780E+00   1.073602E+00   4.105174E+00   3.564121E+00   2.447600E+00         5
   5.820301E+01   5.820301E+01   6.714131E+00   2.109780E+00   2.109780E+00   1.073630E+00   4.106619E+00   3.563968E+00   2.448627E+00         5
   5.820334E+01   5.820334E+01   6.714125E+00   2.109780E+00   2.109780E+00   1.073658E+00   4.108064E+00   3.563816E+00   2.449654E+00         5
   5.820367E+01   5.820367E+01   6.714118E+00   2.109780E+00   2.109780E+00   1.073686E+00   4.109509E+00   3.563663E+00   2.450682E+00         5
   5.820400E+01   5.820400E+01   6.714111E+00   2.109780E+00   2.109780E+00   1.073717E+00   4.110907E+00   3.563517E+00   2.451672E+00         5
   5.820433E+01   5.820433E+01   6.714104E+00   2.109780E+00   2.109780E+00   1.073750E+00   4.112283E+00   3.563373E+00   2.452645E+00         5
   5.820466E+01   5.820466E+01   6.714097E+00   2.109780E+00   2.109780E+00   1.073783E+00   4.113659E+00   3.563230E+00   2.453619E+00         5
   5.820499E+01   5.820499E+01   6.714090E+00   2.109780E+00   2.109780E+00   1.073816E+00   4.115035E+00   3.563087E+00   2.454592E+00         5
   5.820532E+01   5.820532E+01   6.714083E+00   2.109780E+00   2.109780E+00   1.073849E+00   4.116411E+00   3.562943E+00   2.455565E+00         5
   5.820565E+01   5.820565E+01   6.714076E+00   2.109780E+00   2.109780E+00   1.073882E+00   4.117787E+00   3.562800E+00   2.456538E+00         5
   5.820598E+01   5.820598E+01   6.714069E+00   2.109780E+00   2.109780E+00   1.073915E+00   4.119163E+00   3.562657E+00   2.457511E+00         5
   5.820631E+01   5.820631E+01   6.714062E+00   2.109780E+00   2.109780E+00   1.073948E+00   4.120539E+00   3.562513E+00   2.458485E+00         5
   5.820664E+01   5.820664E+01   6.714055E+00   2.109780E+00   2.109780E+00   1.073987E+00   4.121869E+00   3.562372E+00   2.459430E+00         5
   5.820697E+01   5.820697E+01   6.714047E+00   2.109780E+00   2.109780E+00   1.074028E+00   4.123177E+00   3.562232E+00   2.460363E+00         5
   5.820730E+01   5.820730E+01   6.714040E+00   2.109780E+00   2.109780E+00   1.074069E+00   4.124485E+00   3.562092E+00   2.461295E+00         5
   5.820763E+01   5.820763E+01   6.714032E+00   2.109780E+00   2.109780E+00   1.074111E+00   4.125793E+00   3.561952E+00   2.462228E+00         5
   5.820796E+01   5.820796E+01   6.714025E+00   2.109780E+00   2.109780E+00   1.074152E+00   4.127101E+00   3.561812E+00   2.463161E+00         5
   5.820829E+01   5.820829E+01   6.714018E+00   2.109780E+00   2.109780E+00   1.074194E+00   4.128409E+00   3.561672E+00   2.464093E+00         5
   5.820862E+01   5.820862E+01   6.714010E+00   2.109780E+00   2.109780E+00   1.074235E+00   4.129717E+00   3.561531E+00   2.465026E+00         5
   5.820895E+01   5.820895E+01   6.714003E+00   2.109780E+00   2.109780E+00   1.074277E+00   4.131025E+00   3.561391E+00   2.465958E+00         5
   5.820928E+01   5.820928E+01   6.713995E+00   2.109778E+00   2.109778E+00   1.074316E+00   4.132312E+00   3.561254E+00   2.466875E+00         5
   5.820961E+01   5.820961E+01   6.713988E+00   2.109772E+00   2.109772E+00   1.074353E+00   4.133567E+00   3.561122E+00   2.467766E+00         5
   5.820994E+01   5.820994E+01   6.713980E+00   2.109767E+00   2.109767E+00   1.074390E+00   4.134822E+00   3.560989E+00   2.468656E+00         5
   5.821027E+01   5.821027E+01   6.713972E+00   2.109761E+00   2.109761E+00   1.074427E+00   4.136076E+00   3.560857E+00   2.469547E+00         5
   5.821060E+01   5.821060E+01   6.713964E+00   2.109756E+00   2.109756E+00   1.074464E+00   4.137331E+00   3.560724E+00   2.470438E+00         5
   5.821093E+01   5.821093E+01   6.713957E+00   2.109750E+00   2.109750E+00   1.074501E+00   4.138585E+00   3.560592E+00   2.471329E+00         5
   5.821126E+01   5.821126E+01   6.713949E+00   2.109745E+00   2.109745E+00   1.074538E+00   4.139840E+00   3.560459E+00   2.472220E+00         5
   5.821159E+01   5.821159E+01   6.713941E+00   2.109739E+00   2.109739E+00   1.074575E+00   4.141095E+00   3.560327E+00   2.473110E+00         5
   5.821192E+01   5.821192E+01   6.713934E+00   2.109734E+00   2.109734E+00   1.074612E+00   4.142349E+00   3.560194E+00   2.474001E+00         5
   5.821225E+01   5.821225E+01   6.713926E+00   2.109699E+00   2.109699E+00   1.074658E+00   4.143561E+00   3.560067E+00   2.474859E+00         5
   5.821258E+01   5.821258E+01   6.713918E+00   2.109658E+00   2.109658E+00   1.074706E+00   4.144766E+00   3.559942E+00   2.475712E+00         5
   5.821292E+01   5.821292E+01   6.713910E+00   2.109618E+00   2.109618E+00   1.074754E+00   4.145970E+00   3.559816E+00   2.476564E+00         5
   5.821325E+01   5.821325E+01   6.713902E+00   2.109577E+00   2.109577E+00   1.074802E+00   4.147174E+00   3.559690E+00   2.477416E+00         5
   5.821358E+01   5.821358E+01   6.713894E+00   2.109537E+00   2.109537E+00   1.074850E+00   4.148378E+00   3.559564E+00   2.478269E+00         5
   5.821391E+01   5.821391E+01   6.713885E+00   2.109496E+00   2.109496E+00   1.074898E+00   4.149583E+00   3.559438E+00   2.479121E+00         5
   5.821424E+01   5.821424E+01   6.713877E+00   2.109456E+00   2.109456E+00   1.074946E+00   4.150787E+00   3.559312E+00   2.479974E+00         5
   5.821457E+01   5.821457E+01   6.713869E+00   2.109415E+00   2.109415E+00   1.074994E+00   4.151991E+00   3.559186E+00   2.480826E+00         5
   5.821490E+01   5.821490E+01   6.713861E+00   2.109378E+00   2.109378E+00   1.075042E+00   4.153192E+00   3.559061E+00   2.481676E+00         5
   5.821523E+01   5.821523E+01   6.713853E+00   2.109377E+00   2.109377E+00   1.075094E+00   4.154352E+00   3.558941E+00   2.482494E+00         5
   5.821556E+01   5.821556E+01   6.713844E+00   2.109377E+00   2.109377E+00   1.075145E+00   4.155512E+00   3.558821E+00   2.483313E+00         5
   5.821589E+01   5.821589E+01   6.713836E+00   2.109377E+00   2.109377E+00   1.075196E+00   4.156671E+00   3.558701E+00   2.484131E+00         5
   5.821622E+01   5.821622E+01   6.713828E+00   2.109377E+00   2.109377E+00   1.075248E+00   4.157831E+00   3.558581E+00   2.484950E+00         5
   5.821655E+01   5.821655E+01   6.713819E+00   2.109377E+00   2.109377E+00   1.075299E+00   4.158991E+00   3.558461E+00   2.485768E+00         5
   5.821688E+01   5.821688E+01   6.713811E+00   2.109377E+00   2.109377E+00   1.075351E+00   4.160151E+00   3.558342E+00   2.486586E+00         5
   5.821721E+01   5.821721E+01   6.713802E+00   2.109376E+00   2.109376E+00   1.075402E+00   4.161310E+00   3.558222E+00   2.487405E+00         5
   5.821754E+01   5.821754E+01   6.713794E+00   2.109376E+00   2.109376E+00   1.075454E+00   4.162470E+00   3.558102E+00   2.488223E+00         5
   5.821787E+01   5.821787E+01   6.713785E+00   2.109376E+00   2.109376E+00   1.075507E+00   4.163626E+00   3.557982E+00   2.489039E+00         5
   5.821820E+01   5.821820E+01   6.713776E+00   2.109376E+00   2.109376E+00   1.075577E+00   4.164747E+00   3.557868E+00   2.489828E+00         5
   5.821853E+01   5.821853E+01   6.713768E+00   2.109376E+00   2.109376E+00   1.075647E+00   4.165867E+00   3.557753E+00   2.490617E+00         5
   5.821886E+01   5.821886E+01   6.713759E+00   2.109376E+00   2.109376E+00   1.075716E+00   4.166987E+00   3.557638E+00   2.491406E+00         5
   5.821919E+01   5.821919E+01   6.713750E+00   2.109376E+00   2.109376E+00   1.075786E+00   4.168107E+00   3.557523E+00   2.492195E+00         5
   5.821952E+01   5.821952E+01   6.713741E+00   2.109376E+00   2.109376E+00   1.075856E+00   4.169228E+00   3.557408E+00   2.492984E+00         5
   5.821985E+01   5.821985E+01   6.713732E+00   2.109376E+00   2.109376E+00   1.075926E+00   4.170348E+00   3.557293E+00   2.493773E+00         5
   5.822018E+01   5.822018E+01   6.713723E+00   2.109376E+00   2.109376E+00   1.075996E+00   4.171468E+00   3.557178E+00   2.494562E+00         5
   5.822051E+01   5.822051E+01   6.713715E+00   2.109376E+00   2.109376E+00   1.076066E+00   4.172588E+00   3.557064E+00   2.495351E+00         5
   5.822084E+01   5.822084E+01   6.713706E+00   2.109376E+00   2.109376E+00   1.076136E+00   4.173708E+00   3.556949E+00   2.496140E+00         5
   5.822117E+01   5.822117E+01   6.713697E+00   2.109376E+00   2.109376E+00   1.076237E+00   4.174796E+00   3.556836E+00   2.496906E+00         5
   5.822150E+01   5.822150E+01   6.713687E+00   2.109376E+00   2.109376E+00   1.076342E+00   4.175881E+00   3.556723E+00   2.497670E+00         5
   5.822183E+01   5.822183E+01   6.713678E+00   2.109376E+00   2.109376E+00   1.076446E+00   4.176966E+00   3.556610E+00   2.498434E+00         5
   5.822216E+01   5.822216E+01   6.713669E+00   2.109376E+00   2.109376E+00   1.076550E+00   4.178052E+00   3.556497E+00   2.499198E+00         5
   5.822249E+01   5.822249E+01   6.713660E+00   2.109376E+00   2.109376E+00   1.076655E+00   4.179137E+00   3.556384E+00   2.499962E+00         5
   5.822282E+01   5.822282E+01   6.713651E+00   2.109376E+00   2.109376E+00   1.076759E+00   4.180222E+00   3.556271E+00   2.500726E+00         5
   5.822315E+01   5.822315E+01   6.713641E+00   2.109376E+00   2.109376E+00   1.076863E+00   4.181307E+00   3.556158E+00   2.501490E+00         5
   5.822348E+01   5.822348E+01   6.713632E+00   2.109376E+00   2.109376E+00   1.076968E+00   4.182392E+00   3.556045E+00   2.502254E+00         5
   5.822381E+01   5.822381E+01   6.713623E+00   2.109376E+00   2.109376E+00   1.077072E+00   4.183477E+00   3.555932E+00   2.503018E+00         5
   5.822415E+01   5.822415E+01   6.713613E+00   2.109376E+00   2.109376E+00   1.077186E+00   4.184543E+00   3.555820E+00   2.503770E+00         5
   5.822448E+01   5.822448E+01   6.713604E+00   2.109376E+00   2.109376E+00   1.077307E+00   4.185597E+00   3.555708E+00   2.504513E+00         5
   5.822481E+01   5.822481E+01   6.713594E+00   2.109376E+00   2.109376E+00   1.077427E+00   4.186650E+00   3.555595E+00   2.505257E+00         5
   5.822514E+01   5.822514E+01   6.713585E+00   2.109376E+00   2.109376E+00   1.077548E+00   4.187704E+00   3.555483E+00   2.506000E+00         5
   5.822547E+01   5.822547E+01   6.713575E+00   2.109376E+00   2.109376E+00   1.077669E+00   4.188757E+00   3.555371E+00   2.506743E+00         5
   5.822580E+01   5.822580E+01   6.713565E+00   2.109376E+00   2.109376E+00   1.077789E+00   4.189811E+00   3.555259E+00   2.507486E+00         5
   5.822613E+01   5.822613E+01   6.713556E+00   2.109377E+00   2.109377E+00   1.077910E+00   4.190865E+00   3.555147E+00   2.508230E+00         5
   5.822646E+01   5.822646E+01   6.713546E+00   2.109377E+00   2.109377E+00   1.078030E+00   4.191918E+00   3.555034E+00   2.508973E+00         5
   5.822679E+01   5.822679E+01   6.713537E+00   2.109377E+00   2.109377E+00   1.078151E+00   4.192972E+00   3.554922E+00   2.509716E+00         5
   5.822712E+01   5.822712E+01   6.713527E+00   2.109377E+00   2.109377E+00   1.078274E+00   4.194020E+00   3.554811E+00   2.510455E+00         5
   5.822745E+01   5.822745E+01   6.713517E+00   2.109377E+00   2.109377E+00   1.078410E+00   4.195042E+00   3.554704E+00   2.511173E+00         5
   5.822778E+01   5.822778E+01   6.713507E+00   2.109377E+00   2.109377E+00   1.078545E+00   4.196063E+00   3.554597E+00   2.511891E+00         5
   5.822811E+01   5.822811E+01   6.713497E+00   2.109377E+00   2.109377E+00   1.078681E+00   4.197085E+00   3.554490E+00   2.512543E+00         5
   5.822844E+01   5.822844E+01   6.713487E+00   2.109377E+00   2.109377E+00   1.078816E+00   4.198107E+00   3.554383E+00   2.513053E+00         5
   5.822877E+01   5.822877E+01   6.713477E+00   2.109378E+00   2.109378E+00   1.078952E+00   4.199129E+00   3.554276E+00   2.513564E+00         5
   5.822910E+01   5.822910E+01   6.713467E+00   2.109378E+00   2.109378E+00   1.079088E+00   4.200150E+00   3.554169E+00   2.514075E+00         5
   5.822943E+01   5.822943E+01   6.713456E+00   2.109378E+00   2.109378E+00   1.079223E+00   4.201172E+00   3.554063E+00   2.514586E+00         5
   5.822976E+01   5.822976E+01   6.713446E+00   2.109378E+00   2.109378E+00   1.079359E+00   4.202194E+00   3.553956E+00   2.515097E+00         5
   5.823009E+01   5.823009E+01   6.713436E+00   2.109378E+00   2.109378E+00   1.079495E+00   4.203215E+00   3.553849E+00   2.515608E+00         5
   5.823042E+01   5.823042E+01   6.713426E+00   2.109378E+00   2.109378E+00   1.079657E+00   4.204223E+00   3.553743E+00   2.516111E+00         5
   5.823075E+01   5.823075E+01   6.713416E+00   2.109378E+00   2.109378E+00   1.079837E+00   4.205221E+00   3.553637E+00   2.516611E+00         5
   5.823108E+01   5.823108E+01   6.713405E+00   2.109378E+00   2.109378E+00   1.080017E+00   4.206219E+00   3.553531E+00   2.517110E+00         5
   5.823141E+01   5.823141E+01   6.713395E+00   2.109378E+00   2.109378E+00   1.080197E+00   4.207218E+00   3.553426E+00   2.517609E+00         5
   5.823174E+01   5.823174E+01   6.713384E+00   2.109378E+00   2.109378E+00   1.080376E+00   4.208216E+00   3.553320E+00   2.518108E+00         5
   5.823207E+01   5.823207E+01   6.713374E+00   2.109378E+00   2.109378E+00   1.080556E+00   4.209214E+00   3.553215E+00   2.518607E+00         5
   5.823240E+01   5.823240E+01   6.713363E+00   2.109378E+00   2.109378E+00   1.080736E+00   4.210213E+00   3.553109E+00   2.519106E+00         5
   5.823273E+01   5.823273E+01   6.713353E+00   2.109378E+00   2.109378E+00   1.080916E+00   4.211211E+00   3.553003E+00   2.519606E+00         5
   5.823306E+01   5.823306E+01   6.713342E+00   2.109378E+00   2.109378E+00   1.081096E+00   4.212209E+00   3.552898E+00   2.520105E+00         5
   5.823339E+01   5.823339E+01   6.713332E+00   2.109378E+00   2.109378E+00   1.081275E+00   4.213208E+00   3.552792E+00   2.520604E+00         5
   5.823372E+01   5.823372E+01   6.713321E+00   2.109378E+00   2.109378E+00   1.081521E+00   4.214184E+00   3.552690E+00   2.521092E+00         5
   5.823405E+01   5.823405E+01   6.713310E+00   2.109378E+00   2.109378E+00   1.081767E+00   4.215161E+00   3.552588E+00   2.521580E+00         5
   5.823438E+01   5.823438E+01   6.713299E+00   2.109378E+00   2.109378E+00   1.082013E+00   4.216137E+00   3.552486E+00   2.522068E+00         5
   5.823471E+01   5.823471E+01   6.713289E+00   2.109378E+00   2.109378E+00   1.082259E+00   4.217113E+00   3.552384E+00   2.522557E+00         5
   5.823504E+01   5.823504E+01   6.713278E+00   2.109378E+00   2.109378E+00   1.082505E+00   4.218089E+00   3.552281E+00   2.523045E+00         5
   5.823538E+01   5.823538E+01   6.713267E+00   2.109378E+00   2.109378E+00   1.082751E+00   4.219066E+00   3.552179E+00   2.523533E+00         5
   5.823571E+01   5.823571E+01   6.713256E+00   2.109378E+00   2.109378E+00   1.082997E+00   4.220042E+00   3.552077E+00   2.524021E+00         5
   5.823604E+01   5.823604E+01   6.713245E+00   2.109378E+00   2.109378E+00   1.083244E+00   4.221018E+00   3.551975E+00   2.524509E+00         5
   5.823637E+01   5.823637E+01   6.713234E+00   2.109378E+00   2.109378E+00   1.083490E+00   4.221995E+00   3.551873E+00   2.524997E+00         5
   5.823670E+01   5.823670E+01   6.713223E+00   2.109378E+00   2.109378E+00   1.083784E+00   4.222965E+00   3.551771E+00   2.525482E+00         5
   5.823703E+01   5.823703E+01   6.713212E+00   2.109378E+00   2.109378E+00   1.084168E+00   4.223922E+00   3.551671E+00   2.525961E+00         5
   5.823736E+01   5.823736E+01   6.713200E+00   2.109379E+00   2.109379E+00   1.084553E+00   4.224879E+00   3.551570E+00   2.526440E+00         5
   5.823769E+01   5.823769E+01   6.713189E+00   2.109379E+00   2.109379E+00   1.084938E+00   4.225837E+00   3.551469E+00   2.526918E+00         5
   5.823802E+01   5.823802E+01   6.713178E+00   2.109379E+00   2.109379E+00   1.085322E+00   4.226794E+00   3.551369E+00   2.527397E+00         5
   5.823835E+01   5.823835E+01   6.713166E+00   2.109380E+00   2.109380E+00   1.085707E+00   4.227752E+00   3.551268E+00   2.527876E+00         5
   5.823868E+01   5.823868E+01   6.713155E+00   2.109380E+00   2.109380E+00   1.086092E+00   4.228709E+00   3.551167E+00   2.528355E+00         5
   5.823901E+01   5.823901E+01   6.713144E+00   2.109380E+00   2.109380E+00   1.086476E+00   4.229667E+00   3.551067E+00   2.528833E+00         5
   5.823934E+01   5.823934E+01   6.713132E+00   2.109380E+00   2.109380E+00   1.086861E+00   4.230624E+00   3.550966E+00   2.529312E+00         5
   5.823967E+01   5.823967E+01   6.713121E+00   2.109381E+00   2.109381E+00   1.087246E+00   4.231582E+00   3.550866E+00   2.529791E+00         5
   5.824000E+01   5.824000E+01   6.713109E+00   2.109381E+00   2.109381E+00   1.087870E+00   4.232530E+00   3.550768E+00   2.530265E+00         5
   5.824033E+01   5.824033E+01   6.713098E+00   2.109381E+00   2.109381E+00   1.088590E+00   4.233474E+00   3.550671E+00   2.530737E+00         5
   5.824066E+01   5.824066E+01   6.713086E+00   2.109381E+00   2.109381E+00   1.089309E+00   4.234418E+00   3.550574E+00   2.531209E+00         5
   5.824099E+01   5.824099E+01   6.713074E+00   2.109381E+00   2.109381E+00   1.090029E+00   4.235363E+00   3.550477E+00   2.531681E+00         5
   5.824132E+01   5.824132E+01   6.713062E+00   2.109382E+00   2.109382E+00   1.090749E+00   4.236307E+00   3.550380E+00   2.532154E+00         5
   5.824165E+01   5.824165E+01   6.713051E+00   2.109382E+00   2.109382E+00   1.091469E+00   4.237251E+00   3.550283E+00   2.532626E+00         5
   5.824198E+01   5.824198E+01   6.713039E+00   2.109382E+00   2.109382E+00   1.092189E+00   4.238196E+00   3.550186E+00   2.533098E+00         5
   5.824231E+01   5.824231E+01   6.713027E+00   2.109382E+00   2.109382E+00   1.092908E+00   4.239140E+00   3.550090E+00   2.533570E+00         5
   5.824264E+01   5.824264E+01   6.713015E+00   2.109382E+00   2.109382E+00   1.093628E+00   4.240084E+00   3.549993E+00   2.534042E+00         5
   5.824297E+01   5.824297E+01   6.713004E+00   2.109382E+00   2.109382E+00   1.094392E+00   4.241027E+00   3.549896E+00   2.534514E+00         5
   5.824330E+01   5.824330E+01   6.712991E+00   2.109382E+00   2.109382E+00   1.095444E+00   4.241960E+00   3.549797E+00   2.534980E+00         5
   5.824363E+01   5.824363E+01   6.712979E+00   2.109382E+00   2.109382E+00   1.096495E+00   4.242893E+00   3.549698E+00   2.535446E+00         5
   5.824396E+01   5.824396E+01   6.712967E+00   2.109382E+00   2.109382E+00   1.097547E+00   4.243826E+00   3.549599E+00   2.535913E+00         5
   5.824429E+01   5.824429E+01   6.712955E+00   2.109382E+00   2.109382E+00   1.098598E+00   4.244758E+00   3.549500E+00   2.536379E+00         5
   5.824462E+01   5.824462E+01   6.712942E+00   2.109382E+00   2.109382E+00   1.099650E+00   4.245691E+00   3.549402E+00   2.536846E+00         5
   5.824495E+01   5.824495E+01   6.712930E+00   2.109382E+00   2.109382E+00   1.100701E+00   4.246624E+00   3.549303E+00   2.537312E+00         5
   5.824528E+01   5.824528E+01   6.712918E+00   2.109382E+00   2.109382E+00   1.101752E+00   4.247557E+00   3.549204E+00   2.537779E+00         5
   5.824561E+01   5.824561E+01   6.712906E+00   2.109382E+00   2.109382E+00   1.102804E+00   4.248490E+00   3.549105E+00   2.538245E+00         5
   5.824594E+01   5.824594E+01   6.712893E+00   2.109382E+00   2.109382E+00   1.103855E+00   4.249423E+00   3.549007E+00   2.538711E+00         5
   5.824627E+01   5.824627E+01   6.712881E+00   2.109382E+00   2.109382E+00   1.104832E+00   4.250352E+00   3.548910E+00   2.539176E+00         5
   5.824661E+01   5.824661E+01   6.712868E+00   2.109382E+00   2.109382E+00   1.105773E+00   4.251279E+00   3.548814E+00   2.539640E+00         5
   5.824694E+01   5.824694E+01   6.712856E+00   2.109382E+00   2.109382E+00   1.106715E+00   4.252207E+00   3.548719E+00   2.540103E+00         5
   5.824727E+01   5.824727E+01   6.712843E+00   2.109382E+00   2.109382E+00   1.107656E+00   4.253134E+00   3.548623E+00   2.540567E+00         5
   5.824760E+01   5.824760E+01   6.712830E+00   2.109382E+00   2.109382E+00   1.108597E+00   4.254061E+00   3.548528E+00   2.541031E+00         5
   5.824793E+01   5.824793E+01   6.712818E+00   2.109382E+00   2.109382E+00   1.109538E+00   4.254989E+00   3.548432E+00   2.541494E+00         5
   5.824826E+01   5.824826E+01   6.712805E+00   2.109382E+00   2.109382E+00   1.110480E+00   4.255916E+00   3.548336E+00   2.541958E+00         5
   5.824859E+01   5.824859E+01   6.712792E+00   2.109382E+00   2.109382E+00   1.111421E+00   4.256843E+00   3.548241E+00   2.542422E+00         5
   5.824892E+01   5.824892E+01   6.712780E+00   2.109382E+00   2.109382E+00   1.112362E+00   4.257771E+00   3.548145E+00   2.542885E+00         5
   5.824925E+01   5.824925E+01   6.712767E+00   2.109382E+00   2.109382E+00   1.113275E+00   4.258698E+00   3.548050E+00   2.543349E+00         5
   5.824958E+01   5.824958E+01   6.712754E+00   2.109382E+00   2.109382E+00   1.114136E+00   4.259625E+00   3.547957E+00   2.543812E+00         5
   5.824991E+01   5.824991E+01   6.712740E+00   2.109382E+00   2.109382E+00   1.114998E+00   4.260552E+00   3.547864E+00   2.544276E+00         5
   5.825024E+01   5.825024E+01   6.712727E+00   2.109382E+00   2.109382E+00   1.115859E+00   4.261479E+00   3.547771E+00   2.544739E+00         5
   5.825057E+01   5.825057E+01   6.712714E+00   2.109382E+00   2.109382E+00   1.116720E+00   4.262406E+00   3.547677E+00   2.545203E+00         5
   5.825090E+01   5.825090E+01   6.712701E+00   2.109382E+00   2.109382E+00   1.117582E+00   4.263333E+00   3.547584E+00   2.545667E+00         5
   5.825123E+01   5.825123E+01   6.712688E+00   2.109382E+00   2.109382E+00   1.118443E+00   4.264260E+00   3.547491E+00   2.546130E+00         5
   5.825156E+01   5.825156E+01   6.712674E+00   2.109382E+00   2.109382E+00   1.119305E+00   4.265187E+00   3.547397E+00   2.546594E+00         5
   5.825189E+01   5.825189E+01   6.712661E+00   2.109382E+00   2.109382E+00   1.120166E+00   4.266114E+00   3.547304E+00   2.547057E+00         5
   5.825222E+01   5.825222E+01   6.712648E+00   2.109382E+00   2.109382E+00   1.120993E+00   4.267042E+00   3.547210E+00   2.547521E+00         5
   5.825255E+01   5.825255E+01   6.712634E+00   2.109382E+00   2.109382E+00   1.121733E+00   4.267974E+00   3.547113E+00   2.547987E+00         5
   5.825288E+01   5.825288E+01   6.712621E+00   2.109382E+00   2.109382E+00   1.122474E+00   4.268906E+00   3.547017E+00   2.548453E+00         5
   5.825321E+01   5.825321E+01   6.712607E+00   2.109382E+00   2.109382E+00   1.123214E+00   4.269838E+00   3.546920E+00   2.548919E+00         5
   5.825354E+01   5.825354E+01   6.712593E+00   2.109382E+00   2.109382E+00   1.123954E+00   4.270769E+00   3.546824E+00   2.549385E+00         5
   5.825387E+01   5.825387E+01   6.712580E+00   2.109382E+00   2.109382E+00   1.124695E+00   4.271701E+00   3.546727E+00   2.549851E+00         5
   5.825420E+01   5.825420E+01   6.712566E+00   2.109382E+00   2.109382E+00   1.125435E+00   4.272633E+00   3.546631E+00   2.550316E+00         5
   5.825453E+01   5.825453E+01   6.712553E+00   2.109382E+00   2.109382E+00   1.126175E+00   4.273565E+00   3.546534E+00   2.550782E+00         5
   5.825486E+01   5.825486E+01   6.712539E+00   2.109382E+00   2.109382E+00   1.126916E+00   4.274496E+00   3.546438E+00   2.551248E+00         5
   5.825519E+01   5.825519E+01   6.712525E+00   2.109382E+00   2.109382E+00   1.127712E+00   4.275434E+00   3.546340E+00   2.551717E+00         5
   5.825552E+01   5.825552E+01   6.712511E+00   2.109382E+00   2.109382E+00   1.128578E+00   4.276378E+00   3.546241E+00   2.552189E+00         5
   5.825585E+01   5.825585E+01   6.712497E+00   2.109382E+00   2.109382E+00   1.129444E+00   4.277323E+00   3.546142E+00   2.552662E+00         5
   5.825618E+01   5.825618E+01   6.712483E+00   2.109382E+00   2.109382E+00   1.130311E+00   4.278268E+00   3.546043E+00   2.553134E+00         5
   5.825651E+01   5.825651E+01   6.712469E+00   2.109382E+00   2.109382E+00   1.131177E+00   4.279213E+00   3.545944E+00   2.553606E+00         5
   5.825684E+01   5.825684E+01   6.712454E+00   2.109382E+00   2.109382E+00   1.132044E+00   4.280157E+00   3.545845E+00   2.554079E+00         5
   5.825717E+01   5.825717E+01   6.712440E+00   2.109382E+00   2.109382E+00   1.132910E+00   4.281102E+00   3.545746E+00   2.554551E+00         5
   5.825750E+01   5.825750E+01   6.712426E+00   2.109382E+00   2.109382E+00   1.133777E+00   4.282047E+00   3.545647E+00   2.555023E+00         5
   5.825784E+01   5.825784E+01   6.712412E+00   2.109382E+00   2.109382E+00   1.134643E+00   4.282992E+00   3.545548E+00   2.555496E+00         5
   5.825817E+01   5.825817E+01   6.712397E+00   2.109382E+00   2.109382E+00   1.135314E+00   4.283952E+00   3.545451E+00   2.555976E+00         5
   5.825850E+01   5.825850E+01   6.712383E+00   2.109382E+00   2.109382E+00   1.135975E+00   4.284913E+00   3.545355E+00   2.556456E+00         5
   5.825883E+01   5.825883E+01   6.712368E+00   2.109382E+00   2.109382E+00   1.136635E+00   4.285874E+00   3.545258E+00   2.556937E+00         5
   5.825916E+01   5.825916E+01   6.712353E+00   2.109382E+00   2.109382E+00   1.137296E+00   4.286834E+00   3.545162E+00   2.557417E+00         5
   5.825949E+01   5.825949E+01   6.712339E+00   2.109382E+00   2.109382E+00   1.137957E+00   4.287795E+00   3.545065E+00   2.557898E+00         5
   5.825982E+01   5.825982E+01   6.712324E+00   2.109382E+00   2.109382E+00   1.138618E+00   4.288756E+00   3.544969E+00   2.558378E+00         5
   5.826015E+01   5.826015E+01   6.712310E+00   2.109382E+00   2.109382E+00   1.139279E+00   4.289717E+00   3.544872E+00   2.558859E+00         5
   5.826048E+01   5.826048E+01   6.712295E+00   2.109382E+00   2.109382E+00   1.139939E+00   4.290678E+00   3.544775E+00   2.559339E+00         5
   5.826081E+01   5.826081E+01   6.712280E+00   2.109382E+00   2.109382E+00   1.140736E+00   4.291658E+00   3.544677E+00   2.559829E+00         5
   5.826114E+01   5.826114E+01   6.712265E+00   2.109382E+00   2.109382E+00   1.141569E+00   4.292643E+00   3.544578E+00   2.560321E+00         5
   5.826147E+01   5.826147E+01   6.712250E+00   2.109382E+00   2.109382E+00   1.142402E+00   4.293628E+00   3.544478E+00   2.560814E+00         5
   5.826180E+01   5.826180E+01   6.712234E+00   2.109382E+00   2.109382E+00   1.143235E+00   4.294612E+00   3.544379E+00   2.561306E+00         5
   5.826213E+01   5.826213E+01   6.712219E+00   2.109382E+00   2.109382E+00   1.144068E+00   4.295597E+00   3.544280E+00   2.561799E+00         5
   5.826246E+01   5.826246E+01   6.712204E+00   2.109382E+00   2.109382E+00   1.144901E+00   4.296582E+00   3.544181E+00   2.562291E+00         5
   5.826279E+01   5.826279E+01   6.712189E+00   2.109382E+00   2.109382E+00   1.145734E+00   4.297567E+00   3.544082E+00   2.562784E+00         5
   5.826312E+01   5.826312E+01   6.712174E+00   2.109382E+00   2.109382E+00   1.146561E+00   4.298553E+00   3.543983E+00   2.563277E+00         5
   5.826345E+01   5.826345E+01   6.712158E+00   2.109381E+00   2.109381E+00   1.147267E+00   4.299563E+00   3.543881E+00   2.563782E+00         5
   5.826378E+01   5.826378E+01   6.712142E+00   2.109381E+00   2.109381E+00   1.147973E+00   4.300573E+00   3.543779E+00   2.564287E+00         5
   5.826411E+01   5.826411E+01   6.712127E+00   2.109380E+00   2.109380E+00   1.148679E+00   4.301583E+00   3.543678E+00   2.564792E+00         5
   5.826444E+01   5.826444E+01   6.712111E+00   2.109379E+00   2.109379E+00   1.149385E+00   4.302594E+00   3.543576E+00   2.565297E+00         5
   5.826477E+01   5.826477E+01   6.712095E+00   2.109379E+00   2.109379E+00   1.150091E+00   4.303604E+00   3.543475E+00   2.565802E+00         5
   5.826510E+01   5.826510E+01   6.712080E+00   2.109378E+00   2.109378E+00   1.150797E+00   4.304614E+00   3.543373E+00   2.566307E+00         5
   5.826543E+01   5.826543E+01   6.712064E+00   2.109377E+00   2.109377E+00   1.151503E+00   4.305624E+00   3.543272E+00   2.566812E+00         5
   5.826576E+01   5.826576E+01   6.712048E+00   2.109377E+00   2.109377E+00   1.152185E+00   4.306655E+00   3.543167E+00   2.567328E+00         5
   5.826609E+01   5.826609E+01   6.712032E+00   2.109377E+00   2.109377E+00   1.152854E+00   4.307697E+00   3.543061E+00   2.567848E+00         5
   5.826642E+01   5.826642E+01   6.712016E+00   2.109377E+00   2.109377E+00   1.153523E+00   4.308738E+00   3.542955E+00   2.568369E+00         5
   5.826675E+01   5.826675E+01   6.711999E+00   2.109377E+00   2.109377E+00   1.154192E+00   4.309779E+00   3.542849E+00   2.568890E+00         5
   5.826708E+01   5.826708E+01   6.711983E+00   2.109377E+00   2.109377E+00   1.154862E+00   4.310821E+00   3.542743E+00   2.569410E+00         5
   5.826741E+01   5.826741E+01   6.711967E+00   2.109377E+00   2.109377E+00   1.155531E+00   4.311862E+00   3.542637E+00   2.569931E+00         5
   5.826774E+01   5.826774E+01   6.711951E+00   2.109377E+00   2.109377E+00   1.156200E+00   4.312903E+00   3.542531E+00   2.570452E+00         5
   5.826807E+01   5.826807E+01   6.711934E+00   2.109377E+00   2.109377E+00   1.156857E+00   4.313967E+00   3.542424E+00   2.570984E+00         5
   5.826840E+01   5.826840E+01   6.711918E+00   2.109377E+00   2.109377E+00   1.157508E+00   4.315040E+00   3.542317E+00   2.571520E+00         5
   5.826873E+01   5.826873E+01   6.711901E+00   2.109377E+00   2.109377E+00   1.158159E+00   4.316113E+00   3.542211E+00   2.572057E+00         5
   5.826907E+01   5.826907E+01   6.711884E+00   2.109377E+00   2.109377E+00   1.158810E+00   4.317186E+00   3.542104E+00   2.572593E+00         5
   5.826940E+01   5.826940E+01   6.711867E+00   2.109377E+00   2.109377E+00   1.159462E+00   4.318259E+00   3.541997E+00   2.573130E+00         5
   5.826973E+01   5.826973E+01   6.711851E+00   2.109377E+00   2.109377E+00   1.160113E+00   4.319332E+00   3.541890E+00   2.573666E+00         5
   5.827006E+01   5.827006E+01   6.711834E+00   2.109377E+00   2.109377E+00   1.160776E+00   4.320410E+00   3.541783E+00   2.574205E+00         5
   5.827039E+01   5.827039E+01   6.711817E+00   2.109379E+00   2.109379E+00   1.161500E+00   4.321519E+00   3.541676E+00   2.574759E+00         5
   5.827072E+01   5.827072E+01   6.711799E+00   2.109381E+00   2.109381E+00   1.162225E+00   4.322627E+00   3.541569E+00   2.575313E+00         5
   5.827105E+01   5.827105E+01   6.711782E+00   2.109382E+00   2.109382E+00   1.162949E+00   4.323735E+00   3.541462E+00   2.575868E+00         5
   5.827138E+01   5.827138E+01   6.711765E+00   2.109384E+00   2.109384E+00   1.163674E+00   4.324843E+00   3.541355E+00   2.576422E+00         5
   5.827171E+01   5.827171E+01   6.711747E+00   2.109386E+00   2.109386E+00   1.164398E+00   4.325952E+00   3.541248E+00   2.576976E+00         5
   5.827204E+01   5.827204E+01   6.711730E+00   2.109387E+00   2.109387E+00   1.165122E+00   4.327060E+00   3.541141E+00   2.577530E+00         5
   5.827237E+01   5.827237E+01   6.711712E+00   2.109392E+00   2.109392E+00   1.166003E+00   4.328202E+00   3.541028E+00   2.578101E+00         5
   5.827270E+01   5.827270E+01   6.711695E+00   2.109396E+00   2.109396E+00   1.166885E+00   4.329345E+00   3.540915E+00   2.578673E+00         5
   5.827303E+01   5.827303E+01   6.711677E+00   2.109400E+00   2.109400E+00   1.167768E+00   4.330488E+00   3.540802E+00   2.579244E+00         5
   5.827336E+01   5.827336E+01   6.711659E+00   2.109405E+00   2.109405E+00   1.168650E+00   4.331631E+00   3.540689E+00   2.579816E+00         5
   5.827369E+01   5.827369E+01   6.711641E+00   2.109409E+00   2.109409E+00   1.169532E+00   4.332774E+00   3.540576E+00   2.580387E+00         5
   5.827402E+01   5.827402E+01   6.711623E+00   2.109412E+00   2.109412E+00   1.170384E+00   4.333924E+00   3.540462E+00   2.580962E+00         5
   5.827435E+01   5.827435E+01   6.711605E+00   2.109412E+00   2.109412E+00   1.171135E+00   4.335098E+00   3.540344E+00   2.581549E+00         5
   5.827468E+01   5.827468E+01   6.711586E+00   2.109412E+00   2.109412E+00   1.171886E+00   4.336272E+00   3.540226E+00   2.582136E+00         5
   5.827501E+01   5.827501E+01   6.711568E+00   2.109412E+00   2.109412E+00   1.172638E+00   4.337446E+00   3.540107E+00   2.582723E+00         5
   5.827534E+01   5.827534E+01   6.711550E+00   2.109412E+00   2.109412E+00   1.173389E+00   4.338620E+00   3.539989E+00   2.583310E+00         5
   5.827567E+01   5.827567E+01   6.711531E+00   2.109412E+00   2.109412E+00   1.174140E+00   4.339794E+00   3.539871E+00   2.583897E+00         5
   5.827600E+01   5.827600E+01   6.711513E+00   2.109412E+00   2.109412E+00   1.175006E+00   4.340995E+00   3.539749E+00   2.584497E+00         5
   5.827633E+01   5.827633E+01   6.711494E+00   2.109412E+00   2.109412E+00   1.175899E+00   4.342201E+00   3.539626E+00   2.585101E+00         5
   5.827666E+01   5.827666E+01   6.711475E+00   2.109412E+00   2.109412E+00   1.176792E+00   4.343408E+00   3.539504E+00   2.585704E+00         5
   5.827699E+01   5.827699E+01   6.711456E+00   2.109412E+00   2.109412E+00   1.177685E+00   4.344614E+00   3.539381E+00   2.586307E+00         5
   5.827732E+01   5.827732E+01   6.711437E+00   2.109412E+00   2.109412E+00   1.178578E+00   4.345820E+00   3.539258E+00   2.586910E+00         5
   5.827765E+01   5.827765E+01   6.711418E+00   2.109412E+00   2.109412E+00   1.179524E+00   4.347047E+00   3.539137E+00   2.587523E+00         5
   5.827798E+01   5.827798E+01   6.711398E+00   2.109412E+00   2.109412E+00   1.180487E+00   4.348279E+00   3.539017E+00   2.588140E+00         5
   5.827831E+01   5.827831E+01   6.711379E+00   2.109412E+00   2.109412E+00   1.181451E+00   4.349511E+00   3.538897E+00   2.588756E+00         5
   5.827864E+01   5.827864E+01   6.711360E+00   2.109412E+00   2.109412E+00   1.182414E+00   4.350744E+00   3.538776E+00   2.589372E+00         5
   5.827897E+01   5.827897E+01   6.711340E+00   2.109412E+00   2.109412E+00   1.183376E+00   4.351977E+00   3.538656E+00   2.589988E+00         5
   5.827930E+01   5.827930E+01   6.711320E+00   2.109412E+00   2.109412E+00   1.184298E+00   4.353234E+00   3.538532E+00   2.590617E+00         5
   5.827963E+01   5.827963E+01   6.711300E+00   2.109412E+00   2.109412E+00   1.185219E+00   4.354491E+00   3.538407E+00   2.591246E+00         5
   5.827996E+01   5.827996E+01   6.711281E+00   2.109412E+00   2.109412E+00   1.186140E+00   4.355748E+00   3.538282E+00   2.591874E+00         5
   5.828030E+01   5.828030E+01   6.711261E+00   2.109412E+00   2.109412E+00   1.187062E+00   4.357005E+00   3.538158E+00   2.592503E+00         5
   5.828063E+01   5.828063E+01   6.711240E+00   2.109412E+00   2.109412E+00   1.187953E+00   4.358269E+00   3.538037E+00   2.593135E+00         5
   5.828096E+01   5.828096E+01   6.711220E+00   2.109412E+00   2.109412E+00   1.188823E+00   4.359539E+00   3.537918E+00   2.593769E+00         5
   5.828129E+01   5.828129E+01   6.711200E+00   2.109412E+00   2.109412E+00   1.189694E+00   4.360808E+00   3.537800E+00   2.594404E+00         5
   5.828162E+01   5.828162E+01   6.711179E+00   2.109412E+00   2.109412E+00   1.190564E+00   4.362077E+00   3.537682E+00   2.595039E+00         5
   5.828195E+01   5.828195E+01   6.711159E+00   2.109412E+00   2.109412E+00   1.191565E+00   4.363352E+00   3.537560E+00   2.595676E+00         5
   5.828228E+01   5.828228E+01   6.711138E+00   2.109412E+00   2.109412E+00   1.192725E+00   4.364633E+00   3.537432E+00   2.596317E+00         5
   5.828261E+01   5.828261E+01   6.711117E+00   2.109412E+00   2.109412E+00   1.193885E+00   4.365914E+00   3.537304E+00   2.596957E+00         5
   5.828294E+01   5.828294E+01   6.711096E+00   2.109412E+00   2.109412E+00   1.195044E+00   4.367196E+00   3.537176E+00   2.597598E+00         5
   5.828327E+01   5.828327E+01   6.711075E+00   2.109412E+00   2.109412E+00   1.196132E+00   4.368474E+00   3.537054E+00   2.598237E+00         5
   5.828360E+01   5.828360E+01   6.711053E+00   2.109412E+00   2.109412E+00   1.197171E+00   4.369751E+00   3.536935E+00   2.598876E+00         5
   5.828393E+01   5.828393E+01   6.711032E+00   2.109412E+00   2.109412E+00   1.198210E+00   4.371028E+00   3.536815E+00   2.599514E+00         5
   5.828426E+01   5.828426E+01   6.711011E+00   2.109412E+00   2.109412E+00   1.199252E+00   4.372308E+00   3.536696E+00   2.600154E+00         5
   5.828459E+01   5.828459E+01   6.710989E+00   2.109515E+00   2.109515E+00   1.200206E+00   4.373583E+00   3.536577E+00   2.600791E+00         5
   5.828492E+01   5.828492E+01   6.710967E+00   2.109618E+00   2.109618E+00   1.201163E+00   4.374860E+00   3.536458E+00   2.601430E+00         5
   5.828525E+01   5.828525E+01   6.710945E+00   2.109720E+00   2.109720E+00   1.202119E+00   4.376138E+00   3.536338E+00   2.602069E+00         5
   5.828558E+01   5.828558E+01   6.710923E+00   2.109759E+00   2.109759E+00   1.203104E+00   4.377368E+00   3.536229E+00   2.602684E+00         5
   5.828591E+01   5.828591E+01   6.710901E+00   2.109762E+00   2.109762E+00   1.204106E+00   4.378572E+00   3.536124E+00   2.603286E+00         5
   5.828624E+01   5.828624E+01   6.710879E+00   2.109764E+00   2.109764E+00   1.205107E+00   4.379775E+00   3.536020E+00   2.603888E+00         5
   5.828657E+01   5.828657E+01   6.710857E+00   2.109765E+00   2.109765E+00   1.206146E+00   4.380982E+00   3.535911E+00   2.604491E+00         5
   5.828690E+01   5.828690E+01   6.710834E+00   2.109765E+00   2.109765E+00   1.207221E+00   4.382194E+00   3.535799E+00   2.605097E+00         5
   5.828723E+01   5.828723E+01   6.710812E+00   2.109765E+00   2.109765E+00   1.208296E+00   4.383405E+00   3.535687E+00   2.605702E+00         5
   5.828756E+01   5.828756E+01   6.710789E+00   2.109765E+00   2.109765E+00   1.209392E+00   4.384560E+00   3.535584E+00   2.606280E+00         5
   5.828789E+01   5.828789E+01   6.710766E+00   2.109765E+00   2.109765E+00   1.210501E+00   4.385681E+00   3.535487E+00   2.606841E+00         5
   5.828822E+01   5.828822E+01   6.710743E+00   2.109765E+00   2.109765E+00   1.211610E+00   4.386802E+00   3.535390E+00   2.607401E+00         5
   5.828855E+01   5.828855E+01   6.710720E+00   2.109765E+00   2.109765E+00   1.212741E+00   4.387815E+00   3.535308E+00   2.607908E+00         5
   5.828888E+01   5.828888E+01   6.710697E+00   2.109765E+00   2.109765E+00   1.213875E+00   4.388815E+00   3.535227E+00   2.608408E+00         5
   5.828921E+01   5.828921E+01   6.710674E+00   2.109765E+00   2.109765E+00   1.215012E+00   4.389769E+00   3.535151E+00   2.608885E+00         5
   5.828954E+01   5.828954E+01   6.710650E+00   2.109765E+00   2.109765E+00   1.216152E+00   4.390637E+00   3.535084E+00   2.609318E+00         5
   5.828987E+01   5.828987E+01   6.710627E+00   2.109765E+00   2.109765E+00   1.217293E+00   4.391504E+00   3.535017E+00   2.609752E+00         5
   5.829020E+01   5.829020E+01   6.710604E+00   2.109765E+00   2.109765E+00   1.218399E+00   4.392161E+00   3.534978E+00   2.610081E+00         5
   5.829053E+01   5.829053E+01   6.710580E+00   2.109765E+00   2.109765E+00   1.219504E+00   4.392806E+00   3.534941E+00   2.610403E+00         5
   5.829086E+01   5.829086E+01   6.710557E+00   2.109765E+00   2.109765E+00   1.220667E+00   4.393214E+00   3.534910E+00   2.610607E+00         5
   5.829119E+01   5.829119E+01   6.710534E+00   2.109765E+00   2.109765E+00   1.221864E+00   4.393487E+00   3.534882E+00   2.610744E+00         5
   5.829153E+01   5.829153E+01   6.710510E+00   2.109765E+00   2.109765E+00   1.222983E+00   4.393315E+00   3.534883E+00   2.610658E+00         5
   5.829186E+01   5.829186E+01   6.710487E+00   2.109765E+00   2.109765E+00   1.223932E+00   4.392163E+00   3.534947E+00   2.610082E+00         5
   5.829219E+01   5.829219E+01   6.710459E+00   2.109765E+00   2.109765E+00   1.225090E+00   4.385570E+00   3.535342E+00   2.606785E+00         5
   5.829252E+01   5.829252E+01   6.710407E+00   2.098411E+00   2.098411E+00   1.225875E+00   4.385127E+00   3.535150E+00   2.606564E+00         5
   5.829285E+01   5.829285E+01   6.710384E+00   2.090357E+00   2.090357E+00   1.226152E+00   4.391629E+00   3.534513E+00   2.609814E+00         5
   5.829318E+01   5.829318E+01   6.710362E+00   2.076154E+00   2.076154E+00   1.226494E+00   4.399548E+00   3.533788E+00   2.613774E+00         5
   5.829351E+01   5.829351E+01   6.710338E+00   2.052325E+00   2.052325E+00   1.226936E+00   4.409482E+00   3.532961E+00   2.618741E+00         5
   5.829384E+01   5.829384E+01   6.710313E+00   2.016115E+00   2.016115E+00   1.227497E+00   4.420462E+00   3.532302E+00   2.624231E+00         5
   5.829417E+01   5.829417E+01   6.710288E+00   1.976319E+00   1.976319E+00   1.228007E+00   4.426681E+00   3.531974E+00   2.627340E+00         5
   5.829450E+01   5.829450E+01   6.710263E+00   1.936027E+00   1.936027E+00   1.228510E+00   4.432241E+00   3.531693E+00   2.630120E+00         5
   5.829483E+01   5.829483E+01   6.710238E+00   1.912651E+00   1.912651E+00   1.229063E+00   4.434029E+00   3.531638E+00   2.631015E+00         5
   5.829516E+01   5.829516E+01   6.710213E+00   1.903410E+00   1.903410E+00   1.229659E+00   4.432666E+00   3.531771E+00   2.630333E+00         5
   5.829549E+01   5.829549E+01   6.710188E+00   1.894168E+00   1.894168E+00   1.230254E+00   4.431304E+00   3.531904E+00   2.629652E+00         5
   5.829582E+01   5.829582E+01   6.710164E+00   1.884927E+00   1.884927E+00   1.230850E+00   4.429941E+00   3.532037E+00   2.628971E+00         5
   5.829615E+01   5.829615E+01   6.710139E+00   1.875686E+00   1.875686E+00   1.231445E+00   4.428578E+00   3.532170E+00   2.628289E+00         5
   5.829648E+01   5.829648E+01   6.710114E+00   1.866444E+00   1.866444E+00   1.232041E+00   4.427216E+00   3.532304E+00   2.627608E+00         5
   5.829681E+01   5.829681E+01   6.710089E+00   1.857203E+00   1.857203E+00   1.232636E+00   4.425853E+00   3.532437E+00   2.626926E+00         5
   5.829714E+01   5.829714E+01   6.710066E+00   1.852042E+00   1.852042E+00   1.233317E+00   4.424944E+00   3.532541E+00   2.626472E+00         5
   5.829747E+01   5.829747E+01   6.710042E+00   1.847210E+00   1.847210E+00   1.234006E+00   4.424072E+00   3.532644E+00   2.626036E+00         5
   5.829780E+01   5.829780E+01   6.710018E+00   1.842378E+00   1.842378E+00   1.234694E+00   4.423199E+00   3.532746E+00   2.625600E+00         5
   5.829813E+01   5.829813E+01   6.709995E+00   1.837546E+00   1.837546E+00   1.235382E+00   4.422327E+00   3.532848E+00   2.625164E+00         5
   5.829846E+01   5.829846E+01   6.709971E+00   1.832713E+00   1.832713E+00   1.236070E+00   4.421455E+00   3.532950E+00   2.624727E+00         5
   5.829879E+01   5.829879E+01   6.709948E+00   1.827881E+00   1.827881E+00   1.236758E+00   4.420582E+00   3.533052E+00   2.624291E+00         5
   5.829912E+01   5.829912E+01   6.709924E+00   1.823049E+00   1.823049E+00   1.237446E+00   4.419710E+00   3.533154E+00   2.623855E+00         5
   5.829945E+01   5.829945E+01   6.709901E+00   1.818217E+00   1.818217E+00   1.238134E+00   4.418838E+00   3.533257E+00   2.623419E+00         5
   5.829978E+01   5.829978E+01   6.709877E+00   1.813081E+00   1.813081E+00   1.238835E+00   4.418457E+00   3.533317E+00   2.623228E+00         5
   5.830011E+01   5.830011E+01   6.709854E+00   1.807515E+00   1.807515E+00   1.239553E+00   4.418767E+00   3.533320E+00   2.623384E+00         5
   5.830044E+01   5.830044E+01   6.709831E+00   1.801950E+00   1.801950E+00   1.240270E+00   4.419078E+00   3.533322E+00   2.623539E+00         5
   5.830077E+01   5.830077E+01   6.709808E+00   1.796385E+00   1.796385E+00   1.240988E+00   4.419388E+00   3.533325E+00   2.623694E+00         5
   5.830110E+01   5.830110E+01   6.709785E+00   1.790820E+00   1.790820E+00   1.241706E+00   4.419699E+00   3.533327E+00   2.623850E+00         5
   5.830143E+01   5.830143E+01   6.709762E+00   1.785255E+00   1.785255E+00   1.242423E+00   4.420010E+00   3.533329E+00   2.624005E+00         5
   5.830176E+01   5.830176E+01   6.709739E+00   1.779690E+00   1.779690E+00   1.243141E+00   4.420320E+00   3.533332E+00   2.624160E+00         5
   5.830209E+01   5.830209E+01   6.709716E+00   1.774125E+00   1.774125E+00   1.243859E+00   4.420631E+00   3.533334E+00   2.624315E+00         5
   5.830242E+01   5.830242E+01   6.709693E+00   1.768514E+00   1.768514E+00   1.244573E+00   4.420989E+00   3.533332E+00   2.624494E+00         5
   5.830276E+01   5.830276E+01   6.709670E+00   1.762813E+00   1.762813E+00   1.245280E+00   4.421439E+00   3.533323E+00   2.624720E+00         5
   5.830309E+01   5.830309E+01   6.709647E+00   1.757112E+00   1.757112E+00   1.245988E+00   4.421890E+00   3.533313E+00   2.624945E+00         5
   5.830342E+01   5.830342E+01   6.709624E+00   1.751411E+00   1.751411E+00   1.246695E+00   4.422340E+00   3.533304E+00   2.625170E+00         5
   5.830375E+01   5.830375E+01   6.709601E+00   1.745710E+00   1.745710E+00   1.247403E+00   4.422791E+00   3.533294E+00   2.625395E+00         5
   5.830408E+01   5.830408E+01   6.709578E+00   1.740009E+00   1.740009E+00   1.248110E+00   4.423241E+00   3.533285E+00   2.625621E+00         5
   5.830441E+01   5.830441E+01   6.709555E+00   1.734308E+00   1.734308E+00   1.248818E+00   4.423692E+00   3.533275E+00   2.625846E+00         5
   5.830474E+01   5.830474E+01   6.709532E+00   1.728607E+00   1.728607E+00   1.249525E+00   4.424142E+00   3.533266E+00   2.626071E+00         5
   5.830507E+01   5.830507E+01   6.709508E+00   1.722906E+00   1.722906E+00   1.250232E+00   4.424593E+00   3.533256E+00   2.626296E+00         5
   5.830540E+01   5.830540E+01   6.709485E+00   1.719467E+00   1.719467E+00   1.250935E+00   4.424386E+00   3.533298E+00   2.626193E+00         5
   5.830573E+01   5.830573E+01   6.709461E+00   1.716230E+00   1.716230E+00   1.251638E+00   4.424119E+00   3.533343E+00   2.626060E+00         5
   5.830606E+01   5.830606E+01   6.709437E+00   1.712992E+00   1.712992E+00   1.252341E+00   4.423853E+00   3.533389E+00   2.625927E+00         5
   5.830639E+01   5.830639E+01   6.709413E+00   1.709755E+00   1.709755E+00   1.253043E+00   4.423587E+00   3.533435E+00   2.625794E+00         5
   5.830672E+01   5.830672E+01   6.709390E+00   1.706517E+00   1.706517E+00   1.253746E+00   4.423321E+00   3.533480E+00   2.625661E+00         5
   5.830705E+01   5.830705E+01   6.709366E+00   1.703280E+00   1.703280E+00   1.254448E+00   4.423055E+00   3.533526E+00   2.625528E+00         5
   5.830738E+01   5.830738E+01   6.709342E+00   1.700043E+00   1.700043E+00   1.255151E+00   4.422789E+00   3.533572E+00   2.625394E+00         5
   5.830771E+01   5.830771E+01   6.709318E+00   1.696805E+00   1.696805E+00   1.255854E+00   4.422523E+00   3.533617E+00   2.625261E+00         5
   5.830804E+01   5.830804E+01   6.709295E+00   1.693568E+00   1.693568E+00   1.256556E+00   4.422257E+00   3.533663E+00   2.625128E+00         5
   5.830837E+01   5.830837E+01   6.709270E+00   1.682506E+00   1.682506E+00   1.257411E+00   4.422268E+00   3.533733E+00   2.625134E+00         5
   5.830870E+01   5.830870E+01   6.709246E+00   1.679977E+00   1.679977E+00   1.258120E+00   4.424273E+00   3.533564E+00   2.626137E+00         5
   5.830903E+01   5.830903E+01   6.709222E+00   1.677448E+00   1.677448E+00   1.258829E+00   4.426279E+00   3.533396E+00   2.627140E+00         5
   5.830936E+01   5.830936E+01   6.709198E+00   1.674919E+00   1.674919E+00   1.259538E+00   4.428285E+00   3.533228E+00   2.628142E+00         5
   5.830969E+01   5.830969E+01   6.709175E+00   1.672390E+00   1.672390E+00   1.260247E+00   4.430290E+00   3.533060E+00   2.629145E+00         5
   5.831002E+01   5.831002E+01   6.709151E+00   1.669861E+00   1.669861E+00   1.260956E+00   4.432296E+00   3.532891E+00   2.630148E+00         5
   5.831035E+01   5.831035E+01   6.709126E+00   1.669813E+00   1.669813E+00   1.261689E+00   4.431557E+00   3.532948E+00   2.629779E+00         5
   5.831068E+01   5.831068E+01   6.709101E+00   1.671524E+00   1.671524E+00   1.262438E+00   4.428876E+00   3.533165E+00   2.628438E+00         5
   5.831101E+01   5.831101E+01   6.709077E+00   1.679165E+00   1.679165E+00   1.263072E+00   4.428009E+00   3.533265E+00   2.628005E+00         5
   5.831134E+01   5.831134E+01   6.709052E+00   1.688013E+00   1.688013E+00   1.263766E+00   4.427145E+00   3.533371E+00   2.627573E+00         5
   5.831167E+01   5.831167E+01   6.709028E+00   1.694662E+00   1.694662E+00   1.264622E+00   4.425545E+00   3.533531E+00   2.626772E+00         5
   5.831200E+01   5.831200E+01   6.709004E+00   1.690912E+00   1.690912E+00   1.265391E+00   4.426687E+00   3.533447E+00   2.627343E+00         5
   5.831233E+01   5.831233E+01   6.708980E+00   1.688556E+00   1.688556E+00   1.266121E+00   4.430162E+00   3.533134E+00   2.629081E+00         5
   5.831266E+01   5.831266E+01   6.708955E+00   1.685463E+00   1.685463E+00   1.266890E+00   4.427848E+00   3.533374E+00   2.627924E+00         5
   5.831299E+01   5.831299E+01   6.708929E+00   1.678581E+00   1.678581E+00   1.267656E+00   4.421638E+00   3.534002E+00   2.624819E+00         5
   5.831332E+01   5.831332E+01   6.708895E+00   1.679296E+00   1.679296E+00   1.268565E+00   4.419612E+00   3.534443E+00   2.623806E+00         5
   5.831365E+01   5.831365E+01   6.708861E+00   1.679301E+00   1.679301E+00   1.269522E+00   4.418329E+00   3.534711E+00   2.623164E+00         5
   5.831399E+01   5.831399E+01   6.708827E+00   1.679133E+00   1.679133E+00   1.270485E+00   4.416997E+00   3.534958E+00   2.622499E+00         5
   5.831432E+01   5.831432E+01   6.708792E+00   1.677557E+00   1.677557E+00   1.271464E+00   4.414271E+00   3.535201E+00   2.621136E+00         5
   5.831465E+01   5.831465E+01   6.708758E+00   1.675247E+00   1.675247E+00   1.272443E+00   4.416405E+00   3.534991E+00   2.622202E+00         5
   5.831498E+01   5.831498E+01   6.708725E+00   1.672885E+00   1.672885E+00   1.273416E+00   4.423823E+00   3.534282E+00   2.625911E+00         5
   5.831531E+01   5.831531E+01   6.708697E+00   1.671399E+00   1.671399E+00   1.274321E+00   4.433704E+00   3.533336E+00   2.630852E+00         5
   5.831564E+01   5.831564E+01   6.708671E+00   1.670464E+00   1.670464E+00   1.275007E+00   4.437657E+00   3.532950E+00   2.632829E+00         5
   5.831597E+01   5.831597E+01   6.708645E+00   1.669529E+00   1.669529E+00   1.275693E+00   4.441610E+00   3.532565E+00   2.634805E+00         5
   5.831630E+01   5.831630E+01   6.708620E+00   1.668532E+00   1.668532E+00   1.276386E+00   4.445226E+00   3.532212E+00   2.636613E+00         5
   5.831663E+01   5.831663E+01   6.708594E+00   1.666767E+00   1.666767E+00   1.277154E+00   4.444708E+00   3.532259E+00   2.636354E+00         5
   5.831696E+01   5.831696E+01   6.708568E+00   1.665002E+00   1.665002E+00   1.277922E+00   4.444190E+00   3.532305E+00   2.636095E+00         5
   5.831729E+01   5.831729E+01   6.708542E+00   1.663237E+00   1.663237E+00   1.278691E+00   4.443673E+00   3.532352E+00   2.635836E+00         5
   5.831762E+01   5.831762E+01   6.708516E+00   1.661424E+00   1.661424E+00   1.279469E+00   4.443078E+00   3.532404E+00   2.635539E+00         5
   5.831795E+01   5.831795E+01   6.708491E+00   1.659102E+00   1.659102E+00   1.280350E+00   4.441675E+00   3.532512E+00   2.634838E+00         5
   5.831828E+01   0.000000E+00   1.281230E+00   1.281230E+00   1.656781E+00   1.281230E+00   1.664299E+00   5.350770E+00  -2.342851E+00        12
   5.931828E+01   1.000000E+00   1.281230E+00   1.281230E+00   1.656781E+00   1.281230E+00   4.354556E-01   5.043559E+00  -2.342851E+00        12
   6.031828E+01   3.000000E+00   1.281230E+00   1.281230E+00   1.656781E+00   1.281230E+00  -9.550781E-02   4.910818E+00  -2.342851E+00        12
   6.131828E+01   6.000000E+00   1.281230E+00   1.281230E+00   1.656781E+00   1.281230E+00  -4.423902E-01   4.824097E+00  -2.342851E+00        12
   6.231828E+01   1.000000E+01   1.281230E+00   1.281230E+00   1.656781E+00   1.281230E+00  -7.008002E-01   4.759495E+00  -2.342851E+00        12
   6.331828E+01   1.500000E+01   1.281230E+00   1.281230E+00   1.656781E+00   1.281230E+00  -9.068938E-01   4.707971E+00  -2.342851E+00        12
   6.431828E+01   2.100000E+01   1.281230E+00   1.281230E+00   1.656781E+00   1.281230E+00  -1.078354E+00   4.665106E+00  -2.342851E+00        12
   6.531828E+01   2.800000E+01   1.281230E+00   1.281230E+00   1.656781E+00   1.281230E+00  -1.225174E+00   4.628401E+00  -2.342851E+00        12
   6.631828E+01   3.600000E+01   1.281230E+00   1.281230E+00   1.656781E+00   1.281230E+00  -1.353559E+00   4.596305E+00  -2.342851E+00        12
   6.731828E+01   4.500000E+01   1.281230E+00   1.281230E+00   1.656781E+00   1.281230E+00  -1.467629E+00   4.567788E+00  -2.342851E+00        12
   6.831828E+01   5.500000E+01   1.281230E+00   1.281230E+00   1.656781E+00   1.281230E+00  -1.570260E+00   4.542130E+00  -2.342851E+00        12
   6.931828E+01   6.600000E+01   1.281230E+00   1.281230E+00   1.656781E+00   1.281230E+00  -1.663539E+00   4.518810E+00  -2.342851E+00        12
   7.031828E+01   7.800000E+01   1.281230E+00   1.281230E+00   1.656781E+00   1.281230E+00  -1.749029E+00   4.497438E+00  -2.342851E+00        12
   7.131828E+01   9.100000E+01   1.281230E+00   1.281230E+00   1.656781E+00   1.281230E+00  -1.827933E+00   4.477712E+00  -2.342851E+00        12
   7.231828E+01   1.050000E+02   1.281230E+00   1.281230E+00   1.656781E+00   1.281230E+00  -1.901192E+00   4.459397E+00  -2.342851E+00        12
   7.331828E+01   1.200000E+02   1.281230E+00   1.281230E+00   1.656781E+00   1.281230E+00  -1.969562E+00   4.442304E+00  -2.342851E+00        12
   7.431828E+01   1.360000E+02   1.281230E+00   1.281230E+00   1.656781E+00   1.281230E+00  -2.033654E+00   4.426282E+00  -2.342851E+00        12
   7.531828E+01   1.530000E+02   1.281230E+00   1.281230E+00   1.656781E+00   1.281230E+00  -2.093972E+00   4.411202E+00  -2.342851E+00        12
   7.631828E+01   1.710000E+02   1.281230E+00   1.281230E+00   1.656781E+00   1.281230E+00  -2.150936E+00   4.396961E+00  -2.342851E+00        12
   7.731828E+01   1.900000E+02   1.281230E+00   1.281230E+00   1.656781E+00   1.281230E+00  -2.204900E+00   4.383470E+00  -2.342851E+00        12
   7.831828E+01   2.100000E+02   1.281230E+00   1.281230E+00   1.656781E+00   1.281230E+00  -2.256164E+00   4.370654E+00  -2.342851E+00        12
   7.931828E+01   2.310000E+02   1.281230E+00   1.281230E+00   1.656781E+00   1.281230E+00  -2.304985E+00   4.358449E+00  -2.342851E+00        12
   8.031828E+01   2.530000E+02   1.281230E+00   1.281230E+00   1.656781E+00   1.281230E+00  -2.351586E+00   4.346798E+00  -2.342851E+00        12
   8.131828E+01   2.760000E+02   1.281230E+00   1.281230E+00   1.656781E+00   1.281230E+00  -2.396159E+00   4.335655E+00  -2.342851E+00        12
   8.231828E+01   3.000000E+02   1.281230E+00   1.281230E+00   1.656781E+00   1.281230E+00  -2.438875E+00   4.324976E+00  -2.342851E+00        12
   8.331828E+01   3.250000E+02   1.281230E+00   1.281230E+00   1.656781E+00   1.281230E+00  -2.479881E+00   4.314725E+00  -2.342851E+00        12
   8.431828E+01   3.510000E+02   1.281230E+00   1.281230E+00   1.656781E+00   1.281230E+00  -2.519309E+00   4.304868E+00  -2.342851E+00        12
   8.531828E+01   3.780000E+02   1.281230E+00   1.281230E+00   1.656781E+00   1.281230E+00  -2.557277E+00   4.295376E+00  -2.342851E+00        12
   8.631828E+01   4.060000E+02   1.281230E+00   1.281230E+00   1.656781E+00   1.281230E+00  -2.593888E+00   4.286223E+00  -2.342851E+00        12
   8.731828E+01   4.350000E+02   1.281230E+00   1.281230E+00   1.656781E+00   1.281230E+00  -2.629236E+00   4.277386E+00  -2.342851E+00        12
   8.831828E+01   4.650000E+02   1.281230E+00   1.281230E+00   1.656781E+00   1.281230E+00  -2.663406E+00   4.268843E+00  -2.342851E+00        12
   8.931828E+01   4.960000E+02   1.281230E+00   1.281230E+00   1.656781E+00   1.281230E+00  -2.696473E+00   4.260577E+00  -2.342851E+00        12
   9.031828E+01   5.280000E+02   1.281230E+00   1.281230E+00   1.656781E+00   1.281230E+00  -2.728506E+00   4.252568E+00  -2.342851E+00        12
   9.131828E+01   5.610000E+02   1.281230E+00   1.281230E+00   1.656781E+00   1.281230E+00  -2.759568E+00   4.244803E+00  -2.342851E+00        12
   9.231828E+01   5.950000E+02   1.281230E+00   1.281230E+00   1.656781E+00   1.281230E+00  -2.789717E+00   4.237266E+00  -2.342851E+00        12
   9.331828E+01   6.300000E+02   1.281230E+00   1.281230E+00   1.656781E+00   1.281230E+00  -2.819004E+00   4.229944E+00  -2.342851E+00        12
   9.431828E+01   6.660000E+02   1.281230E+00   1.281230E+00   1.656781E+00   1.281230E+00  -2.847477E+00   4.222826E+00  -2.342851E+00        12
   9.531828E+01   7.030000E+02   1.281230E+00   1.281230E+00   1.656781E+00   1.281230E+00  -2.875181E+00   4.215900E+00  -2.342851E+00        12
   9.631828E+01   7.410000E+02   1.281230E+00   1.281230E+00   1.656781E+00   1.281230E+00  -2.902156E+00   4.209156E+00  -2.342851E+00        12
   9.731828E+01   7.800000E+02   1.281230E+00   1.281230E+00   1.656781E+00   1.281230E+00  -2.928438E+00   4.202585E+00  -2.342851E+00        12
   9.831828E+01   8.200000E+02   1.281230E+00   1.281230E+00   1.656781E+00   1.281230E+00  -2.954064E+00   4.196179E+00  -2.342851E+00        12
   9.931828E+01   8.610000E+02   1.281230E+00   1.281230E+00   1.656781E+00   1.281230E+00  -2.979064E+00   4.189929E+00  -2.342851E+00        12
   1.003183E+02   9.030000E+02   1.281230E+00   1.281230E+00   1.656781E+00   1.281230E+00  -3.003469E+00   4.183828E+00  -2.342851E+00        12
   1.013183E+02   9.460000E+02   1.281230E+00   1.281230E+00   1.656781E+00   1.281230E+00  -3.027307E+00   4.177868E+00  -2.342851E+00        12
   1.023183E+02   9.900000E+02   1.281230E+00   1.281230E+00   1.656781E+00   1.281230E+00  -3.050602E+00   4.172044E+00  -2.342851E+00        12
   1.033183E+02   1.035000E+03   1.281230E+00   1.281230E+00   1.656781E+00   1.281230E+00  -3.073380E+00   4.166350E+00  -2.342851E+00        12
   1.043183E+02   1.081000E+03   1.281230E+00   1.281230E+00   1.656781E+00   1.281230E+00  -3.095663E+00   4.160779E+00  -2.342851E+00        12
   1.053183E+02   1.128000E+03   1.281230E+00   1.281230E+00   1.656781E+00   1.281230E+00  -3.117471E+00   4.155327E+00  -2.342851E+00        12
   1.063183E+02   1.176000E+03   1.281230E+00   1.281230E+00   1.656781E+00   1.281230E+00  -3.138825E+00   4.149989E+00  -2.342851E+00        12
   1.073183E+02   1.225000E+03   1.281230E+00   1.281230E+00   1.656781E+00   1.281230E+00  -3.159743E+00   4.144759E+00  -2.342851E+00        12
   1.083183E+02   1.275000E+03   1.281230E+00   1.281230E+00   1.656781E+00   1.281230E+00  -3.180243E+00   4.139634E+00  -2.342851E+00        12
   1.093183E+02   1.326000E+03   1.281230E+00   1.281230E+00   1.656781E+00   1.281230E+00  -3.200341E+00   4.134610E+00  -2.342851E+00        12
   1.103183E+02   1.378000E+03   1.281230E+00   1.281230E+00   1.656781E+00   1.281230E+00  -3.220052E+00   4.129682E+00  -2.342851E+00        12
   1.113183E+02   1.431000E+03   1.281230E+00   1.281230E+00   1.656781E+00   1.281230E+00  -3.239391E+00   4.124847E+00  -2.342851E+00        12
   1.123183E+02   1.485000E+03   1.281230E+00   1.281230E+00   1.656781E+00   1.281230E+00  -3.258373E+00   4.120102E+00  -2.342851E+00        12
   1.133183E+02   1.540000E+03   1.281230E+00   1.281230E+00   1.656781E+00   1.281230E+00  -3.277009E+00   4.115443E+00  -2.342851E+00        12
   1.143183E+02   1.596000E+03   1.281230E+00   1.281230E+00   1.656781E+00   1.281230E+00  -3.295312E+00   4.110867E+00  -2.342851E+00        12
   1.153183E+02   1.653000E+03   1.281230E+00   1.281230E+00   1.656781E+00   1.281230E+00  -3.313294E+00   4.106371E+00  -2.342851E+00        12
   1.163183E+02   1.711000E+03   1.281230E+00   1.281230E+00   1.656781E+00   1.281230E+00  -3.330966E+00   4.101953E+00  -2.342851E+00        12
   1.173183E+02   1.770000E+03   1.281230E+00   1.281230E+00   1.656781E+00   1.281230E+00  -3.348338E+00   4.097610E+00  -2.342851E+00        12
   1.183183E+02   1.830000E+03   1.281230E+00   1.281230E+00   1.656781E+00   1.281230E+00  -3.365421E+00   4.093340E+00  -2.342851E+00        12
   1.193183E+02   1.891000E+03   1.281230E+00   1.281230E+00   1.656781E+00   1.281230E+00  -3.382224E+00   4.089139E+00  -2.342851E+00        12
   1.203183E+02   1.953000E+03   1.281230E+00   1.281230E+00   1.656781E+00   1.281230E+00  -3.398756E+00   4.085006E+00  -2.342851E+00        12
   1.213183E+02   2.016000E+03   1.281230E+00   1.281230E+00   1.656781E+00   1.281230E+00  -3.415025E+00   4.080939E+00  -2.342851E+00        12
   1.223183E+02   2.080000E+03   1.281230E+00   1.281230E+00   1.656781E+00   1.281230E+00  -3.431040E+00   4.076935E+00  -2.342851E+00        12
   1.233183E+02   2.145000E+03   1.281230E+00   1.281230E+00   1.656781E+00   1.281230E+00  -3.446809E+00   4.072993E+00  -2.342851E+00        12
   1.243183E+02   2.211000E+03   1.281230E+00   1.281230E+00   1.656781E+00   1.281230E+00  -3.462339E+00   4.069110E+00  -2.342851E+00        12
   1.253183E+02   2.278000E+03   1.281230E+00   1.281230E+00   1.656781E+00   1.281230E+00  -3.477637E+00   4.065286E+00  -2.342851E+00        12
   1.263183E+02   2.346000E+03   1.281230E+00   1.281230E+00   1.656781E+00   1.281230E+00  -3.492710E+00   4.061517E+00  -2.342851E+00        12
   1.273183E+02   2.415000E+03   1.281230E+00   1.281230E+00   1.656781E+00   1.281230E+00  -3.507564E+00   4.057804E+00  -2.342851E+00        12
   1.283183E+02   2.485000E+03   1.281230E+00   1.281230E+00   1.656781E+00   1.281230E+00  -3.522207E+00   4.054143E+00  -2.342851E+00        12
   1.293183E+02   2.556000E+03   1.281230E+00   1.281230E+00   1.656781E+00   1.281230E+00  -3.536643E+00   4.050534E+00  -2.342851E+00        12
   1.303183E+02   2.628000E+03   1.281230E+00   1.281230E+00   1.656781E+00   1.281230E+00  -3.550878E+00   4.046975E+00  -2.342851E+00        12
   1.313183E+02   2.701000E+03   1.281230E+00   1.281230E+00   1.656781E+00   1.281230E+00  -3.564919E+00   4.043465E+00  -2.342851E+00        12
   1.323183E+02   2.775000E+03   1.281230E+00   1.281230E+00   1.656781E+00   1.281230E+00  -3.578770E+00   4.040002E+00  -2.342851E+00        12
   1.333183E+02   2.850000E+03   1.281230E+00   1.281230E+00   1.656781E+00   1.281230E+00  -3.592436E+00   4.036586E+00  -2.342851E+00        12
   1.343183E+02   2.926000E+03   1.281230E+00   1.281230E+00   1.656781E+00   1.281230E+00  -3.605922E+00   4.033214E+00  -2.342851E+00        12
   1.353183E+02   3.003000E+03   1.281230E+00   1.281230E+00   1.656781E+00   1.281230E+00  -3.619233E+00   4.029887E+00  -2.342851E+00        12
   1.363183E+02   3.081000E+03   1.281230E+00   1.281230E+00   1.656781E+00   1.281230E+00  -3.632374E+00   4.026601E+00  -2.342851E+00        12
   1.373183E+02   3.160000E+03   1.281230E+00   1.281230E+00   1.656781E+00   1.281230E+00  -3.645348E+00   4.023358E+00  -2.342851E+00        12
   1.383183E+02   3.240000E+03   1.281230E+00   1.281230E+00   1.656781E+00   1.281230E+00  -3.658160E+00   4.020155E+00  -2.342851E+00        12
   1.393183E+02   3.321000E+03   1.281230E+00   1.281230E+00   1.656781E+00   1.281230E+00  -3.670814E+00   4.016991E+00  -2.342851E+00        12
   1.403183E+02   3.403000E+03   1.281230E+00   1.281230E+00   1.656781E+00   1.281230E+00  -3.683313E+00   4.013867E+00  -2.342851E+00        12
   1.413183E+02   3.486000E+03   1.281230E+00   1.281230E+00   1.656781E+00   1.281230E+00  -3.695662E+00   4.010779E+00  -2.342851E+00        12
   1.423183E+02   3.570000E+03   1.281230E+00   1.281230E+00   1.656781E+00   1.281230E+00  -3.707864E+00   4.007729E+00  -2.342851E+00        12
   1.433183E+02   3.655000E+03   1.281230E+00   1.281230E+00   1.656781E+00   1.281230E+00  -3.719922E+00   4.004714E+00  -2.342851E+00        12
   1.443183E+02   3.741000E+03   1.281230E+00   1.281230E+00   1.656781E+00   1.281230E+00  -3.731840E+00   4.001735E+00  -2.342851E+00        12
   1.453183E+02   3.828000E+03   1.281230E+00   1.281230E+00   1.656781E+00   1.281230E+00  -3.743621E+00   3.998790E+00  -2.342851E+00        12
   1.463183E+02   3.916000E+03   1.281230E+00   1.281230E+00   1.656781E+00   1.281230E+00  -3.755268E+00   3.995878E+00  -2.342851E+00        12
   1.473183E+02   4.005000E+03   1.281230E+00   1.281230E+00   1.656781E+00   1.281230E+00  -3.766785E+00   3.992999E+00  -2.342851E+00        12
   1.483183E+02   4.095000E+03   1.281230E+00   1.281230E+00   1.656781E+00   1.281230E+00  -3.778173E+00   3.990152E+00  -2.342851E+00        12
   1.493183E+02   4.186000E+03   1.281230E+00   1.281230E+00   1.656781E+00   1.281230E+00  -3.789436E+00   3.987336E+00  -2.342851E+00        12
   1.503183E+02   4.278000E+03   1.281230E+00   1.281230E+00   1.656781E+00   1.281230E+00  -3.800577E+00   3.984551E+00  -2.342851E+00        12
   1.513183E+02   4.371000E+03   1.281230E+00   1.281230E+00   1.656781E+00   1.281230E+00  -3.811598E+00   3.981795E+00  -2.342851E+00        12
   1.523183E+02   4.465000E+03   1.281230E+00   1.281230E+00   1.656781E+00   1.281230E+00  -3.822502E+00   3.979069E+00  -2.342851E+00        12
   1.533183E+02   4.560000E+03   1.281230E+00   1.281230E+00   1.656781E+00   1.281230E+00  -3.833291E+00   3.976372E+00  -2.342851E+00        12
   1.543183E+02   4.656000E+03   1.281230E+00   1.281230E+00   1.656781E+00   1.281230E+00  -3.843967E+00   3.973703E+00  -2.342851E+00        12
   1.553183E+02   4.753000E+03   1.281230E+00   1.281230E+00   1.656781E+00   1.281230E+00  -3.854534E+00   3.971061E+00  -2.342851E+00        12
   1.563183E+02   4.851000E+03   1.281230E+00   1.281230E+00   1.656781E+00   1.281230E+00  -3.864992E+00   3.968447E+00  -2.342851E+00        12
   1.573183E+02   4.950000E+03   1.281230E+00   1.281230E+00   1.656781E+00   1.281230E+00  -3.875345E+00   3.965859E+00  -2.342851E+00        12
   1.583183E+02   5.050000E+03   1.281230E+00   1.281230E+00   1.656781E+00   1.281230E+00  -3.885595E+00   3.963296E+00  -2.342851E+00        12
   1.593183E+02   5.151000E+03   1.281230E+00   1.281230E+00   1.656781E+00   1.281230E+00  -3.895743E+00   3.960759E+00  -2.342851E+00        12
   1.603183E+02   5.253000E+03   1.281230E+00   1.281230E+00   1.656781E+00   1.281230E+00  -3.905791E+00   3.958247E+00  -2.342851E+00        12
   1.613183E+02   5.356000E+03   1.281230E+00   1.281230E+00   1.656781E+00   1.281230E+00  -3.915742E+00   3.955759E+00  -2.342851E+00        12
   1.623183E+02   5.460000E+03   1.281230E+00   1.281230E+00   1.656781E+00   1.281230E+00  -3.925598E+00   3.953296E+00  -2.342851E+00        12
   1.633183E+02   5.565000E+03   1.281230E+00   1.281230E+00   1.656781E+00   1.281230E+00  -3.935359E+00   3.950855E+00  -2.342851E+00        12
   1.643183E+02   5.671000E+03   1.281230E+00   1.281230E+00   1.656781E+00   1.281230E+00  -3.945028E+00   3.948438E+00  -2.342851E+00        12
   1.653183E+02   5.778000E+03   1.281230E+00   1.281230E+00   1.656781E+00   1.281230E+00  -3.954607E+00   3.946043E+00  -2.342851E+00        12
   1.663183E+02   5.886000E+03   1.281230E+00   1.281230E+00   1.656781E+00   1.281230E+00  -3.964097E+00   3.943671E+00  -2.342851E+00        12
   1.673183E+02   5.995000E+03   1.281230E+00   1.281230E+00   1.656781E+00   1.281230E+00  -3.973501E+00   3.941320E+00  -2.342851E+00        12
   1.683183E+02   6.105000E+03   1.281230E+00   1.281230E+00   1.656781E+00   1.281230E+00  -3.982818E+00   3.938990E+00  -2.342851E+00        12
   1.693183E+02   6.216000E+03   1.281230E+00   1.281230E+00   1.656781E+00   1.281230E+00  -3.992052E+00   3.936682E+00  -2.342851E+00        12
   1.703183E+02   6.328000E+03   1.281230E+00   1.281230E+00   1.656781E+00   1.281230E+00  -4.001203E+00   3.934394E+00  -2.342851E+00        12
   1.713183E+02   6.441000E+03   1.281230E+00   1.281230E+00   1.656781E+00   1.281230E+00  -4.010274E+00   3.932126E+00  -2.342851E+00        12
   1.723183E+02   6.555000E+03   1.281230E+00   1.281230E+00   1.656781E+00   1.281230E+00  -4.019264E+00   3.929879E+00  -2.342851E+00        12
   1.733183E+02   6.670000E+03   1.281230E+00   1.281230E+00   1.656781E+00   1.281230E+00  -4.028177E+00   3.927651E+00  -2.342851E+00        12
   1.743183E+02   6.786000E+03   1.281230E+00   1.281230E+00   1.656781E+00   1.281230E+00  -4.037013E+00   3.925442E+00  -2.342851E+00        12
   1.753183E+02   6.903000E+03   1.281230E+00   1.281230E+00   1.656781E+00   1.281230E+00  -4.045773E+00   3.923252E+00  -2.342851E+00        12
   1.763183E+02   7.021000E+03   1.281230E+00   1.281230E+00   1.656781E+00   1.281230E+00  -4.054459E+00   3.921080E+00  -2.342851E+00        12
   1.773183E+02   7.140000E+03   1.281230E+00   1.281230E+00   1.656781E+00   1.281230E+00  -4.063072E+00   3.918927E+00  -2.342851E+00        12
   1.783183E+02   7.260000E+03   1.281230E+00   1.281230E+00   1.656781E+00   1.281230E+00  -4.071613E+00   3.916792E+00  -2.342851E+00        12
   1.793183E+02   7.381000E+03   1.281230E+00   1.281230E+00   1.656781E+00   1.281230E+00  -4.080084E+00   3.914674E+00  -2.342851E+00        12
   1.803183E+02   7.503000E+03   1.281230E+00   1.281230E+00   1.656781E+00   1.281230E+00  -4.088485E+00   3.912574E+00  -2.342851E+00        12
   1.813183E+02   7.626000E+03   1.281230E+00   1.281230E+00   1.656781E+00   1.281230E+00  -4.096818E+00   3.910490E+00  -2.342851E+00        12
   1.823183E+02   7.750000E+03   1.281230E+00   1.281230E+00   1.656781E+00   1.281230E+00  -4.105083E+00   3.908424E+00  -2.342851E+00        12
   1.833183E+02   7.875000E+03   1.281230E+00   1.281230E+00   1.656781E+00   1.281230E+00  -4.113283E+00   3.906374E+00  -2.342851E+00        12
   1.843183E+02   8.001000E+03   1.281230E+00   1.281230E+00   1.656781E+00   1.281230E+00  -4.121417E+00   3.904341E+00  -2.342851E+00        12
   1.853183E+02   8.128000E+03   1.281230E+00   1.281230E+00   1.656781E+00   1.281230E+00  -4.129488E+00   3.902323E+00  -2.342851E+00        12
   1.863183E+02   8.256000E+03   1.281230E+00   1.281230E+00   1.656781E+00   1.281230E+00  -4.137495E+00   3.900321E+00  -2.342851E+00        12
   1.873183E+02   8.385000E+03   1.281230E+00   1.281230E+00   1.656781E+00   1.281230E+00  -4.145441E+00   3.898335E+00  -2.342851E+00        12
   1.883183E+02   8.515000E+03   1.281230E+00   1.281230E+00   1.656781E+00   1.281230E+00  -4.153325E+00   3.896364E+00  -2.342851E+00        12
   1.893183E+02   8.646000E+03   1.281230E+00   1.281230E+00   1.656781E+00   1.281230E+00  -4.161149E+00   3.894408E+00  -2.342851E+00        12
   1.903183E+02   8.778000E+03   1.281230E+00   1.281230E+00   1.656781E+00   1.281230E+00  -4.168913E+00   3.892467E+00  -2.342851E+00        12
   1.913183E+02   8.911000E+03   1.281230E+00   1.281230E+00   1.656781E+00   1.281230E+00  -4.176620E+00   3.890540E+00  -2.342851E+00        12
   1.923183E+02   9.045000E+03   1.281230E+00   1.281230E+00   1.656781E+00   1.281230E+00  -4.195748E+00   3.885758E+00  -2.342851E+00        12
   1.933183E+02   9.180000E+03   1.281230E+00   1.281230E+00   1.656781E+00   1.281230E+00  -4.237441E+00   3.875335E+00  -2.342851E+00        12
   1.943183E+02   9.316000E+03   1.281230E+00   1.281230E+00   1.656781E+00   1.281230E+00  -4.278827E+00   3.864988E+00  -2.342851E+00        12
   1.953183E+02   9.453000E+03   1.281230E+00   1.281230E+00   1.656781E+00   1.281230E+00  -4.319911E+00   3.854717E+00  -2.342851E+00        12
   1.963183E+02   9.591000E+03   1.281230E+00   1.281230E+00   1.656781E+00   1.281230E+00  -4.360697E+00   3.844521E+00  -2.342851E+00        12
   1.973183E+02   9.730000E+03   1.281230E+00   1.281230E+00   1.656781E+00   1.281230E+00  -4.401190E+00   3.834397E+00  -2.342851E+00        12
   1.983183E+02   9.870000E+03   1.281230E+00   1.281230E+00   1.656781E+00   1.281230E+00  -4.441393E+00   3.824347E+00  -2.342851E+00        12
   1.993183E+02   1.001100E+04   1.281230E+00   1.281230E+00   1.656781E+00   1.281230E+00  -4.481311E+00   3.814367E+00  -2.342851E+00        12
   2.003183E+02   1.015300E+04   1.281230E+00   1.281230E+00   1.656781E+00   1.281230E+00  -4.520949E+00   3.804458E+00  -2.342851E+00        12
   2.013183E+02   1.029600E+04   1.281230E+00   1.281230E+00   1.656781E+00   1.281230E+00  -4.560309E+00   3.794618E+00  -2.342851E+00        12
   2.023183E+02   1.044000E+04   1.281230E+00   1.281230E+00   1.656781E+00   1.281230E+00  -4.599396E+00   3.784846E+00  -2.342851E+00        12
   2.033183E+02   1.058500E+04   1.281230E+00   1.281230E+00   1.656781E+00   1.281230E+00  -4.638213E+00   3.775142E+00  -2.342851E+00        12
   2.043183E+02   1.073100E+04   1.281230E+00   1.281230E+00   1.656781E+00   1.281230E+00  -4.676764E+00   3.765504E+00  -2.342851E+00        12
   2.053183E+02   1.087800E+04   1.281230E+00   1.281230E+00   1.656781E+00   1.281230E+00  -4.715053E+00   3.755932E+00  -2.342851E+00        12
   2.063183E+02   1.102600E+04   1.281230E+00   1.281230E+00   1.656781E+00   1.281230E+00  -4.753084E+00   3.746424E+00  -2.342851E+00        12
   2.073183E+02   1.117500E+04   1.281230E+00   1.281230E+00   1.656781E+00   1.281230E+00  -4.790859E+00   3.736980E+00  -2.342851E+00        12
   2.083183E+02   1.132500E+04   1.281230E+00   1.281230E+00   1.656781E+00   1.281230E+00  -4.828382E+00   3.727599E+00  -2.342851E+00        12
   2.093183E+02   1.147600E+04   1.281230E+00   1.281230E+00   1.656781E+00   1.281230E+00  -4.865657E+00   3.718281E+00  -2.342851E+00        12
   2.103183E+02   1.162800E+04   1.281230E+00   1.281230E+00   1.656781E+00   1.281230E+00  -4.902686E+00   3.709023E+00  -2.342851E+00        12
   2.113183E+02   1.178100E+04   1.281230E+00   1.281230E+00   1.656781E+00   1.281230E+00  -4.939474E+00   3.699826E+00  -2.342851E+00        12
   2.123183E+02   1.193500E+04   1.281230E+00   1.281230E+00   1.656781E+00   1.281230E+00  -4.976022E+00   3.690689E+00  -2.342851E+00        12
   2.133183E+02   1.209000E+04   1.281230E+00   1.281230E+00   1.656781E+00   1.281230E+00  -5.012335E+00   3.681611E+00  -2.342851E+00        12
   2.143183E+02   1.224600E+04   1.281230E+00   1.281230E+00   1.656781E+00   1.281230E+00  -5.048415E+00   3.672591E+00  -2.342851E+00        12
   2.153183E+02   1.240300E+04   1.281230E+00   1.281230E+00   1.656781E+00   1.281230E+00  -5.084265E+00   3.663629E+00  -2.342851E+00        12
   2.163183E+02   1.256100E+04   1.281230E+00   1.281230E+00   1.656781E+00   1.281230E+00  -5.119889E+00   3.654723E+00  -2.342851E+00        12
   2.173183E+02   1.272000E+04   1.281230E+00   1.281230E+00   1.656781E+00   1.281230E+00  -5.155288E+00   3.645873E+00  -2.342851E+00        12
   2.183183E+02   1.288000E+04   1.281230E+00   1.281230E+00   1.656781E+00   1.281230E+00  -5.190466E+00   3.637078E+00  -2.342851E+00        12
   2.193183E+02   1.304100E+04   1.281230E+00   1.281230E+00   1.656781E+00   1.281230E+00  -5.225426E+00   3.628338E+00  -2.342851E+00        12
   2.203183E+02   1.320300E+04   1.281230E+00   1.281230E+00   1.656781E+00   1.281230E+00  -5.260169E+00   3.619653E+00  -2.342851E+00        12
   2.213183E+02   1.336600E+04   1.281230E+00   1.281230E+00   1.656781E+00   1.281230E+00  -5.294700E+00   3.611020E+00  -2.342851E+00        12
   2.223183E+02   1.353000E+04   1.281230E+00   1.281230E+00   1.656781E+00   1.281230E+00  -5.329020E+00   3.602440E+00  -2.342851E+00        12
   2.233183E+02   1.369500E+04   1.281230E+00   1.281230E+00   1.656781E+00   1.281230E+00  -5.363132E+00   3.593912E+00  -2.342851E+00        12
   2.243183E+02   1.386100E+04   1.281230E+00   1.281230E+00   1.656781E+00   1.281230E+00  -5.397039E+00   3.585435E+00  -2.342851E+00        12
   2.253183E+02   1.402800E+04   1.281230E+00   1.281230E+00   1.656781E+00   1.281230E+00  -5.430742E+00   3.577009E+00  -2.342851E+00        12
   2.263183E+02   1.419600E+04   1.281230E+00   1.281230E+00   1.656781E+00   1.281230E+00  -5.464245E+00   3.568634E+00  -2.342851E+00        12
   2.273183E+02   1.436500E+04   1.281230E+00   1.281230E+00   1.656781E+00   1.281230E+00  -5.497550E+00   3.560308E+00  -2.342851E+00        12
   2.283183E+02   1.453500E+04   1.281230E+00   1.281230E+00   1.656781E+00   1.281230E+00  -5.530658E+00   3.552030E+00  -2.342851E+00        12
   2.293183E+02   1.470600E+04   1.281230E+00   1.281230E+00   1.656781E+00   1.281230E+00  -5.563573E+00   3.543802E+00  -2.342851E+00        12
   2.303183E+02   1.487800E+04   1.281230E+00   1.281230E+00   1.656781E+00   1.281230E+00  -5.596297E+00   3.535621E+00  -2.342851E+00        12
   2.313183E+02   1.505100E+04   1.281230E+00   1.281230E+00   1.656781E+00   1.281230E+00  -5.628832E+00   3.527487E+00  -2.342851E+00        12
   2.323183E+02   1.522500E+04   1.281230E+00   1.281230E+00   1.656781E+00   1.281230E+00  -5.661179E+00   3.519400E+00  -2.342851E+00        12
   2.333183E+02   1.540000E+04   1.281230E+00   1.281230E+00   1.656781E+00   1.281230E+00  -5.693342E+00   3.511359E+00  -2.342851E+00        12
   2.343183E+02   1.557600E+04   1.281230E+00   1.281230E+00   1.656781E+00   1.281230E+00  -5.725322E+00   3.503364E+00  -2.342851E+00        12
   2.353183E+02   1.575300E+04   1.281230E+00   1.281230E+00   1.656781E+00   1.281230E+00  -5.757121E+00   3.495415E+00  -2.342851E+00        12
   2.363183E+02   1.593100E+04   1.281230E+00   1.281230E+00   1.656781E+00   1.281230E+00  -5.788742E+00   3.487509E+00  -2.342851E+00        12
   2.373183E+02   1.611000E+04   1.281230E+00   1.281230E+00   1.656781E+00   1.281230E+00  -5.820186E+00   3.479648E+00  -2.342851E+00        12
   2.383183E+02   1.629000E+04   1.281230E+00   1.281230E+00   1.656781E+00   1.281230E+00  -5.851455E+00   3.471831E+00  -2.342851E+00        12
   2.393183E+02   1.647100E+04   1.281230E+00   1.281230E+00   1.656781E+00   1.281230E+00  -5.882552E+00   3.464057E+00  -2.342851E+00        12
   2.403183E+02   1.665300E+04   1.281230E+00   1.281230E+00   1.656781E+00   1.281230E+00  -5.913478E+00   3.456325E+00  -2.342851E+00        12
   2.413183E+02   1.683600E+04   1.281230E+00   1.281230E+00   1.656781E+00   1.281230E+00  -5.944234E+00   3.448636E+00  -2.342851E+00        12
   2.423183E+02   1.702000E+04   1.281230E+00   1.281230E+00   1.656781E+00   1.281230E+00  -5.974824E+00   3.440989E+00  -2.342851E+00        12
   2.433183E+02   1.720500E+04   1.281230E+00   1.281230E+00   1.656781E+00   1.281230E+00  -6.005248E+00   3.433383E+00  -2.342851E+00        12
   2.443183E+02   1.739100E+04   1.281230E+00   1.281230E+00   1.656781E+00   1.281230E+00  -6.035509E+00   3.425818E+00  -2.342851E+00        12
   2.453183E+02   1.757800E+04   1.281230E+00   1.281230E+00   1.656781E+00   1.281230E+00  -6.065608E+00   3.418293E+00  -2.342851E+00        12
   2.463183E+02   1.776600E+04   1.281230E+00   1.281230E+00   1.656781E+00   1.281230E+00  -6.095546E+00   3.410808E+00  -2.342851E+00        12
   2.473183E+02   1.795500E+04   1.281230E+00   1.281230E+00   1.656781E+00   1.281230E+00  -6.125327E+00   3.403363E+00  -2.342851E+00        12
   2.483183E+02   1.814500E+04   1.281230E+00   1.281230E+00   1.656781E+00   1.281230E+00  -6.154950E+00   3.395957E+00  -2.342851E+00        12
   2.493183E+02   1.833600E+04   1.281230E+00   1.281230E+00   1.656781E+00   1.281230E+00  -6.184419E+00   3.388590E+00  -2.342851E+00        12
   2.503183E+02   1.852800E+04   1.281230E+00   1.281230E+00   1.656781E+00   1.281230E+00  -6.213734E+00   3.381261E+00  -2.342851E+00        12
   2.513183E+02   1.872100E+04   1.281230E+00   1.281230E+00   1.656781E+00   1.281230E+00  -6.242897E+00   3.373971E+00  -2.342851E+00        12
   2.523183E+02   1.891500E+04   1.281230E+00   1.281230E+00   1.656781E+00   1.281230E+00  -6.271909E+00   3.366718E+00  -2.342851E+00        12
   2.533183E+02   1.911000E+04   1.281230E+00   1.281230E+00   1.656781E+00   1.281230E+00  -6.300773E+00   3.359502E+00  -2.342851E+00        12
   2.543183E+02   1.930600E+04   1.281230E+00   1.281230E+00   1.656781E+00   1.281230E+00  -6.329490E+00   3.352322E+00  -2.342851E+00        12
   2.553183E+02   1.950300E+04   1.281230E+00   1.281230E+00   1.656781E+00   1.281230E+00  -6.358061E+00   3.345180E+00  -2.342851E+00        12
   2.563183E+02   1.970100E+04   1.281230E+00   1.281230E+00   1.656781E+00   1.281230E+00  -6.386488E+00   3.338073E+00  -2.342851E+00        12
   2.573183E+02   1.990000E+04   1.281230E+00   1.281230E+00   1.656781E+00   1.281230E+00  -6.414772E+00   3.331002E+00  -2.342851E+00        12
   2.583183E+02   2.010000E+04   1.281230E+00   1.281230E+00   1.656781E+00   1.281230E+00  -6.442914E+00   3.323966E+00  -2.342851E+00        12
   2.593183E+02   2.030100E+04   1.281230E+00   1.281230E+00   1.656781E+00   1.281230E+00  -6.470916E+00   3.316966E+00  -2.342851E+00        12
   2.603183E+02   2.050300E+04   1.281230E+00   1.281230E+00   1.656781E+00   1.281230E+00  -6.498780E+00   3.310000E+00  -2.342851E+00        12
   2.613183E+02   2.070600E+04   1.281230E+00   1.281230E+00   1.656781E+00   1.281230E+00  -6.526506E+00   3.303068E+00  -2.342851E+00        12
   2.623183E+02   2.091000E+04   1.281230E+00   1.281230E+00   1.656781E+00   1.281230E+00  -6.554097E+00   3.296171E+00  -2.342851E+00        12
   2.633183E+02   2.111500E+04   1.281230E+00   1.281230E+00   1.656781E+00   1.281230E+00  -6.581553E+00   3.289307E+00  -2.342851E+00        12
   2.643183E+02   2.132100E+04   1.281230E+00   1.281230E+00   1.656781E+00   1.281230E+00  -6.608876E+00   3.282476E+00  -2.342851E+00        12
   2.653183E+02   2.152800E+04   1.281230E+00   1.281230E+00   1.656781E+00   1.281230E+00  -6.636066E+00   3.275678E+00  -2.342851E+00        12
   2.663183E+02   2.173600E+04   1.281230E+00   1.281230E+00   1.656781E+00   1.281230E+00  -6.663126E+00   3.268913E+00  -2.342851E+00        12
   2.673183E+02   2.194500E+04   1.281230E+00   1.281230E+00   1.656781E+00   1.281230E+00  -6.690057E+00   3.262181E+00  -2.342851E+00        12
   2.683183E+02   2.215500E+04   1.281230E+00   1.281230E+00   1.656781E+00   1.281230E+00  -6.716859E+00   3.255480E+00  -2.342851E+00        12
   2.693183E+02   2.236600E+04   1.281230E+00   1.281230E+00   1.656781E+00   1.281230E+00  -6.743534E+00   3.248811E+00  -2.342851E+00        12
   2.703183E+02   2.257800E+04   1.281230E+00   1.281230E+00   1.656781E+00   1.281230E+00  -6.770084E+00   3.242174E+00  -2.342851E+00        12
   2.713183E+02   2.279100E+04   1.281230E+00   1.281230E+00   1.656781E+00   1.281230E+00  -6.796509E+00   3.235568E+00  -2.342851E+00        12
   2.723183E+02   2.300500E+04   1.281230E+00   1.281230E+00   1.656781E+00   1.281230E+00  -6.822810E+00   3.228992E+00  -2.342851E+00        12
   2.733183E+02   2.322000E+04   1.281230E+00   1.281230E+00   1.656781E+00   1.281230E+00  -6.848989E+00   3.222448E+00  -2.342851E+00        12
   2.743183E+02   2.343600E+04   1.281230E+00   1.281230E+00   1.656781E+00   1.281230E+00  -6.875046E+00   3.215933E+00  -2.342851E+00        12
   2.753183E+02   2.365300E+04   1.281230E+00   1.281230E+00   1.656781E+00   1.281230E+00  -6.900984E+00   3.209449E+00  -2.342851E+00        12
   2.763183E+02   2.387100E+04   1.281230E+00   1.281230E+00   1.656781E+00   1.281230E+00  -6.926803E+00   3.202994E+00  -2.342851E+00        12
   2.773183E+02   2.409000E+04   1.281230E+00   1.281230E+00   1.656781E+00   1.281230E+00  -6.952504E+00   3.196569E+00  -2.342851E+00        12
   2.783183E+02   2.431000E+04   1.281230E+00   1.281230E+00   1.656781E+00   1.281230E+00  -6.978088E+00   3.190173E+00  -2.342851E+00        12
   2.793183E+02   2.453100E+04   1.281230E+00   1.281230E+00   1.656781E+00   1.281230E+00  -7.003556E+00   3.183806E+00  -2.342851E+00        12
   2.803183E+02   2.475300E+04   1.281230E+00   1.281230E+00   1.656781E+00   1.281230E+00  -7.028909E+00   3.177468E+00  -2.342851E+00        12
   2.813183E+02   2.497600E+04   1.281230E+00   1.281230E+00   1.656781E+00   1.281230E+00  -7.054149E+00   3.171158E+00  -2.342851E+00        12
   2.823183E+02   2.520000E+04   1.281230E+00   1.281230E+00   1.656781E+00   1.281230E+00  -7.079276E+00   3.164876E+00  -2.342851E+00        12
   2.833183E+02   2.542500E+04   1.281230E+00   1.281230E+00   1.656781E+00   1.281230E+00  -7.104292E+00   3.158622E+00  -2.342851E+00        12
   2.843183E+02   2.565100E+04   1.281230E+00   1.281230E+00   1.656781E+00   1.281230E+00  -7.129196E+00   3.152396E+00  -2.342851E+00        12
   2.853183E+02   2.587800E+04   1.281230E+00   1.281230E+00   1.656781E+00   1.281230E+00  -7.153991E+00   3.146197E+00  -2.342851E+00        12
   2.863183E+02   2.610600E+04   1.281230E+00   1.281230E+00   1.656781E+00   1.281230E+00  -7.178678E+00   3.140025E+00  -2.342851E+00        12
   2.873183E+02   2.633500E+04   1.281230E+00   1.281230E+00   1.656781E+00   1.281230E+00  -7.203256E+00   3.133881E+00  -2.342851E+00        12
   2.883183E+02   2.656500E+04   1.281230E+00   1.281230E+00   1.656781E+00   1.281230E+00  -7.227728E+00   3.127763E+00  -2.342851E+00        12
   2.893183E+02   2.679600E+04   1.281230E+00   1.281230E+00   1.656781E+00   1.281230E+00  -7.252093E+00   3.121672E+00  -2.342851E+00        12
   2.903183E+02   2.702800E+04   1.281230E+00   1.281230E+00   1.656781E+00   1.281230E+00  -7.276354E+00   3.115606E+00  -2.342851E+00        12
   2.913183E+02   2.726100E+04   1.281230E+00   1.281230E+00   1.656781E+00   1.281230E+00  -7.300511E+00   3.109567E+00  -2.342851E+00        12
   2.923183E+02   2.749500E+04   1.281230E+00   1.281230E+00   1.656781E+00   1.281230E+00  -7.324564E+00   3.103554E+00  -2.342851E+00        12
   2.933183E+02   2.773000E+04   1.281230E+00   1.281230E+00   1.656781E+00   1.281230E+00  -7.348515E+00   3.097566E+00  -2.342851E+00        12
   2.943183E+02   2.796600E+04   1.281230E+00   1.281230E+00   1.656781E+00   1.281230E+00  -7.372364E+00   3.091604E+00  -2.342851E+00        12
   2.953183E+02   2.820300E+04   1.281230E+00   1.281230E+00   1.656781E+00   1.281230E+00  -7.396113E+00   3.085667E+00  -2.342851E+00        12
   2.963183E+02   2.844100E+04   1.281230E+00   1.281230E+00   1.656781E+00   1.281230E+00  -7.419762E+00   3.079754E+00  -2.342851E+00        12
   2.973183E+02   2.868000E+04   1.281230E+00   1.281230E+00   1.656781E+00   1.281230E+00  -7.443312E+00   3.073867E+00  -2.342851E+00        12
   2.983183E+02   2.892000E+04   1.281230E+00   1.281230E+00   1.656781E+00   1.281230E+00  -7.466764E+00   3.068004E+00  -2.342851E+00        12
   2.993183E+02   2.916100E+04   1.281230E+00   1.281230E+00   1.656781E+00   1.281230E+00  -7.490119E+00   3.062165E+00  -2.342851E+00        12
   3.003183E+02   2.940300E+04   1.281230E+00   1.281230E+00   1.656781E+00   1.281230E+00  -7.513377E+00   3.056351E+00  -2.342851E+00        12
   3.013183E+02   2.964600E+04   1.281230E+00   1.281230E+00   1.656781E+00   1.281230E+00  -7.536539E+00   3.050560E+00  -2.342851E+00        12
   3.023183E+02   2.989000E+04   1.281230E+00   1.281230E+00   1.656781E+00   1.281230E+00  -7.559607E+00   3.044793E+00  -2.342851E+00        12
   3.033183E+02   3.013500E+04   1.281230E+00   1.281230E+00   1.656781E+00   1.281230E+00  -7.582580E+00   3.039050E+00  -2.342851E+00        12
   3.043183E+02   3.038100E+04   1.281230E+00   1.281230E+00   1.656781E+00   1.281230E+00  -7.605460E+00   3.033330E+00  -2.342851E+00        12
   3.053183E+02   3.062800E+04   1.281230E+00   1.281230E+00   1.656781E+00   1.281230E+00  -7.628247E+00   3.027633E+00  -2.342851E+00        12
   3.063183E+02   3.087600E+04   1.281230E+00   1.281230E+00   1.656781E+00   1.281230E+00  -7.650943E+00   3.021959E+00  -2.342851E+00        12
   3.073183E+02   3.112500E+04   1.281230E+00   1.281230E+00   1.656781E+00   1.281230E+00  -7.673547E+00   3.016308E+00  -2.342851E+00        12
   3.083183E+02   3.137500E+04   1.281230E+00   1.281230E+00   1.656781E+00   1.281230E+00  -7.696061E+00   3.010680E+00  -2.342851E+00        12
   3.093183E+02   3.162600E+04   1.281230E+00   1.281230E+00   1.656781E+00   1.281230E+00  -7.718485E+00   3.005074E+00  -2.342851E+00        12
   3.103183E+02   3.187800E+04   1.281230E+00   1.281230E+00   1.656781E+00   1.281230E+00  -7.740820E+00   2.999490E+00  -2.342851E+00        12
   3.113183E+02   3.213100E+04   1.281230E+00   1.281230E+00   1.656781E+00   1.281230E+00  -7.763067E+00   2.993928E+00  -2.342851E+00        12
   3.123183E+02   3.238500E+04   1.281230E+00   1.281230E+00   1.656781E+00   1.281230E+00  -7.785227E+00   2.988388E+00  -2.342851E+00        12
   3.133183E+02   3.264000E+04   1.281230E+00   1.281230E+00   1.656781E+00   1.281230E+00  -7.807299E+00   2.982870E+00  -2.342851E+00        12
   3.143183E+02   3.289600E+04   1.281230E+00   1.281230E+00   1.656781E+00   1.281230E+00  -7.829285E+00   2.977374E+00  -2.342851E+00        12
   3.153183E+02   3.315300E+04   1.281230E+00   1.281230E+00   1.656781E+00   1.281230E+00  -7.851186E+00   2.971898E+00  -2.342851E+00        12
   3.163183E+02   3.341100E+04   1.281230E+00   1.281230E+00   1.656781E+00   1.281230E+00  -7.873002E+00   2.966444E+00  -2.342851E+00        12
   3.173183E+02   3.367000E+04   1.281230E+00   1.281230E+00   1.656781E+00   1.281230E+00  -7.894733E+00   2.961012E+00  -2.342851E+00        12
   3.183183E+02   3.393000E+04   1.281230E+00   1.281230E+00   1.656781E+00   1.281230E+00  -7.916381E+00   2.955600E+00  -2.342851E+00        12
   3.193183E+02   3.419100E+04   1.281230E+00   1.281230E+00   1.656781E+00   1.281230E+00  -7.937946E+00   2.950208E+00  -2.342851E+00        12
   3.203183E+02   3.445300E+04   1.281230E+00   1.281230E+00   1.656781E+00   1.281230E+00  -7.959429E+00   2.944838E+00  -2.342851E+00        12
   3.213183E+02   3.471600E+04   1.281230E+00   1.281230E+00   1.656781E+00   1.281230E+00  -7.980830E+00   2.939487E+00  -2.342851E+00        12
   3.223183E+02   3.498000E+04   1.281230E+00   1.281230E+00   1.656781E+00   1.281230E+00  -8.002150E+00   2.934157E+00  -2.342851E+00        12
   3.233183E+02   3.524500E+04   1.281230E+00   1.281230E+00   1.656781E+00   1.281230E+00  -8.023389E+00   2.928848E+00  -2.342851E+00        12
   3.243183E+02   3.551100E+04   1.281230E+00   1.281230E+00   1.656781E+00   1.281230E+00  -8.044549E+00   2.923558E+00  -2.342851E+00        12
   3.253183E+02   3.577800E+04   1.281230E+00   1.281230E+00   1.656781E+00   1.281230E+00  -8.065629E+00   2.918288E+00  -2.342851E+00        12
   3.263183E+02   3.604600E+04   1.281230E+00   1.281230E+00   1.656781E+00   1.281230E+00  -8.086631E+00   2.913037E+00  -2.342851E+00        12
   3.273183E+02   3.631500E+04   1.281230E+00   1.281230E+00   1.656781E+00   1.281230E+00  -8.107555E+00   2.907806E+00  -2.342851E+00        12
   3.283183E+02   3.658500E+04   1.281230E+00   1.281230E+00   1.656781E+00   1.281230E+00  -8.128401E+00   2.902595E+00  -2.342851E+00        12
   3.293183E+02   3.685600E+04   1.281230E+00   1.281230E+00   1.656781E+00   1.281230E+00  -8.149170E+00   2.897402E+00  -2.342851E+00        12
   3.303183E+02   3.712800E+04   1.281230E+00   1.281230E+00   1.656781E+00   1.281230E+00  -8.169863E+00   2.892229E+00  -2.342851E+00        12
   3.313183E+02   3.740100E+04   1.281230E+00   1.281230E+00   1.656781E+00   1.281230E+00  -8.190480E+00   2.887075E+00  -2.342851E+00        12
   3.323183E+02   3.767500E+04   1.281230E+00   1.281230E+00   1.656781E+00   1.281230E+00  -8.211022E+00   2.881939E+00  -2.342851E+00        12
   3.333183E+02   3.795000E+04   1.281230E+00   1.281230E+00   1.656781E+00   1.281230E+00  -8.231489E+00   2.876823E+00  -2.342851E+00        12
   3.343183E+02   3.822600E+04   1.281230E+00   1.281230E+00   1.656781E+00   1.281230E+00  -8.251882E+00   2.871724E+00  -2.342851E+00        12
   3.353183E+02   3.850300E+04   1.281230E+00   1.281230E+00   1.656781E+00   1.281230E+00  -8.272202E+00   2.866644E+00  -2.342851E+00        12
   3.363183E+02   3.878100E+04   1.281230E+00   1.281230E+00   1.656781E+00   1.281230E+00  -8.292448E+00   2.861583E+00  -2.342851E+00        12
   3.373183E+02   3.906000E+04   1.281230E+00   1.281230E+00   1.656781E+00   1.281230E+00  -8.312622E+00   2.856539E+00  -2.342851E+00        12
   3.383183E+02   3.934000E+04   1.281230E+00   1.281230E+00   1.656781E+00   1.281230E+00  -8.332723E+00   2.851514E+00  -2.342851E+00        12
   3.393183E+02   3.962100E+04   1.281230E+00   1.281230E+00   1.656781E+00   1.281230E+00  -8.352753E+00   2.846507E+00  -2.342851E+00        12
   3.403183E+02   3.990300E+04   1.281230E+00   1.281230E+00   1.656781E+00   1.281230E+00  -8.372712E+00   2.841517E+00  -2.342851E+00        12
   3.413183E+02   4.018600E+04   1.281230E+00   1.281230E+00   1.656781E+00   1.281230E+00  -8.392601E+00   2.836545E+00  -2.342851E+00        12
   3.423183E+02   4.047000E+04   1.281230E+00   1.281230E+00   1.656781E+00   1.281230E+00  -8.412420E+00   2.831590E+00  -2.342851E+00        12
   3.433183E+02   4.075500E+04   1.281230E+00   1.281230E+00   1.656781E+00   1.281230E+00  -8.432169E+00   2.826653E+00  -2.342851E+00        12
   3.443183E+02   4.104100E+04   1.281230E+00   1.281230E+00   1.656781E+00   1.281230E+00  -8.451849E+00   2.821733E+00  -2.342851E+00        12
   3.453183E+02   4.132800E+04   1.281230E+00   1.281230E+00   1.656781E+00   1.281230E+00  -8.471460E+00   2.816830E+00  -2.342851E+00        12
   3.463183E+02   4.161600E+04   1.281230E+00   1.281230E+00   1.656781E+00   1.281230E+00  -8.491003E+00   2.811944E+00  -2.342851E+00        12
   3.473183E+02   4.190500E+04   1.281230E+00   1.281230E+00   1.656781E+00   1.281230E+00  -8.510479E+00   2.807075E+00  -2.342851E+00        12
   3.483183E+02   4.219500E+04   1.281230E+00   1.281230E+00   1.656781E+00   1.281230E+00  -8.529887E+00   2.802223E+00  -2.342851E+00        12
   3.493183E+02   4.248600E+04   1.281230E+00   1.281230E+00   1.656781E+00   1.281230E+00  -8.549229E+00   2.797388E+00  -2.342851E+00        12
   3.503183E+02   4.277800E+04   1.281230E+00   1.281230E+00   1.656781E+00   1.281230E+00  -8.568505E+00   2.792569E+00  -2.342851E+00        12
   3.513183E+02   4.307100E+04   1.281230E+00   1.281230E+00   1.656781E+00   1.281230E+00  -8.587714E+00   2.787766E+00  -2.342851E+00        12
   3.523183E+02   4.336500E+04   1.281230E+00   1.281230E+00   1.656781E+00   1.281230E+00  -8.606859E+00   2.782980E+00  -2.342851E+00        12
   3.533183E+02   4.366000E+04   1.281230E+00   1.281230E+00   1.656781E+00   1.281230E+00  -8.625938E+00   2.778210E+00  -2.342851E+00        12
   3.543183E+02   4.395600E+04   1.281230E+00   1.281230E+00   1.656781E+00   1.281230E+00  -8.644954E+00   2.773456E+00  -2.342851E+00        12
   3.553183E+02   4.425300E+04   1.281230E+00   1.281230E+00   1.656781E+00   1.281230E+00  -8.663905E+00   2.768719E+00  -2.342851E+00        12
   3.563183E+02   4.455100E+04   1.281230E+00   1.281230E+00   1.656781E+00   1.281230E+00  -8.682792E+00   2.763997E+00  -2.342851E+00        12
   3.573183E+02   4.485000E+04   1.281230E+00   1.281230E+00   1.656781E+00   1.281230E+00  -8.701616E+00   2.759291E+00  -2.342851E+00        12
   3.583183E+02   4.515000E+04   1.281230E+00   1.281230E+00   1.656781E+00   1.281230E+00  -8.720378E+00   2.754600E+00  -2.342851E+00        12
   3.593183E+02   4.545100E+04   1.281230E+00   1.281230E+00   1.656781E+00   1.281230E+00  -8.739077E+00   2.749926E+00  -2.342851E+00        12
   3.603183E+02   4.575300E+04   1.281230E+00   1.281230E+00   1.656781E+00   1.281230E+00  -8.757714E+00   2.745266E+00  -2.342851E+00        12
   3.613183E+02   4.605600E+04   1.281230E+00   1.281230E+00   1.656781E+00   1.281230E+00  -8.776290E+00   2.740622E+00  -2.342851E+00        12
   3.623183E+02   4.636000E+04   1.281230E+00   1.281230E+00   1.656781E+00   1.281230E+00  -8.794805E+00   2.735994E+00  -2.342851E+00        12
   3.633183E+02   4.666500E+04   1.281230E+00   1.281230E+00   1.656781E+00   1.281230E+00  -8.813259E+00   2.731380E+00  -2.342851E+00        12
   3.643183E+02   4.697100E+04   1.281230E+00   1.281230E+00   1.656781E+00   1.281230E+00  -8.831653E+00   2.726782E+00  -2.342851E+00        12
   3.653183E+02   4.727800E+04   1.281230E+00   1.281230E+00   1.656781E+00   1.281230E+00  -8.849986E+00   2.722198E+00  -2.342851E+00        12
   3.663183E+02   4.758600E+04   1.281230E+00   1.281230E+00   1.656781E+00   1.281230E+00  -8.868261E+00   2.717630E+00  -2.342851E+00        12
   3.673183E+02   4.789500E+04   1.281230E+00   1.281230E+00   1.656781E+00   1.281230E+00  -8.886476E+00   2.713076E+00  -2.342851E+00        12
   3.683183E+02   4.820500E+04   1.281230E+00   1.281230E+00   1.656781E+00   1.281230E+00  -8.904632E+00   2.708537E+00  -2.342851E+00        12
   3.693183E+02   4.851600E+04   1.281230E+00   1.281230E+00   1.656781E+00   1.281230E+00  -8.922730E+00   2.704012E+00  -2.342851E+00        12
   3.703183E+02   4.882800E+04   1.281230E+00   1.281230E+00   1.656781E+00   1.281230E+00  -8.940770E+00   2.699502E+00  -2.342851E+00        12
   3.713183E+02   4.914100E+04   1.281230E+00   1.281230E+00   1.656781E+00   1.281230E+00  -8.958752E+00   2.695007E+00  -2.342851E+00        12
   3.723183E+02   4.945500E+04   1.281230E+00   1.281230E+00   1.656781E+00   1.281230E+00  -8.976677E+00   2.690526E+00  -2.342851E+00        12
   3.733183E+02   4.977000E+04   1.281230E+00   1.281230E+00   1.656781E+00   1.281230E+00  -8.994545E+00   2.686059E+00  -2.342851E+00        12
   3.743183E+02   5.008600E+04   1.281230E+00   1.281230E+00   1.656781E+00   1.281230E+00  -9.012357E+00   2.681606E+00  -2.342851E+00        12
   3.753183E+02   5.040300E+04   1.281230E+00   1.281230E+00   1.656781E+00   1.281230E+00  -9.030112E+00   2.677167E+00  -2.342851E+00        12
   3.763183E+02   5.072100E+04   1.281230E+00   1.281230E+00   1.656781E+00   1.281230E+00  -9.047812E+00   2.672742E+00  -2.342851E+00        12
   3.773183E+02   5.104000E+04   1.281230E+00   1.281230E+00   1.656781E+00   1.281230E+00  -9.065456E+00   2.668331E+00  -2.342851E+00        12
   3.783183E+02   5.136000E+04   1.281230E+00   1.281230E+00   1.656781E+00   1.281230E+00  -9.083045E+00   2.663934E+00  -2.342851E+00        12
   3.793183E+02   5.168100E+04   1.281230E+00   1.281230E+00   1.656781E+00   1.281230E+00  -9.100579E+00   2.659550E+00  -2.342851E+00        12
   3.803183E+02   5.200300E+04   1.281230E+00   1.281230E+00   1.656781E+00   1.281230E+00  -9.118059E+00   2.655180E+00  -2.342851E+00        12
   3.813183E+02   5.232600E+04   1.281230E+00   1.281230E+00   1.656781E+00   1.281230E+00  -9.135484E+00   2.650824E+00  -2.342851E+00        12
   3.823183E+02   5.265000E+04   1.281230E+00   1.281230E+00   1.656781E+00   1.281230E+00  -9.152856E+00   2.646481E+00  -2.342851E+00        12
   3.833183E+02   5.297500E+04   1.281230E+00   1.281230E+00   1.656781E+00   1.281230E+00  -9.170175E+00   2.642151E+00  -2.342851E+00        12
   3.843183E+02   5.330100E+04   1.281230E+00   1.281230E+00   1.656781E+00   1.281230E+00  -9.187440E+00   2.637835E+00  -2.342851E+00        12
   3.853183E+02   5.362800E+04   1.281230E+00   1.281230E+00   1.656781E+00   1.281230E+00  -9.204652E+00   2.633532E+00  -2.342851E+00        12
   3.863183E+02   5.395600E+04   1.281230E+00   1.281230E+00   1.656781E+00   1.281230E+00  -9.221812E+00   2.629242E+00  -2.342851E+00        12
   3.873183E+02   5.428500E+04   1.281230E+00   1.281230E+00   1.656781E+00   1.281230E+00  -9.238920E+00   2.624965E+00  -2.342851E+00        12
   3.883183E+02   5.461500E+04   1.281230E+00   1.281230E+00   1.656781E+00   1.281230E+00  -9.255976E+00   2.620701E+00  -2.342851E+00        12
   3.893183E+02   5.494600E+04   1.281230E+00   1.281230E+00   1.656781E+00   1.281230E+00  -9.272980E+00   2.616450E+00  -2.342851E+00        12
   3.903183E+02   5.527800E+04   1.281230E+00   1.281230E+00   1.656781E+00   1.281230E+00  -9.289934E+00   2.612211E+00  -2.342851E+00        12
   3.913183E+02   5.561100E+04   1.281230E+00   1.281230E+00   1.656781E+00   1.281230E+00  -9.306836E+00   2.607986E+00  -2.342851E+00        12
   3.923183E+02   5.594500E+04   1.281230E+00   1.281230E+00   1.656781E+00   1.281230E+00  -9.323688E+00   2.603773E+00  -2.342851E+00        12
   3.933183E+02   5.628000E+04   1.281230E+00   1.281230E+00   1.656781E+00   1.281230E+00  -9.340489E+00   2.599573E+00  -2.342851E+00        12
   3.943183E+02   5.661600E+04   1.281230E+00   1.281230E+00   1.656781E+00   1.281230E+00  -9.357240E+00   2.595385E+00  -2.342851E+00        12
   3.953183E+02   5.695300E+04   1.281230E+00   1.281230E+00   1.656781E+00   1.281230E+00  -9.373942E+00   2.591209E+00  -2.342851E+00        12
   3.963183E+02   5.729100E+04   1.281230E+00   1.281230E+00   1.656781E+00   1.281230E+00  -9.390594E+00   2.587046E+00  -2.342851E+00        12
   3.973183E+02   5.763000E+04   1.281230E+00   1.281230E+00   1.656781E+00   1.281230E+00  -9.407197E+00   2.582896E+00  -2.342851E+00        12
   3.983183E+02   5.797000E+04   1.281230E+00   1.281230E+00   1.656781E+00   1.281230E+00  -9.423752E+00   2.578757E+00  -2.342851E+00        12
   3.993183E+02   5.831100E+04   1.281230E+00   1.281230E+00   1.656781E+00   1.281230E+00  -9.440257E+00   2.574631E+00  -2.342851E+00        12
   4.003183E+02   5.865300E+04   1.281230E+00   1.281230E+00   1.656781E+00   1.281230E+00  -9.456715E+00   2.570516E+00  -2.342851E+00        12
   4.013183E+02   5.899600E+04   1.281230E+00   1.281230E+00   1.656781E+00   1.281230E+00  -9.473124E+00   2.566414E+00  -2.342851E+00        12
   4.023183E+02   5.934000E+04   1.281230E+00   1.281230E+00   1.656781E+00   1.281230E+00  -9.489486E+00   2.562323E+00  -2.342851E+00        12
   4.033183E+02   5.968500E+04   1.281230E+00   1.281230E+00   1.656781E+00   1.281230E+00  -9.505801E+00   2.558245E+00  -2.342851E+00        12
   4.043183E+02   6.003100E+04   1.281230E+00   1.281230E+00   1.656781E+00   1.281230E+00  -9.522068E+00   2.554178E+00  -2.342851E+00        12
   4.053183E+02   6.037800E+04   1.281230E+00   1.281230E+00   1.656781E+00   1.281230E+00  -9.538288E+00   2.550123E+00  -2.342851E+00        12
   4.063183E+02   6.072600E+04   1.281230E+00   1.281230E+00   1.656781E+00   1.281230E+00  -9.554462E+00   2.546079E+00  -2.342851E+00        12
   4.073183E+02   6.107500E+04   1.281230E+00   1.281230E+00   1.656781E+00   1.281230E+00  -9.570589E+00   2.542048E+00  -2.342851E+00        12
   4.083183E+02   6.142500E+04   1.281230E+00   1.281230E+00   1.656781E+00   1.281230E+00  -9.586671E+00   2.538027E+00  -2.342851E+00        12
   4.093183E+02   6.177600E+04   1.281230E+00   1.281230E+00   1.656781E+00   1.281230E+00  -9.602706E+00   2.534018E+00  -2.342851E+00        12
   4.103183E+02   6.212800E+04   1.281230E+00   1.281230E+00   1.656781E+00   1.281230E+00  -9.618696E+00   2.530021E+00  -2.342851E+00        12
   4.113183E+02   6.248100E+04   1.281230E+00   1.281230E+00   1.656781E+00   1.281230E+00  -9.634641E+00   2.526035E+00  -2.342851E+00        12
   4.123183E+02   6.283500E+04   1.281230E+00   1.281230E+00   1.656781E+00   1.281230E+00  -9.650540E+00   2.522060E+00  -2.342851E+00        12
   4.133183E+02   6.319000E+04   1.281230E+00   1.281230E+00   1.656781E+00   1.281230E+00  -9.666395E+00   2.518096E+00  -2.342851E+00        12
   4.143183E+02   6.354600E+04   1.281230E+00   1.281230E+00   1.656781E+00   1.281230E+00  -9.682206E+00   2.514144E+00  -2.342851E+00        12
   4.153183E+02   6.390300E+04   1.281230E+00   1.281230E+00   1.656781E+00   1.281230E+00  -9.697972E+00   2.510202E+00  -2.342851E+00        12
   4.163183E+02   6.426100E+04   1.281230E+00   1.281230E+00   1.656781E+00   1.281230E+00  -9.713694E+00   2.506272E+00  -2.342851E+00        12
   4.173183E+02   6.462000E+04   1.281230E+00   1.281230E+00   1.656781E+00   1.281230E+00  -9.729372E+00   2.502352E+00  -2.342851E+00        12
   4.183183E+02   6.498000E+04   1.281230E+00   1.281230E+00   1.656781E+00   1.281230E+00  -9.745006E+00   2.498443E+00  -2.342851E+00        12
   4.193183E+02   6.534100E+04   1.281230E+00   1.281230E+00   1.656781E+00   1.281230E+00  -9.760598E+00   2.494545E+00  -2.342851E+00        12
   4.203183E+02   6.570300E+04   1.281230E+00   1.281230E+00   1.656781E+00   1.281230E+00  -9.776146E+00   2.490658E+00  -2.342851E+00        12
   4.213183E+02   6.606600E+04   1.281230E+00   1.281230E+00   1.656781E+00   1.281230E+00  -9.791651E+00   2.486782E+00  -2.342851E+00        12
   4.223183E+02   6.643000E+04   1.281230E+00   1.281230E+00   1.656781E+00   1.281230E+00  -9.807114E+00   2.482916E+00  -2.342851E+00        12
   4.233183E+02   6.679500E+04   1.281230E+00   1.281230E+00   1.656781E+00   1.281230E+00  -9.822534E+00   2.479061E+00  -2.342851E+00        12
   4.243183E+02   6.716100E+04   1.281230E+00   1.281230E+00   1.656781E+00   1.281230E+00  -9.837913E+00   2.475217E+00  -2.342851E+00        12
   4.253183E+02   6.752800E+04   1.281230E+00   1.281230E+00   1.656781E+00   1.281230E+00  -9.853249E+00   2.471383E+00  -2.342851E+00        12
   4.263183E+02   6.789600E+04   1.281230E+00   1.281230E+00   1.656781E+00   1.281230E+00  -9.868544E+00   2.467559E+00  -2.342851E+00        12
   4.273183E+02   6.826500E+04   1.281230E+00   1.281230E+00   1.656781E+00   1.281230E+00  -9.883797E+00   2.463746E+00  -2.342851E+00        12
   4.283183E+02   6.863500E+04   1.281230E+00   1.281230E+00   1.656781E+00   1.281230E+00  -9.899009E+00   2.459943E+00  -2.342851E+00        12
   4.293183E+02   6.900600E+04   1.281230E+00   1.281230E+00   1.656781E+00   1.281230E+00  -9.914180E+00   2.456150E+00  -2.342851E+00        12
   4.303183E+02   6.937800E+04   1.281230E+00   1.281230E+00   1.656781E+00   1.281230E+00  -9.929311E+00   2.452367E+00  -2.342851E+00        12
   4.313183E+02   6.975100E+04   1.281230E+00   1.281230E+00   1.656781E+00   1.281230E+00  -9.944400E+00   2.448595E+00  -2.342851E+00        12
   4.323183E+02   7.012500E+04   1.281230E+00   1.281230E+00   1.656781E+00   1.281230E+00  -9.959450E+00   2.444832E+00  -2.342851E+00        12
   4.333183E+02   7.050000E+04   1.281230E+00   1.281230E+00   1.656781E+00   1.281230E+00  -9.974459E+00   2.441080E+00  -2.342851E+00        12
   4.343183E+02   7.087600E+04   1.281230E+00   1.281230E+00   1.656781E+00   1.281230E+00  -9.989428E+00   2.437338E+00  -2.342851E+00        12
   4.353183E+02   7.125300E+04   1.281230E+00   1.281230E+00   1.656781E+00   1.281230E+00  -1.000436E+01   2.433605E+00  -2.342851E+00        12
   4.363183E+02   7.163100E+04   1.281230E+00   1.281230E+00   1.656781E+00   1.281230E+00  -1.001925E+01   2.429883E+00  -2.342851E+00        12
   4.373183E+02   7.201000E+04   1.281230E+00   1.281230E+00   1.656781E+00   1.281230E+00  -1.003410E+01   2.426170E+00  -2.342851E+00        12
   4.383183E+02   7.239000E+04   1.281230E+00   1.281230E+00   1.656781E+00   1.281230E+00  -1.004891E+01   2.422467E+00  -2.342851E+00        12
   4.393183E+02   7.277100E+04   1.281230E+00   1.281230E+00   1.656781E+00   1.281230E+00  -1.006368E+01   2.418774E+00  -2.342851E+00        12
   4.403183E+02   7.315300E+04   1.281230E+00   1.281230E+00   1.656781E+00   1.281230E+00  -1.007842E+01   2.415090E+00  -2.342851E+00        12
   4.413183E+02   7.353600E+04   1.281230E+00   1.281230E+00   1.656781E+00   1.281230E+00  -1.009311E+01   2.411417E+00  -2.342851E+00        12
   4.423183E+02   7.392000E+04   1.281230E+00   1.281230E+00   1.656781E+00   1.281230E+00  -1.010777E+01   2.407752E+00  -2.342851E+00        12
   4.433183E+02   7.430500E+04   1.281230E+00   1.281230E+00   1.656781E+00   1.281230E+00  -1.012239E+01   2.404097E+00  -2.342851E+00        12
   4.443183E+02   7.469100E+04   1.281230E+00   1.281230E+00   1.656781E+00   1.281230E+00  -1.013697E+01   2.400452E+00  -2.342851E+00        12
   4.453183E+02   7.507800E+04   1.281230E+00   1.281230E+00   1.656781E+00   1.281230E+00  -1.015152E+01   2.396816E+00  -2.342851E+00        12
   4.463183E+02   7.546600E+04   1.281230E+00   1.281230E+00   1.656781E+00   1.281230E+00  -1.016602E+01   2.393189E+00  -2.342851E+00        12
   4.473183E+02   7.585500E+04   1.281230E+00   1.281230E+00   1.656781E+00   1.281230E+00  -1.018049E+01   2.389572E+00  -2.342851E+00        12
   4.483183E+02   7.624500E+04   1.281230E+00   1.281230E+00   1.656781E+00   1.281230E+00  -1.019492E+01   2.385964E+00  -2.342851E+00        12
   4.493183E+02   7.663600E+04   1.281230E+00   1.281230E+00   1.656781E+00   1.281230E+00  -1.020932E+01   2.382365E+00  -2.342851E+00        12
   4.503183E+02   7.702800E+04   1.281230E+00   1.281230E+00   1.656781E+00   1.281230E+00  -1.022368E+01   2.378776E+00  -2.342851E+00        12
   4.513183E+02   7.742100E+04   1.281230E+00   1.281230E+00   1.656781E+00   1.281230E+00  -1.023800E+01   2.375195E+00  -2.342851E+00        12
   4.523183E+02   7.781500E+04   1.281230E+00   1.281230E+00   1.656781E+00   1.281230E+00  -1.025228E+01   2.371624E+00  -2.342851E+00        12
   4.533183E+02   7.821000E+04   1.281230E+00   1.281230E+00   1.656781E+00   1.281230E+00  -1.026653E+01   2.368062E+00  -2.342851E+00        12
   4.543183E+02   7.860600E+04   1.281230E+00   1.281230E+00   1.656781E+00   1.281230E+00  -1.028075E+01   2.364508E+00  -2.342851E+00        12
   4.553183E+02   7.900300E+04   1.281230E+00   1.281230E+00   1.656781E+00   1.281230E+00  -1.029492E+01   2.360964E+00  -2.342851E+00        12
   4.563183E+02   7.940100E+04   1.281230E+00   1.281230E+00   1.656781E+00   1.281230E+00  -1.030907E+01   2.357429E+00  -2.342851E+00        12
   4.573183E+02   7.980000E+04   1.281230E+00   1.281230E+00   1.656781E+00   1.281230E+00  -1.032317E+01   2.353902E+00  -2.342851E+00        12
   4.583183E+02   8.020000E+04   1.281230E+00   1.281230E+00   1.656781E+00   1.281230E+00  -1.033724E+01   2.350384E+00  -2.342851E+00        12
   4.593183E+02   8.060100E+04   1.281230E+00   1.281230E+00   1.656781E+00   1.281230E+00  -1.035128E+01   2.346875E+00  -2.342851E+00        12
   4.603183E+02   8.100300E+04   1.281230E+00   1.281230E+00   1.656781E+00   1.281230E+00  -1.036528E+01   2.343375E+00  -2.342851E+00        12
   4.613183E+02   8.140600E+04   1.281230E+00   1.281230E+00   1.656781E+00   1.281230E+00  -1.037925E+01   2.339883E+00  -2.342851E+00        12
   4.623183E+02   8.181000E+04   1.281230E+00   1.281230E+00   1.656781E+00   1.281230E+00  -1.039318E+01   2.336400E+00  -2.342851E+00        12
   4.633183E+02   8.221500E+04   1.281230E+00   1.281230E+00   1.656781E+00   1.281230E+00  -1.040708E+01   2.332926E+00  -2.342851E+00        12
   4.643183E+02   8.262100E+04   1.281230E+00   1.281230E+00   1.656781E+00   1.281230E+00  -1.042094E+01   2.329460E+00  -2.342851E+00        12
   4.653183E+02   8.302800E+04   1.281230E+00   1.281230E+00   1.656781E+00   1.281230E+00  -1.043477E+01   2.326003E+00  -2.342851E+00        12
   4.663183E+02   8.343600E+04   1.281230E+00   1.281230E+00   1.656781E+00   1.281230E+00  -1.044856E+01   2.322554E+00  -2.342851E+00        12
   4.673183E+02   8.384500E+04   1.281230E+00   1.281230E+00   1.656781E+00   1.281230E+00  -1.046232E+01   2.319114E+00  -2.342851E+00        12
   4.683183E+02   8.425500E+04   1.281230E+00   1.281230E+00   1.656781E+00   1.281230E+00  -1.047605E+01   2.315682E+00  -2.342851E+00        12
   4.693183E+02   8.466600E+04   1.281230E+00   1.281230E+00   1.656781E+00   1.281230E+00  -1.048975E+01   2.312258E+00  -2.342851E+00        12
   4.703183E+02   8.507800E+04   1.281230E+00   1.281230E+00   1.656781E+00   1.281230E+00  -1.050341E+01   2.308843E+00  -2.342851E+00        12
   4.713183E+02   8.549100E+04   1.281230E+00   1.281230E+00   1.656781E+00   1.281230E+00  -1.051704E+01   2.305436E+00  -2.342851E+00        12
   4.723183E+02   8.590500E+04   1.281230E+00   1.281230E+00   1.656781E+00   1.281230E+00  -1.053063E+01   2.302037E+00  -2.342851E+00        12
   4.733183E+02   8.632000E+04   1.281230E+00   1.281230E+00   1.656781E+00   1.281230E+00  -1.054419E+01   2.298646E+00  -2.342851E+00        12
   4.743183E+02   8.673600E+04   1.281230E+00   1.281230E+00   1.656781E+00   1.281230E+00  -1.055772E+01   2.295264E+00  -2.342851E+00        12
   4.753183E+02   8.715300E+04   1.281230E+00   1.281230E+00   1.656781E+00   1.281230E+00  -1.057122E+01   2.291889E+00  -2.342851E+00        12
   4.763183E+02   8.757100E+04   1.281230E+00   1.281230E+00   1.656781E+00   1.281230E+00  -1.058469E+01   2.288523E+00  -2.342851E+00        12
   4.773183E+02   8.799000E+04   1.281230E+00   1.281230E+00   1.656781E+00   1.281230E+00  -1.059812E+01   2.285165E+00  -2.342851E+00        12
   4.783183E+02   8.841000E+04   1.281230E+00   1.281230E+00   1.656781E+00   1.281230E+00  -1.061152E+01   2.281814E+00  -2.342851E+00        12
   4.793183E+02   8.883100E+04   1.281230E+00   1.281230E+00   1.656781E+00   1.281230E+00  -1.062489E+01   2.278472E+00  -2.342851E+00        12
   4.803183E+02   8.925300E+04   1.281230E+00   1.281230E+00   1.656781E+00   1.281230E+00  -1.063823E+01   2.275138E+00  -2.342851E+00        12
   4.813183E+02   8.967600E+04   1.281230E+00   1.281230E+00   1.656781E+00   1.281230E+00  -1.065153E+01   2.271811E+00  -2.342851E+00        12
   4.823183E+02   9.010000E+04   1.281230E+00   1.281230E+00   1.656781E+00   1.281230E+00  -1.066481E+01   2.268493E+00  -2.342851E+00        12
   4.833183E+02   9.052500E+04   1.281230E+00   1.281230E+00   1.656781E+00   1.281230E+00  -1.067805E+01   2.265182E+00  -2.342851E+00        12
   4.843183E+02   9.095100E+04   1.281230E+00   1.281230E+00   1.656781E+00   1.281230E+00  -1.069127E+01   2.261879E+00  -2.342851E+00        12
   4.853183E+02   9.137800E+04   1.281230E+00   1.281230E+00   1.656781E+00   1.281230E+00  -1.070445E+01   2.258583E+00  -2.342851E+00        12
   4.863183E+02   9.180600E+04   1.281230E+00   1.281230E+00   1.656781E+00   1.281230E+00  -1.071760E+01   2.255296E+00  -2.342851E+00        12
   4.873183E+02   9.223500E+04   1.281230E+00   1.281230E+00   1.656781E+00   1.281230E+00  -1.073072E+01   2.252016E+00  -2.342851E+00        12
   4.883183E+02   9.266500E+04   1.281230E+00   1.281230E+00   1.656781E+00   1.281230E+00  -1.074381E+01   2.248743E+00  -2.342851E+00        12
   4.893183E+02   9.309600E+04   1.281230E+00   1.281230E+00   1.656781E+00   1.281230E+00  -1.075687E+01   2.245479E+00  -2.342851E+00        12
   4.903183E+02   9.352800E+04   1.281230E+00   1.281230E+00   1.656781E+00   1.281230E+00  -1.076989E+01   2.242221E+00  -2.342851E+00        12
   4.913183E+02   9.396100E+04   1.281230E+00   1.281230E+00   1.656781E+00   1.281230E+00  -1.078289E+01   2.238972E+00  -2.342851E+00        12
   4.923183E+02   9.439500E+04   1.281230E+00   1.281230E+00   1.656781E+00   1.281230E+00  -1.079586E+01   2.235729E+00  -2.342851E+00        12
   4.933183E+02   9.483000E+04   1.281230E+00   1.281230E+00   1.656781E+00   1.281230E+00  -1.080880E+01   2.232495E+00  -2.342851E+00        12
   4.943183E+02   9.526600E+04   1.281230E+00   1.281230E+00   1.656781E+00   1.281230E+00  -1.082171E+01   2.229267E+00  -2.342851E+00        12
   4.953183E+02   9.570300E+04   1.281230E+00   1.281230E+00   1.656781E+00   1.281230E+00  -1.083459E+01   2.226047E+00  -2.342851E+00        12
   4.963183E+02   9.614100E+04   1.281230E+00   1.281230E+00   1.656781E+00   1.281230E+00  -1.084744E+01   2.222835E+00  -2.342851E+00        12
   4.973183E+02   9.658000E+04   1.281230E+00   1.281230E+00   1.656781E+00   1.281230E+00  -1.086026E+01   2.219630E+00  -2.342851E+00        12
   4.983183E+02   9.702000E+04   1.281230E+00   1.281230E+00   1.656781E+00   1.281230E+00  -1.087305E+01   2.216432E+00  -2.342851E+00        12
   4.993183E+02   9.746100E+04   1.281230E+00   1.281230E+00   1.656781E+00   1.281230E+00  -1.088582E+01   2.213241E+00  -2.342851E+00        12
   5.003183E+02   9.790300E+04   1.281230E+00   1.281230E+00   1.656781E+00   1.281230E+00  -1.089855E+01   2.210057E+00  -2.342851E+00        12
   5.013183E+02   9.834600E+04   1.281230E+00   1.281230E+00   1.656781E+00   1.281230E+00  -1.091126E+01   2.206881E+00  -2.342851E+00        12
   5.023183E+02   9.879000E+04   1.281230E+00   1.281230E+00   1.656781E+00   1.281230E+00  -1.092393E+01   2.203712E+00  -2.342851E+00        12
   5.033183E+02   9.923500E+04   1.281230E+00   1.281230E+00   1.656781E+00   1.281230E+00  -1.093658E+01   2.200550E+00  -2.342851E+00        12
   5.043183E+02   9.968100E+04   1.281230E+00   1.281230E+00   1.656781E+00   1.281230E+00  -1.094920E+01   2.197395E+00  -2.342851E+00        12
   5.053183E+02   1.001280E+05   1.281230E+00   1.281230E+00   1.656781E+00   1.281230E+00  -1.096179E+01   2.194247E+00  -2.342851E+00        12
   5.063183E+02   1.005760E+05   1.281230E+00   1.281230E+00   1.656781E+00   1.281230E+00  -1.097436E+01   2.191106E+00  -2.342851E+00        12
   5.073183E+02   1.010250E+05   1.281230E+00   1.281230E+00   1.656781E+00   1.281230E+00  -1.098689E+01   2.187972E+00  -2.342851E+00        12
   5.083183E+02   1.014750E+05   1.281230E+00   1.281230E+00   1.656781E+00   1.281230E+00  -1.099940E+01   2.184845E+00  -2.342851E+00        12
   5.093183E+02   1.019260E+05   1.281230E+00   1.281230E+00   1.656781E+00   1.281230E+00  -1.101188E+01   2.181725E+00  -2.342851E+00        12
   5.103183E+02   1.023780E+05   1.281230E+00   1.281230E+00   1.656781E+00   1.281230E+00  -1.102433E+01   2.178612E+00  -2.342851E+00        12
   5.113183E+02   1.028310E+05   1.281230E+00   1.281230E+00   1.656781E+00   1.281230E+00  -1.103676E+01   2.175506E+00  -2.342851E+00        12
   5.123183E+02   1.032850E+05   1.281230E+00   1.281230E+00   1.656781E+00   1.281230E+00  -1.104915E+01   2.172406E+00  -2.342851E+00        12
   5.133183E+02   1.037400E+05   1.281230E+00   1.281230E+00   1.656781E+00   1.281230E+00  -1.106152E+01   2.169314E+00  -2.342851E+00        12
   5.143183E+02   1.041960E+05   1.281230E+00   1.281230E+00   1.656781E+00   1.281230E+00  -1.107387E+01   2.166228E+00  -2.342851E+00        12
   5.153183E+02   1.046530E+05   1.281230E+00   1.281230E+00   1.656781E+00   1.281230E+00  -1.108618E+01   2.163149E+00  -2.342851E+00        12
   5.163183E+02   1.051110E+05   1.281230E+00   1.281230E+00   1.656781E+00   1.281230E+00  -1.109847E+01   2.160077E+00  -2.342851E+00        12
   5.173183E+02   1.055700E+05   1.281230E+00   1.281230E+00   1.656781E+00   1.281230E+00  -1.111073E+01   2.157011E+00  -2.342851E+00        12
   5.183183E+02   1.060300E+05   1.281230E+00   1.281230E+00   1.656781E+00   1.281230E+00  -1.112297E+01   2.153952E+00  -2.342851E+00        12
   5.193183E+02   1.064910E+05   1.281230E+00   1.281230E+00   1.656781E+00   1.281230E+00  -1.113518E+01   2.150900E+00  -2.342851E+00        12
   5.203183E+02   1.069530E+05   1.281230E+00   1.281230E+00   1.656781E+00   1.281230E+00  -1.114736E+01   2.147854E+00  -2.342851E+00        12
   5.213183E+02   1.074160E+05   1.281230E+00   1.281230E+00   1.656781E+00   1.281230E+00  -1.115952E+01   2.144815E+00  -2.342851E+00        12
   5.223183E+02   1.078800E+05   1.281230E+00   1.281230E+00   1.656781E+00   1.281230E+00  -1.117165E+01   2.141783E+00  -2.342851E+00        12
   5.233183E+02   1.083450E+05   1.281230E+00   1.281230E+00   1.656781E+00   1.281230E+00  -1.118375E+01   2.138756E+00  -2.342851E+00        12
   5.243183E+02   1.088110E+05   1.281230E+00   1.281230E+00   1.656781E+00   1.281230E+00  -1.119583E+01   2.135737E+00  -2.342851E+00        12
   5.253183E+02   1.092780E+05   1.281230E+00   1.281230E+00   1.656781E+00   1.281230E+00  -1.120788E+01   2.132724E+00  -2.342851E+00        12
   5.263183E+02   1.097460E+05   1.281230E+00   1.281230E+00   1.656781E+00   1.281230E+00  -1.121991E+01   2.129717E+00  -2.342851E+00        12
   5.273183E+02   1.102150E+05   1.281230E+00   1.281230E+00   1.656781E+00   1.281230E+00  -1.123191E+01   2.126717E+00  -2.342851E+00        12
   5.283183E+02   1.106850E+05   1.281230E+00   1.281230E+00   1.656781E+00   1.281230E+00  -1.124389E+01   2.123723E+00  -2.342851E+00        12
   5.293183E+02   1.111560E+05   1.281230E+00   1.281230E+00   1.656781E+00   1.281230E+00  -1.125584E+01   2.120736E+00  -2.342851E+00        12
   5.303183E+02   1.116280E+05   1.281230E+00   1.281230E+00   1.656781E+00   1.281230E+00  -1.126776E+01   2.117754E+00  -2.342851E+00        12
   5.313183E+02   1.121010E+05   1.281230E+00   1.281230E+00   1.656781E+00   1.281230E+00  -1.127966E+01   2.114780E+00  -2.342851E+00        12
   5.323183E+02   1.125750E+05   1.281230E+00   1.281230E+00   1.656781E+00   1.281230E+00  -1.129154E+01   2.111811E+00  -2.342851E+00        12
   5.333183E+02   1.130500E+05   1.281230E+00   1.281230E+00   1.656781E+00   1.281230E+00  -1.130339E+01   2.108849E+00  -2.342851E+00        12
   5.343183E+02   1.135260E+05   1.281230E+00   1.281230E+00   1.656781E+00   1.281230E+00  -1.131521E+01   2.105892E+00  -2.342851E+00        12
   5.353183E+02   1.140030E+05   1.281230E+00   1.281230E+00   1.656781E+00   1.281230E+00  -1.132701E+01   2.102943E+00  -2.342851E+00        12
   5.363183E+02   1.144810E+05   1.281230E+00   1.281230E+00   1.656781E+00   1.281230E+00  -1.133878E+01   2.099999E+00  -2.342851E+00        12
   5.373183E+02   1.149600E+05   1.281230E+00   1.281230E+00   1.656781E+00   1.281230E+00  -1.135053E+01   2.097061E+00  -2.342851E+00        12
   5.383183E+02   1.154400E+05   1.281230E+00   1.281230E+00   1.656781E+00   1.281230E+00  -1.136226E+01   2.094130E+00  -2.342851E+00        12
   5.393183E+02   1.159210E+05   1.281230E+00   1.281230E+00   1.656781E+00   1.281230E+00  -1.137396E+01   2.091204E+00  -2.342851E+00        12
   5.403183E+02   1.164030E+05   1.281230E+00   1.281230E+00   1.656781E+00   1.281230E+00  -1.138564E+01   2.088285E+00  -2.342851E+00        12
   5.413183E+02   1.168860E+05   1.281230E+00   1.281230E+00   1.656781E+00   1.281230E+00  -1.139729E+01   2.085372E+00  -2.342851E+00        12
   5.423183E+02   1.173700E+05   1.281230E+00   1.281230E+00   1.656781E+00   1.281230E+00  -1.140892E+01   2.082464E+00  -2.342851E+00        12
   5.433183E+02   1.178550E+05   1.281230E+00   1.281230E+00   1.656781E+00   1.281230E+00  -1.142053E+01   2.079563E+00  -2.342851E+00        12
   5.443183E+02   1.183410E+05   1.281230E+00   1.281230E+00   1.656781E+00   1.281230E+00  -1.143211E+01   2.076668E+00  -2.342851E+00        12
   5.453183E+02   1.188280E+05   1.281230E+00   1.281230E+00   1.656781E+00   1.281230E+00  -1.144367E+01   2.073778E+00  -2.342851E+00        12
   5.463183E+02   1.193160E+05   1.281230E+00   1.281230E+00   1.656781E+00   1.281230E+00  -1.145520E+01   2.070895E+00  -2.342851E+00        12
   5.473183E+02   1.198050E+05   1.281230E+00   1.281230E+00   1.656781E+00   1.281230E+00  -1.146671E+01   2.068018E+00  -2.342851E+00        12
   5.483183E+02   1.202950E+05   1.281230E+00   1.281230E+00   1.656781E+00   1.281230E+00  -1.147820E+01   2.065146E+00  -2.342851E+00        12
   5.493183E+02   1.207860E+05   1.281230E+00   1.281230E+00   1.656781E+00   1.281230E+00  -1.148966E+01   2.062280E+00  -2.342851E+00        12
   5.503183E+02   1.212780E+05   1.281230E+00   1.281230E+00   1.656781E+00   1.281230E+00  -1.150110E+01   2.059420E+00  -2.342851E+00        12
   5.513183E+02   1.217710E+05   1.281230E+00   1.281230E+00   1.656781E+00   1.281230E+00  -1.151252E+01   2.056566E+00  -2.342851E+00        12
   5.523183E+02   1.222650E+05   1.281230E+00   1.281230E+00   1.656781E+00   1.281230E+00  -1.152391E+01   2.053717E+00  -2.342851E+00        12
   5.533183E+02   1.227600E+05   1.281230E+00   1.281230E+00   1.656781E+00   1.281230E+00  -1.153528E+01   2.050875E+00  -2.342851E+00        12
   5.543183E+02   1.232560E+05   1.281230E+00   1.281230E+00   1.656781E+00   1.281230E+00  -1.154663E+01   2.048038E+00  -2.342851E+00        12
   5.553183E+02   1.237530E+05   1.281230E+00   1.281230E+00   1.656781E+00   1.281230E+00  -1.155795E+01   2.045207E+00  -2.342851E+00        12
   5.563183E+02   1.242510E+05   1.281230E+00   1.281230E+00   1.656781E+00   1.281230E+00  -1.156926E+01   2.042381E+00  -2.342851E+00        12
   5.573183E+02   1.247500E+05   1.281230E+00   1.281230E+00   1.656781E+00   1.281230E+00  -1.158053E+01   2.039561E+00  -2.342851E+00        12
   5.583183E+02   1.252500E+05   1.281230E+00   1.281230E+00   1.656781E+00   1.281230E+00  -1.159179E+01   2.036747E+00  -2.342851E+00        12
   5.593183E+02   1.257510E+05   1.281230E+00   1.281230E+00   1.656781E+00   1.281230E+00  -1.160303E+01   2.033938E+00  -2.342851E+00        12
   5.603183E+02   1.262530E+05   1.281230E+00   1.281230E+00   1.656781E+00   1.281230E+00  -1.161424E+01   2.031135E+00  -2.342851E+00        12
   5.613183E+02   1.267560E+05   1.281230E+00   1.281230E+00   1.656781E+00   1.281230E+00  -1.162543E+01   2.028338E+00  -2.342851E+00        12
   5.623183E+02   1.272600E+05   1.281230E+00   1.281230E+00   1.656781E+00   1.281230E+00  -1.163660E+01   2.025546E+00  -2.342851E+00        12
   5.633183E+02   1.277650E+05   1.281230E+00   1.281230E+00   1.656781E+00   1.281230E+00  -1.164774E+01   2.022760E+00  -2.342851E+00        12
   5.643183E+02   1.282710E+05   1.281230E+00   1.281230E+00   1.656781E+00   1.281230E+00  -1.165886E+01   2.019979E+00  -2.342851E+00        12
   5.653183E+02   1.287780E+05   1.281230E+00   1.281230E+00   1.656781E+00   1.281230E+00  -1.166997E+01   2.017203E+00  -2.342851E+00        12
   5.663183E+02   1.292860E+05   1.281230E+00   1.281230E+00   1.656781E+00   1.281230E+00  -1.168105E+01   2.014434E+00  -2.342851E+00        12
   5.673183E+02   1.297950E+05   1.281230E+00   1.281230E+00   1.656781E+00   1.281230E+00  -1.169210E+01   2.011669E+00  -2.342851E+00        12
   5.683183E+02   1.303050E+05   1.281230E+00   1.281230E+00   1.656781E+00   1.281230E+00  -1.170314E+01   2.008910E+00  -2.342851E+00        12
   5.693183E+02   1.308160E+05   1.281230E+00   1.281230E+00   1.656781E+00   1.281230E+00  -1.171415E+01   2.006156E+00  -2.342851E+00        12
   5.703183E+02   1.313280E+05   1.281230E+00   1.281230E+00   1.656781E+00   1.281230E+00  -1.172515E+01   2.003408E+00  -2.342851E+00        12
   5.713183E+02   1.318410E+05   1.281230E+00   1.281230E+00   1.656781E+00   1.281230E+00  -1.173612E+01   2.000665E+00  -2.342851E+00        12
   5.723183E+02   1.323550E+05   1.281230E+00   1.281230E+00   1.656781E+00   1.281230E+00  -1.174707E+01   1.997928E+00  -2.342851E+00        12
   5.733183E+02   1.328700E+05   1.281230E+00   1.281230E+00   1.656781E+00   1.281230E+00  -1.175800E+01   1.995195E+00  -2.342851E+00        12
   5.743183E+02   1.333860E+05   1.281230E+00   1.281230E+00   1.656781E+00   1.281230E+00  -1.176891E+01   1.992468E+00  -2.342851E+00        12
   5.753183E+02   1.339030E+05   1.281230E+00   1.281230E+00   1.656781E+00   1.281230E+00  -1.177979E+01   1.989747E+00  -2.342851E+00        12
   5.763183E+02   1.344210E+05   1.281230E+00   1.281230E+00   1.656781E+00   1.281230E+00  -1.179066E+01   1.987030E+00  -2.342851E+00        12
   5.773183E+02   1.349400E+05   1.281230E+00   1.281230E+00   1.656781E+00   1.281230E+00  -1.180150E+01   1.984319E+00  -2.342851E+00        12
   5.783183E+02   1.354600E+05   1.281230E+00   1.281230E+00   1.656781E+00   1.281230E+00  -1.181233E+01   1.981613E+00  -2.342851E+00        12
   5.793183E+02   1.359810E+05   1.281230E+00   1.281230E+00   1.656781E+00   1.281230E+00  -1.182313E+01   1.978912E+00  -2.342851E+00        12
   5.803183E+02   1.365030E+05   1.281230E+00   1.281230E+00   1.656781E+00   1.281230E+00  -1.183391E+01   1.976217E+00  -2.342851E+00        12
   5.813183E+02   1.370260E+05   1.281230E+00   1.281230E+00   1.656781E+00   1.281230E+00  -1.184467E+01   1.973526E+00  -2.342851E+00        12
   5.823183E+02   1.375500E+05   1.281230E+00   1.281230E+00   1.656781E+00   1.281230E+00  -1.185542E+01   1.970841E+00  -2.342851E+00        12
   5.833183E+02   1.380750E+05   1.281230E+00   1.281230E+00   1.656781E+00   1.281230E+00  -1.186614E+01   1.968161E+00  -2.342851E+00        12
   5.843183E+02   1.386010E+05   1.281230E+00   1.281230E+00   1.656781E+00   1.281230E+00  -1.187684E+01   1.965486E+00  -2.342851E+00        12
   5.853183E+02   1.391280E+05   1.281230E+00   1.281230E+00   1.656781E+00   1.281230E+00  -1.188752E+01   1.962815E+00  -2.342851E+00        12
   5.863183E+02   1.396560E+05   1.281230E+00   1.281230E+00   1.656781E+00   1.281230E+00  -1.189818E+01   1.960150E+00  -2.342851E+00        12
   5.873183E+02   1.401850E+05   1.281230E+00   1.281230E+00   1.656781E+00   1.281230E+00  -1.190882E+01   1.957491E+00  -2.342851E+00        12
   5.883183E+02   1.407150E+05   1.281230E+00   1.281230E+00   1.656781E+00   1.281230E+00  -1.191944E+01   1.954836E+00  -2.342851E+00        12
   5.893183E+02   1.412460E+05   1.281230E+00   1.281230E+00   1.656781E+00   1.281230E+00  -1.193004E+01   1.952186E+00  -2.342851E+00        12
   5.903183E+02   1.417780E+05   1.281230E+00   1.281230E+00   1.656781E+00   1.281230E+00  -1.194062E+01   1.949541E+00  -2.342851E+00        12
   5.913183E+02   1.423110E+05   1.281230E+00   1.281230E+00   1.656781E+00   1.281230E+00  -1.195118E+01   1.946901E+00  -2.342851E+00        12
   5.923183E+02   1.428450E+05   1.281230E+00   1.281230E+00   1.656781E+00   1.281230E+00  -1.196172E+01   1.944266E+00  -2.342851E+00        12
   5.933183E+02   1.433800E+05   1.281230E+00   1.281230E+00   1.656781E+00   1.281230E+00  -1.197224E+01   1.941636E+00  -2.342851E+00        12
   5.943183E+02   1.439160E+05   1.281230E+00   1.281230E+00   1.656781E+00   1.281230E+00  -1.198274E+01   1.939010E+00  -2.342851E+00        12
   5.953183E+02   1.444530E+05   1.281230E+00   1.281230E+00   1.656781E+00   1.281230E+00  -1.199322E+01   1.936390E+00  -2.342851E+00        12
   5.963183E+02   1.449910E+05   1.281230E+00   1.281230E+00   1.656781E+00   1.281230E+00  -1.200368E+01   1.933775E+00  -2.342851E+00        12
   5.973183E+02   1.455300E+05   1.281230E+00   1.281230E+00   1.656781E+00   1.281230E+00  -1.201412E+01   1.931164E+00  -2.342851E+00        12
   5.983183E+02   1.460700E+05   1.281230E+00   1.281230E+00   1.656781E+00   1.281230E+00  -1.202455E+01   1.928558E+00  -2.342851E+00        12
   5.993183E+02   1.466110E+05   1.281230E+00   1.281230E+00   1.656781E+00   1.281230E+00  -1.203495E+01   1.925957E+00  -2.342851E+00        12
   6.003183E+02   1.471530E+05   1.281230E+00   1.281230E+00   1.656781E+00   1.281230E+00  -1.204534E+01   1.923361E+00  -2.342851E+00        12
   6.013183E+02   1.476960E+05   1.281230E+00   1.281230E+00   1.656781E+00   1.281230E+00  -1.205570E+01   1.920770E+00  -2.342851E+00        12
   6.023183E+02   1.482400E+05   1.281230E+00   1.281230E+00   1.656781E+00   1.281230E+00  -1.206605E+01   1.918183E+00  -2.342851E+00        12
   6.033183E+02   1.487850E+05   1.281230E+00   1.281230E+00   1.656781E+00   1.281230E+00  -1.207637E+01   1.915601E+00  -2.342851E+00        12
   6.043183E+02   1.493310E+05   1.281230E+00   1.281230E+00   1.656781E+00   1.281230E+00  -1.208668E+01   1.913024E+00  -2.342851E+00        12
   6.053183E+02   1.498780E+05   1.281230E+00   1.281230E+00   1.656781E+00   1.281230E+00  -1.209697E+01   1.910452E+00  -2.342851E+00        12
   6.063183E+02   1.504260E+05   1.281230E+00   1.281230E+00   1.656781E+00   1.281230E+00  -1.210724E+01   1.907884E+00  -2.342851E+00        12
   6.073183E+02   1.509750E+05   1.281230E+00   1.281230E+00   1.656781E+00   1.281230E+00  -1.211750E+01   1.905321E+00  -2.342851E+00        12
   6.083183E+02   1.515250E+05   1.281230E+00   1.281230E+00   1.656781E+00   1.281230E+00  -1.212773E+01   1.902763E+00  -2.342851E+00        12
   6.093183E+02   1.520760E+05   1.281230E+00   1.281230E+00   1.656781E+00   1.281230E+00  -1.213794E+01   1.900209E+00  -2.342851E+00        12
   6.103183E+02   1.526280E+05   1.281230E+00   1.281230E+00   1.656781E+00   1.281230E+00  -1.214814E+01   1.897660E+00  -2.342851E+00        12
   6.113183E+02   1.531810E+05   1.281230E+00   1.281230E+00   1.656781E+00   1.281230E+00  -1.215832E+01   1.895115E+00  -2.342851E+00        12
   6.123183E+02   1.537350E+05   1.281230E+00   1.281230E+00   1.656781E+00   1.281230E+00  -1.216848E+01   1.892575E+00  -2.342851E+00        12
   6.133183E+02   1.542900E+05   1.281230E+00   1.281230E+00   1.656781E+00   1.281230E+00  -1.217862E+01   1.890040E+00  -2.342851E+00        12
   6.143183E+02   1.548460E+05   1.281230E+00   1.281230E+00   1.656781E+00   1.281230E+00  -1.218874E+01   1.887509E+00  -2.342851E+00        12
   6.153183E+02   1.554030E+05   1.281230E+00   1.281230E+00   1.656781E+00   1.281230E+00  -1.219885E+01   1.884983E+00  -2.342851E+00        12
   6.163183E+02   1.559610E+05   1.281230E+00   1.281230E+00   1.656781E+00   1.281230E+00  -1.220894E+01   1.882461E+00  -2.342851E+00        12
   6.173183E+02   1.565200E+05   1.281230E+00   1.281230E+00   1.656781E+00   1.281230E+00  -1.221900E+01   1.879944E+00  -2.342851E+00        12
   6.183183E+02   1.570800E+05   1.281230E+00   1.281230E+00   1.656781E+00   1.281230E+00  -1.222905E+01   1.877431E+00  -2.342851E+00        12
   6.193183E+02   1.576410E+05   1.281230E+00   1.281230E+00   1.656781E+00   1.281230E+00  -1.223909E+01   1.874923E+00  -2.342851E+00        12
   6.203183E+02   1.582030E+05   1.281230E+00   1.281230E+00   1.656781E+00   1.281230E+00  -1.224910E+01   1.872419E+00  -2.342851E+00        12
   6.213183E+02   1.587660E+05   1.281230E+00   1.281230E+00   1.656781E+00   1.281230E+00  -1.225910E+01   1.869920E+00  -2.342851E+00        12
   6.223183E+02   1.593300E+05   1.281230E+00   1.281230E+00   1.656781E+00   1.281230E+00  -1.226908E+01   1.867425E+00  -2.342851E+00        12
   6.233183E+02   1.598950E+05   1.281230E+00   1.281230E+00   1.656781E+00   1.281230E+00  -1.227904E+01   1.864935E+00  -2.342851E+00        12
   6.243183E+02   1.604610E+05   1.281230E+00   1.281230E+00   1.656781E+00   1.281230E+00  -1.228899E+01   1.862449E+00  -2.342851E+00        12
   6.253183E+02   1.610280E+05   1.281230E+00   1.281230E+00   1.656781E+00   1.281230E+00  -1.229891E+01   1.859967E+00  -2.342851E+00        12
   6.263183E+02   1.615960E+05   1.281230E+00   1.281230E+00   1.656781E+00   1.281230E+00  -1.230882E+01   1.857490E+00  -2.342851E+00        12
   6.273183E+02   1.621650E+05   1.281230E+00   1.281230E+00   1.656781E+00   1.281230E+00  -1.231871E+01   1.855017E+00  -2.342851E+00        12
   6.283183E+02   1.627350E+05   1.281230E+00   1.281230E+00   1.656781E+00   1.281230E+00  -1.232859E+01   1.852548E+00  -2.342851E+00        12
   6.293183E+02   1.633060E+05   1.281230E+00   1.281230E+00   1.656781E+00   1.281230E+00  -1.233845E+01   1.850084E+00  -2.342851E+00        12
   6.303183E+02   1.638780E+05   1.281230E+00   1.281230E+00   1.656781E+00   1.281230E+00  -1.234829E+01   1.847624E+00  -2.342851E+00        12
   6.313183E+02   1.644510E+05   1.281230E+00   1.281230E+00   1.656781E+00   1.281230E+00  -1.235811E+01   1.845168E+00  -2.342851E+00        12
   6.323183E+02   1.650250E+05   1.281230E+00   1.281230E+00   1.656781E+00   1.281230E+00  -1.236791E+01   1.842717E+00  -2.342851E+00        12
   6.333183E+02   1.656000E+05   1.281230E+00   1.281230E+00   1.656781E+00   1.281230E+00  -1.237770E+01   1.840269E+00  -2.342851E+00        12
   6.343183E+02   1.661760E+05   1.281230E+00   1.281230E+00   1.656781E+00   1.281230E+00  -1.238747E+01   1.837826E+00  -2.342851E+00        12
   6.353183E+02   1.667530E+05   1.281230E+00   1.281230E+00   1.656781E+00   1.281230E+00  -1.239723E+01   1.835388E+00  -2.342851E+00        12
   6.363183E+02   1.673310E+05   1.281230E+00   1.281230E+00   1.656781E+00   1.281230E+00  -1.240697E+01   1.832953E+00  -2.342851E+00        12
   6.373183E+02   1.679100E+05   1.281230E+00   1.281230E+00   1.656781E+00   1.281230E+00  -1.241669E+01   1.830523E+00  -2.342851E+00        12
   6.383183E+02   1.684900E+05   1.281230E+00   1.281230E+00   1.656781E+00   1.281230E+00  -1.242639E+01   1.828097E+00  -2.342851E+00        12
   6.393183E+02   1.690710E+05   1.281230E+00   1.281230E+00   1.656781E+00   1.281230E+00  -1.243608E+01   1.825675E+00  -2.342851E+00        12
   6.403183E+02   1.696530E+05   1.281230E+00   1.281230E+00   1.656781E+00   1.281230E+00  -1.244575E+01   1.823257E+00  -2.342851E+00        12
   6.413183E+02   1.702360E+05   1.281230E+00   1.281230E+00   1.656781E+00   1.281230E+00  -1.245540E+01   1.820844E+00  -2.342851E+00        12
   6.423183E+02   1.708200E+05   1.281230E+00   1.281230E+00   1.656781E+00   1.281230E+00  -1.246504E+01   1.818434E+00  -2.342851E+00        12
   6.433183E+02   1.714050E+05   1.281230E+00   1.281230E+00   1.656781E+00   1.281230E+00  -1.247466E+01   1.816029E+00  -2.342851E+00        12
   6.443183E+02   1.719910E+05   1.281230E+00   1.281230E+00   1.656781E+00   1.281230E+00  -1.248427E+01   1.813628E+00  -2.342851E+00        12
   6.453183E+02   1.725780E+05   1.281230E+00   1.281230E+00   1.656781E+00   1.281230E+00  -1.249386E+01   1.811231E+00  -2.342851E+00        12
   6.463183E+02   1.731660E+05   1.281230E+00   1.281230E+00   1.656781E+00   1.281230E+00  -1.250343E+01   1.808838E+00  -2.342851E+00        12
   6.473183E+02   1.737550E+05   1.281230E+00   1.281230E+00   1.656781E+00   1.281230E+00  -1.251298E+01   1.806449E+00  -2.342851E+00        12
   6.483183E+02   1.743450E+05   1.281230E+00   1.281230E+00   1.656781E+00   1.281230E+00  -1.252252E+01   1.804064E+00  -2.342851E+00        12
   6.493183E+02   1.749360E+05   1.281230E+00   1.281230E+00   1.656781E+00   1.281230E+00  -1.253205E+01   1.801683E+00  -2.342851E+00        12
   6.503183E+02   1.755280E+05   1.281230E+00   1.281230E+00   1.656781E+00   1.281230E+00  -1.254156E+01   1.799306E+00  -2.342851E+00        12
   6.513183E+02   1.761210E+05   1.281230E+00   1.281230E+00   1.656781E+00   1.281230E+00  -1.255105E+01   1.796933E+00  -2.342851E+00        12
   6.523183E+02   1.767150E+05   1.281230E+00   1.281230E+00   1.656781E+00   1.281230E+00  -1.256052E+01   1.794564E+00  -2.342851E+00        12
   6.533183E+02   1.773100E+05   1.281230E+00   1.281230E+00   1.656781E+00   1.281230E+00  -1.256998E+01   1.792199E+00  -2.342851E+00        12
   6.543183E+02   1.779060E+05   1.281230E+00   1.281230E+00   1.656781E+00   1.281230E+00  -1.257943E+01   1.789838E+00  -2.342851E+00        12
   6.553183E+02   1.785030E+05   1.281230E+00   1.281230E+00   1.656781E+00   1.281230E+00  -1.258885E+01   1.787481E+00  -2.342851E+00        12
   6.563183E+02   1.791010E+05   1.281230E+00   1.281230E+00   1.656781E+00   1.281230E+00  -1.259827E+01   1.785128E+00  -2.342851E+00        12
   6.573183E+02   1.797000E+05   1.281230E+00   1.281230E+00   1.656781E+00   1.281230E+00  -1.260766E+01   1.782779E+00  -2.342851E+00        12
   6.583183E+02   1.803000E+05   1.281230E+00   1.281230E+00   1.656781E+00   1.281230E+00  -1.261704E+01   1.780434E+00  -2.342851E+00        12
   6.593183E+02   1.809010E+05   1.281230E+00   1.281230E+00   1.656781E+00   1.281230E+00  -1.262641E+01   1.778093E+00  -2.342851E+00        12
   6.603183E+02   1.815030E+05   1.281230E+00   1.281230E+00   1.656781E+00   1.281230E+00  -1.263576E+01   1.775755E+00  -2.342851E+00        12
   6.613183E+02   1.821060E+05   1.281230E+00   1.281230E+00   1.656781E+00   1.281230E+00  -1.264509E+01   1.773422E+00  -2.342851E+00        12
   6.623183E+02   1.827100E+05   1.281230E+00   1.281230E+00   1.656781E+00   1.281230E+00  -1.265441E+01   1.771092E+00  -2.342851E+00        12
   6.633183E+02   1.833150E+05   1.281230E+00   1.281230E+00   1.656781E+00   1.281230E+00  -1.266371E+01   1.768766E+00  -2.342851E+00        12
   6.643183E+02   1.839210E+05   1.281230E+00   1.281230E+00   1.656781E+00   1.281230E+00  -1.267300E+01   1.766444E+00  -2.342851E+00        12
   6.653183E+02   1.845280E+05   1.281230E+00   1.281230E+00   1.656781E+00   1.281230E+00  -1.268227E+01   1.764126E+00  -2.342851E+00        12
   6.663183E+02   1.851360E+05   1.281230E+00   1.281230E+00   1.656781E+00   1.281230E+00  -1.269153E+01   1.761812E+00  -2.342851E+00        12
   6.673183E+02   1.857450E+05   1.281230E+00   1.281230E+00   1.656781E+00   1.281230E+00  -1.270077E+01   1.759501E+00  -2.342851E+00        12
   6.683183E+02   1.863550E+05   1.281230E+00   1.281230E+00   1.656781E+00   1.281230E+00  -1.271000E+01   1.757195E+00  -2.342851E+00        12
   6.693183E+02   1.869660E+05   1.281230E+00   1.281230E+00   1.656781E+00   1.281230E+00  -1.271921E+01   1.754892E+00  -2.342851E+00        12
   6.703183E+02   1.875780E+05   1.281230E+00   1.281230E+00   1.656781E+00   1.281230E+00  -1.272841E+01   1.752592E+00  -2.342851E+00        12
   6.713183E+02   1.881910E+05   1.281230E+00   1.281230E+00   1.656781E+00   1.281230E+00  -1.273759E+01   1.750297E+00  -2.342851E+00        12
   6.723183E+02   1.888050E+05   1.281230E+00   1.281230E+00   1.656781E+00   1.281230E+00  -1.274676E+01   1.748005E+00  -2.342851E+00        12
   6.733183E+02   1.894200E+05   1.281230E+00   1.281230E+00   1.656781E+00   1.281230E+00  -1.275591E+01   1.745717E+00  -2.342851E+00        12
   6.743183E+02   1.900360E+05   1.281230E+00   1.281230E+00   1.656781E+00   1.281230E+00  -1.276505E+01   1.743433E+00  -2.342851E+00        12
   6.753183E+02   1.906530E+05   1.281230E+00   1.281230E+00   1.656781E+00   1.281230E+00  -1.277417E+01   1.741152E+00  -2.342851E+00        12
   6.763183E+02   1.912710E+05   1.281230E+00   1.281230E+00   1.656781E+00   1.281230E+00  -1.278328E+01   1.738876E+00  -2.342851E+00        12
   6.773183E+02   1.918900E+05   1.281230E+00   1.281230E+00   1.656781E+00   1.281230E+00  -1.279237E+01   1.736602E+00  -2.342851E+00        12
   6.783183E+02   1.925100E+05   1.281230E+00   1.281230E+00   1.656781E+00   1.281230E+00  -1.280145E+01   1.734333E+00  -2.342851E+00        12
   6.793183E+02   1.931310E+05   1.281230E+00   1.281230E+00   1.656781E+00   1.281230E+00  -1.281051E+01   1.732067E+00  -2.342851E+00        12
   6.803183E+02   1.937530E+05   1.281230E+00   1.281230E+00   1.656781E+00   1.281230E+00  -1.281956E+01   1.729805E+00  -2.342851E+00        12
   6.813183E+02   1.943760E+05   1.281230E+00   1.281230E+00   1.656781E+00   1.281230E+00  -1.282860E+01   1.727546E+00  -2.342851E+00        12
   6.823183E+02   1.950000E+05   1.281230E+00   1.281230E+00   1.656781E+00   1.281230E+00  -1.283762E+01   1.725291E+00  -2.342851E+00        12
   6.833183E+02   1.956250E+05   1.281230E+00   1.281230E+00   1.656781E+00   1.281230E+00  -1.284662E+01   1.723040E+00  -2.342851E+00        12
   6.843183E+02   1.962510E+05   1.281230E+00   1.281230E+00   1.656781E+00   1.281230E+00  -1.285561E+01   1.720792E+00  -2.342851E+00        12
   6.853183E+02   1.968780E+05   1.281230E+00   1.281230E+00   1.656781E+00   1.281230E+00  -1.286459E+01   1.718548E+00  -2.342851E+00        12
   6.863183E+02   1.975060E+05   1.281230E+00   1.281230E+00   1.656781E+00   1.281230E+00  -1.287355E+01   1.716307E+00  -2.342851E+00        12
   6.873183E+02   1.981350E+05   1.281230E+00   1.281230E+00   1.656781E+00   1.281230E+00  -1.288250E+01   1.714070E+00  -2.342851E+00        12
   6.883183E+02   1.987650E+05   1.281230E+00   1.281230E+00   1.656781E+00   1.281230E+00  -1.289143E+01   1.711837E+00  -2.342851E+00        12
   6.893183E+02   1.993960E+05   1.281230E+00   1.281230E+00   1.656781E+00   1.281230E+00  -1.290035E+01   1.709607E+00  -2.342851E+00        12
   6.903183E+02   2.000280E+05   1.281230E+00   1.281230E+00   1.656781E+00   1.281230E+00  -1.290926E+01   1.707380E+00  -2.342851E+00        12
   6.913183E+02   2.006610E+05   1.281230E+00   1.281230E+00   1.656781E+00   1.281230E+00  -1.291815E+01   1.705157E+00  -2.342851E+00        12
   6.923183E+02   2.012950E+05   1.281230E+00   1.281230E+00   1.656781E+00   1.281230E+00  -1.292703E+01   1.702938E+00  -2.342851E+00        12
   6.933183E+02   2.019300E+05   1.281230E+00   1.281230E+00   1.656781E+00   1.281230E+00  -1.293589E+01   1.700722E+00  -2.342851E+00        12
   6.943183E+02   2.025660E+05   1.281230E+00   1.281230E+00   1.656781E+00   1.281230E+00  -1.294474E+01   1.698509E+00  -2.342851E+00        12
   6.953183E+02   2.032030E+05   1.281230E+00   1.281230E+00   1.656781E+00   1.281230E+00  -1.295358E+01   1.696300E+00  -2.342851E+00        12
   6.963183E+02   2.038410E+05   1.281230E+00   1.281230E+00   1.656781E+00   1.281230E+00  -1.296240E+01   1.694095E+00  -2.342851E+00        12
   6.973183E+02   2.044800E+05   1.281230E+00   1.281230E+00   1.656781E+00   1.281230E+00  -1.297121E+01   1.691893E+00  -2.342851E+00        12
   6.983183E+02   2.051200E+05   1.281230E+00   1.281230E+00   1.656781E+00   1.281230E+00  -1.298000E+01   1.689694E+00  -2.342851E+00        12
   6.993183E+02   2.057610E+05   1.281230E+00   1.281230E+00   1.656781E+00   1.281230E+00  -1.298878E+01   1.687499E+00  -2.342851E+00        12
   7.003183E+02   2.064030E+05   1.281230E+00   1.281230E+00   1.656781E+00   1.281230E+00  -1.299755E+01   1.685307E+00  -2.342851E+00        12
   7.013183E+02   2.070460E+05   1.281230E+00   1.281230E+00   1.656781E+00   1.281230E+00  -1.300630E+01   1.683119E+00  -2.342851E+00        12
   7.023183E+02   2.076900E+05   1.281230E+00   1.281230E+00   1.656781E+00   1.281230E+00  -1.301504E+01   1.680934E+00  -2.342851E+00        12
   7.033183E+02   2.083350E+05   1.281230E+00   1.281230E+00   1.656781E+00   1.281230E+00  -1.302377E+01   1.678752E+00  -2.342851E+00        12
   7.043183E+02   2.089810E+05   1.281230E+00   1.281230E+00   1.656781E+00   1.281230E+00  -1.303248E+01   1.676574E+00  -2.342851E+00        12
   7.053183E+02   2.096280E+05   1.281230E+00   1.281230E+00   1.656781E+00   1.281230E+00  -1.304118E+01   1.674399E+00  -2.342851E+00        12
   7.063183E+02   2.102760E+05   1.281230E+00   1.281230E+00   1.656781E+00   1.281230E+00  -1.304987E+01   1.672228E+00  -2.342851E+00        12
   7.073183E+02   2.109250E+05   1.281230E+00   1.281230E+00   1.656781E+00   1.281230E+00  -1.305854E+01   1.670060E+00  -2.342851E+00        12
   7.083183E+02   2.115750E+05   1.281230E+00   1.281230E+00   1.656781E+00   1.281230E+00  -1.306720E+01   1.667895E+00  -2.342851E+00        12
   7.093183E+02   2.122260E+05   1.281230E+00   1.281230E+00   1.656781E+00   1.281230E+00  -1.307585E+01   1.665733E+00  -2.342851E+00        12
   7.103183E+02   2.128780E+05   1.281230E+00   1.281230E+00   1.656781E+00   1.281230E+00  -1.308448E+01   1.663575E+00  -2.342851E+00        12
   7.113183E+02   2.135310E+05   1.281230E+00   1.281230E+00   1.656781E+00   1.281230E+00  -1.309310E+01   1.661420E+00  -2.342851E+00        12
   7.123183E+02   2.141850E+05   1.281230E+00   1.281230E+00   1.656781E+00   1.281230E+00  -1.310170E+01   1.659269E+00  -2.342851E+00        12
   7.133183E+02   2.148400E+05   1.281230E+00   1.281230E+00   1.656781E+00   1.281230E+00  -1.311030E+01   1.657121E+00  -2.342851E+00        12
   7.143183E+02   2.154960E+05   1.281230E+00   1.281230E+00   1.656781E+00   1.281230E+00  -1.311888E+01   1.654976E+00  -2.342851E+00        12
   7.153183E+02   2.161530E+05   1.281230E+00   1.281230E+00   1.656781E+00   1.281230E+00  -1.312744E+01   1.652834E+00  -2.342851E+00        12
   7.163183E+02   2.168110E+05   1.281230E+00   1.281230E+00   1.656781E+00   1.281230E+00  -1.313600E+01   1.650695E+00  -2.342851E+00        12
   7.173183E+02   2.174700E+05   1.281230E+00   1.281230E+00   1.656781E+00   1.281230E+00  -1.314454E+01   1.648560E+00  -2.342851E+00        12
   7.183183E+02   2.181300E+05   1.281230E+00   1.281230E+00   1.656781E+00   1.281230E+00  -1.315307E+01   1.646428E+00  -2.342851E+00        12
   7.193183E+02   2.187910E+05   1.281230E+00   1.281230E+00   1.656781E+00   1.281230E+00  -1.316158E+01   1.644299E+00  -2.342851E+00        12
   7.203183E+02   2.194530E+05   1.281230E+00   1.281230E+00   1.656781E+00   1.281230E+00  -1.317008E+01   1.642174E+00  -2.342851E+00        12
   7.213183E+02   2.201160E+05   1.281230E+00   1.281230E+00   1.656781E+00   1.281230E+00  -1.317857E+01   1.640052E+00  -2.342851E+00        12
   7.223183E+02   2.207800E+05   1.281230E+00   1.281230E+00   1.656781E+00   1.281230E+00  -1.318705E+01   1.637932E+00  -2.342851E+00        12
   7.233183E+02   2.214450E+05   1.281230E+00   1.281230E+00   1.656781E+00   1.281230E+00  -1.319551E+01   1.635816E+00  -2.342851E+00        12
   7.243183E+02   2.221110E+05   1.281230E+00   1.281230E+00   1.656781E+00   1.281230E+00  -1.320396E+01   1.633704E+00  -2.342851E+00        12
   7.253183E+02   2.227780E+05   1.281230E+00   1.281230E+00   1.656781E+00   1.281230E+00  -1.321240E+01   1.631594E+00  -2.342851E+00        12
   7.263183E+02   2.234460E+05   1.281230E+00   1.281230E+00   1.656781E+00   1.281230E+00  -1.322083E+01   1.629488E+00  -2.342851E+00        12
   7.273183E+02   2.241150E+05   1.281230E+00   1.281230E+00   1.656781E+00   1.281230E+00  -1.322924E+01   1.627384E+00  -2.342851E+00        12
   7.283183E+02   2.247850E+05   1.281230E+00   1.281230E+00   1.656781E+00   1.281230E+00  -1.323764E+01   1.625284E+00  -2.342851E+00        12
   7.293183E+02   2.254560E+05   1.281230E+00   1.281230E+00   1.656781E+00   1.281230E+00  -1.324603E+01   1.623187E+00  -2.342851E+00        12
   7.303183E+02   2.261280E+05   1.281230E+00   1.281230E+00   1.656781E+00   1.281230E+00  -1.325441E+01   1.621093E+00  -2.342851E+00        12
   7.313183E+02   2.268010E+05   1.281230E+00   1.281230E+00   1.656781E+00   1.281230E+00  -1.326277E+01   1.619002E+00  -2.342851E+00        12
   7.323183E+02   2.274750E+05   1.281230E+00   1.281230E+00   1.656781E+00   1.281230E+00  -1.327112E+01   1.616915E+00  -2.342851E+00        12
   7.333183E+02   2.281500E+05   1.281230E+00   1.281230E+00   1.656781E+00   1.281230E+00  -1.327946E+01   1.614830E+00  -2.342851E+00        12
   7.343183E+02   2.288260E+05   1.281230E+00   1.281230E+00   1.656781E+00   1.281230E+00  -1.328779E+01   1.612749E+00  -2.342851E+00        12
   7.353183E+02   2.295030E+05   1.281230E+00   1.281230E+00   1.656781E+00   1.281230E+00  -1.329610E+01   1.610670E+00  -2.342851E+00        12
   7.363183E+02   2.301810E+05   1.281230E+00   1.281230E+00   1.656781E+00   1.281230E+00  -1.330440E+01   1.608595E+00  -2.342851E+00        12
   7.373183E+02   2.308600E+05   1.281230E+00   1.281230E+00   1.656781E+00   1.281230E+00  -1.331269E+01   1.606522E+00  -2.342851E+00        12
   7.383183E+02   2.315400E+05   1.281230E+00   1.281230E+00   1.656781E+00   1.281230E+00  -1.332097E+01   1.604453E+00  -2.342851E+00        12
   7.393183E+02   2.322210E+05   1.281230E+00   1.281230E+00   1.656781E+00   1.281230E+00  -1.332923E+01   1.602387E+00  -2.342851E+00        12
   7.403183E+02   2.329030E+05   1.281230E+00   1.281230E+00   1.656781E+00   1.281230E+00  -1.333749E+01   1.600324E+00  -2.342851E+00        12
   7.413183E+02   2.335860E+05   1.281230E+00   1.281230E+00   1.656781E+00   1.281230E+00  -1.334573E+01   1.598263E+00  -2.342851E+00        12
   7.423183E+02   2.342700E+05   1.281230E+00   1.281230E+00   1.656781E+00   1.281230E+00  -1.335395E+01   1.596206E+00  -2.342851E+00        12
   7.433183E+02   2.349550E+05   1.281230E+00   1.281230E+00   1.656781E+00   1.281230E+00  -1.336217E+01   1.594152E+00  -2.342851E+00        12
   7.443183E+02   2.356410E+05   1.281230E+00   1.281230E+00   1.656781E+00   1.281230E+00  -1.337038E+01   1.592101E+00  -2.342851E+00        12
   7.453183E+02   2.363280E+05   1.281230E+00   1.281230E+00   1.656781E+00   1.281230E+00  -1.337857E+01   1.590053E+00  -2.342851E+00        12
   7.463183E+02   2.370160E+05   1.281230E+00   1.281230E+00   1.656781E+00   1.281230E+00  -1.338675E+01   1.588007E+00  -2.342851E+00        12
   7.473183E+02   2.377050E+05   1.281230E+00   1.281230E+00   1.656781E+00   1.281230E+00  -1.339492E+01   1.585965E+00  -2.342851E+00        12
   7.483183E+02   2.383950E+05   1.281230E+00   1.281230E+00   1.656781E+00   1.281230E+00  -1.340308E+01   1.583926E+00  -2.342851E+00        12
   7.493183E+02   2.390860E+05   1.281230E+00   1.281230E+00   1.656781E+00   1.281230E+00  -1.341122E+01   1.581890E+00  -2.342851E+00        12
   7.503183E+02   2.397780E+05   1.281230E+00   1.281230E+00   1.656781E+00   1.281230E+00  -1.341936E+01   1.579856E+00  -2.342851E+00        12
   7.513183E+02   2.404710E+05   1.281230E+00   1.281230E+00   1.656781E+00   1.281230E+00  -1.342748E+01   1.577826E+00  -2.342851E+00        12
   7.523183E+02   2.411650E+05   1.281230E+00   1.281230E+00   1.656781E+00   1.281230E+00  -1.343559E+01   1.575798E+00  -2.342851E+00        12
   7.533183E+02   2.418600E+05   1.281230E+00   1.281230E+00   1.656781E+00   1.281230E+00  -1.344369E+01   1.573773E+00  -2.342851E+00        12
   7.543183E+02   2.425560E+05   1.281230E+00   1.281230E+00   1.656781E+00   1.281230E+00  -1.345177E+01   1.571752E+00  -2.342851E+00        12
   7.553183E+02   2.432530E+05   1.281230E+00   1.281230E+00   1.656781E+00   1.281230E+00  -1.345985E+01   1.569733E+00  -2.342851E+00        12
   7.563183E+02   2.439510E+05   1.281230E+00   1.281230E+00   1.656781E+00   1.281230E+00  -1.346791E+01   1.567717E+00  -2.342851E+00        12
   7.573183E+02   2.446500E+05   1.281230E+00   1.281230E+00   1.656781E+00   1.281230E+00  -1.347596E+01   1.565704E+00  -2.342851E+00        12
   7.583183E+02   2.453500E+05   1.281230E+00   1.281230E+00   1.656781E+00   1.281230E+00  -1.348400E+01   1.563694E+00  -2.342851E+00        12
   7.593183E+02   2.460510E+05   1.281230E+00   1.281230E+00   1.656781E+00   1.281230E+00  -1.349203E+01   1.561687E+00  -2.342851E+00        12
   7.603183E+02   2.467530E+05   1.281230E+00   1.281230E+00   1.656781E+00   1.281230E+00  -1.350005E+01   1.559682E+00  -2.342851E+00        12
   7.613183E+02   2.474560E+05   1.281230E+00   1.281230E+00   1.656781E+00   1.281230E+00  -1.350806E+01   1.557680E+00  -2.342851E+00        12
   7.623183E+02   2.481600E+05   1.281230E+00   1.281230E+00   1.656781E+00   1.281230E+00  -1.351605E+01   1.555682E+00  -2.342851E+00        12
   7.633183E+02   2.488650E+05   1.281230E+00   1.281230E+00   1.656781E+00   1.281230E+00  -1.352404E+01   1.553686E+00  -2.342851E+00        12
   7.643183E+02   2.495710E+05   1.281230E+00   1.281230E+00   1.656781E+00   1.281230E+00  -1.353201E+01   1.551693E+00  -2.342851E+00        12
   7.653183E+02   2.502780E+05   1.281230E+00   1.281230E+00   1.656781E+00   1.281230E+00  -1.353997E+01   1.549703E+00  -2.342851E+00        12
   7.663183E+02   2.509860E+05   1.281230E+00   1.281230E+00   1.656781E+00   1.281230E+00  -1.354792E+01   1.547715E+00  -2.342851E+00        12
   7.673183E+02   2.516950E+05   1.281230E+00   1.281230E+00   1.656781E+00   1.281230E+00  -1.355586E+01   1.545730E+00  -2.342851E+00        12
   7.683183E+02   2.524050E+05   1.281230E+00   1.281230E+00   1.656781E+00   1.281230E+00  -1.356379E+01   1.543749E+00  -2.342851E+00        12
   7.693183E+02   2.531160E+05   1.281230E+00   1.281230E+00   1.656781E+00   1.281230E+00  -1.357170E+01   1.541769E+00  -2.342851E+00        12
   7.703183E+02   2.538280E+05   1.281230E+00   1.281230E+00   1.656781E+00   1.281230E+00  -1.357961E+01   1.539793E+00  -2.342851E+00        12
   7.713183E+02   2.545410E+05   1.281230E+00   1.281230E+00   1.656781E+00   1.281230E+00  -1.358750E+01   1.537820E+00  -2.342851E+00        12
   7.723183E+02   2.552550E+05   1.281230E+00   1.281230E+00   1.656781E+00   1.281230E+00  -1.359538E+01   1.535849E+00  -2.342851E+00        12
   7.733183E+02   2.559700E+05   1.281230E+00   1.281230E+00   1.656781E+00   1.281230E+00  -1.360326E+01   1.533881E+00  -2.342851E+00        12
   7.743183E+02   2.566860E+05   1.281230E+00   1.281230E+00   1.656781E+00   1.281230E+00  -1.361112E+01   1.531916E+00  -2.342851E+00        12
   7.753183E+02   2.574030E+05   1.281230E+00   1.281230E+00   1.656781E+00   1.281230E+00  -1.361897E+01   1.529953E+00  -2.342851E+00        12
   7.763183E+02   2.581210E+05   1.281230E+00   1.281230E+00   1.656781E+00   1.281230E+00  -1.362681E+01   1.527993E+00  -2.342851E+00        12
   7.773183E+02   2.588400E+05   1.281230E+00   1.281230E+00   1.656781E+00   1.281230E+00  -1.363463E+01   1.526036E+00  -2.342851E+00        12
   7.783183E+02   2.595600E+05   1.281230E+00   1.281230E+00   1.656781E+00   1.281230E+00  -1.364245E+01   1.524082E+00  -2.342851E+00        12
   7.793183E+02   2.602810E+05   1.281230E+00   1.281230E+00   1.656781E+00   1.281230E+00  -1.365026E+01   1.522130E+00  -2.342851E+00        12
   7.803183E+02   2.610030E+05   1.281230E+00   1.281230E+00   1.656781E+00   1.281230E+00  -1.365805E+01   1.520182E+00  -2.342851E+00        12
   7.813183E+02   2.617260E+05   1.281230E+00   1.281230E+00   1.656781E+00   1.281230E+00  -1.366584E+01   1.518235E+00  -2.342851E+00        12
   7.823183E+02   2.624500E+05   1.281230E+00   1.281230E+00   1.656781E+00   1.281230E+00  -1.367361E+01   1.516292E+00  -2.342851E+00        12
   7.833183E+02   2.631750E+05   1.281230E+00   1.281230E+00   1.656781E+00   1.281230E+00  -1.368138E+01   1.514351E+00  -2.342851E+00        12
   7.843183E+02   2.639010E+05   1.281230E+00   1.281230E+00   1.656781E+00   1.281230E+00  -1.368913E+01   1.512413E+00  -2.342851E+00        12
   7.853183E+02   2.646280E+05   1.281230E+00   1.281230E+00   1.656781E+00   1.281230E+00  -1.369687E+01   1.510477E+00  -2.342851E+00        12
   7.863183E+02   2.653560E+05   1.281230E+00   1.281230E+00   1.656781E+00   1.281230E+00  -1.370460E+01   1.508544E+00  -2.342851E+00        12
   7.873183E+02   2.660850E+05   1.281230E+00   1.281230E+00   1.656781E+00   1.281230E+00  -1.371232E+01   1.506614E+00  -2.342851E+00        12
   7.883183E+02   2.668150E+05   1.281230E+00   1.281230E+00   1.656781E+00   1.281230E+00  -1.372003E+01   1.504687E+00  -2.342851E+00        12
   7.893183E+02   2.675460E+05   1.281230E+00   1.281230E+00   1.656781E+00   1.281230E+00  -1.372773E+01   1.502762E+00  -2.342851E+00        12
   7.903183E+02   2.682780E+05   1.281230E+00   1.281230E+00   1.656781E+00   1.281230E+00  -1.373542E+01   1.500839E+00  -2.342851E+00        12
   7.913183E+02   2.690110E+05   1.281230E+00   1.281230E+00   1.656781E+00   1.281230E+00  -1.374310E+01   1.498920E+00  -2.342851E+00        12
   7.923183E+02   2.697450E+05   1.281230E+00   1.281230E+00   1.656781E+00   1.281230E+00  -1.375077E+01   1.497003E+00  -2.342851E+00        12
   7.933183E+02   2.704800E+05   1.281230E+00   1.281230E+00   1.656781E+00   1.281230E+00  -1.375843E+01   1.495088E+00  -2.342851E+00        12
   7.943183E+02   2.712160E+05   1.281230E+00   1.281230E+00   1.656781E+00   1.281230E+00  -1.376607E+01   1.493176E+00  -2.342851E+00        12
   7.953183E+02   2.719530E+05   1.281230E+00   1.281230E+00   1.656781E+00   1.281230E+00  -1.377371E+01   1.491267E+00  -2.342851E+00        12
   7.963183E+02   2.726910E+05   1.281230E+00   1.281230E+00   1.656781E+00   1.281230E+00  -1.378134E+01   1.489361E+00  -2.342851E+00        12
   7.973183E+02   2.734300E+05   1.281230E+00   1.281230E+00   1.656781E+00   1.281230E+00  -1.378895E+01   1.487456E+00  -2.342851E+00        12
   7.983183E+02   2.741700E+05   1.281230E+00   1.281230E+00   1.656781E+00   1.281230E+00  -1.379656E+01   1.485555E+00  -2.342851E+00        12
   7.993183E+02   2.749110E+05   1.281230E+00   1.281230E+00   1.656781E+00   1.281230E+00  -1.380416E+01   1.483656E+00  -2.342851E+00        12
   8.003183E+02   2.756530E+05   1.281230E+00   1.281230E+00   1.656781E+00   1.281230E+00  -1.381174E+01   1.481760E+00  -2.342851E+00        12
   8.013183E+02   2.763960E+05   1.281230E+00   1.281230E+00   1.656781E+00   1.281230E+00  -1.381932E+01   1.479866E+00  -2.342851E+00        12
   8.023183E+02   2.771400E+05   1.281230E+00   1.281230E+00   1.656781E+00   1.281230E+00  -1.382688E+01   1.477975E+00  -2.342851E+00        12
   8.033183E+02   2.778850E+05   1.281230E+00   1.281230E+00   1.656781E+00   1.281230E+00  -1.383444E+01   1.476086E+00  -2.342851E+00        12
   8.043183E+02   2.786310E+05   1.281230E+00   1.281230E+00   1.656781E+00   1.281230E+00  -1.384198E+01   1.474200E+00  -2.342851E+00        12
   8.053183E+02   2.793780E+05   1.281230E+00   1.281230E+00   1.656781E+00   1.281230E+00  -1.384952E+01   1.472316E+00  -2.342851E+00        12
   8.063183E+02   2.801260E+05   1.281230E+00   1.281230E+00   1.656781E+00   1.281230E+00  -1.385704E+01   1.470435E+00  -2.342851E+00        12
   8.073183E+02   2.808750E+05   1.281230E+00   1.281230E+00   1.656781E+00   1.281230E+00  -1.386456E+01   1.468556E+00  -2.342851E+00        12
   8.083183E+02   2.816250E+05   1.281230E+00   1.281230E+00   1.656781E+00   1.281230E+00  -1.387206E+01   1.466680E+00  -2.342851E+00        12
   8.093183E+02   2.823760E+05   1.281230E+00   1.281230E+00   1.656781E+00   1.281230E+00  -1.387955E+01   1.464806E+00  -2.342851E+00        12
   8.103183E+02   2.831280E+05   1.281230E+00   1.281230E+00   1.656781E+00   1.281230E+00  -1.388704E+01   1.462935E+00  -2.342851E+00        12
   8.113183E+02   2.838810E+05   1.281230E+00   1.281230E+00   1.656781E+00   1.281230E+00  -1.389451E+01   1.461066E+00  -2.342851E+00        12
   8.123183E+02   2.846350E+05   1.281230E+00   1.281230E+00   1.656781E+00   1.281230E+00  -1.390198E+01   1.459200E+00  -2.342851E+00        12
   8.133183E+02   2.853900E+05   1.281230E+00   1.281230E+00   1.656781E+00   1.281230E+00  -1.390943E+01   1.457336E+00  -2.342851E+00        12
   8.143183E+02   2.861460E+05   1.281230E+00   1.281230E+00   1.656781E+00   1.281230E+00  -1.391688E+01   1.455475E+00  -2.342851E+00        12
   8.153183E+02   2.869030E+05   1.281230E+00   1.281230E+00   1.656781E+00   1.281230E+00  -1.392431E+01   1.453616E+00  -2.342851E+00        12
   8.163183E+02   2.876610E+05   1.281230E+00   1.281230E+00   1.656781E+00   1.281230E+00  -1.393174E+01   1.451760E+00  -2.342851E+00        12
   8.173183E+02   2.884200E+05   1.281230E+00   1.281230E+00   1.656781E+00   1.281230E+00  -1.393915E+01   1.449906E+00  -2.342851E+00        12
   8.183183E+02   2.891800E+05   1.281230E+00   1.281230E+00   1.656781E+00   1.281230E+00  -1.394656E+01   1.448055E+00  -2.342851E+00        12
   8.193183E+02   2.899410E+05   1.281230E+00   1.281230E+00   1.656781E+00   1.281230E+00  -1.395396E+01   1.446206E+00  -2.342851E+00        12
   8.203183E+02   2.907030E+05   1.281230E+00   1.281230E+00   1.656781E+00   1.281230E+00  -1.396134E+01   1.444359E+00  -2.342851E+00        12
   8.213183E+02   2.914660E+05   1.281230E+00   1.281230E+00   1.656781E+00   1.281230E+00  -1.396872E+01   1.442515E+00  -2.342851E+00        12
   8.223183E+02   2.922300E+05   1.281230E+00   1.281230E+00   1.656781E+00   1.281230E+00  -1.397609E+01   1.440673E+00  -2.342851E+00        12
   8.233183E+02   2.929950E+05   1.281230E+00   1.281230E+00   1.656781E+00   1.281230E+00  -1.398344E+01   1.438834E+00  -2.342851E+00        12
   8.243183E+02   2.937610E+05   1.281230E+00   1.281230E+00   1.656781E+00   1.281230E+00  -1.399079E+01   1.436997E+00  -2.342851E+00        12
   8.253183E+02   2.945280E+05   1.281230E+00   1.281230E+00   1.656781E+00   1.281230E+00  -1.399813E+01   1.435162E+00  -2.342851E+00        12
   8.263183E+02   2.952960E+05   1.281230E+00   1.281230E+00   1.656781E+00   1.281230E+00  -1.400546E+01   1.433330E+00  -2.342851E+00        12
   8.273183E+02   2.960650E+05   1.281230E+00   1.281230E+00   1.656781E+00   1.281230E+00  -1.401278E+01   1.431500E+00  -2.342851E+00        12
   8.283183E+02   2.968350E+05   1.281230E+00   1.281230E+00   1.656781E+00   1.281230E+00  -1.402009E+01   1.429673E+00  -2.342851E+00        12
   8.293183E+02   2.976060E+05   1.281230E+00   1.281230E+00   1.656781E+00   1.281230E+00  -1.402739E+01   1.427848E+00  -2.342851E+00        12
   8.303183E+02   2.983780E+05   1.281230E+00   1.281230E+00   1.656781E+00   1.281230E+00  -1.403468E+01   1.426025E+00  -2.342851E+00        12
   8.313183E+02   2.991510E+05   1.281230E+00   1.281230E+00   1.656781E+00   1.281230E+00  -1.404196E+01   1.424205E+00  -2.342851E+00        12
   8.323183E+02   2.999250E+05   1.281230E+00   1.281230E+00   1.656781E+00   1.281230E+00  -1.404923E+01   1.422387E+00  -2.342851E+00        12
   8.333183E+02   3.007000E+05   1.281230E+00   1.281230E+00   1.656781E+00   1.281230E+00  -1.405650E+01   1.420571E+00  -2.342851E+00        12
   8.343183E+02   3.014760E+05   1.281230E+00   1.281230E+00   1.656781E+00   1.281230E+00  -1.406375E+01   1.418758E+00  -2.342851E+00        12
   8.353183E+02   3.022530E+05   1.281230E+00   1.281230E+00   1.656781E+00   1.281230E+00  -1.407099E+01   1.416947E+00  -2.342851E+00        12
   8.363183E+02   3.030310E+05   1.281230E+00   1.281230E+00   1.656781E+00   1.281230E+00  -1.407823E+01   1.415138E+00  -2.342851E+00        12
   8.373183E+02   3.038100E+05   1.281230E+00   1.281230E+00   1.656781E+00   1.281230E+00  -1.408545E+01   1.413332E+00  -2.342851E+00        12
   8.383183E+02   3.045900E+05   1.281230E+00   1.281230E+00   1.656781E+00   1.281230E+00  -1.409267E+01   1.411528E+00  -2.342851E+00        12
   8.393183E+02   3.053710E+05   1.281230E+00   1.281230E+00   1.656781E+00   1.281230E+00  -1.409987E+01   1.409726E+00  -2.342851E+00        12
   8.403183E+02   3.061530E+05   1.281230E+00   1.281230E+00   1.656781E+00   1.281230E+00  -1.410707E+01   1.407927E+00  -2.342851E+00        12
   8.413183E+02   3.069360E+05   1.281230E+00   1.281230E+00   1.656781E+00   1.281230E+00  -1.411426E+01   1.406130E+00  -2.342851E+00        12
   8.423183E+02   3.077200E+05   1.281230E+00   1.281230E+00   1.656781E+00   1.281230E+00  -1.412144E+01   1.404335E+00  -2.342851E+00        12
   8.433183E+02   3.085050E+05   1.281230E+00   1.281230E+00   1.656781E+00   1.281230E+00  -1.412861E+01   1.402543E+00  -2.342851E+00        12
   8.443183E+02   3.092910E+05   1.281230E+00   1.281230E+00   1.656781E+00   1.281230E+00  -1.413577E+01   1.400752E+00  -2.342851E+00        12
   8.453183E+02   3.100780E+05   1.281230E+00   1.281230E+00   1.656781E+00   1.281230E+00  -1.414292E+01   1.398964E+00  -2.342851E+00        12
   8.463183E+02   3.108660E+05   1.281230E+00   1.281230E+00   1.656781E+00   1.281230E+00  -1.415006E+01   1.397179E+00  -2.342851E+00        12
   8.473183E+02   3.116550E+05   1.281230E+00   1.281230E+00   1.656781E+00   1.281230E+00  -1.415720E+01   1.395395E+00  -2.342851E+00        12
   8.483183E+02   3.124450E+05   1.281230E+00   1.281230E+00   1.656781E+00   1.281230E+00  -1.416432E+01   1.393614E+00  -2.342851E+00        12
   8.493183E+02   3.132360E+05   1.281230E+00   1.281230E+00   1.656781E+00   1.281230E+00  -1.417144E+01   1.391835E+00  -2.342851E+00        12
   8.503183E+02   3.140280E+05   1.281230E+00   1.281230E+00   1.656781E+00   1.281230E+00  -1.417855E+01   1.390059E+00  -2.342851E+00        12
   8.513183E+02   3.148210E+05   1.281230E+00   1.281230E+00   1.656781E+00   1.281230E+00  -1.418564E+01   1.388284E+00  -2.342851E+00        12
   8.523183E+02   3.156150E+05   1.281230E+00   1.281230E+00   1.656781E+00   1.281230E+00  -1.419273E+01   1.386512E+00  -2.342851E+00        12
   8.533183E+02   3.164100E+05   1.281230E+00   1.281230E+00   1.656781E+00   1.281230E+00  -1.419981E+01   1.384742E+00  -2.342851E+00        12
   8.543183E+02   3.172060E+05   1.281230E+00   1.281230E+00   1.656781E+00   1.281230E+00  -1.420688E+01   1.382974E+00  -2.342851E+00        12
   8.553183E+02   3.180030E+05   1.281230E+00   1.281230E+00   1.656781E+00   1.281230E+00  -1.421394E+01   1.381209E+00  -2.342851E+00        12
   8.563183E+02   3.188010E+05   1.281230E+00   1.281230E+00   1.656781E+00   1.281230E+00  -1.422100E+01   1.379445E+00  -2.342851E+00        12
   8.573183E+02   3.196000E+05   1.281230E+00   1.281230E+00   1.656781E+00   1.281230E+00  -1.422804E+01   1.377684E+00  -2.342851E+00        12
   8.583183E+02   3.204000E+05   1.281230E+00   1.281230E+00   1.656781E+00   1.281230E+00  -1.423508E+01   1.375925E+00  -2.342851E+00        12
   8.593183E+02   3.212010E+05   1.281230E+00   1.281230E+00   1.656781E+00   1.281230E+00  -1.424210E+01   1.374169E+00  -2.342851E+00        12
   8.603183E+02   3.220030E+05   1.281230E+00   1.281230E+00   1.656781E+00   1.281230E+00  -1.424912E+01   1.372414E+00  -2.342851E+00        12
   8.613183E+02   3.228060E+05   1.281230E+00   1.281230E+00   1.656781E+00   1.281230E+00  -1.425613E+01   1.370662E+00  -2.342851E+00        12
   8.623183E+02   3.236100E+05   1.281230E+00   1.281230E+00   1.656781E+00   1.281230E+00  -1.426313E+01   1.368912E+00  -2.342851E+00        12
   8.633183E+02   3.244150E+05   1.281230E+00   1.281230E+00   1.656781E+00   1.281230E+00  -1.427012E+01   1.367164E+00  -2.342851E+00        12
   8.643183E+02   3.252210E+05   1.281230E+00   1.281230E+00   1.656781E+00   1.281230E+00  -1.427711E+01   1.365418E+00  -2.342851E+00        12
   8.653183E+02   3.260280E+05   1.281230E+00   1.281230E+00   1.656781E+00   1.281230E+00  -1.428408E+01   1.363674E+00  -2.342851E+00        12
   8.663183E+02   3.268360E+05   1.281230E+00   1.281230E+00   1.656781E+00   1.281230E+00  -1.429105E+01   1.361933E+00  -2.342851E+00        12
   8.673183E+02   3.276450E+05   1.281230E+00   1.281230E+00   1.656781E+00   1.281230E+00  -1.429801E+01   1.360194E+00  -2.342851E+00        12
   8.683183E+02   3.284550E+05   1.281230E+00   1.281230E+00   1.656781E+00   1.281230E+00  -1.430495E+01   1.358456E+00  -2.342851E+00        12
   8.693183E+02   3.292660E+05   1.281230E+00   1.281230E+00   1.656781E+00   1.281230E+00  -1.431189E+01   1.356721E+00  -2.342851E+00        12
   8.703183E+02   3.300780E+05   1.281230E+00   1.281230E+00   1.656781E+00   1.281230E+00  -1.431883E+01   1.354988E+00  -2.342851E+00        12
   8.713183E+02   3.308910E+05   1.281230E+00   1.281230E+00   1.656781E+00   1.281230E+00  -1.432575E+01   1.353258E+00  -2.342851E+00        12
   8.723183E+02   3.317050E+05   1.281230E+00   1.281230E+00   1.656781E+00   1.281230E+00  -1.433266E+01   1.351529E+00  -2.342851E+00        12
   8.733183E+02   3.325200E+05   1.281230E+00   1.281230E+00   1.656781E+00   1.281230E+00  -1.433957E+01   1.349803E+00  -2.342851E+00        12
   8.743183E+02   3.333360E+05   1.281230E+00   1.281230E+00   1.656781E+00   1.281230E+00  -1.434647E+01   1.348078E+00  -2.342851E+00        12
   8.753183E+02   3.341530E+05   1.281230E+00   1.281230E+00   1.656781E+00   1.281230E+00  -1.435336E+01   1.346356E+00  -2.342851E+00        12
   8.763183E+02   3.349710E+05   1.281230E+00   1.281230E+00   1.656781E+00   1.281230E+00  -1.436024E+01   1.344636E+00  -2.342851E+00        12
   8.773183E+02   3.357900E+05   1.281230E+00   1.281230E+00   1.656781E+00   1.281230E+00  -1.436711E+01   1.342918E+00  -2.342851E+00        12
   8.783183E+02   3.366100E+05   1.281230E+00   1.281230E+00   1.656781E+00   1.281230E+00  -1.437397E+01   1.341202E+00  -2.342851E+00        12
   8.793183E+02   3.374310E+05   1.281230E+00   1.281230E+00   1.656781E+00   1.281230E+00  -1.438083E+01   1.339488E+00  -2.342851E+00        12
   8.803183E+02   3.382530E+05   1.281230E+00   1.281230E+00   1.656781E+00   1.281230E+00  -1.438768E+01   1.337776E+00  -2.342851E+00        12
   8.813183E+02   3.390760E+05   1.281230E+00   1.281230E+00   1.656781E+00   1.281230E+00  -1.439452E+01   1.336066E+00  -2.342851E+00        12
   8.823183E+02   3.399000E+05   1.281230E+00   1.281230E+00   1.656781E+00   1.281230E+00  -1.440135E+01   1.334358E+00  -2.342851E+00        12
   8.833183E+02   3.407250E+05   1.281230E+00   1.281230E+00   1.656781E+00   1.281230E+00  -1.440817E+01   1.332653E+00  -2.342851E+00        12
   8.843183E+02   3.415510E+05   1.281230E+00   1.281230E+00   1.656781E+00   1.281230E+00  -1.441498E+01   1.330949E+00  -2.342851E+00        12
   8.853183E+02   3.423780E+05   1.281230E+00   1.281230E+00   1.656781E+00   1.281230E+00  -1.442179E+01   1.329248E+00  -2.342851E+00        12
   8.863183E+02   3.432060E+05   1.281230E+00   1.281230E+00   1.656781E+00   1.281230E+00  -1.442859E+01   1.327548E+00  -2.342851E+00        12
   8.873183E+02   3.440350E+05   1.281230E+00   1.281230E+00   1.656781E+00   1.281230E+00  -1.443538E+01   1.325851E+00  -2.342851E+00        12
   8.883183E+02   3.448650E+05   1.281230E+00   1.281230E+00   1.656781E+00   1.281230E+00  -1.444216E+01   1.324156E+00  -2.342851E+00        12
   8.893183E+02   3.456960E+05   1.281230E+00   1.281230E+00   1.656781E+00   1.281230E+00  -1.444893E+01   1.322462E+00  -2.342851E+00        12
   8.903183E+02   3.465280E+05   1.281230E+00   1.281230E+00   1.656781E+00   1.281230E+00  -1.445569E+01   1.320771E+00  -2.342851E+00        12
   8.913183E+02   3.473610E+05   1.281230E+00   1.281230E+00   1.656781E+00   1.281230E+00  -1.446245E+01   1.319082E+00  -2.342851E+00        12
   8.923183E+02   3.481950E+05   1.281230E+00   1.281230E+00   1.656781E+00   1.281230E+00  -1.446920E+01   1.317395E+00  -2.342851E+00        12
   8.933183E+02   3.490300E+05   1.281230E+00   1.281230E+00   1.656781E+00   1.281230E+00  -1.447594E+01   1.315710E+00  -2.342851E+00        12
   8.943183E+02   3.498660E+05   1.281230E+00   1.281230E+00   1.656781E+00   1.281230E+00  -1.448267E+01   1.314027E+00  -2.342851E+00        12
   8.953183E+02   3.507030E+05   1.281230E+00   1.281230E+00   1.656781E+00   1.281230E+00  -1.448940E+01   1.312345E+00  -2.342851E+00        12
   8.963183E+02   3.515410E+05   1.281230E+00   1.281230E+00   1.656781E+00   1.281230E+00  -1.449611E+01   1.310666E+00  -2.342851E+00        12
   8.973183E+02   3.523800E+05   1.281230E+00   1.281230E+00   1.656781E+00   1.281230E+00  -1.450282E+01   1.308989E+00  -2.342851E+00        12
   8.983183E+02   3.532200E+05   1.281230E+00   1.281230E+00   1.656781E+00   1.281230E+00  -1.450952E+01   1.307314E+00  -2.342851E+00        12
   8.993183E+02   3.540610E+05   1.281230E+00   1.281230E+00   1.656781E+00   1.281230E+00  -1.451622E+01   1.305641E+00  -2.342851E+00        12
   9.003183E+02   3.549030E+05   1.281230E+00   1.281230E+00   1.656781E+00   1.281230E+00  -1.452290E+01   1.303970E+00  -2.342851E+00        12
   9.013183E+02   3.557460E+05   1.281230E+00   1.281230E+00   1.656781E+00   1.281230E+00  -1.452958E+01   1.302300E+00  -2.342851E+00        12
   9.023183E+02   3.565900E+05   1.281230E+00   1.281230E+00   1.656781E+00   1.281230E+00  -1.453625E+01   1.300633E+00  -2.342851E+00        12
   9.033183E+02   3.574350E+05   1.281230E+00   1.281230E+00   1.656781E+00   1.281230E+00  -1.454291E+01   1.298968E+00  -2.342851E+00        12
   9.043183E+02   3.582810E+05   1.281230E+00   1.281230E+00   1.656781E+00   1.281230E+00  -1.454956E+01   1.297305E+00  -2.342851E+00        12
   9.053183E+02   3.591280E+05   1.281230E+00   1.281230E+00   1.656781E+00   1.281230E+00  -1.455621E+01   1.295644E+00  -2.342851E+00        12
   9.063183E+02   3.599760E+05   1.281230E+00   1.281230E+00   1.656781E+00   1.281230E+00  -1.456284E+01   1.293984E+00  -2.342851E+00        12
   9.073183E+02   3.608250E+05   1.281230E+00   1.281230E+00   1.656781E+00   1.281230E+00  -1.456947E+01   1.292327E+00  -2.342851E+00        12
   9.083183E+02   3.616750E+05   1.281230E+00   1.281230E+00   1.656781E+00   1.281230E+00  -1.457609E+01   1.290671E+00  -2.342851E+00        12
   9.093183E+02   3.625260E+05   1.281230E+00   1.281230E+00   1.656781E+00   1.281230E+00  -1.458271E+01   1.289018E+00  -2.342851E+00        12
   9.103183E+02   3.633780E+05   1.281230E+00   1.281230E+00   1.656781E+00   1.281230E+00  -1.458931E+01   1.287366E+00  -2.342851E+00        12
   9.113183E+02   3.642310E+05   1.281230E+00   1.281230E+00   1.656781E+00   1.281230E+00  -1.459591E+01   1.285717E+00  -2.342851E+00        12
   9.123183E+02   3.650850E+05   1.281230E+00   1.281230E+00   1.656781E+00   1.281230E+00  -1.460250E+01   1.284069E+00  -2.342851E+00        12
   9.133183E+02   3.659400E+05   1.281230E+00   1.281230E+00   1.656781E+00   1.281230E+00  -1.460909E+01   1.282423E+00  -2.342851E+00        12
   9.143183E+02   3.667960E+05   1.281230E+00   1.281230E+00   1.656781E+00   1.281230E+00  -1.461566E+01   1.280779E+00  -2.342851E+00        12
   9.153183E+02   3.676530E+05   1.281230E+00   1.281230E+00   1.656781E+00   1.281230E+00  -1.462223E+01   1.279138E+00  -2.342851E+00        12
   9.163183E+02   3.685110E+05   1.281230E+00   1.281230E+00   1.656781E+00   1.281230E+00  -1.462879E+01   1.277498E+00  -2.342851E+00        12
   9.173183E+02   3.693700E+05   1.281230E+00   1.281230E+00   1.656781E+00   1.281230E+00  -1.463534E+01   1.275860E+00  -2.342851E+00        12
   9.183183E+02   3.702300E+05   1.281230E+00   1.281230E+00   1.656781E+00   1.281230E+00  -1.464189E+01   1.274223E+00  -2.342851E+00        12
   9.193183E+02   3.710910E+05   1.281230E+00   1.281230E+00   1.656781E+00   1.281230E+00  -1.464842E+01   1.272589E+00  -2.342851E+00        12
   9.203183E+02   3.719530E+05   1.281230E+00   1.281230E+00   1.656781E+00   1.281230E+00  -1.465495E+01   1.270957E+00  -2.342851E+00        12
   9.213183E+02   3.728160E+05   1.281230E+00   1.281230E+00   1.656781E+00   1.281230E+00  -1.466147E+01   1.269326E+00  -2.342851E+00        12
   9.223183E+02   3.736800E+05   1.281230E+00   1.281230E+00   1.656781E+00   1.281230E+00  -1.466799E+01   1.267698E+00  -2.342851E+00        12
   9.233183E+02   3.745450E+05   1.281230E+00   1.281230E+00   1.656781E+00   1.281230E+00  -1.467450E+01   1.266071E+00  -2.342851E+00        12
   9.243183E+02   3.754110E+05   1.281230E+00   1.281230E+00   1.656781E+00   1.281230E+00  -1.468100E+01   1.264446E+00  -2.342851E+00        12
   9.253183E+02   3.762780E+05   1.281230E+00   1.281230E+00   1.656781E+00   1.281230E+00  -1.468749E+01   1.262823E+00  -2.342851E+00        12
   9.263183E+02   3.771460E+05   1.281230E+00   1.281230E+00   1.656781E+00   1.281230E+00  -1.469397E+01   1.261202E+00  -2.342851E+00        12
   9.273183E+02   3.780150E+05   1.281230E+00   1.281230E+00   1.656781E+00   1.281230E+00  -1.470045E+01   1.259583E+00  -2.342851E+00        12
   9.283183E+02   3.788850E+05   1.281230E+00   1.281230E+00   1.656781E+00   1.281230E+00  -1.470692E+01   1.257965E+00  -2.342851E+00        12
   9.293183E+02   3.797560E+05   1.281230E+00   1.281230E+00   1.656781E+00   1.281230E+00  -1.471338E+01   1.256350E+00  -2.342851E+00        12
   9.303183E+02   3.806280E+05   1.281230E+00   1.281230E+00   1.656781E+00   1.281230E+00  -1.471983E+01   1.254736E+00  -2.342851E+00        12
   9.313183E+02   3.815010E+05   1.281230E+00   1.281230E+00   1.656781E+00   1.281230E+00  -1.472628E+01   1.253124E+00  -2.342851E+00        12
   9.323183E+02   3.823750E+05   1.281230E+00   1.281230E+00   1.656781E+00   1.281230E+00  -1.473272E+01   1.251514E+00  -2.342851E+00        12
   9.333183E+02   3.832500E+05   1.281230E+00   1.281230E+00   1.656781E+00   1.281230E+00  -1.473915E+01   1.249906E+00  -2.342851E+00        12
   9.343183E+02   3.841260E+05   1.281230E+00   1.281230E+00   1.656781E+00   1.281230E+00  -1.474558E+01   1.248300E+00  -2.342851E+00        12
   9.353183E+02   3.850030E+05   1.281230E+00   1.281230E+00   1.656781E+00   1.281230E+00  -1.475200E+01   1.246695E+00  -2.342851E+00        12
   9.363183E+02   3.858810E+05   1.281230E+00   1.281230E+00   1.656781E+00   1.281230E+00  -1.475841E+01   1.245093E+00  -2.342851E+00        12
   9.373183E+02   3.867600E+05   1.281230E+00   1.281230E+00   1.656781E+00   1.281230E+00  -1.476481E+01   1.243492E+00  -2.342851E+00        12
   9.383183E+02   3.876400E+05   1.281230E+00   1.281230E+00   1.656781E+00   1.281230E+00  -1.477121E+01   1.241893E+00  -2.342851E+00        12
   9.393183E+02   3.885210E+05   1.281230E+00   1.281230E+00   1.656781E+00   1.281230E+00  -1.477760E+01   1.240296E+00  -2.342851E+00        12
   9.403183E+02   3.894030E+05   1.281230E+00   1.281230E+00   1.656781E+00   1.281230E+00  -1.478398E+01   1.238700E+00  -2.342851E+00        12
   9.413183E+02   3.902860E+05   1.281230E+00   1.281230E+00   1.656781E+00   1.281230E+00  -1.479035E+01   1.237107E+00  -2.342851E+00        12
   9.423183E+02   3.911700E+05   1.281230E+00   1.281230E+00   1.656781E+00   1.281230E+00  -1.479672E+01   1.235515E+00  -2.342851E+00        12
   9.433183E+02   3.920550E+05   1.281230E+00   1.281230E+00   1.656781E+00   1.281230E+00  -1.480308E+01   1.233925E+00  -2.342851E+00        12
   9.443183E+02   3.929410E+05   1.281230E+00   1.281230E+00   1.656781E+00   1.281230E+00  -1.480943E+01   1.232337E+00  -2.342851E+00        12
   9.453183E+02   3.938280E+05   1.281230E+00   1.281230E+00   1.656781E+00   1.281230E+00  -1.481578E+01   1.230751E+00  -2.342851E+00        12
   9.463183E+02   3.947160E+05   1.281230E+00   1.281230E+00   1.656781E+00   1.281230E+00  -1.482212E+01   1.229166E+00  -2.342851E+00        12
   9.473183E+02   3.956050E+05   1.281230E+00   1.281230E+00   1.656781E+00   1.281230E+00  -1.482845E+01   1.227583E+00  -2.342851E+00        12
   9.483183E+02   3.964950E+05   1.281230E+00   1.281230E+00   1.656781E+00   1.281230E+00  -1.483477E+01   1.226002E+00  -2.342851E+00        12
   9.493183E+02   3.973860E+05   1.281230E+00   1.281230E+00   1.656781E+00   1.281230E+00  -1.484109E+01   1.224423E+00  -2.342851E+00        12
   9.503183E+02   3.982780E+05   1.281230E+00   1.281230E+00   1.656781E+00   1.281230E+00  -1.484740E+01   1.222846E+00  -2.342851E+00        12
   9.513183E+02   3.991710E+05   1.281230E+00   1.281230E+00   1.656781E+00   1.281230E+00  -1.485370E+01   1.221270E+00  -2.342851E+00        12
   9.523183E+02   4.000650E+05   1.281230E+00   1.281230E+00   1.656781E+00   1.281230E+00  -1.486000E+01   1.219696E+00  -2.342851E+00        12
   9.533183E+02   4.009600E+05   1.281230E+00   1.281230E+00   1.656781E+00   1.281230E+00  -1.486628E+01   1.218124E+00  -2.342851E+00        12
   9.543183E+02   4.018560E+05   1.281230E+00   1.281230E+00   1.656781E+00   1.281230E+00  -1.487257E+01   1.216553E+00  -2.342851E+00        12
   9.553183E+02   4.027530E+05   1.281230E+00   1.281230E+00   1.656781E+00   1.281230E+00  -1.487884E+01   1.214985E+00  -2.342851E+00        12
   9.563183E+02   4.036510E+05   1.281230E+00   1.281230E+00   1.656781E+00   1.281230E+00  -1.488511E+01   1.213418E+00  -2.342851E+00        12
   9.573183E+02   4.045500E+05   1.281230E+00   1.281230E+00   1.656781E+00   1.281230E+00  -1.489137E+01   1.211852E+00  -2.342851E+00        12
   9.583183E+02   4.054500E+05   1.281230E+00   1.281230E+00   1.656781E+00   1.281230E+00  -1.489762E+01   1.210289E+00  -2.342851E+00        12
   9.593183E+02   4.063510E+05   1.281230E+00   1.281230E+00   1.656781E+00   1.281230E+00  -1.490387E+01   1.208727E+00  -2.342851E+00        12
   9.603183E+02   4.072530E+05   1.281230E+00   1.281230E+00   1.656781E+00   1.281230E+00  -1.491011E+01   1.207167E+00  -2.342851E+00        12
   9.613183E+02   4.081560E+05   1.281230E+00   1.281230E+00   1.656781E+00   1.281230E+00  -1.491634E+01   1.205609E+00  -2.342851E+00        12
   9.623183E+02   4.090600E+05   1.281230E+00   1.281230E+00   1.656781E+00   1.281230E+00  -1.492257E+01   1.204052E+00  -2.342851E+00        12
   9.633183E+02   4.099650E+05   1.281230E+00   1.281230E+00   1.656781E+00   1.281230E+00  -1.492879E+01   1.202498E+00  -2.342851E+00        12
   9.643183E+02   4.108710E+05   1.281230E+00   1.281230E+00   1.656781E+00   1.281230E+00  -1.493500E+01   1.200944E+00  -2.342851E+00        12
   9.653183E+02   4.117780E+05   1.281230E+00   1.281230E+00   1.656781E+00   1.281230E+00  -1.494121E+01   1.199393E+00  -2.342851E+00        12
   9.663183E+02   4.126860E+05   1.281230E+00   1.281230E+00   1.656781E+00   1.281230E+00  -1.494741E+01   1.197843E+00  -2.342851E+00        12
   9.673183E+02   4.135950E+05   1.281230E+00   1.281230E+00   1.656781E+00   1.281230E+00  -1.495360E+01   1.196295E+00  -2.342851E+00        12
   9.683183E+02   4.145050E+05   1.281230E+00   1.281230E+00   1.656781E+00   1.281230E+00  -1.495978E+01   1.194749E+00  -2.342851E+00        12
   9.693183E+02   4.154160E+05   1.281230E+00   1.281230E+00   1.656781E+00   1.281230E+00  -1.496596E+01   1.193205E+00  -2.342851E+00        12
   9.703183E+02   4.163280E+05   1.281230E+00   1.281230E+00   1.656781E+00   1.281230E+00  -1.497213E+01   1.191662E+00  -2.342851E+00        12
   9.713183E+02   4.172410E+05   1.281230E+00   1.281230E+00   1.656781E+00   1.281230E+00  -1.497830E+01   1.190120E+00  -2.342851E+00        12
   9.723183E+02   4.181550E+05   1.281230E+00   1.281230E+00   1.656781E+00   1.281230E+00  -1.498446E+01   1.188581E+00  -2.342851E+00        12
   9.733183E+02   4.190700E+05   1.281230E+00   1.281230E+00   1.656781E+00   1.281230E+00  -1.499061E+01   1.187043E+00  -2.342851E+00        12
   9.743183E+02   4.199860E+05   1.281230E+00   1.281230E+00   1.656781E+00   1.281230E+00  -1.499675E+01   1.185507E+00  -2.342851E+00        12
   9.753183E+02   4.209030E+05   1.281230E+00   1.281230E+00   1.656781E+00   1.281230E+00  -1.500289E+01   1.183972E+00  -2.342851E+00        12
   9.763183E+02   4.218210E+05   1.281230E+00   1.281230E+00   1.656781E+00   1.281230E+00  -1.500902E+01   1.182440E+00  -2.342851E+00        12
   9.773183E+02   4.227400E+05   1.281230E+00   1.281230E+00   1.656781E+00   1.281230E+00  -1.501515E+01   1.180909E+00  -2.342851E+00        12
   9.783183E+02   4.236600E+05   1.281230E+00   1.281230E+00   1.656781E+00   1.281230E+00  -1.502126E+01   1.179379E+00  -2.342851E+00        12
   9.793183E+02   4.245810E+05   1.281230E+00   1.281230E+00   1.656781E+00   1.281230E+00  -1.502737E+01   1.177851E+00  -2.342851E+00        12
   9.803183E+02   4.255030E+05   1.281230E+00   1.281230E+00   1.656781E+00   1.281230E+00  -1.503348E+01   1.176325E+00  -2.342851E+00        12
   9.813183E+02   4.264260E+05   1.281230E+00   1.281230E+00   1.656781E+00   1.281230E+00  -1.503958E+01   1.174801E+00  -2.342851E+00        12
   9.823183E+02   4.273500E+05   1.281230E+00   1.281230E+00   1.656781E+00   1.281230E+00  -1.504567E+01   1.173278E+00  -2.342851E+00        12
   9.833183E+02   4.282750E+05   1.281230E+00   1.281230E+00   1.656781E+00   1.281230E+00  -1.505175E+01   1.171757E+00  -2.342851E+00        12
   9.843183E+02   4.292010E+05   1.281230E+00   1.281230E+00   1.656781E+00   1.281230E+00  -1.505783E+01   1.170237E+00  -2.342851E+00        12
   9.853183E+02   4.301280E+05   1.281230E+00   1.281230E+00   1.656781E+00   1.281230E+00  -1.506390E+01   1.168719E+00  -2.342851E+00        12
   9.863183E+02   4.310560E+05   1.281230E+00   1.281230E+00   1.656781E+00   1.281230E+00  -1.506997E+01   1.167203E+00  -2.342851E+00        12
   9.873183E+02   4.319850E+05   1.281230E+00   1.281230E+00   1.656781E+00   1.281230E+00  -1.507603E+01   1.165688E+00  -2.342851E+00        12
   9.883183E+02   4.329150E+05   1.281230E+00   1.281230E+00   1.656781E+00   1.281230E+00  -1.508208E+01   1.164175E+00  -2.342851E+00        12
   9.893183E+02   4.338460E+05   1.281230E+00   1.281230E+00   1.656781E+00   1.281230E+00  -1.508812E+01   1.162664E+00  -2.342851E+00        12
   9.903183E+02   4.347780E+05   1.281230E+00   1.281230E+00   1.656781E+00   1.281230E+00  -1.509416E+01   1.161154E+00  -2.342851E+00        12
   9.913183E+02   4.357110E+05   1.281230E+00   1.281230E+00   1.656781E+00   1.281230E+00  -1.510020E+01   1.159646E+00  -2.342851E+00        12
   9.923183E+02   4.366450E+05   1.281230E+00   1.281230E+00   1.656781E+00   1.281230E+00  -1.510622E+01   1.158139E+00  -2.342851E+00        12
   9.933183E+02   4.375800E+05   1.281230E+00   1.281230E+00   1.656781E+00   1.281230E+00  -1.511224E+01   1.156634E+00  -2.342851E+00        12
   9.943183E+02   4.385160E+05   1.281230E+00   1.281230E+00   1.656781E+00   1.281230E+00  -1.511826E+01   1.155131E+00  -2.342851E+00        12
   9.953183E+02   4.394530E+05   1.281230E+00   1.281230E+00   1.656781E+00   1.281230E+00  -1.512426E+01   1.153629E+00  -2.342851E+00        12
   9.963183E+02   4.403910E+05   1.281230E+00   1.281230E+00   1.656781E+00   1.281230E+00  -1.513026E+01   1.152129E+00  -2.342851E+00        12
   9.973183E+02   4.413300E+05   1.281230E+00   1.281230E+00   1.656781E+00   1.281230E+00  -1.513626E+01   1.150631E+00  -2.342851E+00        12
   9.983183E+02   4.422700E+05   1.281230E+00   1.281230E+00   1.656781E+00   1.281230E+00  -1.514224E+01   1.149134E+00  -2.342851E+00        12
   9.993183E+02   4.432110E+05   1.281230E+00   1.281230E+00   1.656781E+00   1.281230E+00  -1.514823E+01   1.147638E+00  -2.342851E+00        12
   1.000318E+03   4.441530E+05   1.281230E+00   1.281230E+00   1.656781E+00   1.281230E+00  -1.515420E+01   1.146145E+00  -2.342851E+00        12
   1.001318E+03   4.450960E+05   1.281230E+00   1.281230E+00   1.656781E+00   1.281230E+00  -1.516017E+01   1.144652E+00  -2.342851E+00        12
   1.002318E+03   4.460400E+05   1.281230E+00   1.281230E+00   1.656781E+00   1.281230E+00  -1.516613E+01   1.143162E+00  -2.342851E+00        12
   1.003318E+03   4.469850E+05   1.281230E+00   1.281230E+00   1.656781E+00   1.281230E+00  -1.517209E+01   1.141673E+00  -2.342851E+00        12
   1.004318E+03   4.479310E+05   1.281230E+00   1.281230E+00   1.656781E+00   1.281230E+00  -1.517804E+01   1.140185E+00  -2.342851E+00        12
   1.005318E+03   4.488780E+05   1.281230E+00   1.281230E+00   1.656781E+00   1.281230E+00  -1.518398E+01   1.138699E+00  -2.342851E+00        12
   1.006318E+03   4.498260E+05   1.281230E+00   1.281230E+00   1.656781E+00   1.281230E+00  -1.518992E+01   1.137215E+00  -2.342851E+00        12
   1.007318E+03   4.507750E+05   1.281230E+00   1.281230E+00   1.656781E+00   1.281230E+00  -1.519585E+01   1.135732E+00  -2.342851E+00        12
   1.008318E+03   4.517250E+05   1.281230E+00   1.281230E+00   1.656781E+00   1.281230E+00  -1.520177E+01   1.134251E+00  -2.342851E+00        12
   1.009318E+03   4.526760E+05   1.281230E+00   1.281230E+00   1.656781E+00   1.281230E+00  -1.520769E+01   1.132772E+00  -2.342851E+00        12
   1.010318E+03   4.536280E+05   1.281230E+00   1.281230E+00   1.656781E+00   1.281230E+00  -1.521361E+01   1.131294E+00  -2.342851E+00        12
   1.011318E+03   4.545810E+05   1.281230E+00   1.281230E+00   1.656781E+00   1.281230E+00  -1.521951E+01   1.129817E+00  -2.342851E+00        12
   1.012318E+03   4.555350E+05   1.281230E+00   1.281230E+00   1.656781E+00   1.281230E+00  -1.522541E+01   1.128342E+00  -2.342851E+00        12
   1.013318E+03   4.564900E+05   1.281230E+00   1.281230E+00   1.656781E+00   1.281230E+00  -1.523130E+01   1.126869E+00  -2.342851E+00        12
   1.014318E+03   4.574460E+05   1.281230E+00   1.281230E+00   1.656781E+00   1.281230E+00  -1.523719E+01   1.125397E+00  -2.342851E+00        12
   1.015318E+03   4.584030E+05   1.281230E+00   1.281230E+00   1.656781E+00   1.281230E+00  -1.524307E+01   1.123926E+00  -2.342851E+00        12
   1.016318E+03   4.593610E+05   1.281230E+00   1.281230E+00   1.656781E+00   1.281230E+00  -1.524895E+01   1.122458E+00  -2.342851E+00        12
   1.017318E+03   4.603200E+05   1.281230E+00   1.281230E+00   1.656781E+00   1.281230E+00  -1.525482E+01   1.120990E+00  -2.342851E+00        12
   1.018318E+03   4.612800E+05   1.281230E+00   1.281230E+00   1.656781E+00   1.281230E+00  -1.526068E+01   1.119525E+00  -2.342851E+00        12
   1.019318E+03   4.622410E+05   1.281230E+00   1.281230E+00   1.656781E+00   1.281230E+00  -1.526654E+01   1.118060E+00  -2.342851E+00        12
   1.020318E+03   4.632030E+05   1.281230E+00   1.281230E+00   1.656781E+00   1.281230E+00  -1.527239E+01   1.116598E+00  -2.342851E+00        12
   1.021318E+03   4.641660E+05   1.281230E+00   1.281230E+00   1.656781E+00   1.281230E+00  -1.527823E+01   1.115137E+00  -2.342851E+00        12
   1.022318E+03   4.651300E+05   1.281230E+00   1.281230E+00   1.656781E+00   1.281230E+00  -1.528407E+01   1.113677E+00  -2.342851E+00        12
   1.023318E+03   4.660950E+05   1.281230E+00   1.281230E+00   1.656781E+00   1.281230E+00  -1.528990E+01   1.112219E+00  -2.342851E+00        12
   1.024318E+03   4.670610E+05   1.281230E+00   1.281230E+00   1.656781E+00   1.281230E+00  -1.529573E+01   1.110762E+00  -2.342851E+00        12
   1.025318E+03   4.680280E+05   1.281230E+00   1.281230E+00   1.656781E+00   1.281230E+00  -1.530155E+01   1.109307E+00  -2.342851E+00        12
   1.026318E+03   4.689960E+05   1.281230E+00   1.281230E+00   1.656781E+00   1.281230E+00  -1.530737E+01   1.107853E+00  -2.342851E+00        12
   1.027318E+03   4.699650E+05   1.281230E+00   1.281230E+00   1.656781E+00   1.281230E+00  -1.531317E+01   1.106401E+00  -2.342851E+00        12
   1.028318E+03   4.709350E+05   1.281230E+00   1.281230E+00   1.656781E+00   1.281230E+00  -1.531898E+01   1.104951E+00  -2.342851E+00        12
   1.029318E+03   4.719060E+05   1.281230E+00   1.281230E+00   1.656781E+00   1.281230E+00  -1.532477E+01   1.103501E+00  -2.342851E+00        12
   1.030318E+03   4.728780E+05   1.281230E+00   1.281230E+00   1.656781E+00   1.281230E+00  -1.533056E+01   1.102054E+00  -2.342851E+00        12
   1.031318E+03   4.738510E+05   1.281230E+00   1.281230E+00   1.656781E+00   1.281230E+00  -1.533635E+01   1.100608E+00  -2.342851E+00        12
   1.032318E+03   4.748250E+05   1.281230E+00   1.281230E+00   1.656781E+00   1.281230E+00  -1.534213E+01   1.099163E+00  -2.342851E+00        12
   1.033318E+03   4.758000E+05   1.281230E+00   1.281230E+00   1.656781E+00   1.281230E+00  -1.534790E+01   1.097720E+00  -2.342851E+00        12
   1.034318E+03   4.767760E+05   1.281230E+00   1.281230E+00   1.656781E+00   1.281230E+00  -1.535367E+01   1.096278E+00  -2.342851E+00        12
   1.035318E+03   4.777530E+05   1.281230E+00   1.281230E+00   1.656781E+00   1.281230E+00  -1.535943E+01   1.094838E+00  -2.342851E+00        12
   1.036318E+03   4.787310E+05   1.281230E+00   1.281230E+00   1.656781E+00   1.281230E+00  -1.536518E+01   1.093399E+00  -2.342851E+00        12
   1.037318E+03   4.797100E+05   1.281230E+00   1.281230E+00   1.656781E+00   1.281230E+00  -1.537093E+01   1.091962E+00  -2.342851E+00        12
   1.038318E+03   4.806900E+05   1.281230E+00   1.281230E+00   1.656781E+00   1.281230E+00  -1.537668E+01   1.090526E+00  -2.342851E+00        12
   1.039318E+03   4.816710E+05   1.281230E+00   1.281230E+00   1.656781E+00   1.281230E+00  -1.538241E+01   1.089092E+00  -2.342851E+00        12
   1.040318E+03   4.826530E+05   1.281230E+00   1.281230E+00   1.656781E+00   1.281230E+00  -1.538814E+01   1.087659E+00  -2.342851E+00        12
   1.041318E+03   4.836360E+05   1.281230E+00   1.281230E+00   1.656781E+00   1.281230E+00  -1.539387E+01   1.086227E+00  -2.342851E+00        12
   1.042318E+03   4.846200E+05   1.281230E+00   1.281230E+00   1.656781E+00   1.281230E+00  -1.539959E+01   1.084797E+00  -2.342851E+00        12
   1.043318E+03   4.856050E+05   1.281230E+00   1.281230E+00   1.656781E+00   1.281230E+00  -1.540530E+01   1.083369E+00  -2.342851E+00        12
   1.044318E+03   4.865910E+05   1.281230E+00   1.281230E+00   1.656781E+00   1.281230E+00  -1.541101E+01   1.081942E+00  -2.342851E+00        12
   1.045318E+03   4.875780E+05   1.281230E+00   1.281230E+00   1.656781E+00   1.281230E+00  -1.541672E+01   1.080516E+00  -2.342851E+00        12
   1.046318E+03   4.885660E+05   1.281230E+00   1.281230E+00   1.656781E+00   1.281230E+00  -1.542241E+01   1.079092E+00  -2.342851E+00        12
   1.047318E+03   4.895550E+05   1.281230E+00   1.281230E+00   1.656781E+00   1.281230E+00  -1.542810E+01   1.077669E+00  -2.342851E+00        12
   1.048318E+03   4.905450E+05   1.281230E+00   1.281230E+00   1.656781E+00   1.281230E+00  -1.543379E+01   1.076248E+00  -2.342851E+00        12
   1.049318E+03   4.915360E+05   1.281230E+00   1.281230E+00   1.656781E+00   1.281230E+00  -1.543947E+01   1.074828E+00  -2.342851E+00        12
   1.050318E+03   4.925280E+05   1.281230E+00   1.281230E+00   1.656781E+00   1.281230E+00  -1.544514E+01   1.073409E+00  -2.342851E+00        12
   1.051318E+03   4.935210E+05   1.281230E+00   1.281230E+00   1.656781E+00   1.281230E+00  -1.545081E+01   1.071992E+00  -2.342851E+00        12
   1.052318E+03   4.945150E+05   1.281230E+00   1.281230E+00   1.656781E+00   1.281230E+00  -1.545647E+01   1.070577E+00  -2.342851E+00        12
   1.053318E+03   4.955100E+05   1.281230E+00   1.281230E+00   1.656781E+00   1.281230E+00  -1.546213E+01   1.069162E+00  -2.342851E+00        12
   1.054318E+03   4.965060E+05   1.281230E+00   1.281230E+00   1.656781E+00   1.281230E+00  -1.546778E+01   1.067750E+00  -2.342851E+00        12
   1.055318E+03   4.975030E+05   1.281230E+00   1.281230E+00   1.656781E+00   1.281230E+00  -1.547343E+01   1.066338E+00  -2.342851E+00        12
   1.056318E+03   4.985010E+05   1.281230E+00   1.281230E+00   1.656781E+00   1.281230E+00  -1.547907E+01   1.064928E+00  -2.342851E+00        12
   1.057318E+03   4.995000E+05   1.281230E+00   1.281230E+00   1.656781E+00   1.281230E+00  -1.548470E+01   1.063520E+00  -2.342851E+00        12
   1.058318E+03   5.005000E+05   1.281230E+00   1.281230E+00   1.656781E+00   1.281230E+00  -1.549033E+01   1.062113E+00  -2.342851E+00        12
   1.059318E+03   5.015010E+05   1.281230E+00   1.281230E+00   1.656781E+00   1.281230E+00  -1.549595E+01   1.060707E+00  -2.342851E+00        12
   1.060318E+03   5.025030E+05   1.281230E+00   1.281230E+00   1.656781E+00   1.281230E+00  -1.550157E+01   1.059303E+00  -2.342851E+00        12
   1.061318E+03   5.035060E+05   1.281230E+00   1.281230E+00   1.656781E+00   1.281230E+00  -1.550718E+01   1.057900E+00  -2.342851E+00        12
   1.062318E+03   5.045100E+05   1.281230E+00   1.281230E+00   1.656781E+00   1.281230E+00  -1.551279E+01   1.056498E+00  -2.342851E+00        12
   1.063318E+03   5.055150E+05   1.281230E+00   1.281230E+00   1.656781E+00   1.281230E+00  -1.551839E+01   1.055098E+00  -2.342851E+00        12
   1.064318E+03   5.065210E+05   1.281230E+00   1.281230E+00   1.656781E+00   1.281230E+00  -1.552398E+01   1.053700E+00  -2.342851E+00        12
   1.065318E+03   5.075280E+05   1.281230E+00   1.281230E+00   1.656781E+00   1.281230E+00  -1.552957E+01   1.052302E+00  -2.342851E+00        12
   1.066318E+03   5.085360E+05   1.281230E+00   1.281230E+00   1.656781E+00   1.281230E+00  -1.553515E+01   1.050906E+00  -2.342851E+00        12
   1.067318E+03   5.095450E+05   1.281230E+00   1.281230E+00   1.656781E+00   1.281230E+00  -1.554073E+01   1.049512E+00  -2.342851E+00        12
   1.068318E+03   5.105550E+05   1.281230E+00   1.281230E+00   1.656781E+00   1.281230E+00  -1.554631E+01   1.048118E+00  -2.342851E+00        12
   1.069318E+03   5.115660E+05   1.281230E+00   1.281230E+00   1.656781E+00   1.281230E+00  -1.555187E+01   1.046727E+00  -2.342851E+00        12
   1.070318E+03   5.125780E+05   1.281230E+00   1.281230E+00   1.656781E+00   1.281230E+00  -1.555743E+01   1.045336E+00  -2.342851E+00        12
   1.071318E+03   5.135910E+05   1.281230E+00   1.281230E+00   1.656781E+00   1.281230E+00  -1.556299E+01   1.043947E+00  -2.342851E+00        12
   1.072318E+03   5.146050E+05   1.281230E+00   1.281230E+00   1.656781E+00   1.281230E+00  -1.556854E+01   1.042560E+00  -2.342851E+00        12
   1.073318E+03   5.156200E+05   1.281230E+00   1.281230E+00   1.656781E+00   1.281230E+00  -1.557409E+01   1.041173E+00  -2.342851E+00        12
   1.074318E+03   5.166360E+05   1.281230E+00   1.281230E+00   1.656781E+00   1.281230E+00  -1.557963E+01   1.039788E+00  -2.342851E+00        12
   1.075318E+03   5.176530E+05   1.281230E+00   1.281230E+00   1.656781E+00   1.281230E+00  -1.558516E+01   1.038405E+00  -2.342851E+00        12
   1.076318E+03   5.186710E+05   1.281230E+00   1.281230E+00   1.656781E+00   1.281230E+00  -1.559069E+01   1.037022E+00  -2.342851E+00        12
   1.077318E+03   5.196900E+05   1.281230E+00   1.281230E+00   1.656781E+00   1.281230E+00  -1.559621E+01   1.035642E+00  -2.342851E+00        12
   1.078318E+03   5.207100E+05   1.281230E+00   1.281230E+00   1.656781E+00   1.281230E+00  -1.560173E+01   1.034262E+00  -2.342851E+00        12
   1.079318E+03   5.217310E+05   1.281230E+00   1.281230E+00   1.656781E+00   1.281230E+00  -1.560724E+01   1.032884E+00  -2.342851E+00        12
   1.080318E+03   5.227530E+05   1.281230E+00   1.281230E+00   1.656781E+00   1.281230E+00  -1.561275E+01   1.031507E+00  -2.342851E+00        12
   1.081318E+03   5.237760E+05   1.281230E+00   1.281230E+00   1.656781E+00   1.281230E+00  -1.561825E+01   1.030132E+00  -2.342851E+00        12
   1.082318E+03   5.248000E+05   1.281230E+00   1.281230E+00   1.656781E+00   1.281230E+00  -1.562375E+01   1.028757E+00  -2.342851E+00        12
   1.083318E+03   5.258250E+05   1.281230E+00   1.281230E+00   1.656781E+00   1.281230E+00  -1.562924E+01   1.027385E+00  -2.342851E+00        12
   1.084318E+03   5.268510E+05   1.281230E+00   1.281230E+00   1.656781E+00   1.281230E+00  -1.563473E+01   1.026013E+00  -2.342851E+00        12
   1.085318E+03   5.278780E+05   1.281230E+00   1.281230E+00   1.656781E+00   1.281230E+00  -1.564021E+01   1.024643E+00  -2.342851E+00        12
   1.086318E+03   5.289060E+05   1.281230E+00   1.281230E+00   1.656781E+00   1.281230E+00  -1.564568E+01   1.023274E+00  -2.342851E+00        12
   1.087318E+03   5.299350E+05   1.281230E+00   1.281230E+00   1.656781E+00   1.281230E+00  -1.565115E+01   1.021907E+00  -2.342851E+00        12
   1.088318E+03   5.309650E+05   1.281230E+00   1.281230E+00   1.656781E+00   1.281230E+00  -1.565662E+01   1.020541E+00  -2.342851E+00        12
   1.089318E+03   5.319960E+05   1.281230E+00   1.281230E+00   1.656781E+00   1.281230E+00  -1.566208E+01   1.019176E+00  -2.342851E+00        12
   1.090318E+03   5.330280E+05   1.281230E+00   1.281230E+00   1.656781E+00   1.281230E+00  -1.566753E+01   1.017812E+00  -2.342851E+00        12
   1.091318E+03   5.340610E+05   1.281230E+00   1.281230E+00   1.656781E+00   1.281230E+00  -1.567298E+01   1.016450E+00  -2.342851E+00        12
   1.092318E+03   5.350950E+05   1.281230E+00   1.281230E+00   1.656781E+00   1.281230E+00  -1.567842E+01   1.015089E+00  -2.342851E+00        12
   1.093318E+03   5.361300E+05   1.281230E+00   1.281230E+00   1.656781E+00   1.281230E+00  -1.568386E+01   1.013730E+00  -2.342851E+00        12
   1.094318E+03   5.371660E+05   1.281230E+00   1.281230E+00   1.656781E+00   1.281230E+00  -1.568929E+01   1.012372E+00  -2.342851E+00        12
   1.095318E+03   5.382030E+05   1.281230E+00   1.281230E+00   1.656781E+00   1.281230E+00  -1.569472E+01   1.011015E+00  -2.342851E+00        12
   1.096318E+03   5.392410E+05   1.281230E+00   1.281230E+00   1.656781E+00   1.281230E+00  -1.570014E+01   1.009659E+00  -2.342851E+00        12
   1.097318E+03   5.402800E+05   1.281230E+00   1.281230E+00   1.656781E+00   1.281230E+00  -1.570556E+01   1.008305E+00  -2.342851E+00        12
   1.098318E+03   5.413200E+05   1.281230E+00   1.281230E+00   1.656781E+00   1.281230E+00  -1.571097E+01   1.006952E+00  -2.342851E+00        12
   1.099318E+03   5.423610E+05   1.281230E+00   1.281230E+00   1.656781E+00   1.281230E+00  -1.571638E+01   1.005600E+00  -2.342851E+00        12
   1.100318E+03   5.434030E+05   1.281230E+00   1.281230E+00   1.656781E+00   1.281230E+00  -1.572178E+01   1.004250E+00  -2.342851E+00        12
   1.101318E+03   5.444460E+05   1.281230E+00   1.281230E+00   1.656781E+00   1.281230E+00  -1.572718E+01   1.002901E+00  -2.342851E+00        12
   1.102318E+03   5.454900E+05   1.281230E+00   1.281230E+00   1.656781E+00   1.281230E+00  -1.573257E+01   1.001553E+00  -2.342851E+00        12
   1.103318E+03   5.465350E+05   1.281230E+00   1.281230E+00   1.656781E+00   1.281230E+00  -1.573795E+01   1.000206E+00  -2.342851E+00        12
   1.104318E+03   5.475810E+05   1.281230E+00   1.281230E+00   1.656781E+00   1.281230E+00  -1.574334E+01   9.988610E-01  -2.342851E+00        12
   1.105318E+03   5.486280E+05   1.281230E+00   1.281230E+00   1.656781E+00   1.281230E+00  -1.574871E+01   9.975171E-01  -2.342851E+00        12
   1.106318E+03   5.496760E+05   1.281230E+00   1.281230E+00   1.656781E+00   1.281230E+00  -1.575408E+01   9.961744E-01  -2.342851E+00        12
   1.107318E+03   5.507250E+05   1.281230E+00   1.281230E+00   1.656781E+00   1.281230E+00  -1.575945E+01   9.948330E-01  -2.342851E+00        12
   1.108318E+03   5.517750E+05   1.281230E+00   1.281230E+00   1.656781E+00   1.281230E+00  -1.576481E+01   9.934929E-01  -2.342851E+00        12
   1.109318E+03   5.528260E+05   1.281230E+00   1.281230E+00   1.656781E+00   1.281230E+00  -1.577016E+01   9.921541E-01  -2.342851E+00        12
   1.110318E+03   5.538780E+05   1.281230E+00   1.281230E+00   1.656781E+00   1.281230E+00  -1.577551E+01   9.908165E-01  -2.342851E+00        12
   1.111318E+03   5.549310E+05   1.281230E+00   1.281230E+00   1.656781E+00   1.281230E+00  -1.578086E+01   9.894802E-01  -2.342851E+00        12
   1.112318E+03   5.559850E+05   1.281230E+00   1.281230E+00   1.656781E+00   1.281230E+00  -1.578620E+01   9.881452E-01  -2.342851E+00        12
   1.113318E+03   5.570400E+05   1.281230E+00   1.281230E+00   1.656781E+00   1.281230E+00  -1.579153E+01   9.868115E-01  -2.342851E+00        12
   1.114318E+03   5.580960E+05   1.281230E+00   1.281230E+00   1.656781E+00   1.281230E+00  -1.579686E+01   9.854790E-01  -2.342851E+00        12
   1.115318E+03   5.591530E+05   1.281230E+00   1.281230E+00   1.656781E+00   1.281230E+00  -1.580219E+01   9.841477E-01  -2.342851E+00        12
   1.116318E+03   5.602110E+05   1.281230E+00   1.281230E+00   1.656781E+00   1.281230E+00  -1.580751E+01   9.828177E-01  -2.342851E+00        12
   1.117318E+03   5.612700E+05   1.281230E+00   1.281230E+00   1.656781E+00   1.281230E+00  -1.581282E+01   9.814890E-01  -2.342851E+00        12
   1.118318E+03   5.623300E+05   1.281230E+00   1.281230E+00   1.656781E+00   1.281230E+00  -1.581813E+01   9.801616E-01  -2.342851E+00        12
   1.119318E+03   5.633910E+05   1.281230E+00   1.281230E+00   1.656781E+00   1.281230E+00  -1.582344E+01   9.788353E-01  -2.342851E+00        12
   1.120318E+03   5.644530E+05   1.281230E+00   1.281230E+00   1.656781E+00   1.281230E+00  -1.582874E+01   9.775104E-01  -2.342851E+00        12
   1.121318E+03   5.655160E+05   1.281230E+00   1.281230E+00   1.656781E+00   1.281230E+00  -1.583403E+01   9.761867E-01  -2.342851E+00        12
   1.122318E+03   5.665800E+05   1.281230E+00   1.281230E+00   1.656781E+00   1.281230E+00  -1.583932E+01   9.748642E-01  -2.342851E+00        12
   1.123318E+03   5.676450E+05   1.281230E+00   1.281230E+00   1.656781E+00   1.281230E+00  -1.584461E+01   9.735430E-01  -2.342851E+00        12
   1.124318E+03   5.687110E+05   1.281230E+00   1.281230E+00   1.656781E+00   1.281230E+00  -1.584989E+01   9.722230E-01  -2.342851E+00        12
   1.125318E+03   5.697780E+05   1.281230E+00   1.281230E+00   1.656781E+00   1.281230E+00  -1.585516E+01   9.709042E-01  -2.342851E+00        12
   1.126318E+03   5.708460E+05   1.281230E+00   1.281230E+00   1.656781E+00   1.281230E+00  -1.586043E+01   9.695867E-01  -2.342851E+00        12
   1.127318E+03   5.719150E+05   1.281230E+00   1.281230E+00   1.656781E+00   1.281230E+00  -1.586570E+01   9.682704E-01  -2.342851E+00        12
   1.128318E+03   5.729850E+05   1.281230E+00   1.281230E+00   1.656781E+00   1.281230E+00  -1.587096E+01   9.669553E-01  -2.342851E+00        12
   1.129318E+03   5.740560E+05   1.281230E+00   1.281230E+00   1.656781E+00   1.281230E+00  -1.587621E+01   9.656415E-01  -2.342851E+00        12
   1.130318E+03   5.751280E+05   1.281230E+00   1.281230E+00   1.656781E+00   1.281230E+00  -1.588146E+01   9.643289E-01  -2.342851E+00        12
   1.131318E+03   5.762010E+05   1.281230E+00   1.281230E+00   1.656781E+00   1.281230E+00  -1.588671E+01   9.630175E-01  -2.342851E+00        12
   1.132318E+03   5.772750E+05   1.281230E+00   1.281230E+00   1.656781E+00   1.281230E+00  -1.589195E+01   9.617073E-01  -2.342851E+00        12
   1.133318E+03   5.783500E+05   1.281230E+00   1.281230E+00   1.656781E+00   1.281230E+00  -1.589719E+01   9.603984E-01  -2.342851E+00        12
   1.134318E+03   5.794260E+05   1.281230E+00   1.281230E+00   1.656781E+00   1.281230E+00  -1.590242E+01   9.590907E-01  -2.342851E+00        12
   1.135318E+03   5.805030E+05   1.281230E+00   1.281230E+00   1.656781E+00   1.281230E+00  -1.590764E+01   9.577842E-01  -2.342851E+00        12
   1.136318E+03   5.815810E+05   1.281230E+00   1.281230E+00   1.656781E+00   1.281230E+00  -1.591286E+01   9.564789E-01  -2.342851E+00        12
   1.137318E+03   5.826600E+05   1.281230E+00   1.281230E+00   1.656781E+00   1.281230E+00  -1.591808E+01   9.551748E-01  -2.342851E+00        12
   1.138318E+03   5.837400E+05   1.281230E+00   1.281230E+00   1.656781E+00   1.281230E+00  -1.592329E+01   9.538719E-01  -2.342851E+00        12
   1.139318E+03   5.848210E+05   1.281230E+00   1.281230E+00   1.656781E+00   1.281230E+00  -1.592850E+01   9.525702E-01  -2.342851E+00        12
   1.140318E+03   5.859030E+05   1.281230E+00   1.281230E+00   1.656781E+00   1.281230E+00  -1.593370E+01   9.512697E-01  -2.342851E+00        12
   1.141318E+03   5.869860E+05   1.281230E+00   1.281230E+00   1.656781E+00   1.281230E+00  -1.593890E+01   9.499705E-01  -2.342851E+00        12
   1.142318E+03   5.880700E+05   1.281230E+00   1.281230E+00   1.656781E+00   1.281230E+00  -1.594409E+01   9.486724E-01  -2.342851E+00        12
   1.143318E+03   5.891550E+05   1.281230E+00   1.281230E+00   1.656781E+00   1.281230E+00  -1.594928E+01   9.473755E-01  -2.342851E+00        12
   1.144318E+03   5.902410E+05   1.281230E+00   1.281230E+00   1.656781E+00   1.281230E+00  -1.595446E+01   9.460798E-01  -2.342851E+00        12
   1.145318E+03   5.913280E+05   1.281230E+00   1.281230E+00   1.656781E+00   1.281230E+00  -1.595964E+01   9.447853E-01  -2.342851E+00        12
   1.146318E+03   5.924160E+05   1.281230E+00   1.281230E+00   1.656781E+00   1.281230E+00  -1.596481E+01   9.434920E-01  -2.342851E+00        12
   1.147318E+03   5.935050E+05   1.281230E+00   1.281230E+00   1.656781E+00   1.281230E+00  -1.596998E+01   9.421999E-01  -2.342851E+00        12
   1.148318E+03   5.945950E+05   1.281230E+00   1.281230E+00   1.656781E+00   1.281230E+00  -1.597514E+01   9.409090E-01  -2.342851E+00        12
   1.149318E+03   5.956860E+05   1.281230E+00   1.281230E+00   1.656781E+00   1.281230E+00  -1.598030E+01   9.396192E-01  -2.342851E+00        12
   1.150318E+03   5.967780E+05   1.281230E+00   1.281230E+00   1.656781E+00   1.281230E+00  -1.598546E+01   9.383307E-01  -2.342851E+00        12
   1.151318E+03   5.978710E+05   1.281230E+00   1.281230E+00   1.656781E+00   1.281230E+00  -1.599061E+01   9.370433E-01  -2.342851E+00        12
   1.152318E+03   5.989650E+05   1.281230E+00   1.281230E+00   1.656781E+00   1.281230E+00  -1.599575E+01   9.357571E-01  -2.342851E+00        12
   1.153318E+03   6.000600E+05   1.281230E+00   1.281230E+00   1.656781E+00   1.281230E+00  -1.600089E+01   9.344720E-01  -2.342851E+00        12
   1.154318E+03   6.011560E+05   1.281230E+00   1.281230E+00   1.656781E+00   1.281230E+00  -1.600603E+01   9.331882E-01  -2.342851E+00        12
   1.155318E+03   6.022530E+05   1.281230E+00   1.281230E+00   1.656781E+00   1.281230E+00  -1.601116E+01   9.319055E-01  -2.342851E+00        12
   1.156318E+03   6.033510E+05   1.281230E+00   1.281230E+00   1.656781E+00   1.281230E+00  -1.601628E+01   9.306239E-01  -2.342851E+00        12
   1.157318E+03   6.044500E+05   1.281230E+00   1.281230E+00   1.656781E+00   1.281230E+00  -1.602141E+01   9.293436E-01  -2.342851E+00        12
   1.158318E+03   6.055500E+05   1.281230E+00   1.281230E+00   1.656781E+00   1.281230E+00  -1.602652E+01   9.280644E-01  -2.342851E+00        12
   1.159318E+03   6.066510E+05   1.281230E+00   1.281230E+00   1.656781E+00   1.281230E+00  -1.603163E+01   9.267864E-01  -2.342851E+00        12
   1.160318E+03   6.077530E+05   1.281230E+00   1.281230E+00   1.656781E+00   1.281230E+00  -1.603674E+01   9.255095E-01  -2.342851E+00        12
   1.161318E+03   6.088560E+05   1.281230E+00   1.281230E+00   1.656781E+00   1.281230E+00  -1.604184E+01   9.242338E-01  -2.342851E+00        12
   1.162318E+03   6.099600E+05   1.281230E+00   1.281230E+00   1.656781E+00   1.281230E+00  -1.604694E+01   9.229592E-01  -2.342851E+00        12
   1.163318E+03   6.110650E+05   1.281230E+00   1.281230E+00   1.656781E+00   1.281230E+00  -1.605204E+01   9.216858E-01  -2.342851E+00        12
   1.164318E+03   6.121710E+05   1.281230E+00   1.281230E+00   1.656781E+00   1.281230E+00  -1.605713E+01   9.204135E-01  -2.342851E+00        12
   1.165318E+03   6.132780E+05   1.281230E+00   1.281230E+00   1.656781E+00   1.281230E+00  -1.606221E+01   9.191424E-01  -2.342851E+00        12
   1.166318E+03   6.143860E+05   1.281230E+00   1.281230E+00   1.656781E+00   1.281230E+00  -1.606729E+01   9.178725E-01  -2.342851E+00        12
   1.167318E+03   6.154950E+05   1.281230E+00   1.281230E+00   1.656781E+00   1.281230E+00  -1.607236E+01   9.166037E-01  -2.342851E+00        12
   1.168318E+03   6.166050E+05   1.281230E+00   1.281230E+00   1.656781E+00   1.281230E+00  -1.607744E+01   9.153360E-01  -2.342851E+00        12
   1.169318E+03   6.177160E+05   1.281230E+00   1.281230E+00   1.656781E+00   1.281230E+00  -1.608250E+01   9.140695E-01  -2.342851E+00        12
   1.170318E+03   6.188280E+05   1.281230E+00   1.281230E+00   1.656781E+00   1.281230E+00  -1.608756E+01   9.128041E-01  -2.342851E+00        12
   1.171318E+03   6.199410E+05   1.281230E+00   1.281230E+00   1.656781E+00   1.281230E+00  -1.609262E+01   9.115398E-01  -2.342851E+00        12
   1.172318E+03   6.210550E+05   1.281230E+00   1.281230E+00   1.656781E+00   1.281230E+00  -1.609767E+01   9.102767E-01  -2.342851E+00        12
   1.173318E+03   6.221700E+05   1.281230E+00   1.281230E+00   1.656781E+00   1.281230E+00  -1.610272E+01   9.090147E-01  -2.342851E+00        12
   1.174318E+03   6.232860E+05   1.281230E+00   1.281230E+00   1.656781E+00   1.281230E+00  -1.610776E+01   9.077539E-01  -2.342851E+00        12
   1.175318E+03   6.244030E+05   1.281230E+00   1.281230E+00   1.656781E+00   1.281230E+00  -1.611280E+01   9.064941E-01  -2.342851E+00        12
   1.176318E+03   6.255210E+05   1.281230E+00   1.281230E+00   1.656781E+00   1.281230E+00  -1.611784E+01   9.052355E-01  -2.342851E+00        12
   1.177318E+03   6.266400E+05   1.281230E+00   1.281230E+00   1.656781E+00   1.281230E+00  -1.612287E+01   9.039781E-01  -2.342851E+00        12
   1.178318E+03   6.277600E+05   1.281230E+00   1.281230E+00   1.656781E+00   1.281230E+00  -1.612789E+01   9.027217E-01  -2.342851E+00        12
   1.179318E+03   6.288810E+05   1.281230E+00   1.281230E+00   1.656781E+00   1.281230E+00  -1.613291E+01   9.014665E-01  -2.342851E+00        12
   1.180318E+03   6.300030E+05   1.281230E+00   1.281230E+00   1.656781E+00   1.281230E+00  -1.613793E+01   9.002124E-01  -2.342851E+00        12
   1.181318E+03   6.311260E+05   1.281230E+00   1.281230E+00   1.656781E+00   1.281230E+00  -1.614294E+01   8.989594E-01  -2.342851E+00        12
   1.182318E+03   6.322500E+05   1.281230E+00   1.281230E+00   1.656781E+00   1.281230E+00  -1.614795E+01   8.977075E-01  -2.342851E+00        12
   1.183318E+03   6.333750E+05   1.281230E+00   1.281230E+00   1.656781E+00   1.281230E+00  -1.615295E+01   8.964567E-01  -2.342851E+00        12
   1.184318E+03   6.345010E+05   1.281230E+00   1.281230E+00   1.656781E+00   1.281230E+00  -1.615795E+01   8.952071E-01  -2.342851E+00        12
   1.185318E+03   6.356280E+05   1.281230E+00   1.281230E+00   1.656781E+00   1.281230E+00  -1.616295E+01   8.939585E-01  -2.342851E+00        12
   1.186318E+03   6.367560E+05   1.281230E+00   1.281230E+00   1.656781E+00   1.281230E+00  -1.616794E+01   8.927111E-01  -2.342851E+00        12
   1.187318E+03   6.378850E+05   1.281230E+00   1.281230E+00   1.656781E+00   1.281230E+00  -1.617292E+01   8.914647E-01  -2.342851E+00        12
   1.188318E+03   6.390150E+05   1.281230E+00   1.281230E+00   1.656781E+00   1.281230E+00  -1.617790E+01   8.902195E-01  -2.342851E+00        12
   1.189318E+03   6.401460E+05   1.281230E+00   1.281230E+00   1.656781E+00   1.281230E+00  -1.618288E+01   8.889754E-01  -2.342851E+00        12
   1.190318E+03   6.412780E+05   1.281230E+00   1.281230E+00   1.656781E+00   1.281230E+00  -1.618785E+01   8.877323E-01  -2.342851E+00        12
   1.191318E+03   6.424110E+05   1.281230E+00   1.281230E+00   1.656781E+00   1.281230E+00  -1.619282E+01   8.864904E-01  -2.342851E+00        12
   1.192318E+03   6.435450E+05   1.281230E+00   1.281230E+00   1.656781E+00   1.281230E+00  -1.619778E+01   8.852496E-01  -2.342851E+00        12
   1.193318E+03   6.446800E+05   1.281230E+00   1.281230E+00   1.656781E+00   1.281230E+00  -1.620274E+01   8.840098E-01  -2.342851E+00        12
   1.194318E+03   6.458160E+05   1.281230E+00   1.281230E+00   1.656781E+00   1.281230E+00  -1.620769E+01   8.827712E-01  -2.342851E+00        12
   1.195318E+03   6.469530E+05   1.281230E+00   1.281230E+00   1.656781E+00   1.281230E+00  -1.621265E+01   8.815336E-01  -2.342851E+00        12
   1.196318E+03   6.480910E+05   1.281230E+00   1.281230E+00   1.656781E+00   1.281230E+00  -1.621759E+01   8.802971E-01  -2.342851E+00        12
   1.197318E+03   6.492300E+05   1.281230E+00   1.281230E+00   1.656781E+00   1.281230E+00  -1.622253E+01   8.790617E-01  -2.342851E+00        12
   1.198318E+03   6.503700E+05   1.281230E+00   1.281230E+00   1.656781E+00   1.281230E+00  -1.622747E+01   8.778274E-01  -2.342851E+00        12
   1.199318E+03   6.515110E+05   1.281230E+00   1.281230E+00   1.656781E+00   1.281230E+00  -1.623240E+01   8.765942E-01  -2.342851E+00        12
   1.200318E+03   6.526530E+05   1.281230E+00   1.281230E+00   1.656781E+00   1.281230E+00  -1.623733E+01   8.753620E-01  -2.342851E+00        12
   1.201318E+03   6.537960E+05   1.281230E+00   1.281230E+00   1.656781E+00   1.281230E+00  -1.624226E+01   8.741310E-01  -2.342851E+00        12
   1.202318E+03   6.549400E+05   1.281230E+00   1.281230E+00   1.656781E+00   1.281230E+00  -1.624718E+01   8.729010E-01  -2.342851E+00        12
   1.203318E+03   6.560850E+05   1.281230E+00   1.281230E+00   1.656781E+00   1.281230E+00  -1.625209E+01   8.716720E-01  -2.342851E+00        12
   1.204318E+03   6.572310E+05   1.281230E+00   1.281230E+00   1.656781E+00   1.281230E+00  -1.625700E+01   8.704442E-01  -2.342851E+00        12
   1.205318E+03   6.583780E+05   1.281230E+00   1.281230E+00   1.656781E+00   1.281230E+00  -1.626191E+01   8.692174E-01  -2.342851E+00        12
   1.206318E+03   6.595260E+05   1.281230E+00   1.281230E+00   1.656781E+00   1.281230E+00  -1.626681E+01   8.679917E-01  -2.342851E+00        12
   1.207318E+03   6.606750E+05   1.281230E+00   1.281230E+00   1.656781E+00   1.281230E+00  -1.627171E+01   8.667671E-01  -2.342851E+00        12
   1.208318E+03   6.618250E+05   1.281230E+00   1.281230E+00   1.656781E+00   1.281230E+00  -1.627661E+01   8.655435E-01  -2.342851E+00        12
   1.209318E+03   6.629760E+05   1.281230E+00   1.281230E+00   1.656781E+00   1.281230E+00  -1.628150E+01   8.643210E-01  -2.342851E+00        12
   1.210318E+03   6.641280E+05   1.281230E+00   1.281230E+00   1.656781E+00   1.281230E+00  -1.628638E+01   8.630995E-01  -2.342851E+00        12
   1.211318E+03   6.652810E+05   1.281230E+00   1.281230E+00   1.656781E+00   1.281230E+00  -1.629126E+01   8.618791E-01  -2.342851E+00        12
   1.212318E+03   6.664350E+05   1.281230E+00   1.281230E+00   1.656781E+00   1.281230E+00  -1.629614E+01   8.606598E-01  -2.342851E+00        12
   1.213318E+03   6.675900E+05   1.281230E+00   1.281230E+00   1.656781E+00   1.281230E+00  -1.630101E+01   8.594415E-01  -2.342851E+00        12
   1.214318E+03   6.687460E+05   1.281230E+00   1.281230E+00   1.656781E+00   1.281230E+00  -1.630588E+01   8.582243E-01  -2.342851E+00        12
   1.215318E+03   6.699030E+05   1.281230E+00   1.281230E+00   1.656781E+00   1.281230E+00  -1.631075E+01   8.570081E-01  -2.342851E+00        12
   1.216318E+03   6.710610E+05   1.281230E+00   1.281230E+00   1.656781E+00   1.281230E+00  -1.631561E+01   8.557930E-01  -2.342851E+00        12
   1.217318E+03   6.722200E+05   1.281230E+00   1.281230E+00   1.656781E+00   1.281230E+00  -1.632046E+01   8.545789E-01  -2.342851E+00        12
   1.218318E+03   6.733800E+05   1.281230E+00   1.281230E+00   1.656781E+00   1.281230E+00  -1.632532E+01   8.533659E-01  -2.342851E+00        12
   1.219318E+03   6.745410E+05   1.281230E+00   1.281230E+00   1.656781E+00   1.281230E+00  -1.633016E+01   8.521539E-01  -2.342851E+00        12
   1.220318E+03   6.757030E+05   1.281230E+00   1.281230E+00   1.656781E+00   1.281230E+00  -1.633501E+01   8.509429E-01  -2.342851E+00        12
   1.221318E+03   6.768660E+05   1.281230E+00   1.281230E+00   1.656781E+00   1.281230E+00  -1.633985E+01   8.497330E-01  -2.342851E+00        12
   1.222318E+03   6.780300E+05   1.281230E+00   1.281230E+00   1.656781E+00   1.281230E+00  -1.634468E+01   8.485242E-01  -2.342851E+00        12
   1.223318E+03   6.791950E+05   1.281230E+00   1.281230E+00   1.656781E+00   1.281230E+00  -1.634951E+01   8.473164E-01  -2.342851E+00        12
   1.224318E+03   6.803610E+05   1.281230E+00   1.281230E+00   1.656781E+00   1.281230E+00  -1.635434E+01   8.461096E-01  -2.342851E+00        12
   1.225318E+03   6.815280E+05   1.281230E+00   1.281230E+00   1.656781E+00   1.281230E+00  -1.635916E+01   8.449038E-01  -2.342851E+00        12
   1.226318E+03   6.826960E+05   1.281230E+00   1.281230E+00   1.656781E+00   1.281230E+00  -1.636398E+01   8.436991E-01  -2.342851E+00        12
   1.227318E+03   6.838650E+05   1.281230E+00   1.281230E+00   1.656781E+00   1.281230E+00  -1.636880E+01   8.424954E-01  -2.342851E+00        12
   1.228318E+03   6.850350E+05   1.281230E+00   1.281230E+00   1.656781E+00   1.281230E+00  -1.637361E+01   8.412927E-01  -2.342851E+00        12
   1.229318E+03   6.862060E+05   1.281230E+00   1.281230E+00   1.656781E+00   1.281230E+00  -1.637842E+01   8.400911E-01  -2.342851E+00        12
   1.230318E+03   6.873780E+05   1.281230E+00   1.281230E+00   1.656781E+00   1.281230E+00  -1.638322E+01   8.388905E-01  -2.342851E+00        12
   1.231318E+03   6.885510E+05   1.281230E+00   1.281230E+00   1.656781E+00   1.281230E+00  -1.638802E+01   8.376909E-01  -2.342851E+00        12
   1.232318E+03   6.897250E+05   1.281230E+00   1.281230E+00   1.656781E+00   1.281230E+00  -1.639281E+01   8.364923E-01  -2.342851E+00        12
   1.233318E+03   6.909000E+05   1.281230E+00   1.281230E+00   1.656781E+00   1.281230E+00  -1.639760E+01   8.352948E-01  -2.342851E+00        12
   1.234318E+03   6.920760E+05   1.281230E+00   1.281230E+00   1.656781E+00   1.281230E+00  -1.640239E+01   8.340983E-01  -2.342851E+00        12
   1.235318E+03   6.932530E+05   1.281230E+00   1.281230E+00   1.656781E+00   1.281230E+00  -1.640717E+01   8.329028E-01  -2.342851E+00        12
   1.236318E+03   6.944310E+05   1.281230E+00   1.281230E+00   1.656781E+00   1.281230E+00  -1.641195E+01   8.317083E-01  -2.342851E+00        12
   1.237318E+03   6.956100E+05   1.281230E+00   1.281230E+00   1.656781E+00   1.281230E+00  -1.641672E+01   8.305148E-01  -2.342851E+00        12
   1.238318E+03   6.967900E+05   1.281230E+00   1.281230E+00   1.656781E+00   1.281230E+00  -1.642149E+01   8.293223E-01  -2.342851E+00        12
   1.239318E+03   6.979710E+05   1.281230E+00   1.281230E+00   1.656781E+00   1.281230E+00  -1.642626E+01   8.281309E-01  -2.342851E+00        12
   1.240318E+03   6.991530E+05   1.281230E+00   1.281230E+00   1.656781E+00   1.281230E+00  -1.643102E+01   8.269404E-01  -2.342851E+00        12
   1.241318E+03   7.003360E+05   1.281230E+00   1.281230E+00   1.656781E+00   1.281230E+00  -1.643578E+01   8.257510E-01  -2.342851E+00        12
   1.242318E+03   7.015200E+05   1.281230E+00   1.281230E+00   1.656781E+00   1.281230E+00  -1.644053E+01   8.245625E-01  -2.342851E+00        12
   1.243318E+03   7.027050E+05   1.281230E+00   1.281230E+00   1.656781E+00   1.281230E+00  -1.644528E+01   8.233751E-01  -2.342851E+00        12
   1.244318E+03   7.038910E+05   1.281230E+00   1.281230E+00   1.656781E+00   1.281230E+00  -1.645002E+01   8.221887E-01  -2.342851E+00        12
   1.245318E+03   7.050780E+05   1.281230E+00   1.281230E+00   1.656781E+00   1.281230E+00  -1.645477E+01   8.210032E-01  -2.342851E+00        12
   1.246318E+03   7.062660E+05   1.281230E+00   1.281230E+00   1.656781E+00   1.281230E+00  -1.645950E+01   8.198188E-01  -2.342851E+00        12
   1.247318E+03   7.074550E+05   1.281230E+00   1.281230E+00   1.656781E+00   1.281230E+00  -1.646424E+01   8.186353E-01  -2.342851E+00        12
   1.248318E+03   7.086450E+05   1.281230E+00   1.281230E+00   1.656781E+00   1.281230E+00  -1.646897E+01   8.174529E-01  -2.342851E+00        12
   1.249318E+03   7.098360E+05   1.281230E+00   1.281230E+00   1.656781E+00   1.281230E+00  -1.647369E+01   8.162714E-01  -2.342851E+00        12
   1.250318E+03   7.110280E+05   1.281230E+00   1.281230E+00   1.656781E+00   1.281230E+00  -1.647842E+01   8.150910E-01  -2.342851E+00        12
   1.251318E+03   7.122210E+05   1.281230E+00   1.281230E+00   1.656781E+00   1.281230E+00  -1.648313E+01   8.139115E-01  -2.342851E+00        12
   1.252318E+03   7.134150E+05   1.281230E+00   1.281230E+00   1.656781E+00   1.281230E+00  -1.648785E+01   8.127330E-01  -2.342851E+00        12
   1.253318E+03   7.146100E+05   1.281230E+00   1.281230E+00   1.656781E+00   1.281230E+00  -1.649256E+01   8.115555E-01  -2.342851E+00        12
   1.254318E+03   7.158060E+05   1.281230E+00   1.281230E+00   1.656781E+00   1.281230E+00  -1.649726E+01   8.103790E-01  -2.342851E+00        12
   1.255318E+03   7.170030E+05   1.281230E+00   1.281230E+00   1.656781E+00   1.281230E+00  -1.650197E+01   8.092034E-01  -2.342851E+00        12
   1.256318E+03   7.182010E+05   1.281230E+00   1.281230E+00   1.656781E+00   1.281230E+00  -1.650666E+01   8.080289E-01  -2.342851E+00        12
   1.257318E+03   7.194000E+05   1.281230E+00   1.281230E+00   1.656781E+00   1.281230E+00  -1.651136E+01   8.068553E-01  -2.342851E+00        12
   1.258318E+03   7.206000E+05   1.281230E+00   1.281230E+00   1.656781E+00   1.281230E+00  -1.651605E+01   8.056827E-01  -2.342851E+00        12
   1.259318E+03   7.218010E+05   1.281230E+00   1.281230E+00   1.656781E+00   1.281230E+00  -1.652074E+01   8.045111E-01  -2.342851E+00        12
   1.260318E+03   7.230030E+05   1.281230E+00   1.281230E+00   1.656781E+00   1.281230E+00  -1.652542E+01   8.033405E-01  -2.342851E+00        12
   1.261318E+03   7.242060E+05   1.281230E+00   1.281230E+00   1.656781E+00   1.281230E+00  -1.653010E+01   8.021708E-01  -2.342851E+00        12
   1.262318E+03   7.254100E+05   1.281230E+00   1.281230E+00   1.656781E+00   1.281230E+00  -1.653477E+01   8.010021E-01  -2.342851E+00        12
   1.263318E+03   7.266150E+05   1.281230E+00   1.281230E+00   1.656781E+00   1.281230E+00  -1.653944E+01   7.998344E-01  -2.342851E+00        12
   1.264318E+03   7.278210E+05   1.281230E+00   1.281230E+00   1.656781E+00   1.281230E+00  -1.654411E+01   7.986676E-01  -2.342851E+00        12
   1.265318E+03   7.290280E+05   1.281230E+00   1.281230E+00   1.656781E+00   1.281230E+00  -1.654877E+01   7.975018E-01  -2.342851E+00        12
   1.266318E+03   7.302360E+05   1.281230E+00   1.281230E+00   1.656781E+00   1.281230E+00  -1.655343E+01   7.963370E-01  -2.342851E+00        12
   1.267318E+03   7.314450E+05   1.281230E+00   1.281230E+00   1.656781E+00   1.281230E+00  -1.655809E+01   7.951731E-01  -2.342851E+00        12
   1.268318E+03   7.326550E+05   1.281230E+00   1.281230E+00   1.656781E+00   1.281230E+00  -1.656274E+01   7.940102E-01  -2.342851E+00        12
   1.269318E+03   7.338660E+05   1.281230E+00   1.281230E+00   1.656781E+00   1.281230E+00  -1.656739E+01   7.928483E-01  -2.342851E+00        12
   1.270318E+03   7.350780E+05   1.281230E+00   1.281230E+00   1.656781E+00   1.281230E+00  -1.657203E+01   7.916873E-01  -2.342851E+00        12
   1.271318E+03   7.362910E+05   1.281230E+00   1.281230E+00   1.656781E+00   1.281230E+00  -1.657667E+01   7.905272E-01  -2.342851E+00        12
   1.272318E+03   7.375050E+05   1.281230E+00   1.281230E+00   1.656781E+00   1.281230E+00  -1.658131E+01   7.893682E-01  -2.342851E+00        12
   1.273318E+03   7.387200E+05   1.281230E+00   1.281230E+00   1.656781E+00   1.281230E+00  -1.658594E+01   7.882101E-01  -2.342851E+00        12
   1.274318E+03   7.399360E+05   1.281230E+00   1.281230E+00   1.656781E+00   1.281230E+00  -1.659057E+01   7.870529E-01  -2.342851E+00        12
   1.275318E+03   7.411530E+05   1.281230E+00   1.281230E+00   1.656781E+00   1.281230E+00  -1.659519E+01   7.858967E-01  -2.342851E+00        12
   1.276318E+03   7.423710E+05   1.281230E+00   1.281230E+00   1.656781E+00   1.281230E+00  -1.659981E+01   7.847414E-01  -2.342851E+00        12
   1.277318E+03   7.435900E+05   1.281230E+00   1.281230E+00   1.656781E+00   1.281230E+00  -1.660443E+01   7.835871E-01  -2.342851E+00        12
   1.278318E+03   7.448100E+05   1.281230E+00   1.281230E+00   1.656781E+00   1.281230E+00  -1.660904E+01   7.824337E-01  -2.342851E+00        12
   1.279318E+03   7.460310E+05   1.281230E+00   1.281230E+00   1.656781E+00   1.281230E+00  -1.661365E+01   7.812813E-01  -2.342851E+00        12
   1.280318E+03   7.472530E+05   1.281230E+00   1.281230E+00   1.656781E+00   1.281230E+00  -1.661826E+01   7.801298E-01  -2.342851E+00        12
   1.281318E+03   7.484760E+05   1.281230E+00   1.281230E+00   1.656781E+00   1.281230E+00  -1.662286E+01   7.789793E-01  -2.342851E+00        12
   1.282318E+03   7.497000E+05   1.281230E+00   1.281230E+00   1.656781E+00   1.281230E+00  -1.662746E+01   7.778297E-01  -2.342851E+00        12
   1.283318E+03   7.509250E+05   1.281230E+00   1.281230E+00   1.656781E+00   1.281230E+00  -1.663206E+01   7.766810E-01  -2.342851E+00        12
   1.284318E+03   7.521510E+05   1.281230E+00   1.281230E+00   1.656781E+00   1.281230E+00  -1.663665E+01   7.755333E-01  -2.342851E+00        12
   1.285318E+03   7.533780E+05   1.281230E+00   1.281230E+00   1.656781E+00   1.281230E+00  -1.664123E+01   7.743865E-01  -2.342851E+00        12
   1.286318E+03   7.546060E+05   1.281230E+00   1.281230E+00   1.656781E+00   1.281230E+00  -1.664582E+01   7.732406E-01  -2.342851E+00        12
   1.287318E+03   7.558350E+05   1.281230E+00   1.281230E+00   1.656781E+00   1.281230E+00  -1.665040E+01   7.720957E-01  -2.342851E+00        12
   1.288318E+03   7.570650E+05   1.281230E+00   1.281230E+00   1.656781E+00   1.281230E+00  -1.665497E+01   7.709517E-01  -2.342851E+00        12
   1.289318E+03   7.582960E+05   1.281230E+00   1.281230E+00   1.656781E+00   1.281230E+00  -1.665955E+01   7.698086E-01  -2.342851E+00        12
   1.290318E+03   7.595280E+05   1.281230E+00   1.281230E+00   1.656781E+00   1.281230E+00  -1.666411E+01   7.686665E-01  -2.342851E+00        12
   1.291318E+03   7.607610E+05   1.281230E+00   1.281230E+00   1.656781E+00   1.281230E+00  -1.666868E+01   7.675253E-01  -2.342851E+00        12
   1.292318E+03   7.619950E+05   1.281230E+00   1.281230E+00   1.656781E+00   1.281230E+00  -1.667324E+01   7.663850E-01  -2.342851E+00        12
   1.293318E+03   7.632300E+05   1.281230E+00   1.281230E+00   1.656781E+00   1.281230E+00  -1.667780E+01   7.652456E-01  -2.342851E+00        12
   1.294318E+03   7.644660E+05   1.281230E+00   1.281230E+00   1.656781E+00   1.281230E+00  -1.668235E+01   7.641072E-01  -2.342851E+00        12
   1.295318E+03   7.657030E+05   1.281230E+00   1.281230E+00   1.656781E+00   1.281230E+00  -1.668690E+01   7.629697E-01  -2.342851E+00        12
   1.296318E+03   7.669410E+05   1.281230E+00   1.281230E+00   1.656781E+00   1.281230E+00  -1.669145E+01   7.618331E-01  -2.342851E+00        12
   1.297318E+03   7.681800E+05   1.281230E+00   1.281230E+00   1.656781E+00   1.281230E+00  -1.669599E+01   7.606974E-01  -2.342851E+00        12
   1.298318E+03   7.694200E+05   1.281230E+00   1.281230E+00   1.656781E+00   1.281230E+00  -1.670053E+01   7.595626E-01  -2.342851E+00        12
   1.299318E+03   7.706610E+05   1.281230E+00   1.281230E+00   1.656781E+00   1.281230E+00  -1.670506E+01   7.584287E-01  -2.342851E+00        12
   1.300318E+03   7.719030E+05   1.281230E+00   1.281230E+00   1.656781E+00   1.281230E+00  -1.670960E+01   7.572958E-01  -2.342851E+00        12
   1.301318E+03   7.731460E+05   1.281230E+00   1.281230E+00   1.656781E+00   1.281230E+00  -1.671412E+01   7.561638E-01  -2.342851E+00        12
   1.302318E+03   7.743900E+05   1.281230E+00   1.281230E+00   1.656781E+00   1.281230E+00  -1.671865E+01   7.550327E-01  -2.342851E+00        12
   1.303318E+03   7.756350E+05   1.281230E+00   1.281230E+00   1.656781E+00   1.281230E+00  -1.672317E+01   7.539024E-01  -2.342851E+00        12
   1.304318E+03   7.768810E+05   1.281230E+00   1.281230E+00   1.656781E+00   1.281230E+00  -1.672769E+01   7.527731E-01  -2.342851E+00        12
   1.305318E+03   7.781280E+05   1.281230E+00   1.281230E+00   1.656781E+00   1.281230E+00  -1.673220E+01   7.516447E-01  -2.342851E+00        12
   1.306318E+03   7.793760E+05   1.281230E+00   1.281230E+00   1.656781E+00   1.281230E+00  -1.673671E+01   7.505172E-01  -2.342851E+00        12
   1.307318E+03   7.806250E+05   1.281230E+00   1.281230E+00   1.656781E+00   1.281230E+00  -1.674122E+01   7.493907E-01  -2.342851E+00        12
   1.308318E+03   7.818750E+05   1.281230E+00   1.281230E+00   1.656781E+00   1.281230E+00  -1.674572E+01   7.482650E-01  -2.342851E+00        12
   1.309318E+03   7.831260E+05   1.281230E+00   1.281230E+00   1.656781E+00   1.281230E+00  -1.675022E+01   7.471402E-01  -2.342851E+00        12
   1.310318E+03   7.843780E+05   1.281230E+00   1.281230E+00   1.656781E+00   1.281230E+00  -1.675471E+01   7.460163E-01  -2.342851E+00        12
   1.311318E+03   7.856310E+05   1.281230E+00   1.281230E+00   1.656781E+00   1.281230E+00  -1.675921E+01   7.448933E-01  -2.342851E+00        12
   1.312318E+03   7.868850E+05   1.281230E+00   1.281230E+00   1.656781E+00   1.281230E+00  -1.676369E+01   7.437712E-01  -2.342851E+00        12
   1.313318E+03   7.881400E+05   1.281230E+00   1.281230E+00   1.656781E+00   1.281230E+00  -1.676818E+01   7.426500E-01  -2.342851E+00        12
   1.314318E+03   7.893960E+05   1.281230E+00   1.281230E+00   1.656781E+00   1.281230E+00  -1.677266E+01   7.415297E-01  -2.342851E+00        12
   1.315318E+03   7.906530E+05   1.281230E+00   1.281230E+00   1.656781E+00   1.281230E+00  -1.677714E+01   7.404102E-01  -2.342851E+00        12
   1.316318E+03   7.919110E+05   1.281230E+00   1.281230E+00   1.656781E+00   1.281230E+00  -1.678161E+01   7.392917E-01  -2.342851E+00        12
   1.317318E+03   7.931700E+05   1.281230E+00   1.281230E+00   1.656781E+00   1.281230E+00  -1.678608E+01   7.381741E-01  -2.342851E+00        12
   1.318318E+03   7.944300E+05   1.281230E+00   1.281230E+00   1.656781E+00   1.281230E+00  -1.679055E+01   7.370573E-01  -2.342851E+00        12
   1.319318E+03   7.956910E+05   1.281230E+00   1.281230E+00   1.656781E+00   1.281230E+00  -1.679501E+01   7.359414E-01  -2.342851E+00        12
   1.320318E+03   7.969530E+05   1.281230E+00   1.281230E+00   1.656781E+00   1.281230E+00  -1.679947E+01   7.348264E-01  -2.342851E+00        12
   1.321318E+03   7.982160E+05   1.281230E+00   1.281230E+00   1.656781E+00   1.281230E+00  -1.680393E+01   7.337123E-01  -2.342851E+00        12
   1.322318E+03   7.994800E+05   1.281230E+00   1.281230E+00   1.656781E+00   1.281230E+00  -1.680838E+01   7.325991E-01  -2.342851E+00        12
   1.323318E+03   8.007450E+05   1.281230E+00   1.281230E+00   1.656781E+00   1.281230E+00  -1.681283E+01   7.314868E-01  -2.342851E+00        12
   1.324318E+03   8.020110E+05   1.281230E+00   1.281230E+00   1.656781E+00   1.281230E+00  -1.681728E+01   7.303753E-01  -2.342851E+00        12
   1.325318E+03   8.032780E+05   1.281230E+00   1.281230E+00   1.656781E+00   1.281230E+00  -1.682172E+01   7.292647E-01  -2.342851E+00        12
   1.326318E+03   8.045460E+05   1.281230E+00   1.281230E+00   1.656781E+00   1.281230E+00  -1.682616E+01   7.281550E-01  -2.342851E+00        12
   1.327318E+03   8.058150E+05   1.281230E+00   1.281230E+00   1.656781E+00   1.281230E+00  -1.683059E+01   7.270462E-01  -2.342851E+00        12
   1.328318E+03   8.070850E+05   1.281230E+00   1.281230E+00   1.656781E+00   1.281230E+00  -1.683503E+01   7.259382E-01  -2.342851E+00        12
   1.329318E+03   8.083560E+05   1.281230E+00   1.281230E+00   1.656781E+00   1.281230E+00  -1.683946E+01   7.248311E-01  -2.342851E+00        12
   1.330318E+03   8.096280E+05   1.281230E+00   1.281230E+00   1.656781E+00   1.281230E+00  -1.684388E+01   7.237249E-01  -2.342851E+00        12
   1.331318E+03   8.109010E+05   1.281230E+00   1.281230E+00   1.656781E+00   1.281230E+00  -1.684830E+01   7.226195E-01  -2.342851E+00        12
   1.332318E+03   8.121750E+05   1.281230E+00   1.281230E+00   1.656781E+00   1.281230E+00  -1.685272E+01   7.215151E-01  -2.342851E+00        12
   1.333318E+03   8.134500E+05   1.281230E+00   1.281230E+00   1.656781E+00   1.281230E+00  -1.685713E+01   7.204114E-01  -2.342851E+00        12
   1.334318E+03   8.147260E+05   1.281230E+00   1.281230E+00   1.656781E+00   1.281230E+00  -1.686154E+01   7.193087E-01  -2.342851E+00        12
   1.335318E+03   8.160030E+05   1.281230E+00   1.281230E+00   1.656781E+00   1.281230E+00  -1.686595E+01   7.182068E-01  -2.342851E+00        12
   1.336318E+03   8.172810E+05   1.281230E+00   1.281230E+00   1.656781E+00   1.281230E+00  -1.687036E+01   7.171058E-01  -2.342851E+00        12
   1.337318E+03   8.185600E+05   1.281230E+00   1.281230E+00   1.656781E+00   1.281230E+00  -1.687476E+01   7.160056E-01  -2.342851E+00        12
   1.338318E+03   8.198400E+05   1.281230E+00   1.281230E+00   1.656781E+00   1.281230E+00  -1.687915E+01   7.149063E-01  -2.342851E+00        12
   1.339318E+03   8.211210E+05   1.281230E+00   1.281230E+00   1.656781E+00   1.281230E+00  -1.688355E+01   7.138078E-01  -2.342851E+00        12
   1.340318E+03   8.224030E+05   1.281230E+00   1.281230E+00   1.656781E+00   1.281230E+00  -1.688794E+01   7.127102E-01  -2.342851E+00        12
   1.341318E+03   8.236860E+05   1.281230E+00   1.281230E+00   1.656781E+00   1.281230E+00  -1.689233E+01   7.116135E-01  -2.342851E+00        12
   1.342318E+03   8.249700E+05   1.281230E+00   1.281230E+00   1.656781E+00   1.281230E+00  -1.689671E+01   7.105176E-01  -2.342851E+00        12
   1.343318E+03   8.262550E+05   1.281230E+00   1.281230E+00   1.656781E+00   1.281230E+00  -1.690109E+01   7.094226E-01  -2.342851E+00        12
   1.344318E+03   8.275410E+05   1.281230E+00   1.281230E+00   1.656781E+00   1.281230E+00  -1.690547E+01   7.083284E-01  -2.342851E+00        12
   1.345318E+03   8.288280E+05   1.281230E+00   1.281230E+00   1.656781E+00   1.281230E+00  -1.690984E+01   7.072351E-01  -2.342851E+00        12
   1.346318E+03   8.301160E+05   1.281230E+00   1.281230E+00   1.656781E+00   1.281230E+00  -1.691421E+01   7.061426E-01  -2.342851E+00        12
   1.347318E+03   8.314050E+05   1.281230E+00   1.281230E+00   1.656781E+00   1.281230E+00  -1.691858E+01   7.050510E-01  -2.342851E+00        12
   1.348318E+03   8.326950E+05   1.281230E+00   1.281230E+00   1.656781E+00   1.281230E+00  -1.692294E+01   7.039602E-01  -2.342851E+00        12
   1.349318E+03   8.339860E+05   1.281230E+00   1.281230E+00   1.656781E+00   1.281230E+00  -1.692730E+01   7.028702E-01  -2.342851E+00        12
   1.350318E+03   8.352780E+05   1.281230E+00   1.281230E+00   1.656781E+00   1.281230E+00  -1.693165E+01   7.017811E-01  -2.342851E+00        12
   1.351318E+03   8.365710E+05   1.281230E+00   1.281230E+00   1.656781E+00   1.281230E+00  -1.693601E+01   7.006929E-01  -2.342851E+00        12
   1.352318E+03   8.378650E+05   1.281230E+00   1.281230E+00   1.656781E+00   1.281230E+00  -1.694036E+01   6.996055E-01  -2.342851E+00        12
   1.353318E+03   8.391600E+05   1.281230E+00   1.281230E+00   1.656781E+00   1.281230E+00  -1.694470E+01   6.985189E-01  -2.342851E+00        12
   1.354318E+03   8.404560E+05   1.281230E+00   1.281230E+00   1.656781E+00   1.281230E+00  -1.694905E+01   6.974332E-01  -2.342851E+00        12
   1.355318E+03   8.417530E+05   1.281230E+00   1.281230E+00   1.656781E+00   1.281230E+00  -1.695339E+01   6.963483E-01  -2.342851E+00        12
   1.356318E+03   8.430510E+05   1.281230E+00   1.281230E+00   1.656781E+00   1.281230E+00  -1.695772E+01   6.952642E-01  -2.342851E+00        12
   1.357318E+03   8.443500E+05   1.281230E+00   1.281230E+00   1.656781E+00   1.281230E+00  -1.696206E+01   6.941810E-01  -2.342851E+00        12
   1.358318E+03   8.456500E+05   1.281230E+00   1.281230E+00   1.656781E+00   1.281230E+00  -1.696639E+01   6.930986E-01  -2.342851E+00        12
   1.359318E+03   8.469510E+05   1.281230E+00   1.281230E+00   1.656781E+00   1.281230E+00  -1.697071E+01   6.920170E-01  -2.342851E+00        12
   1.360318E+03   8.482530E+05   1.281230E+00   1.281230E+00   1.656781E+00   1.281230E+00  -1.697503E+01   6.909363E-01  -2.342851E+00        12
   1.361318E+03   8.495560E+05   1.281230E+00   1.281230E+00   1.656781E+00   1.281230E+00  -1.697935E+01   6.898564E-01  -2.342851E+00        12
   1.362318E+03   8.508600E+05   1.281230E+00   1.281230E+00   1.656781E+00   1.281230E+00  -1.698367E+01   6.887773E-01  -2.342851E+00        12
   1.363318E+03   8.521650E+05   1.281230E+00   1.281230E+00   1.656781E+00   1.281230E+00  -1.698798E+01   6.876991E-01  -2.342851E+00        12
   1.364318E+03   8.534710E+05   1.281230E+00   1.281230E+00   1.656781E+00   1.281230E+00  -1.699229E+01   6.866216E-01  -2.342851E+00        12
   1.365318E+03   8.547780E+05   1.281230E+00   1.281230E+00   1.656781E+00   1.281230E+00  -1.699660E+01   6.855450E-01  -2.342851E+00        12
   1.366318E+03   8.560860E+05   1.281230E+00   1.281230E+00   1.656781E+00   1.281230E+00  -1.700090E+01   6.844693E-01  -2.342851E+00        12
   1.367318E+03   8.573950E+05   1.281230E+00   1.281230E+00   1.656781E+00   1.281230E+00  -1.700520E+01   6.833943E-01  -2.342851E+00        12
   1.368318E+03   8.587050E+05   1.281230E+00   1.281230E+00   1.656781E+00   1.281230E+00  -1.700950E+01   6.823202E-01  -2.342851E+00        12
   1.369318E+03   8.600160E+05   1.281230E+00   1.281230E+00   1.656781E+00   1.281230E+00  -1.701379E+01   6.812469E-01  -2.342851E+00        12
   1.370318E+03   8.613280E+05   1.281230E+00   1.281230E+00   1.656781E+00   1.281230E+00  -1.701808E+01   6.801744E-01  -2.342851E+00        12
   1.371318E+03   8.626410E+05   1.281230E+00   1.281230E+00   1.656781E+00   1.281230E+00  -1.702237E+01   6.791027E-01  -2.342851E+00        12
   1.372318E+03   8.639550E+05   1.281230E+00   1.281230E+00   1.656781E+00   1.281230E+00  -1.702665E+01   6.780318E-01  -2.342851E+00        12
   1.373318E+03   8.652700E+05   1.281230E+00   1.281230E+00   1.656781E+00   1.281230E+00  -1.703093E+01   6.769618E-01  -2.342851E+00        12
   1.374318E+03   8.665860E+05   1.281230E+00   1.281230E+00   1.656781E+00   1.281230E+00  -1.703521E+01   6.758925E-01  -2.342851E+00        12
   1.375318E+03   8.679030E+05   1.281230E+00   1.281230E+00   1.656781E+00   1.281230E+00  -1.703948E+01   6.748241E-01  -2.342851E+00        12
   1.376318E+03   8.692210E+05   1.281230E+00   1.281230E+00   1.656781E+00   1.281230E+00  -1.704375E+01   6.737565E-01  -2.342851E+00        12
   1.377318E+03   8.705400E+05   1.281230E+00   1.281230E+00   1.656781E+00   1.281230E+00  -1.704802E+01   6.726897E-01  -2.342851E+00        12
   1.378318E+03   8.718600E+05   1.281230E+00   1.281230E+00   1.656781E+00   1.281230E+00  -1.705228E+01   6.716237E-01  -2.342851E+00        12
   1.379318E+03   8.731810E+05   1.281230E+00   1.281230E+00   1.656781E+00   1.281230E+00  -1.705655E+01   6.705585E-01  -2.342851E+00        12
   1.380318E+03   8.745030E+05   1.281230E+00   1.281230E+00   1.656781E+00   1.281230E+00  -1.706080E+01   6.694941E-01  -2.342851E+00        12
   1.381318E+03   8.758260E+05   1.281230E+00   1.281230E+00   1.656781E+00   1.281230E+00  -1.706506E+01   6.684305E-01  -2.342851E+00        12
   1.382318E+03   8.771500E+05   1.281230E+00   1.281230E+00   1.656781E+00   1.281230E+00  -1.706931E+01   6.673678E-01  -2.342851E+00        12
   1.383318E+03   8.784750E+05   1.281230E+00   1.281230E+00   1.656781E+00   1.281230E+00  -1.707356E+01   6.663058E-01  -2.342851E+00        12
   1.384318E+03   8.798010E+05   1.281230E+00   1.281230E+00   1.656781E+00   1.281230E+00  -1.707780E+01   6.652446E-01  -2.342851E+00        12
   1.385318E+03   8.811280E+05   1.281230E+00   1.281230E+00   1.656781E+00   1.281230E+00  -1.708204E+01   6.641843E-01  -2.342851E+00        12
   1.386318E+03   8.824560E+05   1.281230E+00   1.281230E+00   1.656781E+00   1.281230E+00  -1.708628E+01   6.631247E-01  -2.342851E+00        12
   1.387318E+03   8.837850E+05   1.281230E+00   1.281230E+00   1.656781E+00   1.281230E+00  -1.709052E+01   6.620659E-01  -2.342851E+00        12
   1.388318E+03   8.851150E+05   1.281230E+00   1.281230E+00   1.656781E+00   1.281230E+00  -1.709475E+01   6.610079E-01  -2.342851E+00        12
   1.389318E+03   8.864460E+05   1.281230E+00   1.281230E+00   1.656781E+00   1.281230E+00  -1.709898E+01   6.599507E-01  -2.342851E+00        12
   1.390318E+03   8.877780E+05   1.281230E+00   1.281230E+00   1.656781E+00   1.281230E+00  -1.710320E+01   6.588943E-01  -2.342851E+00        12
   1.391318E+03   8.891110E+05   1.281230E+00   1.281230E+00   1.656781E+00   1.281230E+00  -1.710742E+01   6.578387E-01  -2.342851E+00        12
   1.392318E+03   8.904450E+05   1.281230E+00   1.281230E+00   1.656781E+00   1.281230E+00  -1.711164E+01   6.567839E-01  -2.342851E+00        12
   1.393318E+03   8.917800E+05   1.281230E+00   1.281230E+00   1.656781E+00   1.281230E+00  -1.711586E+01   6.557299E-01  -2.342851E+00        12
   1.394318E+03   8.931160E+05   1.281230E+00   1.281230E+00   1.656781E+00   1.281230E+00  -1.712007E+01   6.546767E-01  -2.342851E+00        12
   1.395318E+03   8.944530E+05   1.281230E+00   1.281230E+00   1.656781E+00   1.281230E+00  -1.712428E+01   6.536242E-01  -2.342851E+00        12
   1.396318E+03   8.957910E+05   1.281230E+00   1.281230E+00   1.656781E+00   1.281230E+00  -1.712849E+01   6.525726E-01  -2.342851E+00        12
   1.397318E+03   8.971300E+05   1.281230E+00   1.281230E+00   1.656781E+00   1.281230E+00  -1.713269E+01   6.515217E-01  -2.342851E+00        12
   1.398318E+03   8.984700E+05   1.281230E+00   1.281230E+00   1.656781E+00   1.281230E+00  -1.713689E+01   6.504716E-01  -2.342851E+00        12
   1.399318E+03   8.998110E+05   1.281230E+00   1.281230E+00   1.656781E+00   1.281230E+00  -1.714109E+01   6.494223E-01  -2.342851E+00        12
   1.400318E+03   9.011530E+05   1.281230E+00   1.281230E+00   1.656781E+00   1.281230E+00  -1.714528E+01   6.483738E-01  -2.342851E+00        12
   1.401318E+03   9.024960E+05   1.281230E+00   1.281230E+00   1.656781E+00   1.281230E+00  -1.714948E+01   6.473261E-01  -2.342851E+00        12
   1.402318E+03   9.038400E+05   1.281230E+00   1.281230E+00   1.656781E+00   1.281230E+00  -1.715366E+01   6.462791E-01  -2.342851E+00        12
   1.403318E+03   9.051850E+05   1.281230E+00   1.281230E+00   1.656781E+00   1.281230E+00  -1.715785E+01   6.452329E-01  -2.342851E+00        12
   1.404318E+03   9.065310E+05   1.281230E+00   1.281230E+00   1.656781E+00   1.281230E+00  -1.716203E+01   6.441875E-01  -2.342851E+00        12
   1.405318E+03   9.078780E+05   1.281230E+00   1.281230E+00   1.656781E+00   1.281230E+00  -1.716621E+01   6.431429E-01  -2.342851E+00        12
   1.406318E+03   9.092260E+05   1.281230E+00   1.281230E+00   1.656781E+00   1.281230E+00  -1.717038E+01   6.420990E-01  -2.342851E+00        12
   1.407318E+03   9.105750E+05   1.281230E+00   1.281230E+00   1.656781E+00   1.281230E+00  -1.717456E+01   6.410560E-01  -2.342851E+00        12
   1.408318E+03   9.119250E+05   1.281230E+00   1.281230E+00   1.656781E+00   1.281230E+00  -1.717872E+01   6.400137E-01  -2.342851E+00        12
   1.409318E+03   9.132760E+05   1.281230E+00   1.281230E+00   1.656781E+00   1.281230E+00  -1.718289E+01   6.389721E-01  -2.342851E+00        12
   1.410318E+03   9.146280E+05   1.281230E+00   1.281230E+00   1.656781E+00   1.281230E+00  -1.718705E+01   6.379314E-01  -2.342851E+00        12
   1.411318E+03   9.159810E+05   1.281230E+00   1.281230E+00   1.656781E+00   1.281230E+00  -1.719121E+01   6.368914E-01  -2.342851E+00        12
   1.412318E+03   9.173350E+05   1.281230E+00   1.281230E+00   1.656781E+00   1.281230E+00  -1.719537E+01   6.358521E-01  -2.342851E+00        12
   1.413318E+03   9.186900E+05   1.281230E+00   1.281230E+00   1.656781E+00   1.281230E+00  -1.719952E+01   6.348137E-01  -2.342851E+00        12
   1.414318E+03   9.200460E+05   1.281230E+00   1.281230E+00   1.656781E+00   1.281230E+00  -1.720368E+01   6.337760E-01  -2.342851E+00        12
   1.415318E+03   9.214030E+05   1.281230E+00   1.281230E+00   1.656781E+00   1.281230E+00  -1.720782E+01   6.327391E-01  -2.342851E+00        12
   1.416318E+03   9.227610E+05   1.281230E+00   1.281230E+00   1.656781E+00   1.281230E+00  -1.721197E+01   6.317029E-01  -2.342851E+00        12
   1.417318E+03   9.241200E+05   1.281230E+00   1.281230E+00   1.656781E+00   1.281230E+00  -1.721611E+01   6.306675E-01  -2.342851E+00        12
   1.418318E+03   9.254800E+05   1.281230E+00   1.281230E+00   1.656781E+00   1.281230E+00  -1.722025E+01   6.296328E-01  -2.342851E+00        12
   1.419318E+03   9.268410E+05   1.281230E+00   1.281230E+00   1.656781E+00   1.281230E+00  -1.722438E+01   6.285990E-01  -2.342851E+00        12
   1.420318E+03   9.282030E+05   1.281230E+00   1.281230E+00   1.656781E+00   1.281230E+00  -1.722852E+01   6.275658E-01  -2.342851E+00        12
   1.421318E+03   9.295660E+05   1.281230E+00   1.281230E+00   1.656781E+00   1.281230E+00  -1.723265E+01   6.265335E-01  -2.342851E+00        12
   1.422318E+03   9.309300E+05   1.281230E+00   1.281230E+00   1.656781E+00   1.281230E+00  -1.723677E+01   6.255019E-01  -2.342851E+00        12
   1.423318E+03   9.322950E+05   1.281230E+00   1.281230E+00   1.656781E+00   1.281230E+00  -1.724090E+01   6.244710E-01  -2.342851E+00        12
   1.424318E+03   9.336610E+05   1.281230E+00   1.281230E+00   1.656781E+00   1.281230E+00  -1.724502E+01   6.234409E-01  -2.342851E+00        12
   1.425318E+03   9.350280E+05   1.281230E+00   1.281230E+00   1.656781E+00   1.281230E+00  -1.724913E+01   6.224116E-01  -2.342851E+00        12
   1.426318E+03   9.363960E+05   1.281230E+00   1.281230E+00   1.656781E+00   1.281230E+00  -1.725325E+01   6.213830E-01  -2.342851E+00        12
   1.427318E+03   9.377650E+05   1.281230E+00   1.281230E+00   1.656781E+00   1.281230E+00  -1.725736E+01   6.203551E-01  -2.342851E+00        12
   1.428318E+03   9.391350E+05   1.281230E+00   1.281230E+00   1.656781E+00   1.281230E+00  -1.726147E+01   6.193280E-01  -2.342851E+00        12
   1.429318E+03   9.405060E+05   1.281230E+00   1.281230E+00   1.656781E+00   1.281230E+00  -1.726557E+01   6.183017E-01  -2.342851E+00        12
   1.430318E+03   9.418780E+05   1.281230E+00   1.281230E+00   1.656781E+00   1.281230E+00  -1.726968E+01   6.172761E-01  -2.342851E+00        12
   1.431318E+03   9.432510E+05   1.281230E+00   1.281230E+00   1.656781E+00   1.281230E+00  -1.727377E+01   6.162513E-01  -2.342851E+00        12
   1.432318E+03   9.446250E+05   1.281230E+00   1.281230E+00   1.656781E+00   1.281230E+00  -1.727787E+01   6.152272E-01  -2.342851E+00        12
   1.433318E+03   9.460000E+05   1.281230E+00   1.281230E+00   1.656781E+00   1.281230E+00  -1.728196E+01   6.142038E-01  -2.342851E+00        12
   1.434318E+03   9.473760E+05   1.281230E+00   1.281230E+00   1.656781E+00   1.281230E+00  -1.728605E+01   6.131812E-01  -2.342851E+00        12
   1.435318E+03   9.487530E+05   1.281230E+00   1.281230E+00   1.656781E+00   1.281230E+00  -1.729014E+01   6.121593E-01  -2.342851E+00        12
   1.436318E+03   9.501310E+05   1.281230E+00   1.281230E+00   1.656781E+00   1.281230E+00  -1.729423E+01   6.111382E-01  -2.342851E+00        12
   1.437318E+03   9.515100E+05   1.281230E+00   1.281230E+00   1.656781E+00   1.281230E+00  -1.729831E+01   6.101178E-01  -2.342851E+00        12
   1.438318E+03   9.528900E+05   1.281230E+00   1.281230E+00   1.656781E+00   1.281230E+00  -1.730239E+01   6.090982E-01  -2.342851E+00        12
   1.439318E+03   9.542710E+05   1.281230E+00   1.281230E+00   1.656781E+00   1.281230E+00  -1.730646E+01   6.080792E-01  -2.342851E+00        12
   1.440318E+03   9.556530E+05   1.281230E+00   1.281230E+00   1.656781E+00   1.281230E+00  -1.731054E+01   6.070611E-01  -2.342851E+00        12
   1.441318E+03   9.570360E+05   1.281230E+00   1.281230E+00   1.656781E+00   1.281230E+00  -1.731460E+01   6.060436E-01  -2.342851E+00        12
   1.442318E+03   9.584200E+05   1.281230E+00   1.281230E+00   1.656781E+00   1.281230E+00  -1.731867E+01   6.050269E-01  -2.342851E+00        12
   1.443318E+03   9.598050E+05   1.281230E+00   1.281230E+00   1.656781E+00   1.281230E+00  -1.732274E+01   6.040110E-01  -2.342851E+00        12
   1.444318E+03   9.611910E+05   1.281230E+00   1.281230E+00   1.656781E+00   1.281230E+00  -1.732680E+01   6.029957E-01  -2.342851E+00        12
   1.445318E+03   9.625780E+05   1.281230E+00   1.281230E+00   1.656781E+00   1.281230E+00  -1.733085E+01   6.019812E-01  -2.342851E+00        12
   1.446318E+03   9.639660E+05   1.281230E+00   1.281230E+00   1.656781E+00   1.281230E+00  -1.733491E+01   6.009675E-01  -2.342851E+00        12
   1.447318E+03   9.653550E+05   1.281230E+00   1.281230E+00   1.656781E+00   1.281230E+00  -1.733896E+01   5.999544E-01  -2.342851E+00        12
   1.448318E+03   9.667450E+05   1.281230E+00   1.281230E+00   1.656781E+00   1.281230E+00  -1.734301E+01   5.989421E-01  -2.342851E+00        12
   1.449318E+03   9.681360E+05   1.281230E+00   1.281230E+00   1.656781E+00   1.281230E+00  -1.734706E+01   5.979305E-01  -2.342851E+00        12
   1.450318E+03   9.695280E+05   1.281230E+00   1.281230E+00   1.656781E+00   1.281230E+00  -1.735110E+01   5.969197E-01  -2.342851E+00        12
   1.451318E+03   9.709210E+05   1.281230E+00   1.281230E+00   1.656781E+00   1.281230E+00  -1.735514E+01   5.959095E-01  -2.342851E+00        12
   1.452318E+03   9.723150E+05   1.281230E+00   1.281230E+00   1.656781E+00   1.281230E+00  -1.735918E+01   5.949001E-01  -2.342851E+00        12
   1.453318E+03   9.737100E+05   1.281230E+00   1.281230E+00   1.656781E+00   1.281230E+00  -1.736321E+01   5.938914E-01  -2.342851E+00        12
   1.454318E+03   9.751060E+05   1.281230E+00   1.281230E+00   1.656781E+00   1.281230E+00  -1.736725E+01   5.928835E-01  -2.342851E+00        12
   1.455318E+03   9.765030E+05   1.281230E+00   1.281230E+00   1.656781E+00   1.281230E+00  -1.737127E+01   5.918762E-01  -2.342851E+00        12
   1.456318E+03   9.779010E+05   1.281230E+00   1.281230E+00   1.656781E+00   1.281230E+00  -1.737530E+01   5.908697E-01  -2.342851E+00        12
   1.457318E+03   9.793000E+05   1.281230E+00   1.281230E+00   1.656781E+00   1.281230E+00  -1.737932E+01   5.898639E-01  -2.342851E+00        12
   1.458318E+03   9.807000E+05   1.281230E+00   1.281230E+00   1.656781E+00   1.281230E+00  -1.738334E+01   5.888588E-01  -2.342851E+00        12
   1.459318E+03   9.821010E+05   1.281230E+00   1.281230E+00   1.656781E+00   1.281230E+00  -1.738736E+01   5.878545E-01  -2.342851E+00        12
   1.460318E+03   9.835030E+05   1.281230E+00   1.281230E+00   1.656781E+00   1.281230E+00  -1.739138E+01   5.868508E-01  -2.342851E+00        12
   1.461318E+03   9.849060E+05   1.281230E+00   1.281230E+00   1.656781E+00   1.281230E+00  -1.739539E+01   5.858479E-01  -2.342851E+00        12
   1.462318E+03   9.863100E+05   1.281230E+00   1.281230E+00   1.656781E+00   1.281230E+00  -1.739940E+01   5.848457E-01  -2.342851E+00        12
   1.463318E+03   9.877150E+05   1.281230E+00   1.281230E+00   1.656781E+00   1.281230E+00  -1.740340E+01   5.838442E-01  -2.342851E+00        12
   1.464318E+03   9.891210E+05   1.281230E+00   1.281230E+00   1.656781E+00   1.281230E+00  -1.740741E+01   5.828434E-01  -2.342851E+00        12
   1.465318E+03   9.905280E+05   1.281230E+00   1.281230E+00   1.656781E+00   1.281230E+00  -1.741141E+01   5.818433E-01  -2.342851E+00        12
   1.466318E+03   9.919360E+05   1.281230E+00   1.281230E+00   1.656781E+00   1.281230E+00  -1.741540E+01   5.808439E-01  -2.342851E+00        12
   1.467318E+03   9.933450E+05   1.281230E+00   1.281230E+00   1.656781E+00   1.281230E+00  -1.741940E+01   5.798453E-01  -2.342851E+00        12
   1.468318E+03   9.947550E+05   1.281230E+00   1.281230E+00   1.656781E+00   1.281230E+00  -1.742339E+01   5.788473E-01  -2.342851E+00        12
   1.469318E+03   9.961660E+05   1.281230E+00   1.281230E+00   1.656781E+00   1.281230E+00  -1.742738E+01   5.778501E-01  -2.342851E+00        12
   1.470318E+03   9.975780E+05   1.281230E+00   1.281230E+00   1.656781E+00   1.281230E+00  -1.743137E+01   5.768535E-01  -2.342851E+00        12
   1.471318E+03   9.989910E+05   1.281230E+00   1.281230E+00   1.656781E+00   1.281230E+00  -1.743535E+01   5.758577E-01  -2.342851E+00        12
   1.472318E+03   1.000405E+06   1.281230E+00   1.281230E+00   1.656781E+00   1.281230E+00  -1.743933E+01   5.748626E-01  -2.342851E+00        12
   1.473318E+03   1.001820E+06   1.281230E+00   1.281230E+00   1.656781E+00   1.281230E+00  -1.744331E+01   5.738681E-01  -2.342851E+00        12
   1.474318E+03   1.003236E+06   1.281230E+00   1.281230E+00   1.656781E+00   1.281230E+00  -1.744728E+01   5.728744E-01  -2.342851E+00        12
   1.475318E+03   1.004653E+06   1.281230E+00   1.281230E+00   1.656781E+00   1.281230E+00  -1.745125E+01   5.718814E-01  -2.342851E+00        12
   1.476318E+03   1.006071E+06   1.281230E+00   1.281230E+00   1.656781E+00   1.281230E+00  -1.745522E+01   5.708891E-01  -2.342851E+00        12
   1.477318E+03   1.007490E+06   1.281230E+00   1.281230E+00   1.656781E+00   1.281230E+00  -1.745919E+01   5.698974E-01  -2.342851E+00        12
   1.478318E+03   1.008910E+06   1.281230E+00   1.281230E+00   1.656781E+00   1.281230E+00  -1.746315E+01   5.689065E-01  -2.342851E+00        12
   1.479318E+03   1.010331E+06   1.281230E+00   1.281230E+00   1.656781E+00   1.281230E+00  -1.746711E+01   5.679163E-01  -2.342851E+00        12
   1.480318E+03   1.011753E+06   1.281230E+00   1.281230E+00   1.656781E+00   1.281230E+00  -1.747107E+01   5.669268E-01  -2.342851E+00        12
   1.481318E+03   1.013176E+06   1.281230E+00   1.281230E+00   1.656781E+00   1.281230E+00  -1.747503E+01   5.659379E-01  -2.342851E+00        12
   1.482318E+03   1.014600E+06   1.281230E+00   1.281230E+00   1.656781E+00   1.281230E+00  -1.747898E+01   5.649498E-01  -2.342851E+00        12
   1.483318E+03   1.016025E+06   1.281230E+00   1.281230E+00   1.656781E+00   1.281230E+00  -1.748293E+01   5.639623E-01  -2.342851E+00        12
   1.484318E+03   1.017451E+06   1.281230E+00   1.281230E+00   1.656781E+00   1.281230E+00  -1.748688E+01   5.629756E-01  -2.342851E+00        12
   1.485318E+03   1.018878E+06   1.281230E+00   1.281230E+00   1.656781E+00   1.281230E+00  -1.749082E+01   5.619895E-01  -2.342851E+00        12
   1.486318E+03   1.020306E+06   1.281230E+00   1.281230E+00   1.656781E+00   1.281230E+00  -1.749476E+01   5.610041E-01  -2.342851E+00        12
   1.487318E+03   1.021735E+06   1.281230E+00   1.281230E+00   1.656781E+00   1.281230E+00  -1.749870E+01   5.600195E-01  -2.342851E+00        12
   1.488318E+03   1.023165E+06   1.281230E+00   1.281230E+00   1.656781E+00   1.281230E+00  -1.750264E+01   5.590355E-01  -2.342851E+00        12
   1.489318E+03   1.024596E+06   1.281230E+00   1.281230E+00   1.656781E+00   1.281230E+00  -1.750657E+01   5.580521E-01  -2.342851E+00        12
   1.490318E+03   1.026028E+06   1.281230E+00   1.281230E+00   1.656781E+00   1.281230E+00  -1.751050E+01   5.570695E-01  -2.342851E+00        12
   1.491318E+03   1.027461E+06   1.281230E+00   1.281230E+00   1.656781E+00   1.281230E+00  -1.751443E+01   5.560876E-01  -2.342851E+00        12
   1.492318E+03   1.028895E+06   1.281230E+00   1.281230E+00   1.656781E+00   1.281230E+00  -1.751835E+01   5.551063E-01  -2.342851E+00        12
   1.493318E+03   1.030330E+06   1.281230E+00   1.281230E+00   1.656781E+00   1.281230E+00  -1.752228E+01   5.541258E-01  -2.342851E+00        12
   1.494318E+03   1.031766E+06   1.281230E+00   1.281230E+00   1.656781E+00   1.281230E+00  -1.752620E+01   5.531459E-01  -2.342851E+00        12
   1.495318E+03   1.033203E+06   1.281230E+00   1.281230E+00   1.656781E+00   1.281230E+00  -1.753011E+01   5.521667E-01  -2.342851E+00        12
   1.496318E+03   1.034641E+06   1.281230E+00   1.281230E+00   1.656781E+00   1.281230E+00  -1.753403E+01   5.511882E-01  -2.342851E+00        12
   1.497318E+03   1.036080E+06   1.281230E+00   1.281230E+00   1.656781E+00   1.281230E+00  -1.753794E+01   5.502103E-01  -2.342851E+00        12
   1.498318E+03   1.037520E+06   1.281230E+00   1.281230E+00   1.656781E+00   1.281230E+00  -1.754185E+01   5.492332E-01  -2.342851E+00        12
   1.499318E+03   1.038961E+06   1.281230E+00   1.281230E+00   1.656781E+00   1.281230E+00  -1.754575E+01   5.482567E-01  -2.342851E+00        12
   1.500318E+03   1.040403E+06   1.281230E+00   1.281230E+00   1.656781E+00   1.281230E+00  -1.754966E+01   5.472809E-01  -2.342851E+00        12
   1.501318E+03   1.041846E+06   1.281230E+00   1.281230E+00   1.656781E+00   1.281230E+00  -1.755356E+01   5.463057E-01  -2.342851E+00        12
   1.502318E+03   1.043290E+06   1.281230E+00   1.281230E+00   1.656781E+00   1.281230E+00  -1.755745E+01   5.453313E-01  -2.342851E+00        12
   1.503318E+03   1.044735E+06   1.281230E+00   1.281230E+00   1.656781E+00   1.281230E+00  -1.756135E+01   5.443575E-01  -2.342851E+00        12
   1.504318E+03   1.046181E+06   1.281230E+00   1.281230E+00   1.656781E+00   1.281230E+00  -1.756524E+01   5.433844E-01  -2.342851E+00        12
   1.505318E+03   1.047628E+06   1.281230E+00   1.281230E+00   1.656781E+00   1.281230E+00  -1.756913E+01   5.424120E-01  -2.342851E+00        12
   1.506318E+03   1.049076E+06   1.281230E+00   1.281230E+00   1.656781E+00   1.281230E+00  -1.757302E+01   5.414402E-01  -2.342851E+00        12
   1.507318E+03   1.050525E+06   1.281230E+00   1.281230E+00   1.656781E+00   1.281230E+00  -1.757690E+01   5.404691E-01  -2.342851E+00        12
   1.508318E+03   1.051975E+06   1.281230E+00   1.281230E+00   1.656781E+00   1.281230E+00  -1.758078E+01   5.394987E-01  -2.342851E+00        12
   1.509318E+03   1.053426E+06   1.281230E+00   1.281230E+00   1.656781E+00   1.281230E+00  -1.758466E+01   5.385289E-01  -2.342851E+00        12
   1.510318E+03   1.054878E+06   1.281230E+00   1.281230E+00   1.656781E+00   1.281230E+00  -1.758854E+01   5.375598E-01  -2.342851E+00        12
   1.511318E+03   1.056331E+06   1.281230E+00   1.281230E+00   1.656781E+00   1.281230E+00  -1.759241E+01   5.365914E-01  -2.342851E+00        12
   1.512318E+03   1.057785E+06   1.281230E+00   1.281230E+00   1.656781E+00   1.281230E+00  -1.759628E+01   5.356237E-01  -2.342851E+00        12
   1.513318E+03   1.059240E+06   1.281230E+00   1.281230E+00   1.656781E+00   1.281230E+00  -1.760015E+01   5.346566E-01  -2.342851E+00        12
   1.514318E+03   1.060696E+06   1.281230E+00   1.281230E+00   1.656781E+00   1.281230E+00  -1.760402E+01   5.336901E-01  -2.342851E+00        12
   1.515318E+03   1.062153E+06   1.281230E+00   1.281230E+00   1.656781E+00   1.281230E+00  -1.760788E+01   5.327244E-01  -2.342851E+00        12
   1.516318E+03   1.063611E+06   1.281230E+00   1.281230E+00   1.656781E+00   1.281230E+00  -1.761174E+01   5.317593E-01  -2.342851E+00        12
   1.517318E+03   1.065070E+06   1.281230E+00   1.281230E+00   1.656781E+00   1.281230E+00  -1.761560E+01   5.307948E-01  -2.342851E+00        12
   1.518318E+03   1.066530E+06   1.281230E+00   1.281230E+00   1.656781E+00   1.281230E+00  -1.761946E+01   5.298311E-01  -2.342851E+00        12
   1.519318E+03   1.067991E+06   1.281230E+00   1.281230E+00   1.656781E+00   1.281230E+00  -1.762331E+01   5.288680E-01  -2.342851E+00        12
   1.520318E+03   1.069453E+06   1.281230E+00   1.281230E+00   1.656781E+00   1.281230E+00  -1.762716E+01   5.279055E-01  -2.342851E+00        12
   1.521318E+03   1.070916E+06   1.281230E+00   1.281230E+00   1.656781E+00   1.281230E+00  -1.763100E+01   5.269437E-01  -2.342851E+00        12
   1.522318E+03   1.072380E+06   1.281230E+00   1.281230E+00   1.656781E+00   1.281230E+00  -1.763485E+01   5.259825E-01  -2.342851E+00        12
   1.523318E+03   1.073845E+06   1.281230E+00   1.281230E+00   1.656781E+00   1.281230E+00  -1.763869E+01   5.250221E-01  -2.342851E+00        12
   1.524318E+03   1.075311E+06   1.281230E+00   1.281230E+00   1.656781E+00   1.281230E+00  -1.764253E+01   5.240622E-01  -2.342851E+00        12
   1.525318E+03   1.076778E+06   1.281230E+00   1.281230E+00   1.656781E+00   1.281230E+00  -1.764637E+01   5.231031E-01  -2.342851E+00        12
   1.526318E+03   1.078246E+06   1.281230E+00   1.281230E+00   1.656781E+00   1.281230E+00  -1.765020E+01   5.221445E-01  -2.342851E+00        12
   1.527318E+03   1.079715E+06   1.281230E+00   1.281230E+00   1.656781E+00   1.281230E+00  -1.765403E+01   5.211867E-01  -2.342851E+00        12
   1.528318E+03   1.081185E+06   1.281230E+00   1.281230E+00   1.656781E+00   1.281230E+00  -1.765786E+01   5.202294E-01  -2.342851E+00        12
   1.529318E+03   1.082656E+06   1.281230E+00   1.281230E+00   1.656781E+00   1.281230E+00  -1.766169E+01   5.192729E-01  -2.342851E+00        12
   1.530318E+03   1.084128E+06   1.281230E+00   1.281230E+00   1.656781E+00   1.281230E+00  -1.766551E+01   5.183169E-01  -2.342851E+00        12
   1.531318E+03   1.085601E+06   1.281230E+00   1.281230E+00   1.656781E+00   1.281230E+00  -1.766933E+01   5.173617E-01  -2.342851E+00        12
   1.532318E+03   1.087075E+06   1.281230E+00   1.281230E+00   1.656781E+00   1.281230E+00  -1.767315E+01   5.164070E-01  -2.342851E+00        12
   1.533318E+03   1.088550E+06   1.281230E+00   1.281230E+00   1.656781E+00   1.281230E+00  -1.767697E+01   5.154531E-01  -2.342851E+00        12
   1.534318E+03   1.090026E+06   1.281230E+00   1.281230E+00   1.656781E+00   1.281230E+00  -1.768078E+01   5.144997E-01  -2.342851E+00        12
   1.535318E+03   1.091503E+06   1.281230E+00   1.281230E+00   1.656781E+00   1.281230E+00  -1.768459E+01   5.135471E-01  -2.342851E+00        12
   1.536318E+03   1.092981E+06   1.281230E+00   1.281230E+00   1.656781E+00   1.281230E+00  -1.768840E+01   5.125950E-01  -2.342851E+00        12
   1.537318E+03   1.094460E+06   1.281230E+00   1.281230E+00   1.656781E+00   1.281230E+00  -1.769221E+01   5.116436E-01  -2.342851E+00        12
   1.538318E+03   1.095940E+06   1.281230E+00   1.281230E+00   1.656781E+00   1.281230E+00  -1.769601E+01   5.106929E-01  -2.342851E+00        12
   1.539318E+03   1.097421E+06   1.281230E+00   1.281230E+00   1.656781E+00   1.281230E+00  -1.769981E+01   5.097428E-01  -2.342851E+00        12
   1.540318E+03   1.098903E+06   1.281230E+00   1.281230E+00   1.656781E+00   1.281230E+00  -1.770361E+01   5.087933E-01  -2.342851E+00        12
   1.541318E+03   1.100386E+06   1.281230E+00   1.281230E+00   1.656781E+00   1.281230E+00  -1.770740E+01   5.078445E-01  -2.342851E+00        12
   1.542318E+03   1.101870E+06   1.281230E+00   1.281230E+00   1.656781E+00   1.281230E+00  -1.771119E+01   5.068963E-01  -2.342851E+00        12
   1.543318E+03   1.103355E+06   1.281230E+00   1.281230E+00   1.656781E+00   1.281230E+00  -1.771498E+01   5.059487E-01  -2.342851E+00        12
   1.544318E+03   1.104841E+06   1.281230E+00   1.281230E+00   1.656781E+00   1.281230E+00  -1.771877E+01   5.050018E-01  -2.342851E+00        12
   1.545318E+03   1.106328E+06   1.281230E+00   1.281230E+00   1.656781E+00   1.281230E+00  -1.772256E+01   5.040555E-01  -2.342851E+00        12
   1.546318E+03   1.107816E+06   1.281230E+00   1.281230E+00   1.656781E+00   1.281230E+00  -1.772634E+01   5.031099E-01  -2.342851E+00        12
   1.547318E+03   1.109305E+06   1.281230E+00   1.281230E+00   1.656781E+00   1.281230E+00  -1.773012E+01   5.021649E-01  -2.342851E+00        12
   1.548318E+03   1.110795E+06   1.281230E+00   1.281230E+00   1.656781E+00   1.281230E+00  -1.773390E+01   5.012205E-01  -2.342851E+00        12
   1.549318E+03   1.112286E+06   1.281230E+00   1.281230E+00   1.656781E+00   1.281230E+00  -1.773767E+01   5.002768E-01  -2.342851E+00        12
   1.550318E+03   1.113778E+06   1.281230E+00   1.281230E+00   1.656781E+00   1.281230E+00  -1.774144E+01   4.993337E-01  -2.342851E+00        12
   1.551318E+03   1.115271E+06   1.281230E+00   1.281230E+00   1.656781E+00   1.281230E+00  -1.774521E+01   4.983912E-01  -2.342851E+00        12
   1.552318E+03   1.116765E+06   1.281230E+00   1.281230E+00   1.656781E+00   1.281230E+00  -1.774898E+01   4.974493E-01  -2.342851E+00        12
   1.553318E+03   1.118260E+06   1.281230E+00   1.281230E+00   1.656781E+00   1.281230E+00  -1.775275E+01   4.965081E-01  -2.342851E+00        12
   1.554318E+03   1.119756E+06   1.281230E+00   1.281230E+00   1.656781E+00   1.281230E+00  -1.775651E+01   4.955675E-01  -2.342851E+00        12
   1.555318E+03   1.121253E+06   1.281230E+00   1.281230E+00   1.656781E+00   1.281230E+00  -1.776027E+01   4.946276E-01  -2.342851E+00        12
   1.556318E+03   1.122751E+06   1.281230E+00   1.281230E+00   1.656781E+00   1.281230E+00  -1.776403E+01   4.936883E-01  -2.342851E+00        12
   1.557318E+03   1.124250E+06   1.281230E+00   1.281230E+00   1.656781E+00   1.281230E+00  -1.776778E+01   4.927496E-01  -2.342851E+00        12
   1.558318E+03   1.125750E+06   1.281230E+00   1.281230E+00   1.656781E+00   1.281230E+00  -1.777153E+01   4.918115E-01  -2.342851E+00        12
   1.559318E+03   1.127251E+06   1.281230E+00   1.281230E+00   1.656781E+00   1.281230E+00  -1.777528E+01   4.908740E-01  -2.342851E+00        12
   1.560318E+03   1.128753E+06   1.281230E+00   1.281230E+00   1.656781E+00   1.281230E+00  -1.777903E+01   4.899372E-01  -2.342851E+00        12
   1.561318E+03   1.130256E+06   1.281230E+00   1.281230E+00   1.656781E+00   1.281230E+00  -1.778278E+01   4.890010E-01  -2.342851E+00        12
   1.562318E+03   1.131760E+06   1.281230E+00   1.281230E+00   1.656781E+00   1.281230E+00  -1.778652E+01   4.880654E-01  -2.342851E+00        12
   1.563318E+03   1.133265E+06   1.281230E+00   1.281230E+00   1.656781E+00   1.281230E+00  -1.779026E+01   4.871305E-01  -2.342851E+00        12
   1.564318E+03   1.134771E+06   1.281230E+00   1.281230E+00   1.656781E+00   1.281230E+00  -1.779400E+01   4.861961E-01  -2.342851E+00        12
   1.565318E+03   1.136278E+06   1.281230E+00   1.281230E+00   1.656781E+00   1.281230E+00  -1.779773E+01   4.852624E-01  -2.342851E+00        12
   1.566318E+03   1.137786E+06   1.281230E+00   1.281230E+00   1.656781E+00   1.281230E+00  -1.780146E+01   4.843293E-01  -2.342851E+00        12
   1.567318E+03   1.139295E+06   1.281230E+00   1.281230E+00   1.656781E+00   1.281230E+00  -1.780519E+01   4.833968E-01  -2.342851E+00        12
   1.568318E+03   1.140805E+06   1.281230E+00   1.281230E+00   1.656781E+00   1.281230E+00  -1.780892E+01   4.824650E-01  -2.342851E+00        12
   1.569318E+03   1.142316E+06   1.281230E+00   1.281230E+00   1.656781E+00   1.281230E+00  -1.781264E+01   4.815337E-01  -2.342851E+00        12
   1.570318E+03   1.143828E+06   1.281230E+00   1.281230E+00   1.656781E+00   1.281230E+00  -1.781637E+01   4.806031E-01  -2.342851E+00        12
   1.571318E+03   1.145341E+06   1.281230E+00   1.281230E+00   1.656781E+00   1.281230E+00  -1.782009E+01   4.796731E-01  -2.342851E+00        12
   1.572318E+03   1.146855E+06   1.281230E+00   1.281230E+00   1.656781E+00   1.281230E+00  -1.782380E+01   4.787437E-01  -2.342851E+00        12
   1.573318E+03   1.148370E+06   1.281230E+00   1.281230E+00   1.656781E+00   1.281230E+00  -1.782752E+01   4.778149E-01  -2.342851E+00        12
   1.574318E+03   1.149886E+06   1.281230E+00   1.281230E+00   1.656781E+00   1.281230E+00  -1.783123E+01   4.768867E-01  -2.342851E+00        12
   1.575318E+03   1.151403E+06   1.281230E+00   1.281230E+00   1.656781E+00   1.281230E+00  -1.783494E+01   4.759591E-01  -2.342851E+00        12
   1.576318E+03   1.152921E+06   1.281230E+00   1.281230E+00   1.656781E+00   1.281230E+00  -1.783865E+01   4.750322E-01  -2.342851E+00        12
   1.577318E+03   1.154440E+06   1.281230E+00   1.281230E+00   1.656781E+00   1.281230E+00  -1.784236E+01   4.741058E-01  -2.342851E+00        12
   1.578318E+03   1.155960E+06   1.281230E+00   1.281230E+00   1.656781E+00   1.281230E+00  -1.784606E+01   4.731801E-01  -2.342851E+00        12
   1.579318E+03   1.157481E+06   1.281230E+00   1.281230E+00   1.656781E+00   1.281230E+00  -1.784976E+01   4.722550E-01  -2.342851E+00        12
   1.580318E+03   1.159003E+06   1.281230E+00   1.281230E+00   1.656781E+00   1.281230E+00  -1.785346E+01   4.713305E-01  -2.342851E+00        12
   1.581318E+03   1.160526E+06   1.281230E+00   1.281230E+00   1.656781E+00   1.281230E+00  -1.785715E+01   4.704066E-01  -2.342851E+00        12
   1.582318E+03   1.162050E+06   1.281230E+00   1.281230E+00   1.656781E+00   1.281230E+00  -1.786085E+01   4.694833E-01  -2.342851E+00        12
   1.583318E+03   1.163575E+06   1.281230E+00   1.281230E+00   1.656781E+00   1.281230E+00  -1.786454E+01   4.685606E-01  -2.342851E+00        12
   1.584318E+03   1.165101E+06   1.281230E+00   1.281230E+00   1.656781E+00   1.281230E+00  -1.786823E+01   4.676385E-01  -2.342851E+00        12
   1.585318E+03   1.166628E+06   1.281230E+00   1.281230E+00   1.656781E+00   1.281230E+00  -1.787191E+01   4.667170E-01  -2.342851E+00        12
   1.586318E+03   1.168156E+06   1.281230E+00   1.281230E+00   1.656781E+00   1.281230E+00  -1.787560E+01   4.657961E-01  -2.342851E+00        12
   1.587318E+03   1.169685E+06   1.281230E+00   1.281230E+00   1.656781E+00   1.281230E+00  -1.787928E+01   4.648758E-01  -2.342851E+00        12
   1.588318E+03   1.171215E+06   1.281230E+00   1.281230E+00   1.656781E+00   1.281230E+00  -1.788296E+01   4.639561E-01  -2.342851E+00        12
   1.589318E+03   1.172746E+06   1.281230E+00   1.281230E+00   1.656781E+00   1.281230E+00  -1.788663E+01   4.630370E-01  -2.342851E+00        12
   1.590318E+03   1.174278E+06   1.281230E+00   1.281230E+00   1.656781E+00   1.281230E+00  -1.789031E+01   4.621186E-01  -2.342851E+00        12
   1.591318E+03   1.175811E+06   1.281230E+00   1.281230E+00   1.656781E+00   1.281230E+00  -1.789398E+01   4.612007E-01  -2.342851E+00        12
   1.592318E+03   1.177345E+06   1.281230E+00   1.281230E+00   1.656781E+00   1.281230E+00  -1.789765E+01   4.602834E-01  -2.342851E+00        12
   1.593318E+03   1.178880E+06   1.281230E+00   1.281230E+00   1.656781E+00   1.281230E+00  -1.790131E+01   4.593667E-01  -2.342851E+00        12
   1.594318E+03   1.180416E+06   1.281230E+00   1.281230E+00   1.656781E+00   1.281230E+00  -1.790498E+01   4.584506E-01  -2.342851E+00        12
   1.595318E+03   1.181953E+06   1.281230E+00   1.281230E+00   1.656781E+00   1.281230E+00  -1.790864E+01   4.575351E-01  -2.342851E+00        12
   1.596318E+03   1.183491E+06   1.281230E+00   1.281230E+00   1.656781E+00   1.281230E+00  -1.791230E+01   4.566202E-01  -2.342851E+00        12
   1.597318E+03   1.185030E+06   1.281230E+00   1.281230E+00   1.656781E+00   1.281230E+00  -1.791596E+01   4.557059E-01  -2.342851E+00        12
   1.598318E+03   1.186570E+06   1.281230E+00   1.281230E+00   1.656781E+00   1.281230E+00  -1.791961E+01   4.547922E-01  -2.342851E+00        12
   1.599318E+03   1.188111E+06   1.281230E+00   1.281230E+00   1.656781E+00   1.281230E+00  -1.792326E+01   4.538791E-01  -2.342851E+00        12
   1.600318E+03   1.189653E+06   1.281230E+00   1.281230E+00   1.656781E+00   1.281230E+00  -1.792691E+01   4.529666E-01  -2.342851E+00        12
   1.601318E+03   1.191196E+06   1.281230E+00   1.281230E+00   1.656781E+00   1.281230E+00  -1.793056E+01   4.520546E-01  -2.342851E+00        12
   1.602318E+03   1.192740E+06   1.281230E+00   1.281230E+00   1.656781E+00   1.281230E+00  -1.793421E+01   4.511433E-01  -2.342851E+00        12
   1.603318E+03   1.194285E+06   1.281230E+00   1.281230E+00   1.656781E+00   1.281230E+00  -1.793785E+01   4.502325E-01  -2.342851E+00        12
   1.604318E+03   1.195831E+06   1.281230E+00   1.281230E+00   1.656781E+00   1.281230E+00  -1.794149E+01   4.493224E-01  -2.342851E+00        12
   1.605318E+03   1.197378E+06   1.281230E+00   1.281230E+00   1.656781E+00   1.281230E+00  -1.794513E+01   4.484128E-01  -2.342851E+00        12
   1.606318E+03   1.198926E+06   1.281230E+00   1.281230E+00   1.656781E+00   1.281230E+00  -1.794876E+01   4.475038E-01  -2.342851E+00        12
   1.607318E+03   1.200475E+06   1.281230E+00   1.281230E+00   1.656781E+00   1.281230E+00  -1.795240E+01   4.465954E-01  -2.342851E+00        12
   1.608318E+03   1.202025E+06   1.281230E+00   1.281230E+00   1.656781E+00   1.281230E+00  -1.795603E+01   4.456876E-01  -2.342851E+00        12
   1.609318E+03   1.203576E+06   1.281230E+00   1.281230E+00   1.656781E+00   1.281230E+00  -1.795966E+01   4.447804E-01  -2.342851E+00        12
   1.610318E+03   1.205128E+06   1.281230E+00   1.281230E+00   1.656781E+00   1.281230E+00  -1.796328E+01   4.438737E-01  -2.342851E+00        12
   1.611318E+03   1.206681E+06   1.281230E+00   1.281230E+00   1.656781E+00   1.281230E+00  -1.796691E+01   4.429677E-01  -2.342851E+00        12
   1.612318E+03   1.208235E+06   1.281230E+00   1.281230E+00   1.656781E+00   1.281230E+00  -1.797053E+01   4.420622E-01  -2.342851E+00        12
   1.613318E+03   1.209790E+06   1.281230E+00   1.281230E+00   1.656781E+00   1.281230E+00  -1.797415E+01   4.411573E-01  -2.342851E+00        12
   1.614318E+03   1.211346E+06   1.281230E+00   1.281230E+00   1.656781E+00   1.281230E+00  -1.797777E+01   4.402530E-01  -2.342851E+00        12
   1.615318E+03   1.212903E+06   1.281230E+00   1.281230E+00   1.656781E+00   1.281230E+00  -1.798138E+01   4.393492E-01  -2.342851E+00        12
   1.616318E+03   1.214461E+06   1.281230E+00   1.281230E+00   1.656781E+00   1.281230E+00  -1.798500E+01   4.384461E-01  -2.342851E+00        12
   1.617318E+03   1.216020E+06   1.281230E+00   1.281230E+00   1.656781E+00   1.281230E+00  -1.798861E+01   4.375435E-01  -2.342851E+00        12
   1.618318E+03   1.217580E+06   1.281230E+00   1.281230E+00   1.656781E+00   1.281230E+00  -1.799221E+01   4.366415E-01  -2.342851E+00        12
   1.619318E+03   1.219141E+06   1.281230E+00   1.281230E+00   1.656781E+00   1.281230E+00  -1.799582E+01   4.357401E-01  -2.342851E+00        12
   1.620318E+03   1.220703E+06   1.281230E+00   1.281230E+00   1.656781E+00   1.281230E+00  -1.799942E+01   4.348392E-01  -2.342851E+00        12
   1.621318E+03   1.222266E+06   1.281230E+00   1.281230E+00   1.656781E+00   1.281230E+00  -1.800302E+01   4.339390E-01  -2.342851E+00        12
   1.622318E+03   1.223830E+06   1.281230E+00   1.281230E+00   1.656781E+00   1.281230E+00  -1.800662E+01   4.330393E-01  -2.342851E+00        12
   1.623318E+03   1.225395E+06   1.281230E+00   1.281230E+00   1.656781E+00   1.281230E+00  -1.801022E+01   4.321402E-01  -2.342851E+00        12
   1.624318E+03   1.226961E+06   1.281230E+00   1.281230E+00   1.656781E+00   1.281230E+00  -1.801381E+01   4.312416E-01  -2.342851E+00        12
   1.625318E+03   1.228528E+06   1.281230E+00   1.281230E+00   1.656781E+00   1.281230E+00  -1.801740E+01   4.303437E-01  -2.342851E+00        12
   1.626318E+03   1.230096E+06   1.281230E+00   1.281230E+00   1.656781E+00   1.281230E+00  -1.802099E+01   4.294463E-01  -2.342851E+00        12
   1.627318E+03   1.231665E+06   1.281230E+00   1.281230E+00   1.656781E+00   1.281230E+00  -1.802458E+01   4.285494E-01  -2.342851E+00        12
   1.628318E+03   1.233235E+06   1.281230E+00   1.281230E+00   1.656781E+00   1.281230E+00  -1.802817E+01   4.276532E-01  -2.342851E+00        12
   1.629318E+03   1.234806E+06   1.281230E+00   1.281230E+00   1.656781E+00   1.281230E+00  -1.803175E+01   4.267575E-01  -2.342851E+00        12
   1.630318E+03   1.236378E+06   1.281230E+00   1.281230E+00   1.656781E+00   1.281230E+00  -1.803533E+01   4.258624E-01  -2.342851E+00        12
   1.631318E+03   1.237951E+06   1.281230E+00   1.281230E+00   1.656781E+00   1.281230E+00  -1.803891E+01   4.249679E-01  -2.342851E+00        12
   1.632318E+03   1.239525E+06   1.281230E+00   1.281230E+00   1.656781E+00   1.281230E+00  -1.804248E+01   4.240739E-01  -2.342851E+00        12
   1.633318E+03   1.241100E+06   1.281230E+00   1.281230E+00   1.656781E+00   1.281230E+00  -1.804606E+01   4.231805E-01  -2.342851E+00        12
   1.634318E+03   1.242676E+06   1.281230E+00   1.281230E+00   1.656781E+00   1.281230E+00  -1.804963E+01   4.222876E-01  -2.342851E+00        12
   1.635318E+03   1.244253E+06   1.281230E+00   1.281230E+00   1.656781E+00   1.281230E+00  -1.805320E+01   4.213954E-01  -2.342851E+00        12
   1.636318E+03   1.245831E+06   1.281230E+00   1.281230E+00   1.656781E+00   1.281230E+00  -1.805676E+01   4.205037E-01  -2.342851E+00        12
   1.637318E+03   1.247410E+06   1.281230E+00   1.281230E+00   1.656781E+00   1.281230E+00  -1.806033E+01   4.196125E-01  -2.342851E+00        12
   1.638318E+03   1.248990E+06   1.281230E+00   1.281230E+00   1.656781E+00   1.281230E+00  -1.806389E+01   4.187219E-01  -2.342851E+00        12
   1.639318E+03   1.250571E+06   1.281230E+00   1.281230E+00   1.656781E+00   1.281230E+00  -1.806745E+01   4.178319E-01  -2.342851E+00        12
   1.640318E+03   1.252153E+06   1.281230E+00   1.281230E+00   1.656781E+00   1.281230E+00  -1.807101E+01   4.169425E-01  -2.342851E+00        12
   1.641318E+03   1.253736E+06   1.281230E+00   1.281230E+00   1.656781E+00   1.281230E+00  -1.807457E+01   4.160536E-01  -2.342851E+00        12
   1.642318E+03   1.255320E+06   1.281230E+00   1.281230E+00   1.656781E+00   1.281230E+00  -1.807812E+01   4.151653E-01  -2.342851E+00        12
   1.643318E+03   1.256905E+06   1.281230E+00   1.281230E+00   1.656781E+00   1.281230E+00  -1.808167E+01   4.142775E-01  -2.342851E+00        12
   1.644318E+03   1.258491E+06   1.281230E+00   1.281230E+00   1.656781E+00   1.281230E+00  -1.808522E+01   4.133903E-01  -2.342851E+00        12
   1.645318E+03   1.260078E+06   1.281230E+00   1.281230E+00   1.656781E+00   1.281230E+00  -1.808877E+01   4.125036E-01  -2.342851E+00        12
   1.646318E+03   1.261666E+06   1.281230E+00   1.281230E+00   1.656781E+00   1.281230E+00  -1.809231E+01   4.116175E-01  -2.342851E+00        12
   1.647318E+03   1.263255E+06   1.281230E+00   1.281230E+00   1.656781E+00   1.281230E+00  -1.809585E+01   4.107320E-01  -2.342851E+00        12
   1.648318E+03   1.264845E+06   1.281230E+00   1.281230E+00   1.656781E+00   1.281230E+00  -1.809939E+01   4.098470E-01  -2.342851E+00        12
   1.649318E+03   1.266436E+06   1.281230E+00   1.281230E+00   1.656781E+00   1.281230E+00  -1.810293E+01   4.089626E-01  -2.342851E+00        12
   1.650318E+03   1.268028E+06   1.281230E+00   1.281230E+00   1.656781E+00   1.281230E+00  -1.810646E+01   4.080787E-01  -2.342851E+00        12
   1.651318E+03   1.269621E+06   1.281230E+00   1.281230E+00   1.656781E+00   1.281230E+00  -1.811000E+01   4.071954E-01  -2.342851E+00        12
   1.652318E+03   1.271215E+06   1.281230E+00   1.281230E+00   1.656781E+00   1.281230E+00  -1.811353E+01   4.063127E-01  -2.342851E+00        12
   1.653318E+03   1.272810E+06   1.281230E+00   1.281230E+00   1.656781E+00   1.281230E+00  -1.811706E+01   4.054305E-01  -2.342851E+00        12
   1.654318E+03   1.274406E+06   1.281230E+00   1.281230E+00   1.656781E+00   1.281230E+00  -1.812058E+01   4.045488E-01  -2.342851E+00        12
   1.655318E+03   1.276003E+06   1.281230E+00   1.281230E+00   1.656781E+00   1.281230E+00  -1.812411E+01   4.036677E-01  -2.342851E+00        12
   1.656318E+03   1.277601E+06   1.281230E+00   1.281230E+00   1.656781E+00   1.281230E+00  -1.812763E+01   4.027872E-01  -2.342851E+00        12
   1.657318E+03   1.279200E+06   1.281230E+00   1.281230E+00   1.656781E+00   1.281230E+00  -1.813115E+01   4.019072E-01  -2.342851E+00        12
   1.658318E+03   1.280800E+06   1.281230E+00   1.281230E+00   1.656781E+00   1.281230E+00  -1.813467E+01   4.010277E-01  -2.342851E+00        12
   1.659318E+03   1.282401E+06   1.281230E+00   1.281230E+00   1.656781E+00   1.281230E+00  -1.813818E+01   4.001488E-01  -2.342851E+00        12
   1.660318E+03   1.284003E+06   1.281230E+00   1.281230E+00   1.656781E+00   1.281230E+00  -1.814170E+01   3.992705E-01  -2.342851E+00        12
   1.661318E+03   1.285606E+06   1.281230E+00   1.281230E+00   1.656781E+00   1.281230E+00  -1.814521E+01   3.983927E-01  -2.342851E+00        12
   1.662318E+03   1.287210E+06   1.281230E+00   1.281230E+00   1.656781E+00   1.281230E+00  -1.814872E+01   3.975154E-01  -2.342851E+00        12
   1.663318E+03   1.288815E+06   1.281230E+00   1.281230E+00   1.656781E+00   1.281230E+00  -1.815222E+01   3.966387E-01  -2.342851E+00        12
   1.664318E+03   1.290421E+06   1.281230E+00   1.281230E+00   1.656781E+00   1.281230E+00  -1.815573E+01   3.957626E-01  -2.342851E+00        12
   1.665318E+03   1.292028E+06   1.281230E+00   1.281230E+00   1.656781E+00   1.281230E+00  -1.815923E+01   3.948869E-01  -2.342851E+00        12
   1.666318E+03   1.293636E+06   1.281230E+00   1.281230E+00   1.656781E+00   1.281230E+00  -1.816273E+01   3.940119E-01  -2.342851E+00        12
   1.667318E+03   1.295245E+06   1.281230E+00   1.281230E+00   1.656781E+00   1.281230E+00  -1.816623E+01   3.931373E-01  -2.342851E+00        12
   1.668318E+03   1.296855E+06   1.281230E+00   1.281230E+00   1.656781E+00   1.281230E+00  -1.816973E+01   3.922634E-01  -2.342851E+00        12
   1.669318E+03   1.298466E+06   1.281230E+00   1.281230E+00   1.656781E+00   1.281230E+00  -1.817322E+01   3.913899E-01  -2.342851E+00        12
   1.670318E+03   1.300078E+06   1.281230E+00   1.281230E+00   1.656781E+00   1.281230E+00  -1.817671E+01   3.905170E-01  -2.342851E+00        12
   1.671318E+03   1.301691E+06   1.281230E+00   1.281230E+00   1.656781E+00   1.281230E+00  -1.818020E+01   3.896447E-01  -2.342851E+00        12
   1.672318E+03   1.303305E+06   1.281230E+00   1.281230E+00   1.656781E+00   1.281230E+00  -1.818369E+01   3.887728E-01  -2.342851E+00        12
   1.673318E+03   1.304920E+06   1.281230E+00   1.281230E+00   1.656781E+00   1.281230E+00  -1.818717E+01   3.879016E-01  -2.342851E+00        12
   1.674318E+03   1.306536E+06   1.281230E+00   1.281230E+00   1.656781E+00   1.281230E+00  -1.819066E+01   3.870308E-01  -2.342851E+00        12
   1.675318E+03   1.308153E+06   1.281230E+00   1.281230E+00   1.656781E+00   1.281230E+00  -1.819414E+01   3.861606E-01  -2.342851E+00        12
   1.676318E+03   1.309771E+06   1.281230E+00   1.281230E+00   1.656781E+00   1.281230E+00  -1.819762E+01   3.852910E-01  -2.342851E+00        12
   1.677318E+03   1.311390E+06   1.281230E+00   1.281230E+00   1.656781E+00   1.281230E+00  -1.820109E+01   3.844218E-01  -2.342851E+00        12
   1.678318E+03   1.313010E+06   1.281230E+00   1.281230E+00   1.656781E+00   1.281230E+00  -1.820457E+01   3.835532E-01  -2.342851E+00        12
   1.679318E+03   1.314631E+06   1.281230E+00   1.281230E+00   1.656781E+00   1.281230E+00  -1.820804E+01   3.826852E-01  -2.342851E+00        12
   1.680318E+03   1.316253E+06   1.281230E+00   1.281230E+00   1.656781E+00   1.281230E+00  -1.821151E+01   3.818177E-01  -2.342851E+00        12
   1.681318E+03   1.317876E+06   1.281230E+00   1.281230E+00   1.656781E+00   1.281230E+00  -1.821498E+01   3.809507E-01  -2.342851E+00        12
   1.682318E+03   1.319500E+06   1.281230E+00   1.281230E+00   1.656781E+00   1.281230E+00  -1.821844E+01   3.800842E-01  -2.342851E+00        12
   1.683318E+03   1.321125E+06   1.281230E+00   1.281230E+00   1.656781E+00   1.281230E+00  -1.822191E+01   3.792183E-01  -2.342851E+00        12
   1.684318E+03   1.322751E+06   1.281230E+00   1.281230E+00   1.656781E+00   1.281230E+00  -1.822537E+01   3.783529E-01  -2.342851E+00        12
   1.685318E+03   1.324378E+06   1.281230E+00   1.281230E+00   1.656781E+00   1.281230E+00  -1.822883E+01   3.774881E-01  -2.342851E+00        12
   1.686318E+03   1.326006E+06   1.281230E+00   1.281230E+00   1.656781E+00   1.281230E+00  -1.823228E+01   3.766238E-01  -2.342851E+00        12
   1.687318E+03   1.327635E+06   1.281230E+00   1.281230E+00   1.656781E+00   1.281230E+00  -1.823574E+01   3.757600E-01  -2.342851E+00        12
   1.688318E+03   1.329265E+06   1.281230E+00   1.281230E+00   1.656781E+00   1.281230E+00  -1.823919E+01   3.748967E-01  -2.342851E+00        12
   1.689318E+03   1.330896E+06   1.281230E+00   1.281230E+00   1.656781E+00   1.281230E+00  -1.824264E+01   3.740340E-01  -2.342851E+00        12
   1.690318E+03   1.332528E+06   1.281230E+00   1.281230E+00   1.656781E+00   1.281230E+00  -1.824609E+01   3.731718E-01  -2.342851E+00        12
   1.691318E+03   1.334161E+06   1.281230E+00   1.281230E+00   1.656781E+00   1.281230E+00  -1.824954E+01   3.723101E-01  -2.342851E+00        12
   1.692318E+03   1.335795E+06   1.281230E+00   1.281230E+00   1.656781E+00   1.281230E+00  -1.825298E+01   3.714490E-01  -2.342851E+00        12
   1.693318E+03   1.337430E+06   1.281230E+00   1.281230E+00   1.656781E+00   1.281230E+00  -1.825643E+01   3.705883E-01  -2.342851E+00        12
   1.694318E+03   1.339066E+06   1.281230E+00   1.281230E+00   1.656781E+00   1.281230E+00  -1.825987E+01   3.697283E-01  -2.342851E+00        12
   1.695318E+03   1.340703E+06   1.281230E+00   1.281230E+00   1.656781E+00   1.281230E+00  -1.826330E+01   3.688687E-01  -2.342851E+00        12
   1.696318E+03   1.342341E+06   1.281230E+00   1.281230E+00   1.656781E+00   1.281230E+00  -1.826674E+01   3.680096E-01  -2.342851E+00        12
   1.697318E+03   1.343980E+06   1.281230E+00   1.281230E+00   1.656781E+00   1.281230E+00  -1.827018E+01   3.671511E-01  -2.342851E+00        12
   1.698318E+03   1.345620E+06   1.281230E+00   1.281230E+00   1.656781E+00   1.281230E+00  -1.827361E+01   3.662931E-01  -2.342851E+00        12
   1.699318E+03   1.347261E+06   1.281230E+00   1.281230E+00   1.656781E+00   1.281230E+00  -1.827704E+01   3.654356E-01  -2.342851E+00        12
   1.700318E+03   1.348903E+06   1.281230E+00   1.281230E+00   1.656781E+00   1.281230E+00  -1.828046E+01   3.645787E-01  -2.342851E+00        12
   1.701318E+03   1.350546E+06   1.281230E+00   1.281230E+00   1.656781E+00   1.281230E+00  -1.828389E+01   3.637223E-01  -2.342851E+00        12
   1.702318E+03   1.352190E+06   1.281230E+00   1.281230E+00   1.656781E+00   1.281230E+00  -1.828731E+01   3.628664E-01  -2.342851E+00        12
   1.703318E+03   1.353835E+06   1.281230E+00   1.281230E+00   1.656781E+00   1.281230E+00  -1.829074E+01   3.620110E-01  -2.342851E+00        12
   1.704318E+03   1.355481E+06   1.281230E+00   1.281230E+00   1.656781E+00   1.281230E+00  -1.829416E+01   3.611561E-01  -2.342851E+00        12
   1.705318E+03   1.357128E+06   1.281230E+00   1.281230E+00   1.656781E+00   1.281230E+00  -1.829757E+01   3.603018E-01  -2.342851E+00        12
   1.706318E+03   1.358776E+06   1.281230E+00   1.281230E+00   1.656781E+00   1.281230E+00  -1.830099E+01   3.594479E-01  -2.342851E+00        12
   1.707318E+03   1.360425E+06   1.281230E+00   1.281230E+00   1.656781E+00   1.281230E+00  -1.830440E+01   3.585946E-01  -2.342851E+00        12
   1.708318E+03   1.362075E+06   1.281230E+00   1.281230E+00   1.656781E+00   1.281230E+00  -1.830781E+01   3.577418E-01  -2.342851E+00        12
   1.709318E+03   1.363726E+06   1.281230E+00   1.281230E+00   1.656781E+00   1.281230E+00  -1.831122E+01   3.568895E-01  -2.342851E+00        12
   1.710318E+03   1.365378E+06   1.281230E+00   1.281230E+00   1.656781E+00   1.281230E+00  -1.831463E+01   3.560378E-01  -2.342851E+00        12
   1.711318E+03   1.367031E+06   1.281230E+00   1.281230E+00   1.656781E+00   1.281230E+00  -1.831803E+01   3.551865E-01  -2.342851E+00        12
   1.712318E+03   1.368685E+06   1.281230E+00   1.281230E+00   1.656781E+00   1.281230E+00  -1.832144E+01   3.543358E-01  -2.342851E+00        12
   1.713318E+03   1.370340E+06   1.281230E+00   1.281230E+00   1.656781E+00   1.281230E+00  -1.832484E+01   3.534856E-01  -2.342851E+00        12
   1.714318E+03   1.371996E+06   1.281230E+00   1.281230E+00   1.656781E+00   1.281230E+00  -1.832824E+01   3.526359E-01  -2.342851E+00        12
   1.715318E+03   1.373653E+06   1.281230E+00   1.281230E+00   1.656781E+00   1.281230E+00  -1.833163E+01   3.517867E-01  -2.342851E+00        12
   1.716318E+03   1.375311E+06   1.281230E+00   1.281230E+00   1.656781E+00   1.281230E+00  -1.833503E+01   3.509380E-01  -2.342851E+00        12
   1.717318E+03   1.376970E+06   1.281230E+00   1.281230E+00   1.656781E+00   1.281230E+00  -1.833842E+01   3.500898E-01  -2.342851E+00        12
   1.718318E+03   1.378630E+06   1.281230E+00   1.281230E+00   1.656781E+00   1.281230E+00  -1.834181E+01   3.492422E-01  -2.342851E+00        12
   1.719318E+03   1.380291E+06   1.281230E+00   1.281230E+00   1.656781E+00   1.281230E+00  -1.834520E+01   3.483950E-01  -2.342851E+00        12
   1.720318E+03   1.381953E+06   1.281230E+00   1.281230E+00   1.656781E+00   1.281230E+00  -1.834859E+01   3.475484E-01  -2.342851E+00        12
   1.721318E+03   1.383616E+06   1.281230E+00   1.281230E+00   1.656781E+00   1.281230E+00  -1.835197E+01   3.467022E-01  -2.342851E+00        12
   1.722318E+03   1.385280E+06   1.281230E+00   1.281230E+00   1.656781E+00   1.281230E+00  -1.835535E+01   3.458566E-01  -2.342851E+00        12
   1.723318E+03   1.386945E+06   1.281230E+00   1.281230E+00   1.656781E+00   1.281230E+00  -1.835873E+01   3.450115E-01  -2.342851E+00        12
   1.724318E+03   1.388611E+06   1.281230E+00   1.281230E+00   1.656781E+00   1.281230E+00  -1.836211E+01   3.441669E-01  -2.342851E+00        12
   1.725318E+03   1.390278E+06   1.281230E+00   1.281230E+00   1.656781E+00   1.281230E+00  -1.836549E+01   3.433228E-01  -2.342851E+00        12
   1.726318E+03   1.391946E+06   1.281230E+00   1.281230E+00   1.656781E+00   1.281230E+00  -1.836886E+01   3.424792E-01  -2.342851E+00        12
   1.727318E+03   1.393615E+06   1.281230E+00   1.281230E+00   1.656781E+00   1.281230E+00  -1.837224E+01   3.416361E-01  -2.342851E+00        12
   1.728318E+03   1.395285E+06   1.281230E+00   1.281230E+00   1.656781E+00   1.281230E+00  -1.837561E+01   3.407935E-01  -2.342851E+00        12
   1.729318E+03   1.396956E+06   1.281230E+00   1.281230E+00   1.656781E+00   1.281230E+00  -1.837897E+01   3.399514E-01  -2.342851E+00        12
   1.730318E+03   1.398628E+06   1.281230E+00   1.281230E+00   1.656781E+00   1.281230E+00  -1.838234E+01   3.391099E-01  -2.342851E+00        12
   1.731318E+03   1.400301E+06   1.281230E+00   1.281230E+00   1.656781E+00   1.281230E+00  -1.838570E+01   3.382688E-01  -2.342851E+00        12
   1.732318E+03   1.401975E+06   1.281230E+00   1.281230E+00   1.656781E+00   1.281230E+00  -1.838907E+01   3.374282E-01  -2.342851E+00        12
   1.733318E+03   1.403650E+06   1.281230E+00   1.281230E+00   1.656781E+00   1.281230E+00  -1.839243E+01   3.365882E-01  -2.342851E+00        12
   1.734318E+03   1.405326E+06   1.281230E+00   1.281230E+00   1.656781E+00   1.281230E+00  -1.839579E+01   3.357486E-01  -2.342851E+00        12
   1.735318E+03   1.407003E+06   1.281230E+00   1.281230E+00   1.656781E+00   1.281230E+00  -1.839914E+01   3.349095E-01  -2.342851E+00        12
   1.736318E+03   1.408681E+06   1.281230E+00   1.281230E+00   1.656781E+00   1.281230E+00  -1.840250E+01   3.340710E-01  -2.342851E+00        12
   1.737318E+03   1.410360E+06   1.281230E+00   1.281230E+00   1.656781E+00   1.281230E+00  -1.840585E+01   3.332329E-01  -2.342851E+00        12
   1.738318E+03   1.412040E+06   1.281230E+00   1.281230E+00   1.656781E+00   1.281230E+00  -1.840920E+01   3.323953E-01  -2.342851E+00        12
   1.739318E+03   1.413721E+06   1.281230E+00   1.281230E+00   1.656781E+00   1.281230E+00  -1.841255E+01   3.315583E-01  -2.342851E+00        12
   1.740318E+03   1.415403E+06   1.281230E+00   1.281230E+00   1.656781E+00   1.281230E+00  -1.841589E+01   3.307217E-01  -2.342851E+00        12
   1.741318E+03   1.417086E+06   1.281230E+00   1.281230E+00   1.656781E+00   1.281230E+00  -1.841924E+01   3.298856E-01  -2.342851E+00        12
   1.742318E+03   1.418770E+06   1.281230E+00   1.281230E+00   1.656781E+00   1.281230E+00  -1.842258E+01   3.290500E-01  -2.342851E+00        12
   1.743318E+03   1.420455E+06   1.281230E+00   1.281230E+00   1.656781E+00   1.281230E+00  -1.842592E+01   3.282150E-01  -2.342851E+00        12
   1.744318E+03   1.422141E+06   1.281230E+00   1.281230E+00   1.656781E+00   1.281230E+00  -1.842926E+01   3.273804E-01  -2.342851E+00        12
   1.745318E+03   1.423828E+06   1.281230E+00   1.281230E+00   1.656781E+00   1.281230E+00  -1.843259E+01   3.265463E-01  -2.342851E+00        12
   1.746318E+03   1.425516E+06   1.281230E+00   1.281230E+00   1.656781E+00   1.281230E+00  -1.843593E+01   3.257127E-01  -2.342851E+00        12
   1.747318E+03   1.427205E+06   1.281230E+00   1.281230E+00   1.656781E+00   1.281230E+00  -1.843926E+01   3.248796E-01  -2.342851E+00        12
   1.748318E+03   1.428895E+06   1.281230E+00   1.281230E+00   1.656781E+00   1.281230E+00  -1.844259E+01   3.240470E-01  -2.342851E+00        12
   1.749318E+03   1.430586E+06   1.281230E+00   1.281230E+00   1.656781E+00   1.281230E+00  -1.844592E+01   3.232148E-01  -2.342851E+00        12
   1.750318E+03   1.432278E+06   1.281230E+00   1.281230E+00   1.656781E+00   1.281230E+00  -1.844925E+01   3.223832E-01  -2.342851E+00        12
   1.751318E+03   1.433971E+06   1.281230E+00   1.281230E+00   1.656781E+00   1.281230E+00  -1.845257E+01   3.215521E-01  -2.342851E+00        12
   1.752318E+03   1.435665E+06   1.281230E+00   1.281230E+00   1.656781E+00   1.281230E+00  -1.845589E+01   3.207214E-01  -2.342851E+00        12
   1.753318E+03   1.437360E+06   1.281230E+00   1.281230E+00   1.656781E+00   1.281230E+00  -1.845921E+01   3.198913E-01  -2.342851E+00        12
   1.754318E+03   1.439056E+06   1.281230E+00   1.281230E+00   1.656781E+00   1.281230E+00  -1.846253E+01   3.190616E-01  -2.342851E+00        12
   1.755318E+03   1.440753E+06   1.281230E+00   1.281230E+00   1.656781E+00   1.281230E+00  -1.846585E+01   3.182324E-01  -2.342851E+00        12
   1.756318E+03   1.442451E+06   1.281230E+00   1.281230E+00   1.656781E+00   1.281230E+00  -1.846916E+01   3.174037E-01  -2.342851E+00        12
   1.757318E+03   1.444150E+06   1.281230E+00   1.281230E+00   1.656781E+00   1.281230E+00  -1.847248E+01   3.165755E-01  -2.342851E+00        12
   1.758318E+03   1.445850E+06   1.281230E+00   1.281230E+00   1.656781E+00   1.281230E+00  -1.847579E+01   3.157478E-01  -2.342851E+00        12
   1.759318E+03   1.447551E+06   1.281230E+00   1.281230E+00   1.656781E+00   1.281230E+00  -1.847910E+01   3.149206E-01  -2.342851E+00        12
   1.760318E+03   1.449253E+06   1.281230E+00   1.281230E+00   1.656781E+00   1.281230E+00  -1.848240E+01   3.140939E-01  -2.342851E+00        12
   1.761318E+03   1.450956E+06   1.281230E+00   1.281230E+00   1.656781E+00   1.281230E+00  -1.848571E+01   3.132676E-01  -2.342851E+00        12
   1.762318E+03   1.452660E+06   1.281230E+00   1.281230E+00   1.656781E+00   1.281230E+00  -1.848901E+01   3.124418E-01  -2.342851E+00        12
   1.763318E+03   1.454365E+06   1.281230E+00   1.281230E+00   1.656781E+00   1.281230E+00  -1.849231E+01   3.116165E-01  -2.342851E+00        12
   1.764318E+03   1.456071E+06   1.281230E+00   1.281230E+00   1.656781E+00   1.281230E+00  -1.849561E+01   3.107917E-01  -2.342851E+00        12
   1.765318E+03   1.457778E+06   1.281230E+00   1.281230E+00   1.656781E+00   1.281230E+00  -1.849891E+01   3.099674E-01  -2.342851E+00        12
   1.766318E+03   1.459486E+06   1.281230E+00   1.281230E+00   1.656781E+00   1.281230E+00  -1.850221E+01   3.091436E-01  -2.342851E+00        12
   1.767318E+03   1.461195E+06   1.281230E+00   1.281230E+00   1.656781E+00   1.281230E+00  -1.850550E+01   3.083202E-01  -2.342851E+00        12
   1.768318E+03   1.462905E+06   1.281230E+00   1.281230E+00   1.656781E+00   1.281230E+00  -1.850879E+01   3.074973E-01  -2.342851E+00        12
   1.769318E+03   1.464616E+06   1.281230E+00   1.281230E+00   1.656781E+00   1.281230E+00  -1.851208E+01   3.066750E-01  -2.342851E+00        12
   1.770318E+03   1.466328E+06   1.281230E+00   1.281230E+00   1.656781E+00   1.281230E+00  -1.851537E+01   3.058530E-01  -2.342851E+00        12
   1.771318E+03   1.468041E+06   1.281230E+00   1.281230E+00   1.656781E+00   1.281230E+00  -1.851865E+01   3.050316E-01  -2.342851E+00        12
   1.772318E+03   1.469755E+06   1.281230E+00   1.281230E+00   1.656781E+00   1.281230E+00  -1.852194E+01   3.042107E-01  -2.342851E+00        12
   1.773318E+03   1.471470E+06   1.281230E+00   1.281230E+00   1.656781E+00   1.281230E+00  -1.852522E+01   3.033902E-01  -2.342851E+00        12
   1.774318E+03   1.473186E+06   1.281230E+00   1.281230E+00   1.656781E+00   1.281230E+00  -1.852850E+01   3.025702E-01  -2.342851E+00        12
   1.775318E+03   1.474903E+06   1.281230E+00   1.281230E+00   1.656781E+00   1.281230E+00  -1.853178E+01   3.017507E-01  -2.342851E+00        12
   1.776318E+03   1.476621E+06   1.281230E+00   1.281230E+00   1.656781E+00   1.281230E+00  -1.853505E+01   3.009316E-01  -2.342851E+00        12
   1.777318E+03   1.478340E+06   1.281230E+00   1.281230E+00   1.656781E+00   1.281230E+00  -1.853833E+01   3.001131E-01  -2.342851E+00        12
   1.778318E+03   1.480060E+06   1.281230E+00   1.281230E+00   1.656781E+00   1.281230E+00  -1.854160E+01   2.992950E-01  -2.342851E+00        12
   1.779318E+03   1.481781E+06   1.281230E+00   1.281230E+00   1.656781E+00   1.281230E+00  -1.854487E+01   2.984774E-01  -2.342851E+00        12
   1.780318E+03   1.483503E+06   1.281230E+00   1.281230E+00   1.656781E+00   1.281230E+00  -1.854814E+01   2.976602E-01  -2.342851E+00        12
   1.781318E+03   1.485226E+06   1.281230E+00   1.281230E+00   1.656781E+00   1.281230E+00  -1.855141E+01   2.968435E-01  -2.342851E+00        12
   1.782318E+03   1.486950E+06   1.281230E+00   1.281230E+00   1.656781E+00   1.281230E+00  -1.855467E+01   2.960274E-01  -2.342851E+00        12
   1.783318E+03   1.488675E+06   1.281230E+00   1.281230E+00   1.656781E+00   1.281230E+00  -1.855793E+01   2.952116E-01  -2.342851E+00        12
   1.784318E+03   1.490401E+06   1.281230E+00   1.281230E+00   1.656781E+00   1.281230E+00  -1.856119E+01   2.943964E-01  -2.342851E+00        12
   1.785318E+03   1.492128E+06   1.281230E+00   1.281230E+00   1.656781E+00   1.281230E+00  -1.856445E+01   2.935816E-01  -2.342851E+00        12
   1.786318E+03   1.493856E+06   1.281230E+00   1.281230E+00   1.656781E+00   1.281230E+00  -1.856771E+01   2.927673E-01  -2.342851E+00        12
   1.787318E+03   1.495585E+06   1.281230E+00   1.281230E+00   1.656781E+00   1.281230E+00  -1.857097E+01   2.919535E-01  -2.342851E+00        12
   1.788318E+03   1.497315E+06   1.281230E+00   1.281230E+00   1.656781E+00   1.281230E+00  -1.857422E+01   2.911401E-01  -2.342851E+00        12
   1.789318E+03   1.499046E+06   1.281230E+00   1.281230E+00   1.656781E+00   1.281230E+00  -1.857747E+01   2.903272E-01  -2.342851E+00        12
   1.790318E+03   1.500778E+06   1.281230E+00   1.281230E+00   1.656781E+00   1.281230E+00  -1.858072E+01   2.895148E-01  -2.342851E+00        12
   1.791318E+03   1.502511E+06   1.281230E+00   1.281230E+00   1.656781E+00   1.281230E+00  -1.858397E+01   2.887029E-01  -2.342851E+00        12
   1.792318E+03   1.504245E+06   1.281230E+00   1.281230E+00   1.656781E+00   1.281230E+00  -1.858721E+01   2.878914E-01  -2.342851E+00        12
   1.793318E+03   1.505980E+06   1.281230E+00   1.281230E+00   1.656781E+00   1.281230E+00  -1.859046E+01   2.870804E-01  -2.342851E+00        12
   1.794318E+03   1.507716E+06   1.281230E+00   1.281230E+00   1.656781E+00   1.281230E+00  -1.859370E+01   2.862698E-01  -2.342851E+00        12
   1.795318E+03   1.509453E+06   1.281230E+00   1.281230E+00   1.656781E+00   1.281230E+00  -1.859694E+01   2.854597E-01  -2.342851E+00        12
   1.796318E+03   1.511191E+06   1.281230E+00   1.281230E+00   1.656781E+00   1.281230E+00  -1.860018E+01   2.846501E-01  -2.342851E+00        12
   1.797318E+03   1.512930E+06   1.281230E+00   1.281230E+00   1.656781E+00   1.281230E+00  -1.860342E+01   2.838410E-01  -2.342851E+00        12
   1.798318E+03   1.514670E+06   1.281230E+00   1.281230E+00   1.656781E+00   1.281230E+00  -1.860665E+01   2.830323E-01  -2.342851E+00        12
   1.799318E+03   1.516411E+06   1.281230E+00   1.281230E+00   1.656781E+00   1.281230E+00  -1.860988E+01   2.822241E-01  -2.342851E+00        12
   1.800318E+03   1.518153E+06   1.281230E+00   1.281230E+00   1.656781E+00   1.281230E+00  -1.861311E+01   2.814163E-01  -2.342851E+00        12
   1.801318E+03   1.519896E+06   1.281230E+00   1.281230E+00   1.656781E+00   1.281230E+00  -1.861634E+01   2.806090E-01  -2.342851E+00        12
   1.802318E+03   1.521640E+06   1.281230E+00   1.281230E+00   1.656781E+00   1.281230E+00  -1.861957E+01   2.798022E-01  -2.342851E+00        12
   1.803318E+03   1.523385E+06   1.281230E+00   1.281230E+00   1.656781E+00   1.281230E+00  -1.862280E+01   2.789958E-01  -2.342851E+00        12
   1.804318E+03   1.525131E+06   1.281230E+00   1.281230E+00   1.656781E+00   1.281230E+00  -1.862602E+01   2.781899E-01  -2.342851E+00        12
   1.805318E+03   1.526878E+06   1.281230E+00   1.281230E+00   1.656781E+00   1.281230E+00  -1.862924E+01   2.773844E-01  -2.342851E+00        12
   1.806318E+03   1.528626E+06   1.281230E+00   1.281230E+00   1.656781E+00   1.281230E+00  -1.863246E+01   2.765795E-01  -2.342851E+00        12
   1.807318E+03   1.530375E+06   1.281230E+00   1.281230E+00   1.656781E+00   1.281230E+00  -1.863568E+01   2.757749E-01  -2.342851E+00        12
   1.808318E+03   1.532125E+06   1.281230E+00   1.281230E+00   1.656781E+00   1.281230E+00  -1.863890E+01   2.749709E-01  -2.342851E+00        12
   1.809318E+03   1.533876E+06   1.281230E+00   1.281230E+00   1.656781E+00   1.281230E+00  -1.864211E+01   2.741673E-01  -2.342851E+00        12
   1.810318E+03   1.535628E+06   1.281230E+00   1.281230E+00   1.656781E+00   1.281230E+00  -1.864532E+01   2.733641E-01  -2.342851E+00        12
   1.811318E+03   1.537381E+06   1.281230E+00   1.281230E+00   1.656781E+00   1.281230E+00  -1.864853E+01   2.725614E-01  -2.342851E+00        12
   1.812318E+03   1.539135E+06   1.281230E+00   1.281230E+00   1.656781E+00   1.281230E+00  -1.865174E+01   2.717592E-01  -2.342851E+00        12
   1.813318E+03   1.540890E+06   1.281230E+00   1.281230E+00   1.656781E+00   1.281230E+00  -1.865495E+01   2.709574E-01  -2.342851E+00        12
   1.814318E+03   1.542646E+06   1.281230E+00   1.281230E+00   1.656781E+00   1.281230E+00  -1.865816E+01   2.701561E-01  -2.342851E+00        12
   1.815318E+03   1.544403E+06   1.281230E+00   1.281230E+00   1.656781E+00   1.281230E+00  -1.866136E+01   2.693552E-01  -2.342851E+00        12
   1.816318E+03   1.546161E+06   1.281230E+00   1.281230E+00   1.656781E+00   1.281230E+00  -1.866456E+01   2.685548E-01  -2.342851E+00        12
   1.817318E+03   1.547920E+06   1.281230E+00   1.281230E+00   1.656781E+00   1.281230E+00  -1.866776E+01   2.677549E-01  -2.342851E+00        12
   1.818318E+03   1.549680E+06   1.281230E+00   1.281230E+00   1.656781E+00   1.281230E+00  -1.867096E+01   2.669554E-01  -2.342851E+00        12
   1.819318E+03   1.551441E+06   1.281230E+00   1.281230E+00   1.656781E+00   1.281230E+00  -1.867415E+01   2.661563E-01  -2.342851E+00        12
   1.820318E+03   1.553203E+06   1.281230E+00   1.281230E+00   1.656781E+00   1.281230E+00  -1.867735E+01   2.653578E-01  -2.342851E+00        12
   1.821318E+03   1.554966E+06   1.281230E+00   1.281230E+00   1.656781E+00   1.281230E+00  -1.868054E+01   2.645596E-01  -2.342851E+00        12
   1.822318E+03   1.556730E+06   1.281230E+00   1.281230E+00   1.656781E+00   1.281230E+00  -1.868373E+01   2.637619E-01  -2.342851E+00        12
   1.823318E+03   1.558495E+06   1.281230E+00   1.281230E+00   1.656781E+00   1.281230E+00  -1.868692E+01   2.629647E-01  -2.342851E+00        12
   1.824318E+03   1.560261E+06   1.281230E+00   1.281230E+00   1.656781E+00   1.281230E+00  -1.869011E+01   2.621679E-01  -2.342851E+00        12
   1.825318E+03   1.562028E+06   1.281230E+00   1.281230E+00   1.656781E+00   1.281230E+00  -1.869329E+01   2.613716E-01  -2.342851E+00        12
   1.826318E+03   1.563796E+06   1.281230E+00   1.281230E+00   1.656781E+00   1.281230E+00  -1.869648E+01   2.605757E-01  -2.342851E+00        12
   1.827318E+03   1.565565E+06   1.281230E+00   1.281230E+00   1.656781E+00   1.281230E+00  -1.869966E+01   2.597803E-01  -2.342851E+00        12
   1.828318E+03   1.567335E+06   1.281230E+00   1.281230E+00   1.656781E+00   1.281230E+00  -1.870284E+01   2.589853E-01  -2.342851E+00        12
   1.829318E+03   1.569106E+06   1.281230E+00   1.281230E+00   1.656781E+00   1.281230E+00  -1.870602E+01   2.581908E-01  -2.342851E+00        12
   1.830318E+03   1.570878E+06   1.281230E+00   1.281230E+00   1.656781E+00   1.281230E+00  -1.870919E+01   2.573967E-01  -2.342851E+00        12
   1.831318E+03   1.572651E+06   1.281230E+00   1.281230E+00   1.656781E+00   1.281230E+00  -1.871237E+01   2.566031E-01  -2.342851E+00        12
   1.832318E+03   1.574425E+06   1.281230E+00   1.281230E+00   1.656781E+00   1.281230E+00  -1.871554E+01   2.558099E-01  -2.342851E+00        12
   1.833318E+03   1.576200E+06   1.281230E+00   1.281230E+00   1.656781E+00   1.281230E+00  -1.871871E+01   2.550171E-01  -2.342851E+00        12
   1.834318E+03   1.577976E+06   1.281230E+00   1.281230E+00   1.656781E+00   1.281230E+00  -1.872188E+01   2.542248E-01  -2.342851E+00        12
   1.835318E+03   1.579753E+06   1.281230E+00   1.281230E+00   1.656781E+00   1.281230E+00  -1.872505E+01   2.534330E-01  -2.342851E+00        12
   1.836318E+03   1.581531E+06   1.281230E+00   1.281230E+00   1.656781E+00   1.281230E+00  -1.872821E+01   2.526416E-01  -2.342851E+00        12
   1.837318E+03   1.583310E+06   1.281230E+00   1.281230E+00   1.656781E+00   1.281230E+00  -1.873138E+01   2.518506E-01  -2.342851E+00        12
   1.838318E+03   1.585090E+06   1.281230E+00   1.281230E+00   1.656781E+00   1.281230E+00  -1.873454E+01   2.510601E-01  -2.342851E+00        12
   1.839318E+03   1.586871E+06   1.281230E+00   1.281230E+00   1.656781E+00   1.281230E+00  -1.873770E+01   2.502700E-01  -2.342851E+00        12
   1.840318E+03   1.588653E+06   1.281230E+00   1.281230E+00   1.656781E+00   1.281230E+00  -1.874086E+01   2.494804E-01  -2.342851E+00        12
   1.841318E+03   1.590436E+06   1.281230E+00   1.281230E+00   1.656781E+00   1.281230E+00  -1.874401E+01   2.486912E-01  -2.342851E+00        12
   1.842318E+03   1.592220E+06   1.281230E+00   1.281230E+00   1.656781E+00   1.281230E+00  -1.874717E+01   2.479025E-01  -2.342851E+00        12
   1.843318E+03   1.594005E+06   1.281230E+00   1.281230E+00   1.656781E+00   1.281230E+00  -1.875032E+01   2.471142E-01  -2.342851E+00        12
   1.844318E+03   1.595791E+06   1.281230E+00   1.281230E+00   1.656781E+00   1.281230E+00  -1.875347E+01   2.463263E-01  -2.342851E+00        12
   1.845318E+03   1.597578E+06   1.281230E+00   1.281230E+00   1.656781E+00   1.281230E+00  -1.875662E+01   2.455389E-01  -2.342851E+00        12
   1.846318E+03   1.599366E+06   1.281230E+00   1.281230E+00   1.656781E+00   1.281230E+00  -1.875977E+01   2.447519E-01  -2.342851E+00        12
   1.847318E+03   1.601155E+06   1.281230E+00   1.281230E+00   1.656781E+00   1.281230E+00  -1.876292E+01   2.439654E-01  -2.342851E+00        12
   1.848318E+03   1.602945E+06   1.281230E+00   1.281230E+00   1.656781E+00   1.281230E+00  -1.876606E+01   2.431793E-01  -2.342851E+00        12
   1.849318E+03   1.604736E+06   1.281230E+00   1.281230E+00   1.656781E+00   1.281230E+00  -1.876920E+01   2.423936E-01  -2.342851E+00        12
   1.850318E+03   1.606528E+06   1.281230E+00   1.281230E+00   1.656781E+00   1.281230E+00  -1.877235E+01   2.416084E-01  -2.342851E+00        12
   1.851318E+03   1.608321E+06   1.281230E+00   1.281230E+00   1.656781E+00   1.281230E+00  -1.877548E+01   2.408236E-01  -2.342851E+00        12
   1.852318E+03   1.610115E+06   1.281230E+00   1.281230E+00   1.656781E+00   1.281230E+00  -1.877862E+01   2.400393E-01  -2.342851E+00        12
   1.853318E+03   1.611910E+06   1.281230E+00   1.281230E+00   1.656781E+00   1.281230E+00  -1.878176E+01   2.392554E-01  -2.342851E+00        12
   1.854318E+03   1.613706E+06   1.281230E+00   1.281230E+00   1.656781E+00   1.281230E+00  -1.878489E+01   2.384719E-01  -2.342851E+00        12
   1.855318E+03   1.615503E+06   1.281230E+00   1.281230E+00   1.656781E+00   1.281230E+00  -1.878802E+01   2.376889E-01  -2.342851E+00        12
   1.856318E+03   1.617301E+06   1.281230E+00   1.281230E+00   1.656781E+00   1.281230E+00  -1.879115E+01   2.369063E-01  -2.342851E+00        12
   1.857318E+03   1.619100E+06   1.281230E+00   1.281230E+00   1.656781E+00   1.281230E+00  -1.879428E+01   2.361241E-01  -2.342851E+00        12
   1.858318E+03   1.620900E+06   1.281230E+00   1.281230E+00   1.656781E+00   1.281230E+00  -1.879741E+01   2.353424E-01  -2.342851E+00        12
   1.859318E+03   1.622701E+06   1.281230E+00   1.281230E+00   1.656781E+00   1.281230E+00  -1.880054E+01   2.345611E-01  -2.342851E+00        12
   1.860318E+03   1.624503E+06   1.281230E+00   1.281230E+00   1.656781E+00   1.281230E+00  -1.880366E+01   2.337802E-01  -2.342851E+00        12
   1.861318E+03   1.626306E+06   1.281230E+00   1.281230E+00   1.656781E+00   1.281230E+00  -1.880678E+01   2.329998E-01  -2.342851E+00        12
   1.862318E+03   1.628110E+06   1.281230E+00   1.281230E+00   1.656781E+00   1.281230E+00  -1.880990E+01   2.322198E-01  -2.342851E+00        12
   1.863318E+03   1.629915E+06   1.281230E+00   1.281230E+00   1.656781E+00   1.281230E+00  -1.881302E+01   2.314402E-01  -2.342851E+00        12
   1.864318E+03   1.631721E+06   1.281230E+00   1.281230E+00   1.656781E+00   1.281230E+00  -1.881614E+01   2.306611E-01  -2.342851E+00        12
   1.865318E+03   1.633528E+06   1.281230E+00   1.281230E+00   1.656781E+00   1.281230E+00  -1.881925E+01   2.298824E-01  -2.342851E+00        12
   1.866318E+03   1.635336E+06   1.281230E+00   1.281230E+00   1.656781E+00   1.281230E+00  -1.882236E+01   2.291041E-01  -2.342851E+00        12
   1.867318E+03   1.637145E+06   1.281230E+00   1.281230E+00   1.656781E+00   1.281230E+00  -1.882547E+01   2.283263E-01  -2.342851E+00        12
   1.868318E+03   1.638955E+06   1.281230E+00   1.281230E+00   1.656781E+00   1.281230E+00  -1.882858E+01   2.275489E-01  -2.342851E+00        12
   1.869318E+03   1.640766E+06   1.281230E+00   1.281230E+00   1.656781E+00   1.281230E+00  -1.883169E+01   2.267719E-01  -2.342851E+00        12
   1.870318E+03   1.642578E+06   1.281230E+00   1.281230E+00   1.656781E+00   1.281230E+00  -1.883480E+01   2.259954E-01  -2.342851E+00        12
   1.871318E+03   1.644391E+06   1.281230E+00   1.281230E+00   1.656781E+00   1.281230E+00  -1.883790E+01   2.252192E-01  -2.342851E+00        12
   1.872318E+03   1.646205E+06   1.281230E+00   1.281230E+00   1.656781E+00   1.281230E+00  -1.884101E+01   2.244435E-01  -2.342851E+00        12
   1.873318E+03   1.648020E+06   1.281230E+00   1.281230E+00   1.656781E+00   1.281230E+00  -1.884411E+01   2.236683E-01  -2.342851E+00        12
   1.874318E+03   1.649836E+06   1.281230E+00   1.281230E+00   1.656781E+00   1.281230E+00  -1.884721E+01   2.228934E-01  -2.342851E+00        12
   1.875318E+03   1.651653E+06   1.281230E+00   1.281230E+00   1.656781E+00   1.281230E+00  -1.885030E+01   2.221190E-01  -2.342851E+00        12
   1.876318E+03   1.653471E+06   1.281230E+00   1.281230E+00   1.656781E+00   1.281230E+00  -1.885340E+01   2.213450E-01  -2.342851E+00        12
   1.877318E+03   1.655290E+06   1.281230E+00   1.281230E+00   1.656781E+00   1.281230E+00  -1.885649E+01   2.205714E-01  -2.342851E+00        12
   1.878318E+03   1.657110E+06   1.281230E+00   1.281230E+00   1.656781E+00   1.281230E+00  -1.885959E+01   2.197983E-01  -2.342851E+00        12
   1.879318E+03   1.658931E+06   1.281230E+00   1.281230E+00   1.656781E+00   1.281230E+00  -1.886268E+01   2.190256E-01  -2.342851E+00        12
   1.880318E+03   1.660753E+06   1.281230E+00   1.281230E+00   1.656781E+00   1.281230E+00  -1.886577E+01   2.182533E-01  -2.342851E+00        12
   1.881318E+03   1.662576E+06   1.281230E+00   1.281230E+00   1.656781E+00   1.281230E+00  -1.886885E+01   2.174814E-01  -2.342851E+00        12
   1.882318E+03   1.664400E+06   1.281230E+00   1.281230E+00   1.656781E+00   1.281230E+00  -1.887194E+01   2.167100E-01  -2.342851E+00        12
   1.883318E+03   1.666225E+06   1.281230E+00   1.281230E+00   1.656781E+00   1.281230E+00  -1.887502E+01   2.159390E-01  -2.342851E+00        12
   1.884318E+03   1.668051E+06   1.281230E+00   1.281230E+00   1.656781E+00   1.281230E+00  -1.887811E+01   2.151684E-01  -2.342851E+00        12
   1.885318E+03   1.669878E+06   1.281230E+00   1.281230E+00   1.656781E+00   1.281230E+00  -1.888119E+01   2.143982E-01  -2.342851E+00        12
   1.886318E+03   1.671706E+06   1.281230E+00   1.281230E+00   1.656781E+00   1.281230E+00  -1.888427E+01   2.136284E-01  -2.342851E+00        12
   1.887318E+03   1.673535E+06   1.281230E+00   1.281230E+00   1.656781E+00   1.281230E+00  -1.888734E+01   2.128591E-01  -2.342851E+00        12
   1.888318E+03   1.675365E+06   1.281230E+00   1.281230E+00   1.656781E+00   1.281230E+00  -1.889042E+01   2.120902E-01  -2.342851E+00        12
   1.889318E+03   1.677196E+06   1.281230E+00   1.281230E+00   1.656781E+00   1.281230E+00  -1.889349E+01   2.113217E-01  -2.342851E+00        12
   1.890318E+03   1.679028E+06   1.281230E+00   1.281230E+00   1.656781E+00   1.281230E+00  -1.889657E+01   2.105536E-01  -2.342851E+00        12
   1.891318E+03   1.680861E+06   1.281230E+00   1.281230E+00   1.656781E+00   1.281230E+00  -1.889964E+01   2.097860E-01  -2.342851E+00        12
   1.892318E+03   1.682695E+06   1.281230E+00   1.281230E+00   1.656781E+00   1.281230E+00  -1.890270E+01   2.090187E-01  -2.342851E+00        12
   1.893318E+03   1.684530E+06   1.281230E+00   1.281230E+00   1.656781E+00   1.281230E+00  -1.890577E+01   2.082519E-01  -2.342851E+00        12
   1.894318E+03   1.686366E+06   1.281230E+00   1.281230E+00   1.656781E+00   1.281230E+00  -1.890884E+01   2.074855E-01  -2.342851E+00        12
   1.895318E+03   1.688203E+06   1.281230E+00   1.281230E+00   1.656781E+00   1.281230E+00  -1.891190E+01   2.067195E-01  -2.342851E+00        12
   1.896318E+03   1.690041E+06   1.281230E+00   1.281230E+00   1.656781E+00   1.281230E+00  -1.891496E+01   2.059539E-01  -2.342851E+00        12
   1.897318E+03   1.691880E+06   1.281230E+00   1.281230E+00   1.656781E+00   1.281230E+00  -1.891802E+01   2.051888E-01  -2.342851E+00        12
   1.898318E+03   1.693720E+06   1.281230E+00   1.281230E+00   1.656781E+00   1.281230E+00  -1.892108E+01   2.044241E-01  -2.342851E+00        12
   1.899318E+03   1.695561E+06   1.281230E+00   1.281230E+00   1.656781E+00   1.281230E+00  -1.892414E+01   2.036597E-01  -2.342851E+00        12
   1.900318E+03   1.697403E+06   1.281230E+00   1.281230E+00   1.656781E+00   1.281230E+00  -1.892720E+01   2.028958E-01  -2.342851E+00        12
   1.901318E+03   1.699246E+06   1.281230E+00   1.281230E+00   1.656781E+00   1.281230E+00  -1.893025E+01   2.021323E-01  -2.342851E+00        12
   1.902318E+03   1.701090E+06   1.281230E+00   1.281230E+00   1.656781E+00   1.281230E+00  -1.893330E+01   2.013693E-01  -2.342851E+00        12
   1.903318E+03   1.702935E+06   1.281230E+00   1.281230E+00   1.656781E+00   1.281230E+00  -1.893635E+01   2.006066E-01  -2.342851E+00        12
   1.904318E+03   1.704781E+06   1.281230E+00   1.281230E+00   1.656781E+00   1.281230E+00  -1.893940E+01   1.998443E-01  -2.342851E+00        12
   1.905318E+03   1.706628E+06   1.281230E+00   1.281230E+00   1.656781E+00   1.281230E+00  -1.894245E+01   1.990825E-01  -2.342851E+00        12
   1.906318E+03   1.708476E+06   1.281230E+00   1.281230E+00   1.656781E+00   1.281230E+00  -1.894550E+01   1.983211E-01  -2.342851E+00        12
   1.907318E+03   1.710325E+06   1.281230E+00   1.281230E+00   1.656781E+00   1.281230E+00  -1.894854E+01   1.975601E-01  -2.342851E+00        12
   1.908318E+03   1.712175E+06   1.281230E+00   1.281230E+00   1.656781E+00   1.281230E+00  -1.895158E+01   1.967995E-01  -2.342851E+00        12
   1.909318E+03   1.714026E+06   1.281230E+00   1.281230E+00   1.656781E+00   1.281230E+00  -1.895462E+01   1.960393E-01  -2.342851E+00        12
   1.910318E+03   1.715878E+06   1.281230E+00   1.281230E+00   1.656781E+00   1.281230E+00  -1.895766E+01   1.952795E-01  -2.342851E+00        12
   1.911318E+03   1.717731E+06   1.281230E+00   1.281230E+00   1.656781E+00   1.281230E+00  -1.896070E+01   1.945201E-01  -2.342851E+00        12
   1.912318E+03   1.719585E+06   1.281230E+00   1.281230E+00   1.656781E+00   1.281230E+00  -1.896373E+01   1.937612E-01  -2.342851E+00        12
   1.913318E+03   1.721440E+06   1.281230E+00   1.281230E+00   1.656781E+00   1.281230E+00  -1.896677E+01   1.930026E-01  -2.342851E+00        12
   1.914318E+03   1.723296E+06   1.281230E+00   1.281230E+00   1.656781E+00   1.281230E+00  -1.896980E+01   1.922445E-01  -2.342851E+00        12
   1.915318E+03   1.725153E+06   1.281230E+00   1.281230E+00   1.656781E+00   1.281230E+00  -1.897283E+01   1.914867E-01  -2.342851E+00        12
   1.916318E+03   1.727011E+06   1.281230E+00   1.281230E+00   1.656781E+00   1.281230E+00  -1.897586E+01   1.907294E-01  -2.342851E+00        12
   1.917318E+03   1.728870E+06   1.281230E+00   1.281230E+00   1.656781E+00   1.281230E+00  -1.897889E+01   1.899725E-01  -2.342851E+00        12
   1.918318E+03   1.730730E+06   1.281230E+00   1.281230E+00   1.656781E+00   1.281230E+00  -1.898192E+01   1.892160E-01  -2.342851E+00        12
   1.919318E+03   1.732591E+06   1.281230E+00   1.281230E+00   1.656781E+00   1.281230E+00  -1.898494E+01   1.884599E-01  -2.342851E+00        12
   1.920318E+03   1.734453E+06   1.281230E+00   1.281230E+00   1.656781E+00   1.281230E+00  -1.898796E+01   1.877042E-01  -2.342851E+00        12
   1.921318E+03   1.736316E+06   1.281230E+00   1.281230E+00   1.656781E+00   1.281230E+00  -1.899098E+01   1.869489E-01  -2.342851E+00        12
   1.922318E+03   1.738180E+06   1.281230E+00   1.281230E+00   1.656781E+00   1.281230E+00  -1.899400E+01   1.861940E-01  -2.342851E+00        12
   1.923318E+03   1.740045E+06   1.281230E+00   1.281230E+00   1.656781E+00   1.281230E+00  -1.899702E+01   1.854395E-01  -2.342851E+00        12
   1.924318E+03   1.741911E+06   1.281230E+00   1.281230E+00   1.656781E+00   1.281230E+00  -1.900004E+01   1.846854E-01  -2.342851E+00        12
   1.925318E+03   1.743778E+06   1.281230E+00   1.281230E+00   1.656781E+00   1.281230E+00  -1.900305E+01   1.839317E-01  -2.342851E+00        12
   1.926318E+03   1.745646E+06   1.281230E+00   1.281230E+00   1.656781E+00   1.281230E+00  -1.900607E+01   1.831785E-01  -2.342851E+00        12
   1.927318E+03   1.747515E+06   1.281230E+00   1.281230E+00   1.656781E+00   1.281230E+00  -1.900908E+01   1.824256E-01  -2.342851E+00        12
   1.928318E+03   1.749385E+06   1.281230E+00   1.281230E+00   1.656781E+00   1.281230E+00  -1.901209E+01   1.816731E-01  -2.342851E+00        12
   1.929318E+03   1.751256E+06   1.281230E+00   1.281230E+00   1.656781E+00   1.281230E+00  -1.901510E+01   1.809211E-01  -2.342851E+00        12
   1.930318E+03   1.753128E+06   1.281230E+00   1.281230E+00   1.656781E+00   1.281230E+00  -1.901810E+01   1.801694E-01  -2.342851E+00        12
   1.931318E+03   1.755001E+06   1.281230E+00   1.281230E+00   1.656781E+00   1.281230E+00  -1.902111E+01   1.794181E-01  -2.342851E+00        12
   1.932318E+03   1.756875E+06   1.281230E+00   1.281230E+00   1.656781E+00   1.281230E+00  -1.902411E+01   1.786673E-01  -2.342851E+00        12
   1.933318E+03   1.758750E+06   1.281230E+00   1.281230E+00   1.656781E+00   1.281230E+00  -1.902711E+01   1.779168E-01  -2.342851E+00        12
   1.934318E+03   1.760626E+06   1.281230E+00   1.281230E+00   1.656781E+00   1.281230E+00  -1.903011E+01   1.771668E-01  -2.342851E+00        12
   1.935318E+03   1.762503E+06   1.281230E+00   1.281230E+00   1.656781E+00   1.281230E+00  -1.903311E+01   1.764171E-01  -2.342851E+00        12
   1.936318E+03   1.764381E+06   1.281230E+00   1.281230E+00   1.656781E+00   1.281230E+00  -1.903611E+01   1.756678E-01  -2.342851E+00        12
   1.937318E+03   1.766260E+06   1.281230E+00   1.281230E+00   1.656781E+00   1.281230E+00  -1.903910E+01   1.749190E-01  -2.342851E+00        12
   1.938318E+03   1.768140E+06   1.281230E+00   1.281230E+00   1.656781E+00   1.281230E+00  -1.904210E+01   1.741705E-01  -2.342851E+00        12
   1.939318E+03   1.770021E+06   1.281230E+00   1.281230E+00   1.656781E+00   1.281230E+00  -1.904509E+01   1.734224E-01  -2.342851E+00        12
   1.940318E+03   1.771903E+06   1.281230E+00   1.281230E+00   1.656781E+00   1.281230E+00  -1.904808E+01   1.726748E-01  -2.342851E+00        12
   1.941318E+03   1.773786E+06   1.281230E+00   1.281230E+00   1.656781E+00   1.281230E+00  -1.905107E+01   1.719275E-01  -2.342851E+00        12
   1.942318E+03   1.775670E+06   1.281230E+00   1.281230E+00   1.656781E+00   1.281230E+00  -1.905406E+01   1.711806E-01  -2.342851E+00        12
   1.943318E+03   1.777555E+06   1.281230E+00   1.281230E+00   1.656781E+00   1.281230E+00  -1.905704E+01   1.704341E-01  -2.342851E+00        12
   1.944318E+03   1.779441E+06   1.281230E+00   1.281230E+00   1.656781E+00   1.281230E+00  -1.906003E+01   1.696881E-01  -2.342851E+00        12
   1.945318E+03   1.781328E+06   1.281230E+00   1.281230E+00   1.656781E+00   1.281230E+00  -1.906301E+01   1.689424E-01  -2.342851E+00        12
   1.946318E+03   1.783216E+06   1.281230E+00   1.281230E+00   1.656781E+00   1.281230E+00  -1.906599E+01   1.681971E-01  -2.342851E+00        12
   1.947318E+03   1.785105E+06   1.281230E+00   1.281230E+00   1.656781E+00   1.281230E+00  -1.906897E+01   1.674522E-01  -2.342851E+00        12
   1.948318E+03   1.786995E+06   1.281230E+00   1.281230E+00   1.656781E+00   1.281230E+00  -1.907195E+01   1.667077E-01  -2.342851E+00        12
   1.949318E+03   1.788886E+06   1.281230E+00   1.281230E+00   1.656781E+00   1.281230E+00  -1.907493E+01   1.659636E-01  -2.342851E+00        12
   1.950318E+03   1.790778E+06   1.281230E+00   1.281230E+00   1.656781E+00   1.281230E+00  -1.907790E+01   1.652198E-01  -2.342851E+00        12
   1.951318E+03   1.792671E+06   1.281230E+00   1.281230E+00   1.656781E+00   1.281230E+00  -1.908087E+01   1.644765E-01  -2.342851E+00        12
   1.952318E+03   1.794565E+06   1.281230E+00   1.281230E+00   1.656781E+00   1.281230E+00  -1.908385E+01   1.637336E-01  -2.342851E+00        12
   1.953318E+03   1.796460E+06   1.281230E+00   1.281230E+00   1.656781E+00   1.281230E+00  -1.908682E+01   1.629910E-01  -2.342851E+00        12
   1.954318E+03   1.798356E+06   1.281230E+00   1.281230E+00   1.656781E+00   1.281230E+00  -1.908978E+01   1.622489E-01  -2.342851E+00        12
   1.955318E+03   1.800253E+06   1.281230E+00   1.281230E+00   1.656781E+00   1.281230E+00  -1.909275E+01   1.615071E-01  -2.342851E+00        12
   1.956318E+03   1.802151E+06   1.281230E+00   1.281230E+00   1.656781E+00   1.281230E+00  -1.909572E+01   1.607658E-01  -2.342851E+00        12
   1.957318E+03   1.804050E+06   1.281230E+00   1.281230E+00   1.656781E+00   1.281230E+00  -1.909868E+01   1.600248E-01  -2.342851E+00        12
   1.958318E+03   1.805950E+06   1.281230E+00   1.281230E+00   1.656781E+00   1.281230E+00  -1.910164E+01   1.592842E-01  -2.342851E+00        12
   1.959318E+03   1.807851E+06   1.281230E+00   1.281230E+00   1.656781E+00   1.281230E+00  -1.910460E+01   1.585440E-01  -2.342851E+00        12
   1.960318E+03   1.809753E+06   1.281230E+00   1.281230E+00   1.656781E+00   1.281230E+00  -1.910756E+01   1.578042E-01  -2.342851E+00        12
   1.961318E+03   1.811656E+06   1.281230E+00   1.281230E+00   1.656781E+00   1.281230E+00  -1.911052E+01   1.570648E-01  -2.342851E+00        12
   1.962318E+03   1.813560E+06   1.281230E+00   1.281230E+00   1.656781E+00   1.281230E+00  -1.911348E+01   1.563258E-01  -2.342851E+00        12
   1.963318E+03   1.815465E+06   1.281230E+00   1.281230E+00   1.656781E+00   1.281230E+00  -1.911643E+01   1.555871E-01  -2.342851E+00        12
   1.964318E+03   1.817371E+06   1.281230E+00   1.281230E+00   1.656781E+00   1.281230E+00  -1.911938E+01   1.548489E-01  -2.342851E+00        12
   1.965318E+03   1.819278E+06   1.281230E+00   1.281230E+00   1.656781E+00   1.281230E+00  -1.912234E+01   1.541110E-01  -2.342851E+00        12
   1.966318E+03   1.821186E+06   1.281230E+00   1.281230E+00   1.656781E+00   1.281230E+00  -1.912529E+01   1.533735E-01  -2.342851E+00        12
   1.967318E+03   1.823095E+06   1.281230E+00   1.281230E+00   1.656781E+00   1.281230E+00  -1.912823E+01   1.526364E-01  -2.342851E+00        12
   1.968318E+03   1.825005E+06   1.281230E+00   1.281230E+00   1.656781E+00   1.281230E+00  -1.913118E+01   1.518997E-01  -2.342851E+00        12
   1.969318E+03   1.826916E+06   1.281230E+00   1.281230E+00   1.656781E+00   1.281230E+00  -1.913413E+01   1.511634E-01  -2.342851E+00        12
   1.970318E+03   1.828828E+06   1.281230E+00   1.281230E+00   1.656781E+00   1.281230E+00  -1.913707E+01   1.504274E-01  -2.342851E+00        12
   1.971318E+03   1.830741E+06   1.281230E+00   1.281230E+00   1.656781E+00   1.281230E+00  -1.914001E+01   1.496919E-01  -2.342851E+00        12
   1.972318E+03   1.832655E+06   1.281230E+00   1.281230E+00   1.656781E+00   1.281230E+00  -1.914295E+01   1.489567E-01  -2.342851E+00        12
   1.973318E+03   1.834570E+06   1.281230E+00   1.281230E+00   1.656781E+00   1.281230E+00  -1.914589E+01   1.482219E-01  -2.342851E+00        12
   1.974318E+03   1.836486E+06   1.281230E+00   1.281230E+00   1.656781E+00   1.281230E+00  -1.914883E+01   1.474875E-01  -2.342851E+00        12
   1.975318E+03   1.838403E+06   1.281230E+00   1.281230E+00   1.656781E+00   1.281230E+00  -1.915177E+01   1.467535E-01  -2.342851E+00        12
   1.976318E+03   1.840321E+06   1.281230E+00   1.281230E+00   1.656781E+00   1.281230E+00  -1.915470E+01   1.460199E-01  -2.342851E+00        12
   1.977318E+03   1.842240E+06   1.281230E+00   1.281230E+00   1.656781E+00   1.281230E+00  -1.915763E+01   1.452866E-01  -2.342851E+00        12
   1.978318E+03   1.844160E+06   1.281230E+00   1.281230E+00   1.656781E+00   1.281230E+00  -1.916056E+01   1.445537E-01  -2.342851E+00        12
   1.979318E+03   1.846081E+06   1.281230E+00   1.281230E+00   1.656781E+00   1.281230E+00  -1.916349E+01   1.438213E-01  -2.342851E+00        12
   1.980318E+03   1.848003E+06   1.281230E+00   1.281230E+00   1.656781E+00   1.281230E+00  -1.916642E+01   1.430892E-01  -2.342851E+00        12
   1.981318E+03   1.849926E+06   1.281230E+00   1.281230E+00   1.656781E+00   1.281230E+00  -1.916935E+01   1.423574E-01  -2.342851E+00        12
   1.982318E+03   1.851850E+06   1.281230E+00   1.281230E+00   1.656781E+00   1.281230E+00  -1.917228E+01   1.416261E-01  -2.342851E+00        12
   1.983318E+03   1.853775E+06   1.281230E+00   1.281230E+00   1.656781E+00   1.281230E+00  -1.917520E+01   1.408951E-01  -2.342851E+00        12
   1.984318E+03   1.855701E+06   1.281230E+00   1.281230E+00   1.656781E+00   1.281230E+00  -1.917812E+01   1.401645E-01  -2.342851E+00        12
   1.985318E+03   1.857628E+06   1.281230E+00   1.281230E+00   1.656781E+00   1.281230E+00  -1.918104E+01   1.394343E-01  -2.342851E+00        12
   1.986318E+03   1.859556E+06   1.281230E+00   1.281230E+00   1.656781E+00   1.281230E+00  -1.918396E+01   1.387045E-01  -2.342851E+00        12
   1.987318E+03   1.861485E+06   1.281230E+00   1.281230E+00   1.656781E+00   1.281230E+00  -1.918688E+01   1.379750E-01  -2.342851E+00        12
   1.988318E+03   1.863415E+06   1.281230E+00   1.281230E+00   1.656781E+00   1.281230E+00  -1.918980E+01   1.372459E-01  -2.342851E+00        12
   1.989318E+03   1.865346E+06   1.281230E+00   1.281230E+00   1.656781E+00   1.281230E+00  -1.919271E+01   1.365173E-01  -2.342851E+00        12
   1.990318E+03   1.867278E+06   1.281230E+00   1.281230E+00   1.656781E+00   1.281230E+00  -1.919562E+01   1.357889E-01  -2.342851E+00        12
   1.991318E+03   1.869211E+06   1.281230E+00   1.281230E+00   1.656781E+00   1.281230E+00  -1.919854E+01   1.350610E-01  -2.342851E+00        12
   1.992318E+03   1.871145E+06   1.281230E+00   1.281230E+00   1.656781E+00   1.281230E+00  -1.920145E+01   1.343334E-01  -2.342851E+00        12
   1.993318E+03   1.873080E+06   1.281230E+00   1.281230E+00   1.656781E+00   1.281230E+00  -1.920435E+01   1.336062E-01  -2.342851E+00        12
   1.994318E+03   1.875016E+06   1.281230E+00   1.281230E+00   1.656781E+00   1.281230E+00  -1.920726E+01   1.328794E-01  -2.342851E+00        12
   1.995318E+03   1.876953E+06   1.281230E+00   1.281230E+00   1.656781E+00   1.281230E+00  -1.921017E+01   1.321530E-01  -2.342851E+00        12
   1.996318E+03   1.878891E+06   1.281230E+00   1.281230E+00   1.656781E+00   1.281230E+00  -1.921307E+01   1.314269E-01  -2.342851E+00        12
   1.997318E+03   1.880830E+06   1.281230E+00   1.281230E+00   1.656781E+00   1.281230E+00  -1.921597E+01   1.307012E-01  -2.342851E+00        12
   1.998318E+03   1.882770E+06   1.281230E+00   1.281230E+00   1.656781E+00   1.281230E+00  -1.921888E+01   1.299759E-01  -2.342851E+00        12
   1.999318E+03   1.884711E+06   1.281230E+00   1.281230E+00   1.656781E+00   1.281230E+00  -1.922178E+01   1.292510E-01  -2.342851E+00        12
   2.000318E+03   1.886653E+06   1.281230E+00   1.281230E+00   1.656781E+00   1.281230E+00  -1.922467E+01   1.285264E-01  -2.342851E+00        12
   2.001318E+03   1.888596E+06   1.281230E+00   1.281230E+00   1.656781E+00   1.281230E+00  -1.922757E+01   1.278022E-01  -2.342851E+00        12
   2.002318E+03   1.890540E+06   1.281230E+00   1.281230E+00   1.656781E+00   1.281230E+00  -1.923047E+01   1.270784E-01  -2.342851E+00        12
   2.003318E+03   1.892485E+06   1.281230E+00   1.281230E+00   1.656781E+00   1.281230E+00  -1.923336E+01   1.263549E-01  -2.342851E+00        12
   2.004318E+03   1.894431E+06   1.281230E+00   1.281230E+00   1.656781E+00   1.281230E+00  -1.923625E+01   1.256318E-01  -2.342851E+00        12
   2.005318E+03   1.896378E+06   1.281230E+00   1.281230E+00   1.656781E+00   1.281230E+00  -1.923914E+01   1.249091E-01  -2.342851E+00        12
   2.006318E+03   1.898326E+06   1.281230E+00   1.281230E+00   1.656781E+00   1.281230E+00  -1.924203E+01   1.241868E-01  -2.342851E+00        12
   2.007318E+03   1.900275E+06   1.281230E+00   1.281230E+00   1.656781E+00   1.281230E+00  -1.924492E+01   1.234648E-01  -2.342851E+00        12
   2.008318E+03   1.902225E+06   1.281230E+00   1.281230E+00   1.656781E+00   1.281230E+00  -1.924781E+01   1.227432E-01  -2.342851E+00        12
   2.009318E+03   1.904176E+06   1.281230E+00   1.281230E+00   1.656781E+00   1.281230E+00  -1.925069E+01   1.220220E-01  -2.342851E+00        12
   2.010318E+03   1.906128E+06   1.281230E+00   1.281230E+00   1.656781E+00   1.281230E+00  -1.925357E+01   1.213011E-01  -2.342851E+00        12
   2.011318E+03   1.908081E+06   1.281230E+00   1.281230E+00   1.656781E+00   1.281230E+00  -1.925646E+01   1.205807E-01  -2.342851E+00        12
   2.012318E+03   1.910035E+06   1.281230E+00   1.281230E+00   1.656781E+00   1.281230E+00  -1.925934E+01   1.198605E-01  -2.342851E+00        12
   2.013318E+03   1.911990E+06   1.281230E+00   1.281230E+00   1.656781E+00   1.281230E+00  -1.926222E+01   1.191408E-01  -2.342851E+00        12
   2.014318E+03   1.913946E+06   1.281230E+00   1.281230E+00   1.656781E+00   1.281230E+00  -1.926509E+01   1.184214E-01  -2.342851E+00        12
   2.015318E+03   1.915903E+06   1.281230E+00   1.281230E+00   1.656781E+00   1.281230E+00  -1.926797E+01   1.177024E-01  -2.342851E+00        12
   2.016318E+03   1.917861E+06   1.281230E+00   1.281230E+00   1.656781E+00   1.281230E+00  -1.927084E+01   1.169837E-01  -2.342851E+00        12
   2.017318E+03   1.919820E+06   1.281230E+00   1.281230E+00   1.656781E+00   1.281230E+00  -1.927372E+01   1.162655E-01  -2.342851E+00        12
   2.018318E+03   1.921780E+06   1.281230E+00   1.281230E+00   1.656781E+00   1.281230E+00  -1.927659E+01   1.155475E-01  -2.342851E+00        12
   2.019318E+03   1.923741E+06   1.281230E+00   1.281230E+00   1.656781E+00   1.281230E+00  -1.927946E+01   1.148300E-01  -2.342851E+00        12
   2.020318E+03   1.925703E+06   1.281230E+00   1.281230E+00   1.656781E+00   1.281230E+00  -1.928233E+01   1.141128E-01  -2.342851E+00        12
   2.021318E+03   1.927666E+06   1.281230E+00   1.281230E+00   1.656781E+00   1.281230E+00  -1.928520E+01   1.133960E-01  -2.342851E+00        12
   2.022318E+03   1.929630E+06   1.281230E+00   1.281230E+00   1.656781E+00   1.281230E+00  -1.928806E+01   1.126795E-01  -2.342851E+00        12
   2.023318E+03   1.931595E+06   1.281230E+00   1.281230E+00   1.656781E+00   1.281230E+00  -1.929093E+01   1.119634E-01  -2.342851E+00        12
   2.024318E+03   1.933561E+06   1.281230E+00   1.281230E+00   1.656781E+00   1.281230E+00  -1.929379E+01   1.112477E-01  -2.342851E+00        12
   2.025318E+03   1.935528E+06   1.281230E+00   1.281230E+00   1.656781E+00   1.281230E+00  -1.929665E+01   1.105324E-01  -2.342851E+00        12
   2.026318E+03   1.937496E+06   1.281230E+00   1.281230E+00   1.656781E+00   1.281230E+00  -1.929951E+01   1.098174E-01  -2.342851E+00        12
   2.027318E+03   1.939465E+06   1.281230E+00   1.281230E+00   1.656781E+00   1.281230E+00  -1.930237E+01   1.091027E-01  -2.342851E+00        12
   2.028318E+03   1.941435E+06   1.281230E+00   1.281230E+00   1.656781E+00   1.281230E+00  -1.930523E+01   1.083885E-01  -2.342851E+00        12
   2.029318E+03   1.943406E+06   1.281230E+00   1.281230E+00   1.656781E+00   1.281230E+00  -1.930808E+01   1.076745E-01  -2.342851E+00        12
   2.030318E+03   1.945378E+06   1.281230E+00   1.281230E+00   1.656781E+00   1.281230E+00  -1.931094E+01   1.069610E-01  -2.342851E+00        12
   2.031318E+03   1.947351E+06   1.281230E+00   1.281230E+00   1.656781E+00   1.281230E+00  -1.931379E+01   1.062478E-01  -2.342851E+00        12
   2.032318E+03   1.949325E+06   1.281230E+00   1.281230E+00   1.656781E+00   1.281230E+00  -1.931664E+01   1.055350E-01  -2.342851E+00        12
   2.033318E+03   1.951300E+06   1.281230E+00   1.281230E+00   1.656781E+00   1.281230E+00  -1.931949E+01   1.048225E-01  -2.342851E+00        12
   2.034318E+03   1.953276E+06   1.281230E+00   1.281230E+00   1.656781E+00   1.281230E+00  -1.932234E+01   1.041104E-01  -2.342851E+00        12
   2.035318E+03   1.955253E+06   1.281230E+00   1.281230E+00   1.656781E+00   1.281230E+00  -1.932518E+01   1.033987E-01  -2.342851E+00        12
   2.036318E+03   1.957231E+06   1.281230E+00   1.281230E+00   1.656781E+00   1.281230E+00  -1.932803E+01   1.026873E-01  -2.342851E+00        12
   2.037318E+03   1.959210E+06   1.281230E+00   1.281230E+00   1.656781E+00   1.281230E+00  -1.933087E+01   1.019763E-01  -2.342851E+00        12
   2.038318E+03   1.961190E+06   1.281230E+00   1.281230E+00   1.656781E+00   1.281230E+00  -1.933372E+01   1.012656E-01  -2.342851E+00        12
   2.039318E+03   1.963171E+06   1.281230E+00   1.281230E+00   1.656781E+00   1.281230E+00  -1.933656E+01   1.005553E-01  -2.342851E+00        12
   2.040318E+03   1.965153E+06   1.281230E+00   1.281230E+00   1.656781E+00   1.281230E+00  -1.933940E+01   9.984536E-02  -2.342851E+00        12
   2.041318E+03   1.967136E+06   1.281230E+00   1.281230E+00   1.656781E+00   1.281230E+00  -1.934224E+01   9.913577E-02  -2.342851E+00        12
   2.042318E+03   1.969120E+06   1.281230E+00   1.281230E+00   1.656781E+00   1.281230E+00  -1.934507E+01   9.842654E-02  -2.342851E+00        12
   2.043318E+03   1.971105E+06   1.281230E+00   1.281230E+00   1.656781E+00   1.281230E+00  -1.934791E+01   9.771767E-02  -2.342851E+00        12
   2.044318E+03   1.973091E+06   1.281230E+00   1.281230E+00   1.656781E+00   1.281230E+00  -1.935074E+01   9.700915E-02  -2.342851E+00        12
   2.045318E+03   1.975078E+06   1.281230E+00   1.281230E+00   1.656781E+00   1.281230E+00  -1.935358E+01   9.630099E-02  -2.342851E+00        12
   2.046318E+03   1.977066E+06   1.281230E+00   1.281230E+00   1.656781E+00   1.281230E+00  -1.935641E+01   9.559319E-02  -2.342851E+00        12
   2.047318E+03   1.979055E+06   1.281230E+00   1.281230E+00   1.656781E+00   1.281230E+00  -1.935924E+01   9.488574E-02  -2.342851E+00        12
   2.048318E+03   1.981045E+06   1.281230E+00   1.281230E+00   1.656781E+00   1.281230E+00  -1.936206E+01   9.417865E-02  -2.342851E+00        12
   2.049318E+03   1.983036E+06   1.281230E+00   1.281230E+00   1.656781E+00   1.281230E+00  -1.936489E+01   9.347191E-02  -2.342851E+00        12
   2.050318E+03   1.985028E+06   1.281230E+00   1.281230E+00   1.656781E+00   1.281230E+00  -1.936772E+01   9.276553E-02  -2.342851E+00        12
   2.051318E+03   1.987021E+06   1.281230E+00   1.281230E+00   1.656781E+00   1.281230E+00  -1.937054E+01   9.205950E-02  -2.342851E+00        12
   2.052318E+03   1.989015E+06   1.281230E+00   1.281230E+00   1.656781E+00   1.281230E+00  -1.937336E+01   9.135383E-02  -2.342851E+00        12
   2.053318E+03   1.991010E+06   1.281230E+00   1.281230E+00   1.656781E+00   1.281230E+00  -1.937619E+01   9.064851E-02  -2.342851E+00        12
   2.054318E+03   1.993006E+06   1.281230E+00   1.281230E+00   1.656781E+00   1.281230E+00  -1.937901E+01   8.994354E-02  -2.342851E+00        12
   2.055318E+03   1.995003E+06   1.281230E+00   1.281230E+00   1.656781E+00   1.281230E+00  -1.938182E+01   8.923893E-02  -2.342851E+00        12
   2.056318E+03   1.997001E+06   1.281230E+00   1.281230E+00   1.656781E+00   1.281230E+00  -1.938464E+01   8.853466E-02  -2.342851E+00        12
   2.057318E+03   1.999000E+06   1.281230E+00   1.281230E+00   1.656781E+00   1.281230E+00  -1.938746E+01   8.783075E-02  -2.342851E+00        12
   2.058318E+03   2.001000E+06   1.281230E+00   1.281230E+00   1.656781E+00   1.281230E+00  -1.939027E+01   8.712720E-02  -2.342851E+00        12
   2.059318E+03   2.003001E+06   1.281230E+00   1.281230E+00   1.656781E+00   1.281230E+00  -1.939308E+01   8.642399E-02  -2.342851E+00        12
   2.060318E+03   2.005003E+06   1.281230E+00   1.281230E+00   1.656781E+00   1.281230E+00  -1.939589E+01   8.572114E-02  -2.342851E+00        12
   2.061318E+03   2.007006E+06   1.281230E+00   1.281230E+00   1.656781E+00   1.281230E+00  -1.939871E+01   8.501863E-02  -2.342851E+00        12
   2.062318E+03   2.009010E+06   1.281230E+00   1.281230E+00   1.656781E+00   1.281230E+00  -1.940151E+01   8.431648E-02  -2.342851E+00        12
   2.063318E+03   2.011015E+06   1.281230E+00   1.281230E+00   1.656781E+00   1.281230E+00  -1.940432E+01   8.361468E-02  -2.342851E+00        12
   2.064318E+03   2.013021E+06   1.281230E+00   1.281230E+00   1.656781E+00   1.281230E+00  -1.940713E+01   8.291323E-02  -2.342851E+00        12
   2.065318E+03   2.015028E+06   1.281230E+00   1.281230E+00   1.656781E+00   1.281230E+00  -1.940993E+01   8.221212E-02  -2.342851E+00        12
   2.066318E+03   2.017036E+06   1.281230E+00   1.281230E+00   1.656781E+00   1.281230E+00  -1.941273E+01   8.151137E-02  -2.342851E+00        12
   2.067318E+03   2.019045E+06   1.281230E+00   1.281230E+00   1.656781E+00   1.281230E+00  -1.941554E+01   8.081096E-02  -2.342851E+00        12
   2.068318E+03   2.021055E+06   1.281230E+00   1.281230E+00   1.656781E+00   1.281230E+00  -1.941834E+01   8.011091E-02  -2.342851E+00        12
   2.069318E+03   2.023066E+06   1.281230E+00   1.281230E+00   1.656781E+00   1.281230E+00  -1.942113E+01   7.941120E-02  -2.342851E+00        12
   2.070318E+03   2.025078E+06   1.281230E+00   1.281230E+00   1.656781E+00   1.281230E+00  -1.942393E+01   7.871184E-02  -2.342851E+00        12
   2.071318E+03   2.027091E+06   1.281230E+00   1.281230E+00   1.656781E+00   1.281230E+00  -1.942673E+01   7.801282E-02  -2.342851E+00        12
   2.072318E+03   2.029105E+06   1.281230E+00   1.281230E+00   1.656781E+00   1.281230E+00  -1.942952E+01   7.731416E-02  -2.342851E+00        12
   2.073318E+03   2.031120E+06   1.281230E+00   1.281230E+00   1.656781E+00   1.281230E+00  -1.943232E+01   7.661584E-02  -2.342851E+00        12
   2.074318E+03   2.033136E+06   1.281230E+00   1.281230E+00   1.656781E+00   1.281230E+00  -1.943511E+01   7.591786E-02  -2.342851E+00        12
   2.075318E+03   2.035153E+06   1.281230E+00   1.281230E+00   1.656781E+00   1.281230E+00  -1.943790E+01   7.522024E-02  -2.342851E+00        12
   2.076318E+03   2.037171E+06   1.281230E+00   1.281230E+00   1.656781E+00   1.281230E+00  -1.944069E+01   7.452296E-02  -2.342851E+00        12
   2.077318E+03   2.039190E+06   1.281230E+00   1.281230E+00   1.656781E+00   1.281230E+00  -1.944348E+01   7.382602E-02  -2.342851E+00        12
   2.078318E+03   2.041210E+06   1.281230E+00   1.281230E+00   1.656781E+00   1.281230E+00  -1.944626E+01   7.312943E-02  -2.342851E+00        12
   2.079318E+03   2.043231E+06   1.281230E+00   1.281230E+00   1.656781E+00   1.281230E+00  -1.944905E+01   7.243318E-02  -2.342851E+00        12
   2.080318E+03   2.045253E+06   1.281230E+00   1.281230E+00   1.656781E+00   1.281230E+00  -1.945183E+01   7.173728E-02  -2.342851E+00        12
   2.081318E+03   2.047276E+06   1.281230E+00   1.281230E+00   1.656781E+00   1.281230E+00  -1.945461E+01   7.104172E-02  -2.342851E+00        12
   2.082318E+03   2.049300E+06   1.281230E+00   1.281230E+00   1.656781E+00   1.281230E+00  -1.945739E+01   7.034651E-02  -2.342851E+00        12
   2.083318E+03   2.051325E+06   1.281230E+00   1.281230E+00   1.656781E+00   1.281230E+00  -1.946017E+01   6.965164E-02  -2.342851E+00        12
   2.084318E+03   2.053351E+06   1.281230E+00   1.281230E+00   1.656781E+00   1.281230E+00  -1.946295E+01   6.895711E-02  -2.342851E+00        12
   2.085318E+03   2.055378E+06   1.281230E+00   1.281230E+00   1.656781E+00   1.281230E+00  -1.946573E+01   6.826292E-02  -2.342851E+00        12
   2.086318E+03   2.057406E+06   1.281230E+00   1.281230E+00   1.656781E+00   1.281230E+00  -1.946850E+01   6.756908E-02  -2.342851E+00        12
   2.087318E+03   2.059435E+06   1.281230E+00   1.281230E+00   1.656781E+00   1.281230E+00  -1.947128E+01   6.687558E-02  -2.342851E+00        12
   2.088318E+03   2.061465E+06   1.281230E+00   1.281230E+00   1.656781E+00   1.281230E+00  -1.947405E+01   6.618242E-02  -2.342851E+00        12
   2.089318E+03   2.063496E+06   1.281230E+00   1.281230E+00   1.656781E+00   1.281230E+00  -1.947682E+01   6.548960E-02  -2.342851E+00        12
   2.090318E+03   2.065528E+06   1.281230E+00   1.281230E+00   1.656781E+00   1.281230E+00  -1.947959E+01   6.479712E-02  -2.342851E+00        12
   2.091318E+03   2.067561E+06   1.281230E+00   1.281230E+00   1.656781E+00   1.281230E+00  -1.948236E+01   6.410499E-02  -2.342851E+00        12
   2.092318E+03   2.069595E+06   1.281230E+00   1.281230E+00   1.656781E+00   1.281230E+00  -1.948513E+01   6.341319E-02  -2.342851E+00        12
   2.093318E+03   2.071630E+06   1.281230E+00   1.281230E+00   1.656781E+00   1.281230E+00  -1.948789E+01   6.272173E-02  -2.342851E+00        12
   2.094318E+03   2.073666E+06   1.281230E+00   1.281230E+00   1.656781E+00   1.281230E+00  -1.949066E+01   6.203062E-02  -2.342851E+00        12
   2.095318E+03   2.075703E+06   1.281230E+00   1.281230E+00   1.656781E+00   1.281230E+00  -1.949342E+01   6.133984E-02  -2.342851E+00        12
   2.096318E+03   2.077741E+06   1.281230E+00   1.281230E+00   1.656781E+00   1.281230E+00  -1.949618E+01   6.064940E-02  -2.342851E+00        12
   2.097318E+03   2.079780E+06   1.281230E+00   1.281230E+00   1.656781E+00   1.281230E+00  -1.949894E+01   5.995930E-02  -2.342851E+00        12
   2.098318E+03   2.081820E+06   1.281230E+00   1.281230E+00   1.656781E+00   1.281230E+00  -1.950170E+01   5.926954E-02  -2.342851E+00        12
   2.099318E+03   2.083861E+06   1.281230E+00   1.281230E+00   1.656781E+00   1.281230E+00  -1.950446E+01   5.858011E-02  -2.342851E+00        12
   2.100318E+03   2.085903E+06   1.281230E+00   1.281230E+00   1.656781E+00   1.281230E+00  -1.950722E+01   5.789103E-02  -2.342851E+00        12
   2.101318E+03   2.087946E+06   1.281230E+00   1.281230E+00   1.656781E+00   1.281230E+00  -1.950997E+01   5.720228E-02  -2.342851E+00        12
   2.102318E+03   2.089990E+06   1.281230E+00   1.281230E+00   1.656781E+00   1.281230E+00  -1.951272E+01   5.651387E-02  -2.342851E+00        12
   2.103318E+03   2.092035E+06   1.281230E+00   1.281230E+00   1.656781E+00   1.281230E+00  -1.951548E+01   5.582579E-02  -2.342851E+00        12
   2.104318E+03   2.094081E+06   1.281230E+00   1.281230E+00   1.656781E+00   1.281230E+00  -1.951823E+01   5.513805E-02  -2.342851E+00        12
   2.105318E+03   2.096128E+06   1.281230E+00   1.281230E+00   1.656781E+00   1.281230E+00  -1.952098E+01   5.445065E-02  -2.342851E+00        12
   2.106318E+03   2.098176E+06   1.281230E+00   1.281230E+00   1.656781E+00   1.281230E+00  -1.952373E+01   5.376358E-02  -2.342851E+00        12
   2.107318E+03   2.100225E+06   1.281230E+00   1.281230E+00   1.656781E+00   1.281230E+00  -1.952647E+01   5.307685E-02  -2.342851E+00        12
   2.108318E+03   2.102275E+06   1.281230E+00   1.281230E+00   1.656781E+00   1.281230E+00  -1.952922E+01   5.239045E-02  -2.342851E+00        12
   2.109318E+03   2.104326E+06   1.281230E+00   1.281230E+00   1.656781E+00   1.281230E+00  -1.953196E+01   5.170439E-02  -2.342851E+00        12
   2.110318E+03   2.106378E+06   1.281230E+00   1.281230E+00   1.656781E+00   1.281230E+00  -1.953470E+01   5.101866E-02  -2.342851E+00        12
   2.111318E+03   2.108431E+06   1.281230E+00   1.281230E+00   1.656781E+00   1.281230E+00  -1.953745E+01   5.033327E-02  -2.342851E+00        12
   2.112318E+03   2.110485E+06   1.281230E+00   1.281230E+00   1.656781E+00   1.281230E+00  -1.954019E+01   4.964821E-02  -2.342851E+00        12
   2.113318E+03   2.112540E+06   1.281230E+00   1.281230E+00   1.656781E+00   1.281230E+00  -1.954293E+01   4.896348E-02  -2.342851E+00        12
   2.114318E+03   2.114596E+06   1.281230E+00   1.281230E+00   1.656781E+00   1.281230E+00  -1.954566E+01   4.827908E-02  -2.342851E+00        12
   2.115318E+03   2.116653E+06   1.281230E+00   1.281230E+00   1.656781E+00   1.281230E+00  -1.954840E+01   4.759502E-02  -2.342851E+00        12
   2.116318E+03   2.118711E+06   1.281230E+00   1.281230E+00   1.656781E+00   1.281230E+00  -1.955113E+01   4.691129E-02  -2.342851E+00        12
   2.117318E+03   2.120770E+06   1.281230E+00   1.281230E+00   1.656781E+00   1.281230E+00  -1.955387E+01   4.622790E-02  -2.342851E+00        12
   2.118318E+03   2.122830E+06   1.281230E+00   1.281230E+00   1.656781E+00   1.281230E+00  -1.955660E+01   4.554483E-02  -2.342851E+00        12
   2.119318E+03   2.124891E+06   1.281230E+00   1.281230E+00   1.656781E+00   1.281230E+00  -1.955933E+01   4.486210E-02  -2.342851E+00        12
   2.120318E+03   2.126953E+06   1.281230E+00   1.281230E+00   1.656781E+00   1.281230E+00  -1.956206E+01   4.417970E-02  -2.342851E+00        12
   2.121318E+03   2.129016E+06   1.281230E+00   1.281230E+00   1.656781E+00   1.281230E+00  -1.956479E+01   4.349762E-02  -2.342851E+00        12
   2.122318E+03   2.131080E+06   1.281230E+00   1.281230E+00   1.656781E+00   1.281230E+00  -1.956752E+01   4.281588E-02  -2.342851E+00        12
   2.123318E+03   2.133145E+06   1.281230E+00   1.281230E+00   1.656781E+00   1.281230E+00  -1.957024E+01   4.213447E-02  -2.342851E+00        12
   2.124318E+03   2.135211E+06   1.281230E+00   1.281230E+00   1.656781E+00   1.281230E+00  -1.957297E+01   4.145339E-02  -2.342851E+00        12
   2.125318E+03   2.137278E+06   1.281230E+00   1.281230E+00   1.656781E+00   1.281230E+00  -1.957569E+01   4.077264E-02  -2.342851E+00        12
   2.126318E+03   2.139346E+06   1.281230E+00   1.281230E+00   1.656781E+00   1.281230E+00  -1.957841E+01   4.009222E-02  -2.342851E+00        12
   2.127318E+03   2.141415E+06   1.281230E+00   1.281230E+00   1.656781E+00   1.281230E+00  -1.958113E+01   3.941212E-02  -2.342851E+00        12
   2.128318E+03   2.143485E+06   1.281230E+00   1.281230E+00   1.656781E+00   1.281230E+00  -1.958385E+01   3.873236E-02  -2.342851E+00        12
   2.129318E+03   2.145556E+06   1.281230E+00   1.281230E+00   1.656781E+00   1.281230E+00  -1.958657E+01   3.805292E-02  -2.342851E+00        12
   2.130318E+03   2.147628E+06   1.281230E+00   1.281230E+00   1.656781E+00   1.281230E+00  -1.958928E+01   3.737381E-02  -2.342851E+00        12
   2.131318E+03   2.149701E+06   1.281230E+00   1.281230E+00   1.656781E+00   1.281230E+00  -1.959200E+01   3.669503E-02  -2.342851E+00        12
   2.132318E+03   2.151775E+06   1.281230E+00   1.281230E+00   1.656781E+00   1.281230E+00  -1.959471E+01   3.601657E-02  -2.342851E+00        12
   2.133318E+03   2.153850E+06   1.281230E+00   1.281230E+00   1.656781E+00   1.281230E+00  -1.959743E+01   3.533845E-02  -2.342851E+00        12
   2.134318E+03   2.155926E+06   1.281230E+00   1.281230E+00   1.656781E+00   1.281230E+00  -1.960014E+01   3.466065E-02  -2.342851E+00        12
   2.135318E+03   2.158003E+06   1.281230E+00   1.281230E+00   1.656781E+00   1.281230E+00  -1.960285E+01   3.398317E-02  -2.342851E+00        12
