           time            age           mass      core_mass        He_core        CO_core          log_L       log_Teff     log_radius     phase
   0.000000E+00   0.000000E+00   3.981072E+01   0.000000E+00   0.000000E+00   0.000000E+00   5.366509E+00   4.641336E+00   9.238418E-01         1
   2.401746E-01   2.401746E-01   3.964624E+01   0.000000E+00   0.000000E+00   0.000000E+00   5.376205E+00   4.636043E+00   9.392752E-01         1
   4.803493E-01   4.803493E-01   3.947326E+01   0.000000E+00   0.000000E+00   0.000000E+00   5.386488E+00   4.632790E+00   9.509234E-01         1
   7.205239E-01   7.205239E-01   3.928989E+01   0.000000E+00   0.000000E+00   0.000000E+00   5.397156E+00   4.629910E+00   9.620180E-01         1
   9.606986E-01   9.606986E-01   3.909537E+01   0.000000E+00   0.000000E+00   0.000000E+00   5.408193E+00   4.627019E+00   9.733162E-01         1
   1.200873E+00   1.200873E+00   3.888866E+01   0.000000E+00   0.000000E+00   0.000000E+00   5.419549E+00   4.623936E+00   9.851623E-01         1
   1.441048E+00   1.441048E+00   3.866872E+01   0.000000E+00   0.000000E+00   0.000000E+00   5.431212E+00   4.620520E+00   9.978241E-01         1
   1.681223E+00   1.681223E+00   3.843447E+01   0.000000E+00   0.000000E+00   0.000000E+00   5.443244E+00   4.616638E+00   1.011605E+00         1
   1.921397E+00   1.921397E+00   3.818456E+01   0.000000E+00   0.000000E+00   0.000000E+00   5.455730E+00   4.612126E+00   1.026871E+00         1
   2.161572E+00   2.161572E+00   3.791785E+01   0.000000E+00   0.000000E+00   0.000000E+00   5.468755E+00   4.606820E+00   1.043996E+00         1
   2.401746E+00   2.401746E+00   3.763297E+01   0.000000E+00   0.000000E+00   0.000000E+00   5.482430E+00   4.600475E+00   1.063524E+00         1
   2.641921E+00   2.641921E+00   3.732856E+01   0.000000E+00   0.000000E+00   0.000000E+00   5.496910E+00   4.592775E+00   1.086164E+00         1
   2.882096E+00   2.882096E+00   3.700404E+01   0.000000E+00   0.000000E+00   0.000000E+00   5.512237E+00   4.583337E+00   1.112702E+00         1
   3.122270E+00   3.122270E+00   3.666003E+01   0.000000E+00   0.000000E+00   0.000000E+00   5.528357E+00   4.571742E+00   1.143952E+00         1
   3.362445E+00   3.362445E+00   3.629872E+01   0.000000E+00   0.000000E+00   0.000000E+00   5.545590E+00   4.557503E+00   1.181047E+00         1
   3.602620E+00   3.602620E+00   3.592478E+01   0.000000E+00   0.000000E+00   0.000000E+00   5.564320E+00   4.539070E+00   1.226629E+00         1
   3.842794E+00   3.842794E+00   3.554934E+01   0.000000E+00   0.000000E+00   0.000000E+00   5.585071E+00   4.514961E+00   1.284135E+00         1
   4.082969E+00   4.082969E+00   3.519538E+01   0.000000E+00   0.000000E+00   0.000000E+00   5.608382E+00   4.481014E+00   1.361858E+00         1
   4.323144E+00   4.323144E+00   3.490457E+01   0.000000E+00   0.000000E+00   0.000000E+00   5.634514E+00   4.430926E+00   1.474828E+00         1
   4.563318E+00   4.563318E+00   3.296144E+01   0.000000E+00   0.000000E+00   0.000000E+00   5.654795E+00   4.320230E+00   1.706600E+00         1
   4.565720E+00   4.565720E+00   3.293592E+01   0.000000E+00   0.000000E+00   0.000000E+00   5.655017E+00   4.318490E+00   1.710193E+00         1
   4.568122E+00   4.568122E+00   3.291040E+01   0.000000E+00   0.000000E+00   0.000000E+00   5.655240E+00   4.316750E+00   1.713785E+00         1
   4.570524E+00   4.570524E+00   3.288487E+01   0.000000E+00   0.000000E+00   0.000000E+00   5.655462E+00   4.315009E+00   1.717378E+00         1
   4.572925E+00   4.572925E+00   3.285939E+01   0.000000E+00   0.000000E+00   0.000000E+00   5.655685E+00   4.313258E+00   1.720993E+00         1
   4.575327E+00   4.575327E+00   3.283406E+01   0.000000E+00   0.000000E+00   0.000000E+00   5.655912E+00   4.311473E+00   1.724678E+00         1
   4.577729E+00   4.577729E+00   3.280872E+01   0.000000E+00   0.000000E+00   0.000000E+00   5.656139E+00   4.309688E+00   1.728363E+00         1
   4.580131E+00   4.580131E+00   3.278339E+01   0.000000E+00   0.000000E+00   0.000000E+00   5.656366E+00   4.307903E+00   1.732047E+00         1
   4.582532E+00   4.582532E+00   3.275813E+01   0.000000E+00   0.000000E+00   0.000000E+00   5.656595E+00   4.306095E+00   1.735778E+00         1
   4.584934E+00   4.584934E+00   3.273311E+01   0.000000E+00   0.000000E+00   0.000000E+00   5.656831E+00   4.304212E+00   1.739663E+00         1
   4.587336E+00   4.587336E+00   3.270809E+01   0.000000E+00   0.000000E+00   0.000000E+00   5.657067E+00   4.302329E+00   1.743548E+00         1
   4.589738E+00   4.589738E+00   3.268307E+01   0.000000E+00   0.000000E+00   0.000000E+00   5.657303E+00   4.300446E+00   1.747433E+00         1
   4.592139E+00   4.592139E+00   3.265811E+01   0.000000E+00   0.000000E+00   0.000000E+00   5.657540E+00   4.298551E+00   1.751344E+00         1
   4.594541E+00   4.594541E+00   3.263323E+01   0.000000E+00   0.000000E+00   0.000000E+00   5.657779E+00   4.296637E+00   1.755291E+00         1
   4.596943E+00   4.596943E+00   3.260835E+01   0.000000E+00   0.000000E+00   0.000000E+00   5.658018E+00   4.294723E+00   1.759239E+00         1
   4.599344E+00   4.599344E+00   3.258347E+01   0.000000E+00   0.000000E+00   0.000000E+00   5.658256E+00   4.292810E+00   1.763187E+00         1
   4.601746E+00   4.601746E+00   3.255878E+01   0.000000E+00   0.000000E+00   0.000000E+00   5.658500E+00   4.290843E+00   1.767244E+00         1
   4.604148E+00   4.604148E+00   3.253419E+01   0.000000E+00   0.000000E+00   0.000000E+00   5.658747E+00   4.288848E+00   1.771357E+00         1
   4.606550E+00   4.606550E+00   3.250960E+01   0.000000E+00   0.000000E+00   0.000000E+00   5.658993E+00   4.286854E+00   1.775470E+00         1
   4.608951E+00   4.608951E+00   3.248503E+01   0.000000E+00   0.000000E+00   0.000000E+00   5.659240E+00   4.284855E+00   1.779591E+00         1
   4.611353E+00   4.611353E+00   3.246067E+01   0.000000E+00   0.000000E+00   0.000000E+00   5.659492E+00   4.282798E+00   1.783834E+00         1
   4.613755E+00   4.613755E+00   3.243631E+01   0.000000E+00   0.000000E+00   0.000000E+00   5.659744E+00   4.280740E+00   1.788076E+00         1
   4.616157E+00   4.616157E+00   3.241194E+01   0.000000E+00   0.000000E+00   0.000000E+00   5.659996E+00   4.278682E+00   1.792319E+00         1
   4.618558E+00   4.618558E+00   3.238768E+01   0.000000E+00   0.000000E+00   0.000000E+00   5.660250E+00   4.276597E+00   1.796616E+00         1
   4.620960E+00   4.620960E+00   3.236350E+01   0.000000E+00   0.000000E+00   0.000000E+00   5.660507E+00   4.274492E+00   1.800956E+00         1
   4.623362E+00   4.623362E+00   3.233932E+01   0.000000E+00   0.000000E+00   0.000000E+00   5.660763E+00   4.272387E+00   1.805295E+00         1
   4.625764E+00   4.625764E+00   3.231519E+01   0.000000E+00   0.000000E+00   0.000000E+00   5.661020E+00   4.270267E+00   1.809665E+00         1
   4.628165E+00   4.628165E+00   3.229131E+01   0.000000E+00   0.000000E+00   0.000000E+00   5.661285E+00   4.268060E+00   1.814211E+00         1
   4.630567E+00   4.630567E+00   3.226744E+01   0.000000E+00   0.000000E+00   0.000000E+00   5.661549E+00   4.265854E+00   1.818757E+00         1
   4.632969E+00   4.632969E+00   3.224357E+01   0.000000E+00   0.000000E+00   0.000000E+00   5.661813E+00   4.263647E+00   1.823303E+00         1
   4.635371E+00   4.635371E+00   3.221986E+01   0.000000E+00   0.000000E+00   0.000000E+00   5.662081E+00   4.261392E+00   1.827947E+00         1
   4.637772E+00   4.637772E+00   3.219616E+01   0.000000E+00   0.000000E+00   0.000000E+00   5.662349E+00   4.259131E+00   1.832605E+00         1
   4.640174E+00   4.640174E+00   3.217247E+01   0.000000E+00   0.000000E+00   0.000000E+00   5.662618E+00   4.256869E+00   1.837263E+00         1
   4.642576E+00   4.642576E+00   3.214894E+01   0.000000E+00   0.000000E+00   0.000000E+00   5.662890E+00   4.254563E+00   1.842013E+00         1
   4.644978E+00   4.644978E+00   3.212549E+01   0.000000E+00   0.000000E+00   0.000000E+00   5.663164E+00   4.252236E+00   1.846804E+00         1
   4.647379E+00   4.647379E+00   3.210203E+01   0.000000E+00   0.000000E+00   0.000000E+00   5.663438E+00   4.249910E+00   1.851595E+00         1
   4.649781E+00   4.649781E+00   3.207876E+01   0.000000E+00   0.000000E+00   0.000000E+00   5.663716E+00   4.247521E+00   1.856512E+00         1
   4.652183E+00   4.652183E+00   3.205562E+01   0.000000E+00   0.000000E+00   0.000000E+00   5.663998E+00   4.245090E+00   1.861516E+00         1
   4.654585E+00   4.654585E+00   3.203247E+01   0.000000E+00   0.000000E+00   0.000000E+00   5.664279E+00   4.242659E+00   1.866520E+00         1
   4.656986E+00   4.656986E+00   3.200944E+01   0.000000E+00   0.000000E+00   0.000000E+00   5.664564E+00   4.240197E+00   1.871587E+00         1
   4.659388E+00   4.659388E+00   3.198648E+01   0.000000E+00   0.000000E+00   0.000000E+00   5.664850E+00   4.237717E+00   1.876691E+00         1
   4.661790E+00   4.661790E+00   3.196352E+01   0.000000E+00   0.000000E+00   0.000000E+00   5.665136E+00   4.235236E+00   1.881795E+00         1
   4.664192E+00   4.664192E+00   3.194074E+01   0.000000E+00   0.000000E+00   0.000000E+00   5.665426E+00   4.232707E+00   1.887000E+00         1
   4.666593E+00   4.666593E+00   3.191804E+01   0.000000E+00   0.000000E+00   0.000000E+00   5.665717E+00   4.230158E+00   1.892245E+00         1
   4.668995E+00   4.668995E+00   3.189534E+01   0.000000E+00   0.000000E+00   0.000000E+00   5.666009E+00   4.227608E+00   1.897490E+00         1
   4.671397E+00   4.671397E+00   3.187289E+01   0.000000E+00   0.000000E+00   0.000000E+00   5.666307E+00   4.224989E+00   1.902879E+00         1
   4.673799E+00   4.673799E+00   3.185047E+01   0.000000E+00   0.000000E+00   0.000000E+00   5.666606E+00   4.222360E+00   1.908288E+00         1
   4.676200E+00   4.676200E+00   3.182808E+01   0.000000E+00   0.000000E+00   0.000000E+00   5.666905E+00   4.219724E+00   1.913709E+00         1
   4.678602E+00   4.678602E+00   3.180588E+01   0.000000E+00   0.000000E+00   0.000000E+00   5.667209E+00   4.217047E+00   1.919217E+00         1
   4.681004E+00   4.681004E+00   3.178369E+01   0.000000E+00   0.000000E+00   0.000000E+00   5.667513E+00   4.214369E+00   1.924725E+00         1
   4.683406E+00   4.683406E+00   3.176160E+01   0.000000E+00   0.000000E+00   0.000000E+00   5.667819E+00   4.211662E+00   1.930293E+00         1
   4.685807E+00   4.685807E+00   3.173966E+01   0.000000E+00   0.000000E+00   0.000000E+00   5.668130E+00   4.208916E+00   1.935941E+00         1
   4.688209E+00   4.688209E+00   3.171771E+01   0.000000E+00   0.000000E+00   0.000000E+00   5.668440E+00   4.206170E+00   1.941588E+00         1
   4.690611E+00   4.690611E+00   3.169600E+01   0.000000E+00   0.000000E+00   0.000000E+00   5.668756E+00   4.203393E+00   1.947301E+00         1
   4.693013E+00   4.693013E+00   3.167435E+01   0.000000E+00   0.000000E+00   0.000000E+00   5.669075E+00   4.200608E+00   1.953031E+00         1
   4.695414E+00   4.695414E+00   3.165274E+01   0.000000E+00   0.000000E+00   0.000000E+00   5.669394E+00   4.197819E+00   1.958769E+00         1
   4.697816E+00   4.697816E+00   3.163131E+01   0.000000E+00   0.000000E+00   0.000000E+00   5.669718E+00   4.195014E+00   1.964541E+00         1
   4.700218E+00   4.700218E+00   3.160989E+01   0.000000E+00   0.000000E+00   0.000000E+00   5.670041E+00   4.192210E+00   1.970313E+00         1
   4.702620E+00   4.702620E+00   3.158862E+01   0.000000E+00   0.000000E+00   0.000000E+00   5.670370E+00   4.189393E+00   1.976111E+00         1
   4.705021E+00   4.705021E+00   3.156745E+01   0.000000E+00   0.000000E+00   0.000000E+00   5.670701E+00   4.186569E+00   1.981925E+00         1
   4.707423E+00   4.707423E+00   3.154630E+01   0.000000E+00   0.000000E+00   0.000000E+00   5.671034E+00   4.183744E+00   1.987742E+00         1
   4.709825E+00   4.709825E+00   3.152541E+01   0.000000E+00   0.000000E+00   0.000000E+00   5.671374E+00   4.180898E+00   1.993605E+00         1
   4.712227E+00   4.712227E+00   3.150452E+01   0.000000E+00   0.000000E+00   0.000000E+00   5.671715E+00   4.178051E+00   1.999469E+00         1
   4.714628E+00   4.714628E+00   3.148375E+01   0.000000E+00   0.000000E+00   0.000000E+00   5.672060E+00   4.175208E+00   2.005328E+00         1
   4.717030E+00   4.717030E+00   3.146308E+01   0.000000E+00   0.000000E+00   0.000000E+00   5.672408E+00   4.172367E+00   2.011185E+00         1
   4.719432E+00   4.719432E+00   3.144241E+01   0.000000E+00   0.000000E+00   0.000000E+00   5.672756E+00   4.169526E+00   2.017041E+00         1
   4.721834E+00   4.721834E+00   3.142196E+01   0.000000E+00   0.000000E+00   0.000000E+00   5.673113E+00   4.166711E+00   2.022851E+00         1
   4.724235E+00   4.724235E+00   3.140150E+01   0.000000E+00   0.000000E+00   0.000000E+00   5.673470E+00   4.163895E+00   2.028661E+00         1
   4.726637E+00   4.726637E+00   3.138118E+01   0.000000E+00   0.000000E+00   0.000000E+00   5.673833E+00   4.161096E+00   2.034441E+00         1
   4.729039E+00   4.729039E+00   3.136103E+01   0.000000E+00   0.000000E+00   0.000000E+00   5.674204E+00   4.158317E+00   2.040184E+00         1
   4.731441E+00   4.731441E+00   3.134088E+01   0.000000E+00   0.000000E+00   0.000000E+00   5.674575E+00   4.155538E+00   2.045927E+00         1
   4.733842E+00   4.733842E+00   3.132091E+01   0.000000E+00   0.000000E+00   0.000000E+00   5.674957E+00   4.152786E+00   2.051623E+00         1
   4.736244E+00   4.736244E+00   3.130096E+01   0.000000E+00   0.000000E+00   0.000000E+00   5.675342E+00   4.150037E+00   2.057312E+00         1
   4.738646E+00   4.738646E+00   3.128104E+01   0.000000E+00   0.000000E+00   0.000000E+00   5.675728E+00   4.147295E+00   2.062989E+00         1
   4.741048E+00   4.741048E+00   3.126122E+01   0.000000E+00   0.000000E+00   0.000000E+00   5.676121E+00   4.144571E+00   2.068634E+00         1
   4.743449E+00   4.743449E+00   3.124140E+01   0.000000E+00   0.000000E+00   0.000000E+00   5.676514E+00   4.141847E+00   2.074279E+00         1
   4.745851E+00   4.745851E+00   3.122177E+01   0.000000E+00   0.000000E+00   0.000000E+00   5.676926E+00   4.139174E+00   2.079831E+00         1
   4.748253E+00   4.748253E+00   3.120225E+01   0.000000E+00   0.000000E+00   0.000000E+00   5.677347E+00   4.136528E+00   2.085333E+00         1
   4.750655E+00   4.750655E+00   3.118272E+01   0.000000E+00   0.000000E+00   0.000000E+00   5.677768E+00   4.133882E+00   2.090835E+00         1
   4.753056E+00   4.753056E+00   3.116332E+01   1.409511E+00   1.409511E+00   0.000000E+00   5.678207E+00   4.131268E+00   2.096282E+00         1
   4.755458E+00   4.755458E+00   3.114393E+01   2.850452E+00   2.850452E+00   0.000000E+00   5.678646E+00   4.128655E+00   2.101728E+00         1
   4.757860E+00   4.757860E+00   3.112458E+01   4.954023E+00   4.954023E+00   0.000000E+00   5.679093E+00   4.126054E+00   2.107153E+00         1
   4.760262E+00   4.760262E+00   3.110535E+01   8.681777E+00   8.681777E+00   0.000000E+00   5.679559E+00   4.123483E+00   2.112527E+00         1
   4.762663E+00   4.762663E+00   3.108611E+01   1.240953E+01   1.240953E+01   0.000000E+00   5.680024E+00   4.120912E+00   2.117902E+00         1
   4.765065E+00   4.765065E+00   3.106702E+01   1.420630E+01   1.420630E+01   0.000000E+00   5.680524E+00   4.118448E+00   2.123078E+00         1
   4.767467E+00   4.767467E+00   3.104801E+01   1.463627E+01   1.463627E+01   0.000000E+00   5.681047E+00   4.116061E+00   2.128114E+00         1
   4.769868E+00   4.769868E+00   3.102901E+01   1.506625E+01   1.506625E+01   0.000000E+00   5.681571E+00   4.113674E+00   2.133149E+00         1
   4.772270E+00   4.772270E+00   3.101013E+01   1.517896E+01   1.517896E+01   0.000000E+00   5.682151E+00   4.111482E+00   2.137823E+00         1
   4.774672E+00   4.774672E+00   3.099128E+01   1.520102E+01   1.520102E+01   0.000000E+00   5.682748E+00   4.109345E+00   2.142395E+00         1
   4.777074E+00   4.777074E+00   3.097243E+01   1.522307E+01   1.522307E+01   0.000000E+00   5.683344E+00   4.107209E+00   2.146966E+00         1
   4.779475E+00   4.779475E+00   3.095368E+01   1.523319E+01   1.523319E+01   0.000000E+00   5.684068E+00   4.105618E+00   2.150509E+00         1
   4.781877E+00   4.781877E+00   3.093493E+01   1.524142E+01   1.524142E+01   0.000000E+00   5.684812E+00   4.104114E+00   2.153890E+00         1
   4.784279E+00   4.784279E+00   3.091619E+01   1.524965E+01   1.524965E+01   0.000000E+00   5.685555E+00   4.102610E+00   2.157270E+00         1
   4.786681E+00   4.786681E+00   3.089728E+01   1.525213E+01   1.525213E+01   0.000000E+00   5.686569E+00   4.102206E+00   2.158416E+00         1
   4.789082E+00   4.789082E+00   3.087834E+01   1.525352E+01   1.525352E+01   0.000000E+00   5.687633E+00   4.102010E+00   2.159138E+00         1
   4.791484E+00   4.791484E+00   3.085897E+01   1.561332E+01   1.561332E+01   0.000000E+00   5.689011E+00   4.102831E+00   2.158270E+00         1
   4.793886E+00   4.793886E+00   3.083895E+01   1.653571E+01   1.653571E+01   0.000000E+00   5.690918E+00   4.105072E+00   2.156443E+00         1
   4.796288E+00   4.796288E+00   3.081819E+01   1.751321E+01   1.751321E+01   0.000000E+00   5.693827E+00   4.107108E+00   2.157445E+00         1
   4.798689E+00   4.798689E+00   3.079770E+01   1.752712E+01   1.752712E+01   0.000000E+00   5.697175E+00   4.108714E+00   2.155121E+00         1
   4.801091E+00   4.801091E+00   3.077729E+01   1.748388E+01   1.748388E+01   0.000000E+00   5.702104E+00   4.104157E+00   2.167654E+00         1
   4.803493E+00   4.803493E+00   3.075683E+01   1.749756E+01   1.749756E+01   0.000000E+00   5.720734E+00   4.069435E+00   2.241037E+00         2
   4.803547E+00   4.803547E+00   3.075683E+01   1.748129E+01   1.748129E+01   0.000000E+00   5.708235E+00   4.114414E+00   2.149335E+00         2
   4.803602E+00   4.803602E+00   3.075407E+01   1.749522E+01   1.749522E+01   0.000000E+00   5.723900E+00   4.111903E+00   2.159619E+00         2
   4.803656E+00   4.803656E+00   3.075354E+01   1.749506E+01   1.749506E+01   0.000000E+00   5.724122E+00   4.110907E+00   2.161244E+00         2
   4.803711E+00   4.803711E+00   3.075302E+01   1.749490E+01   1.749490E+01   0.000000E+00   5.724344E+00   4.109912E+00   2.162870E+00         2
   4.803765E+00   4.803765E+00   3.075249E+01   1.749470E+01   1.749470E+01   0.000000E+00   5.724521E+00   4.108794E+00   2.164936E+00         2
   4.803819E+00   4.803819E+00   3.075197E+01   1.749447E+01   1.749447E+01   0.000000E+00   5.724651E+00   4.107548E+00   2.167461E+00         2
   4.803874E+00   4.803874E+00   3.075145E+01   1.749423E+01   1.749423E+01   0.000000E+00   5.724780E+00   4.106303E+00   2.169985E+00         2
   4.803928E+00   4.803928E+00   3.075093E+01   1.749416E+01   1.749416E+01   0.000000E+00   5.724859E+00   4.104943E+00   2.172729E+00         2
   4.803983E+00   4.803983E+00   3.075041E+01   1.749414E+01   1.749414E+01   0.000000E+00   5.724919E+00   4.103540E+00   2.175555E+00         2
   4.804037E+00   4.804037E+00   3.074989E+01   1.749413E+01   1.749413E+01   0.000000E+00   5.724980E+00   4.102116E+00   2.178423E+00         2
   4.804091E+00   4.804091E+00   3.074938E+01   1.749413E+01   1.749413E+01   0.000000E+00   5.724965E+00   4.100380E+00   2.181878E+00         2
   4.804146E+00   4.804146E+00   3.074887E+01   1.749413E+01   1.749413E+01   0.000000E+00   5.724950E+00   4.098618E+00   2.185387E+00         2
   4.804200E+00   4.804200E+00   3.074836E+01   1.749467E+01   1.749467E+01   0.000000E+00   5.724907E+00   4.096666E+00   2.189261E+00         2
   4.804255E+00   4.804255E+00   3.074785E+01   1.749579E+01   1.749579E+01   0.000000E+00   5.724834E+00   4.094507E+00   2.193534E+00         2
   4.804309E+00   4.804309E+00   3.074735E+01   1.749815E+01   1.749815E+01   0.000000E+00   5.724752E+00   4.092270E+00   2.197961E+00         2
   4.804363E+00   4.804363E+00   3.074685E+01   1.750433E+01   1.750433E+01   0.000000E+00   5.724640E+00   4.089789E+00   2.202859E+00         2
   4.804418E+00   4.804418E+00   3.074635E+01   1.750917E+01   1.750917E+01   0.000000E+00   5.724518E+00   4.087208E+00   2.207953E+00         2
   4.804472E+00   4.804472E+00   3.074585E+01   1.750917E+01   1.750917E+01   0.000000E+00   5.724360E+00   4.084265E+00   2.213754E+00         2
   4.804527E+00   4.804527E+00   3.074536E+01   1.750917E+01   1.750917E+01   0.000000E+00   5.724186E+00   4.081210E+00   2.219905E+00         2
   4.804581E+00   4.804581E+00   3.074487E+01   1.750917E+01   1.750917E+01   0.000000E+00   5.723992E+00   4.078014E+00   2.226496E+00         2
   4.804635E+00   4.804635E+00   3.074439E+01   1.750917E+01   1.750917E+01   0.000000E+00   5.723776E+00   4.074749E+00   2.233591E+00         2
   4.804690E+00   4.804690E+00   3.074391E+01   1.750956E+01   1.750956E+01   0.000000E+00   5.723545E+00   4.071311E+00   2.241120E+00         2
   4.804744E+00   4.804744E+00   3.074343E+01   1.751072E+01   1.751072E+01   0.000000E+00   5.723291E+00   4.067570E+00   2.249258E+00         2
   4.804799E+00   4.804799E+00   3.074297E+01   1.751426E+01   1.751426E+01   0.000000E+00   5.723019E+00   4.063178E+00   2.258052E+00         2
   4.804853E+00   4.804853E+00   3.074251E+01   1.752098E+01   1.752098E+01   0.000000E+00   5.722710E+00   4.058120E+00   2.268001E+00         2
   4.804907E+00   4.804907E+00   3.074205E+01   1.752665E+01   1.752665E+01   0.000000E+00   5.722381E+00   4.052657E+00   2.278340E+00         2
   4.804962E+00   4.804962E+00   3.074161E+01   1.752744E+01   1.752744E+01   0.000000E+00   5.722004E+00   4.046132E+00   2.290945E+00         2
   4.805016E+00   4.805016E+00   3.074117E+01   1.752718E+01   1.752718E+01   0.000000E+00   5.721596E+00   4.039034E+00   2.304926E+00         2
   4.805071E+00   4.805071E+00   3.074070E+01   1.752702E+01   1.752702E+01   0.000000E+00   5.721174E+00   4.031396E+00   2.319988E+00         2
   4.805125E+00   4.805125E+00   3.074020E+01   1.752702E+01   1.752702E+01   0.000000E+00   5.720742E+00   4.023554E+00   2.335848E+00         2
   4.805179E+00   4.805179E+00   3.073958E+01   1.752702E+01   1.752702E+01   0.000000E+00   5.720306E+00   4.015848E+00   2.351612E+00         2
   4.805234E+00   4.805234E+00   3.073886E+01   1.752702E+01   1.752702E+01   0.000000E+00   5.719855E+00   4.008293E+00   2.367058E+00         2
   4.805288E+00   4.805288E+00   3.073804E+01   1.752702E+01   1.752702E+01   0.000000E+00   5.719389E+00   4.000962E+00   2.382034E+00         2
   4.805343E+00   4.805343E+00   3.073712E+01   1.752924E+01   1.752924E+01   0.000000E+00   5.718917E+00   3.994009E+00   2.396287E+00         2
   4.805397E+00   4.805397E+00   3.073617E+01   1.753989E+01   1.753989E+01   0.000000E+00   5.718452E+00   3.987931E+00   2.408982E+00         2
   4.805452E+00   4.805452E+00   3.073520E+01   1.754536E+01   1.754536E+01   0.000000E+00   5.717983E+00   3.982378E+00   2.420586E+00         2
   4.805506E+00   4.805506E+00   3.073420E+01   1.754538E+01   1.754538E+01   0.000000E+00   5.717506E+00   3.977464E+00   2.430825E+00         2
   4.805560E+00   4.805560E+00   3.073317E+01   1.754533E+01   1.754533E+01   0.000000E+00   5.717019E+00   3.973050E+00   2.439974E+00         2
   4.805615E+00   4.805615E+00   3.073213E+01   1.754514E+01   1.754514E+01   0.000000E+00   5.716519E+00   3.969034E+00   2.448142E+00         2
   4.805669E+00   4.805669E+00   3.073107E+01   1.754471E+01   1.754471E+01   0.000000E+00   5.716003E+00   3.965328E+00   2.455462E+00         2
   4.805724E+00   4.805724E+00   3.072999E+01   1.754430E+01   1.754430E+01   0.000000E+00   5.715482E+00   3.961827E+00   2.462276E+00         2
   4.805778E+00   4.805778E+00   3.072891E+01   1.754411E+01   1.754411E+01   0.000000E+00   5.714963E+00   3.958604E+00   2.468458E+00         2
   4.805832E+00   4.805832E+00   3.072781E+01   1.754562E+01   1.754562E+01   0.000000E+00   5.714448E+00   3.955721E+00   2.473954E+00         2
   4.805887E+00   4.805887E+00   3.072670E+01   1.754800E+01   1.754800E+01   0.000000E+00   5.713936E+00   3.953013E+00   2.479097E+00         2
   4.805941E+00   4.805941E+00   3.072558E+01   1.755404E+01   1.755404E+01   0.000000E+00   5.713431E+00   3.950551E+00   2.483747E+00         2
   4.805996E+00   4.805996E+00   3.072446E+01   1.756119E+01   1.756119E+01   0.000000E+00   5.712927E+00   3.948163E+00   2.488246E+00         2
   4.806050E+00   4.806050E+00   3.072332E+01   1.756355E+01   1.756355E+01   0.000000E+00   5.712441E+00   3.945965E+00   2.492372E+00         2
   4.806104E+00   4.806104E+00   3.072217E+01   1.756371E+01   1.756371E+01   0.000000E+00   5.711963E+00   3.943855E+00   2.496326E+00         2
   4.806159E+00   4.806159E+00   3.072102E+01   1.756561E+01   1.756561E+01   0.000000E+00   5.711499E+00   3.941792E+00   2.500198E+00         2
   4.806213E+00   4.806213E+00   3.071985E+01   1.756999E+01   1.756999E+01   0.000000E+00   5.711055E+00   3.939793E+00   2.503950E+00         2
   4.806268E+00   4.806268E+00   3.071869E+01   1.757444E+01   1.757444E+01   0.000000E+00   5.710602E+00   3.937719E+00   2.507849E+00         2
   4.806322E+00   4.806322E+00   3.071751E+01   1.757999E+01   1.757999E+01   0.000000E+00   5.710005E+00   3.934371E+00   2.514220E+00         2
   4.806376E+00   4.806376E+00   3.071632E+01   1.758327E+01   1.758327E+01   0.000000E+00   5.709298E+00   3.930092E+00   2.522396E+00         2
   4.806431E+00   4.806431E+00   3.071511E+01   1.758396E+01   1.758396E+01   0.000000E+00   5.708539E+00   3.924647E+00   2.532891E+00         2
   4.806485E+00   4.806485E+00   3.071388E+01   1.758400E+01   1.758400E+01   0.000000E+00   5.707878E+00   3.918901E+00   2.544061E+00         2
   4.806540E+00   4.806540E+00   3.071263E+01   1.758370E+01   1.758370E+01   0.000000E+00   5.707190E+00   3.912599E+00   2.556341E+00         2
   4.806594E+00   4.806594E+00   3.071136E+01   1.758338E+01   1.758338E+01   0.000000E+00   5.706440E+00   3.905578E+00   2.570031E+00         2
   4.806648E+00   4.806648E+00   3.071005E+01   1.758676E+01   1.758676E+01   0.000000E+00   5.705441E+00   3.896830E+00   2.587050E+00         2
   4.806703E+00   4.806703E+00   3.070871E+01   1.759480E+01   1.759480E+01   0.000000E+00   5.704171E+00   3.886229E+00   2.607631E+00         2
   4.806757E+00   4.806757E+00   3.070733E+01   1.759911E+01   1.759911E+01   0.000000E+00   5.702613E+00   3.873981E+00   2.631361E+00         2
   4.806812E+00   4.806812E+00   3.070592E+01   1.760177E+01   1.760177E+01   0.000000E+00   5.700728E+00   3.860274E+00   2.657760E+00         2
   4.806866E+00   4.806866E+00   3.070444E+01   1.760222E+01   1.760222E+01   0.000000E+00   5.699646E+00   3.848140E+00   2.681470E+00         2
   4.806920E+00   4.806920E+00   3.070291E+01   1.760236E+01   1.760236E+01   0.000000E+00   5.699329E+00   3.837419E+00   2.702593E+00         2
   4.806975E+00   4.806975E+00   3.070131E+01   1.760471E+01   1.760471E+01   0.000000E+00   5.699454E+00   3.828403E+00   2.720513E+00         2
   4.807029E+00   4.807029E+00   3.069966E+01   1.760562E+01   1.760562E+01   0.000000E+00   5.699487E+00   3.820240E+00   2.736709E+00         2
   4.807084E+00   4.807084E+00   3.069794E+01   1.761534E+01   1.761534E+01   0.000000E+00   5.699700E+00   3.813143E+00   2.750894E+00         2
   4.807138E+00   4.807138E+00   3.069618E+01   1.762149E+01   1.762149E+01   0.000000E+00   5.699889E+00   3.806538E+00   2.764099E+00         2
   4.807193E+00   4.807193E+00   3.069438E+01   1.762172E+01   1.762172E+01   0.000000E+00   5.700116E+00   3.800321E+00   2.776553E+00         2
   4.807247E+00   4.807247E+00   3.069252E+01   1.762167E+01   1.762167E+01   0.000000E+00   5.700874E+00   3.795171E+00   2.787205E+00         2
   4.807301E+00   4.807301E+00   3.069061E+01   1.762239E+01   1.762239E+01   0.000000E+00   5.702281E+00   3.791328E+00   2.795684E+00         2
   4.807356E+00   4.807356E+00   3.068867E+01   1.762765E+01   1.762765E+01   0.000000E+00   5.703213E+00   3.787325E+00   2.804237E+00         2
   4.807410E+00   4.807410E+00   3.068675E+01   1.763636E+01   1.763636E+01   0.000000E+00   5.701395E+00   3.778806E+00   2.820047E+00         2
   4.807465E+00   4.807465E+00   3.068469E+01   1.763992E+01   1.763992E+01   0.000000E+00   5.701952E+00   3.771665E+00   2.834459E+00         2
   4.807519E+00   4.807519E+00   3.068252E+01   1.764016E+01   1.764016E+01   0.000000E+00   5.703977E+00   3.766031E+00   2.846735E+00         2
   4.807573E+00   4.807573E+00   3.068029E+01   1.764016E+01   1.764016E+01   0.000000E+00   5.705720E+00   3.760715E+00   2.858237E+00         2
   4.807628E+00   4.807628E+00   3.067797E+01   1.763994E+01   1.763994E+01   0.000000E+00   5.707732E+00   3.756099E+00   2.868505E+00         2
   4.807682E+00   4.807682E+00   3.067559E+01   1.764321E+01   1.764321E+01   0.000000E+00   5.710038E+00   3.751954E+00   2.878006E+00         2
   4.807737E+00   4.807737E+00   3.067314E+01   1.765172E+01   1.765172E+01   0.000000E+00   5.712502E+00   3.748040E+00   2.887137E+00         2
   4.807791E+00   4.807791E+00   3.067062E+01   1.765671E+01   1.765671E+01   0.000000E+00   5.715095E+00   3.744364E+00   2.895872E+00         2
   4.807845E+00   4.807845E+00   3.066804E+01   1.765870E+01   1.765870E+01   0.000000E+00   5.717748E+00   3.740863E+00   2.904288E+00         2
   4.807900E+00   4.807900E+00   3.066541E+01   1.765889E+01   1.765889E+01   0.000000E+00   5.720446E+00   3.737509E+00   2.912434E+00         2
   4.807954E+00   4.807954E+00   3.066265E+01   1.765939E+01   1.765939E+01   0.000000E+00   5.723209E+00   3.734518E+00   2.919904E+00         2
   4.808009E+00   4.808009E+00   3.065986E+01   1.766001E+01   1.766001E+01   0.000000E+00   5.725965E+00   3.731638E+00   2.927144E+00         2
   4.808063E+00   4.808063E+00   3.065701E+01   1.766081E+01   1.766081E+01   0.000000E+00   5.728711E+00   3.728915E+00   2.934066E+00         2
   4.808117E+00   4.808117E+00   3.065406E+01   1.766570E+01   1.766570E+01   0.000000E+00   5.731245E+00   3.726422E+00   2.940504E+00         2
   4.808172E+00   4.808172E+00   3.065104E+01   1.767325E+01   1.767325E+01   0.000000E+00   5.733640E+00   3.724079E+00   2.946626E+00         2
   4.808226E+00   4.808226E+00   3.064796E+01   1.767758E+01   1.767758E+01   0.000000E+00   5.735842E+00   3.721912E+00   2.952431E+00         2
   4.808281E+00   4.808281E+00   3.064484E+01   1.767941E+01   1.767941E+01   0.000000E+00   5.737894E+00   3.719882E+00   2.957987E+00         2
   4.808335E+00   4.808335E+00   3.064180E+01   1.768063E+01   1.768063E+01   0.000000E+00   5.739650E+00   3.717789E+00   2.964086E+00         2
   4.808389E+00   4.808389E+00   3.063868E+01   1.768031E+01   1.768031E+01   0.000000E+00   5.741078E+00   3.715291E+00   2.972117E+00         2
   4.808444E+00   4.808444E+00   3.063543E+01   1.768154E+01   1.768154E+01   0.000000E+00   5.743241E+00   3.712637E+00   2.978558E+00         2
   4.808498E+00   4.808498E+00   3.063221E+01   1.768695E+01   1.768695E+01   0.000000E+00   5.745845E+00   3.710251E+00   2.984004E+00         2
   4.808553E+00   4.808553E+00   3.062916E+01   1.768893E+01   1.768893E+01   0.000000E+00   5.748242E+00   3.708446E+00   2.988155E+00         2
   4.808607E+00   4.808607E+00   3.062600E+01   1.769483E+01   1.769483E+01   0.000000E+00   5.750792E+00   3.706570E+00   2.991945E+00         2
   4.808661E+00   4.808661E+00   3.062290E+01   1.770043E+01   1.770043E+01   0.000000E+00   5.753928E+00   3.704595E+00   2.994915E+00         2
   4.808716E+00   4.808716E+00   3.061955E+01   1.770310E+01   1.770310E+01   0.000000E+00   5.756128E+00   3.701766E+00   2.998628E+00         2
   4.808770E+00   4.808770E+00   3.061618E+01   1.770479E+01   1.770479E+01   0.000000E+00   5.759229E+00   3.700221E+00   3.002432E+00         2
   4.808825E+00   4.808825E+00   3.061268E+01   1.770596E+01   1.770596E+01   0.000000E+00   5.761831E+00   3.698793E+00   3.006588E+00         2
   4.808879E+00   4.808879E+00   3.060908E+01   1.770747E+01   1.770747E+01   0.000000E+00   5.764480E+00   3.697566E+00   3.010367E+00         2
   4.808934E+00   4.808934E+00   3.060535E+01   1.770922E+01   1.770922E+01   0.000000E+00   5.767316E+00   3.696931E+00   3.013054E+00         2
   4.808934E+00   4.808934E+00   3.060535E+01   1.770922E+01   1.770922E+01   0.000000E+00   5.767316E+00   3.696931E+00   3.013054E+00         4
   4.812940E+00   4.812940E+00   3.028904E+01   1.792136E+01   1.792136E+01   0.000000E+00   5.848015E+00   3.754517E+00   2.938233E+00         4
   4.816947E+00   4.816947E+00   2.997862E+01   1.812162E+01   1.812162E+01   0.000000E+00   5.853989E+00   3.765860E+00   2.918534E+00         4
   4.820954E+00   4.820954E+00   2.966994E+01   1.830317E+01   1.830317E+01   0.000000E+00   5.861288E+00   3.775459E+00   2.902984E+00         4
   4.824961E+00   4.824961E+00   2.937079E+01   1.844794E+01   1.844794E+01   0.000000E+00   5.860385E+00   3.786725E+00   2.880000E+00         4
   4.828968E+00   4.828968E+00   2.908615E+01   1.857691E+01   1.857691E+01   0.000000E+00   5.858613E+00   3.799093E+00   2.854380E+00         4
   4.832975E+00   4.832975E+00   2.880716E+01   1.868784E+01   1.868784E+01   0.000000E+00   5.856888E+00   3.811724E+00   2.828255E+00         4
   4.836982E+00   4.836982E+00   2.853852E+01   1.879099E+01   1.879099E+01   0.000000E+00   5.855220E+00   3.824053E+00   2.802763E+00         4
   4.840989E+00   4.840989E+00   2.829917E+01   1.888489E+01   1.888489E+01   0.000000E+00   5.853700E+00   3.835130E+00   2.779848E+00         4
   4.844995E+00   4.844995E+00   2.806577E+01   1.896394E+01   1.896394E+01   0.000000E+00   5.852340E+00   3.843379E+00   2.762671E+00         4
   4.849002E+00   4.849002E+00   2.783952E+01   1.902517E+01   1.902517E+01   0.000000E+00   5.851174E+00   3.848232E+00   2.752381E+00         4
   4.853009E+00   4.853009E+00   2.761326E+01   1.908639E+01   1.908639E+01   0.000000E+00   5.850007E+00   3.853085E+00   2.742092E+00         4
   4.857016E+00   4.857016E+00   2.738701E+01   1.914762E+01   1.914762E+01   0.000000E+00   5.848840E+00   3.857938E+00   2.731802E+00         4
   4.861023E+00   4.861023E+00   2.718788E+01   1.920422E+01   1.920422E+01   0.000000E+00   5.847757E+00   3.864582E+00   2.717973E+00         4
   4.865030E+00   4.865030E+00   2.700972E+01   1.925725E+01   1.925725E+01   0.000000E+00   5.846738E+00   3.872610E+00   2.701408E+00         4
   4.869037E+00   4.869037E+00   2.683107E+01   1.931077E+01   1.931077E+01   0.000000E+00   5.845709E+00   3.880622E+00   2.684870E+00         4
   4.873044E+00   4.873044E+00   2.664867E+01   1.936795E+01   1.936795E+01   0.000000E+00   5.844600E+00   3.888510E+00   2.668539E+00         4
   4.877050E+00   4.877050E+00   2.646628E+01   1.942513E+01   1.942513E+01   0.000000E+00   5.843492E+00   3.896398E+00   2.652209E+00         4
   4.881057E+00   4.881057E+00   2.629674E+01   1.947126E+01   1.947126E+01   0.000000E+00   5.842493E+00   3.900142E+00   2.644221E+00         4
   4.885064E+00   4.885064E+00   2.613499E+01   1.951070E+01   1.951070E+01   0.000000E+00   5.841561E+00   3.901380E+00   2.641279E+00         4
   4.889071E+00   4.889071E+00   2.597323E+01   1.955014E+01   1.955014E+01   0.000000E+00   5.840629E+00   3.902618E+00   2.638336E+00         4
   4.893078E+00   4.893078E+00   2.581148E+01   1.958958E+01   1.958958E+01   0.000000E+00   5.839696E+00   3.903857E+00   2.635394E+00         4
   4.897085E+00   4.897085E+00   2.564972E+01   1.962902E+01   1.962902E+01   0.000000E+00   5.838764E+00   3.905095E+00   2.632451E+00         4
   4.901092E+00   4.901092E+00   2.548797E+01   1.966847E+01   1.966847E+01   0.000000E+00   5.837832E+00   3.906333E+00   2.629509E+00         4
   4.905099E+00   4.905099E+00   2.532622E+01   1.970791E+01   1.970791E+01   0.000000E+00   5.836900E+00   3.907571E+00   2.626566E+00         4
   4.909105E+00   4.909105E+00   2.516446E+01   1.974735E+01   1.974735E+01   0.000000E+00   5.835968E+00   3.908809E+00   2.623624E+00         4
   4.913112E+00   4.913112E+00   2.500271E+01   1.978679E+01   1.978679E+01   0.000000E+00   5.835035E+00   3.910048E+00   2.620681E+00         4
   4.917119E+00   4.917119E+00   2.484095E+01   1.982623E+01   1.982623E+01   0.000000E+00   5.834103E+00   3.911286E+00   2.617739E+00         4
   4.921126E+00   4.921126E+00   2.467920E+01   1.986568E+01   1.986568E+01   0.000000E+00   5.833171E+00   3.912524E+00   2.614796E+00         4
   4.925133E+00   4.925133E+00   2.451744E+01   1.990512E+01   1.990512E+01   0.000000E+00   5.832239E+00   3.913762E+00   2.611854E+00         4
   4.929140E+00   4.929140E+00   2.435569E+01   1.994456E+01   1.994456E+01   0.000000E+00   5.831307E+00   3.915000E+00   2.608911E+00         4
   4.933147E+00   4.933147E+00   2.419285E+01   1.997517E+01   1.997517E+01   0.000000E+00   5.830675E+00   3.916878E+00   2.604841E+00         4
   4.937154E+00   4.937154E+00   2.402922E+01   1.999936E+01   1.999936E+01   0.000000E+00   5.830261E+00   3.919220E+00   2.599950E+00         4
   4.941161E+00   4.941161E+00   2.386558E+01   2.002356E+01   2.002356E+01   0.000000E+00   5.829847E+00   3.921562E+00   2.595059E+00         4
   4.945167E+00   4.945167E+00   2.370195E+01   2.004775E+01   2.004775E+01   0.000000E+00   5.829434E+00   3.923904E+00   2.590168E+00         4
   4.949174E+00   4.949174E+00   2.353832E+01   2.007194E+01   2.007194E+01   0.000000E+00   5.829020E+00   3.926246E+00   2.585277E+00         4
   4.953181E+00   4.953181E+00   2.337469E+01   2.009614E+01   2.009614E+01   0.000000E+00   5.828606E+00   3.928588E+00   2.580386E+00         4
   4.957188E+00   4.957188E+00   2.321106E+01   2.012033E+01   2.012033E+01   0.000000E+00   5.828193E+00   3.930930E+00   2.575495E+00         4
   4.961195E+00   4.961195E+00   2.304743E+01   2.014452E+01   2.014452E+01   0.000000E+00   5.827779E+00   3.933272E+00   2.570603E+00         4
   4.965202E+00   4.965202E+00   2.292731E+01   2.016436E+01   2.016436E+01   0.000000E+00   5.827715E+00   3.948795E+00   2.539527E+00         4
   4.969209E+00   4.969209E+00   2.280805E+01   2.017943E+01   2.017943E+01   0.000000E+00   5.827924E+00   4.044540E+00   2.348141E+00         4
   4.973216E+00   4.973216E+00   2.271148E+01   2.020292E+01   2.020292E+01   0.000000E+00   5.827510E+00   4.112890E+00   2.211233E+00         4
   4.977222E+00   4.977222E+00   2.260744E+01   2.021856E+01   2.021856E+01   0.000000E+00   5.827340E+00   4.180831E+00   2.075267E+00         4
   4.981229E+00   4.981229E+00   2.249434E+01   2.023972E+01   2.023972E+01   0.000000E+00   5.827258E+00   4.430337E+00   1.576214E+00         4
   4.985236E+00   4.985236E+00   2.247426E+01   2.025157E+01   2.025157E+01   0.000000E+00   5.827181E+00   4.469231E+00   1.498388E+00         4
   4.989243E+00   4.989243E+00   2.243351E+01   2.026682E+01   2.026682E+01   0.000000E+00   5.826579E+00   4.688790E+00   1.059194E+00         4
   4.993250E+00   4.993250E+00   2.234534E+01   2.028424E+01   2.028424E+01   0.000000E+00   5.823851E+00   4.740344E+00   9.547020E-01         4
   4.997257E+00   4.997257E+00   2.225747E+01   2.029765E+01   2.029765E+01   0.000000E+00   5.821413E+00   4.766413E+00   9.012897E-01         4
   5.001264E+00   5.001264E+00   2.216795E+01   2.031048E+01   2.031048E+01   0.000000E+00   5.818680E+00   4.792334E+00   8.481360E-01         4
   5.005271E+00   5.005271E+00   2.207785E+01   2.032395E+01   2.032395E+01   0.000000E+00   5.815791E+00   4.816554E+00   7.983112E-01         4
   5.009277E+00   5.009277E+00   2.198720E+01   2.032957E+01   2.032957E+01   0.000000E+00   5.812768E+00   4.839156E+00   7.516493E-01         4
   5.013284E+00   5.013284E+00   2.189598E+01   2.033973E+01   2.033973E+01   0.000000E+00   5.809673E+00   4.860187E+00   7.080860E-01         4
   5.017291E+00   5.017291E+00   2.180422E+01   2.034661E+01   2.034661E+01   0.000000E+00   5.806612E+00   4.879599E+00   6.677747E-01         4
   5.021298E+00   5.021298E+00   2.171185E+01   2.035231E+01   2.035231E+01   0.000000E+00   5.803694E+00   4.897450E+00   6.306532E-01         4
   5.025305E+00   5.025305E+00   2.161888E+01   2.035722E+01   2.035722E+01   0.000000E+00   5.801062E+00   4.913826E+00   5.966188E-01         4
   5.029312E+00   5.029312E+00   2.152520E+01   2.036091E+01   2.036091E+01   0.000000E+00   5.798789E+00   4.928934E+00   5.652962E-01         4
   5.033319E+00   5.033319E+00   2.143087E+01   2.036343E+01   2.036343E+01   0.000000E+00   5.796859E+00   4.943056E+00   5.361131E-01         4
   5.037326E+00   5.037326E+00   2.133535E+01   2.036505E+01   2.036505E+01   0.000000E+00   5.795588E+00   4.956076E+00   5.094639E-01         4
   5.041332E+00   5.041332E+00   2.123883E+01   2.036673E+01   2.036673E+01   0.000000E+00   5.794642E+00   4.969040E+00   4.830896E-01         4
   5.045339E+00   5.045339E+00   2.114144E+01   2.036839E+01   2.036839E+01   0.000000E+00   5.793973E+00   4.981980E+00   4.569004E-01         4
   5.049346E+00   5.049346E+00   2.104192E+01   2.036729E+01   2.036729E+01   0.000000E+00   5.793666E+00   4.996234E+00   4.282692E-01         4
   5.053353E+00   5.053353E+00   2.094075E+01   2.036684E+01   2.036684E+01   0.000000E+00   5.793428E+00   5.012345E+00   3.959651E-01         4
   5.057360E+00   5.057360E+00   2.083701E+01   2.036673E+01   2.036673E+01   0.000000E+00   5.793190E+00   5.031512E+00   3.574578E-01         4
   5.061367E+00   5.061367E+00   2.072887E+01   2.036666E+01   2.036666E+01   0.000000E+00   5.792739E+00   5.055265E+00   3.095427E-01         4
   5.065374E+00   5.065374E+00   2.061265E+01   2.036664E+01   2.036664E+01   0.000000E+00   5.791672E+00   5.083712E+00   2.518926E-01         4
   5.069381E+00   5.069381E+00   2.047855E+01   2.035332E+01   2.035332E+01   0.000000E+00   5.789170E+00   5.107756E+00   2.023551E-01         4
   5.073387E+00   5.073387E+00   2.033210E+01   2.028796E+01   2.028796E+01   0.000000E+00   5.785883E+00   5.120136E+00   1.758153E-01         4
   5.077394E+00   5.077394E+00   2.018187E+01   2.014402E+01   2.014402E+01   0.000000E+00   5.782467E+00   5.121691E+00   1.709721E-01         4
   5.081401E+00   5.081401E+00   2.003163E+01   2.000008E+01   2.000008E+01   0.000000E+00   5.779052E+00   5.123246E+00   1.661290E-01         4
   5.085408E+00   5.085408E+00   1.988139E+01   1.985614E+01   1.985614E+01   0.000000E+00   5.775636E+00   5.124800E+00   1.612858E-01         4
   5.089415E+00   5.089415E+00   1.973115E+01   1.971219E+01   1.971219E+01   0.000000E+00   5.772220E+00   5.126355E+00   1.564427E-01         4
   5.093422E+00   5.093422E+00   1.958091E+01   1.956825E+01   1.956825E+01   0.000000E+00   5.768805E+00   5.127909E+00   1.515995E-01         4
   5.097429E+00   5.097429E+00   1.943068E+01   1.942431E+01   1.942431E+01   0.000000E+00   5.765389E+00   5.129464E+00   1.467564E-01         4
   5.101436E+00   5.101436E+00   1.928044E+01   1.928037E+01   1.928037E+01   0.000000E+00   5.761973E+00   5.131018E+00   1.419132E-01         4
   5.105443E+00   2.697354E-01   1.978410E+01   0.000000E+00   1.978410E+01   0.000000E+00   5.787825E+00   5.147173E+00   1.261053E-01         7
   5.123032E+00   2.873245E-01   1.928446E+01   0.000000E+00   1.928446E+01   0.000000E+00   5.777714E+00   5.150429E+00   1.145375E-01         7
   5.140621E+00   3.225027E-01   1.847917E+01   0.000000E+00   1.847917E+01   0.000000E+00   5.764225E+00   5.162175E+00   8.430199E-02         7
   5.158210E+00   0.000000E+00   1.608718E+01   1.608718E+01   1.787464E+01   1.514281E+01  -1.000000E+01   3.346347E+00  -4.166154E+00        14
   1.515821E+01   1.478294E+01   1.608718E+01   1.608718E+01   1.787464E+01   1.514281E+01  -1.000000E+01   3.346347E+00  -4.166154E+00        14
   2.515821E+01   3.956588E+01   1.608718E+01   1.608718E+01   1.787464E+01   1.514281E+01  -1.000000E+01   3.346347E+00  -4.166154E+00        14
   3.515821E+01   7.434882E+01   1.608718E+01   1.608718E+01   1.787464E+01   1.514281E+01  -1.000000E+01   3.346347E+00  -4.166154E+00        14
   4.515821E+01   1.191318E+02   1.608718E+01   1.608718E+01   1.787464E+01   1.514281E+01  -1.000000E+01   3.346347E+00  -4.166154E+00        14
   5.515821E+01   1.739147E+02   1.608718E+01   1.608718E+01   1.787464E+01   1.514281E+01  -1.000000E+01   3.346347E+00  -4.166154E+00        14
   6.515821E+01   2.386976E+02   1.608718E+01   1.608718E+01   1.787464E+01   1.514281E+01  -1.000000E+01   3.346347E+00  -4.166154E+00        14
   7.515821E+01   3.134806E+02   1.608718E+01   1.608718E+01   1.787464E+01   1.514281E+01  -1.000000E+01   3.346347E+00  -4.166154E+00        14
   8.515821E+01   3.982635E+02   1.608718E+01   1.608718E+01   1.787464E+01   1.514281E+01  -1.000000E+01   3.346347E+00  -4.166154E+00        14
   9.515821E+01   4.930465E+02   1.608718E+01   1.608718E+01   1.787464E+01   1.514281E+01  -1.000000E+01   3.346347E+00  -4.166154E+00        14
   1.051582E+02   5.978294E+02   1.608718E+01   1.608718E+01   1.787464E+01   1.514281E+01  -1.000000E+01   3.346347E+00  -4.166154E+00        14
   1.151582E+02   7.126123E+02   1.608718E+01   1.608718E+01   1.787464E+01   1.514281E+01  -1.000000E+01   3.346347E+00  -4.166154E+00        14
   1.251582E+02   8.373953E+02   1.608718E+01   1.608718E+01   1.787464E+01   1.514281E+01  -1.000000E+01   3.346347E+00  -4.166154E+00        14
   1.351582E+02   9.721782E+02   1.608718E+01   1.608718E+01   1.787464E+01   1.514281E+01  -1.000000E+01   3.346347E+00  -4.166154E+00        14
   1.451582E+02   1.116961E+03   1.608718E+01   1.608718E+01   1.787464E+01   1.514281E+01  -1.000000E+01   3.346347E+00  -4.166154E+00        14
   1.551582E+02   1.271744E+03   1.608718E+01   1.608718E+01   1.787464E+01   1.514281E+01  -1.000000E+01   3.346347E+00  -4.166154E+00        14
   1.651582E+02   1.436527E+03   1.608718E+01   1.608718E+01   1.787464E+01   1.514281E+01  -1.000000E+01   3.346347E+00  -4.166154E+00        14
   1.751582E+02   1.611310E+03   1.608718E+01   1.608718E+01   1.787464E+01   1.514281E+01  -1.000000E+01   3.346347E+00  -4.166154E+00        14
   1.851582E+02   1.796093E+03   1.608718E+01   1.608718E+01   1.787464E+01   1.514281E+01  -1.000000E+01   3.346347E+00  -4.166154E+00        14
   1.951582E+02   1.990876E+03   1.608718E+01   1.608718E+01   1.787464E+01   1.514281E+01  -1.000000E+01   3.346347E+00  -4.166154E+00        14
   2.051582E+02   2.195659E+03   1.608718E+01   1.608718E+01   1.787464E+01   1.514281E+01  -1.000000E+01   3.346347E+00  -4.166154E+00        14
   2.151582E+02   2.410442E+03   1.608718E+01   1.608718E+01   1.787464E+01   1.514281E+01  -1.000000E+01   3.346347E+00  -4.166154E+00        14
   2.251582E+02   2.635225E+03   1.608718E+01   1.608718E+01   1.787464E+01   1.514281E+01  -1.000000E+01   3.346347E+00  -4.166154E+00        14
   2.351582E+02   2.870008E+03   1.608718E+01   1.608718E+01   1.787464E+01   1.514281E+01  -1.000000E+01   3.346347E+00  -4.166154E+00        14
   2.451582E+02   3.114791E+03   1.608718E+01   1.608718E+01   1.787464E+01   1.514281E+01  -1.000000E+01   3.346347E+00  -4.166154E+00        14
   2.551582E+02   3.369573E+03   1.608718E+01   1.608718E+01   1.787464E+01   1.514281E+01  -1.000000E+01   3.346347E+00  -4.166154E+00        14
   2.651582E+02   3.634356E+03   1.608718E+01   1.608718E+01   1.787464E+01   1.514281E+01  -1.000000E+01   3.346347E+00  -4.166154E+00        14
   2.751582E+02   3.909139E+03   1.608718E+01   1.608718E+01   1.787464E+01   1.514281E+01  -1.000000E+01   3.346347E+00  -4.166154E+00        14
   2.851582E+02   4.193922E+03   1.608718E+01   1.608718E+01   1.787464E+01   1.514281E+01  -1.000000E+01   3.346347E+00  -4.166154E+00        14
   2.951582E+02   4.488705E+03   1.608718E+01   1.608718E+01   1.787464E+01   1.514281E+01  -1.000000E+01   3.346347E+00  -4.166154E+00        14
   3.051582E+02   4.793488E+03   1.608718E+01   1.608718E+01   1.787464E+01   1.514281E+01  -1.000000E+01   3.346347E+00  -4.166154E+00        14
   3.151582E+02   5.108271E+03   1.608718E+01   1.608718E+01   1.787464E+01   1.514281E+01  -1.000000E+01   3.346347E+00  -4.166154E+00        14
   3.251582E+02   5.433054E+03   1.608718E+01   1.608718E+01   1.787464E+01   1.514281E+01  -1.000000E+01   3.346347E+00  -4.166154E+00        14
   3.351582E+02   5.767837E+03   1.608718E+01   1.608718E+01   1.787464E+01   1.514281E+01  -1.000000E+01   3.346347E+00  -4.166154E+00        14
   3.451582E+02   6.112620E+03   1.608718E+01   1.608718E+01   1.787464E+01   1.514281E+01  -1.000000E+01   3.346347E+00  -4.166154E+00        14
   3.551582E+02   6.467403E+03   1.608718E+01   1.608718E+01   1.787464E+01   1.514281E+01  -1.000000E+01   3.346347E+00  -4.166154E+00        14
   3.651582E+02   6.832186E+03   1.608718E+01   1.608718E+01   1.787464E+01   1.514281E+01  -1.000000E+01   3.346347E+00  -4.166154E+00        14
   3.751582E+02   7.206969E+03   1.608718E+01   1.608718E+01   1.787464E+01   1.514281E+01  -1.000000E+01   3.346347E+00  -4.166154E+00        14
   3.851582E+02   7.591752E+03   1.608718E+01   1.608718E+01   1.787464E+01   1.514281E+01  -1.000000E+01   3.346347E+00  -4.166154E+00        14
   3.951582E+02   7.986535E+03   1.608718E+01   1.608718E+01   1.787464E+01   1.514281E+01  -1.000000E+01   3.346347E+00  -4.166154E+00        14
   4.051582E+02   8.391318E+03   1.608718E+01   1.608718E+01   1.787464E+01   1.514281E+01  -1.000000E+01   3.346347E+00  -4.166154E+00        14
   4.151582E+02   8.806101E+03   1.608718E+01   1.608718E+01   1.787464E+01   1.514281E+01  -1.000000E+01   3.346347E+00  -4.166154E+00        14
   4.251582E+02   9.230883E+03   1.608718E+01   1.608718E+01   1.787464E+01   1.514281E+01  -1.000000E+01   3.346347E+00  -4.166154E+00        14
   4.351582E+02   9.665666E+03   1.608718E+01   1.608718E+01   1.787464E+01   1.514281E+01  -1.000000E+01   3.346347E+00  -4.166154E+00        14
   4.451582E+02   1.011045E+04   1.608718E+01   1.608718E+01   1.787464E+01   1.514281E+01  -1.000000E+01   3.346347E+00  -4.166154E+00        14
   4.551582E+02   1.056523E+04   1.608718E+01   1.608718E+01   1.787464E+01   1.514281E+01  -1.000000E+01   3.346347E+00  -4.166154E+00        14
   4.651582E+02   1.103002E+04   1.608718E+01   1.608718E+01   1.787464E+01   1.514281E+01  -1.000000E+01   3.346347E+00  -4.166154E+00        14
   4.751582E+02   1.150480E+04   1.608718E+01   1.608718E+01   1.787464E+01   1.514281E+01  -1.000000E+01   3.346347E+00  -4.166154E+00        14
   4.851582E+02   1.198958E+04   1.608718E+01   1.608718E+01   1.787464E+01   1.514281E+01  -1.000000E+01   3.346347E+00  -4.166154E+00        14
   4.951582E+02   1.248436E+04   1.608718E+01   1.608718E+01   1.787464E+01   1.514281E+01  -1.000000E+01   3.346347E+00  -4.166154E+00        14
   5.051582E+02   1.298915E+04   1.608718E+01   1.608718E+01   1.787464E+01   1.514281E+01  -1.000000E+01   3.346347E+00  -4.166154E+00        14
   5.151582E+02   1.350393E+04   1.608718E+01   1.608718E+01   1.787464E+01   1.514281E+01  -1.000000E+01   3.346347E+00  -4.166154E+00        14
   5.251582E+02   1.402871E+04   1.608718E+01   1.608718E+01   1.787464E+01   1.514281E+01  -1.000000E+01   3.346347E+00  -4.166154E+00        14
   5.351582E+02   1.456350E+04   1.608718E+01   1.608718E+01   1.787464E+01   1.514281E+01  -1.000000E+01   3.346347E+00  -4.166154E+00        14
   5.451582E+02   1.510828E+04   1.608718E+01   1.608718E+01   1.787464E+01   1.514281E+01  -1.000000E+01   3.346347E+00  -4.166154E+00        14
   5.551582E+02   1.566306E+04   1.608718E+01   1.608718E+01   1.787464E+01   1.514281E+01  -1.000000E+01   3.346347E+00  -4.166154E+00        14
   5.651582E+02   1.622784E+04   1.608718E+01   1.608718E+01   1.787464E+01   1.514281E+01  -1.000000E+01   3.346347E+00  -4.166154E+00        14
   5.751582E+02   1.680263E+04   1.608718E+01   1.608718E+01   1.787464E+01   1.514281E+01  -1.000000E+01   3.346347E+00  -4.166154E+00        14
   5.851582E+02   1.738741E+04   1.608718E+01   1.608718E+01   1.787464E+01   1.514281E+01  -1.000000E+01   3.346347E+00  -4.166154E+00        14
   5.951582E+02   1.798219E+04   1.608718E+01   1.608718E+01   1.787464E+01   1.514281E+01  -1.000000E+01   3.346347E+00  -4.166154E+00        14
   6.051582E+02   1.858698E+04   1.608718E+01   1.608718E+01   1.787464E+01   1.514281E+01  -1.000000E+01   3.346347E+00  -4.166154E+00        14
   6.151582E+02   1.920176E+04   1.608718E+01   1.608718E+01   1.787464E+01   1.514281E+01  -1.000000E+01   3.346347E+00  -4.166154E+00        14
   6.251582E+02   1.982654E+04   1.608718E+01   1.608718E+01   1.787464E+01   1.514281E+01  -1.000000E+01   3.346347E+00  -4.166154E+00        14
   6.351582E+02   2.046133E+04   1.608718E+01   1.608718E+01   1.787464E+01   1.514281E+01  -1.000000E+01   3.346347E+00  -4.166154E+00        14
   6.451582E+02   2.110611E+04   1.608718E+01   1.608718E+01   1.787464E+01   1.514281E+01  -1.000000E+01   3.346347E+00  -4.166154E+00        14
   6.551582E+02   2.176089E+04   1.608718E+01   1.608718E+01   1.787464E+01   1.514281E+01  -1.000000E+01   3.346347E+00  -4.166154E+00        14
   6.651582E+02   2.242567E+04   1.608718E+01   1.608718E+01   1.787464E+01   1.514281E+01  -1.000000E+01   3.346347E+00  -4.166154E+00        14
   6.751582E+02   2.310046E+04   1.608718E+01   1.608718E+01   1.787464E+01   1.514281E+01  -1.000000E+01   3.346347E+00  -4.166154E+00        14
   6.851582E+02   2.378524E+04   1.608718E+01   1.608718E+01   1.787464E+01   1.514281E+01  -1.000000E+01   3.346347E+00  -4.166154E+00        14
   6.951582E+02   2.448002E+04   1.608718E+01   1.608718E+01   1.787464E+01   1.514281E+01  -1.000000E+01   3.346347E+00  -4.166154E+00        14
   7.051582E+02   2.518481E+04   1.608718E+01   1.608718E+01   1.787464E+01   1.514281E+01  -1.000000E+01   3.346347E+00  -4.166154E+00        14
   7.151582E+02   2.589959E+04   1.608718E+01   1.608718E+01   1.787464E+01   1.514281E+01  -1.000000E+01   3.346347E+00  -4.166154E+00        14
   7.251582E+02   2.662437E+04   1.608718E+01   1.608718E+01   1.787464E+01   1.514281E+01  -1.000000E+01   3.346347E+00  -4.166154E+00        14
   7.351582E+02   2.735915E+04   1.608718E+01   1.608718E+01   1.787464E+01   1.514281E+01  -1.000000E+01   3.346347E+00  -4.166154E+00        14
   7.451582E+02   2.810394E+04   1.608718E+01   1.608718E+01   1.787464E+01   1.514281E+01  -1.000000E+01   3.346347E+00  -4.166154E+00        14
   7.551582E+02   2.885872E+04   1.608718E+01   1.608718E+01   1.787464E+01   1.514281E+01  -1.000000E+01   3.346347E+00  -4.166154E+00        14
   7.651582E+02   2.962350E+04   1.608718E+01   1.608718E+01   1.787464E+01   1.514281E+01  -1.000000E+01   3.346347E+00  -4.166154E+00        14
   7.751582E+02   3.039829E+04   1.608718E+01   1.608718E+01   1.787464E+01   1.514281E+01  -1.000000E+01   3.346347E+00  -4.166154E+00        14
   7.851582E+02   3.118307E+04   1.608718E+01   1.608718E+01   1.787464E+01   1.514281E+01  -1.000000E+01   3.346347E+00  -4.166154E+00        14
   7.951582E+02   3.197785E+04   1.608718E+01   1.608718E+01   1.787464E+01   1.514281E+01  -1.000000E+01   3.346347E+00  -4.166154E+00        14
   8.051582E+02   3.278264E+04   1.608718E+01   1.608718E+01   1.787464E+01   1.514281E+01  -1.000000E+01   3.346347E+00  -4.166154E+00        14
   8.151582E+02   3.359742E+04   1.608718E+01   1.608718E+01   1.787464E+01   1.514281E+01  -1.000000E+01   3.346347E+00  -4.166154E+00        14
   8.251582E+02   3.442220E+04   1.608718E+01   1.608718E+01   1.787464E+01   1.514281E+01  -1.000000E+01   3.346347E+00  -4.166154E+00        14
   8.351582E+02   3.525698E+04   1.608718E+01   1.608718E+01   1.787464E+01   1.514281E+01  -1.000000E+01   3.346347E+00  -4.166154E+00        14
   8.451582E+02   3.610177E+04   1.608718E+01   1.608718E+01   1.787464E+01   1.514281E+01  -1.000000E+01   3.346347E+00  -4.166154E+00        14
   8.551582E+02   3.695655E+04   1.608718E+01   1.608718E+01   1.787464E+01   1.514281E+01  -1.000000E+01   3.346347E+00  -4.166154E+00        14
   8.651582E+02   3.782133E+04   1.608718E+01   1.608718E+01   1.787464E+01   1.514281E+01  -1.000000E+01   3.346347E+00  -4.166154E+00        14
   8.751582E+02   3.869612E+04   1.608718E+01   1.608718E+01   1.787464E+01   1.514281E+01  -1.000000E+01   3.346347E+00  -4.166154E+00        14
   8.851582E+02   3.958090E+04   1.608718E+01   1.608718E+01   1.787464E+01   1.514281E+01  -1.000000E+01   3.346347E+00  -4.166154E+00        14
   8.951582E+02   4.047568E+04   1.608718E+01   1.608718E+01   1.787464E+01   1.514281E+01  -1.000000E+01   3.346347E+00  -4.166154E+00        14
   9.051582E+02   4.138046E+04   1.608718E+01   1.608718E+01   1.787464E+01   1.514281E+01  -1.000000E+01   3.346347E+00  -4.166154E+00        14
   9.151582E+02   4.229525E+04   1.608718E+01   1.608718E+01   1.787464E+01   1.514281E+01  -1.000000E+01   3.346347E+00  -4.166154E+00        14
   9.251582E+02   4.322003E+04   1.608718E+01   1.608718E+01   1.787464E+01   1.514281E+01  -1.000000E+01   3.346347E+00  -4.166154E+00        14
   9.351582E+02   4.415481E+04   1.608718E+01   1.608718E+01   1.787464E+01   1.514281E+01  -1.000000E+01   3.346347E+00  -4.166154E+00        14
   9.451582E+02   4.509960E+04   1.608718E+01   1.608718E+01   1.787464E+01   1.514281E+01  -1.000000E+01   3.346347E+00  -4.166154E+00        14
   9.551582E+02   4.605438E+04   1.608718E+01   1.608718E+01   1.787464E+01   1.514281E+01  -1.000000E+01   3.346347E+00  -4.166154E+00        14
   9.651582E+02   4.701916E+04   1.608718E+01   1.608718E+01   1.787464E+01   1.514281E+01  -1.000000E+01   3.346347E+00  -4.166154E+00        14
   9.751582E+02   4.799395E+04   1.608718E+01   1.608718E+01   1.787464E+01   1.514281E+01  -1.000000E+01   3.346347E+00  -4.166154E+00        14
   9.851582E+02   4.897873E+04   1.608718E+01   1.608718E+01   1.787464E+01   1.514281E+01  -1.000000E+01   3.346347E+00  -4.166154E+00        14
   9.951582E+02   4.997351E+04   1.608718E+01   1.608718E+01   1.787464E+01   1.514281E+01  -1.000000E+01   3.346347E+00  -4.166154E+00        14
   1.005158E+03   5.097829E+04   1.608718E+01   1.608718E+01   1.787464E+01   1.514281E+01  -1.000000E+01   3.346347E+00  -4.166154E+00        14
   1.015158E+03   5.199308E+04   1.608718E+01   1.608718E+01   1.787464E+01   1.514281E+01  -1.000000E+01   3.346347E+00  -4.166154E+00        14
   1.025158E+03   5.301786E+04   1.608718E+01   1.608718E+01   1.787464E+01   1.514281E+01  -1.000000E+01   3.346347E+00  -4.166154E+00        14
   1.035158E+03   5.405264E+04   1.608718E+01   1.608718E+01   1.787464E+01   1.514281E+01  -1.000000E+01   3.346347E+00  -4.166154E+00        14
   1.045158E+03   5.509743E+04   1.608718E+01   1.608718E+01   1.787464E+01   1.514281E+01  -1.000000E+01   3.346347E+00  -4.166154E+00        14
   1.055158E+03   5.615221E+04   1.608718E+01   1.608718E+01   1.787464E+01   1.514281E+01  -1.000000E+01   3.346347E+00  -4.166154E+00        14
   1.065158E+03   5.721699E+04   1.608718E+01   1.608718E+01   1.787464E+01   1.514281E+01  -1.000000E+01   3.346347E+00  -4.166154E+00        14
   1.075158E+03   5.829177E+04   1.608718E+01   1.608718E+01   1.787464E+01   1.514281E+01  -1.000000E+01   3.346347E+00  -4.166154E+00        14
   1.085158E+03   5.937656E+04   1.608718E+01   1.608718E+01   1.787464E+01   1.514281E+01  -1.000000E+01   3.346347E+00  -4.166154E+00        14
   1.095158E+03   6.047134E+04   1.608718E+01   1.608718E+01   1.787464E+01   1.514281E+01  -1.000000E+01   3.346347E+00  -4.166154E+00        14
   1.105158E+03   6.157612E+04   1.608718E+01   1.608718E+01   1.787464E+01   1.514281E+01  -1.000000E+01   3.346347E+00  -4.166154E+00        14
   1.115158E+03   6.269091E+04   1.608718E+01   1.608718E+01   1.787464E+01   1.514281E+01  -1.000000E+01   3.346347E+00  -4.166154E+00        14
   1.125158E+03   6.381569E+04   1.608718E+01   1.608718E+01   1.787464E+01   1.514281E+01  -1.000000E+01   3.346347E+00  -4.166154E+00        14
   1.135158E+03   6.495047E+04   1.608718E+01   1.608718E+01   1.787464E+01   1.514281E+01  -1.000000E+01   3.346347E+00  -4.166154E+00        14
   1.145158E+03   6.609526E+04   1.608718E+01   1.608718E+01   1.787464E+01   1.514281E+01  -1.000000E+01   3.346347E+00  -4.166154E+00        14
   1.155158E+03   6.725004E+04   1.608718E+01   1.608718E+01   1.787464E+01   1.514281E+01  -1.000000E+01   3.346347E+00  -4.166154E+00        14
   1.165158E+03   6.841482E+04   1.608718E+01   1.608718E+01   1.787464E+01   1.514281E+01  -1.000000E+01   3.346347E+00  -4.166154E+00        14
   1.175158E+03   6.958960E+04   1.608718E+01   1.608718E+01   1.787464E+01   1.514281E+01  -1.000000E+01   3.346347E+00  -4.166154E+00        14
   1.185158E+03   7.077439E+04   1.608718E+01   1.608718E+01   1.787464E+01   1.514281E+01  -1.000000E+01   3.346347E+00  -4.166154E+00        14
   1.195158E+03   7.196917E+04   1.608718E+01   1.608718E+01   1.787464E+01   1.514281E+01  -1.000000E+01   3.346347E+00  -4.166154E+00        14
   1.205158E+03   7.317395E+04   1.608718E+01   1.608718E+01   1.787464E+01   1.514281E+01  -1.000000E+01   3.346347E+00  -4.166154E+00        14
   1.215158E+03   7.438874E+04   1.608718E+01   1.608718E+01   1.787464E+01   1.514281E+01  -1.000000E+01   3.346347E+00  -4.166154E+00        14
   1.225158E+03   7.561352E+04   1.608718E+01   1.608718E+01   1.787464E+01   1.514281E+01  -1.000000E+01   3.346347E+00  -4.166154E+00        14
   1.235158E+03   7.684830E+04   1.608718E+01   1.608718E+01   1.787464E+01   1.514281E+01  -1.000000E+01   3.346347E+00  -4.166154E+00        14
   1.245158E+03   7.809308E+04   1.608718E+01   1.608718E+01   1.787464E+01   1.514281E+01  -1.000000E+01   3.346347E+00  -4.166154E+00        14
   1.255158E+03   7.934787E+04   1.608718E+01   1.608718E+01   1.787464E+01   1.514281E+01  -1.000000E+01   3.346347E+00  -4.166154E+00        14
   1.265158E+03   8.061265E+04   1.608718E+01   1.608718E+01   1.787464E+01   1.514281E+01  -1.000000E+01   3.346347E+00  -4.166154E+00        14
   1.275158E+03   8.188743E+04   1.608718E+01   1.608718E+01   1.787464E+01   1.514281E+01  -1.000000E+01   3.346347E+00  -4.166154E+00        14
   1.285158E+03   8.317222E+04   1.608718E+01   1.608718E+01   1.787464E+01   1.514281E+01  -1.000000E+01   3.346347E+00  -4.166154E+00        14
   1.295158E+03   8.446700E+04   1.608718E+01   1.608718E+01   1.787464E+01   1.514281E+01  -1.000000E+01   3.346347E+00  -4.166154E+00        14
   1.305158E+03   8.577178E+04   1.608718E+01   1.608718E+01   1.787464E+01   1.514281E+01  -1.000000E+01   3.346347E+00  -4.166154E+00        14
   1.315158E+03   8.708657E+04   1.608718E+01   1.608718E+01   1.787464E+01   1.514281E+01  -1.000000E+01   3.346347E+00  -4.166154E+00        14
   1.325158E+03   8.841135E+04   1.608718E+01   1.608718E+01   1.787464E+01   1.514281E+01  -1.000000E+01   3.346347E+00  -4.166154E+00        14
   1.335158E+03   8.974613E+04   1.608718E+01   1.608718E+01   1.787464E+01   1.514281E+01  -1.000000E+01   3.346347E+00  -4.166154E+00        14
   1.345158E+03   9.109091E+04   1.608718E+01   1.608718E+01   1.787464E+01   1.514281E+01  -1.000000E+01   3.346347E+00  -4.166154E+00        14
   1.355158E+03   9.244570E+04   1.608718E+01   1.608718E+01   1.787464E+01   1.514281E+01  -1.000000E+01   3.346347E+00  -4.166154E+00        14
   1.365158E+03   9.381048E+04   1.608718E+01   1.608718E+01   1.787464E+01   1.514281E+01  -1.000000E+01   3.346347E+00  -4.166154E+00        14
   1.375158E+03   9.518526E+04   1.608718E+01   1.608718E+01   1.787464E+01   1.514281E+01  -1.000000E+01   3.346347E+00  -4.166154E+00        14
   1.385158E+03   9.657005E+04   1.608718E+01   1.608718E+01   1.787464E+01   1.514281E+01  -1.000000E+01   3.346347E+00  -4.166154E+00        14
   1.395158E+03   9.796483E+04   1.608718E+01   1.608718E+01   1.787464E+01   1.514281E+01  -1.000000E+01   3.346347E+00  -4.166154E+00        14
   1.405158E+03   9.936961E+04   1.608718E+01   1.608718E+01   1.787464E+01   1.514281E+01  -1.000000E+01   3.346347E+00  -4.166154E+00        14
   1.415158E+03   1.007844E+05   1.608718E+01   1.608718E+01   1.787464E+01   1.514281E+01  -1.000000E+01   3.346347E+00  -4.166154E+00        14
   1.425158E+03   1.022092E+05   1.608718E+01   1.608718E+01   1.787464E+01   1.514281E+01  -1.000000E+01   3.346347E+00  -4.166154E+00        14
   1.435158E+03   1.036440E+05   1.608718E+01   1.608718E+01   1.787464E+01   1.514281E+01  -1.000000E+01   3.346347E+00  -4.166154E+00        14
   1.445158E+03   1.050887E+05   1.608718E+01   1.608718E+01   1.787464E+01   1.514281E+01  -1.000000E+01   3.346347E+00  -4.166154E+00        14
   1.455158E+03   1.065435E+05   1.608718E+01   1.608718E+01   1.787464E+01   1.514281E+01  -1.000000E+01   3.346347E+00  -4.166154E+00        14
   1.465158E+03   1.080083E+05   1.608718E+01   1.608718E+01   1.787464E+01   1.514281E+01  -1.000000E+01   3.346347E+00  -4.166154E+00        14
   1.475158E+03   1.094831E+05   1.608718E+01   1.608718E+01   1.787464E+01   1.514281E+01  -1.000000E+01   3.346347E+00  -4.166154E+00        14
   1.485158E+03   1.109679E+05   1.608718E+01   1.608718E+01   1.787464E+01   1.514281E+01  -1.000000E+01   3.346347E+00  -4.166154E+00        14
   1.495158E+03   1.124627E+05   1.608718E+01   1.608718E+01   1.787464E+01   1.514281E+01  -1.000000E+01   3.346347E+00  -4.166154E+00        14
   1.505158E+03   1.139674E+05   1.608718E+01   1.608718E+01   1.787464E+01   1.514281E+01  -1.000000E+01   3.346347E+00  -4.166154E+00        14
   1.515158E+03   1.154822E+05   1.608718E+01   1.608718E+01   1.787464E+01   1.514281E+01  -1.000000E+01   3.346347E+00  -4.166154E+00        14
   1.525158E+03   1.170070E+05   1.608718E+01   1.608718E+01   1.787464E+01   1.514281E+01  -1.000000E+01   3.346347E+00  -4.166154E+00        14
   1.535158E+03   1.185418E+05   1.608718E+01   1.608718E+01   1.787464E+01   1.514281E+01  -1.000000E+01   3.346347E+00  -4.166154E+00        14
   1.545158E+03   1.200866E+05   1.608718E+01   1.608718E+01   1.787464E+01   1.514281E+01  -1.000000E+01   3.346347E+00  -4.166154E+00        14
   1.555158E+03   1.216414E+05   1.608718E+01   1.608718E+01   1.787464E+01   1.514281E+01  -1.000000E+01   3.346347E+00  -4.166154E+00        14
   1.565158E+03   1.232061E+05   1.608718E+01   1.608718E+01   1.787464E+01   1.514281E+01  -1.000000E+01   3.346347E+00  -4.166154E+00        14
   1.575158E+03   1.247809E+05   1.608718E+01   1.608718E+01   1.787464E+01   1.514281E+01  -1.000000E+01   3.346347E+00  -4.166154E+00        14
   1.585158E+03   1.263657E+05   1.608718E+01   1.608718E+01   1.787464E+01   1.514281E+01  -1.000000E+01   3.346347E+00  -4.166154E+00        14
   1.595158E+03   1.279605E+05   1.608718E+01   1.608718E+01   1.787464E+01   1.514281E+01  -1.000000E+01   3.346347E+00  -4.166154E+00        14
   1.605158E+03   1.295653E+05   1.608718E+01   1.608718E+01   1.787464E+01   1.514281E+01  -1.000000E+01   3.346347E+00  -4.166154E+00        14
   1.615158E+03   1.311801E+05   1.608718E+01   1.608718E+01   1.787464E+01   1.514281E+01  -1.000000E+01   3.346347E+00  -4.166154E+00        14
   1.625158E+03   1.328048E+05   1.608718E+01   1.608718E+01   1.787464E+01   1.514281E+01  -1.000000E+01   3.346347E+00  -4.166154E+00        14
   1.635158E+03   1.344396E+05   1.608718E+01   1.608718E+01   1.787464E+01   1.514281E+01  -1.000000E+01   3.346347E+00  -4.166154E+00        14
   1.645158E+03   1.360844E+05   1.608718E+01   1.608718E+01   1.787464E+01   1.514281E+01  -1.000000E+01   3.346347E+00  -4.166154E+00        14
   1.655158E+03   1.377392E+05   1.608718E+01   1.608718E+01   1.787464E+01   1.514281E+01  -1.000000E+01   3.346347E+00  -4.166154E+00        14
   1.665158E+03   1.394040E+05   1.608718E+01   1.608718E+01   1.787464E+01   1.514281E+01  -1.000000E+01   3.346347E+00  -4.166154E+00        14
   1.675158E+03   1.410788E+05   1.608718E+01   1.608718E+01   1.787464E+01   1.514281E+01  -1.000000E+01   3.346347E+00  -4.166154E+00        14
   1.685158E+03   1.427635E+05   1.608718E+01   1.608718E+01   1.787464E+01   1.514281E+01  -1.000000E+01   3.346347E+00  -4.166154E+00        14
   1.695158E+03   1.444583E+05   1.608718E+01   1.608718E+01   1.787464E+01   1.514281E+01  -1.000000E+01   3.346347E+00  -4.166154E+00        14
   1.705158E+03   1.461631E+05   1.608718E+01   1.608718E+01   1.787464E+01   1.514281E+01  -1.000000E+01   3.346347E+00  -4.166154E+00        14
   1.715158E+03   1.478779E+05   1.608718E+01   1.608718E+01   1.787464E+01   1.514281E+01  -1.000000E+01   3.346347E+00  -4.166154E+00        14
   1.725158E+03   1.496027E+05   1.608718E+01   1.608718E+01   1.787464E+01   1.514281E+01  -1.000000E+01   3.346347E+00  -4.166154E+00        14
   1.735158E+03   1.513374E+05   1.608718E+01   1.608718E+01   1.787464E+01   1.514281E+01  -1.000000E+01   3.346347E+00  -4.166154E+00        14
   1.745158E+03   1.530822E+05   1.608718E+01   1.608718E+01   1.787464E+01   1.514281E+01  -1.000000E+01   3.346347E+00  -4.166154E+00        14
   1.755158E+03   1.548370E+05   1.608718E+01   1.608718E+01   1.787464E+01   1.514281E+01  -1.000000E+01   3.346347E+00  -4.166154E+00        14
   1.765158E+03   1.566018E+05   1.608718E+01   1.608718E+01   1.787464E+01   1.514281E+01  -1.000000E+01   3.346347E+00  -4.166154E+00        14
   1.775158E+03   1.583766E+05   1.608718E+01   1.608718E+01   1.787464E+01   1.514281E+01  -1.000000E+01   3.346347E+00  -4.166154E+00        14
   1.785158E+03   1.601614E+05   1.608718E+01   1.608718E+01   1.787464E+01   1.514281E+01  -1.000000E+01   3.346347E+00  -4.166154E+00        14
   1.795158E+03   1.619561E+05   1.608718E+01   1.608718E+01   1.787464E+01   1.514281E+01  -1.000000E+01   3.346347E+00  -4.166154E+00        14
   1.805158E+03   1.637609E+05   1.608718E+01   1.608718E+01   1.787464E+01   1.514281E+01  -1.000000E+01   3.346347E+00  -4.166154E+00        14
   1.815158E+03   1.655757E+05   1.608718E+01   1.608718E+01   1.787464E+01   1.514281E+01  -1.000000E+01   3.346347E+00  -4.166154E+00        14
   1.825158E+03   1.674005E+05   1.608718E+01   1.608718E+01   1.787464E+01   1.514281E+01  -1.000000E+01   3.346347E+00  -4.166154E+00        14
   1.835158E+03   1.692353E+05   1.608718E+01   1.608718E+01   1.787464E+01   1.514281E+01  -1.000000E+01   3.346347E+00  -4.166154E+00        14
   1.845158E+03   1.710801E+05   1.608718E+01   1.608718E+01   1.787464E+01   1.514281E+01  -1.000000E+01   3.346347E+00  -4.166154E+00        14
   1.855158E+03   1.729348E+05   1.608718E+01   1.608718E+01   1.787464E+01   1.514281E+01  -1.000000E+01   3.346347E+00  -4.166154E+00        14
   1.865158E+03   1.747996E+05   1.608718E+01   1.608718E+01   1.787464E+01   1.514281E+01  -1.000000E+01   3.346347E+00  -4.166154E+00        14
   1.875158E+03   1.766744E+05   1.608718E+01   1.608718E+01   1.787464E+01   1.514281E+01  -1.000000E+01   3.346347E+00  -4.166154E+00        14
   1.885158E+03   1.785592E+05   1.608718E+01   1.608718E+01   1.787464E+01   1.514281E+01  -1.000000E+01   3.346347E+00  -4.166154E+00        14
   1.895158E+03   1.804540E+05   1.608718E+01   1.608718E+01   1.787464E+01   1.514281E+01  -1.000000E+01   3.346347E+00  -4.166154E+00        14
   1.905158E+03   1.823588E+05   1.608718E+01   1.608718E+01   1.787464E+01   1.514281E+01  -1.000000E+01   3.346347E+00  -4.166154E+00        14
   1.915158E+03   1.842735E+05   1.608718E+01   1.608718E+01   1.787464E+01   1.514281E+01  -1.000000E+01   3.346347E+00  -4.166154E+00        14
   1.925158E+03   1.861983E+05   1.608718E+01   1.608718E+01   1.787464E+01   1.514281E+01  -1.000000E+01   3.346347E+00  -4.166154E+00        14
   1.935158E+03   1.881331E+05   1.608718E+01   1.608718E+01   1.787464E+01   1.514281E+01  -1.000000E+01   3.346347E+00  -4.166154E+00        14
   1.945158E+03   1.900779E+05   1.608718E+01   1.608718E+01   1.787464E+01   1.514281E+01  -1.000000E+01   3.346347E+00  -4.166154E+00        14
   1.955158E+03   1.920327E+05   1.608718E+01   1.608718E+01   1.787464E+01   1.514281E+01  -1.000000E+01   3.346347E+00  -4.166154E+00        14
   1.965158E+03   1.939975E+05   1.608718E+01   1.608718E+01   1.787464E+01   1.514281E+01  -1.000000E+01   3.346347E+00  -4.166154E+00        14
   1.975158E+03   1.959722E+05   1.608718E+01   1.608718E+01   1.787464E+01   1.514281E+01  -1.000000E+01   3.346347E+00  -4.166154E+00        14
   1.985158E+03   1.979570E+05   1.608718E+01   1.608718E+01   1.787464E+01   1.514281E+01  -1.000000E+01   3.346347E+00  -4.166154E+00        14
   1.995158E+03   1.999518E+05   1.608718E+01   1.608718E+01   1.787464E+01   1.514281E+01  -1.000000E+01   3.346347E+00  -4.166154E+00        14
   2.005158E+03   2.019566E+05   1.608718E+01   1.608718E+01   1.787464E+01   1.514281E+01  -1.000000E+01   3.346347E+00  -4.166154E+00        14
   2.015158E+03   2.039714E+05   1.608718E+01   1.608718E+01   1.787464E+01   1.514281E+01  -1.000000E+01   3.346347E+00  -4.166154E+00        14
   2.025158E+03   2.059962E+05   1.608718E+01   1.608718E+01   1.787464E+01   1.514281E+01  -1.000000E+01   3.346347E+00  -4.166154E+00        14
   2.035158E+03   2.080309E+05   1.608718E+01   1.608718E+01   1.787464E+01   1.514281E+01  -1.000000E+01   3.346347E+00  -4.166154E+00        14
   2.045158E+03   2.100757E+05   1.608718E+01   1.608718E+01   1.787464E+01   1.514281E+01  -1.000000E+01   3.346347E+00  -4.166154E+00        14
   2.055158E+03   2.121305E+05   1.608718E+01   1.608718E+01   1.787464E+01   1.514281E+01  -1.000000E+01   3.346347E+00  -4.166154E+00        14
   2.065158E+03   2.141953E+05   1.608718E+01   1.608718E+01   1.787464E+01   1.514281E+01  -1.000000E+01   3.346347E+00  -4.166154E+00        14
   2.075158E+03   2.162701E+05   1.608718E+01   1.608718E+01   1.787464E+01   1.514281E+01  -1.000000E+01   3.346347E+00  -4.166154E+00        14
   2.085158E+03   2.183549E+05   1.608718E+01   1.608718E+01   1.787464E+01   1.514281E+01  -1.000000E+01   3.346347E+00  -4.166154E+00        14
   2.095158E+03   2.204496E+05   1.608718E+01   1.608718E+01   1.787464E+01   1.514281E+01  -1.000000E+01   3.346347E+00  -4.166154E+00        14
   2.105158E+03   2.225544E+05   1.608718E+01   1.608718E+01   1.787464E+01   1.514281E+01  -1.000000E+01   3.346347E+00  -4.166154E+00        14
   2.115158E+03   2.246692E+05   1.608718E+01   1.608718E+01   1.787464E+01   1.514281E+01  -1.000000E+01   3.346347E+00  -4.166154E+00        14
   2.125158E+03   2.267940E+05   1.608718E+01   1.608718E+01   1.787464E+01   1.514281E+01  -1.000000E+01   3.346347E+00  -4.166154E+00        14
   2.135158E+03   2.289288E+05   1.608718E+01   1.608718E+01   1.787464E+01   1.514281E+01  -1.000000E+01   3.346347E+00  -4.166154E+00        14
   2.145158E+03   2.310735E+05   1.608718E+01   1.608718E+01   1.787464E+01   1.514281E+01  -1.000000E+01   3.346347E+00  -4.166154E+00        14
   2.155158E+03   2.332283E+05   1.608718E+01   1.608718E+01   1.787464E+01   1.514281E+01  -1.000000E+01   3.346347E+00  -4.166154E+00        14
   2.165158E+03   2.353931E+05   1.608718E+01   1.608718E+01   1.787464E+01   1.514281E+01  -1.000000E+01   3.346347E+00  -4.166154E+00        14
   2.175158E+03   2.375679E+05   1.608718E+01   1.608718E+01   1.787464E+01   1.514281E+01  -1.000000E+01   3.346347E+00  -4.166154E+00        14
   2.185158E+03   2.397527E+05   1.608718E+01   1.608718E+01   1.787464E+01   1.514281E+01  -1.000000E+01   3.346347E+00  -4.166154E+00        14
   2.195158E+03   2.419475E+05   1.608718E+01   1.608718E+01   1.787464E+01   1.514281E+01  -1.000000E+01   3.346347E+00  -4.166154E+00        14
   2.205158E+03   2.441522E+05   1.608718E+01   1.608718E+01   1.787464E+01   1.514281E+01  -1.000000E+01   3.346347E+00  -4.166154E+00        14
   2.215158E+03   2.463670E+05   1.608718E+01   1.608718E+01   1.787464E+01   1.514281E+01  -1.000000E+01   3.346347E+00  -4.166154E+00        14
   2.225158E+03   2.485918E+05   1.608718E+01   1.608718E+01   1.787464E+01   1.514281E+01  -1.000000E+01   3.346347E+00  -4.166154E+00        14
   2.235158E+03   2.508266E+05   1.608718E+01   1.608718E+01   1.787464E+01   1.514281E+01  -1.000000E+01   3.346347E+00  -4.166154E+00        14
   2.245158E+03   2.530714E+05   1.608718E+01   1.608718E+01   1.787464E+01   1.514281E+01  -1.000000E+01   3.346347E+00  -4.166154E+00        14
   2.255158E+03   2.553262E+05   1.608718E+01   1.608718E+01   1.787464E+01   1.514281E+01  -1.000000E+01   3.346347E+00  -4.166154E+00        14
   2.265158E+03   2.575909E+05   1.608718E+01   1.608718E+01   1.787464E+01   1.514281E+01  -1.000000E+01   3.346347E+00  -4.166154E+00        14
   2.275158E+03   2.598657E+05   1.608718E+01   1.608718E+01   1.787464E+01   1.514281E+01  -1.000000E+01   3.346347E+00  -4.166154E+00        14
   2.285158E+03   2.621505E+05   1.608718E+01   1.608718E+01   1.787464E+01   1.514281E+01  -1.000000E+01   3.346347E+00  -4.166154E+00        14
   2.295158E+03   2.644453E+05   1.608718E+01   1.608718E+01   1.787464E+01   1.514281E+01  -1.000000E+01   3.346347E+00  -4.166154E+00        14
   2.305158E+03   2.667501E+05   1.608718E+01   1.608718E+01   1.787464E+01   1.514281E+01  -1.000000E+01   3.346347E+00  -4.166154E+00        14
   2.315158E+03   2.690649E+05   1.608718E+01   1.608718E+01   1.787464E+01   1.514281E+01  -1.000000E+01   3.346347E+00  -4.166154E+00        14
   2.325158E+03   2.713896E+05   1.608718E+01   1.608718E+01   1.787464E+01   1.514281E+01  -1.000000E+01   3.346347E+00  -4.166154E+00        14
   2.335158E+03   2.737244E+05   1.608718E+01   1.608718E+01   1.787464E+01   1.514281E+01  -1.000000E+01   3.346347E+00  -4.166154E+00        14
   2.345158E+03   2.760692E+05   1.608718E+01   1.608718E+01   1.787464E+01   1.514281E+01  -1.000000E+01   3.346347E+00  -4.166154E+00        14
   2.355158E+03   2.784240E+05   1.608718E+01   1.608718E+01   1.787464E+01   1.514281E+01  -1.000000E+01   3.346347E+00  -4.166154E+00        14
   2.365158E+03   2.807888E+05   1.608718E+01   1.608718E+01   1.787464E+01   1.514281E+01  -1.000000E+01   3.346347E+00  -4.166154E+00        14
   2.375158E+03   2.831636E+05   1.608718E+01   1.608718E+01   1.787464E+01   1.514281E+01  -1.000000E+01   3.346347E+00  -4.166154E+00        14
   2.385158E+03   2.855483E+05   1.608718E+01   1.608718E+01   1.787464E+01   1.514281E+01  -1.000000E+01   3.346347E+00  -4.166154E+00        14
   2.395158E+03   2.879431E+05   1.608718E+01   1.608718E+01   1.787464E+01   1.514281E+01  -1.000000E+01   3.346347E+00  -4.166154E+00        14
   2.405158E+03   2.903479E+05   1.608718E+01   1.608718E+01   1.787464E+01   1.514281E+01  -1.000000E+01   3.346347E+00  -4.166154E+00        14
   2.415158E+03   2.927627E+05   1.608718E+01   1.608718E+01   1.787464E+01   1.514281E+01  -1.000000E+01   3.346347E+00  -4.166154E+00        14
   2.425158E+03   2.951875E+05   1.608718E+01   1.608718E+01   1.787464E+01   1.514281E+01  -1.000000E+01   3.346347E+00  -4.166154E+00        14
   2.435158E+03   2.976223E+05   1.608718E+01   1.608718E+01   1.787464E+01   1.514281E+01  -1.000000E+01   3.346347E+00  -4.166154E+00        14
   2.445158E+03   3.000670E+05   1.608718E+01   1.608718E+01   1.787464E+01   1.514281E+01  -1.000000E+01   3.346347E+00  -4.166154E+00        14
   2.455158E+03   3.025218E+05   1.608718E+01   1.608718E+01   1.787464E+01   1.514281E+01  -1.000000E+01   3.346347E+00  -4.166154E+00        14
   2.465158E+03   3.049866E+05   1.608718E+01   1.608718E+01   1.787464E+01   1.514281E+01  -1.000000E+01   3.346347E+00  -4.166154E+00        14
   2.475158E+03   3.074614E+05   1.608718E+01   1.608718E+01   1.787464E+01   1.514281E+01  -1.000000E+01   3.346347E+00  -4.166154E+00        14
   2.485158E+03   3.099462E+05   1.608718E+01   1.608718E+01   1.787464E+01   1.514281E+01  -1.000000E+01   3.346347E+00  -4.166154E+00        14
   2.495158E+03   3.124410E+05   1.608718E+01   1.608718E+01   1.787464E+01   1.514281E+01  -1.000000E+01   3.346347E+00  -4.166154E+00        14
   2.505158E+03   3.149457E+05   1.608718E+01   1.608718E+01   1.787464E+01   1.514281E+01  -1.000000E+01   3.346347E+00  -4.166154E+00        14
   2.515158E+03   3.174605E+05   1.608718E+01   1.608718E+01   1.787464E+01   1.514281E+01  -1.000000E+01   3.346347E+00  -4.166154E+00        14
   2.525158E+03   3.199853E+05   1.608718E+01   1.608718E+01   1.787464E+01   1.514281E+01  -1.000000E+01   3.346347E+00  -4.166154E+00        14
   2.535158E+03   3.225201E+05   1.608718E+01   1.608718E+01   1.787464E+01   1.514281E+01  -1.000000E+01   3.346347E+00  -4.166154E+00        14
   2.545158E+03   3.250649E+05   1.608718E+01   1.608718E+01   1.787464E+01   1.514281E+01  -1.000000E+01   3.346347E+00  -4.166154E+00        14
   2.555158E+03   3.276196E+05   1.608718E+01   1.608718E+01   1.787464E+01   1.514281E+01  -1.000000E+01   3.346347E+00  -4.166154E+00        14
   2.565158E+03   3.301844E+05   1.608718E+01   1.608718E+01   1.787464E+01   1.514281E+01  -1.000000E+01   3.346347E+00  -4.166154E+00        14
   2.575158E+03   3.327592E+05   1.608718E+01   1.608718E+01   1.787464E+01   1.514281E+01  -1.000000E+01   3.346347E+00  -4.166154E+00        14
   2.585158E+03   3.353440E+05   1.608718E+01   1.608718E+01   1.787464E+01   1.514281E+01  -1.000000E+01   3.346347E+00  -4.166154E+00        14
   2.595158E+03   3.379388E+05   1.608718E+01   1.608718E+01   1.787464E+01   1.514281E+01  -1.000000E+01   3.346347E+00  -4.166154E+00        14
   2.605158E+03   3.405436E+05   1.608718E+01   1.608718E+01   1.787464E+01   1.514281E+01  -1.000000E+01   3.346347E+00  -4.166154E+00        14
   2.615158E+03   3.431583E+05   1.608718E+01   1.608718E+01   1.787464E+01   1.514281E+01  -1.000000E+01   3.346347E+00  -4.166154E+00        14
   2.625158E+03   3.457831E+05   1.608718E+01   1.608718E+01   1.787464E+01   1.514281E+01  -1.000000E+01   3.346347E+00  -4.166154E+00        14
   2.635158E+03   3.484179E+05   1.608718E+01   1.608718E+01   1.787464E+01   1.514281E+01  -1.000000E+01   3.346347E+00  -4.166154E+00        14
   2.645158E+03   3.510627E+05   1.608718E+01   1.608718E+01   1.787464E+01   1.514281E+01  -1.000000E+01   3.346347E+00  -4.166154E+00        14
   2.655158E+03   3.537175E+05   1.608718E+01   1.608718E+01   1.787464E+01   1.514281E+01  -1.000000E+01   3.346347E+00  -4.166154E+00        14
   2.665158E+03   3.563823E+05   1.608718E+01   1.608718E+01   1.787464E+01   1.514281E+01  -1.000000E+01   3.346347E+00  -4.166154E+00        14
   2.675158E+03   3.590570E+05   1.608718E+01   1.608718E+01   1.787464E+01   1.514281E+01  -1.000000E+01   3.346347E+00  -4.166154E+00        14
   2.685158E+03   3.617418E+05   1.608718E+01   1.608718E+01   1.787464E+01   1.514281E+01  -1.000000E+01   3.346347E+00  -4.166154E+00        14
   2.695158E+03   3.644366E+05   1.608718E+01   1.608718E+01   1.787464E+01   1.514281E+01  -1.000000E+01   3.346347E+00  -4.166154E+00        14
   2.705158E+03   3.671414E+05   1.608718E+01   1.608718E+01   1.787464E+01   1.514281E+01  -1.000000E+01   3.346347E+00  -4.166154E+00        14
   2.715158E+03   3.698562E+05   1.608718E+01   1.608718E+01   1.787464E+01   1.514281E+01  -1.000000E+01   3.346347E+00  -4.166154E+00        14
   2.725158E+03   3.725810E+05   1.608718E+01   1.608718E+01   1.787464E+01   1.514281E+01  -1.000000E+01   3.346347E+00  -4.166154E+00        14
   2.735158E+03   3.753157E+05   1.608718E+01   1.608718E+01   1.787464E+01   1.514281E+01  -1.000000E+01   3.346347E+00  -4.166154E+00        14
   2.745158E+03   3.780605E+05   1.608718E+01   1.608718E+01   1.787464E+01   1.514281E+01  -1.000000E+01   3.346347E+00  -4.166154E+00        14
   2.755158E+03   3.808153E+05   1.608718E+01   1.608718E+01   1.787464E+01   1.514281E+01  -1.000000E+01   3.346347E+00  -4.166154E+00        14
   2.765158E+03   3.835801E+05   1.608718E+01   1.608718E+01   1.787464E+01   1.514281E+01  -1.000000E+01   3.346347E+00  -4.166154E+00        14
   2.775158E+03   3.863549E+05   1.608718E+01   1.608718E+01   1.787464E+01   1.514281E+01  -1.000000E+01   3.346347E+00  -4.166154E+00        14
   2.785158E+03   3.891397E+05   1.608718E+01   1.608718E+01   1.787464E+01   1.514281E+01  -1.000000E+01   3.346347E+00  -4.166154E+00        14
   2.795158E+03   3.919344E+05   1.608718E+01   1.608718E+01   1.787464E+01   1.514281E+01  -1.000000E+01   3.346347E+00  -4.166154E+00        14
   2.805158E+03   3.947392E+05   1.608718E+01   1.608718E+01   1.787464E+01   1.514281E+01  -1.000000E+01   3.346347E+00  -4.166154E+00        14
   2.815158E+03   3.975540E+05   1.608718E+01   1.608718E+01   1.787464E+01   1.514281E+01  -1.000000E+01   3.346347E+00  -4.166154E+00        14
   2.825158E+03   4.003788E+05   1.608718E+01   1.608718E+01   1.787464E+01   1.514281E+01  -1.000000E+01   3.346347E+00  -4.166154E+00        14
   2.835158E+03   4.032136E+05   1.608718E+01   1.608718E+01   1.787464E+01   1.514281E+01  -1.000000E+01   3.346347E+00  -4.166154E+00        14
   2.845158E+03   4.060584E+05   1.608718E+01   1.608718E+01   1.787464E+01   1.514281E+01  -1.000000E+01   3.346347E+00  -4.166154E+00        14
   2.855158E+03   4.089131E+05   1.608718E+01   1.608718E+01   1.787464E+01   1.514281E+01  -1.000000E+01   3.346347E+00  -4.166154E+00        14
   2.865158E+03   4.117779E+05   1.608718E+01   1.608718E+01   1.787464E+01   1.514281E+01  -1.000000E+01   3.346347E+00  -4.166154E+00        14
   2.875158E+03   4.146527E+05   1.608718E+01   1.608718E+01   1.787464E+01   1.514281E+01  -1.000000E+01   3.346347E+00  -4.166154E+00        14
   2.885158E+03   4.175375E+05   1.608718E+01   1.608718E+01   1.787464E+01   1.514281E+01  -1.000000E+01   3.346347E+00  -4.166154E+00        14
   2.895158E+03   4.204323E+05   1.608718E+01   1.608718E+01   1.787464E+01   1.514281E+01  -1.000000E+01   3.346347E+00  -4.166154E+00        14
   2.905158E+03   4.233371E+05   1.608718E+01   1.608718E+01   1.787464E+01   1.514281E+01  -1.000000E+01   3.346347E+00  -4.166154E+00        14
   2.915158E+03   4.262518E+05   1.608718E+01   1.608718E+01   1.787464E+01   1.514281E+01  -1.000000E+01   3.346347E+00  -4.166154E+00        14
   2.925158E+03   4.291766E+05   1.608718E+01   1.608718E+01   1.787464E+01   1.514281E+01  -1.000000E+01   3.346347E+00  -4.166154E+00        14
   2.935158E+03   4.321114E+05   1.608718E+01   1.608718E+01   1.787464E+01   1.514281E+01  -1.000000E+01   3.346347E+00  -4.166154E+00        14
   2.945158E+03   4.350562E+05   1.608718E+01   1.608718E+01   1.787464E+01   1.514281E+01  -1.000000E+01   3.346347E+00  -4.166154E+00        14
   2.955158E+03   4.380110E+05   1.608718E+01   1.608718E+01   1.787464E+01   1.514281E+01  -1.000000E+01   3.346347E+00  -4.166154E+00        14
   2.965158E+03   4.409758E+05   1.608718E+01   1.608718E+01   1.787464E+01   1.514281E+01  -1.000000E+01   3.346347E+00  -4.166154E+00        14
   2.975158E+03   4.439505E+05   1.608718E+01   1.608718E+01   1.787464E+01   1.514281E+01  -1.000000E+01   3.346347E+00  -4.166154E+00        14
   2.985158E+03   4.469353E+05   1.608718E+01   1.608718E+01   1.787464E+01   1.514281E+01  -1.000000E+01   3.346347E+00  -4.166154E+00        14
   2.995158E+03   4.499301E+05   1.608718E+01   1.608718E+01   1.787464E+01   1.514281E+01  -1.000000E+01   3.346347E+00  -4.166154E+00        14
   3.005158E+03   4.529349E+05   1.608718E+01   1.608718E+01   1.787464E+01   1.514281E+01  -1.000000E+01   3.346347E+00  -4.166154E+00        14
   3.015158E+03   4.559497E+05   1.608718E+01   1.608718E+01   1.787464E+01   1.514281E+01  -1.000000E+01   3.346347E+00  -4.166154E+00        14
   3.025158E+03   4.589744E+05   1.608718E+01   1.608718E+01   1.787464E+01   1.514281E+01  -1.000000E+01   3.346347E+00  -4.166154E+00        14
   3.035158E+03   4.620092E+05   1.608718E+01   1.608718E+01   1.787464E+01   1.514281E+01  -1.000000E+01   3.346347E+00  -4.166154E+00        14
   3.045158E+03   4.650540E+05   1.608718E+01   1.608718E+01   1.787464E+01   1.514281E+01  -1.000000E+01   3.346347E+00  -4.166154E+00        14
   3.055158E+03   4.681088E+05   1.608718E+01   1.608718E+01   1.787464E+01   1.514281E+01  -1.000000E+01   3.346347E+00  -4.166154E+00        14
   3.065158E+03   4.711736E+05   1.608718E+01   1.608718E+01   1.787464E+01   1.514281E+01  -1.000000E+01   3.346347E+00  -4.166154E+00        14
   3.075158E+03   4.742484E+05   1.608718E+01   1.608718E+01   1.787464E+01   1.514281E+01  -1.000000E+01   3.346347E+00  -4.166154E+00        14
   3.085158E+03   4.773331E+05   1.608718E+01   1.608718E+01   1.787464E+01   1.514281E+01  -1.000000E+01   3.346347E+00  -4.166154E+00        14
   3.095158E+03   4.804279E+05   1.608718E+01   1.608718E+01   1.787464E+01   1.514281E+01  -1.000000E+01   3.346347E+00  -4.166154E+00        14
   3.105158E+03   4.835327E+05   1.608718E+01   1.608718E+01   1.787464E+01   1.514281E+01  -1.000000E+01   3.346347E+00  -4.166154E+00        14
   3.115158E+03   4.866475E+05   1.608718E+01   1.608718E+01   1.787464E+01   1.514281E+01  -1.000000E+01   3.346347E+00  -4.166154E+00        14
   3.125158E+03   4.897723E+05   1.608718E+01   1.608718E+01   1.787464E+01   1.514281E+01  -1.000000E+01   3.346347E+00  -4.166154E+00        14
   3.135158E+03   4.929071E+05   1.608718E+01   1.608718E+01   1.787464E+01   1.514281E+01  -1.000000E+01   3.346347E+00  -4.166154E+00        14
   3.145158E+03   4.960518E+05   1.608718E+01   1.608718E+01   1.787464E+01   1.514281E+01  -1.000000E+01   3.346347E+00  -4.166154E+00        14
   3.155158E+03   4.992066E+05   1.608718E+01   1.608718E+01   1.787464E+01   1.514281E+01  -1.000000E+01   3.346347E+00  -4.166154E+00        14
   3.165158E+03   5.023714E+05   1.608718E+01   1.608718E+01   1.787464E+01   1.514281E+01  -1.000000E+01   3.346347E+00  -4.166154E+00        14
   3.175158E+03   5.055462E+05   1.608718E+01   1.608718E+01   1.787464E+01   1.514281E+01  -1.000000E+01   3.346347E+00  -4.166154E+00        14
   3.185158E+03   5.087310E+05   1.608718E+01   1.608718E+01   1.787464E+01   1.514281E+01  -1.000000E+01   3.346347E+00  -4.166154E+00        14
   3.195158E+03   5.119258E+05   1.608718E+01   1.608718E+01   1.787464E+01   1.514281E+01  -1.000000E+01   3.346347E+00  -4.166154E+00        14
   3.205158E+03   5.151305E+05   1.608718E+01   1.608718E+01   1.787464E+01   1.514281E+01  -1.000000E+01   3.346347E+00  -4.166154E+00        14
   3.215158E+03   5.183453E+05   1.608718E+01   1.608718E+01   1.787464E+01   1.514281E+01  -1.000000E+01   3.346347E+00  -4.166154E+00        14
   3.225158E+03   5.215701E+05   1.608718E+01   1.608718E+01   1.787464E+01   1.514281E+01  -1.000000E+01   3.346347E+00  -4.166154E+00        14
   3.235158E+03   5.248049E+05   1.608718E+01   1.608718E+01   1.787464E+01   1.514281E+01  -1.000000E+01   3.346347E+00  -4.166154E+00        14
   3.245158E+03   5.280497E+05   1.608718E+01   1.608718E+01   1.787464E+01   1.514281E+01  -1.000000E+01   3.346347E+00  -4.166154E+00        14
   3.255158E+03   5.313045E+05   1.608718E+01   1.608718E+01   1.787464E+01   1.514281E+01  -1.000000E+01   3.346347E+00  -4.166154E+00        14
   3.265158E+03   5.345692E+05   1.608718E+01   1.608718E+01   1.787464E+01   1.514281E+01  -1.000000E+01   3.346347E+00  -4.166154E+00        14
   3.275158E+03   5.378440E+05   1.608718E+01   1.608718E+01   1.787464E+01   1.514281E+01  -1.000000E+01   3.346347E+00  -4.166154E+00        14
   3.285158E+03   5.411288E+05   1.608718E+01   1.608718E+01   1.787464E+01   1.514281E+01  -1.000000E+01   3.346347E+00  -4.166154E+00        14
   3.295158E+03   5.444236E+05   1.608718E+01   1.608718E+01   1.787464E+01   1.514281E+01  -1.000000E+01   3.346347E+00  -4.166154E+00        14
   3.305158E+03   5.477284E+05   1.608718E+01   1.608718E+01   1.787464E+01   1.514281E+01  -1.000000E+01   3.346347E+00  -4.166154E+00        14
   3.315158E+03   5.510432E+05   1.608718E+01   1.608718E+01   1.787464E+01   1.514281E+01  -1.000000E+01   3.346347E+00  -4.166154E+00        14
   3.325158E+03   5.543679E+05   1.608718E+01   1.608718E+01   1.787464E+01   1.514281E+01  -1.000000E+01   3.346347E+00  -4.166154E+00        14
   3.335158E+03   5.577027E+05   1.608718E+01   1.608718E+01   1.787464E+01   1.514281E+01  -1.000000E+01   3.346347E+00  -4.166154E+00        14
   3.345158E+03   5.610475E+05   1.608718E+01   1.608718E+01   1.787464E+01   1.514281E+01  -1.000000E+01   3.346347E+00  -4.166154E+00        14
   3.355158E+03   5.644023E+05   1.608718E+01   1.608718E+01   1.787464E+01   1.514281E+01  -1.000000E+01   3.346347E+00  -4.166154E+00        14
   3.365158E+03   5.677671E+05   1.608718E+01   1.608718E+01   1.787464E+01   1.514281E+01  -1.000000E+01   3.346347E+00  -4.166154E+00        14
   3.375158E+03   5.711419E+05   1.608718E+01   1.608718E+01   1.787464E+01   1.514281E+01  -1.000000E+01   3.346347E+00  -4.166154E+00        14
   3.385158E+03   5.745266E+05   1.608718E+01   1.608718E+01   1.787464E+01   1.514281E+01  -1.000000E+01   3.346347E+00  -4.166154E+00        14
   3.395158E+03   5.779214E+05   1.608718E+01   1.608718E+01   1.787464E+01   1.514281E+01  -1.000000E+01   3.346347E+00  -4.166154E+00        14
   3.405158E+03   5.813262E+05   1.608718E+01   1.608718E+01   1.787464E+01   1.514281E+01  -1.000000E+01   3.346347E+00  -4.166154E+00        14
   3.415158E+03   5.847410E+05   1.608718E+01   1.608718E+01   1.787464E+01   1.514281E+01  -1.000000E+01   3.346347E+00  -4.166154E+00        14
   3.425158E+03   5.881658E+05   1.608718E+01   1.608718E+01   1.787464E+01   1.514281E+01  -1.000000E+01   3.346347E+00  -4.166154E+00        14
   3.435158E+03   5.916005E+05   1.608718E+01   1.608718E+01   1.787464E+01   1.514281E+01  -1.000000E+01   3.346347E+00  -4.166154E+00        14
   3.445158E+03   5.950453E+05   1.608718E+01   1.608718E+01   1.787464E+01   1.514281E+01  -1.000000E+01   3.346347E+00  -4.166154E+00        14
   3.455158E+03   5.985001E+05   1.608718E+01   1.608718E+01   1.787464E+01   1.514281E+01  -1.000000E+01   3.346347E+00  -4.166154E+00        14
   3.465158E+03   6.019649E+05   1.608718E+01   1.608718E+01   1.787464E+01   1.514281E+01  -1.000000E+01   3.346347E+00  -4.166154E+00        14
   3.475158E+03   6.054397E+05   1.608718E+01   1.608718E+01   1.787464E+01   1.514281E+01  -1.000000E+01   3.346347E+00  -4.166154E+00        14
   3.485158E+03   6.089245E+05   1.608718E+01   1.608718E+01   1.787464E+01   1.514281E+01  -1.000000E+01   3.346347E+00  -4.166154E+00        14
   3.495158E+03   6.124192E+05   1.608718E+01   1.608718E+01   1.787464E+01   1.514281E+01  -1.000000E+01   3.346347E+00  -4.166154E+00        14
   3.505158E+03   6.159240E+05   1.608718E+01   1.608718E+01   1.787464E+01   1.514281E+01  -1.000000E+01   3.346347E+00  -4.166154E+00        14
   3.515158E+03   6.194388E+05   1.608718E+01   1.608718E+01   1.787464E+01   1.514281E+01  -1.000000E+01   3.346347E+00  -4.166154E+00        14
   3.525158E+03   6.229636E+05   1.608718E+01   1.608718E+01   1.787464E+01   1.514281E+01  -1.000000E+01   3.346347E+00  -4.166154E+00        14
   3.535158E+03   6.264984E+05   1.608718E+01   1.608718E+01   1.787464E+01   1.514281E+01  -1.000000E+01   3.346347E+00  -4.166154E+00        14
   3.545158E+03   6.300432E+05   1.608718E+01   1.608718E+01   1.787464E+01   1.514281E+01  -1.000000E+01   3.346347E+00  -4.166154E+00        14
   3.555158E+03   6.335979E+05   1.608718E+01   1.608718E+01   1.787464E+01   1.514281E+01  -1.000000E+01   3.346347E+00  -4.166154E+00        14
   3.565158E+03   6.371627E+05   1.608718E+01   1.608718E+01   1.787464E+01   1.514281E+01  -1.000000E+01   3.346347E+00  -4.166154E+00        14
   3.575158E+03   6.407375E+05   1.608718E+01   1.608718E+01   1.787464E+01   1.514281E+01  -1.000000E+01   3.346347E+00  -4.166154E+00        14
   3.585158E+03   6.443223E+05   1.608718E+01   1.608718E+01   1.787464E+01   1.514281E+01  -1.000000E+01   3.346347E+00  -4.166154E+00        14
   3.595158E+03   6.479171E+05   1.608718E+01   1.608718E+01   1.787464E+01   1.514281E+01  -1.000000E+01   3.346347E+00  -4.166154E+00        14
   3.605158E+03   6.515219E+05   1.608718E+01   1.608718E+01   1.787464E+01   1.514281E+01  -1.000000E+01   3.346347E+00  -4.166154E+00        14
   3.615158E+03   6.551366E+05   1.608718E+01   1.608718E+01   1.787464E+01   1.514281E+01  -1.000000E+01   3.346347E+00  -4.166154E+00        14
   3.625158E+03   6.587614E+05   1.608718E+01   1.608718E+01   1.787464E+01   1.514281E+01  -1.000000E+01   3.346347E+00  -4.166154E+00        14
   3.635158E+03   6.623962E+05   1.608718E+01   1.608718E+01   1.787464E+01   1.514281E+01  -1.000000E+01   3.346347E+00  -4.166154E+00        14
   3.645158E+03   6.660410E+05   1.608718E+01   1.608718E+01   1.787464E+01   1.514281E+01  -1.000000E+01   3.346347E+00  -4.166154E+00        14
   3.655158E+03   6.696958E+05   1.608718E+01   1.608718E+01   1.787464E+01   1.514281E+01  -1.000000E+01   3.346347E+00  -4.166154E+00        14
   3.665158E+03   6.733606E+05   1.608718E+01   1.608718E+01   1.787464E+01   1.514281E+01  -1.000000E+01   3.346347E+00  -4.166154E+00        14
   3.675158E+03   6.770353E+05   1.608718E+01   1.608718E+01   1.787464E+01   1.514281E+01  -1.000000E+01   3.346347E+00  -4.166154E+00        14
   3.685158E+03   6.807201E+05   1.608718E+01   1.608718E+01   1.787464E+01   1.514281E+01  -1.000000E+01   3.346347E+00  -4.166154E+00        14
   3.695158E+03   6.844149E+05   1.608718E+01   1.608718E+01   1.787464E+01   1.514281E+01  -1.000000E+01   3.346347E+00  -4.166154E+00        14
   3.705158E+03   6.881197E+05   1.608718E+01   1.608718E+01   1.787464E+01   1.514281E+01  -1.000000E+01   3.346347E+00  -4.166154E+00        14
   3.715158E+03   6.918345E+05   1.608718E+01   1.608718E+01   1.787464E+01   1.514281E+01  -1.000000E+01   3.346347E+00  -4.166154E+00        14
   3.725158E+03   6.955593E+05   1.608718E+01   1.608718E+01   1.787464E+01   1.514281E+01  -1.000000E+01   3.346347E+00  -4.166154E+00        14
   3.735158E+03   6.992940E+05   1.608718E+01   1.608718E+01   1.787464E+01   1.514281E+01  -1.000000E+01   3.346347E+00  -4.166154E+00        14
   3.745158E+03   7.030388E+05   1.608718E+01   1.608718E+01   1.787464E+01   1.514281E+01  -1.000000E+01   3.346347E+00  -4.166154E+00        14
   3.755158E+03   7.067936E+05   1.608718E+01   1.608718E+01   1.787464E+01   1.514281E+01  -1.000000E+01   3.346347E+00  -4.166154E+00        14
   3.765158E+03   7.105584E+05   1.608718E+01   1.608718E+01   1.787464E+01   1.514281E+01  -1.000000E+01   3.346347E+00  -4.166154E+00        14
   3.775158E+03   7.143332E+05   1.608718E+01   1.608718E+01   1.787464E+01   1.514281E+01  -1.000000E+01   3.346347E+00  -4.166154E+00        14
   3.785158E+03   7.181180E+05   1.608718E+01   1.608718E+01   1.787464E+01   1.514281E+01  -1.000000E+01   3.346347E+00  -4.166154E+00        14
   3.795158E+03   7.219127E+05   1.608718E+01   1.608718E+01   1.787464E+01   1.514281E+01  -1.000000E+01   3.346347E+00  -4.166154E+00        14
   3.805158E+03   7.257175E+05   1.608718E+01   1.608718E+01   1.787464E+01   1.514281E+01  -1.000000E+01   3.346347E+00  -4.166154E+00        14
   3.815158E+03   7.295323E+05   1.608718E+01   1.608718E+01   1.787464E+01   1.514281E+01  -1.000000E+01   3.346347E+00  -4.166154E+00        14
   3.825158E+03   7.333571E+05   1.608718E+01   1.608718E+01   1.787464E+01   1.514281E+01  -1.000000E+01   3.346347E+00  -4.166154E+00        14
   3.835158E+03   7.371919E+05   1.608718E+01   1.608718E+01   1.787464E+01   1.514281E+01  -1.000000E+01   3.346347E+00  -4.166154E+00        14
   3.845158E+03   7.410366E+05   1.608718E+01   1.608718E+01   1.787464E+01   1.514281E+01  -1.000000E+01   3.346347E+00  -4.166154E+00        14
   3.855158E+03   7.448914E+05   1.608718E+01   1.608718E+01   1.787464E+01   1.514281E+01  -1.000000E+01   3.346347E+00  -4.166154E+00        14
   3.865158E+03   7.487562E+05   1.608718E+01   1.608718E+01   1.787464E+01   1.514281E+01  -1.000000E+01   3.346347E+00  -4.166154E+00        14
   3.875158E+03   7.526310E+05   1.608718E+01   1.608718E+01   1.787464E+01   1.514281E+01  -1.000000E+01   3.346347E+00  -4.166154E+00        14
   3.885158E+03   7.565158E+05   1.608718E+01   1.608718E+01   1.787464E+01   1.514281E+01  -1.000000E+01   3.346347E+00  -4.166154E+00        14
   3.895158E+03   7.604106E+05   1.608718E+01   1.608718E+01   1.787464E+01   1.514281E+01  -1.000000E+01   3.346347E+00  -4.166154E+00        14
   3.905158E+03   7.643153E+05   1.608718E+01   1.608718E+01   1.787464E+01   1.514281E+01  -1.000000E+01   3.346347E+00  -4.166154E+00        14
   3.915158E+03   7.682301E+05   1.608718E+01   1.608718E+01   1.787464E+01   1.514281E+01  -1.000000E+01   3.346347E+00  -4.166154E+00        14
   3.925158E+03   7.721549E+05   1.608718E+01   1.608718E+01   1.787464E+01   1.514281E+01  -1.000000E+01   3.346347E+00  -4.166154E+00        14
   3.935158E+03   7.760897E+05   1.608718E+01   1.608718E+01   1.787464E+01   1.514281E+01  -1.000000E+01   3.346347E+00  -4.166154E+00        14
   3.945158E+03   7.800345E+05   1.608718E+01   1.608718E+01   1.787464E+01   1.514281E+01  -1.000000E+01   3.346347E+00  -4.166154E+00        14
   3.955158E+03   7.839893E+05   1.608718E+01   1.608718E+01   1.787464E+01   1.514281E+01  -1.000000E+01   3.346347E+00  -4.166154E+00        14
   3.965158E+03   7.879540E+05   1.608718E+01   1.608718E+01   1.787464E+01   1.514281E+01  -1.000000E+01   3.346347E+00  -4.166154E+00        14
   3.975158E+03   7.919288E+05   1.608718E+01   1.608718E+01   1.787464E+01   1.514281E+01  -1.000000E+01   3.346347E+00  -4.166154E+00        14
   3.985158E+03   7.959136E+05   1.608718E+01   1.608718E+01   1.787464E+01   1.514281E+01  -1.000000E+01   3.346347E+00  -4.166154E+00        14
   3.995158E+03   7.999084E+05   1.608718E+01   1.608718E+01   1.787464E+01   1.514281E+01  -1.000000E+01   3.346347E+00  -4.166154E+00        14
   4.005158E+03   8.039132E+05   1.608718E+01   1.608718E+01   1.787464E+01   1.514281E+01  -1.000000E+01   3.346347E+00  -4.166154E+00        14
   4.015158E+03   8.079280E+05   1.608718E+01   1.608718E+01   1.787464E+01   1.514281E+01  -1.000000E+01   3.346347E+00  -4.166154E+00        14
   4.025158E+03   8.119527E+05   1.608718E+01   1.608718E+01   1.787464E+01   1.514281E+01  -1.000000E+01   3.346347E+00  -4.166154E+00        14
   4.035158E+03   8.159875E+05   1.608718E+01   1.608718E+01   1.787464E+01   1.514281E+01  -1.000000E+01   3.346347E+00  -4.166154E+00        14
   4.045158E+03   8.200323E+05   1.608718E+01   1.608718E+01   1.787464E+01   1.514281E+01  -1.000000E+01   3.346347E+00  -4.166154E+00        14
   4.055158E+03   8.240871E+05   1.608718E+01   1.608718E+01   1.787464E+01   1.514281E+01  -1.000000E+01   3.346347E+00  -4.166154E+00        14
   4.065158E+03   8.281519E+05   1.608718E+01   1.608718E+01   1.787464E+01   1.514281E+01  -1.000000E+01   3.346347E+00  -4.166154E+00        14
   4.075158E+03   8.322267E+05   1.608718E+01   1.608718E+01   1.787464E+01   1.514281E+01  -1.000000E+01   3.346347E+00  -4.166154E+00        14
   4.085158E+03   8.363114E+05   1.608718E+01   1.608718E+01   1.787464E+01   1.514281E+01  -1.000000E+01   3.346347E+00  -4.166154E+00        14
   4.095158E+03   8.404062E+05   1.608718E+01   1.608718E+01   1.787464E+01   1.514281E+01  -1.000000E+01   3.346347E+00  -4.166154E+00        14
   4.105158E+03   8.445110E+05   1.608718E+01   1.608718E+01   1.787464E+01   1.514281E+01  -1.000000E+01   3.346347E+00  -4.166154E+00        14
   4.115158E+03   8.486258E+05   1.608718E+01   1.608718E+01   1.787464E+01   1.514281E+01  -1.000000E+01   3.346347E+00  -4.166154E+00        14
   4.125158E+03   8.527506E+05   1.608718E+01   1.608718E+01   1.787464E+01   1.514281E+01  -1.000000E+01   3.346347E+00  -4.166154E+00        14
   4.135158E+03   8.568854E+05   1.608718E+01   1.608718E+01   1.787464E+01   1.514281E+01  -1.000000E+01   3.346347E+00  -4.166154E+00        14
   4.145158E+03   8.610301E+05   1.608718E+01   1.608718E+01   1.787464E+01   1.514281E+01  -1.000000E+01   3.346347E+00  -4.166154E+00        14
   4.155158E+03   8.651849E+05   1.608718E+01   1.608718E+01   1.787464E+01   1.514281E+01  -1.000000E+01   3.346347E+00  -4.166154E+00        14
   4.165158E+03   8.693497E+05   1.608718E+01   1.608718E+01   1.787464E+01   1.514281E+01  -1.000000E+01   3.346347E+00  -4.166154E+00        14
   4.175158E+03   8.735245E+05   1.608718E+01   1.608718E+01   1.787464E+01   1.514281E+01  -1.000000E+01   3.346347E+00  -4.166154E+00        14
   4.185158E+03   8.777093E+05   1.608718E+01   1.608718E+01   1.787464E+01   1.514281E+01  -1.000000E+01   3.346347E+00  -4.166154E+00        14
   4.195158E+03   8.819041E+05   1.608718E+01   1.608718E+01   1.787464E+01   1.514281E+01  -1.000000E+01   3.346347E+00  -4.166154E+00        14
   4.205158E+03   8.861088E+05   1.608718E+01   1.608718E+01   1.787464E+01   1.514281E+01  -1.000000E+01   3.346347E+00  -4.166154E+00        14
   4.215158E+03   8.903236E+05   1.608718E+01   1.608718E+01   1.787464E+01   1.514281E+01  -1.000000E+01   3.346347E+00  -4.166154E+00        14
   4.225158E+03   8.945484E+05   1.608718E+01   1.608718E+01   1.787464E+01   1.514281E+01  -1.000000E+01   3.346347E+00  -4.166154E+00        14
   4.235158E+03   8.987832E+05   1.608718E+01   1.608718E+01   1.787464E+01   1.514281E+01  -1.000000E+01   3.346347E+00  -4.166154E+00        14
   4.245158E+03   9.030280E+05   1.608718E+01   1.608718E+01   1.787464E+01   1.514281E+01  -1.000000E+01   3.346347E+00  -4.166154E+00        14
   4.255158E+03   9.072827E+05   1.608718E+01   1.608718E+01   1.787464E+01   1.514281E+01  -1.000000E+01   3.346347E+00  -4.166154E+00        14
   4.265158E+03   9.115475E+05   1.608718E+01   1.608718E+01   1.787464E+01   1.514281E+01  -1.000000E+01   3.346347E+00  -4.166154E+00        14
   4.275158E+03   9.158223E+05   1.608718E+01   1.608718E+01   1.787464E+01   1.514281E+01  -1.000000E+01   3.346347E+00  -4.166154E+00        14
   4.285158E+03   9.201071E+05   1.608718E+01   1.608718E+01   1.787464E+01   1.514281E+01  -1.000000E+01   3.346347E+00  -4.166154E+00        14
   4.295158E+03   9.244019E+05   1.608718E+01   1.608718E+01   1.787464E+01   1.514281E+01  -1.000000E+01   3.346347E+00  -4.166154E+00        14
   4.305158E+03   9.287067E+05   1.608718E+01   1.608718E+01   1.787464E+01   1.514281E+01  -1.000000E+01   3.346347E+00  -4.166154E+00        14
   4.315158E+03   9.330214E+05   1.608718E+01   1.608718E+01   1.787464E+01   1.514281E+01  -1.000000E+01   3.346347E+00  -4.166154E+00        14
   4.325158E+03   9.373462E+05   1.608718E+01   1.608718E+01   1.787464E+01   1.514281E+01  -1.000000E+01   3.346347E+00  -4.166154E+00        14
   4.335158E+03   9.416810E+05   1.608718E+01   1.608718E+01   1.787464E+01   1.514281E+01  -1.000000E+01   3.346347E+00  -4.166154E+00        14
   4.345158E+03   9.460258E+05   1.608718E+01   1.608718E+01   1.787464E+01   1.514281E+01  -1.000000E+01   3.346347E+00  -4.166154E+00        14
   4.355158E+03   9.503806E+05   1.608718E+01   1.608718E+01   1.787464E+01   1.514281E+01  -1.000000E+01   3.346347E+00  -4.166154E+00        14
   4.365158E+03   9.547454E+05   1.608718E+01   1.608718E+01   1.787464E+01   1.514281E+01  -1.000000E+01   3.346347E+00  -4.166154E+00        14
   4.375158E+03   9.591201E+05   1.608718E+01   1.608718E+01   1.787464E+01   1.514281E+01  -1.000000E+01   3.346347E+00  -4.166154E+00        14
   4.385158E+03   9.635049E+05   1.608718E+01   1.608718E+01   1.787464E+01   1.514281E+01  -1.000000E+01   3.346347E+00  -4.166154E+00        14
   4.395158E+03   9.678997E+05   1.608718E+01   1.608718E+01   1.787464E+01   1.514281E+01  -1.000000E+01   3.346347E+00  -4.166154E+00        14
   4.405158E+03   9.723045E+05   1.608718E+01   1.608718E+01   1.787464E+01   1.514281E+01  -1.000000E+01   3.346347E+00  -4.166154E+00        14
   4.415158E+03   9.767193E+05   1.608718E+01   1.608718E+01   1.787464E+01   1.514281E+01  -1.000000E+01   3.346347E+00  -4.166154E+00        14
   4.425158E+03   9.811441E+05   1.608718E+01   1.608718E+01   1.787464E+01   1.514281E+01  -1.000000E+01   3.346347E+00  -4.166154E+00        14
   4.435158E+03   9.855788E+05   1.608718E+01   1.608718E+01   1.787464E+01   1.514281E+01  -1.000000E+01   3.346347E+00  -4.166154E+00        14
   4.445158E+03   9.900236E+05   1.608718E+01   1.608718E+01   1.787464E+01   1.514281E+01  -1.000000E+01   3.346347E+00  -4.166154E+00        14
   4.455158E+03   9.944784E+05   1.608718E+01   1.608718E+01   1.787464E+01   1.514281E+01  -1.000000E+01   3.346347E+00  -4.166154E+00        14
   4.465158E+03   9.989432E+05   1.608718E+01   1.608718E+01   1.787464E+01   1.514281E+01  -1.000000E+01   3.346347E+00  -4.166154E+00        14
   4.475158E+03   1.003418E+06   1.608718E+01   1.608718E+01   1.787464E+01   1.514281E+01  -1.000000E+01   3.346347E+00  -4.166154E+00        14
   4.485158E+03   1.007903E+06   1.608718E+01   1.608718E+01   1.787464E+01   1.514281E+01  -1.000000E+01   3.346347E+00  -4.166154E+00        14
   4.495158E+03   1.012398E+06   1.608718E+01   1.608718E+01   1.787464E+01   1.514281E+01  -1.000000E+01   3.346347E+00  -4.166154E+00        14
   4.505158E+03   1.016902E+06   1.608718E+01   1.608718E+01   1.787464E+01   1.514281E+01  -1.000000E+01   3.346347E+00  -4.166154E+00        14
   4.515158E+03   1.021417E+06   1.608718E+01   1.608718E+01   1.787464E+01   1.514281E+01  -1.000000E+01   3.346347E+00  -4.166154E+00        14
   4.525158E+03   1.025942E+06   1.608718E+01   1.608718E+01   1.787464E+01   1.514281E+01  -1.000000E+01   3.346347E+00  -4.166154E+00        14
   4.535158E+03   1.030477E+06   1.608718E+01   1.608718E+01   1.787464E+01   1.514281E+01  -1.000000E+01   3.346347E+00  -4.166154E+00        14
   4.545158E+03   1.035021E+06   1.608718E+01   1.608718E+01   1.787464E+01   1.514281E+01  -1.000000E+01   3.346347E+00  -4.166154E+00        14
   4.555158E+03   1.039576E+06   1.608718E+01   1.608718E+01   1.787464E+01   1.514281E+01  -1.000000E+01   3.346347E+00  -4.166154E+00        14
   4.565158E+03   1.044141E+06   1.608718E+01   1.608718E+01   1.787464E+01   1.514281E+01  -1.000000E+01   3.346347E+00  -4.166154E+00        14
   4.575158E+03   1.048716E+06   1.608718E+01   1.608718E+01   1.787464E+01   1.514281E+01  -1.000000E+01   3.346347E+00  -4.166154E+00        14
   4.585158E+03   1.053301E+06   1.608718E+01   1.608718E+01   1.787464E+01   1.514281E+01  -1.000000E+01   3.346347E+00  -4.166154E+00        14
   4.595158E+03   1.057895E+06   1.608718E+01   1.608718E+01   1.787464E+01   1.514281E+01  -1.000000E+01   3.346347E+00  -4.166154E+00        14
   4.605158E+03   1.062500E+06   1.608718E+01   1.608718E+01   1.787464E+01   1.514281E+01  -1.000000E+01   3.346347E+00  -4.166154E+00        14
   4.615158E+03   1.067115E+06   1.608718E+01   1.608718E+01   1.787464E+01   1.514281E+01  -1.000000E+01   3.346347E+00  -4.166154E+00        14
   4.625158E+03   1.071740E+06   1.608718E+01   1.608718E+01   1.787464E+01   1.514281E+01  -1.000000E+01   3.346347E+00  -4.166154E+00        14
   4.635158E+03   1.076375E+06   1.608718E+01   1.608718E+01   1.787464E+01   1.514281E+01  -1.000000E+01   3.346347E+00  -4.166154E+00        14
   4.645158E+03   1.081019E+06   1.608718E+01   1.608718E+01   1.787464E+01   1.514281E+01  -1.000000E+01   3.346347E+00  -4.166154E+00        14
   4.655158E+03   1.085674E+06   1.608718E+01   1.608718E+01   1.787464E+01   1.514281E+01  -1.000000E+01   3.346347E+00  -4.166154E+00        14
   4.665158E+03   1.090339E+06   1.608718E+01   1.608718E+01   1.787464E+01   1.514281E+01  -1.000000E+01   3.346347E+00  -4.166154E+00        14
   4.675158E+03   1.095014E+06   1.608718E+01   1.608718E+01   1.787464E+01   1.514281E+01  -1.000000E+01   3.346347E+00  -4.166154E+00        14
   4.685158E+03   1.099698E+06   1.608718E+01   1.608718E+01   1.787464E+01   1.514281E+01  -1.000000E+01   3.346347E+00  -4.166154E+00        14
   4.695158E+03   1.104393E+06   1.608718E+01   1.608718E+01   1.787464E+01   1.514281E+01  -1.000000E+01   3.346347E+00  -4.166154E+00        14
   4.705158E+03   1.109098E+06   1.608718E+01   1.608718E+01   1.787464E+01   1.514281E+01  -1.000000E+01   3.346347E+00  -4.166154E+00        14
   4.715158E+03   1.113813E+06   1.608718E+01   1.608718E+01   1.787464E+01   1.514281E+01  -1.000000E+01   3.346347E+00  -4.166154E+00        14
   4.725158E+03   1.118538E+06   1.608718E+01   1.608718E+01   1.787464E+01   1.514281E+01  -1.000000E+01   3.346347E+00  -4.166154E+00        14
   4.735158E+03   1.123272E+06   1.608718E+01   1.608718E+01   1.787464E+01   1.514281E+01  -1.000000E+01   3.346347E+00  -4.166154E+00        14
   4.745158E+03   1.128017E+06   1.608718E+01   1.608718E+01   1.787464E+01   1.514281E+01  -1.000000E+01   3.346347E+00  -4.166154E+00        14
   4.755158E+03   1.132772E+06   1.608718E+01   1.608718E+01   1.787464E+01   1.514281E+01  -1.000000E+01   3.346347E+00  -4.166154E+00        14
   4.765158E+03   1.137537E+06   1.608718E+01   1.608718E+01   1.787464E+01   1.514281E+01  -1.000000E+01   3.346347E+00  -4.166154E+00        14
   4.775158E+03   1.142311E+06   1.608718E+01   1.608718E+01   1.787464E+01   1.514281E+01  -1.000000E+01   3.346347E+00  -4.166154E+00        14
   4.785158E+03   1.147096E+06   1.608718E+01   1.608718E+01   1.787464E+01   1.514281E+01  -1.000000E+01   3.346347E+00  -4.166154E+00        14
   4.795158E+03   1.151891E+06   1.608718E+01   1.608718E+01   1.787464E+01   1.514281E+01  -1.000000E+01   3.346347E+00  -4.166154E+00        14
   4.805158E+03   1.156696E+06   1.608718E+01   1.608718E+01   1.787464E+01   1.514281E+01  -1.000000E+01   3.346347E+00  -4.166154E+00        14
   4.815158E+03   1.161511E+06   1.608718E+01   1.608718E+01   1.787464E+01   1.514281E+01  -1.000000E+01   3.346347E+00  -4.166154E+00        14
   4.825158E+03   1.166335E+06   1.608718E+01   1.608718E+01   1.787464E+01   1.514281E+01  -1.000000E+01   3.346347E+00  -4.166154E+00        14
   4.835158E+03   1.171170E+06   1.608718E+01   1.608718E+01   1.787464E+01   1.514281E+01  -1.000000E+01   3.346347E+00  -4.166154E+00        14
   4.845158E+03   1.176015E+06   1.608718E+01   1.608718E+01   1.787464E+01   1.514281E+01  -1.000000E+01   3.346347E+00  -4.166154E+00        14
   4.855158E+03   1.180870E+06   1.608718E+01   1.608718E+01   1.787464E+01   1.514281E+01  -1.000000E+01   3.346347E+00  -4.166154E+00        14
   4.865158E+03   1.185735E+06   1.608718E+01   1.608718E+01   1.787464E+01   1.514281E+01  -1.000000E+01   3.346347E+00  -4.166154E+00        14
   4.875158E+03   1.190609E+06   1.608718E+01   1.608718E+01   1.787464E+01   1.514281E+01  -1.000000E+01   3.346347E+00  -4.166154E+00        14
   4.885158E+03   1.195494E+06   1.608718E+01   1.608718E+01   1.787464E+01   1.514281E+01  -1.000000E+01   3.346347E+00  -4.166154E+00        14
   4.895158E+03   1.200389E+06   1.608718E+01   1.608718E+01   1.787464E+01   1.514281E+01  -1.000000E+01   3.346347E+00  -4.166154E+00        14
   4.905158E+03   1.205294E+06   1.608718E+01   1.608718E+01   1.787464E+01   1.514281E+01  -1.000000E+01   3.346347E+00  -4.166154E+00        14
   4.915158E+03   1.210208E+06   1.608718E+01   1.608718E+01   1.787464E+01   1.514281E+01  -1.000000E+01   3.346347E+00  -4.166154E+00        14
   4.925158E+03   1.215133E+06   1.608718E+01   1.608718E+01   1.787464E+01   1.514281E+01  -1.000000E+01   3.346347E+00  -4.166154E+00        14
   4.935158E+03   1.220068E+06   1.608718E+01   1.608718E+01   1.787464E+01   1.514281E+01  -1.000000E+01   3.346347E+00  -4.166154E+00        14
   4.945158E+03   1.225013E+06   1.608718E+01   1.608718E+01   1.787464E+01   1.514281E+01  -1.000000E+01   3.346347E+00  -4.166154E+00        14
   4.955158E+03   1.229968E+06   1.608718E+01   1.608718E+01   1.787464E+01   1.514281E+01  -1.000000E+01   3.346347E+00  -4.166154E+00        14
   4.965158E+03   1.234932E+06   1.608718E+01   1.608718E+01   1.787464E+01   1.514281E+01  -1.000000E+01   3.346347E+00  -4.166154E+00        14
   4.975158E+03   1.239907E+06   1.608718E+01   1.608718E+01   1.787464E+01   1.514281E+01  -1.000000E+01   3.346347E+00  -4.166154E+00        14
   4.985158E+03   1.244892E+06   1.608718E+01   1.608718E+01   1.787464E+01   1.514281E+01  -1.000000E+01   3.346347E+00  -4.166154E+00        14
   4.995158E+03   1.249887E+06   1.608718E+01   1.608718E+01   1.787464E+01   1.514281E+01  -1.000000E+01   3.346347E+00  -4.166154E+00        14
   5.005158E+03   1.254891E+06   1.608718E+01   1.608718E+01   1.787464E+01   1.514281E+01  -1.000000E+01   3.346347E+00  -4.166154E+00        14
   5.015158E+03   1.259906E+06   1.608718E+01   1.608718E+01   1.787464E+01   1.514281E+01  -1.000000E+01   3.346347E+00  -4.166154E+00        14
   5.025158E+03   1.264931E+06   1.608718E+01   1.608718E+01   1.787464E+01   1.514281E+01  -1.000000E+01   3.346347E+00  -4.166154E+00        14
   5.035158E+03   1.269966E+06   1.608718E+01   1.608718E+01   1.787464E+01   1.514281E+01  -1.000000E+01   3.346347E+00  -4.166154E+00        14
   5.045158E+03   1.275011E+06   1.608718E+01   1.608718E+01   1.787464E+01   1.514281E+01  -1.000000E+01   3.346347E+00  -4.166154E+00        14
   5.055158E+03   1.280065E+06   1.608718E+01   1.608718E+01   1.787464E+01   1.514281E+01  -1.000000E+01   3.346347E+00  -4.166154E+00        14
   5.065158E+03   1.285130E+06   1.608718E+01   1.608718E+01   1.787464E+01   1.514281E+01  -1.000000E+01   3.346347E+00  -4.166154E+00        14
   5.075158E+03   1.290205E+06   1.608718E+01   1.608718E+01   1.787464E+01   1.514281E+01  -1.000000E+01   3.346347E+00  -4.166154E+00        14
   5.085158E+03   1.295290E+06   1.608718E+01   1.608718E+01   1.787464E+01   1.514281E+01  -1.000000E+01   3.346347E+00  -4.166154E+00        14
   5.095158E+03   1.300385E+06   1.608718E+01   1.608718E+01   1.787464E+01   1.514281E+01  -1.000000E+01   3.346347E+00  -4.166154E+00        14
   5.105158E+03   1.305489E+06   1.608718E+01   1.608718E+01   1.787464E+01   1.514281E+01  -1.000000E+01   3.346347E+00  -4.166154E+00        14
   5.115158E+03   1.310604E+06   1.608718E+01   1.608718E+01   1.787464E+01   1.514281E+01  -1.000000E+01   3.346347E+00  -4.166154E+00        14
   5.125158E+03   1.315729E+06   1.608718E+01   1.608718E+01   1.787464E+01   1.514281E+01  -1.000000E+01   3.346347E+00  -4.166154E+00        14
   5.135158E+03   1.320864E+06   1.608718E+01   1.608718E+01   1.787464E+01   1.514281E+01  -1.000000E+01   3.346347E+00  -4.166154E+00        14
   5.145158E+03   1.326008E+06   1.608718E+01   1.608718E+01   1.787464E+01   1.514281E+01  -1.000000E+01   3.346347E+00  -4.166154E+00        14
   5.155158E+03   1.331163E+06   1.608718E+01   1.608718E+01   1.787464E+01   1.514281E+01  -1.000000E+01   3.346347E+00  -4.166154E+00        14
   5.165158E+03   1.336328E+06   1.608718E+01   1.608718E+01   1.787464E+01   1.514281E+01  -1.000000E+01   3.346347E+00  -4.166154E+00        14
   5.175158E+03   1.341503E+06   1.608718E+01   1.608718E+01   1.787464E+01   1.514281E+01  -1.000000E+01   3.346347E+00  -4.166154E+00        14
   5.185158E+03   1.346688E+06   1.608718E+01   1.608718E+01   1.787464E+01   1.514281E+01  -1.000000E+01   3.346347E+00  -4.166154E+00        14
   5.195158E+03   1.351882E+06   1.608718E+01   1.608718E+01   1.787464E+01   1.514281E+01  -1.000000E+01   3.346347E+00  -4.166154E+00        14
   5.205158E+03   1.357087E+06   1.608718E+01   1.608718E+01   1.787464E+01   1.514281E+01  -1.000000E+01   3.346347E+00  -4.166154E+00        14
   5.215158E+03   1.362302E+06   1.608718E+01   1.608718E+01   1.787464E+01   1.514281E+01  -1.000000E+01   3.346347E+00  -4.166154E+00        14
   5.225158E+03   1.367527E+06   1.608718E+01   1.608718E+01   1.787464E+01   1.514281E+01  -1.000000E+01   3.346347E+00  -4.166154E+00        14
   5.235158E+03   1.372761E+06   1.608718E+01   1.608718E+01   1.787464E+01   1.514281E+01  -1.000000E+01   3.346347E+00  -4.166154E+00        14
   5.245158E+03   1.378006E+06   1.608718E+01   1.608718E+01   1.787464E+01   1.514281E+01  -1.000000E+01   3.346347E+00  -4.166154E+00        14
   5.255158E+03   1.383261E+06   1.608718E+01   1.608718E+01   1.787464E+01   1.514281E+01  -1.000000E+01   3.346347E+00  -4.166154E+00        14
   5.265158E+03   1.388526E+06   1.608718E+01   1.608718E+01   1.787464E+01   1.514281E+01  -1.000000E+01   3.346347E+00  -4.166154E+00        14
   5.275158E+03   1.393801E+06   1.608718E+01   1.608718E+01   1.787464E+01   1.514281E+01  -1.000000E+01   3.346347E+00  -4.166154E+00        14
   5.285158E+03   1.399085E+06   1.608718E+01   1.608718E+01   1.787464E+01   1.514281E+01  -1.000000E+01   3.346347E+00  -4.166154E+00        14
   5.295158E+03   1.404380E+06   1.608718E+01   1.608718E+01   1.787464E+01   1.514281E+01  -1.000000E+01   3.346347E+00  -4.166154E+00        14
   5.305158E+03   1.409685E+06   1.608718E+01   1.608718E+01   1.787464E+01   1.514281E+01  -1.000000E+01   3.346347E+00  -4.166154E+00        14
   5.315158E+03   1.415000E+06   1.608718E+01   1.608718E+01   1.787464E+01   1.514281E+01  -1.000000E+01   3.346347E+00  -4.166154E+00        14
   5.325158E+03   1.420325E+06   1.608718E+01   1.608718E+01   1.787464E+01   1.514281E+01  -1.000000E+01   3.346347E+00  -4.166154E+00        14
   5.335158E+03   1.425659E+06   1.608718E+01   1.608718E+01   1.787464E+01   1.514281E+01  -1.000000E+01   3.346347E+00  -4.166154E+00        14
   5.345158E+03   1.431004E+06   1.608718E+01   1.608718E+01   1.787464E+01   1.514281E+01  -1.000000E+01   3.346347E+00  -4.166154E+00        14
   5.355158E+03   1.436359E+06   1.608718E+01   1.608718E+01   1.787464E+01   1.514281E+01  -1.000000E+01   3.346347E+00  -4.166154E+00        14
   5.365158E+03   1.441724E+06   1.608718E+01   1.608718E+01   1.787464E+01   1.514281E+01  -1.000000E+01   3.346347E+00  -4.166154E+00        14
   5.375158E+03   1.447098E+06   1.608718E+01   1.608718E+01   1.787464E+01   1.514281E+01  -1.000000E+01   3.346347E+00  -4.166154E+00        14
   5.385158E+03   1.452483E+06   1.608718E+01   1.608718E+01   1.787464E+01   1.514281E+01  -1.000000E+01   3.346347E+00  -4.166154E+00        14
   5.395158E+03   1.457878E+06   1.608718E+01   1.608718E+01   1.787464E+01   1.514281E+01  -1.000000E+01   3.346347E+00  -4.166154E+00        14
   5.405158E+03   1.463283E+06   1.608718E+01   1.608718E+01   1.787464E+01   1.514281E+01  -1.000000E+01   3.346347E+00  -4.166154E+00        14
   5.415158E+03   1.468698E+06   1.608718E+01   1.608718E+01   1.787464E+01   1.514281E+01  -1.000000E+01   3.346347E+00  -4.166154E+00        14
   5.425158E+03   1.474122E+06   1.608718E+01   1.608718E+01   1.787464E+01   1.514281E+01  -1.000000E+01   3.346347E+00  -4.166154E+00        14
   5.435158E+03   1.479557E+06   1.608718E+01   1.608718E+01   1.787464E+01   1.514281E+01  -1.000000E+01   3.346347E+00  -4.166154E+00        14
   5.445158E+03   1.485002E+06   1.608718E+01   1.608718E+01   1.787464E+01   1.514281E+01  -1.000000E+01   3.346347E+00  -4.166154E+00        14
   5.455158E+03   1.490457E+06   1.608718E+01   1.608718E+01   1.787464E+01   1.514281E+01  -1.000000E+01   3.346347E+00  -4.166154E+00        14
   5.465158E+03   1.495921E+06   1.608718E+01   1.608718E+01   1.787464E+01   1.514281E+01  -1.000000E+01   3.346347E+00  -4.166154E+00        14
   5.475158E+03   1.501396E+06   1.608718E+01   1.608718E+01   1.787464E+01   1.514281E+01  -1.000000E+01   3.346347E+00  -4.166154E+00        14
   5.485158E+03   1.506881E+06   1.608718E+01   1.608718E+01   1.787464E+01   1.514281E+01  -1.000000E+01   3.346347E+00  -4.166154E+00        14
   5.495158E+03   1.512376E+06   1.608718E+01   1.608718E+01   1.787464E+01   1.514281E+01  -1.000000E+01   3.346347E+00  -4.166154E+00        14
   5.505158E+03   1.517881E+06   1.608718E+01   1.608718E+01   1.787464E+01   1.514281E+01  -1.000000E+01   3.346347E+00  -4.166154E+00        14
   5.515158E+03   1.523395E+06   1.608718E+01   1.608718E+01   1.787464E+01   1.514281E+01  -1.000000E+01   3.346347E+00  -4.166154E+00        14
   5.525158E+03   1.528920E+06   1.608718E+01   1.608718E+01   1.787464E+01   1.514281E+01  -1.000000E+01   3.346347E+00  -4.166154E+00        14
   5.535158E+03   1.534455E+06   1.608718E+01   1.608718E+01   1.787464E+01   1.514281E+01  -1.000000E+01   3.346347E+00  -4.166154E+00        14
   5.545158E+03   1.540000E+06   1.608718E+01   1.608718E+01   1.787464E+01   1.514281E+01  -1.000000E+01   3.346347E+00  -4.166154E+00        14
   5.555158E+03   1.545555E+06   1.608718E+01   1.608718E+01   1.787464E+01   1.514281E+01  -1.000000E+01   3.346347E+00  -4.166154E+00        14
   5.565158E+03   1.551119E+06   1.608718E+01   1.608718E+01   1.787464E+01   1.514281E+01  -1.000000E+01   3.346347E+00  -4.166154E+00        14
   5.575158E+03   1.556694E+06   1.608718E+01   1.608718E+01   1.787464E+01   1.514281E+01  -1.000000E+01   3.346347E+00  -4.166154E+00        14
   5.585158E+03   1.562279E+06   1.608718E+01   1.608718E+01   1.787464E+01   1.514281E+01  -1.000000E+01   3.346347E+00  -4.166154E+00        14
   5.595158E+03   1.567874E+06   1.608718E+01   1.608718E+01   1.787464E+01   1.514281E+01  -1.000000E+01   3.346347E+00  -4.166154E+00        14
   5.605158E+03   1.573478E+06   1.608718E+01   1.608718E+01   1.787464E+01   1.514281E+01  -1.000000E+01   3.346347E+00  -4.166154E+00        14
   5.615158E+03   1.579093E+06   1.608718E+01   1.608718E+01   1.787464E+01   1.514281E+01  -1.000000E+01   3.346347E+00  -4.166154E+00        14
   5.625158E+03   1.584718E+06   1.608718E+01   1.608718E+01   1.787464E+01   1.514281E+01  -1.000000E+01   3.346347E+00  -4.166154E+00        14
   5.635158E+03   1.590353E+06   1.608718E+01   1.608718E+01   1.787464E+01   1.514281E+01  -1.000000E+01   3.346347E+00  -4.166154E+00        14
   5.645158E+03   1.595998E+06   1.608718E+01   1.608718E+01   1.787464E+01   1.514281E+01  -1.000000E+01   3.346347E+00  -4.166154E+00        14
   5.655158E+03   1.601652E+06   1.608718E+01   1.608718E+01   1.787464E+01   1.514281E+01  -1.000000E+01   3.346347E+00  -4.166154E+00        14
   5.665158E+03   1.607317E+06   1.608718E+01   1.608718E+01   1.787464E+01   1.514281E+01  -1.000000E+01   3.346347E+00  -4.166154E+00        14
   5.675158E+03   1.612992E+06   1.608718E+01   1.608718E+01   1.787464E+01   1.514281E+01  -1.000000E+01   3.346347E+00  -4.166154E+00        14
   5.685158E+03   1.618677E+06   1.608718E+01   1.608718E+01   1.787464E+01   1.514281E+01  -1.000000E+01   3.346347E+00  -4.166154E+00        14
   5.695158E+03   1.624371E+06   1.608718E+01   1.608718E+01   1.787464E+01   1.514281E+01  -1.000000E+01   3.346347E+00  -4.166154E+00        14
   5.705158E+03   1.630076E+06   1.608718E+01   1.608718E+01   1.787464E+01   1.514281E+01  -1.000000E+01   3.346347E+00  -4.166154E+00        14
   5.715158E+03   1.635791E+06   1.608718E+01   1.608718E+01   1.787464E+01   1.514281E+01  -1.000000E+01   3.346347E+00  -4.166154E+00        14
   5.725158E+03   1.641516E+06   1.608718E+01   1.608718E+01   1.787464E+01   1.514281E+01  -1.000000E+01   3.346347E+00  -4.166154E+00        14
   5.735158E+03   1.647251E+06   1.608718E+01   1.608718E+01   1.787464E+01   1.514281E+01  -1.000000E+01   3.346347E+00  -4.166154E+00        14
   5.745158E+03   1.652995E+06   1.608718E+01   1.608718E+01   1.787464E+01   1.514281E+01  -1.000000E+01   3.346347E+00  -4.166154E+00        14
   5.755158E+03   1.658750E+06   1.608718E+01   1.608718E+01   1.787464E+01   1.514281E+01  -1.000000E+01   3.346347E+00  -4.166154E+00        14
   5.765158E+03   1.664515E+06   1.608718E+01   1.608718E+01   1.787464E+01   1.514281E+01  -1.000000E+01   3.346347E+00  -4.166154E+00        14
   5.775158E+03   1.670290E+06   1.608718E+01   1.608718E+01   1.787464E+01   1.514281E+01  -1.000000E+01   3.346347E+00  -4.166154E+00        14
   5.785158E+03   1.676075E+06   1.608718E+01   1.608718E+01   1.787464E+01   1.514281E+01  -1.000000E+01   3.346347E+00  -4.166154E+00        14
   5.795158E+03   1.681869E+06   1.608718E+01   1.608718E+01   1.787464E+01   1.514281E+01  -1.000000E+01   3.346347E+00  -4.166154E+00        14
   5.805158E+03   1.687674E+06   1.608718E+01   1.608718E+01   1.787464E+01   1.514281E+01  -1.000000E+01   3.346347E+00  -4.166154E+00        14
   5.815158E+03   1.693489E+06   1.608718E+01   1.608718E+01   1.787464E+01   1.514281E+01  -1.000000E+01   3.346347E+00  -4.166154E+00        14
   5.825158E+03   1.699314E+06   1.608718E+01   1.608718E+01   1.787464E+01   1.514281E+01  -1.000000E+01   3.346347E+00  -4.166154E+00        14
   5.835158E+03   1.705148E+06   1.608718E+01   1.608718E+01   1.787464E+01   1.514281E+01  -1.000000E+01   3.346347E+00  -4.166154E+00        14
   5.845158E+03   1.710993E+06   1.608718E+01   1.608718E+01   1.787464E+01   1.514281E+01  -1.000000E+01   3.346347E+00  -4.166154E+00        14
   5.855158E+03   1.716848E+06   1.608718E+01   1.608718E+01   1.787464E+01   1.514281E+01  -1.000000E+01   3.346347E+00  -4.166154E+00        14
   5.865158E+03   1.722713E+06   1.608718E+01   1.608718E+01   1.787464E+01   1.514281E+01  -1.000000E+01   3.346347E+00  -4.166154E+00        14
   5.875158E+03   1.728588E+06   1.608718E+01   1.608718E+01   1.787464E+01   1.514281E+01  -1.000000E+01   3.346347E+00  -4.166154E+00        14
   5.885158E+03   1.734472E+06   1.608718E+01   1.608718E+01   1.787464E+01   1.514281E+01  -1.000000E+01   3.346347E+00  -4.166154E+00        14
   5.895158E+03   1.740367E+06   1.608718E+01   1.608718E+01   1.787464E+01   1.514281E+01  -1.000000E+01   3.346347E+00  -4.166154E+00        14
   5.905158E+03   1.746272E+06   1.608718E+01   1.608718E+01   1.787464E+01   1.514281E+01  -1.000000E+01   3.346347E+00  -4.166154E+00        14
   5.915158E+03   1.752187E+06   1.608718E+01   1.608718E+01   1.787464E+01   1.514281E+01  -1.000000E+01   3.346347E+00  -4.166154E+00        14
   5.925158E+03   1.758112E+06   1.608718E+01   1.608718E+01   1.787464E+01   1.514281E+01  -1.000000E+01   3.346347E+00  -4.166154E+00        14
   5.935158E+03   1.764046E+06   1.608718E+01   1.608718E+01   1.787464E+01   1.514281E+01  -1.000000E+01   3.346347E+00  -4.166154E+00        14
   5.945158E+03   1.769991E+06   1.608718E+01   1.608718E+01   1.787464E+01   1.514281E+01  -1.000000E+01   3.346347E+00  -4.166154E+00        14
   5.955158E+03   1.775946E+06   1.608718E+01   1.608718E+01   1.787464E+01   1.514281E+01  -1.000000E+01   3.346347E+00  -4.166154E+00        14
   5.965158E+03   1.781911E+06   1.608718E+01   1.608718E+01   1.787464E+01   1.514281E+01  -1.000000E+01   3.346347E+00  -4.166154E+00        14
   5.975158E+03   1.787885E+06   1.608718E+01   1.608718E+01   1.787464E+01   1.514281E+01  -1.000000E+01   3.346347E+00  -4.166154E+00        14
   5.985158E+03   1.793870E+06   1.608718E+01   1.608718E+01   1.787464E+01   1.514281E+01  -1.000000E+01   3.346347E+00  -4.166154E+00        14
   5.995158E+03   1.799865E+06   1.608718E+01   1.608718E+01   1.787464E+01   1.514281E+01  -1.000000E+01   3.346347E+00  -4.166154E+00        14
   6.005158E+03   1.805870E+06   1.608718E+01   1.608718E+01   1.787464E+01   1.514281E+01  -1.000000E+01   3.346347E+00  -4.166154E+00        14
   6.015158E+03   1.811885E+06   1.608718E+01   1.608718E+01   1.787464E+01   1.514281E+01  -1.000000E+01   3.346347E+00  -4.166154E+00        14
   6.025158E+03   1.817909E+06   1.608718E+01   1.608718E+01   1.787464E+01   1.514281E+01  -1.000000E+01   3.346347E+00  -4.166154E+00        14
   6.035158E+03   1.823944E+06   1.608718E+01   1.608718E+01   1.787464E+01   1.514281E+01  -1.000000E+01   3.346347E+00  -4.166154E+00        14
   6.045158E+03   1.829989E+06   1.608718E+01   1.608718E+01   1.787464E+01   1.514281E+01  -1.000000E+01   3.346347E+00  -4.166154E+00        14
   6.055158E+03   1.836044E+06   1.608718E+01   1.608718E+01   1.787464E+01   1.514281E+01  -1.000000E+01   3.346347E+00  -4.166154E+00        14
   6.065158E+03   1.842108E+06   1.608718E+01   1.608718E+01   1.787464E+01   1.514281E+01  -1.000000E+01   3.346347E+00  -4.166154E+00        14
   6.075158E+03   1.848183E+06   1.608718E+01   1.608718E+01   1.787464E+01   1.514281E+01  -1.000000E+01   3.346347E+00  -4.166154E+00        14
   6.085158E+03   1.854268E+06   1.608718E+01   1.608718E+01   1.787464E+01   1.514281E+01  -1.000000E+01   3.346347E+00  -4.166154E+00        14
   6.095158E+03   1.860363E+06   1.608718E+01   1.608718E+01   1.787464E+01   1.514281E+01  -1.000000E+01   3.346347E+00  -4.166154E+00        14
   6.105158E+03   1.866468E+06   1.608718E+01   1.608718E+01   1.787464E+01   1.514281E+01  -1.000000E+01   3.346347E+00  -4.166154E+00        14
   6.115158E+03   1.872582E+06   1.608718E+01   1.608718E+01   1.787464E+01   1.514281E+01  -1.000000E+01   3.346347E+00  -4.166154E+00        14
   6.125158E+03   1.878707E+06   1.608718E+01   1.608718E+01   1.787464E+01   1.514281E+01  -1.000000E+01   3.346347E+00  -4.166154E+00        14
   6.135158E+03   1.884842E+06   1.608718E+01   1.608718E+01   1.787464E+01   1.514281E+01  -1.000000E+01   3.346347E+00  -4.166154E+00        14
   6.145158E+03   1.890987E+06   1.608718E+01   1.608718E+01   1.787464E+01   1.514281E+01  -1.000000E+01   3.346347E+00  -4.166154E+00        14
   6.155158E+03   1.897142E+06   1.608718E+01   1.608718E+01   1.787464E+01   1.514281E+01  -1.000000E+01   3.346347E+00  -4.166154E+00        14
   6.165158E+03   1.903306E+06   1.608718E+01   1.608718E+01   1.787464E+01   1.514281E+01  -1.000000E+01   3.346347E+00  -4.166154E+00        14
   6.175158E+03   1.909481E+06   1.608718E+01   1.608718E+01   1.787464E+01   1.514281E+01  -1.000000E+01   3.346347E+00  -4.166154E+00        14
   6.185158E+03   1.915666E+06   1.608718E+01   1.608718E+01   1.787464E+01   1.514281E+01  -1.000000E+01   3.346347E+00  -4.166154E+00        14
   6.195158E+03   1.921861E+06   1.608718E+01   1.608718E+01   1.787464E+01   1.514281E+01  -1.000000E+01   3.346347E+00  -4.166154E+00        14
   6.205158E+03   1.928065E+06   1.608718E+01   1.608718E+01   1.787464E+01   1.514281E+01  -1.000000E+01   3.346347E+00  -4.166154E+00        14
   6.215158E+03   1.934280E+06   1.608718E+01   1.608718E+01   1.787464E+01   1.514281E+01  -1.000000E+01   3.346347E+00  -4.166154E+00        14
   6.225158E+03   1.940505E+06   1.608718E+01   1.608718E+01   1.787464E+01   1.514281E+01  -1.000000E+01   3.346347E+00  -4.166154E+00        14
   6.235158E+03   1.946740E+06   1.608718E+01   1.608718E+01   1.787464E+01   1.514281E+01  -1.000000E+01   3.346347E+00  -4.166154E+00        14
   6.245158E+03   1.952985E+06   1.608718E+01   1.608718E+01   1.787464E+01   1.514281E+01  -1.000000E+01   3.346347E+00  -4.166154E+00        14
   6.255158E+03   1.959239E+06   1.608718E+01   1.608718E+01   1.787464E+01   1.514281E+01  -1.000000E+01   3.346347E+00  -4.166154E+00        14
   6.265158E+03   1.965504E+06   1.608718E+01   1.608718E+01   1.787464E+01   1.514281E+01  -1.000000E+01   3.346347E+00  -4.166154E+00        14
   6.275158E+03   1.971779E+06   1.608718E+01   1.608718E+01   1.787464E+01   1.514281E+01  -1.000000E+01   3.346347E+00  -4.166154E+00        14
   6.285158E+03   1.978064E+06   1.608718E+01   1.608718E+01   1.787464E+01   1.514281E+01  -1.000000E+01   3.346347E+00  -4.166154E+00        14
   6.295158E+03   1.984358E+06   1.608718E+01   1.608718E+01   1.787464E+01   1.514281E+01  -1.000000E+01   3.346347E+00  -4.166154E+00        14
   6.305158E+03   1.990663E+06   1.608718E+01   1.608718E+01   1.787464E+01   1.514281E+01  -1.000000E+01   3.346347E+00  -4.166154E+00        14
   6.315158E+03   1.996978E+06   1.608718E+01   1.608718E+01   1.787464E+01   1.514281E+01  -1.000000E+01   3.346347E+00  -4.166154E+00        14
   6.325158E+03   2.003303E+06   1.608718E+01   1.608718E+01   1.787464E+01   1.514281E+01  -1.000000E+01   3.346347E+00  -4.166154E+00        14
   6.335158E+03   2.009638E+06   1.608718E+01   1.608718E+01   1.787464E+01   1.514281E+01  -1.000000E+01   3.346347E+00  -4.166154E+00        14
   6.345158E+03   2.015982E+06   1.608718E+01   1.608718E+01   1.787464E+01   1.514281E+01  -1.000000E+01   3.346347E+00  -4.166154E+00        14
   6.355158E+03   2.022337E+06   1.608718E+01   1.608718E+01   1.787464E+01   1.514281E+01  -1.000000E+01   3.346347E+00  -4.166154E+00        14
   6.365158E+03   2.028702E+06   1.608718E+01   1.608718E+01   1.787464E+01   1.514281E+01  -1.000000E+01   3.346347E+00  -4.166154E+00        14
   6.375158E+03   2.035077E+06   1.608718E+01   1.608718E+01   1.787464E+01   1.514281E+01  -1.000000E+01   3.346347E+00  -4.166154E+00        14
   6.385158E+03   2.041462E+06   1.608718E+01   1.608718E+01   1.787464E+01   1.514281E+01  -1.000000E+01   3.346347E+00  -4.166154E+00        14
   6.395158E+03   2.047856E+06   1.608718E+01   1.608718E+01   1.787464E+01   1.514281E+01  -1.000000E+01   3.346347E+00  -4.166154E+00        14
   6.405158E+03   2.054261E+06   1.608718E+01   1.608718E+01   1.787464E+01   1.514281E+01  -1.000000E+01   3.346347E+00  -4.166154E+00        14
   6.415158E+03   2.060676E+06   1.608718E+01   1.608718E+01   1.787464E+01   1.514281E+01  -1.000000E+01   3.346347E+00  -4.166154E+00        14
   6.425158E+03   2.067101E+06   1.608718E+01   1.608718E+01   1.787464E+01   1.514281E+01  -1.000000E+01   3.346347E+00  -4.166154E+00        14
   6.435158E+03   2.073535E+06   1.608718E+01   1.608718E+01   1.787464E+01   1.514281E+01  -1.000000E+01   3.346347E+00  -4.166154E+00        14
   6.445158E+03   2.079980E+06   1.608718E+01   1.608718E+01   1.787464E+01   1.514281E+01  -1.000000E+01   3.346347E+00  -4.166154E+00        14
   6.455158E+03   2.086435E+06   1.608718E+01   1.608718E+01   1.787464E+01   1.514281E+01  -1.000000E+01   3.346347E+00  -4.166154E+00        14
   6.465158E+03   2.092900E+06   1.608718E+01   1.608718E+01   1.787464E+01   1.514281E+01  -1.000000E+01   3.346347E+00  -4.166154E+00        14
   6.475158E+03   2.099375E+06   1.608718E+01   1.608718E+01   1.787464E+01   1.514281E+01  -1.000000E+01   3.346347E+00  -4.166154E+00        14
   6.485158E+03   2.105859E+06   1.608718E+01   1.608718E+01   1.787464E+01   1.514281E+01  -1.000000E+01   3.346347E+00  -4.166154E+00        14
   6.495158E+03   2.112354E+06   1.608718E+01   1.608718E+01   1.787464E+01   1.514281E+01  -1.000000E+01   3.346347E+00  -4.166154E+00        14
   6.505158E+03   2.118859E+06   1.608718E+01   1.608718E+01   1.787464E+01   1.514281E+01  -1.000000E+01   3.346347E+00  -4.166154E+00        14
   6.515158E+03   2.125374E+06   1.608718E+01   1.608718E+01   1.787464E+01   1.514281E+01  -1.000000E+01   3.346347E+00  -4.166154E+00        14
   6.525158E+03   2.131898E+06   1.608718E+01   1.608718E+01   1.787464E+01   1.514281E+01  -1.000000E+01   3.346347E+00  -4.166154E+00        14
   6.535158E+03   2.138433E+06   1.608718E+01   1.608718E+01   1.787464E+01   1.514281E+01  -1.000000E+01   3.346347E+00  -4.166154E+00        14
   6.545158E+03   2.144978E+06   1.608718E+01   1.608718E+01   1.787464E+01   1.514281E+01  -1.000000E+01   3.346347E+00  -4.166154E+00        14
   6.555158E+03   2.151533E+06   1.608718E+01   1.608718E+01   1.787464E+01   1.514281E+01  -1.000000E+01   3.346347E+00  -4.166154E+00        14
   6.565158E+03   2.158098E+06   1.608718E+01   1.608718E+01   1.787464E+01   1.514281E+01  -1.000000E+01   3.346347E+00  -4.166154E+00        14
   6.575158E+03   2.164672E+06   1.608718E+01   1.608718E+01   1.787464E+01   1.514281E+01  -1.000000E+01   3.346347E+00  -4.166154E+00        14
   6.585158E+03   2.171257E+06   1.608718E+01   1.608718E+01   1.787464E+01   1.514281E+01  -1.000000E+01   3.346347E+00  -4.166154E+00        14
   6.595158E+03   2.177852E+06   1.608718E+01   1.608718E+01   1.787464E+01   1.514281E+01  -1.000000E+01   3.346347E+00  -4.166154E+00        14
   6.605158E+03   2.184457E+06   1.608718E+01   1.608718E+01   1.787464E+01   1.514281E+01  -1.000000E+01   3.346347E+00  -4.166154E+00        14
   6.615158E+03   2.191072E+06   1.608718E+01   1.608718E+01   1.787464E+01   1.514281E+01  -1.000000E+01   3.346347E+00  -4.166154E+00        14
   6.625158E+03   2.197696E+06   1.608718E+01   1.608718E+01   1.787464E+01   1.514281E+01  -1.000000E+01   3.346347E+00  -4.166154E+00        14
   6.635158E+03   2.204331E+06   1.608718E+01   1.608718E+01   1.787464E+01   1.514281E+01  -1.000000E+01   3.346347E+00  -4.166154E+00        14
   6.645158E+03   2.210976E+06   1.608718E+01   1.608718E+01   1.787464E+01   1.514281E+01  -1.000000E+01   3.346347E+00  -4.166154E+00        14
   6.655158E+03   2.217631E+06   1.608718E+01   1.608718E+01   1.787464E+01   1.514281E+01  -1.000000E+01   3.346347E+00  -4.166154E+00        14
   6.665158E+03   2.224295E+06   1.608718E+01   1.608718E+01   1.787464E+01   1.514281E+01  -1.000000E+01   3.346347E+00  -4.166154E+00        14
   6.675158E+03   2.230970E+06   1.608718E+01   1.608718E+01   1.787464E+01   1.514281E+01  -1.000000E+01   3.346347E+00  -4.166154E+00        14
   6.685158E+03   2.237655E+06   1.608718E+01   1.608718E+01   1.787464E+01   1.514281E+01  -1.000000E+01   3.346347E+00  -4.166154E+00        14
   6.695158E+03   2.244350E+06   1.608718E+01   1.608718E+01   1.787464E+01   1.514281E+01  -1.000000E+01   3.346347E+00  -4.166154E+00        14
   6.705158E+03   2.251055E+06   1.608718E+01   1.608718E+01   1.787464E+01   1.514281E+01  -1.000000E+01   3.346347E+00  -4.166154E+00        14
   6.715158E+03   2.257769E+06   1.608718E+01   1.608718E+01   1.787464E+01   1.514281E+01  -1.000000E+01   3.346347E+00  -4.166154E+00        14
   6.725158E+03   2.264494E+06   1.608718E+01   1.608718E+01   1.787464E+01   1.514281E+01  -1.000000E+01   3.346347E+00  -4.166154E+00        14
   6.735158E+03   2.271229E+06   1.608718E+01   1.608718E+01   1.787464E+01   1.514281E+01  -1.000000E+01   3.346347E+00  -4.166154E+00        14
   6.745158E+03   2.277974E+06   1.608718E+01   1.608718E+01   1.787464E+01   1.514281E+01  -1.000000E+01   3.346347E+00  -4.166154E+00        14
   6.755158E+03   2.284728E+06   1.608718E+01   1.608718E+01   1.787464E+01   1.514281E+01  -1.000000E+01   3.346347E+00  -4.166154E+00        14
   6.765158E+03   2.291493E+06   1.608718E+01   1.608718E+01   1.787464E+01   1.514281E+01  -1.000000E+01   3.346347E+00  -4.166154E+00        14
   6.775158E+03   2.298268E+06   1.608718E+01   1.608718E+01   1.787464E+01   1.514281E+01  -1.000000E+01   3.346347E+00  -4.166154E+00        14
   6.785158E+03   2.305053E+06   1.608718E+01   1.608718E+01   1.787464E+01   1.514281E+01  -1.000000E+01   3.346347E+00  -4.166154E+00        14
   6.795158E+03   2.311848E+06   1.608718E+01   1.608718E+01   1.787464E+01   1.514281E+01  -1.000000E+01   3.346347E+00  -4.166154E+00        14
   6.805158E+03   2.318652E+06   1.608718E+01   1.608718E+01   1.787464E+01   1.514281E+01  -1.000000E+01   3.346347E+00  -4.166154E+00        14
   6.815158E+03   2.325467E+06   1.608718E+01   1.608718E+01   1.787464E+01   1.514281E+01  -1.000000E+01   3.346347E+00  -4.166154E+00        14
   6.825158E+03   2.332292E+06   1.608718E+01   1.608718E+01   1.787464E+01   1.514281E+01  -1.000000E+01   3.346347E+00  -4.166154E+00        14
   6.835158E+03   2.339127E+06   1.608718E+01   1.608718E+01   1.787464E+01   1.514281E+01  -1.000000E+01   3.346347E+00  -4.166154E+00        14
   6.845158E+03   2.345972E+06   1.608718E+01   1.608718E+01   1.787464E+01   1.514281E+01  -1.000000E+01   3.346347E+00  -4.166154E+00        14
   6.855158E+03   2.352826E+06   1.608718E+01   1.608718E+01   1.787464E+01   1.514281E+01  -1.000000E+01   3.346347E+00  -4.166154E+00        14
   6.865158E+03   2.359691E+06   1.608718E+01   1.608718E+01   1.787464E+01   1.514281E+01  -1.000000E+01   3.346347E+00  -4.166154E+00        14
   6.875158E+03   2.366566E+06   1.608718E+01   1.608718E+01   1.787464E+01   1.514281E+01  -1.000000E+01   3.346347E+00  -4.166154E+00        14
   6.885158E+03   2.373451E+06   1.608718E+01   1.608718E+01   1.787464E+01   1.514281E+01  -1.000000E+01   3.346347E+00  -4.166154E+00        14
   6.895158E+03   2.380345E+06   1.608718E+01   1.608718E+01   1.787464E+01   1.514281E+01  -1.000000E+01   3.346347E+00  -4.166154E+00        14
   6.905158E+03   2.387250E+06   1.608718E+01   1.608718E+01   1.787464E+01   1.514281E+01  -1.000000E+01   3.346347E+00  -4.166154E+00        14
   6.915158E+03   2.394165E+06   1.608718E+01   1.608718E+01   1.787464E+01   1.514281E+01  -1.000000E+01   3.346347E+00  -4.166154E+00        14
   6.925158E+03   2.401090E+06   1.608718E+01   1.608718E+01   1.787464E+01   1.514281E+01  -1.000000E+01   3.346347E+00  -4.166154E+00        14
   6.935158E+03   2.408025E+06   1.608718E+01   1.608718E+01   1.787464E+01   1.514281E+01  -1.000000E+01   3.346347E+00  -4.166154E+00        14
   6.945158E+03   2.414969E+06   1.608718E+01   1.608718E+01   1.787464E+01   1.514281E+01  -1.000000E+01   3.346347E+00  -4.166154E+00        14
   6.955158E+03   2.421924E+06   1.608718E+01   1.608718E+01   1.787464E+01   1.514281E+01  -1.000000E+01   3.346347E+00  -4.166154E+00        14
   6.965158E+03   2.428889E+06   1.608718E+01   1.608718E+01   1.787464E+01   1.514281E+01  -1.000000E+01   3.346347E+00  -4.166154E+00        14
   6.975158E+03   2.435864E+06   1.608718E+01   1.608718E+01   1.787464E+01   1.514281E+01  -1.000000E+01   3.346347E+00  -4.166154E+00        14
   6.985158E+03   2.442848E+06   1.608718E+01   1.608718E+01   1.787464E+01   1.514281E+01  -1.000000E+01   3.346347E+00  -4.166154E+00        14
   6.995158E+03   2.449843E+06   1.608718E+01   1.608718E+01   1.787464E+01   1.514281E+01  -1.000000E+01   3.346347E+00  -4.166154E+00        14
   7.005158E+03   2.456848E+06   1.608718E+01   1.608718E+01   1.787464E+01   1.514281E+01  -1.000000E+01   3.346347E+00  -4.166154E+00        14
   7.015158E+03   2.463863E+06   1.608718E+01   1.608718E+01   1.787464E+01   1.514281E+01  -1.000000E+01   3.346347E+00  -4.166154E+00        14
   7.025158E+03   2.470888E+06   1.608718E+01   1.608718E+01   1.787464E+01   1.514281E+01  -1.000000E+01   3.346347E+00  -4.166154E+00        14
   7.035158E+03   2.477922E+06   1.608718E+01   1.608718E+01   1.787464E+01   1.514281E+01  -1.000000E+01   3.346347E+00  -4.166154E+00        14
   7.045158E+03   2.484967E+06   1.608718E+01   1.608718E+01   1.787464E+01   1.514281E+01  -1.000000E+01   3.346347E+00  -4.166154E+00        14
   7.055158E+03   2.492022E+06   1.608718E+01   1.608718E+01   1.787464E+01   1.514281E+01  -1.000000E+01   3.346347E+00  -4.166154E+00        14
   7.065158E+03   2.499087E+06   1.608718E+01   1.608718E+01   1.787464E+01   1.514281E+01  -1.000000E+01   3.346347E+00  -4.166154E+00        14
   7.075158E+03   2.506162E+06   1.608718E+01   1.608718E+01   1.787464E+01   1.514281E+01  -1.000000E+01   3.346347E+00  -4.166154E+00        14
   7.085158E+03   2.513246E+06   1.608718E+01   1.608718E+01   1.787464E+01   1.514281E+01  -1.000000E+01   3.346347E+00  -4.166154E+00        14
   7.095158E+03   2.520341E+06   1.608718E+01   1.608718E+01   1.787464E+01   1.514281E+01  -1.000000E+01   3.346347E+00  -4.166154E+00        14
   7.105158E+03   2.527446E+06   1.608718E+01   1.608718E+01   1.787464E+01   1.514281E+01  -1.000000E+01   3.346347E+00  -4.166154E+00        14
   7.115158E+03   2.534561E+06   1.608718E+01   1.608718E+01   1.787464E+01   1.514281E+01  -1.000000E+01   3.346347E+00  -4.166154E+00        14
   7.125158E+03   2.541685E+06   1.608718E+01   1.608718E+01   1.787464E+01   1.514281E+01  -1.000000E+01   3.346347E+00  -4.166154E+00        14
   7.135158E+03   2.548820E+06   1.608718E+01   1.608718E+01   1.787464E+01   1.514281E+01  -1.000000E+01   3.346347E+00  -4.166154E+00        14
   7.145158E+03   2.555965E+06   1.608718E+01   1.608718E+01   1.787464E+01   1.514281E+01  -1.000000E+01   3.346347E+00  -4.166154E+00        14
   7.155158E+03   2.563120E+06   1.608718E+01   1.608718E+01   1.787464E+01   1.514281E+01  -1.000000E+01   3.346347E+00  -4.166154E+00        14
   7.165158E+03   2.570285E+06   1.608718E+01   1.608718E+01   1.787464E+01   1.514281E+01  -1.000000E+01   3.346347E+00  -4.166154E+00        14
   7.175158E+03   2.577459E+06   1.608718E+01   1.608718E+01   1.787464E+01   1.514281E+01  -1.000000E+01   3.346347E+00  -4.166154E+00        14
   7.185158E+03   2.584644E+06   1.608718E+01   1.608718E+01   1.787464E+01   1.514281E+01  -1.000000E+01   3.346347E+00  -4.166154E+00        14
   7.195158E+03   2.591839E+06   1.608718E+01   1.608718E+01   1.787464E+01   1.514281E+01  -1.000000E+01   3.346347E+00  -4.166154E+00        14
   7.205158E+03   2.599044E+06   1.608718E+01   1.608718E+01   1.787464E+01   1.514281E+01  -1.000000E+01   3.346347E+00  -4.166154E+00        14
   7.215158E+03   2.606258E+06   1.608718E+01   1.608718E+01   1.787464E+01   1.514281E+01  -1.000000E+01   3.346347E+00  -4.166154E+00        14
   7.225158E+03   2.613483E+06   1.608718E+01   1.608718E+01   1.787464E+01   1.514281E+01  -1.000000E+01   3.346347E+00  -4.166154E+00        14
   7.235158E+03   2.620718E+06   1.608718E+01   1.608718E+01   1.787464E+01   1.514281E+01  -1.000000E+01   3.346347E+00  -4.166154E+00        14
   7.245158E+03   2.627963E+06   1.608718E+01   1.608718E+01   1.787464E+01   1.514281E+01  -1.000000E+01   3.346347E+00  -4.166154E+00        14
   7.255158E+03   2.635218E+06   1.608718E+01   1.608718E+01   1.787464E+01   1.514281E+01  -1.000000E+01   3.346347E+00  -4.166154E+00        14
   7.265158E+03   2.642482E+06   1.608718E+01   1.608718E+01   1.787464E+01   1.514281E+01  -1.000000E+01   3.346347E+00  -4.166154E+00        14
   7.275158E+03   2.649757E+06   1.608718E+01   1.608718E+01   1.787464E+01   1.514281E+01  -1.000000E+01   3.346347E+00  -4.166154E+00        14
   7.285158E+03   2.657042E+06   1.608718E+01   1.608718E+01   1.787464E+01   1.514281E+01  -1.000000E+01   3.346347E+00  -4.166154E+00        14
   7.295158E+03   2.664337E+06   1.608718E+01   1.608718E+01   1.787464E+01   1.514281E+01  -1.000000E+01   3.346347E+00  -4.166154E+00        14
   7.305158E+03   2.671642E+06   1.608718E+01   1.608718E+01   1.787464E+01   1.514281E+01  -1.000000E+01   3.346347E+00  -4.166154E+00        14
   7.315158E+03   2.678956E+06   1.608718E+01   1.608718E+01   1.787464E+01   1.514281E+01  -1.000000E+01   3.346347E+00  -4.166154E+00        14
   7.325158E+03   2.686281E+06   1.608718E+01   1.608718E+01   1.787464E+01   1.514281E+01  -1.000000E+01   3.346347E+00  -4.166154E+00        14
   7.335158E+03   2.693616E+06   1.608718E+01   1.608718E+01   1.787464E+01   1.514281E+01  -1.000000E+01   3.346347E+00  -4.166154E+00        14
   7.345158E+03   2.700961E+06   1.608718E+01   1.608718E+01   1.787464E+01   1.514281E+01  -1.000000E+01   3.346347E+00  -4.166154E+00        14
   7.355158E+03   2.708315E+06   1.608718E+01   1.608718E+01   1.787464E+01   1.514281E+01  -1.000000E+01   3.346347E+00  -4.166154E+00        14
   7.365158E+03   2.715680E+06   1.608718E+01   1.608718E+01   1.787464E+01   1.514281E+01  -1.000000E+01   3.346347E+00  -4.166154E+00        14
   7.375158E+03   2.723055E+06   1.608718E+01   1.608718E+01   1.787464E+01   1.514281E+01  -1.000000E+01   3.346347E+00  -4.166154E+00        14
   7.385158E+03   2.730440E+06   1.608718E+01   1.608718E+01   1.787464E+01   1.514281E+01  -1.000000E+01   3.346347E+00  -4.166154E+00        14
   7.395158E+03   2.737835E+06   1.608718E+01   1.608718E+01   1.787464E+01   1.514281E+01  -1.000000E+01   3.346347E+00  -4.166154E+00        14
   7.405158E+03   2.745239E+06   1.608718E+01   1.608718E+01   1.787464E+01   1.514281E+01  -1.000000E+01   3.346347E+00  -4.166154E+00        14
   7.415158E+03   2.752654E+06   1.608718E+01   1.608718E+01   1.787464E+01   1.514281E+01  -1.000000E+01   3.346347E+00  -4.166154E+00        14
   7.425158E+03   2.760079E+06   1.608718E+01   1.608718E+01   1.787464E+01   1.514281E+01  -1.000000E+01   3.346347E+00  -4.166154E+00        14
   7.435158E+03   2.767514E+06   1.608718E+01   1.608718E+01   1.787464E+01   1.514281E+01  -1.000000E+01   3.346347E+00  -4.166154E+00        14
   7.445158E+03   2.774959E+06   1.608718E+01   1.608718E+01   1.787464E+01   1.514281E+01  -1.000000E+01   3.346347E+00  -4.166154E+00        14
   7.455158E+03   2.782413E+06   1.608718E+01   1.608718E+01   1.787464E+01   1.514281E+01  -1.000000E+01   3.346347E+00  -4.166154E+00        14
   7.465158E+03   2.789878E+06   1.608718E+01   1.608718E+01   1.787464E+01   1.514281E+01  -1.000000E+01   3.346347E+00  -4.166154E+00        14
   7.475158E+03   2.797353E+06   1.608718E+01   1.608718E+01   1.787464E+01   1.514281E+01  -1.000000E+01   3.346347E+00  -4.166154E+00        14
   7.485158E+03   2.804838E+06   1.608718E+01   1.608718E+01   1.787464E+01   1.514281E+01  -1.000000E+01   3.346347E+00  -4.166154E+00        14
   7.495158E+03   2.812332E+06   1.608718E+01   1.608718E+01   1.787464E+01   1.514281E+01  -1.000000E+01   3.346347E+00  -4.166154E+00        14
   7.505158E+03   2.819837E+06   1.608718E+01   1.608718E+01   1.787464E+01   1.514281E+01  -1.000000E+01   3.346347E+00  -4.166154E+00        14
   7.515158E+03   2.827352E+06   1.608718E+01   1.608718E+01   1.787464E+01   1.514281E+01  -1.000000E+01   3.346347E+00  -4.166154E+00        14
   7.525158E+03   2.834877E+06   1.608718E+01   1.608718E+01   1.787464E+01   1.514281E+01  -1.000000E+01   3.346347E+00  -4.166154E+00        14
   7.535158E+03   2.842412E+06   1.608718E+01   1.608718E+01   1.787464E+01   1.514281E+01  -1.000000E+01   3.346347E+00  -4.166154E+00        14
   7.545158E+03   2.849956E+06   1.608718E+01   1.608718E+01   1.787464E+01   1.514281E+01  -1.000000E+01   3.346347E+00  -4.166154E+00        14
   7.555158E+03   2.857511E+06   1.608718E+01   1.608718E+01   1.787464E+01   1.514281E+01  -1.000000E+01   3.346347E+00  -4.166154E+00        14
   7.565158E+03   2.865076E+06   1.608718E+01   1.608718E+01   1.787464E+01   1.514281E+01  -1.000000E+01   3.346347E+00  -4.166154E+00        14
   7.575158E+03   2.872651E+06   1.608718E+01   1.608718E+01   1.787464E+01   1.514281E+01  -1.000000E+01   3.346347E+00  -4.166154E+00        14
   7.585158E+03   2.880235E+06   1.608718E+01   1.608718E+01   1.787464E+01   1.514281E+01  -1.000000E+01   3.346347E+00  -4.166154E+00        14
   7.595158E+03   2.887830E+06   1.608718E+01   1.608718E+01   1.787464E+01   1.514281E+01  -1.000000E+01   3.346347E+00  -4.166154E+00        14
   7.605158E+03   2.895435E+06   1.608718E+01   1.608718E+01   1.787464E+01   1.514281E+01  -1.000000E+01   3.346347E+00  -4.166154E+00        14
   7.615158E+03   2.903050E+06   1.608718E+01   1.608718E+01   1.787464E+01   1.514281E+01  -1.000000E+01   3.346347E+00  -4.166154E+00        14
   7.625158E+03   2.910675E+06   1.608718E+01   1.608718E+01   1.787464E+01   1.514281E+01  -1.000000E+01   3.346347E+00  -4.166154E+00        14
   7.635158E+03   2.918309E+06   1.608718E+01   1.608718E+01   1.787464E+01   1.514281E+01  -1.000000E+01   3.346347E+00  -4.166154E+00        14
   7.645158E+03   2.925954E+06   1.608718E+01   1.608718E+01   1.787464E+01   1.514281E+01  -1.000000E+01   3.346347E+00  -4.166154E+00        14
   7.655158E+03   2.933609E+06   1.608718E+01   1.608718E+01   1.787464E+01   1.514281E+01  -1.000000E+01   3.346347E+00  -4.166154E+00        14
   7.665158E+03   2.941274E+06   1.608718E+01   1.608718E+01   1.787464E+01   1.514281E+01  -1.000000E+01   3.346347E+00  -4.166154E+00        14
   7.675158E+03   2.948949E+06   1.608718E+01   1.608718E+01   1.787464E+01   1.514281E+01  -1.000000E+01   3.346347E+00  -4.166154E+00        14
   7.685158E+03   2.956633E+06   1.608718E+01   1.608718E+01   1.787464E+01   1.514281E+01  -1.000000E+01   3.346347E+00  -4.166154E+00        14
   7.695158E+03   2.964328E+06   1.608718E+01   1.608718E+01   1.787464E+01   1.514281E+01  -1.000000E+01   3.346347E+00  -4.166154E+00        14
   7.705158E+03   2.972033E+06   1.608718E+01   1.608718E+01   1.787464E+01   1.514281E+01  -1.000000E+01   3.346347E+00  -4.166154E+00        14
   7.715158E+03   2.979748E+06   1.608718E+01   1.608718E+01   1.787464E+01   1.514281E+01  -1.000000E+01   3.346347E+00  -4.166154E+00        14
   7.725158E+03   2.987472E+06   1.608718E+01   1.608718E+01   1.787464E+01   1.514281E+01  -1.000000E+01   3.346347E+00  -4.166154E+00        14
   7.735158E+03   2.995207E+06   1.608718E+01   1.608718E+01   1.787464E+01   1.514281E+01  -1.000000E+01   3.346347E+00  -4.166154E+00        14
   7.745158E+03   3.002952E+06   1.608718E+01   1.608718E+01   1.787464E+01   1.514281E+01  -1.000000E+01   3.346347E+00  -4.166154E+00        14
   7.755158E+03   3.010707E+06   1.608718E+01   1.608718E+01   1.787464E+01   1.514281E+01  -1.000000E+01   3.346347E+00  -4.166154E+00        14
   7.765158E+03   3.018472E+06   1.608718E+01   1.608718E+01   1.787464E+01   1.514281E+01  -1.000000E+01   3.346347E+00  -4.166154E+00        14
   7.775158E+03   3.026246E+06   1.608718E+01   1.608718E+01   1.787464E+01   1.514281E+01  -1.000000E+01   3.346347E+00  -4.166154E+00        14
   7.785158E+03   3.034031E+06   1.608718E+01   1.608718E+01   1.787464E+01   1.514281E+01  -1.000000E+01   3.346347E+00  -4.166154E+00        14
   7.795158E+03   3.041826E+06   1.608718E+01   1.608718E+01   1.787464E+01   1.514281E+01  -1.000000E+01   3.346347E+00  -4.166154E+00        14
   7.805158E+03   3.049631E+06   1.608718E+01   1.608718E+01   1.787464E+01   1.514281E+01  -1.000000E+01   3.346347E+00  -4.166154E+00        14
   7.815158E+03   3.057445E+06   1.608718E+01   1.608718E+01   1.787464E+01   1.514281E+01  -1.000000E+01   3.346347E+00  -4.166154E+00        14
   7.825158E+03   3.065270E+06   1.608718E+01   1.608718E+01   1.787464E+01   1.514281E+01  -1.000000E+01   3.346347E+00  -4.166154E+00        14
   7.835158E+03   3.073105E+06   1.608718E+01   1.608718E+01   1.787464E+01   1.514281E+01  -1.000000E+01   3.346347E+00  -4.166154E+00        14
   7.845158E+03   3.080950E+06   1.608718E+01   1.608718E+01   1.787464E+01   1.514281E+01  -1.000000E+01   3.346347E+00  -4.166154E+00        14
   7.855158E+03   3.088805E+06   1.608718E+01   1.608718E+01   1.787464E+01   1.514281E+01  -1.000000E+01   3.346347E+00  -4.166154E+00        14
   7.865158E+03   3.096669E+06   1.608718E+01   1.608718E+01   1.787464E+01   1.514281E+01  -1.000000E+01   3.346347E+00  -4.166154E+00        14
   7.875158E+03   3.104544E+06   1.608718E+01   1.608718E+01   1.787464E+01   1.514281E+01  -1.000000E+01   3.346347E+00  -4.166154E+00        14
   7.885158E+03   3.112429E+06   1.608718E+01   1.608718E+01   1.787464E+01   1.514281E+01  -1.000000E+01   3.346347E+00  -4.166154E+00        14
   7.895158E+03   3.120324E+06   1.608718E+01   1.608718E+01   1.787464E+01   1.514281E+01  -1.000000E+01   3.346347E+00  -4.166154E+00        14
   7.905158E+03   3.128229E+06   1.608718E+01   1.608718E+01   1.787464E+01   1.514281E+01  -1.000000E+01   3.346347E+00  -4.166154E+00        14
   7.915158E+03   3.136143E+06   1.608718E+01   1.608718E+01   1.787464E+01   1.514281E+01  -1.000000E+01   3.346347E+00  -4.166154E+00        14
   7.925158E+03   3.144068E+06   1.608718E+01   1.608718E+01   1.787464E+01   1.514281E+01  -1.000000E+01   3.346347E+00  -4.166154E+00        14
   7.935158E+03   3.152003E+06   1.608718E+01   1.608718E+01   1.787464E+01   1.514281E+01  -1.000000E+01   3.346347E+00  -4.166154E+00        14
   7.945158E+03   3.159948E+06   1.608718E+01   1.608718E+01   1.787464E+01   1.514281E+01  -1.000000E+01   3.346347E+00  -4.166154E+00        14
   7.955158E+03   3.167902E+06   1.608718E+01   1.608718E+01   1.787464E+01   1.514281E+01  -1.000000E+01   3.346347E+00  -4.166154E+00        14
   7.965158E+03   3.175867E+06   1.608718E+01   1.608718E+01   1.787464E+01   1.514281E+01  -1.000000E+01   3.346347E+00  -4.166154E+00        14
   7.975158E+03   3.183842E+06   1.608718E+01   1.608718E+01   1.787464E+01   1.514281E+01  -1.000000E+01   3.346347E+00  -4.166154E+00        14
   7.985158E+03   3.191827E+06   1.608718E+01   1.608718E+01   1.787464E+01   1.514281E+01  -1.000000E+01   3.346347E+00  -4.166154E+00        14
   7.995158E+03   3.199822E+06   1.608718E+01   1.608718E+01   1.787464E+01   1.514281E+01  -1.000000E+01   3.346347E+00  -4.166154E+00        14
   8.005158E+03   3.207826E+06   1.608718E+01   1.608718E+01   1.787464E+01   1.514281E+01  -1.000000E+01   3.346347E+00  -4.166154E+00        14
   8.015158E+03   3.215841E+06   1.608718E+01   1.608718E+01   1.787464E+01   1.514281E+01  -1.000000E+01   3.346347E+00  -4.166154E+00        14
   8.025158E+03   3.223866E+06   1.608718E+01   1.608718E+01   1.787464E+01   1.514281E+01  -1.000000E+01   3.346347E+00  -4.166154E+00        14
   8.035158E+03   3.231901E+06   1.608718E+01   1.608718E+01   1.787464E+01   1.514281E+01  -1.000000E+01   3.346347E+00  -4.166154E+00        14
   8.045158E+03   3.239945E+06   1.608718E+01   1.608718E+01   1.787464E+01   1.514281E+01  -1.000000E+01   3.346347E+00  -4.166154E+00        14
   8.055158E+03   3.248000E+06   1.608718E+01   1.608718E+01   1.787464E+01   1.514281E+01  -1.000000E+01   3.346347E+00  -4.166154E+00        14
   8.065158E+03   3.256065E+06   1.608718E+01   1.608718E+01   1.787464E+01   1.514281E+01  -1.000000E+01   3.346347E+00  -4.166154E+00        14
   8.075158E+03   3.264140E+06   1.608718E+01   1.608718E+01   1.787464E+01   1.514281E+01  -1.000000E+01   3.346347E+00  -4.166154E+00        14
   8.085158E+03   3.272225E+06   1.608718E+01   1.608718E+01   1.787464E+01   1.514281E+01  -1.000000E+01   3.346347E+00  -4.166154E+00        14
   8.095158E+03   3.280319E+06   1.608718E+01   1.608718E+01   1.787464E+01   1.514281E+01  -1.000000E+01   3.346347E+00  -4.166154E+00        14
   8.105158E+03   3.288424E+06   1.608718E+01   1.608718E+01   1.787464E+01   1.514281E+01  -1.000000E+01   3.346347E+00  -4.166154E+00        14
   8.115158E+03   3.296539E+06   1.608718E+01   1.608718E+01   1.787464E+01   1.514281E+01  -1.000000E+01   3.346347E+00  -4.166154E+00        14
   8.125158E+03   3.304664E+06   1.608718E+01   1.608718E+01   1.787464E+01   1.514281E+01  -1.000000E+01   3.346347E+00  -4.166154E+00        14
   8.135158E+03   3.312799E+06   1.608718E+01   1.608718E+01   1.787464E+01   1.514281E+01  -1.000000E+01   3.346347E+00  -4.166154E+00        14
   8.145158E+03   3.320943E+06   1.608718E+01   1.608718E+01   1.787464E+01   1.514281E+01  -1.000000E+01   3.346347E+00  -4.166154E+00        14
   8.155158E+03   3.329098E+06   1.608718E+01   1.608718E+01   1.787464E+01   1.514281E+01  -1.000000E+01   3.346347E+00  -4.166154E+00        14
   8.165158E+03   3.337263E+06   1.608718E+01   1.608718E+01   1.787464E+01   1.514281E+01  -1.000000E+01   3.346347E+00  -4.166154E+00        14
   8.175158E+03   3.345438E+06   1.608718E+01   1.608718E+01   1.787464E+01   1.514281E+01  -1.000000E+01   3.346347E+00  -4.166154E+00        14
   8.185158E+03   3.353622E+06   1.608718E+01   1.608718E+01   1.787464E+01   1.514281E+01  -1.000000E+01   3.346347E+00  -4.166154E+00        14
   8.195158E+03   3.361817E+06   1.608718E+01   1.608718E+01   1.787464E+01   1.514281E+01  -1.000000E+01   3.346347E+00  -4.166154E+00        14
   8.205158E+03   3.370022E+06   1.608718E+01   1.608718E+01   1.787464E+01   1.514281E+01  -1.000000E+01   3.346347E+00  -4.166154E+00        14
   8.215158E+03   3.378237E+06   1.608718E+01   1.608718E+01   1.787464E+01   1.514281E+01  -1.000000E+01   3.346347E+00  -4.166154E+00        14
   8.225158E+03   3.386462E+06   1.608718E+01   1.608718E+01   1.787464E+01   1.514281E+01  -1.000000E+01   3.346347E+00  -4.166154E+00        14
   8.235158E+03   3.394696E+06   1.608718E+01   1.608718E+01   1.787464E+01   1.514281E+01  -1.000000E+01   3.346347E+00  -4.166154E+00        14
   8.245158E+03   3.402941E+06   1.608718E+01   1.608718E+01   1.787464E+01   1.514281E+01  -1.000000E+01   3.346347E+00  -4.166154E+00        14
   8.255158E+03   3.411196E+06   1.608718E+01   1.608718E+01   1.787464E+01   1.514281E+01  -1.000000E+01   3.346347E+00  -4.166154E+00        14
   8.265158E+03   3.419461E+06   1.608718E+01   1.608718E+01   1.787464E+01   1.514281E+01  -1.000000E+01   3.346347E+00  -4.166154E+00        14
   8.275158E+03   3.427735E+06   1.608718E+01   1.608718E+01   1.787464E+01   1.514281E+01  -1.000000E+01   3.346347E+00  -4.166154E+00        14
   8.285158E+03   3.436020E+06   1.608718E+01   1.608718E+01   1.787464E+01   1.514281E+01  -1.000000E+01   3.346347E+00  -4.166154E+00        14
   8.295158E+03   3.444315E+06   1.608718E+01   1.608718E+01   1.787464E+01   1.514281E+01  -1.000000E+01   3.346347E+00  -4.166154E+00        14
   8.305158E+03   3.452620E+06   1.608718E+01   1.608718E+01   1.787464E+01   1.514281E+01  -1.000000E+01   3.346347E+00  -4.166154E+00        14
   8.315158E+03   3.460935E+06   1.608718E+01   1.608718E+01   1.787464E+01   1.514281E+01  -1.000000E+01   3.346347E+00  -4.166154E+00        14
   8.325158E+03   3.469259E+06   1.608718E+01   1.608718E+01   1.787464E+01   1.514281E+01  -1.000000E+01   3.346347E+00  -4.166154E+00        14
   8.335158E+03   3.477594E+06   1.608718E+01   1.608718E+01   1.787464E+01   1.514281E+01  -1.000000E+01   3.346347E+00  -4.166154E+00        14
   8.345158E+03   3.485939E+06   1.608718E+01   1.608718E+01   1.787464E+01   1.514281E+01  -1.000000E+01   3.346347E+00  -4.166154E+00        14
   8.355158E+03   3.494294E+06   1.608718E+01   1.608718E+01   1.787464E+01   1.514281E+01  -1.000000E+01   3.346347E+00  -4.166154E+00        14
   8.365158E+03   3.502659E+06   1.608718E+01   1.608718E+01   1.787464E+01   1.514281E+01  -1.000000E+01   3.346347E+00  -4.166154E+00        14
   8.375158E+03   3.511033E+06   1.608718E+01   1.608718E+01   1.787464E+01   1.514281E+01  -1.000000E+01   3.346347E+00  -4.166154E+00        14
   8.385158E+03   3.519418E+06   1.608718E+01   1.608718E+01   1.787464E+01   1.514281E+01  -1.000000E+01   3.346347E+00  -4.166154E+00        14
   8.395158E+03   3.527813E+06   1.608718E+01   1.608718E+01   1.787464E+01   1.514281E+01  -1.000000E+01   3.346347E+00  -4.166154E+00        14
   8.405158E+03   3.536218E+06   1.608718E+01   1.608718E+01   1.787464E+01   1.514281E+01  -1.000000E+01   3.346347E+00  -4.166154E+00        14
   8.415158E+03   3.544632E+06   1.608718E+01   1.608718E+01   1.787464E+01   1.514281E+01  -1.000000E+01   3.346347E+00  -4.166154E+00        14
   8.425158E+03   3.553057E+06   1.608718E+01   1.608718E+01   1.787464E+01   1.514281E+01  -1.000000E+01   3.346347E+00  -4.166154E+00        14
   8.435158E+03   3.561492E+06   1.608718E+01   1.608718E+01   1.787464E+01   1.514281E+01  -1.000000E+01   3.346347E+00  -4.166154E+00        14
   8.445158E+03   3.569937E+06   1.608718E+01   1.608718E+01   1.787464E+01   1.514281E+01  -1.000000E+01   3.346347E+00  -4.166154E+00        14
   8.455158E+03   3.578392E+06   1.608718E+01   1.608718E+01   1.787464E+01   1.514281E+01  -1.000000E+01   3.346347E+00  -4.166154E+00        14
   8.465158E+03   3.586856E+06   1.608718E+01   1.608718E+01   1.787464E+01   1.514281E+01  -1.000000E+01   3.346347E+00  -4.166154E+00        14
   8.475158E+03   3.595331E+06   1.608718E+01   1.608718E+01   1.787464E+01   1.514281E+01  -1.000000E+01   3.346347E+00  -4.166154E+00        14
   8.485158E+03   3.603816E+06   1.608718E+01   1.608718E+01   1.787464E+01   1.514281E+01  -1.000000E+01   3.346347E+00  -4.166154E+00        14
   8.495158E+03   3.612311E+06   1.608718E+01   1.608718E+01   1.787464E+01   1.514281E+01  -1.000000E+01   3.346347E+00  -4.166154E+00        14
   8.505158E+03   3.620815E+06   1.608718E+01   1.608718E+01   1.787464E+01   1.514281E+01  -1.000000E+01   3.346347E+00  -4.166154E+00        14
   8.515158E+03   3.629330E+06   1.608718E+01   1.608718E+01   1.787464E+01   1.514281E+01  -1.000000E+01   3.346347E+00  -4.166154E+00        14
   8.525158E+03   3.637855E+06   1.608718E+01   1.608718E+01   1.787464E+01   1.514281E+01  -1.000000E+01   3.346347E+00  -4.166154E+00        14
   8.535158E+03   3.646390E+06   1.608718E+01   1.608718E+01   1.787464E+01   1.514281E+01  -1.000000E+01   3.346347E+00  -4.166154E+00        14
   8.545158E+03   3.654935E+06   1.608718E+01   1.608718E+01   1.787464E+01   1.514281E+01  -1.000000E+01   3.346347E+00  -4.166154E+00        14
   8.555158E+03   3.663489E+06   1.608718E+01   1.608718E+01   1.787464E+01   1.514281E+01  -1.000000E+01   3.346347E+00  -4.166154E+00        14
   8.565158E+03   3.672054E+06   1.608718E+01   1.608718E+01   1.787464E+01   1.514281E+01  -1.000000E+01   3.346347E+00  -4.166154E+00        14
   8.575158E+03   3.680629E+06   1.608718E+01   1.608718E+01   1.787464E+01   1.514281E+01  -1.000000E+01   3.346347E+00  -4.166154E+00        14
   8.585158E+03   3.689214E+06   1.608718E+01   1.608718E+01   1.787464E+01   1.514281E+01  -1.000000E+01   3.346347E+00  -4.166154E+00        14
   8.595158E+03   3.697809E+06   1.608718E+01   1.608718E+01   1.787464E+01   1.514281E+01  -1.000000E+01   3.346347E+00  -4.166154E+00        14
   8.605158E+03   3.706413E+06   1.608718E+01   1.608718E+01   1.787464E+01   1.514281E+01  -1.000000E+01   3.346347E+00  -4.166154E+00        14
   8.615158E+03   3.715028E+06   1.608718E+01   1.608718E+01   1.787464E+01   1.514281E+01  -1.000000E+01   3.346347E+00  -4.166154E+00        14
   8.625158E+03   3.723653E+06   1.608718E+01   1.608718E+01   1.787464E+01   1.514281E+01  -1.000000E+01   3.346347E+00  -4.166154E+00        14
   8.635158E+03   3.732288E+06   1.608718E+01   1.608718E+01   1.787464E+01   1.514281E+01  -1.000000E+01   3.346347E+00  -4.166154E+00        14
   8.645158E+03   3.740932E+06   1.608718E+01   1.608718E+01   1.787464E+01   1.514281E+01  -1.000000E+01   3.346347E+00  -4.166154E+00        14
   8.655158E+03   3.749587E+06   1.608718E+01   1.608718E+01   1.787464E+01   1.514281E+01  -1.000000E+01   3.346347E+00  -4.166154E+00        14
   8.665158E+03   3.758252E+06   1.608718E+01   1.608718E+01   1.787464E+01   1.514281E+01  -1.000000E+01   3.346347E+00  -4.166154E+00        14
   8.675158E+03   3.766927E+06   1.608718E+01   1.608718E+01   1.787464E+01   1.514281E+01  -1.000000E+01   3.346347E+00  -4.166154E+00        14
   8.685158E+03   3.775612E+06   1.608718E+01   1.608718E+01   1.787464E+01   1.514281E+01  -1.000000E+01   3.346347E+00  -4.166154E+00        14
   8.695158E+03   3.784306E+06   1.608718E+01   1.608718E+01   1.787464E+01   1.514281E+01  -1.000000E+01   3.346347E+00  -4.166154E+00        14
   8.705158E+03   3.793011E+06   1.608718E+01   1.608718E+01   1.787464E+01   1.514281E+01  -1.000000E+01   3.346347E+00  -4.166154E+00        14
   8.715158E+03   3.801726E+06   1.608718E+01   1.608718E+01   1.787464E+01   1.514281E+01  -1.000000E+01   3.346347E+00  -4.166154E+00        14
   8.725158E+03   3.810451E+06   1.608718E+01   1.608718E+01   1.787464E+01   1.514281E+01  -1.000000E+01   3.346347E+00  -4.166154E+00        14
   8.735158E+03   3.819186E+06   1.608718E+01   1.608718E+01   1.787464E+01   1.514281E+01  -1.000000E+01   3.346347E+00  -4.166154E+00        14
   8.745158E+03   3.827930E+06   1.608718E+01   1.608718E+01   1.787464E+01   1.514281E+01  -1.000000E+01   3.346347E+00  -4.166154E+00        14
   8.755158E+03   3.836685E+06   1.608718E+01   1.608718E+01   1.787464E+01   1.514281E+01  -1.000000E+01   3.346347E+00  -4.166154E+00        14
   8.765158E+03   3.845450E+06   1.608718E+01   1.608718E+01   1.787464E+01   1.514281E+01  -1.000000E+01   3.346347E+00  -4.166154E+00        14
   8.775158E+03   3.854225E+06   1.608718E+01   1.608718E+01   1.787464E+01   1.514281E+01  -1.000000E+01   3.346347E+00  -4.166154E+00        14
   8.785158E+03   3.863009E+06   1.608718E+01   1.608718E+01   1.787464E+01   1.514281E+01  -1.000000E+01   3.346347E+00  -4.166154E+00        14
   8.795158E+03   3.871804E+06   1.608718E+01   1.608718E+01   1.787464E+01   1.514281E+01  -1.000000E+01   3.346347E+00  -4.166154E+00        14
   8.805158E+03   3.880609E+06   1.608718E+01   1.608718E+01   1.787464E+01   1.514281E+01  -1.000000E+01   3.346347E+00  -4.166154E+00        14
   8.815158E+03   3.889424E+06   1.608718E+01   1.608718E+01   1.787464E+01   1.514281E+01  -1.000000E+01   3.346347E+00  -4.166154E+00        14
   8.825158E+03   3.898249E+06   1.608718E+01   1.608718E+01   1.787464E+01   1.514281E+01  -1.000000E+01   3.346347E+00  -4.166154E+00        14
   8.835158E+03   3.907083E+06   1.608718E+01   1.608718E+01   1.787464E+01   1.514281E+01  -1.000000E+01   3.346347E+00  -4.166154E+00        14
   8.845158E+03   3.915928E+06   1.608718E+01   1.608718E+01   1.787464E+01   1.514281E+01  -1.000000E+01   3.346347E+00  -4.166154E+00        14
   8.855158E+03   3.924783E+06   1.608718E+01   1.608718E+01   1.787464E+01   1.514281E+01  -1.000000E+01   3.346347E+00  -4.166154E+00        14
   8.865158E+03   3.933648E+06   1.608718E+01   1.608718E+01   1.787464E+01   1.514281E+01  -1.000000E+01   3.346347E+00  -4.166154E+00        14
   8.875158E+03   3.942522E+06   1.608718E+01   1.608718E+01   1.787464E+01   1.514281E+01  -1.000000E+01   3.346347E+00  -4.166154E+00        14
   8.885158E+03   3.951407E+06   1.608718E+01   1.608718E+01   1.787464E+01   1.514281E+01  -1.000000E+01   3.346347E+00  -4.166154E+00        14
   8.895158E+03   3.960302E+06   1.608718E+01   1.608718E+01   1.787464E+01   1.514281E+01  -1.000000E+01   3.346347E+00  -4.166154E+00        14
   8.905158E+03   3.969207E+06   1.608718E+01   1.608718E+01   1.787464E+01   1.514281E+01  -1.000000E+01   3.346347E+00  -4.166154E+00        14
   8.915158E+03   3.978122E+06   1.608718E+01   1.608718E+01   1.787464E+01   1.514281E+01  -1.000000E+01   3.346347E+00  -4.166154E+00        14
   8.925158E+03   3.987046E+06   1.608718E+01   1.608718E+01   1.787464E+01   1.514281E+01  -1.000000E+01   3.346347E+00  -4.166154E+00        14
   8.935158E+03   3.995981E+06   1.608718E+01   1.608718E+01   1.787464E+01   1.514281E+01  -1.000000E+01   3.346347E+00  -4.166154E+00        14
   8.945158E+03   4.004926E+06   1.608718E+01   1.608718E+01   1.787464E+01   1.514281E+01  -1.000000E+01   3.346347E+00  -4.166154E+00        14
   8.955158E+03   4.013881E+06   1.608718E+01   1.608718E+01   1.787464E+01   1.514281E+01  -1.000000E+01   3.346347E+00  -4.166154E+00        14
   8.965158E+03   4.022846E+06   1.608718E+01   1.608718E+01   1.787464E+01   1.514281E+01  -1.000000E+01   3.346347E+00  -4.166154E+00        14
   8.975158E+03   4.031820E+06   1.608718E+01   1.608718E+01   1.787464E+01   1.514281E+01  -1.000000E+01   3.346347E+00  -4.166154E+00        14
   8.985158E+03   4.040805E+06   1.608718E+01   1.608718E+01   1.787464E+01   1.514281E+01  -1.000000E+01   3.346347E+00  -4.166154E+00        14
   8.995158E+03   4.049800E+06   1.608718E+01   1.608718E+01   1.787464E+01   1.514281E+01  -1.000000E+01   3.346347E+00  -4.166154E+00        14
   9.005158E+03   4.058805E+06   1.608718E+01   1.608718E+01   1.787464E+01   1.514281E+01  -1.000000E+01   3.346347E+00  -4.166154E+00        14
   9.015158E+03   4.067819E+06   1.608718E+01   1.608718E+01   1.787464E+01   1.514281E+01  -1.000000E+01   3.346347E+00  -4.166154E+00        14
   9.025158E+03   4.076844E+06   1.608718E+01   1.608718E+01   1.787464E+01   1.514281E+01  -1.000000E+01   3.346347E+00  -4.166154E+00        14
   9.035158E+03   4.085879E+06   1.608718E+01   1.608718E+01   1.787464E+01   1.514281E+01  -1.000000E+01   3.346347E+00  -4.166154E+00        14
   9.045158E+03   4.094924E+06   1.608718E+01   1.608718E+01   1.787464E+01   1.514281E+01  -1.000000E+01   3.346347E+00  -4.166154E+00        14
   9.055158E+03   4.103979E+06   1.608718E+01   1.608718E+01   1.787464E+01   1.514281E+01  -1.000000E+01   3.346347E+00  -4.166154E+00        14
   9.065158E+03   4.113043E+06   1.608718E+01   1.608718E+01   1.787464E+01   1.514281E+01  -1.000000E+01   3.346347E+00  -4.166154E+00        14
   9.075158E+03   4.122118E+06   1.608718E+01   1.608718E+01   1.787464E+01   1.514281E+01  -1.000000E+01   3.346347E+00  -4.166154E+00        14
   9.085158E+03   4.131203E+06   1.608718E+01   1.608718E+01   1.787464E+01   1.514281E+01  -1.000000E+01   3.346347E+00  -4.166154E+00        14
   9.095158E+03   4.140298E+06   1.608718E+01   1.608718E+01   1.787464E+01   1.514281E+01  -1.000000E+01   3.346347E+00  -4.166154E+00        14
   9.105158E+03   4.149402E+06   1.608718E+01   1.608718E+01   1.787464E+01   1.514281E+01  -1.000000E+01   3.346347E+00  -4.166154E+00        14
   9.115158E+03   4.158517E+06   1.608718E+01   1.608718E+01   1.787464E+01   1.514281E+01  -1.000000E+01   3.346347E+00  -4.166154E+00        14
   9.125158E+03   4.167642E+06   1.608718E+01   1.608718E+01   1.787464E+01   1.514281E+01  -1.000000E+01   3.346347E+00  -4.166154E+00        14
   9.135158E+03   4.176777E+06   1.608718E+01   1.608718E+01   1.787464E+01   1.514281E+01  -1.000000E+01   3.346347E+00  -4.166154E+00        14
   9.145158E+03   4.185922E+06   1.608718E+01   1.608718E+01   1.787464E+01   1.514281E+01  -1.000000E+01   3.346347E+00  -4.166154E+00        14
   9.155158E+03   4.195076E+06   1.608718E+01   1.608718E+01   1.787464E+01   1.514281E+01  -1.000000E+01   3.346347E+00  -4.166154E+00        14
   9.165158E+03   4.204241E+06   1.608718E+01   1.608718E+01   1.787464E+01   1.514281E+01  -1.000000E+01   3.346347E+00  -4.166154E+00        14
   9.175158E+03   4.213416E+06   1.608718E+01   1.608718E+01   1.787464E+01   1.514281E+01  -1.000000E+01   3.346347E+00  -4.166154E+00        14
   9.185158E+03   4.222601E+06   1.608718E+01   1.608718E+01   1.787464E+01   1.514281E+01  -1.000000E+01   3.346347E+00  -4.166154E+00        14
   9.195158E+03   4.231796E+06   1.608718E+01   1.608718E+01   1.787464E+01   1.514281E+01  -1.000000E+01   3.346347E+00  -4.166154E+00        14
   9.205158E+03   4.241000E+06   1.608718E+01   1.608718E+01   1.787464E+01   1.514281E+01  -1.000000E+01   3.346347E+00  -4.166154E+00        14
   9.215158E+03   4.250215E+06   1.608718E+01   1.608718E+01   1.787464E+01   1.514281E+01  -1.000000E+01   3.346347E+00  -4.166154E+00        14
   9.225158E+03   4.259440E+06   1.608718E+01   1.608718E+01   1.787464E+01   1.514281E+01  -1.000000E+01   3.346347E+00  -4.166154E+00        14
   9.235158E+03   4.268675E+06   1.608718E+01   1.608718E+01   1.787464E+01   1.514281E+01  -1.000000E+01   3.346347E+00  -4.166154E+00        14
   9.245158E+03   4.277919E+06   1.608718E+01   1.608718E+01   1.787464E+01   1.514281E+01  -1.000000E+01   3.346347E+00  -4.166154E+00        14
   9.255158E+03   4.287174E+06   1.608718E+01   1.608718E+01   1.787464E+01   1.514281E+01  -1.000000E+01   3.346347E+00  -4.166154E+00        14
   9.265158E+03   4.296439E+06   1.608718E+01   1.608718E+01   1.787464E+01   1.514281E+01  -1.000000E+01   3.346347E+00  -4.166154E+00        14
   9.275158E+03   4.305714E+06   1.608718E+01   1.608718E+01   1.787464E+01   1.514281E+01  -1.000000E+01   3.346347E+00  -4.166154E+00        14
   9.285158E+03   4.314999E+06   1.608718E+01   1.608718E+01   1.787464E+01   1.514281E+01  -1.000000E+01   3.346347E+00  -4.166154E+00        14
   9.295158E+03   4.324293E+06   1.608718E+01   1.608718E+01   1.787464E+01   1.514281E+01  -1.000000E+01   3.346347E+00  -4.166154E+00        14
   9.305158E+03   4.333598E+06   1.608718E+01   1.608718E+01   1.787464E+01   1.514281E+01  -1.000000E+01   3.346347E+00  -4.166154E+00        14
   9.315158E+03   4.342913E+06   1.608718E+01   1.608718E+01   1.787464E+01   1.514281E+01  -1.000000E+01   3.346347E+00  -4.166154E+00        14
   9.325158E+03   4.352238E+06   1.608718E+01   1.608718E+01   1.787464E+01   1.514281E+01  -1.000000E+01   3.346347E+00  -4.166154E+00        14
   9.335158E+03   4.361572E+06   1.608718E+01   1.608718E+01   1.787464E+01   1.514281E+01  -1.000000E+01   3.346347E+00  -4.166154E+00        14
   9.345158E+03   4.370917E+06   1.608718E+01   1.608718E+01   1.787464E+01   1.514281E+01  -1.000000E+01   3.346347E+00  -4.166154E+00        14
   9.355158E+03   4.380272E+06   1.608718E+01   1.608718E+01   1.787464E+01   1.514281E+01  -1.000000E+01   3.346347E+00  -4.166154E+00        14
   9.365158E+03   4.389637E+06   1.608718E+01   1.608718E+01   1.787464E+01   1.514281E+01  -1.000000E+01   3.346347E+00  -4.166154E+00        14
   9.375158E+03   4.399012E+06   1.608718E+01   1.608718E+01   1.787464E+01   1.514281E+01  -1.000000E+01   3.346347E+00  -4.166154E+00        14
   9.385158E+03   4.408396E+06   1.608718E+01   1.608718E+01   1.787464E+01   1.514281E+01  -1.000000E+01   3.346347E+00  -4.166154E+00        14
   9.395158E+03   4.417791E+06   1.608718E+01   1.608718E+01   1.787464E+01   1.514281E+01  -1.000000E+01   3.346347E+00  -4.166154E+00        14
   9.405158E+03   4.427196E+06   1.608718E+01   1.608718E+01   1.787464E+01   1.514281E+01  -1.000000E+01   3.346347E+00  -4.166154E+00        14
   9.415158E+03   4.436611E+06   1.608718E+01   1.608718E+01   1.787464E+01   1.514281E+01  -1.000000E+01   3.346347E+00  -4.166154E+00        14
   9.425158E+03   4.446036E+06   1.608718E+01   1.608718E+01   1.787464E+01   1.514281E+01  -1.000000E+01   3.346347E+00  -4.166154E+00        14
   9.435158E+03   4.455470E+06   1.608718E+01   1.608718E+01   1.787464E+01   1.514281E+01  -1.000000E+01   3.346347E+00  -4.166154E+00        14
   9.445158E+03   4.464915E+06   1.608718E+01   1.608718E+01   1.787464E+01   1.514281E+01  -1.000000E+01   3.346347E+00  -4.166154E+00        14
   9.455158E+03   4.474370E+06   1.608718E+01   1.608718E+01   1.787464E+01   1.514281E+01  -1.000000E+01   3.346347E+00  -4.166154E+00        14
   9.465158E+03   4.483835E+06   1.608718E+01   1.608718E+01   1.787464E+01   1.514281E+01  -1.000000E+01   3.346347E+00  -4.166154E+00        14
   9.475158E+03   4.493309E+06   1.608718E+01   1.608718E+01   1.787464E+01   1.514281E+01  -1.000000E+01   3.346347E+00  -4.166154E+00        14
   9.485158E+03   4.502794E+06   1.608718E+01   1.608718E+01   1.787464E+01   1.514281E+01  -1.000000E+01   3.346347E+00  -4.166154E+00        14
   9.495158E+03   4.512289E+06   1.608718E+01   1.608718E+01   1.787464E+01   1.514281E+01  -1.000000E+01   3.346347E+00  -4.166154E+00        14
   9.505158E+03   4.521794E+06   1.608718E+01   1.608718E+01   1.787464E+01   1.514281E+01  -1.000000E+01   3.346347E+00  -4.166154E+00        14
   9.515158E+03   4.531309E+06   1.608718E+01   1.608718E+01   1.787464E+01   1.514281E+01  -1.000000E+01   3.346347E+00  -4.166154E+00        14
   9.525158E+03   4.540833E+06   1.608718E+01   1.608718E+01   1.787464E+01   1.514281E+01  -1.000000E+01   3.346347E+00  -4.166154E+00        14
   9.535158E+03   4.550368E+06   1.608718E+01   1.608718E+01   1.787464E+01   1.514281E+01  -1.000000E+01   3.346347E+00  -4.166154E+00        14
   9.545158E+03   4.559913E+06   1.608718E+01   1.608718E+01   1.787464E+01   1.514281E+01  -1.000000E+01   3.346347E+00  -4.166154E+00        14
   9.555158E+03   4.569468E+06   1.608718E+01   1.608718E+01   1.787464E+01   1.514281E+01  -1.000000E+01   3.346347E+00  -4.166154E+00        14
   9.565158E+03   4.579032E+06   1.608718E+01   1.608718E+01   1.787464E+01   1.514281E+01  -1.000000E+01   3.346347E+00  -4.166154E+00        14
   9.575158E+03   4.588607E+06   1.608718E+01   1.608718E+01   1.787464E+01   1.514281E+01  -1.000000E+01   3.346347E+00  -4.166154E+00        14
   9.585158E+03   4.598192E+06   1.608718E+01   1.608718E+01   1.787464E+01   1.514281E+01  -1.000000E+01   3.346347E+00  -4.166154E+00        14
   9.595158E+03   4.607787E+06   1.608718E+01   1.608718E+01   1.787464E+01   1.514281E+01  -1.000000E+01   3.346347E+00  -4.166154E+00        14
   9.605158E+03   4.617392E+06   1.608718E+01   1.608718E+01   1.787464E+01   1.514281E+01  -1.000000E+01   3.346347E+00  -4.166154E+00        14
   9.615158E+03   4.627006E+06   1.608718E+01   1.608718E+01   1.787464E+01   1.514281E+01  -1.000000E+01   3.346347E+00  -4.166154E+00        14
   9.625158E+03   4.636631E+06   1.608718E+01   1.608718E+01   1.787464E+01   1.514281E+01  -1.000000E+01   3.346347E+00  -4.166154E+00        14
   9.635158E+03   4.646266E+06   1.608718E+01   1.608718E+01   1.787464E+01   1.514281E+01  -1.000000E+01   3.346347E+00  -4.166154E+00        14
   9.645158E+03   4.655911E+06   1.608718E+01   1.608718E+01   1.787464E+01   1.514281E+01  -1.000000E+01   3.346347E+00  -4.166154E+00        14
   9.655158E+03   4.665566E+06   1.608718E+01   1.608718E+01   1.787464E+01   1.514281E+01  -1.000000E+01   3.346347E+00  -4.166154E+00        14
   9.665158E+03   4.675230E+06   1.608718E+01   1.608718E+01   1.787464E+01   1.514281E+01  -1.000000E+01   3.346347E+00  -4.166154E+00        14
   9.675158E+03   4.684905E+06   1.608718E+01   1.608718E+01   1.787464E+01   1.514281E+01  -1.000000E+01   3.346347E+00  -4.166154E+00        14
   9.685158E+03   4.694590E+06   1.608718E+01   1.608718E+01   1.787464E+01   1.514281E+01  -1.000000E+01   3.346347E+00  -4.166154E+00        14
   9.695158E+03   4.704285E+06   1.608718E+01   1.608718E+01   1.787464E+01   1.514281E+01  -1.000000E+01   3.346347E+00  -4.166154E+00        14
   9.705158E+03   4.713989E+06   1.608718E+01   1.608718E+01   1.787464E+01   1.514281E+01  -1.000000E+01   3.346347E+00  -4.166154E+00        14
   9.715158E+03   4.723704E+06   1.608718E+01   1.608718E+01   1.787464E+01   1.514281E+01  -1.000000E+01   3.346347E+00  -4.166154E+00        14
   9.725158E+03   4.733429E+06   1.608718E+01   1.608718E+01   1.787464E+01   1.514281E+01  -1.000000E+01   3.346347E+00  -4.166154E+00        14
   9.735158E+03   4.743164E+06   1.608718E+01   1.608718E+01   1.787464E+01   1.514281E+01  -1.000000E+01   3.346347E+00  -4.166154E+00        14
   9.745158E+03   4.752909E+06   1.608718E+01   1.608718E+01   1.787464E+01   1.514281E+01  -1.000000E+01   3.346347E+00  -4.166154E+00        14
   9.755158E+03   4.762663E+06   1.608718E+01   1.608718E+01   1.787464E+01   1.514281E+01  -1.000000E+01   3.346347E+00  -4.166154E+00        14
   9.765158E+03   4.772428E+06   1.608718E+01   1.608718E+01   1.787464E+01   1.514281E+01  -1.000000E+01   3.346347E+00  -4.166154E+00        14
   9.775158E+03   4.782203E+06   1.608718E+01   1.608718E+01   1.787464E+01   1.514281E+01  -1.000000E+01   3.346347E+00  -4.166154E+00        14
   9.785158E+03   4.791988E+06   1.608718E+01   1.608718E+01   1.787464E+01   1.514281E+01  -1.000000E+01   3.346347E+00  -4.166154E+00        14
   9.795158E+03   4.801782E+06   1.608718E+01   1.608718E+01   1.787464E+01   1.514281E+01  -1.000000E+01   3.346347E+00  -4.166154E+00        14
   9.805158E+03   4.811587E+06   1.608718E+01   1.608718E+01   1.787464E+01   1.514281E+01  -1.000000E+01   3.346347E+00  -4.166154E+00        14
   9.815158E+03   4.821402E+06   1.608718E+01   1.608718E+01   1.787464E+01   1.514281E+01  -1.000000E+01   3.346347E+00  -4.166154E+00        14
   9.825158E+03   4.831227E+06   1.608718E+01   1.608718E+01   1.787464E+01   1.514281E+01  -1.000000E+01   3.346347E+00  -4.166154E+00        14
   9.835158E+03   4.841062E+06   1.608718E+01   1.608718E+01   1.787464E+01   1.514281E+01  -1.000000E+01   3.346347E+00  -4.166154E+00        14
   9.845158E+03   4.850906E+06   1.608718E+01   1.608718E+01   1.787464E+01   1.514281E+01  -1.000000E+01   3.346347E+00  -4.166154E+00        14
   9.855158E+03   4.860761E+06   1.608718E+01   1.608718E+01   1.787464E+01   1.514281E+01  -1.000000E+01   3.346347E+00  -4.166154E+00        14
   9.865158E+03   4.870626E+06   1.608718E+01   1.608718E+01   1.787464E+01   1.514281E+01  -1.000000E+01   3.346347E+00  -4.166154E+00        14
   9.875158E+03   4.880501E+06   1.608718E+01   1.608718E+01   1.787464E+01   1.514281E+01  -1.000000E+01   3.346347E+00  -4.166154E+00        14
   9.885158E+03   4.890386E+06   1.608718E+01   1.608718E+01   1.787464E+01   1.514281E+01  -1.000000E+01   3.346347E+00  -4.166154E+00        14
   9.895158E+03   4.900280E+06   1.608718E+01   1.608718E+01   1.787464E+01   1.514281E+01  -1.000000E+01   3.346347E+00  -4.166154E+00        14
   9.905158E+03   4.910185E+06   1.608718E+01   1.608718E+01   1.787464E+01   1.514281E+01  -1.000000E+01   3.346347E+00  -4.166154E+00        14
   9.915158E+03   4.920100E+06   1.608718E+01   1.608718E+01   1.787464E+01   1.514281E+01  -1.000000E+01   3.346347E+00  -4.166154E+00        14
   9.925158E+03   4.930025E+06   1.608718E+01   1.608718E+01   1.787464E+01   1.514281E+01  -1.000000E+01   3.346347E+00  -4.166154E+00        14
   9.935158E+03   4.939959E+06   1.608718E+01   1.608718E+01   1.787464E+01   1.514281E+01  -1.000000E+01   3.346347E+00  -4.166154E+00        14
   9.945158E+03   4.949904E+06   1.608718E+01   1.608718E+01   1.787464E+01   1.514281E+01  -1.000000E+01   3.346347E+00  -4.166154E+00        14
   9.955158E+03   4.959859E+06   1.608718E+01   1.608718E+01   1.787464E+01   1.514281E+01  -1.000000E+01   3.346347E+00  -4.166154E+00        14
   9.965158E+03   4.969824E+06   1.608718E+01   1.608718E+01   1.787464E+01   1.514281E+01  -1.000000E+01   3.346347E+00  -4.166154E+00        14
   9.975158E+03   4.979799E+06   1.608718E+01   1.608718E+01   1.787464E+01   1.514281E+01  -1.000000E+01   3.346347E+00  -4.166154E+00        14
   9.985158E+03   4.989783E+06   1.608718E+01   1.608718E+01   1.787464E+01   1.514281E+01  -1.000000E+01   3.346347E+00  -4.166154E+00        14
   9.995158E+03   4.999778E+06   1.608718E+01   1.608718E+01   1.787464E+01   1.514281E+01  -1.000000E+01   3.346347E+00  -4.166154E+00        14
   1.000516E+04   5.009783E+06   1.608718E+01   1.608718E+01   1.787464E+01   1.514281E+01  -1.000000E+01   3.346347E+00  -4.166154E+00        14
   1.001516E+04   5.019798E+06   1.608718E+01   1.608718E+01   1.787464E+01   1.514281E+01  -1.000000E+01   3.346347E+00  -4.166154E+00        14
   1.002516E+04   5.029823E+06   1.608718E+01   1.608718E+01   1.787464E+01   1.514281E+01  -1.000000E+01   3.346347E+00  -4.166154E+00        14
   1.003516E+04   5.039857E+06   1.608718E+01   1.608718E+01   1.787464E+01   1.514281E+01  -1.000000E+01   3.346347E+00  -4.166154E+00        14
   1.004516E+04   5.049902E+06   1.608718E+01   1.608718E+01   1.787464E+01   1.514281E+01  -1.000000E+01   3.346347E+00  -4.166154E+00        14
   1.005516E+04   5.059957E+06   1.608718E+01   1.608718E+01   1.787464E+01   1.514281E+01  -1.000000E+01   3.346347E+00  -4.166154E+00        14
   1.006516E+04   5.070022E+06   1.608718E+01   1.608718E+01   1.787464E+01   1.514281E+01  -1.000000E+01   3.346347E+00  -4.166154E+00        14
   1.007516E+04   5.080096E+06   1.608718E+01   1.608718E+01   1.787464E+01   1.514281E+01  -1.000000E+01   3.346347E+00  -4.166154E+00        14
   1.008516E+04   5.090181E+06   1.608718E+01   1.608718E+01   1.787464E+01   1.514281E+01  -1.000000E+01   3.346347E+00  -4.166154E+00        14
   1.009516E+04   5.100276E+06   1.608718E+01   1.608718E+01   1.787464E+01   1.514281E+01  -1.000000E+01   3.346347E+00  -4.166154E+00        14
   1.010516E+04   5.110381E+06   1.608718E+01   1.608718E+01   1.787464E+01   1.514281E+01  -1.000000E+01   3.346347E+00  -4.166154E+00        14
   1.011516E+04   5.120496E+06   1.608718E+01   1.608718E+01   1.787464E+01   1.514281E+01  -1.000000E+01   3.346347E+00  -4.166154E+00        14
   1.012516E+04   5.130620E+06   1.608718E+01   1.608718E+01   1.787464E+01   1.514281E+01  -1.000000E+01   3.346347E+00  -4.166154E+00        14
   1.013516E+04   5.140755E+06   1.608718E+01   1.608718E+01   1.787464E+01   1.514281E+01  -1.000000E+01   3.346347E+00  -4.166154E+00        14
   1.014516E+04   5.150900E+06   1.608718E+01   1.608718E+01   1.787464E+01   1.514281E+01  -1.000000E+01   3.346347E+00  -4.166154E+00        14
   1.015516E+04   5.161055E+06   1.608718E+01   1.608718E+01   1.787464E+01   1.514281E+01  -1.000000E+01   3.346347E+00  -4.166154E+00        14
   1.016516E+04   5.171219E+06   1.608718E+01   1.608718E+01   1.787464E+01   1.514281E+01  -1.000000E+01   3.346347E+00  -4.166154E+00        14
   1.017516E+04   5.181394E+06   1.608718E+01   1.608718E+01   1.787464E+01   1.514281E+01  -1.000000E+01   3.346347E+00  -4.166154E+00        14
   1.018516E+04   5.191579E+06   1.608718E+01   1.608718E+01   1.787464E+01   1.514281E+01  -1.000000E+01   3.346347E+00  -4.166154E+00        14
   1.019516E+04   5.201774E+06   1.608718E+01   1.608718E+01   1.787464E+01   1.514281E+01  -1.000000E+01   3.346347E+00  -4.166154E+00        14
   1.020516E+04   5.211979E+06   1.608718E+01   1.608718E+01   1.787464E+01   1.514281E+01  -1.000000E+01   3.346347E+00  -4.166154E+00        14
   1.021516E+04   5.222193E+06   1.608718E+01   1.608718E+01   1.787464E+01   1.514281E+01  -1.000000E+01   3.346347E+00  -4.166154E+00        14
   1.022516E+04   5.232418E+06   1.608718E+01   1.608718E+01   1.787464E+01   1.514281E+01  -1.000000E+01   3.346347E+00  -4.166154E+00        14
   1.023516E+04   5.242653E+06   1.608718E+01   1.608718E+01   1.787464E+01   1.514281E+01  -1.000000E+01   3.346347E+00  -4.166154E+00        14
   1.024516E+04   5.252898E+06   1.608718E+01   1.608718E+01   1.787464E+01   1.514281E+01  -1.000000E+01   3.346347E+00  -4.166154E+00        14
   1.025516E+04   5.263153E+06   1.608718E+01   1.608718E+01   1.787464E+01   1.514281E+01  -1.000000E+01   3.346347E+00  -4.166154E+00        14
   1.026516E+04   5.273417E+06   1.608718E+01   1.608718E+01   1.787464E+01   1.514281E+01  -1.000000E+01   3.346347E+00  -4.166154E+00        14
   1.027516E+04   5.283692E+06   1.608718E+01   1.608718E+01   1.787464E+01   1.514281E+01  -1.000000E+01   3.346347E+00  -4.166154E+00        14
   1.028516E+04   5.293977E+06   1.608718E+01   1.608718E+01   1.787464E+01   1.514281E+01  -1.000000E+01   3.346347E+00  -4.166154E+00        14
   1.029516E+04   5.304272E+06   1.608718E+01   1.608718E+01   1.787464E+01   1.514281E+01  -1.000000E+01   3.346347E+00  -4.166154E+00        14
   1.030516E+04   5.314576E+06   1.608718E+01   1.608718E+01   1.787464E+01   1.514281E+01  -1.000000E+01   3.346347E+00  -4.166154E+00        14
   1.031516E+04   5.324891E+06   1.608718E+01   1.608718E+01   1.787464E+01   1.514281E+01  -1.000000E+01   3.346347E+00  -4.166154E+00        14
   1.032516E+04   5.335216E+06   1.608718E+01   1.608718E+01   1.787464E+01   1.514281E+01  -1.000000E+01   3.346347E+00  -4.166154E+00        14
   1.033516E+04   5.345551E+06   1.608718E+01   1.608718E+01   1.787464E+01   1.514281E+01  -1.000000E+01   3.346347E+00  -4.166154E+00        14
   1.034516E+04   5.355896E+06   1.608718E+01   1.608718E+01   1.787464E+01   1.514281E+01  -1.000000E+01   3.346347E+00  -4.166154E+00        14
   1.035516E+04   5.366250E+06   1.608718E+01   1.608718E+01   1.787464E+01   1.514281E+01  -1.000000E+01   3.346347E+00  -4.166154E+00        14
   1.036516E+04   5.376615E+06   1.608718E+01   1.608718E+01   1.787464E+01   1.514281E+01  -1.000000E+01   3.346347E+00  -4.166154E+00        14
   1.037516E+04   5.386990E+06   1.608718E+01   1.608718E+01   1.787464E+01   1.514281E+01  -1.000000E+01   3.346347E+00  -4.166154E+00        14
   1.038516E+04   5.397375E+06   1.608718E+01   1.608718E+01   1.787464E+01   1.514281E+01  -1.000000E+01   3.346347E+00  -4.166154E+00        14
   1.039516E+04   5.407769E+06   1.608718E+01   1.608718E+01   1.787464E+01   1.514281E+01  -1.000000E+01   3.346347E+00  -4.166154E+00        14
   1.040516E+04   5.418174E+06   1.608718E+01   1.608718E+01   1.787464E+01   1.514281E+01  -1.000000E+01   3.346347E+00  -4.166154E+00        14
   1.041516E+04   5.428589E+06   1.608718E+01   1.608718E+01   1.787464E+01   1.514281E+01  -1.000000E+01   3.346347E+00  -4.166154E+00        14
   1.042516E+04   5.439014E+06   1.608718E+01   1.608718E+01   1.787464E+01   1.514281E+01  -1.000000E+01   3.346347E+00  -4.166154E+00        14
   1.043516E+04   5.449449E+06   1.608718E+01   1.608718E+01   1.787464E+01   1.514281E+01  -1.000000E+01   3.346347E+00  -4.166154E+00        14
   1.044516E+04   5.459893E+06   1.608718E+01   1.608718E+01   1.787464E+01   1.514281E+01  -1.000000E+01   3.346347E+00  -4.166154E+00        14
   1.045516E+04   5.470348E+06   1.608718E+01   1.608718E+01   1.787464E+01   1.514281E+01  -1.000000E+01   3.346347E+00  -4.166154E+00        14
   1.046516E+04   5.480813E+06   1.608718E+01   1.608718E+01   1.787464E+01   1.514281E+01  -1.000000E+01   3.346347E+00  -4.166154E+00        14
   1.047516E+04   5.491288E+06   1.608718E+01   1.608718E+01   1.787464E+01   1.514281E+01  -1.000000E+01   3.346347E+00  -4.166154E+00        14
   1.048516E+04   5.501773E+06   1.608718E+01   1.608718E+01   1.787464E+01   1.514281E+01  -1.000000E+01   3.346347E+00  -4.166154E+00        14
   1.049516E+04   5.512267E+06   1.608718E+01   1.608718E+01   1.787464E+01   1.514281E+01  -1.000000E+01   3.346347E+00  -4.166154E+00        14
   1.050516E+04   5.522772E+06   1.608718E+01   1.608718E+01   1.787464E+01   1.514281E+01  -1.000000E+01   3.346347E+00  -4.166154E+00        14
   1.051516E+04   5.533287E+06   1.608718E+01   1.608718E+01   1.787464E+01   1.514281E+01  -1.000000E+01   3.346347E+00  -4.166154E+00        14
   1.052516E+04   5.543812E+06   1.608718E+01   1.608718E+01   1.787464E+01   1.514281E+01  -1.000000E+01   3.346347E+00  -4.166154E+00        14
   1.053516E+04   5.554346E+06   1.608718E+01   1.608718E+01   1.787464E+01   1.514281E+01  -1.000000E+01   3.346347E+00  -4.166154E+00        14
   1.054516E+04   5.564891E+06   1.608718E+01   1.608718E+01   1.787464E+01   1.514281E+01  -1.000000E+01   3.346347E+00  -4.166154E+00        14
   1.055516E+04   5.575446E+06   1.608718E+01   1.608718E+01   1.787464E+01   1.514281E+01  -1.000000E+01   3.346347E+00  -4.166154E+00        14
   1.056516E+04   5.586011E+06   1.608718E+01   1.608718E+01   1.787464E+01   1.514281E+01  -1.000000E+01   3.346347E+00  -4.166154E+00        14
   1.057516E+04   5.596586E+06   1.608718E+01   1.608718E+01   1.787464E+01   1.514281E+01  -1.000000E+01   3.346347E+00  -4.166154E+00        14
   1.058516E+04   5.607170E+06   1.608718E+01   1.608718E+01   1.787464E+01   1.514281E+01  -1.000000E+01   3.346347E+00  -4.166154E+00        14
   1.059516E+04   5.617765E+06   1.608718E+01   1.608718E+01   1.787464E+01   1.514281E+01  -1.000000E+01   3.346347E+00  -4.166154E+00        14
   1.060516E+04   5.628370E+06   1.608718E+01   1.608718E+01   1.787464E+01   1.514281E+01  -1.000000E+01   3.346347E+00  -4.166154E+00        14
   1.061516E+04   5.638985E+06   1.608718E+01   1.608718E+01   1.787464E+01   1.514281E+01  -1.000000E+01   3.346347E+00  -4.166154E+00        14
   1.062516E+04   5.649609E+06   1.608718E+01   1.608718E+01   1.787464E+01   1.514281E+01  -1.000000E+01   3.346347E+00  -4.166154E+00        14
   1.063516E+04   5.660244E+06   1.608718E+01   1.608718E+01   1.787464E+01   1.514281E+01  -1.000000E+01   3.346347E+00  -4.166154E+00        14
   1.064516E+04   5.670889E+06   1.608718E+01   1.608718E+01   1.787464E+01   1.514281E+01  -1.000000E+01   3.346347E+00  -4.166154E+00        14
   1.065516E+04   5.681544E+06   1.608718E+01   1.608718E+01   1.787464E+01   1.514281E+01  -1.000000E+01   3.346347E+00  -4.166154E+00        14
   1.066516E+04   5.692209E+06   1.608718E+01   1.608718E+01   1.787464E+01   1.514281E+01  -1.000000E+01   3.346347E+00  -4.166154E+00        14
   1.067516E+04   5.702883E+06   1.608718E+01   1.608718E+01   1.787464E+01   1.514281E+01  -1.000000E+01   3.346347E+00  -4.166154E+00        14
   1.068516E+04   5.713568E+06   1.608718E+01   1.608718E+01   1.787464E+01   1.514281E+01  -1.000000E+01   3.346347E+00  -4.166154E+00        14
   1.069516E+04   5.724263E+06   1.608718E+01   1.608718E+01   1.787464E+01   1.514281E+01  -1.000000E+01   3.346347E+00  -4.166154E+00        14
   1.070516E+04   5.734968E+06   1.608718E+01   1.608718E+01   1.787464E+01   1.514281E+01  -1.000000E+01   3.346347E+00  -4.166154E+00        14
   1.071516E+04   5.745683E+06   1.608718E+01   1.608718E+01   1.787464E+01   1.514281E+01  -1.000000E+01   3.346347E+00  -4.166154E+00        14
   1.072516E+04   5.756407E+06   1.608718E+01   1.608718E+01   1.787464E+01   1.514281E+01  -1.000000E+01   3.346347E+00  -4.166154E+00        14
   1.073516E+04   5.767142E+06   1.608718E+01   1.608718E+01   1.787464E+01   1.514281E+01  -1.000000E+01   3.346347E+00  -4.166154E+00        14
   1.074516E+04   5.777887E+06   1.608718E+01   1.608718E+01   1.787464E+01   1.514281E+01  -1.000000E+01   3.346347E+00  -4.166154E+00        14
   1.075516E+04   5.788642E+06   1.608718E+01   1.608718E+01   1.787464E+01   1.514281E+01  -1.000000E+01   3.346347E+00  -4.166154E+00        14
   1.076516E+04   5.799406E+06   1.608718E+01   1.608718E+01   1.787464E+01   1.514281E+01  -1.000000E+01   3.346347E+00  -4.166154E+00        14
   1.077516E+04   5.810181E+06   1.608718E+01   1.608718E+01   1.787464E+01   1.514281E+01  -1.000000E+01   3.346347E+00  -4.166154E+00        14
   1.078516E+04   5.820966E+06   1.608718E+01   1.608718E+01   1.787464E+01   1.514281E+01  -1.000000E+01   3.346347E+00  -4.166154E+00        14
   1.079516E+04   5.831761E+06   1.608718E+01   1.608718E+01   1.787464E+01   1.514281E+01  -1.000000E+01   3.346347E+00  -4.166154E+00        14
   1.080516E+04   5.842566E+06   1.608718E+01   1.608718E+01   1.787464E+01   1.514281E+01  -1.000000E+01   3.346347E+00  -4.166154E+00        14
   1.081516E+04   5.853380E+06   1.608718E+01   1.608718E+01   1.787464E+01   1.514281E+01  -1.000000E+01   3.346347E+00  -4.166154E+00        14
   1.082516E+04   5.864205E+06   1.608718E+01   1.608718E+01   1.787464E+01   1.514281E+01  -1.000000E+01   3.346347E+00  -4.166154E+00        14
   1.083516E+04   5.875040E+06   1.608718E+01   1.608718E+01   1.787464E+01   1.514281E+01  -1.000000E+01   3.346347E+00  -4.166154E+00        14
   1.084516E+04   5.885885E+06   1.608718E+01   1.608718E+01   1.787464E+01   1.514281E+01  -1.000000E+01   3.346347E+00  -4.166154E+00        14
   1.085516E+04   5.896739E+06   1.608718E+01   1.608718E+01   1.787464E+01   1.514281E+01  -1.000000E+01   3.346347E+00  -4.166154E+00        14
   1.086516E+04   5.907604E+06   1.608718E+01   1.608718E+01   1.787464E+01   1.514281E+01  -1.000000E+01   3.346347E+00  -4.166154E+00        14
   1.087516E+04   5.918479E+06   1.608718E+01   1.608718E+01   1.787464E+01   1.514281E+01  -1.000000E+01   3.346347E+00  -4.166154E+00        14
   1.088516E+04   5.929364E+06   1.608718E+01   1.608718E+01   1.787464E+01   1.514281E+01  -1.000000E+01   3.346347E+00  -4.166154E+00        14
   1.089516E+04   5.940259E+06   1.608718E+01   1.608718E+01   1.787464E+01   1.514281E+01  -1.000000E+01   3.346347E+00  -4.166154E+00        14
   1.090516E+04   5.951163E+06   1.608718E+01   1.608718E+01   1.787464E+01   1.514281E+01  -1.000000E+01   3.346347E+00  -4.166154E+00        14
   1.091516E+04   5.962078E+06   1.608718E+01   1.608718E+01   1.787464E+01   1.514281E+01  -1.000000E+01   3.346347E+00  -4.166154E+00        14
   1.092516E+04   5.973003E+06   1.608718E+01   1.608718E+01   1.787464E+01   1.514281E+01  -1.000000E+01   3.346347E+00  -4.166154E+00        14
   1.093516E+04   5.983938E+06   1.608718E+01   1.608718E+01   1.787464E+01   1.514281E+01  -1.000000E+01   3.346347E+00  -4.166154E+00        14
   1.094516E+04   5.994883E+06   1.608718E+01   1.608718E+01   1.787464E+01   1.514281E+01  -1.000000E+01   3.346347E+00  -4.166154E+00        14
   1.095516E+04   6.005837E+06   1.608718E+01   1.608718E+01   1.787464E+01   1.514281E+01  -1.000000E+01   3.346347E+00  -4.166154E+00        14
   1.096516E+04   6.016802E+06   1.608718E+01   1.608718E+01   1.787464E+01   1.514281E+01  -1.000000E+01   3.346347E+00  -4.166154E+00        14
   1.097516E+04   6.027777E+06   1.608718E+01   1.608718E+01   1.787464E+01   1.514281E+01  -1.000000E+01   3.346347E+00  -4.166154E+00        14
   1.098516E+04   6.038762E+06   1.608718E+01   1.608718E+01   1.787464E+01   1.514281E+01  -1.000000E+01   3.346347E+00  -4.166154E+00        14
   1.099516E+04   6.049756E+06   1.608718E+01   1.608718E+01   1.787464E+01   1.514281E+01  -1.000000E+01   3.346347E+00  -4.166154E+00        14
   1.100516E+04   6.060761E+06   1.608718E+01   1.608718E+01   1.787464E+01   1.514281E+01  -1.000000E+01   3.346347E+00  -4.166154E+00        14
   1.101516E+04   6.071776E+06   1.608718E+01   1.608718E+01   1.787464E+01   1.514281E+01  -1.000000E+01   3.346347E+00  -4.166154E+00        14
   1.102516E+04   6.082801E+06   1.608718E+01   1.608718E+01   1.787464E+01   1.514281E+01  -1.000000E+01   3.346347E+00  -4.166154E+00        14
   1.103516E+04   6.093836E+06   1.608718E+01   1.608718E+01   1.787464E+01   1.514281E+01  -1.000000E+01   3.346347E+00  -4.166154E+00        14
   1.104516E+04   6.104880E+06   1.608718E+01   1.608718E+01   1.787464E+01   1.514281E+01  -1.000000E+01   3.346347E+00  -4.166154E+00        14
   1.105516E+04   6.115935E+06   1.608718E+01   1.608718E+01   1.787464E+01   1.514281E+01  -1.000000E+01   3.346347E+00  -4.166154E+00        14
   1.106516E+04   6.127000E+06   1.608718E+01   1.608718E+01   1.787464E+01   1.514281E+01  -1.000000E+01   3.346347E+00  -4.166154E+00        14
   1.107516E+04   6.138075E+06   1.608718E+01   1.608718E+01   1.787464E+01   1.514281E+01  -1.000000E+01   3.346347E+00  -4.166154E+00        14
   1.108516E+04   6.149159E+06   1.608718E+01   1.608718E+01   1.787464E+01   1.514281E+01  -1.000000E+01   3.346347E+00  -4.166154E+00        14
   1.109516E+04   6.160254E+06   1.608718E+01   1.608718E+01   1.787464E+01   1.514281E+01  -1.000000E+01   3.346347E+00  -4.166154E+00        14
   1.110516E+04   6.171359E+06   1.608718E+01   1.608718E+01   1.787464E+01   1.514281E+01  -1.000000E+01   3.346347E+00  -4.166154E+00        14
   1.111516E+04   6.182474E+06   1.608718E+01   1.608718E+01   1.787464E+01   1.514281E+01  -1.000000E+01   3.346347E+00  -4.166154E+00        14
   1.112516E+04   6.193599E+06   1.608718E+01   1.608718E+01   1.787464E+01   1.514281E+01  -1.000000E+01   3.346347E+00  -4.166154E+00        14
   1.113516E+04   6.204733E+06   1.608718E+01   1.608718E+01   1.787464E+01   1.514281E+01  -1.000000E+01   3.346347E+00  -4.166154E+00        14
   1.114516E+04   6.215878E+06   1.608718E+01   1.608718E+01   1.787464E+01   1.514281E+01  -1.000000E+01   3.346347E+00  -4.166154E+00        14
   1.115516E+04   6.227033E+06   1.608718E+01   1.608718E+01   1.787464E+01   1.514281E+01  -1.000000E+01   3.346347E+00  -4.166154E+00        14
   1.116516E+04   6.238198E+06   1.608718E+01   1.608718E+01   1.787464E+01   1.514281E+01  -1.000000E+01   3.346347E+00  -4.166154E+00        14
   1.117516E+04   6.249373E+06   1.608718E+01   1.608718E+01   1.787464E+01   1.514281E+01  -1.000000E+01   3.346347E+00  -4.166154E+00        14
   1.118516E+04   6.260557E+06   1.608718E+01   1.608718E+01   1.787464E+01   1.514281E+01  -1.000000E+01   3.346347E+00  -4.166154E+00        14
   1.119516E+04   6.271752E+06   1.608718E+01   1.608718E+01   1.787464E+01   1.514281E+01  -1.000000E+01   3.346347E+00  -4.166154E+00        14
   1.120516E+04   6.282957E+06   1.608718E+01   1.608718E+01   1.787464E+01   1.514281E+01  -1.000000E+01   3.346347E+00  -4.166154E+00        14
   1.121516E+04   6.294172E+06   1.608718E+01   1.608718E+01   1.787464E+01   1.514281E+01  -1.000000E+01   3.346347E+00  -4.166154E+00        14
   1.122516E+04   6.305396E+06   1.608718E+01   1.608718E+01   1.787464E+01   1.514281E+01  -1.000000E+01   3.346347E+00  -4.166154E+00        14
   1.123516E+04   6.316631E+06   1.608718E+01   1.608718E+01   1.787464E+01   1.514281E+01  -1.000000E+01   3.346347E+00  -4.166154E+00        14
   1.124516E+04   6.327876E+06   1.608718E+01   1.608718E+01   1.787464E+01   1.514281E+01  -1.000000E+01   3.346347E+00  -4.166154E+00        14
   1.125516E+04   6.339131E+06   1.608718E+01   1.608718E+01   1.787464E+01   1.514281E+01  -1.000000E+01   3.346347E+00  -4.166154E+00        14
   1.126516E+04   6.350396E+06   1.608718E+01   1.608718E+01   1.787464E+01   1.514281E+01  -1.000000E+01   3.346347E+00  -4.166154E+00        14
   1.127516E+04   6.361670E+06   1.608718E+01   1.608718E+01   1.787464E+01   1.514281E+01  -1.000000E+01   3.346347E+00  -4.166154E+00        14
   1.128516E+04   6.372955E+06   1.608718E+01   1.608718E+01   1.787464E+01   1.514281E+01  -1.000000E+01   3.346347E+00  -4.166154E+00        14
   1.129516E+04   6.384250E+06   1.608718E+01   1.608718E+01   1.787464E+01   1.514281E+01  -1.000000E+01   3.346347E+00  -4.166154E+00        14
   1.130516E+04   6.395555E+06   1.608718E+01   1.608718E+01   1.787464E+01   1.514281E+01  -1.000000E+01   3.346347E+00  -4.166154E+00        14
   1.131516E+04   6.406870E+06   1.608718E+01   1.608718E+01   1.787464E+01   1.514281E+01  -1.000000E+01   3.346347E+00  -4.166154E+00        14
   1.132516E+04   6.418194E+06   1.608718E+01   1.608718E+01   1.787464E+01   1.514281E+01  -1.000000E+01   3.346347E+00  -4.166154E+00        14
   1.133516E+04   6.429529E+06   1.608718E+01   1.608718E+01   1.787464E+01   1.514281E+01  -1.000000E+01   3.346347E+00  -4.166154E+00        14
   1.134516E+04   6.440874E+06   1.608718E+01   1.608718E+01   1.787464E+01   1.514281E+01  -1.000000E+01   3.346347E+00  -4.166154E+00        14
   1.135516E+04   6.452229E+06   1.608718E+01   1.608718E+01   1.787464E+01   1.514281E+01  -1.000000E+01   3.346347E+00  -4.166154E+00        14
   1.136516E+04   6.463593E+06   1.608718E+01   1.608718E+01   1.787464E+01   1.514281E+01  -1.000000E+01   3.346347E+00  -4.166154E+00        14
   1.137516E+04   6.474968E+06   1.608718E+01   1.608718E+01   1.787464E+01   1.514281E+01  -1.000000E+01   3.346347E+00  -4.166154E+00        14
   1.138516E+04   6.486353E+06   1.608718E+01   1.608718E+01   1.787464E+01   1.514281E+01  -1.000000E+01   3.346347E+00  -4.166154E+00        14
   1.139516E+04   6.497748E+06   1.608718E+01   1.608718E+01   1.787464E+01   1.514281E+01  -1.000000E+01   3.346347E+00  -4.166154E+00        14
   1.140516E+04   6.509153E+06   1.608718E+01   1.608718E+01   1.787464E+01   1.514281E+01  -1.000000E+01   3.346347E+00  -4.166154E+00        14
   1.141516E+04   6.520567E+06   1.608718E+01   1.608718E+01   1.787464E+01   1.514281E+01  -1.000000E+01   3.346347E+00  -4.166154E+00        14
   1.142516E+04   6.531992E+06   1.608718E+01   1.608718E+01   1.787464E+01   1.514281E+01  -1.000000E+01   3.346347E+00  -4.166154E+00        14
   1.143516E+04   6.543427E+06   1.608718E+01   1.608718E+01   1.787464E+01   1.514281E+01  -1.000000E+01   3.346347E+00  -4.166154E+00        14
   1.144516E+04   6.554872E+06   1.608718E+01   1.608718E+01   1.787464E+01   1.514281E+01  -1.000000E+01   3.346347E+00  -4.166154E+00        14
   1.145516E+04   6.566326E+06   1.608718E+01   1.608718E+01   1.787464E+01   1.514281E+01  -1.000000E+01   3.346347E+00  -4.166154E+00        14
   1.146516E+04   6.577791E+06   1.608718E+01   1.608718E+01   1.787464E+01   1.514281E+01  -1.000000E+01   3.346347E+00  -4.166154E+00        14
   1.147516E+04   6.589266E+06   1.608718E+01   1.608718E+01   1.787464E+01   1.514281E+01  -1.000000E+01   3.346347E+00  -4.166154E+00        14
   1.148516E+04   6.600751E+06   1.608718E+01   1.608718E+01   1.787464E+01   1.514281E+01  -1.000000E+01   3.346347E+00  -4.166154E+00        14
   1.149516E+04   6.612246E+06   1.608718E+01   1.608718E+01   1.787464E+01   1.514281E+01  -1.000000E+01   3.346347E+00  -4.166154E+00        14
   1.150516E+04   6.623750E+06   1.608718E+01   1.608718E+01   1.787464E+01   1.514281E+01  -1.000000E+01   3.346347E+00  -4.166154E+00        14
   1.151516E+04   6.635265E+06   1.608718E+01   1.608718E+01   1.787464E+01   1.514281E+01  -1.000000E+01   3.346347E+00  -4.166154E+00        14
   1.152516E+04   6.646790E+06   1.608718E+01   1.608718E+01   1.787464E+01   1.514281E+01  -1.000000E+01   3.346347E+00  -4.166154E+00        14
   1.153516E+04   6.658325E+06   1.608718E+01   1.608718E+01   1.787464E+01   1.514281E+01  -1.000000E+01   3.346347E+00  -4.166154E+00        14
   1.154516E+04   6.669870E+06   1.608718E+01   1.608718E+01   1.787464E+01   1.514281E+01  -1.000000E+01   3.346347E+00  -4.166154E+00        14
   1.155516E+04   6.681424E+06   1.608718E+01   1.608718E+01   1.787464E+01   1.514281E+01  -1.000000E+01   3.346347E+00  -4.166154E+00        14
   1.156516E+04   6.692989E+06   1.608718E+01   1.608718E+01   1.787464E+01   1.514281E+01  -1.000000E+01   3.346347E+00  -4.166154E+00        14
   1.157516E+04   6.704564E+06   1.608718E+01   1.608718E+01   1.787464E+01   1.514281E+01  -1.000000E+01   3.346347E+00  -4.166154E+00        14
   1.158516E+04   6.716149E+06   1.608718E+01   1.608718E+01   1.787464E+01   1.514281E+01  -1.000000E+01   3.346347E+00  -4.166154E+00        14
   1.159516E+04   6.727743E+06   1.608718E+01   1.608718E+01   1.787464E+01   1.514281E+01  -1.000000E+01   3.346347E+00  -4.166154E+00        14
   1.160516E+04   6.739348E+06   1.608718E+01   1.608718E+01   1.787464E+01   1.514281E+01  -1.000000E+01   3.346347E+00  -4.166154E+00        14
   1.161516E+04   6.750963E+06   1.608718E+01   1.608718E+01   1.787464E+01   1.514281E+01  -1.000000E+01   3.346347E+00  -4.166154E+00        14
   1.162516E+04   6.762588E+06   1.608718E+01   1.608718E+01   1.787464E+01   1.514281E+01  -1.000000E+01   3.346347E+00  -4.166154E+00        14
   1.163516E+04   6.774223E+06   1.608718E+01   1.608718E+01   1.787464E+01   1.514281E+01  -1.000000E+01   3.346347E+00  -4.166154E+00        14
   1.164516E+04   6.785867E+06   1.608718E+01   1.608718E+01   1.787464E+01   1.514281E+01  -1.000000E+01   3.346347E+00  -4.166154E+00        14
   1.165516E+04   6.797522E+06   1.608718E+01   1.608718E+01   1.787464E+01   1.514281E+01  -1.000000E+01   3.346347E+00  -4.166154E+00        14
   1.166516E+04   6.809187E+06   1.608718E+01   1.608718E+01   1.787464E+01   1.514281E+01  -1.000000E+01   3.346347E+00  -4.166154E+00        14
   1.167516E+04   6.820862E+06   1.608718E+01   1.608718E+01   1.787464E+01   1.514281E+01  -1.000000E+01   3.346347E+00  -4.166154E+00        14
   1.168516E+04   6.832546E+06   1.608718E+01   1.608718E+01   1.787464E+01   1.514281E+01  -1.000000E+01   3.346347E+00  -4.166154E+00        14
   1.169516E+04   6.844241E+06   1.608718E+01   1.608718E+01   1.787464E+01   1.514281E+01  -1.000000E+01   3.346347E+00  -4.166154E+00        14
   1.170516E+04   6.855946E+06   1.608718E+01   1.608718E+01   1.787464E+01   1.514281E+01  -1.000000E+01   3.346347E+00  -4.166154E+00        14
   1.171516E+04   6.867661E+06   1.608718E+01   1.608718E+01   1.787464E+01   1.514281E+01  -1.000000E+01   3.346347E+00  -4.166154E+00        14
   1.172516E+04   6.879386E+06   1.608718E+01   1.608718E+01   1.787464E+01   1.514281E+01  -1.000000E+01   3.346347E+00  -4.166154E+00        14
   1.173516E+04   6.891120E+06   1.608718E+01   1.608718E+01   1.787464E+01   1.514281E+01  -1.000000E+01   3.346347E+00  -4.166154E+00        14
   1.174516E+04   6.902865E+06   1.608718E+01   1.608718E+01   1.787464E+01   1.514281E+01  -1.000000E+01   3.346347E+00  -4.166154E+00        14
   1.175516E+04   6.914620E+06   1.608718E+01   1.608718E+01   1.787464E+01   1.514281E+01  -1.000000E+01   3.346347E+00  -4.166154E+00        14
   1.176516E+04   6.926385E+06   1.608718E+01   1.608718E+01   1.787464E+01   1.514281E+01  -1.000000E+01   3.346347E+00  -4.166154E+00        14
   1.177516E+04   6.938160E+06   1.608718E+01   1.608718E+01   1.787464E+01   1.514281E+01  -1.000000E+01   3.346347E+00  -4.166154E+00        14
   1.178516E+04   6.949944E+06   1.608718E+01   1.608718E+01   1.787464E+01   1.514281E+01  -1.000000E+01   3.346347E+00  -4.166154E+00        14
   1.179516E+04   6.961739E+06   1.608718E+01   1.608718E+01   1.787464E+01   1.514281E+01  -1.000000E+01   3.346347E+00  -4.166154E+00        14
   1.180516E+04   6.973544E+06   1.608718E+01   1.608718E+01   1.787464E+01   1.514281E+01  -1.000000E+01   3.346347E+00  -4.166154E+00        14
   1.181516E+04   6.985359E+06   1.608718E+01   1.608718E+01   1.787464E+01   1.514281E+01  -1.000000E+01   3.346347E+00  -4.166154E+00        14
   1.182516E+04   6.997183E+06   1.608718E+01   1.608718E+01   1.787464E+01   1.514281E+01  -1.000000E+01   3.346347E+00  -4.166154E+00        14
   1.183516E+04   7.009018E+06   1.608718E+01   1.608718E+01   1.787464E+01   1.514281E+01  -1.000000E+01   3.346347E+00  -4.166154E+00        14
   1.184516E+04   7.020863E+06   1.608718E+01   1.608718E+01   1.787464E+01   1.514281E+01  -1.000000E+01   3.346347E+00  -4.166154E+00        14
   1.185516E+04   7.032718E+06   1.608718E+01   1.608718E+01   1.787464E+01   1.514281E+01  -1.000000E+01   3.346347E+00  -4.166154E+00        14
   1.186516E+04   7.044583E+06   1.608718E+01   1.608718E+01   1.787464E+01   1.514281E+01  -1.000000E+01   3.346347E+00  -4.166154E+00        14
   1.187516E+04   7.056457E+06   1.608718E+01   1.608718E+01   1.787464E+01   1.514281E+01  -1.000000E+01   3.346347E+00  -4.166154E+00        14
   1.188516E+04   7.068342E+06   1.608718E+01   1.608718E+01   1.787464E+01   1.514281E+01  -1.000000E+01   3.346347E+00  -4.166154E+00        14
   1.189516E+04   7.080237E+06   1.608718E+01   1.608718E+01   1.787464E+01   1.514281E+01  -1.000000E+01   3.346347E+00  -4.166154E+00        14
   1.190516E+04   7.092142E+06   1.608718E+01   1.608718E+01   1.787464E+01   1.514281E+01  -1.000000E+01   3.346347E+00  -4.166154E+00        14
   1.191516E+04   7.104056E+06   1.608718E+01   1.608718E+01   1.787464E+01   1.514281E+01  -1.000000E+01   3.346347E+00  -4.166154E+00        14
   1.192516E+04   7.115981E+06   1.608718E+01   1.608718E+01   1.787464E+01   1.514281E+01  -1.000000E+01   3.346347E+00  -4.166154E+00        14
   1.193516E+04   7.127916E+06   1.608718E+01   1.608718E+01   1.787464E+01   1.514281E+01  -1.000000E+01   3.346347E+00  -4.166154E+00        14
   1.194516E+04   7.139861E+06   1.608718E+01   1.608718E+01   1.787464E+01   1.514281E+01  -1.000000E+01   3.346347E+00  -4.166154E+00        14
   1.195516E+04   7.151816E+06   1.608718E+01   1.608718E+01   1.787464E+01   1.514281E+01  -1.000000E+01   3.346347E+00  -4.166154E+00        14
   1.196516E+04   7.163780E+06   1.608718E+01   1.608718E+01   1.787464E+01   1.514281E+01  -1.000000E+01   3.346347E+00  -4.166154E+00        14
   1.197516E+04   7.175755E+06   1.608718E+01   1.608718E+01   1.787464E+01   1.514281E+01  -1.000000E+01   3.346347E+00  -4.166154E+00        14
   1.198516E+04   7.187740E+06   1.608718E+01   1.608718E+01   1.787464E+01   1.514281E+01  -1.000000E+01   3.346347E+00  -4.166154E+00        14
   1.199516E+04   7.199735E+06   1.608718E+01   1.608718E+01   1.787464E+01   1.514281E+01  -1.000000E+01   3.346347E+00  -4.166154E+00        14
   1.200516E+04   7.211740E+06   1.608718E+01   1.608718E+01   1.787464E+01   1.514281E+01  -1.000000E+01   3.346347E+00  -4.166154E+00        14
   1.201516E+04   7.223754E+06   1.608718E+01   1.608718E+01   1.787464E+01   1.514281E+01  -1.000000E+01   3.346347E+00  -4.166154E+00        14
   1.202516E+04   7.235779E+06   1.608718E+01   1.608718E+01   1.787464E+01   1.514281E+01  -1.000000E+01   3.346347E+00  -4.166154E+00        14
   1.203516E+04   7.247814E+06   1.608718E+01   1.608718E+01   1.787464E+01   1.514281E+01  -1.000000E+01   3.346347E+00  -4.166154E+00        14
   1.204516E+04   7.259859E+06   1.608718E+01   1.608718E+01   1.787464E+01   1.514281E+01  -1.000000E+01   3.346347E+00  -4.166154E+00        14
   1.205516E+04   7.271913E+06   1.608718E+01   1.608718E+01   1.787464E+01   1.514281E+01  -1.000000E+01   3.346347E+00  -4.166154E+00        14
   1.206516E+04   7.283978E+06   1.608718E+01   1.608718E+01   1.787464E+01   1.514281E+01  -1.000000E+01   3.346347E+00  -4.166154E+00        14
   1.207516E+04   7.296053E+06   1.608718E+01   1.608718E+01   1.787464E+01   1.514281E+01  -1.000000E+01   3.346347E+00  -4.166154E+00        14
   1.208516E+04   7.308138E+06   1.608718E+01   1.608718E+01   1.787464E+01   1.514281E+01  -1.000000E+01   3.346347E+00  -4.166154E+00        14
   1.209516E+04   7.320233E+06   1.608718E+01   1.608718E+01   1.787464E+01   1.514281E+01  -1.000000E+01   3.346347E+00  -4.166154E+00        14
   1.210516E+04   7.332337E+06   1.608718E+01   1.608718E+01   1.787464E+01   1.514281E+01  -1.000000E+01   3.346347E+00  -4.166154E+00        14
   1.211516E+04   7.344452E+06   1.608718E+01   1.608718E+01   1.787464E+01   1.514281E+01  -1.000000E+01   3.346347E+00  -4.166154E+00        14
   1.212516E+04   7.356577E+06   1.608718E+01   1.608718E+01   1.787464E+01   1.514281E+01  -1.000000E+01   3.346347E+00  -4.166154E+00        14
   1.213516E+04   7.368712E+06   1.608718E+01   1.608718E+01   1.787464E+01   1.514281E+01  -1.000000E+01   3.346347E+00  -4.166154E+00        14
   1.214516E+04   7.380856E+06   1.608718E+01   1.608718E+01   1.787464E+01   1.514281E+01  -1.000000E+01   3.346347E+00  -4.166154E+00        14
   1.215516E+04   7.393011E+06   1.608718E+01   1.608718E+01   1.787464E+01   1.514281E+01  -1.000000E+01   3.346347E+00  -4.166154E+00        14
   1.216516E+04   7.405176E+06   1.608718E+01   1.608718E+01   1.787464E+01   1.514281E+01  -1.000000E+01   3.346347E+00  -4.166154E+00        14
   1.217516E+04   7.417351E+06   1.608718E+01   1.608718E+01   1.787464E+01   1.514281E+01  -1.000000E+01   3.346347E+00  -4.166154E+00        14
   1.218516E+04   7.429536E+06   1.608718E+01   1.608718E+01   1.787464E+01   1.514281E+01  -1.000000E+01   3.346347E+00  -4.166154E+00        14
   1.219516E+04   7.441730E+06   1.608718E+01   1.608718E+01   1.787464E+01   1.514281E+01  -1.000000E+01   3.346347E+00  -4.166154E+00        14
   1.220516E+04   7.453935E+06   1.608718E+01   1.608718E+01   1.787464E+01   1.514281E+01  -1.000000E+01   3.346347E+00  -4.166154E+00        14
   1.221516E+04   7.466150E+06   1.608718E+01   1.608718E+01   1.787464E+01   1.514281E+01  -1.000000E+01   3.346347E+00  -4.166154E+00        14
   1.222516E+04   7.478375E+06   1.608718E+01   1.608718E+01   1.787464E+01   1.514281E+01  -1.000000E+01   3.346347E+00  -4.166154E+00        14
   1.223516E+04   7.490610E+06   1.608718E+01   1.608718E+01   1.787464E+01   1.514281E+01  -1.000000E+01   3.346347E+00  -4.166154E+00        14
   1.224516E+04   7.502854E+06   1.608718E+01   1.608718E+01   1.787464E+01   1.514281E+01  -1.000000E+01   3.346347E+00  -4.166154E+00        14
   1.225516E+04   7.515109E+06   1.608718E+01   1.608718E+01   1.787464E+01   1.514281E+01  -1.000000E+01   3.346347E+00  -4.166154E+00        14
   1.226516E+04   7.527374E+06   1.608718E+01   1.608718E+01   1.787464E+01   1.514281E+01  -1.000000E+01   3.346347E+00  -4.166154E+00        14
   1.227516E+04   7.539649E+06   1.608718E+01   1.608718E+01   1.787464E+01   1.514281E+01  -1.000000E+01   3.346347E+00  -4.166154E+00        14
   1.228516E+04   7.551933E+06   1.608718E+01   1.608718E+01   1.787464E+01   1.514281E+01  -1.000000E+01   3.346347E+00  -4.166154E+00        14
   1.229516E+04   7.564228E+06   1.608718E+01   1.608718E+01   1.787464E+01   1.514281E+01  -1.000000E+01   3.346347E+00  -4.166154E+00        14
   1.230516E+04   7.576533E+06   1.608718E+01   1.608718E+01   1.787464E+01   1.514281E+01  -1.000000E+01   3.346347E+00  -4.166154E+00        14
   1.231516E+04   7.588848E+06   1.608718E+01   1.608718E+01   1.787464E+01   1.514281E+01  -1.000000E+01   3.346347E+00  -4.166154E+00        14
   1.232516E+04   7.601173E+06   1.608718E+01   1.608718E+01   1.787464E+01   1.514281E+01  -1.000000E+01   3.346347E+00  -4.166154E+00        14
   1.233516E+04   7.613507E+06   1.608718E+01   1.608718E+01   1.787464E+01   1.514281E+01  -1.000000E+01   3.346347E+00  -4.166154E+00        14
   1.234516E+04   7.625852E+06   1.608718E+01   1.608718E+01   1.787464E+01   1.514281E+01  -1.000000E+01   3.346347E+00  -4.166154E+00        14
   1.235516E+04   7.638207E+06   1.608718E+01   1.608718E+01   1.787464E+01   1.514281E+01  -1.000000E+01   3.346347E+00  -4.166154E+00        14
   1.236516E+04   7.650572E+06   1.608718E+01   1.608718E+01   1.787464E+01   1.514281E+01  -1.000000E+01   3.346347E+00  -4.166154E+00        14
   1.237516E+04   7.662946E+06   1.608718E+01   1.608718E+01   1.787464E+01   1.514281E+01  -1.000000E+01   3.346347E+00  -4.166154E+00        14
   1.238516E+04   7.675331E+06   1.608718E+01   1.608718E+01   1.787464E+01   1.514281E+01  -1.000000E+01   3.346347E+00  -4.166154E+00        14
   1.239516E+04   7.687726E+06   1.608718E+01   1.608718E+01   1.787464E+01   1.514281E+01  -1.000000E+01   3.346347E+00  -4.166154E+00        14
   1.240516E+04   7.700131E+06   1.608718E+01   1.608718E+01   1.787464E+01   1.514281E+01  -1.000000E+01   3.346347E+00  -4.166154E+00        14
   1.241516E+04   7.712546E+06   1.608718E+01   1.608718E+01   1.787464E+01   1.514281E+01  -1.000000E+01   3.346347E+00  -4.166154E+00        14
   1.242516E+04   7.724970E+06   1.608718E+01   1.608718E+01   1.787464E+01   1.514281E+01  -1.000000E+01   3.346347E+00  -4.166154E+00        14
   1.243516E+04   7.737405E+06   1.608718E+01   1.608718E+01   1.787464E+01   1.514281E+01  -1.000000E+01   3.346347E+00  -4.166154E+00        14
   1.244516E+04   7.749850E+06   1.608718E+01   1.608718E+01   1.787464E+01   1.514281E+01  -1.000000E+01   3.346347E+00  -4.166154E+00        14
   1.245516E+04   7.762305E+06   1.608718E+01   1.608718E+01   1.787464E+01   1.514281E+01  -1.000000E+01   3.346347E+00  -4.166154E+00        14
   1.246516E+04   7.774770E+06   1.608718E+01   1.608718E+01   1.787464E+01   1.514281E+01  -1.000000E+01   3.346347E+00  -4.166154E+00        14
   1.247516E+04   7.787244E+06   1.608718E+01   1.608718E+01   1.787464E+01   1.514281E+01  -1.000000E+01   3.346347E+00  -4.166154E+00        14
   1.248516E+04   7.799729E+06   1.608718E+01   1.608718E+01   1.787464E+01   1.514281E+01  -1.000000E+01   3.346347E+00  -4.166154E+00        14
   1.249516E+04   7.812224E+06   1.608718E+01   1.608718E+01   1.787464E+01   1.514281E+01  -1.000000E+01   3.346347E+00  -4.166154E+00        14
   1.250516E+04   7.824729E+06   1.608718E+01   1.608718E+01   1.787464E+01   1.514281E+01  -1.000000E+01   3.346347E+00  -4.166154E+00        14
   1.251516E+04   7.837243E+06   1.608718E+01   1.608718E+01   1.787464E+01   1.514281E+01  -1.000000E+01   3.346347E+00  -4.166154E+00        14
   1.252516E+04   7.849768E+06   1.608718E+01   1.608718E+01   1.787464E+01   1.514281E+01  -1.000000E+01   3.346347E+00  -4.166154E+00        14
   1.253516E+04   7.862303E+06   1.608718E+01   1.608718E+01   1.787464E+01   1.514281E+01  -1.000000E+01   3.346347E+00  -4.166154E+00        14
   1.254516E+04   7.874848E+06   1.608718E+01   1.608718E+01   1.787464E+01   1.514281E+01  -1.000000E+01   3.346347E+00  -4.166154E+00        14
   1.255516E+04   7.887403E+06   1.608718E+01   1.608718E+01   1.787464E+01   1.514281E+01  -1.000000E+01   3.346347E+00  -4.166154E+00        14
   1.256516E+04   7.899967E+06   1.608718E+01   1.608718E+01   1.787464E+01   1.514281E+01  -1.000000E+01   3.346347E+00  -4.166154E+00        14
   1.257516E+04   7.912542E+06   1.608718E+01   1.608718E+01   1.787464E+01   1.514281E+01  -1.000000E+01   3.346347E+00  -4.166154E+00        14
   1.258516E+04   7.925127E+06   1.608718E+01   1.608718E+01   1.787464E+01   1.514281E+01  -1.000000E+01   3.346347E+00  -4.166154E+00        14
   1.259516E+04   7.937722E+06   1.608718E+01   1.608718E+01   1.787464E+01   1.514281E+01  -1.000000E+01   3.346347E+00  -4.166154E+00        14
   1.260516E+04   7.950327E+06   1.608718E+01   1.608718E+01   1.787464E+01   1.514281E+01  -1.000000E+01   3.346347E+00  -4.166154E+00        14
   1.261516E+04   7.962941E+06   1.608718E+01   1.608718E+01   1.787464E+01   1.514281E+01  -1.000000E+01   3.346347E+00  -4.166154E+00        14
   1.262516E+04   7.975566E+06   1.608718E+01   1.608718E+01   1.787464E+01   1.514281E+01  -1.000000E+01   3.346347E+00  -4.166154E+00        14
   1.263516E+04   7.988201E+06   1.608718E+01   1.608718E+01   1.787464E+01   1.514281E+01  -1.000000E+01   3.346347E+00  -4.166154E+00        14
   1.264516E+04   8.000846E+06   1.608718E+01   1.608718E+01   1.787464E+01   1.514281E+01  -1.000000E+01   3.346347E+00  -4.166154E+00        14
   1.265516E+04   8.013500E+06   1.608718E+01   1.608718E+01   1.787464E+01   1.514281E+01  -1.000000E+01   3.346347E+00  -4.166154E+00        14
   1.266516E+04   8.026165E+06   1.608718E+01   1.608718E+01   1.787464E+01   1.514281E+01  -1.000000E+01   3.346347E+00  -4.166154E+00        14
   1.267516E+04   8.038840E+06   1.608718E+01   1.608718E+01   1.787464E+01   1.514281E+01  -1.000000E+01   3.346347E+00  -4.166154E+00        14
   1.268516E+04   8.051525E+06   1.608718E+01   1.608718E+01   1.787464E+01   1.514281E+01  -1.000000E+01   3.346347E+00  -4.166154E+00        14
   1.269516E+04   8.064220E+06   1.608718E+01   1.608718E+01   1.787464E+01   1.514281E+01  -1.000000E+01   3.346347E+00  -4.166154E+00        14
   1.270516E+04   8.076924E+06   1.608718E+01   1.608718E+01   1.787464E+01   1.514281E+01  -1.000000E+01   3.346347E+00  -4.166154E+00        14
   1.271516E+04   8.089639E+06   1.608718E+01   1.608718E+01   1.787464E+01   1.514281E+01  -1.000000E+01   3.346347E+00  -4.166154E+00        14
   1.272516E+04   8.102364E+06   1.608718E+01   1.608718E+01   1.787464E+01   1.514281E+01  -1.000000E+01   3.346347E+00  -4.166154E+00        14
   1.273516E+04   8.115099E+06   1.608718E+01   1.608718E+01   1.787464E+01   1.514281E+01  -1.000000E+01   3.346347E+00  -4.166154E+00        14
   1.274516E+04   8.127843E+06   1.608718E+01   1.608718E+01   1.787464E+01   1.514281E+01  -1.000000E+01   3.346347E+00  -4.166154E+00        14
   1.275516E+04   8.140598E+06   1.608718E+01   1.608718E+01   1.787464E+01   1.514281E+01  -1.000000E+01   3.346347E+00  -4.166154E+00        14
   1.276516E+04   8.153363E+06   1.608718E+01   1.608718E+01   1.787464E+01   1.514281E+01  -1.000000E+01   3.346347E+00  -4.166154E+00        14
   1.277516E+04   8.166138E+06   1.608718E+01   1.608718E+01   1.787464E+01   1.514281E+01  -1.000000E+01   3.346347E+00  -4.166154E+00        14
   1.278516E+04   8.178923E+06   1.608718E+01   1.608718E+01   1.787464E+01   1.514281E+01  -1.000000E+01   3.346347E+00  -4.166154E+00        14
   1.279516E+04   8.191717E+06   1.608718E+01   1.608718E+01   1.787464E+01   1.514281E+01  -1.000000E+01   3.346347E+00  -4.166154E+00        14
   1.280516E+04   8.204522E+06   1.608718E+01   1.608718E+01   1.787464E+01   1.514281E+01  -1.000000E+01   3.346347E+00  -4.166154E+00        14
   1.281516E+04   8.217337E+06   1.608718E+01   1.608718E+01   1.787464E+01   1.514281E+01  -1.000000E+01   3.346347E+00  -4.166154E+00        14
   1.282516E+04   8.230162E+06   1.608718E+01   1.608718E+01   1.787464E+01   1.514281E+01  -1.000000E+01   3.346347E+00  -4.166154E+00        14
   1.283516E+04   8.242997E+06   1.608718E+01   1.608718E+01   1.787464E+01   1.514281E+01  -1.000000E+01   3.346347E+00  -4.166154E+00        14
   1.284516E+04   8.255841E+06   1.608718E+01   1.608718E+01   1.787464E+01   1.514281E+01  -1.000000E+01   3.346347E+00  -4.166154E+00        14
   1.285516E+04   8.268696E+06   1.608718E+01   1.608718E+01   1.787464E+01   1.514281E+01  -1.000000E+01   3.346347E+00  -4.166154E+00        14
   1.286516E+04   8.281561E+06   1.608718E+01   1.608718E+01   1.787464E+01   1.514281E+01  -1.000000E+01   3.346347E+00  -4.166154E+00        14
   1.287516E+04   8.294436E+06   1.608718E+01   1.608718E+01   1.787464E+01   1.514281E+01  -1.000000E+01   3.346347E+00  -4.166154E+00        14
   1.288516E+04   8.307320E+06   1.608718E+01   1.608718E+01   1.787464E+01   1.514281E+01  -1.000000E+01   3.346347E+00  -4.166154E+00        14
   1.289516E+04   8.320215E+06   1.608718E+01   1.608718E+01   1.787464E+01   1.514281E+01  -1.000000E+01   3.346347E+00  -4.166154E+00        14
   1.290516E+04   8.333120E+06   1.608718E+01   1.608718E+01   1.787464E+01   1.514281E+01  -1.000000E+01   3.346347E+00  -4.166154E+00        14
   1.291516E+04   8.346035E+06   1.608718E+01   1.608718E+01   1.787464E+01   1.514281E+01  -1.000000E+01   3.346347E+00  -4.166154E+00        14
   1.292516E+04   8.358960E+06   1.608718E+01   1.608718E+01   1.787464E+01   1.514281E+01  -1.000000E+01   3.346347E+00  -4.166154E+00        14
   1.293516E+04   8.371894E+06   1.608718E+01   1.608718E+01   1.787464E+01   1.514281E+01  -1.000000E+01   3.346347E+00  -4.166154E+00        14
   1.294516E+04   8.384839E+06   1.608718E+01   1.608718E+01   1.787464E+01   1.514281E+01  -1.000000E+01   3.346347E+00  -4.166154E+00        14
   1.295516E+04   8.397794E+06   1.608718E+01   1.608718E+01   1.787464E+01   1.514281E+01  -1.000000E+01   3.346347E+00  -4.166154E+00        14
   1.296516E+04   8.410759E+06   1.608718E+01   1.608718E+01   1.787464E+01   1.514281E+01  -1.000000E+01   3.346347E+00  -4.166154E+00        14
   1.297516E+04   8.423733E+06   1.608718E+01   1.608718E+01   1.787464E+01   1.514281E+01  -1.000000E+01   3.346347E+00  -4.166154E+00        14
   1.298516E+04   8.436718E+06   1.608718E+01   1.608718E+01   1.787464E+01   1.514281E+01  -1.000000E+01   3.346347E+00  -4.166154E+00        14
   1.299516E+04   8.449713E+06   1.608718E+01   1.608718E+01   1.787464E+01   1.514281E+01  -1.000000E+01   3.346347E+00  -4.166154E+00        14
   1.300516E+04   8.462718E+06   1.608718E+01   1.608718E+01   1.787464E+01   1.514281E+01  -1.000000E+01   3.346347E+00  -4.166154E+00        14
   1.301516E+04   8.475733E+06   1.608718E+01   1.608718E+01   1.787464E+01   1.514281E+01  -1.000000E+01   3.346347E+00  -4.166154E+00        14
   1.302516E+04   8.488757E+06   1.608718E+01   1.608718E+01   1.787464E+01   1.514281E+01  -1.000000E+01   3.346347E+00  -4.166154E+00        14
   1.303516E+04   8.501792E+06   1.608718E+01   1.608718E+01   1.787464E+01   1.514281E+01  -1.000000E+01   3.346347E+00  -4.166154E+00        14
   1.304516E+04   8.514837E+06   1.608718E+01   1.608718E+01   1.787464E+01   1.514281E+01  -1.000000E+01   3.346347E+00  -4.166154E+00        14
   1.305516E+04   8.527892E+06   1.608718E+01   1.608718E+01   1.787464E+01   1.514281E+01  -1.000000E+01   3.346347E+00  -4.166154E+00        14
   1.306516E+04   8.540957E+06   1.608718E+01   1.608718E+01   1.787464E+01   1.514281E+01  -1.000000E+01   3.346347E+00  -4.166154E+00        14
   1.307516E+04   8.554031E+06   1.608718E+01   1.608718E+01   1.787464E+01   1.514281E+01  -1.000000E+01   3.346347E+00  -4.166154E+00        14
   1.308516E+04   8.567116E+06   1.608718E+01   1.608718E+01   1.787464E+01   1.514281E+01  -1.000000E+01   3.346347E+00  -4.166154E+00        14
   1.309516E+04   8.580211E+06   1.608718E+01   1.608718E+01   1.787464E+01   1.514281E+01  -1.000000E+01   3.346347E+00  -4.166154E+00        14
   1.310516E+04   8.593316E+06   1.608718E+01   1.608718E+01   1.787464E+01   1.514281E+01  -1.000000E+01   3.346347E+00  -4.166154E+00        14
   1.311516E+04   8.606430E+06   1.608718E+01   1.608718E+01   1.787464E+01   1.514281E+01  -1.000000E+01   3.346347E+00  -4.166154E+00        14
   1.312516E+04   8.619555E+06   1.608718E+01   1.608718E+01   1.787464E+01   1.514281E+01  -1.000000E+01   3.346347E+00  -4.166154E+00        14
   1.313516E+04   8.632690E+06   1.608718E+01   1.608718E+01   1.787464E+01   1.514281E+01  -1.000000E+01   3.346347E+00  -4.166154E+00        14
   1.314516E+04   8.645835E+06   1.608718E+01   1.608718E+01   1.787464E+01   1.514281E+01  -1.000000E+01   3.346347E+00  -4.166154E+00        14
   1.315516E+04   8.658990E+06   1.608718E+01   1.608718E+01   1.787464E+01   1.514281E+01  -1.000000E+01   3.346347E+00  -4.166154E+00        14
   1.316516E+04   8.672154E+06   1.608718E+01   1.608718E+01   1.787464E+01   1.514281E+01  -1.000000E+01   3.346347E+00  -4.166154E+00        14
   1.317516E+04   8.685329E+06   1.608718E+01   1.608718E+01   1.787464E+01   1.514281E+01  -1.000000E+01   3.346347E+00  -4.166154E+00        14
   1.318516E+04   8.698514E+06   1.608718E+01   1.608718E+01   1.787464E+01   1.514281E+01  -1.000000E+01   3.346347E+00  -4.166154E+00        14
   1.319516E+04   8.711709E+06   1.608718E+01   1.608718E+01   1.787464E+01   1.514281E+01  -1.000000E+01   3.346347E+00  -4.166154E+00        14
   1.320516E+04   8.724913E+06   1.608718E+01   1.608718E+01   1.787464E+01   1.514281E+01  -1.000000E+01   3.346347E+00  -4.166154E+00        14
   1.321516E+04   8.738128E+06   1.608718E+01   1.608718E+01   1.787464E+01   1.514281E+01  -1.000000E+01   3.346347E+00  -4.166154E+00        14
   1.322516E+04   8.751353E+06   1.608718E+01   1.608718E+01   1.787464E+01   1.514281E+01  -1.000000E+01   3.346347E+00  -4.166154E+00        14
   1.323516E+04   8.764588E+06   1.608718E+01   1.608718E+01   1.787464E+01   1.514281E+01  -1.000000E+01   3.346347E+00  -4.166154E+00        14
   1.324516E+04   8.777833E+06   1.608718E+01   1.608718E+01   1.787464E+01   1.514281E+01  -1.000000E+01   3.346347E+00  -4.166154E+00        14
   1.325516E+04   8.791087E+06   1.608718E+01   1.608718E+01   1.787464E+01   1.514281E+01  -1.000000E+01   3.346347E+00  -4.166154E+00        14
   1.326516E+04   8.804352E+06   1.608718E+01   1.608718E+01   1.787464E+01   1.514281E+01  -1.000000E+01   3.346347E+00  -4.166154E+00        14
   1.327516E+04   8.817627E+06   1.608718E+01   1.608718E+01   1.787464E+01   1.514281E+01  -1.000000E+01   3.346347E+00  -4.166154E+00        14
   1.328516E+04   8.830912E+06   1.608718E+01   1.608718E+01   1.787464E+01   1.514281E+01  -1.000000E+01   3.346347E+00  -4.166154E+00        14
   1.329516E+04   8.844207E+06   1.608718E+01   1.608718E+01   1.787464E+01   1.514281E+01  -1.000000E+01   3.346347E+00  -4.166154E+00        14
   1.330516E+04   8.857511E+06   1.608718E+01   1.608718E+01   1.787464E+01   1.514281E+01  -1.000000E+01   3.346347E+00  -4.166154E+00        14
   1.331516E+04   8.870826E+06   1.608718E+01   1.608718E+01   1.787464E+01   1.514281E+01  -1.000000E+01   3.346347E+00  -4.166154E+00        14
   1.332516E+04   8.884151E+06   1.608718E+01   1.608718E+01   1.787464E+01   1.514281E+01  -1.000000E+01   3.346347E+00  -4.166154E+00        14
   1.333516E+04   8.897486E+06   1.608718E+01   1.608718E+01   1.787464E+01   1.514281E+01  -1.000000E+01   3.346347E+00  -4.166154E+00        14
   1.334516E+04   8.910830E+06   1.608718E+01   1.608718E+01   1.787464E+01   1.514281E+01  -1.000000E+01   3.346347E+00  -4.166154E+00        14
   1.335516E+04   8.924185E+06   1.608718E+01   1.608718E+01   1.787464E+01   1.514281E+01  -1.000000E+01   3.346347E+00  -4.166154E+00        14
   1.336516E+04   8.937550E+06   1.608718E+01   1.608718E+01   1.787464E+01   1.514281E+01  -1.000000E+01   3.346347E+00  -4.166154E+00        14
   1.337516E+04   8.950925E+06   1.608718E+01   1.608718E+01   1.787464E+01   1.514281E+01  -1.000000E+01   3.346347E+00  -4.166154E+00        14
   1.338516E+04   8.964310E+06   1.608718E+01   1.608718E+01   1.787464E+01   1.514281E+01  -1.000000E+01   3.346347E+00  -4.166154E+00        14
   1.339516E+04   8.977704E+06   1.608718E+01   1.608718E+01   1.787464E+01   1.514281E+01  -1.000000E+01   3.346347E+00  -4.166154E+00        14
   1.340516E+04   8.991109E+06   1.608718E+01   1.608718E+01   1.787464E+01   1.514281E+01  -1.000000E+01   3.346347E+00  -4.166154E+00        14
   1.341516E+04   9.004524E+06   1.608718E+01   1.608718E+01   1.787464E+01   1.514281E+01  -1.000000E+01   3.346347E+00  -4.166154E+00        14
   1.342516E+04   9.017949E+06   1.608718E+01   1.608718E+01   1.787464E+01   1.514281E+01  -1.000000E+01   3.346347E+00  -4.166154E+00        14
   1.343516E+04   9.031383E+06   1.608718E+01   1.608718E+01   1.787464E+01   1.514281E+01  -1.000000E+01   3.346347E+00  -4.166154E+00        14
   1.344516E+04   9.044828E+06   1.608718E+01   1.608718E+01   1.787464E+01   1.514281E+01  -1.000000E+01   3.346347E+00  -4.166154E+00        14
   1.345516E+04   9.058283E+06   1.608718E+01   1.608718E+01   1.787464E+01   1.514281E+01  -1.000000E+01   3.346347E+00  -4.166154E+00        14
   1.346516E+04   9.071748E+06   1.608718E+01   1.608718E+01   1.787464E+01   1.514281E+01  -1.000000E+01   3.346347E+00  -4.166154E+00        14
   1.347516E+04   9.085223E+06   1.608718E+01   1.608718E+01   1.787464E+01   1.514281E+01  -1.000000E+01   3.346347E+00  -4.166154E+00        14
   1.348516E+04   9.098707E+06   1.608718E+01   1.608718E+01   1.787464E+01   1.514281E+01  -1.000000E+01   3.346347E+00  -4.166154E+00        14
   1.349516E+04   9.112202E+06   1.608718E+01   1.608718E+01   1.787464E+01   1.514281E+01  -1.000000E+01   3.346347E+00  -4.166154E+00        14
   1.350516E+04   9.125707E+06   1.608718E+01   1.608718E+01   1.787464E+01   1.514281E+01  -1.000000E+01   3.346347E+00  -4.166154E+00        14
   1.351516E+04   9.139222E+06   1.608718E+01   1.608718E+01   1.787464E+01   1.514281E+01  -1.000000E+01   3.346347E+00  -4.166154E+00        14
   1.352516E+04   9.152747E+06   1.608718E+01   1.608718E+01   1.787464E+01   1.514281E+01  -1.000000E+01   3.346347E+00  -4.166154E+00        14
   1.353516E+04   9.166281E+06   1.608718E+01   1.608718E+01   1.787464E+01   1.514281E+01  -1.000000E+01   3.346347E+00  -4.166154E+00        14
   1.354516E+04   9.179826E+06   1.608718E+01   1.608718E+01   1.787464E+01   1.514281E+01  -1.000000E+01   3.346347E+00  -4.166154E+00        14
   1.355516E+04   9.193381E+06   1.608718E+01   1.608718E+01   1.787464E+01   1.514281E+01  -1.000000E+01   3.346347E+00  -4.166154E+00        14
   1.356516E+04   9.206946E+06   1.608718E+01   1.608718E+01   1.787464E+01   1.514281E+01  -1.000000E+01   3.346347E+00  -4.166154E+00        14
   1.357516E+04   9.220520E+06   1.608718E+01   1.608718E+01   1.787464E+01   1.514281E+01  -1.000000E+01   3.346347E+00  -4.166154E+00        14
   1.358516E+04   9.234105E+06   1.608718E+01   1.608718E+01   1.787464E+01   1.514281E+01  -1.000000E+01   3.346347E+00  -4.166154E+00        14
   1.359516E+04   9.247700E+06   1.608718E+01   1.608718E+01   1.787464E+01   1.514281E+01  -1.000000E+01   3.346347E+00  -4.166154E+00        14
   1.360516E+04   9.261305E+06   1.608718E+01   1.608718E+01   1.787464E+01   1.514281E+01  -1.000000E+01   3.346347E+00  -4.166154E+00        14
   1.361516E+04   9.274920E+06   1.608718E+01   1.608718E+01   1.787464E+01   1.514281E+01  -1.000000E+01   3.346347E+00  -4.166154E+00        14
   1.362516E+04   9.288544E+06   1.608718E+01   1.608718E+01   1.787464E+01   1.514281E+01  -1.000000E+01   3.346347E+00  -4.166154E+00        14
   1.363516E+04   9.302179E+06   1.608718E+01   1.608718E+01   1.787464E+01   1.514281E+01  -1.000000E+01   3.346347E+00  -4.166154E+00        14
   1.364516E+04   9.315824E+06   1.608718E+01   1.608718E+01   1.787464E+01   1.514281E+01  -1.000000E+01   3.346347E+00  -4.166154E+00        14
   1.365516E+04   9.329479E+06   1.608718E+01   1.608718E+01   1.787464E+01   1.514281E+01  -1.000000E+01   3.346347E+00  -4.166154E+00        14
   1.366516E+04   9.343143E+06   1.608718E+01   1.608718E+01   1.787464E+01   1.514281E+01  -1.000000E+01   3.346347E+00  -4.166154E+00        14
   1.367516E+04   9.356818E+06   1.608718E+01   1.608718E+01   1.787464E+01   1.514281E+01  -1.000000E+01   3.346347E+00  -4.166154E+00        14
   1.368516E+04   9.370503E+06   1.608718E+01   1.608718E+01   1.787464E+01   1.514281E+01  -1.000000E+01   3.346347E+00  -4.166154E+00        14
   1.369516E+04   9.384198E+06   1.608718E+01   1.608718E+01   1.787464E+01   1.514281E+01  -1.000000E+01   3.346347E+00  -4.166154E+00        14
   1.370516E+04   9.397903E+06   1.608718E+01   1.608718E+01   1.787464E+01   1.514281E+01  -1.000000E+01   3.346347E+00  -4.166154E+00        14
   1.371516E+04   9.411617E+06   1.608718E+01   1.608718E+01   1.787464E+01   1.514281E+01  -1.000000E+01   3.346347E+00  -4.166154E+00        14
   1.372516E+04   9.425342E+06   1.608718E+01   1.608718E+01   1.787464E+01   1.514281E+01  -1.000000E+01   3.346347E+00  -4.166154E+00        14
   1.373516E+04   9.439077E+06   1.608718E+01   1.608718E+01   1.787464E+01   1.514281E+01  -1.000000E+01   3.346347E+00  -4.166154E+00        14
   1.374516E+04   9.452822E+06   1.608718E+01   1.608718E+01   1.787464E+01   1.514281E+01  -1.000000E+01   3.346347E+00  -4.166154E+00        14
   1.375516E+04   9.466577E+06   1.608718E+01   1.608718E+01   1.787464E+01   1.514281E+01  -1.000000E+01   3.346347E+00  -4.166154E+00        14
   1.376516E+04   9.480341E+06   1.608718E+01   1.608718E+01   1.787464E+01   1.514281E+01  -1.000000E+01   3.346347E+00  -4.166154E+00        14
   1.377516E+04   9.494116E+06   1.608718E+01   1.608718E+01   1.787464E+01   1.514281E+01  -1.000000E+01   3.346347E+00  -4.166154E+00        14
   1.378516E+04   9.507901E+06   1.608718E+01   1.608718E+01   1.787464E+01   1.514281E+01  -1.000000E+01   3.346347E+00  -4.166154E+00        14
   1.379516E+04   9.521696E+06   1.608718E+01   1.608718E+01   1.787464E+01   1.514281E+01  -1.000000E+01   3.346347E+00  -4.166154E+00        14
   1.380516E+04   9.535500E+06   1.608718E+01   1.608718E+01   1.787464E+01   1.514281E+01  -1.000000E+01   3.346347E+00  -4.166154E+00        14
   1.381516E+04   9.549315E+06   1.608718E+01   1.608718E+01   1.787464E+01   1.514281E+01  -1.000000E+01   3.346347E+00  -4.166154E+00        14
   1.382516E+04   9.563140E+06   1.608718E+01   1.608718E+01   1.787464E+01   1.514281E+01  -1.000000E+01   3.346347E+00  -4.166154E+00        14
   1.383516E+04   9.576975E+06   1.608718E+01   1.608718E+01   1.787464E+01   1.514281E+01  -1.000000E+01   3.346347E+00  -4.166154E+00        14
   1.384516E+04   9.590820E+06   1.608718E+01   1.608718E+01   1.787464E+01   1.514281E+01  -1.000000E+01   3.346347E+00  -4.166154E+00        14
   1.385516E+04   9.604674E+06   1.608718E+01   1.608718E+01   1.787464E+01   1.514281E+01  -1.000000E+01   3.346347E+00  -4.166154E+00        14
   1.386516E+04   9.618539E+06   1.608718E+01   1.608718E+01   1.787464E+01   1.514281E+01  -1.000000E+01   3.346347E+00  -4.166154E+00        14
   1.387516E+04   9.632414E+06   1.608718E+01   1.608718E+01   1.787464E+01   1.514281E+01  -1.000000E+01   3.346347E+00  -4.166154E+00        14
   1.388516E+04   9.646299E+06   1.608718E+01   1.608718E+01   1.787464E+01   1.514281E+01  -1.000000E+01   3.346347E+00  -4.166154E+00        14
   1.389516E+04   9.660194E+06   1.608718E+01   1.608718E+01   1.787464E+01   1.514281E+01  -1.000000E+01   3.346347E+00  -4.166154E+00        14
   1.390516E+04   9.674098E+06   1.608718E+01   1.608718E+01   1.787464E+01   1.514281E+01  -1.000000E+01   3.346347E+00  -4.166154E+00        14
   1.391516E+04   9.688013E+06   1.608718E+01   1.608718E+01   1.787464E+01   1.514281E+01  -1.000000E+01   3.346347E+00  -4.166154E+00        14
   1.392516E+04   9.701938E+06   1.608718E+01   1.608718E+01   1.787464E+01   1.514281E+01  -1.000000E+01   3.346347E+00  -4.166154E+00        14
   1.393516E+04   9.715873E+06   1.608718E+01   1.608718E+01   1.787464E+01   1.514281E+01  -1.000000E+01   3.346347E+00  -4.166154E+00        14
   1.394516E+04   9.729817E+06   1.608718E+01   1.608718E+01   1.787464E+01   1.514281E+01  -1.000000E+01   3.346347E+00  -4.166154E+00        14
   1.395516E+04   9.743772E+06   1.608718E+01   1.608718E+01   1.787464E+01   1.514281E+01  -1.000000E+01   3.346347E+00  -4.166154E+00        14
   1.396516E+04   9.757737E+06   1.608718E+01   1.608718E+01   1.787464E+01   1.514281E+01  -1.000000E+01   3.346347E+00  -4.166154E+00        14
   1.397516E+04   9.771712E+06   1.608718E+01   1.608718E+01   1.787464E+01   1.514281E+01  -1.000000E+01   3.346347E+00  -4.166154E+00        14
   1.398516E+04   9.785697E+06   1.608718E+01   1.608718E+01   1.787464E+01   1.514281E+01  -1.000000E+01   3.346347E+00  -4.166154E+00        14
   1.399516E+04   9.799691E+06   1.608718E+01   1.608718E+01   1.787464E+01   1.514281E+01  -1.000000E+01   3.346347E+00  -4.166154E+00        14
   1.400516E+04   9.813696E+06   1.608718E+01   1.608718E+01   1.787464E+01   1.514281E+01  -1.000000E+01   3.346347E+00  -4.166154E+00        14
   1.401516E+04   9.827711E+06   1.608718E+01   1.608718E+01   1.787464E+01   1.514281E+01  -1.000000E+01   3.346347E+00  -4.166154E+00        14
   1.402516E+04   9.841736E+06   1.608718E+01   1.608718E+01   1.787464E+01   1.514281E+01  -1.000000E+01   3.346347E+00  -4.166154E+00        14
   1.403516E+04   9.855770E+06   1.608718E+01   1.608718E+01   1.787464E+01   1.514281E+01  -1.000000E+01   3.346347E+00  -4.166154E+00        14
   1.404516E+04   9.869815E+06   1.608718E+01   1.608718E+01   1.787464E+01   1.514281E+01  -1.000000E+01   3.346347E+00  -4.166154E+00        14
   1.405516E+04   9.883870E+06   1.608718E+01   1.608718E+01   1.787464E+01   1.514281E+01  -1.000000E+01   3.346347E+00  -4.166154E+00        14
   1.406516E+04   9.897935E+06   1.608718E+01   1.608718E+01   1.787464E+01   1.514281E+01  -1.000000E+01   3.346347E+00  -4.166154E+00        14
   1.407516E+04   9.912010E+06   1.608718E+01   1.608718E+01   1.787464E+01   1.514281E+01  -1.000000E+01   3.346347E+00  -4.166154E+00        14
   1.408516E+04   9.926094E+06   1.608718E+01   1.608718E+01   1.787464E+01   1.514281E+01  -1.000000E+01   3.346347E+00  -4.166154E+00        14
   1.409516E+04   9.940189E+06   1.608718E+01   1.608718E+01   1.787464E+01   1.514281E+01  -1.000000E+01   3.346347E+00  -4.166154E+00        14
   1.410516E+04   9.954294E+06   1.608718E+01   1.608718E+01   1.787464E+01   1.514281E+01  -1.000000E+01   3.346347E+00  -4.166154E+00        14
   1.411516E+04   9.968409E+06   1.608718E+01   1.608718E+01   1.787464E+01   1.514281E+01  -1.000000E+01   3.346347E+00  -4.166154E+00        14
   1.412516E+04   9.982534E+06   1.608718E+01   1.608718E+01   1.787464E+01   1.514281E+01  -1.000000E+01   3.346347E+00  -4.166154E+00        14
   1.413516E+04   9.996668E+06   1.608718E+01   1.608718E+01   1.787464E+01   1.514281E+01  -1.000000E+01   3.346347E+00  -4.166154E+00        14
   1.414516E+04   1.001081E+07   1.608718E+01   1.608718E+01   1.787464E+01   1.514281E+01  -1.000000E+01   3.346347E+00  -4.166154E+00        14
   1.415516E+04   1.002497E+07   1.608718E+01   1.608718E+01   1.787464E+01   1.514281E+01  -1.000000E+01   3.346347E+00  -4.166154E+00        14
   1.416516E+04   1.003913E+07   1.608718E+01   1.608718E+01   1.787464E+01   1.514281E+01  -1.000000E+01   3.346347E+00  -4.166154E+00        14
   1.417516E+04   1.005331E+07   1.608718E+01   1.608718E+01   1.787464E+01   1.514281E+01  -1.000000E+01   3.346347E+00  -4.166154E+00        14
   1.418516E+04   1.006749E+07   1.608718E+01   1.608718E+01   1.787464E+01   1.514281E+01  -1.000000E+01   3.346347E+00  -4.166154E+00        14
   1.419516E+04   1.008169E+07   1.608718E+01   1.608718E+01   1.787464E+01   1.514281E+01  -1.000000E+01   3.346347E+00  -4.166154E+00        14
   1.420516E+04   1.009589E+07   1.608718E+01   1.608718E+01   1.787464E+01   1.514281E+01  -1.000000E+01   3.346347E+00  -4.166154E+00        14
   1.421516E+04   1.011011E+07   1.608718E+01   1.608718E+01   1.787464E+01   1.514281E+01  -1.000000E+01   3.346347E+00  -4.166154E+00        14
   1.422516E+04   1.012433E+07   1.608718E+01   1.608718E+01   1.787464E+01   1.514281E+01  -1.000000E+01   3.346347E+00  -4.166154E+00        14
   1.423516E+04   1.013857E+07   1.608718E+01   1.608718E+01   1.787464E+01   1.514281E+01  -1.000000E+01   3.346347E+00  -4.166154E+00        14
   1.424516E+04   1.015281E+07   1.608718E+01   1.608718E+01   1.787464E+01   1.514281E+01  -1.000000E+01   3.346347E+00  -4.166154E+00        14
   1.425516E+04   1.016707E+07   1.608718E+01   1.608718E+01   1.787464E+01   1.514281E+01  -1.000000E+01   3.346347E+00  -4.166154E+00        14
   1.426516E+04   1.018133E+07   1.608718E+01   1.608718E+01   1.787464E+01   1.514281E+01  -1.000000E+01   3.346347E+00  -4.166154E+00        14
   1.427516E+04   1.019561E+07   1.608718E+01   1.608718E+01   1.787464E+01   1.514281E+01  -1.000000E+01   3.346347E+00  -4.166154E+00        14
   1.428516E+04   1.020989E+07   1.608718E+01   1.608718E+01   1.787464E+01   1.514281E+01  -1.000000E+01   3.346347E+00  -4.166154E+00        14
   1.429516E+04   1.022418E+07   1.608718E+01   1.608718E+01   1.787464E+01   1.514281E+01  -1.000000E+01   3.346347E+00  -4.166154E+00        14
   1.430516E+04   1.023849E+07   1.608718E+01   1.608718E+01   1.787464E+01   1.514281E+01  -1.000000E+01   3.346347E+00  -4.166154E+00        14
   1.431516E+04   1.025280E+07   1.608718E+01   1.608718E+01   1.787464E+01   1.514281E+01  -1.000000E+01   3.346347E+00  -4.166154E+00        14
   1.432516E+04   1.026713E+07   1.608718E+01   1.608718E+01   1.787464E+01   1.514281E+01  -1.000000E+01   3.346347E+00  -4.166154E+00        14
   1.433516E+04   1.028146E+07   1.608718E+01   1.608718E+01   1.787464E+01   1.514281E+01  -1.000000E+01   3.346347E+00  -4.166154E+00        14
   1.434516E+04   1.029581E+07   1.608718E+01   1.608718E+01   1.787464E+01   1.514281E+01  -1.000000E+01   3.346347E+00  -4.166154E+00        14
   1.435516E+04   1.031016E+07   1.608718E+01   1.608718E+01   1.787464E+01   1.514281E+01  -1.000000E+01   3.346347E+00  -4.166154E+00        14
   1.436516E+04   1.032453E+07   1.608718E+01   1.608718E+01   1.787464E+01   1.514281E+01  -1.000000E+01   3.346347E+00  -4.166154E+00        14
   1.437516E+04   1.033890E+07   1.608718E+01   1.608718E+01   1.787464E+01   1.514281E+01  -1.000000E+01   3.346347E+00  -4.166154E+00        14
   1.438516E+04   1.035329E+07   1.608718E+01   1.608718E+01   1.787464E+01   1.514281E+01  -1.000000E+01   3.346347E+00  -4.166154E+00        14
   1.439516E+04   1.036768E+07   1.608718E+01   1.608718E+01   1.787464E+01   1.514281E+01  -1.000000E+01   3.346347E+00  -4.166154E+00        14
   1.440516E+04   1.038209E+07   1.608718E+01   1.608718E+01   1.787464E+01   1.514281E+01  -1.000000E+01   3.346347E+00  -4.166154E+00        14
   1.441516E+04   1.039650E+07   1.608718E+01   1.608718E+01   1.787464E+01   1.514281E+01  -1.000000E+01   3.346347E+00  -4.166154E+00        14
   1.442516E+04   1.041093E+07   1.608718E+01   1.608718E+01   1.787464E+01   1.514281E+01  -1.000000E+01   3.346347E+00  -4.166154E+00        14
   1.443516E+04   1.042536E+07   1.608718E+01   1.608718E+01   1.787464E+01   1.514281E+01  -1.000000E+01   3.346347E+00  -4.166154E+00        14
   1.444516E+04   1.043981E+07   1.608718E+01   1.608718E+01   1.787464E+01   1.514281E+01  -1.000000E+01   3.346347E+00  -4.166154E+00        14
   1.445516E+04   1.045426E+07   1.608718E+01   1.608718E+01   1.787464E+01   1.514281E+01  -1.000000E+01   3.346347E+00  -4.166154E+00        14
   1.446516E+04   1.046873E+07   1.608718E+01   1.608718E+01   1.787464E+01   1.514281E+01  -1.000000E+01   3.346347E+00  -4.166154E+00        14
   1.447516E+04   1.048320E+07   1.608718E+01   1.608718E+01   1.787464E+01   1.514281E+01  -1.000000E+01   3.346347E+00  -4.166154E+00        14
   1.448516E+04   1.049769E+07   1.608718E+01   1.608718E+01   1.787464E+01   1.514281E+01  -1.000000E+01   3.346347E+00  -4.166154E+00        14
   1.449516E+04   1.051218E+07   1.608718E+01   1.608718E+01   1.787464E+01   1.514281E+01  -1.000000E+01   3.346347E+00  -4.166154E+00        14
   1.450516E+04   1.052669E+07   1.608718E+01   1.608718E+01   1.787464E+01   1.514281E+01  -1.000000E+01   3.346347E+00  -4.166154E+00        14
   1.451516E+04   1.054120E+07   1.608718E+01   1.608718E+01   1.787464E+01   1.514281E+01  -1.000000E+01   3.346347E+00  -4.166154E+00        14
   1.452516E+04   1.055572E+07   1.608718E+01   1.608718E+01   1.787464E+01   1.514281E+01  -1.000000E+01   3.346347E+00  -4.166154E+00        14
   1.453516E+04   1.057026E+07   1.608718E+01   1.608718E+01   1.787464E+01   1.514281E+01  -1.000000E+01   3.346347E+00  -4.166154E+00        14
   1.454516E+04   1.058480E+07   1.608718E+01   1.608718E+01   1.787464E+01   1.514281E+01  -1.000000E+01   3.346347E+00  -4.166154E+00        14
   1.455516E+04   1.059936E+07   1.608718E+01   1.608718E+01   1.787464E+01   1.514281E+01  -1.000000E+01   3.346347E+00  -4.166154E+00        14
   1.456516E+04   1.061392E+07   1.608718E+01   1.608718E+01   1.787464E+01   1.514281E+01  -1.000000E+01   3.346347E+00  -4.166154E+00        14
   1.457516E+04   1.062850E+07   1.608718E+01   1.608718E+01   1.787464E+01   1.514281E+01  -1.000000E+01   3.346347E+00  -4.166154E+00        14
   1.458516E+04   1.064308E+07   1.608718E+01   1.608718E+01   1.787464E+01   1.514281E+01  -1.000000E+01   3.346347E+00  -4.166154E+00        14
   1.459516E+04   1.065768E+07   1.608718E+01   1.608718E+01   1.787464E+01   1.514281E+01  -1.000000E+01   3.346347E+00  -4.166154E+00        14
   1.460516E+04   1.067228E+07   1.608718E+01   1.608718E+01   1.787464E+01   1.514281E+01  -1.000000E+01   3.346347E+00  -4.166154E+00        14
   1.461516E+04   1.068690E+07   1.608718E+01   1.608718E+01   1.787464E+01   1.514281E+01  -1.000000E+01   3.346347E+00  -4.166154E+00        14
   1.462516E+04   1.070152E+07   1.608718E+01   1.608718E+01   1.787464E+01   1.514281E+01  -1.000000E+01   3.346347E+00  -4.166154E+00        14
   1.463516E+04   1.071616E+07   1.608718E+01   1.608718E+01   1.787464E+01   1.514281E+01  -1.000000E+01   3.346347E+00  -4.166154E+00        14
   1.464516E+04   1.073080E+07   1.608718E+01   1.608718E+01   1.787464E+01   1.514281E+01  -1.000000E+01   3.346347E+00  -4.166154E+00        14
   1.465516E+04   1.074546E+07   1.608718E+01   1.608718E+01   1.787464E+01   1.514281E+01  -1.000000E+01   3.346347E+00  -4.166154E+00        14
   1.466516E+04   1.076012E+07   1.608718E+01   1.608718E+01   1.787464E+01   1.514281E+01  -1.000000E+01   3.346347E+00  -4.166154E+00        14
   1.467516E+04   1.077480E+07   1.608718E+01   1.608718E+01   1.787464E+01   1.514281E+01  -1.000000E+01   3.346347E+00  -4.166154E+00        14
   1.468516E+04   1.078948E+07   1.608718E+01   1.608718E+01   1.787464E+01   1.514281E+01  -1.000000E+01   3.346347E+00  -4.166154E+00        14
   1.469516E+04   1.080418E+07   1.608718E+01   1.608718E+01   1.787464E+01   1.514281E+01  -1.000000E+01   3.346347E+00  -4.166154E+00        14
   1.470516E+04   1.081888E+07   1.608718E+01   1.608718E+01   1.787464E+01   1.514281E+01  -1.000000E+01   3.346347E+00  -4.166154E+00        14
   1.471516E+04   1.083360E+07   1.608718E+01   1.608718E+01   1.787464E+01   1.514281E+01  -1.000000E+01   3.346347E+00  -4.166154E+00        14
   1.472516E+04   1.084832E+07   1.608718E+01   1.608718E+01   1.787464E+01   1.514281E+01  -1.000000E+01   3.346347E+00  -4.166154E+00        14
   1.473516E+04   1.086306E+07   1.608718E+01   1.608718E+01   1.787464E+01   1.514281E+01  -1.000000E+01   3.346347E+00  -4.166154E+00        14
   1.474516E+04   1.087780E+07   1.608718E+01   1.608718E+01   1.787464E+01   1.514281E+01  -1.000000E+01   3.346347E+00  -4.166154E+00        14
   1.475516E+04   1.089255E+07   1.608718E+01   1.608718E+01   1.787464E+01   1.514281E+01  -1.000000E+01   3.346347E+00  -4.166154E+00        14
   1.476516E+04   1.090732E+07   1.608718E+01   1.608718E+01   1.787464E+01   1.514281E+01  -1.000000E+01   3.346347E+00  -4.166154E+00        14
   1.477516E+04   1.092209E+07   1.608718E+01   1.608718E+01   1.787464E+01   1.514281E+01  -1.000000E+01   3.346347E+00  -4.166154E+00        14
   1.478516E+04   1.093688E+07   1.608718E+01   1.608718E+01   1.787464E+01   1.514281E+01  -1.000000E+01   3.346347E+00  -4.166154E+00        14
   1.479516E+04   1.095167E+07   1.608718E+01   1.608718E+01   1.787464E+01   1.514281E+01  -1.000000E+01   3.346347E+00  -4.166154E+00        14
   1.480516E+04   1.096648E+07   1.608718E+01   1.608718E+01   1.787464E+01   1.514281E+01  -1.000000E+01   3.346347E+00  -4.166154E+00        14
   1.481516E+04   1.098129E+07   1.608718E+01   1.608718E+01   1.787464E+01   1.514281E+01  -1.000000E+01   3.346347E+00  -4.166154E+00        14
   1.482516E+04   1.099612E+07   1.608718E+01   1.608718E+01   1.787464E+01   1.514281E+01  -1.000000E+01   3.346347E+00  -4.166154E+00        14
   1.483516E+04   1.101095E+07   1.608718E+01   1.608718E+01   1.787464E+01   1.514281E+01  -1.000000E+01   3.346347E+00  -4.166154E+00        14
   1.484516E+04   1.102580E+07   1.608718E+01   1.608718E+01   1.787464E+01   1.514281E+01  -1.000000E+01   3.346347E+00  -4.166154E+00        14
   1.485516E+04   1.104065E+07   1.608718E+01   1.608718E+01   1.787464E+01   1.514281E+01  -1.000000E+01   3.346347E+00  -4.166154E+00        14
   1.486516E+04   1.105552E+07   1.608718E+01   1.608718E+01   1.787464E+01   1.514281E+01  -1.000000E+01   3.346347E+00  -4.166154E+00        14
   1.487516E+04   1.107039E+07   1.608718E+01   1.608718E+01   1.787464E+01   1.514281E+01  -1.000000E+01   3.346347E+00  -4.166154E+00        14
   1.488516E+04   1.108528E+07   1.608718E+01   1.608718E+01   1.787464E+01   1.514281E+01  -1.000000E+01   3.346347E+00  -4.166154E+00        14
   1.489516E+04   1.110017E+07   1.608718E+01   1.608718E+01   1.787464E+01   1.514281E+01  -1.000000E+01   3.346347E+00  -4.166154E+00        14
   1.490516E+04   1.111508E+07   1.608718E+01   1.608718E+01   1.787464E+01   1.514281E+01  -1.000000E+01   3.346347E+00  -4.166154E+00        14
   1.491516E+04   1.112999E+07   1.608718E+01   1.608718E+01   1.787464E+01   1.514281E+01  -1.000000E+01   3.346347E+00  -4.166154E+00        14
   1.492516E+04   1.114492E+07   1.608718E+01   1.608718E+01   1.787464E+01   1.514281E+01  -1.000000E+01   3.346347E+00  -4.166154E+00        14
   1.493516E+04   1.115985E+07   1.608718E+01   1.608718E+01   1.787464E+01   1.514281E+01  -1.000000E+01   3.346347E+00  -4.166154E+00        14
   1.494516E+04   1.117480E+07   1.608718E+01   1.608718E+01   1.787464E+01   1.514281E+01  -1.000000E+01   3.346347E+00  -4.166154E+00        14
   1.495516E+04   1.118975E+07   1.608718E+01   1.608718E+01   1.787464E+01   1.514281E+01  -1.000000E+01   3.346347E+00  -4.166154E+00        14
   1.496516E+04   1.120472E+07   1.608718E+01   1.608718E+01   1.787464E+01   1.514281E+01  -1.000000E+01   3.346347E+00  -4.166154E+00        14
   1.497516E+04   1.121969E+07   1.608718E+01   1.608718E+01   1.787464E+01   1.514281E+01  -1.000000E+01   3.346347E+00  -4.166154E+00        14
   1.498516E+04   1.123467E+07   1.608718E+01   1.608718E+01   1.787464E+01   1.514281E+01  -1.000000E+01   3.346347E+00  -4.166154E+00        14
   1.499516E+04   1.124967E+07   1.608718E+01   1.608718E+01   1.787464E+01   1.514281E+01  -1.000000E+01   3.346347E+00  -4.166154E+00        14
   1.500516E+04   1.126467E+07   1.608718E+01   1.608718E+01   1.787464E+01   1.514281E+01  -1.000000E+01   3.346347E+00  -4.166154E+00        14
   1.501516E+04   1.127969E+07   1.608718E+01   1.608718E+01   1.787464E+01   1.514281E+01  -1.000000E+01   3.346347E+00  -4.166154E+00        14
   1.502516E+04   1.129471E+07   1.608718E+01   1.608718E+01   1.787464E+01   1.514281E+01  -1.000000E+01   3.346347E+00  -4.166154E+00        14
   1.503516E+04   1.130975E+07   1.608718E+01   1.608718E+01   1.787464E+01   1.514281E+01  -1.000000E+01   3.346347E+00  -4.166154E+00        14
   1.504516E+04   1.132479E+07   1.608718E+01   1.608718E+01   1.787464E+01   1.514281E+01  -1.000000E+01   3.346347E+00  -4.166154E+00        14
   1.505516E+04   1.133985E+07   1.608718E+01   1.608718E+01   1.787464E+01   1.514281E+01  -1.000000E+01   3.346347E+00  -4.166154E+00        14
   1.506516E+04   1.135491E+07   1.608718E+01   1.608718E+01   1.787464E+01   1.514281E+01  -1.000000E+01   3.346347E+00  -4.166154E+00        14
   1.507516E+04   1.136999E+07   1.608718E+01   1.608718E+01   1.787464E+01   1.514281E+01  -1.000000E+01   3.346347E+00  -4.166154E+00        14
   1.508516E+04   1.138507E+07   1.608718E+01   1.608718E+01   1.787464E+01   1.514281E+01  -1.000000E+01   3.346347E+00  -4.166154E+00        14
   1.509516E+04   1.140017E+07   1.608718E+01   1.608718E+01   1.787464E+01   1.514281E+01  -1.000000E+01   3.346347E+00  -4.166154E+00        14
   1.510516E+04   1.141527E+07   1.608718E+01   1.608718E+01   1.787464E+01   1.514281E+01  -1.000000E+01   3.346347E+00  -4.166154E+00        14
   1.511516E+04   1.143039E+07   1.608718E+01   1.608718E+01   1.787464E+01   1.514281E+01  -1.000000E+01   3.346347E+00  -4.166154E+00        14
   1.512516E+04   1.144551E+07   1.608718E+01   1.608718E+01   1.787464E+01   1.514281E+01  -1.000000E+01   3.346347E+00  -4.166154E+00        14
   1.513516E+04   1.146065E+07   1.608718E+01   1.608718E+01   1.787464E+01   1.514281E+01  -1.000000E+01   3.346347E+00  -4.166154E+00        14
   1.514516E+04   1.147579E+07   1.608718E+01   1.608718E+01   1.787464E+01   1.514281E+01  -1.000000E+01   3.346347E+00  -4.166154E+00        14
   1.515516E+04   1.149095E+07   1.608718E+01   1.608718E+01   1.787464E+01   1.514281E+01  -1.000000E+01   3.346347E+00  -4.166154E+00        14
   1.516516E+04   1.150611E+07   1.608718E+01   1.608718E+01   1.787464E+01   1.514281E+01  -1.000000E+01   3.346347E+00  -4.166154E+00        14
   1.517516E+04   1.152129E+07   1.608718E+01   1.608718E+01   1.787464E+01   1.514281E+01  -1.000000E+01   3.346347E+00  -4.166154E+00        14
   1.518516E+04   1.153647E+07   1.608718E+01   1.608718E+01   1.787464E+01   1.514281E+01  -1.000000E+01   3.346347E+00  -4.166154E+00        14
   1.519516E+04   1.155167E+07   1.608718E+01   1.608718E+01   1.787464E+01   1.514281E+01  -1.000000E+01   3.346347E+00  -4.166154E+00        14
   1.520516E+04   1.156687E+07   1.608718E+01   1.608718E+01   1.787464E+01   1.514281E+01  -1.000000E+01   3.346347E+00  -4.166154E+00        14
   1.521516E+04   1.158208E+07   1.608718E+01   1.608718E+01   1.787464E+01   1.514281E+01  -1.000000E+01   3.346347E+00  -4.166154E+00        14
   1.522516E+04   1.159731E+07   1.608718E+01   1.608718E+01   1.787464E+01   1.514281E+01  -1.000000E+01   3.346347E+00  -4.166154E+00        14
   1.523516E+04   1.161254E+07   1.608718E+01   1.608718E+01   1.787464E+01   1.514281E+01  -1.000000E+01   3.346347E+00  -4.166154E+00        14
   1.524516E+04   1.162779E+07   1.608718E+01   1.608718E+01   1.787464E+01   1.514281E+01  -1.000000E+01   3.346347E+00  -4.166154E+00        14
   1.525516E+04   1.164304E+07   1.608718E+01   1.608718E+01   1.787464E+01   1.514281E+01  -1.000000E+01   3.346347E+00  -4.166154E+00        14
   1.526516E+04   1.165831E+07   1.608718E+01   1.608718E+01   1.787464E+01   1.514281E+01  -1.000000E+01   3.346347E+00  -4.166154E+00        14
   1.527516E+04   1.167358E+07   1.608718E+01   1.608718E+01   1.787464E+01   1.514281E+01  -1.000000E+01   3.346347E+00  -4.166154E+00        14
   1.528516E+04   1.168887E+07   1.608718E+01   1.608718E+01   1.787464E+01   1.514281E+01  -1.000000E+01   3.346347E+00  -4.166154E+00        14
   1.529516E+04   1.170416E+07   1.608718E+01   1.608718E+01   1.787464E+01   1.514281E+01  -1.000000E+01   3.346347E+00  -4.166154E+00        14
   1.530516E+04   1.171947E+07   1.608718E+01   1.608718E+01   1.787464E+01   1.514281E+01  -1.000000E+01   3.346347E+00  -4.166154E+00        14
   1.531516E+04   1.173478E+07   1.608718E+01   1.608718E+01   1.787464E+01   1.514281E+01  -1.000000E+01   3.346347E+00  -4.166154E+00        14
   1.532516E+04   1.175011E+07   1.608718E+01   1.608718E+01   1.787464E+01   1.514281E+01  -1.000000E+01   3.346347E+00  -4.166154E+00        14
   1.533516E+04   1.176544E+07   1.608718E+01   1.608718E+01   1.787464E+01   1.514281E+01  -1.000000E+01   3.346347E+00  -4.166154E+00        14
   1.534516E+04   1.178079E+07   1.608718E+01   1.608718E+01   1.787464E+01   1.514281E+01  -1.000000E+01   3.346347E+00  -4.166154E+00        14
   1.535516E+04   1.179614E+07   1.608718E+01   1.608718E+01   1.787464E+01   1.514281E+01  -1.000000E+01   3.346347E+00  -4.166154E+00        14
   1.536516E+04   1.181151E+07   1.608718E+01   1.608718E+01   1.787464E+01   1.514281E+01  -1.000000E+01   3.346347E+00  -4.166154E+00        14
   1.537516E+04   1.182688E+07   1.608718E+01   1.608718E+01   1.787464E+01   1.514281E+01  -1.000000E+01   3.346347E+00  -4.166154E+00        14
   1.538516E+04   1.184227E+07   1.608718E+01   1.608718E+01   1.787464E+01   1.514281E+01  -1.000000E+01   3.346347E+00  -4.166154E+00        14
   1.539516E+04   1.185766E+07   1.608718E+01   1.608718E+01   1.787464E+01   1.514281E+01  -1.000000E+01   3.346347E+00  -4.166154E+00        14
   1.540516E+04   1.187307E+07   1.608718E+01   1.608718E+01   1.787464E+01   1.514281E+01  -1.000000E+01   3.346347E+00  -4.166154E+00        14
   1.541516E+04   1.188848E+07   1.608718E+01   1.608718E+01   1.787464E+01   1.514281E+01  -1.000000E+01   3.346347E+00  -4.166154E+00        14
   1.542516E+04   1.190391E+07   1.608718E+01   1.608718E+01   1.787464E+01   1.514281E+01  -1.000000E+01   3.346347E+00  -4.166154E+00        14
   1.543516E+04   1.191934E+07   1.608718E+01   1.608718E+01   1.787464E+01   1.514281E+01  -1.000000E+01   3.346347E+00  -4.166154E+00        14
   1.544516E+04   1.193478E+07   1.608718E+01   1.608718E+01   1.787464E+01   1.514281E+01  -1.000000E+01   3.346347E+00  -4.166154E+00        14
   1.545516E+04   1.195024E+07   1.608718E+01   1.608718E+01   1.787464E+01   1.514281E+01  -1.000000E+01   3.346347E+00  -4.166154E+00        14
   1.546516E+04   1.196570E+07   1.608718E+01   1.608718E+01   1.787464E+01   1.514281E+01  -1.000000E+01   3.346347E+00  -4.166154E+00        14
   1.547516E+04   1.198118E+07   1.608718E+01   1.608718E+01   1.787464E+01   1.514281E+01  -1.000000E+01   3.346347E+00  -4.166154E+00        14
   1.548516E+04   1.199666E+07   1.608718E+01   1.608718E+01   1.787464E+01   1.514281E+01  -1.000000E+01   3.346347E+00  -4.166154E+00        14
   1.549516E+04   1.201216E+07   1.608718E+01   1.608718E+01   1.787464E+01   1.514281E+01  -1.000000E+01   3.346347E+00  -4.166154E+00        14
   1.550516E+04   1.202766E+07   1.608718E+01   1.608718E+01   1.787464E+01   1.514281E+01  -1.000000E+01   3.346347E+00  -4.166154E+00        14
   1.551516E+04   1.204318E+07   1.608718E+01   1.608718E+01   1.787464E+01   1.514281E+01  -1.000000E+01   3.346347E+00  -4.166154E+00        14
   1.552516E+04   1.205870E+07   1.608718E+01   1.608718E+01   1.787464E+01   1.514281E+01  -1.000000E+01   3.346347E+00  -4.166154E+00        14
   1.553516E+04   1.207424E+07   1.608718E+01   1.608718E+01   1.787464E+01   1.514281E+01  -1.000000E+01   3.346347E+00  -4.166154E+00        14
   1.554516E+04   1.208978E+07   1.608718E+01   1.608718E+01   1.787464E+01   1.514281E+01  -1.000000E+01   3.346347E+00  -4.166154E+00        14
   1.555516E+04   1.210534E+07   1.608718E+01   1.608718E+01   1.787464E+01   1.514281E+01  -1.000000E+01   3.346347E+00  -4.166154E+00        14
   1.556516E+04   1.212090E+07   1.608718E+01   1.608718E+01   1.787464E+01   1.514281E+01  -1.000000E+01   3.346347E+00  -4.166154E+00        14
   1.557516E+04   1.213648E+07   1.608718E+01   1.608718E+01   1.787464E+01   1.514281E+01  -1.000000E+01   3.346347E+00  -4.166154E+00        14
   1.558516E+04   1.215206E+07   1.608718E+01   1.608718E+01   1.787464E+01   1.514281E+01  -1.000000E+01   3.346347E+00  -4.166154E+00        14
   1.559516E+04   1.216766E+07   1.608718E+01   1.608718E+01   1.787464E+01   1.514281E+01  -1.000000E+01   3.346347E+00  -4.166154E+00        14
   1.560516E+04   1.218326E+07   1.608718E+01   1.608718E+01   1.787464E+01   1.514281E+01  -1.000000E+01   3.346347E+00  -4.166154E+00        14
   1.561516E+04   1.219888E+07   1.608718E+01   1.608718E+01   1.787464E+01   1.514281E+01  -1.000000E+01   3.346347E+00  -4.166154E+00        14
   1.562516E+04   1.221450E+07   1.608718E+01   1.608718E+01   1.787464E+01   1.514281E+01  -1.000000E+01   3.346347E+00  -4.166154E+00        14
   1.563516E+04   1.223014E+07   1.608718E+01   1.608718E+01   1.787464E+01   1.514281E+01  -1.000000E+01   3.346347E+00  -4.166154E+00        14
   1.564516E+04   1.224578E+07   1.608718E+01   1.608718E+01   1.787464E+01   1.514281E+01  -1.000000E+01   3.346347E+00  -4.166154E+00        14
   1.565516E+04   1.226144E+07   1.608718E+01   1.608718E+01   1.787464E+01   1.514281E+01  -1.000000E+01   3.346347E+00  -4.166154E+00        14
   1.566516E+04   1.227710E+07   1.608718E+01   1.608718E+01   1.787464E+01   1.514281E+01  -1.000000E+01   3.346347E+00  -4.166154E+00        14
   1.567516E+04   1.229277E+07   1.608718E+01   1.608718E+01   1.787464E+01   1.514281E+01  -1.000000E+01   3.346347E+00  -4.166154E+00        14
   1.568516E+04   1.230846E+07   1.608718E+01   1.608718E+01   1.787464E+01   1.514281E+01  -1.000000E+01   3.346347E+00  -4.166154E+00        14
   1.569516E+04   1.232415E+07   1.608718E+01   1.608718E+01   1.787464E+01   1.514281E+01  -1.000000E+01   3.346347E+00  -4.166154E+00        14
   1.570516E+04   1.233986E+07   1.608718E+01   1.608718E+01   1.787464E+01   1.514281E+01  -1.000000E+01   3.346347E+00  -4.166154E+00        14
   1.571516E+04   1.235557E+07   1.608718E+01   1.608718E+01   1.787464E+01   1.514281E+01  -1.000000E+01   3.346347E+00  -4.166154E+00        14
   1.572516E+04   1.237130E+07   1.608718E+01   1.608718E+01   1.787464E+01   1.514281E+01  -1.000000E+01   3.346347E+00  -4.166154E+00        14
   1.573516E+04   1.238703E+07   1.608718E+01   1.608718E+01   1.787464E+01   1.514281E+01  -1.000000E+01   3.346347E+00  -4.166154E+00        14
   1.574516E+04   1.240278E+07   1.608718E+01   1.608718E+01   1.787464E+01   1.514281E+01  -1.000000E+01   3.346347E+00  -4.166154E+00        14
   1.575516E+04   1.241853E+07   1.608718E+01   1.608718E+01   1.787464E+01   1.514281E+01  -1.000000E+01   3.346347E+00  -4.166154E+00        14
   1.576516E+04   1.243430E+07   1.608718E+01   1.608718E+01   1.787464E+01   1.514281E+01  -1.000000E+01   3.346347E+00  -4.166154E+00        14
   1.577516E+04   1.245007E+07   1.608718E+01   1.608718E+01   1.787464E+01   1.514281E+01  -1.000000E+01   3.346347E+00  -4.166154E+00        14
   1.578516E+04   1.246586E+07   1.608718E+01   1.608718E+01   1.787464E+01   1.514281E+01  -1.000000E+01   3.346347E+00  -4.166154E+00        14
   1.579516E+04   1.248165E+07   1.608718E+01   1.608718E+01   1.787464E+01   1.514281E+01  -1.000000E+01   3.346347E+00  -4.166154E+00        14
   1.580516E+04   1.249746E+07   1.608718E+01   1.608718E+01   1.787464E+01   1.514281E+01  -1.000000E+01   3.346347E+00  -4.166154E+00        14
   1.581516E+04   1.251327E+07   1.608718E+01   1.608718E+01   1.787464E+01   1.514281E+01  -1.000000E+01   3.346347E+00  -4.166154E+00        14
   1.582516E+04   1.252910E+07   1.608718E+01   1.608718E+01   1.787464E+01   1.514281E+01  -1.000000E+01   3.346347E+00  -4.166154E+00        14
   1.583516E+04   1.254493E+07   1.608718E+01   1.608718E+01   1.787464E+01   1.514281E+01  -1.000000E+01   3.346347E+00  -4.166154E+00        14
   1.584516E+04   1.256078E+07   1.608718E+01   1.608718E+01   1.787464E+01   1.514281E+01  -1.000000E+01   3.346347E+00  -4.166154E+00        14
   1.585516E+04   1.257663E+07   1.608718E+01   1.608718E+01   1.787464E+01   1.514281E+01  -1.000000E+01   3.346347E+00  -4.166154E+00        14
   1.586516E+04   1.259250E+07   1.608718E+01   1.608718E+01   1.787464E+01   1.514281E+01  -1.000000E+01   3.346347E+00  -4.166154E+00        14
   1.587516E+04   1.260837E+07   1.608718E+01   1.608718E+01   1.787464E+01   1.514281E+01  -1.000000E+01   3.346347E+00  -4.166154E+00        14
   1.588516E+04   1.262426E+07   1.608718E+01   1.608718E+01   1.787464E+01   1.514281E+01  -1.000000E+01   3.346347E+00  -4.166154E+00        14
   1.589516E+04   1.264015E+07   1.608718E+01   1.608718E+01   1.787464E+01   1.514281E+01  -1.000000E+01   3.346347E+00  -4.166154E+00        14
   1.590516E+04   1.265605E+07   1.608718E+01   1.608718E+01   1.787464E+01   1.514281E+01  -1.000000E+01   3.346347E+00  -4.166154E+00        14
   1.591516E+04   1.267197E+07   1.608718E+01   1.608718E+01   1.787464E+01   1.514281E+01  -1.000000E+01   3.346347E+00  -4.166154E+00        14
   1.592516E+04   1.268789E+07   1.608718E+01   1.608718E+01   1.787464E+01   1.514281E+01  -1.000000E+01   3.346347E+00  -4.166154E+00        14
   1.593516E+04   1.270383E+07   1.608718E+01   1.608718E+01   1.787464E+01   1.514281E+01  -1.000000E+01   3.346347E+00  -4.166154E+00        14
   1.594516E+04   1.271977E+07   1.608718E+01   1.608718E+01   1.787464E+01   1.514281E+01  -1.000000E+01   3.346347E+00  -4.166154E+00        14
   1.595516E+04   1.273573E+07   1.608718E+01   1.608718E+01   1.787464E+01   1.514281E+01  -1.000000E+01   3.346347E+00  -4.166154E+00        14
   1.596516E+04   1.275169E+07   1.608718E+01   1.608718E+01   1.787464E+01   1.514281E+01  -1.000000E+01   3.346347E+00  -4.166154E+00        14
   1.597516E+04   1.276767E+07   1.608718E+01   1.608718E+01   1.787464E+01   1.514281E+01  -1.000000E+01   3.346347E+00  -4.166154E+00        14
   1.598516E+04   1.278365E+07   1.608718E+01   1.608718E+01   1.787464E+01   1.514281E+01  -1.000000E+01   3.346347E+00  -4.166154E+00        14
   1.599516E+04   1.279965E+07   1.608718E+01   1.608718E+01   1.787464E+01   1.514281E+01  -1.000000E+01   3.346347E+00  -4.166154E+00        14
   1.600516E+04   1.281565E+07   1.608718E+01   1.608718E+01   1.787464E+01   1.514281E+01  -1.000000E+01   3.346347E+00  -4.166154E+00        14
   1.601516E+04   1.283167E+07   1.608718E+01   1.608718E+01   1.787464E+01   1.514281E+01  -1.000000E+01   3.346347E+00  -4.166154E+00        14
   1.602516E+04   1.284769E+07   1.608718E+01   1.608718E+01   1.787464E+01   1.514281E+01  -1.000000E+01   3.346347E+00  -4.166154E+00        14
   1.603516E+04   1.286373E+07   1.608718E+01   1.608718E+01   1.787464E+01   1.514281E+01  -1.000000E+01   3.346347E+00  -4.166154E+00        14
   1.604516E+04   1.287977E+07   1.608718E+01   1.608718E+01   1.787464E+01   1.514281E+01  -1.000000E+01   3.346347E+00  -4.166154E+00        14
   1.605516E+04   1.289583E+07   1.608718E+01   1.608718E+01   1.787464E+01   1.514281E+01  -1.000000E+01   3.346347E+00  -4.166154E+00        14
   1.606516E+04   1.291189E+07   1.608718E+01   1.608718E+01   1.787464E+01   1.514281E+01  -1.000000E+01   3.346347E+00  -4.166154E+00        14
   1.607516E+04   1.292797E+07   1.608718E+01   1.608718E+01   1.787464E+01   1.514281E+01  -1.000000E+01   3.346347E+00  -4.166154E+00        14
   1.608516E+04   1.294405E+07   1.608718E+01   1.608718E+01   1.787464E+01   1.514281E+01  -1.000000E+01   3.346347E+00  -4.166154E+00        14
   1.609516E+04   1.296015E+07   1.608718E+01   1.608718E+01   1.787464E+01   1.514281E+01  -1.000000E+01   3.346347E+00  -4.166154E+00        14
   1.610516E+04   1.297625E+07   1.608718E+01   1.608718E+01   1.787464E+01   1.514281E+01  -1.000000E+01   3.346347E+00  -4.166154E+00        14
   1.611516E+04   1.299237E+07   1.608718E+01   1.608718E+01   1.787464E+01   1.514281E+01  -1.000000E+01   3.346347E+00  -4.166154E+00        14
   1.612516E+04   1.300849E+07   1.608718E+01   1.608718E+01   1.787464E+01   1.514281E+01  -1.000000E+01   3.346347E+00  -4.166154E+00        14
   1.613516E+04   1.302462E+07   1.608718E+01   1.608718E+01   1.787464E+01   1.514281E+01  -1.000000E+01   3.346347E+00  -4.166154E+00        14
   1.614516E+04   1.304077E+07   1.608718E+01   1.608718E+01   1.787464E+01   1.514281E+01  -1.000000E+01   3.346347E+00  -4.166154E+00        14
   1.615516E+04   1.305692E+07   1.608718E+01   1.608718E+01   1.787464E+01   1.514281E+01  -1.000000E+01   3.346347E+00  -4.166154E+00        14
   1.616516E+04   1.307309E+07   1.608718E+01   1.608718E+01   1.787464E+01   1.514281E+01  -1.000000E+01   3.346347E+00  -4.166154E+00        14
   1.617516E+04   1.308926E+07   1.608718E+01   1.608718E+01   1.787464E+01   1.514281E+01  -1.000000E+01   3.346347E+00  -4.166154E+00        14
   1.618516E+04   1.310545E+07   1.608718E+01   1.608718E+01   1.787464E+01   1.514281E+01  -1.000000E+01   3.346347E+00  -4.166154E+00        14
   1.619516E+04   1.312164E+07   1.608718E+01   1.608718E+01   1.787464E+01   1.514281E+01  -1.000000E+01   3.346347E+00  -4.166154E+00        14
   1.620516E+04   1.313785E+07   1.608718E+01   1.608718E+01   1.787464E+01   1.514281E+01  -1.000000E+01   3.346347E+00  -4.166154E+00        14
   1.621516E+04   1.315406E+07   1.608718E+01   1.608718E+01   1.787464E+01   1.514281E+01  -1.000000E+01   3.346347E+00  -4.166154E+00        14
   1.622516E+04   1.317029E+07   1.608718E+01   1.608718E+01   1.787464E+01   1.514281E+01  -1.000000E+01   3.346347E+00  -4.166154E+00        14
   1.623516E+04   1.318652E+07   1.608718E+01   1.608718E+01   1.787464E+01   1.514281E+01  -1.000000E+01   3.346347E+00  -4.166154E+00        14
   1.624516E+04   1.320277E+07   1.608718E+01   1.608718E+01   1.787464E+01   1.514281E+01  -1.000000E+01   3.346347E+00  -4.166154E+00        14
   1.625516E+04   1.321902E+07   1.608718E+01   1.608718E+01   1.787464E+01   1.514281E+01  -1.000000E+01   3.346347E+00  -4.166154E+00        14
   1.626516E+04   1.323529E+07   1.608718E+01   1.608718E+01   1.787464E+01   1.514281E+01  -1.000000E+01   3.346347E+00  -4.166154E+00        14
   1.627516E+04   1.325156E+07   1.608718E+01   1.608718E+01   1.787464E+01   1.514281E+01  -1.000000E+01   3.346347E+00  -4.166154E+00        14
   1.628516E+04   1.326785E+07   1.608718E+01   1.608718E+01   1.787464E+01   1.514281E+01  -1.000000E+01   3.346347E+00  -4.166154E+00        14
   1.629516E+04   1.328414E+07   1.608718E+01   1.608718E+01   1.787464E+01   1.514281E+01  -1.000000E+01   3.346347E+00  -4.166154E+00        14
   1.630516E+04   1.330045E+07   1.608718E+01   1.608718E+01   1.787464E+01   1.514281E+01  -1.000000E+01   3.346347E+00  -4.166154E+00        14
   1.631516E+04   1.331676E+07   1.608718E+01   1.608718E+01   1.787464E+01   1.514281E+01  -1.000000E+01   3.346347E+00  -4.166154E+00        14
   1.632516E+04   1.333309E+07   1.608718E+01   1.608718E+01   1.787464E+01   1.514281E+01  -1.000000E+01   3.346347E+00  -4.166154E+00        14
   1.633516E+04   1.334942E+07   1.608718E+01   1.608718E+01   1.787464E+01   1.514281E+01  -1.000000E+01   3.346347E+00  -4.166154E+00        14
   1.634516E+04   1.336577E+07   1.608718E+01   1.608718E+01   1.787464E+01   1.514281E+01  -1.000000E+01   3.346347E+00  -4.166154E+00        14
   1.635516E+04   1.338212E+07   1.608718E+01   1.608718E+01   1.787464E+01   1.514281E+01  -1.000000E+01   3.346347E+00  -4.166154E+00        14
   1.636516E+04   1.339848E+07   1.608718E+01   1.608718E+01   1.787464E+01   1.514281E+01  -1.000000E+01   3.346347E+00  -4.166154E+00        14
   1.637516E+04   1.341486E+07   1.608718E+01   1.608718E+01   1.787464E+01   1.514281E+01  -1.000000E+01   3.346347E+00  -4.166154E+00        14
   1.638516E+04   1.343124E+07   1.608718E+01   1.608718E+01   1.787464E+01   1.514281E+01  -1.000000E+01   3.346347E+00  -4.166154E+00        14
   1.639516E+04   1.344764E+07   1.608718E+01   1.608718E+01   1.787464E+01   1.514281E+01  -1.000000E+01   3.346347E+00  -4.166154E+00        14
   1.640516E+04   1.346404E+07   1.608718E+01   1.608718E+01   1.787464E+01   1.514281E+01  -1.000000E+01   3.346347E+00  -4.166154E+00        14
   1.641516E+04   1.348046E+07   1.608718E+01   1.608718E+01   1.787464E+01   1.514281E+01  -1.000000E+01   3.346347E+00  -4.166154E+00        14
   1.642516E+04   1.349688E+07   1.608718E+01   1.608718E+01   1.787464E+01   1.514281E+01  -1.000000E+01   3.346347E+00  -4.166154E+00        14
   1.643516E+04   1.351332E+07   1.608718E+01   1.608718E+01   1.787464E+01   1.514281E+01  -1.000000E+01   3.346347E+00  -4.166154E+00        14
   1.644516E+04   1.352976E+07   1.608718E+01   1.608718E+01   1.787464E+01   1.514281E+01  -1.000000E+01   3.346347E+00  -4.166154E+00        14
   1.645516E+04   1.354622E+07   1.608718E+01   1.608718E+01   1.787464E+01   1.514281E+01  -1.000000E+01   3.346347E+00  -4.166154E+00        14
   1.646516E+04   1.356268E+07   1.608718E+01   1.608718E+01   1.787464E+01   1.514281E+01  -1.000000E+01   3.346347E+00  -4.166154E+00        14
   1.647516E+04   1.357916E+07   1.608718E+01   1.608718E+01   1.787464E+01   1.514281E+01  -1.000000E+01   3.346347E+00  -4.166154E+00        14
   1.648516E+04   1.359564E+07   1.608718E+01   1.608718E+01   1.787464E+01   1.514281E+01  -1.000000E+01   3.346347E+00  -4.166154E+00        14
   1.649516E+04   1.361214E+07   1.608718E+01   1.608718E+01   1.787464E+01   1.514281E+01  -1.000000E+01   3.346347E+00  -4.166154E+00        14
   1.650516E+04   1.362864E+07   1.608718E+01   1.608718E+01   1.787464E+01   1.514281E+01  -1.000000E+01   3.346347E+00  -4.166154E+00        14
   1.651516E+04   1.364516E+07   1.608718E+01   1.608718E+01   1.787464E+01   1.514281E+01  -1.000000E+01   3.346347E+00  -4.166154E+00        14
   1.652516E+04   1.366168E+07   1.608718E+01   1.608718E+01   1.787464E+01   1.514281E+01  -1.000000E+01   3.346347E+00  -4.166154E+00        14
   1.653516E+04   1.367822E+07   1.608718E+01   1.608718E+01   1.787464E+01   1.514281E+01  -1.000000E+01   3.346347E+00  -4.166154E+00        14
   1.654516E+04   1.369476E+07   1.608718E+01   1.608718E+01   1.787464E+01   1.514281E+01  -1.000000E+01   3.346347E+00  -4.166154E+00        14
   1.655516E+04   1.371132E+07   1.608718E+01   1.608718E+01   1.787464E+01   1.514281E+01  -1.000000E+01   3.346347E+00  -4.166154E+00        14
   1.656516E+04   1.372788E+07   1.608718E+01   1.608718E+01   1.787464E+01   1.514281E+01  -1.000000E+01   3.346347E+00  -4.166154E+00        14
   1.657516E+04   1.374446E+07   1.608718E+01   1.608718E+01   1.787464E+01   1.514281E+01  -1.000000E+01   3.346347E+00  -4.166154E+00        14
   1.658516E+04   1.376104E+07   1.608718E+01   1.608718E+01   1.787464E+01   1.514281E+01  -1.000000E+01   3.346347E+00  -4.166154E+00        14
   1.659516E+04   1.377763E+07   1.608718E+01   1.608718E+01   1.787464E+01   1.514281E+01  -1.000000E+01   3.346347E+00  -4.166154E+00        14
   1.660516E+04   1.379424E+07   1.608718E+01   1.608718E+01   1.787464E+01   1.514281E+01  -1.000000E+01   3.346347E+00  -4.166154E+00        14
   1.661516E+04   1.381085E+07   1.608718E+01   1.608718E+01   1.787464E+01   1.514281E+01  -1.000000E+01   3.346347E+00  -4.166154E+00        14
   1.662516E+04   1.382748E+07   1.608718E+01   1.608718E+01   1.787464E+01   1.514281E+01  -1.000000E+01   3.346347E+00  -4.166154E+00        14
   1.663516E+04   1.384411E+07   1.608718E+01   1.608718E+01   1.787464E+01   1.514281E+01  -1.000000E+01   3.346347E+00  -4.166154E+00        14
   1.664516E+04   1.386076E+07   1.608718E+01   1.608718E+01   1.787464E+01   1.514281E+01  -1.000000E+01   3.346347E+00  -4.166154E+00        14
   1.665516E+04   1.387741E+07   1.608718E+01   1.608718E+01   1.787464E+01   1.514281E+01  -1.000000E+01   3.346347E+00  -4.166154E+00        14
   1.666516E+04   1.389408E+07   1.608718E+01   1.608718E+01   1.787464E+01   1.514281E+01  -1.000000E+01   3.346347E+00  -4.166154E+00        14
   1.667516E+04   1.391075E+07   1.608718E+01   1.608718E+01   1.787464E+01   1.514281E+01  -1.000000E+01   3.346347E+00  -4.166154E+00        14
   1.668516E+04   1.392744E+07   1.608718E+01   1.608718E+01   1.787464E+01   1.514281E+01  -1.000000E+01   3.346347E+00  -4.166154E+00        14
   1.669516E+04   1.394413E+07   1.608718E+01   1.608718E+01   1.787464E+01   1.514281E+01  -1.000000E+01   3.346347E+00  -4.166154E+00        14
   1.670516E+04   1.396084E+07   1.608718E+01   1.608718E+01   1.787464E+01   1.514281E+01  -1.000000E+01   3.346347E+00  -4.166154E+00        14
   1.671516E+04   1.397755E+07   1.608718E+01   1.608718E+01   1.787464E+01   1.514281E+01  -1.000000E+01   3.346347E+00  -4.166154E+00        14
   1.672516E+04   1.399428E+07   1.608718E+01   1.608718E+01   1.787464E+01   1.514281E+01  -1.000000E+01   3.346347E+00  -4.166154E+00        14
   1.673516E+04   1.401101E+07   1.608718E+01   1.608718E+01   1.787464E+01   1.514281E+01  -1.000000E+01   3.346347E+00  -4.166154E+00        14
   1.674516E+04   1.402776E+07   1.608718E+01   1.608718E+01   1.787464E+01   1.514281E+01  -1.000000E+01   3.346347E+00  -4.166154E+00        14
   1.675516E+04   1.404451E+07   1.608718E+01   1.608718E+01   1.787464E+01   1.514281E+01  -1.000000E+01   3.346347E+00  -4.166154E+00        14
   1.676516E+04   1.406128E+07   1.608718E+01   1.608718E+01   1.787464E+01   1.514281E+01  -1.000000E+01   3.346347E+00  -4.166154E+00        14
   1.677516E+04   1.407805E+07   1.608718E+01   1.608718E+01   1.787464E+01   1.514281E+01  -1.000000E+01   3.346347E+00  -4.166154E+00        14
   1.678516E+04   1.409484E+07   1.608718E+01   1.608718E+01   1.787464E+01   1.514281E+01  -1.000000E+01   3.346347E+00  -4.166154E+00        14
   1.679516E+04   1.411163E+07   1.608718E+01   1.608718E+01   1.787464E+01   1.514281E+01  -1.000000E+01   3.346347E+00  -4.166154E+00        14
   1.680516E+04   1.412844E+07   1.608718E+01   1.608718E+01   1.787464E+01   1.514281E+01  -1.000000E+01   3.346347E+00  -4.166154E+00        14
   1.681516E+04   1.414525E+07   1.608718E+01   1.608718E+01   1.787464E+01   1.514281E+01  -1.000000E+01   3.346347E+00  -4.166154E+00        14
   1.682516E+04   1.416207E+07   1.608718E+01   1.608718E+01   1.787464E+01   1.514281E+01  -1.000000E+01   3.346347E+00  -4.166154E+00        14
   1.683516E+04   1.417891E+07   1.608718E+01   1.608718E+01   1.787464E+01   1.514281E+01  -1.000000E+01   3.346347E+00  -4.166154E+00        14
   1.684516E+04   1.419575E+07   1.608718E+01   1.608718E+01   1.787464E+01   1.514281E+01  -1.000000E+01   3.346347E+00  -4.166154E+00        14
   1.685516E+04   1.421261E+07   1.608718E+01   1.608718E+01   1.787464E+01   1.514281E+01  -1.000000E+01   3.346347E+00  -4.166154E+00        14
   1.686516E+04   1.422947E+07   1.608718E+01   1.608718E+01   1.787464E+01   1.514281E+01  -1.000000E+01   3.346347E+00  -4.166154E+00        14
   1.687516E+04   1.424635E+07   1.608718E+01   1.608718E+01   1.787464E+01   1.514281E+01  -1.000000E+01   3.346347E+00  -4.166154E+00        14
   1.688516E+04   1.426323E+07   1.608718E+01   1.608718E+01   1.787464E+01   1.514281E+01  -1.000000E+01   3.346347E+00  -4.166154E+00        14
   1.689516E+04   1.428013E+07   1.608718E+01   1.608718E+01   1.787464E+01   1.514281E+01  -1.000000E+01   3.346347E+00  -4.166154E+00        14
   1.690516E+04   1.429703E+07   1.608718E+01   1.608718E+01   1.787464E+01   1.514281E+01  -1.000000E+01   3.346347E+00  -4.166154E+00        14
   1.691516E+04   1.431395E+07   1.608718E+01   1.608718E+01   1.787464E+01   1.514281E+01  -1.000000E+01   3.346347E+00  -4.166154E+00        14
   1.692516E+04   1.433087E+07   1.608718E+01   1.608718E+01   1.787464E+01   1.514281E+01  -1.000000E+01   3.346347E+00  -4.166154E+00        14
   1.693516E+04   1.434781E+07   1.608718E+01   1.608718E+01   1.787464E+01   1.514281E+01  -1.000000E+01   3.346347E+00  -4.166154E+00        14
   1.694516E+04   1.436475E+07   1.608718E+01   1.608718E+01   1.787464E+01   1.514281E+01  -1.000000E+01   3.346347E+00  -4.166154E+00        14
   1.695516E+04   1.438171E+07   1.608718E+01   1.608718E+01   1.787464E+01   1.514281E+01  -1.000000E+01   3.346347E+00  -4.166154E+00        14
   1.696516E+04   1.439867E+07   1.608718E+01   1.608718E+01   1.787464E+01   1.514281E+01  -1.000000E+01   3.346347E+00  -4.166154E+00        14
   1.697516E+04   1.441565E+07   1.608718E+01   1.608718E+01   1.787464E+01   1.514281E+01  -1.000000E+01   3.346347E+00  -4.166154E+00        14
   1.698516E+04   1.443263E+07   1.608718E+01   1.608718E+01   1.787464E+01   1.514281E+01  -1.000000E+01   3.346347E+00  -4.166154E+00        14
   1.699516E+04   1.444963E+07   1.608718E+01   1.608718E+01   1.787464E+01   1.514281E+01  -1.000000E+01   3.346347E+00  -4.166154E+00        14
   1.700516E+04   1.446663E+07   1.608718E+01   1.608718E+01   1.787464E+01   1.514281E+01  -1.000000E+01   3.346347E+00  -4.166154E+00        14
   1.701516E+04   1.448365E+07   1.608718E+01   1.608718E+01   1.787464E+01   1.514281E+01  -1.000000E+01   3.346347E+00  -4.166154E+00        14
   1.702516E+04   1.450067E+07   1.608718E+01   1.608718E+01   1.787464E+01   1.514281E+01  -1.000000E+01   3.346347E+00  -4.166154E+00        14
   1.703516E+04   1.451771E+07   1.608718E+01   1.608718E+01   1.787464E+01   1.514281E+01  -1.000000E+01   3.346347E+00  -4.166154E+00        14
   1.704516E+04   1.453475E+07   1.608718E+01   1.608718E+01   1.787464E+01   1.514281E+01  -1.000000E+01   3.346347E+00  -4.166154E+00        14
   1.705516E+04   1.455180E+07   1.608718E+01   1.608718E+01   1.787464E+01   1.514281E+01  -1.000000E+01   3.346347E+00  -4.166154E+00        14
   1.706516E+04   1.456887E+07   1.608718E+01   1.608718E+01   1.787464E+01   1.514281E+01  -1.000000E+01   3.346347E+00  -4.166154E+00        14
   1.707516E+04   1.458594E+07   1.608718E+01   1.608718E+01   1.787464E+01   1.514281E+01  -1.000000E+01   3.346347E+00  -4.166154E+00        14
   1.708516E+04   1.460303E+07   1.608718E+01   1.608718E+01   1.787464E+01   1.514281E+01  -1.000000E+01   3.346347E+00  -4.166154E+00        14
   1.709516E+04   1.462012E+07   1.608718E+01   1.608718E+01   1.787464E+01   1.514281E+01  -1.000000E+01   3.346347E+00  -4.166154E+00        14
   1.710516E+04   1.463723E+07   1.608718E+01   1.608718E+01   1.787464E+01   1.514281E+01  -1.000000E+01   3.346347E+00  -4.166154E+00        14
   1.711516E+04   1.465434E+07   1.608718E+01   1.608718E+01   1.787464E+01   1.514281E+01  -1.000000E+01   3.346347E+00  -4.166154E+00        14
   1.712516E+04   1.467147E+07   1.608718E+01   1.608718E+01   1.787464E+01   1.514281E+01  -1.000000E+01   3.346347E+00  -4.166154E+00        14
   1.713516E+04   1.468860E+07   1.608718E+01   1.608718E+01   1.787464E+01   1.514281E+01  -1.000000E+01   3.346347E+00  -4.166154E+00        14
   1.714516E+04   1.470575E+07   1.608718E+01   1.608718E+01   1.787464E+01   1.514281E+01  -1.000000E+01   3.346347E+00  -4.166154E+00        14
   1.715516E+04   1.472290E+07   1.608718E+01   1.608718E+01   1.787464E+01   1.514281E+01  -1.000000E+01   3.346347E+00  -4.166154E+00        14
   1.716516E+04   1.474007E+07   1.608718E+01   1.608718E+01   1.787464E+01   1.514281E+01  -1.000000E+01   3.346347E+00  -4.166154E+00        14
   1.717516E+04   1.475724E+07   1.608718E+01   1.608718E+01   1.787464E+01   1.514281E+01  -1.000000E+01   3.346347E+00  -4.166154E+00        14
   1.718516E+04   1.477443E+07   1.608718E+01   1.608718E+01   1.787464E+01   1.514281E+01  -1.000000E+01   3.346347E+00  -4.166154E+00        14
   1.719516E+04   1.479162E+07   1.608718E+01   1.608718E+01   1.787464E+01   1.514281E+01  -1.000000E+01   3.346347E+00  -4.166154E+00        14
   1.720516E+04   1.480883E+07   1.608718E+01   1.608718E+01   1.787464E+01   1.514281E+01  -1.000000E+01   3.346347E+00  -4.166154E+00        14
   1.721516E+04   1.482604E+07   1.608718E+01   1.608718E+01   1.787464E+01   1.514281E+01  -1.000000E+01   3.346347E+00  -4.166154E+00        14
   1.722516E+04   1.484327E+07   1.608718E+01   1.608718E+01   1.787464E+01   1.514281E+01  -1.000000E+01   3.346347E+00  -4.166154E+00        14
   1.723516E+04   1.486050E+07   1.608718E+01   1.608718E+01   1.787464E+01   1.514281E+01  -1.000000E+01   3.346347E+00  -4.166154E+00        14
   1.724516E+04   1.487775E+07   1.608718E+01   1.608718E+01   1.787464E+01   1.514281E+01  -1.000000E+01   3.346347E+00  -4.166154E+00        14
   1.725516E+04   1.489500E+07   1.608718E+01   1.608718E+01   1.787464E+01   1.514281E+01  -1.000000E+01   3.346347E+00  -4.166154E+00        14
   1.726516E+04   1.491227E+07   1.608718E+01   1.608718E+01   1.787464E+01   1.514281E+01  -1.000000E+01   3.346347E+00  -4.166154E+00        14
   1.727516E+04   1.492954E+07   1.608718E+01   1.608718E+01   1.787464E+01   1.514281E+01  -1.000000E+01   3.346347E+00  -4.166154E+00        14
   1.728516E+04   1.494682E+07   1.608718E+01   1.608718E+01   1.787464E+01   1.514281E+01  -1.000000E+01   3.346347E+00  -4.166154E+00        14
   1.729516E+04   1.496412E+07   1.608718E+01   1.608718E+01   1.787464E+01   1.514281E+01  -1.000000E+01   3.346347E+00  -4.166154E+00        14
   1.730516E+04   1.498142E+07   1.608718E+01   1.608718E+01   1.787464E+01   1.514281E+01  -1.000000E+01   3.346347E+00  -4.166154E+00        14
   1.731516E+04   1.499874E+07   1.608718E+01   1.608718E+01   1.787464E+01   1.514281E+01  -1.000000E+01   3.346347E+00  -4.166154E+00        14
   1.732516E+04   1.501606E+07   1.608718E+01   1.608718E+01   1.787464E+01   1.514281E+01  -1.000000E+01   3.346347E+00  -4.166154E+00        14
   1.733516E+04   1.503340E+07   1.608718E+01   1.608718E+01   1.787464E+01   1.514281E+01  -1.000000E+01   3.346347E+00  -4.166154E+00        14
   1.734516E+04   1.505074E+07   1.608718E+01   1.608718E+01   1.787464E+01   1.514281E+01  -1.000000E+01   3.346347E+00  -4.166154E+00        14
   1.735516E+04   1.506810E+07   1.608718E+01   1.608718E+01   1.787464E+01   1.514281E+01  -1.000000E+01   3.346347E+00  -4.166154E+00        14
   1.736516E+04   1.508546E+07   1.608718E+01   1.608718E+01   1.787464E+01   1.514281E+01  -1.000000E+01   3.346347E+00  -4.166154E+00        14
   1.737516E+04   1.510284E+07   1.608718E+01   1.608718E+01   1.787464E+01   1.514281E+01  -1.000000E+01   3.346347E+00  -4.166154E+00        14
   1.738516E+04   1.512022E+07   1.608718E+01   1.608718E+01   1.787464E+01   1.514281E+01  -1.000000E+01   3.346347E+00  -4.166154E+00        14
   1.739516E+04   1.513762E+07   1.608718E+01   1.608718E+01   1.787464E+01   1.514281E+01  -1.000000E+01   3.346347E+00  -4.166154E+00        14
   1.740516E+04   1.515502E+07   1.608718E+01   1.608718E+01   1.787464E+01   1.514281E+01  -1.000000E+01   3.346347E+00  -4.166154E+00        14
   1.741516E+04   1.517244E+07   1.608718E+01   1.608718E+01   1.787464E+01   1.514281E+01  -1.000000E+01   3.346347E+00  -4.166154E+00        14
   1.742516E+04   1.518986E+07   1.608718E+01   1.608718E+01   1.787464E+01   1.514281E+01  -1.000000E+01   3.346347E+00  -4.166154E+00        14
   1.743516E+04   1.520730E+07   1.608718E+01   1.608718E+01   1.787464E+01   1.514281E+01  -1.000000E+01   3.346347E+00  -4.166154E+00        14
   1.744516E+04   1.522474E+07   1.608718E+01   1.608718E+01   1.787464E+01   1.514281E+01  -1.000000E+01   3.346347E+00  -4.166154E+00        14
   1.745516E+04   1.524220E+07   1.608718E+01   1.608718E+01   1.787464E+01   1.514281E+01  -1.000000E+01   3.346347E+00  -4.166154E+00        14
   1.746516E+04   1.525966E+07   1.608718E+01   1.608718E+01   1.787464E+01   1.514281E+01  -1.000000E+01   3.346347E+00  -4.166154E+00        14
   1.747516E+04   1.527714E+07   1.608718E+01   1.608718E+01   1.787464E+01   1.514281E+01  -1.000000E+01   3.346347E+00  -4.166154E+00        14
   1.748516E+04   1.529462E+07   1.608718E+01   1.608718E+01   1.787464E+01   1.514281E+01  -1.000000E+01   3.346347E+00  -4.166154E+00        14
   1.749516E+04   1.531212E+07   1.608718E+01   1.608718E+01   1.787464E+01   1.514281E+01  -1.000000E+01   3.346347E+00  -4.166154E+00        14
   1.750516E+04   1.532962E+07   1.608718E+01   1.608718E+01   1.787464E+01   1.514281E+01  -1.000000E+01   3.346347E+00  -4.166154E+00        14
   1.751516E+04   1.534713E+07   1.608718E+01   1.608718E+01   1.787464E+01   1.514281E+01  -1.000000E+01   3.346347E+00  -4.166154E+00        14
   1.752516E+04   1.536466E+07   1.608718E+01   1.608718E+01   1.787464E+01   1.514281E+01  -1.000000E+01   3.346347E+00  -4.166154E+00        14
   1.753516E+04   1.538219E+07   1.608718E+01   1.608718E+01   1.787464E+01   1.514281E+01  -1.000000E+01   3.346347E+00  -4.166154E+00        14
   1.754516E+04   1.539974E+07   1.608718E+01   1.608718E+01   1.787464E+01   1.514281E+01  -1.000000E+01   3.346347E+00  -4.166154E+00        14
   1.755516E+04   1.541729E+07   1.608718E+01   1.608718E+01   1.787464E+01   1.514281E+01  -1.000000E+01   3.346347E+00  -4.166154E+00        14
   1.756516E+04   1.543486E+07   1.608718E+01   1.608718E+01   1.787464E+01   1.514281E+01  -1.000000E+01   3.346347E+00  -4.166154E+00        14
   1.757516E+04   1.545243E+07   1.608718E+01   1.608718E+01   1.787464E+01   1.514281E+01  -1.000000E+01   3.346347E+00  -4.166154E+00        14
   1.758516E+04   1.547002E+07   1.608718E+01   1.608718E+01   1.787464E+01   1.514281E+01  -1.000000E+01   3.346347E+00  -4.166154E+00        14
   1.759516E+04   1.548761E+07   1.608718E+01   1.608718E+01   1.787464E+01   1.514281E+01  -1.000000E+01   3.346347E+00  -4.166154E+00        14
   1.760516E+04   1.550522E+07   1.608718E+01   1.608718E+01   1.787464E+01   1.514281E+01  -1.000000E+01   3.346347E+00  -4.166154E+00        14
   1.761516E+04   1.552283E+07   1.608718E+01   1.608718E+01   1.787464E+01   1.514281E+01  -1.000000E+01   3.346347E+00  -4.166154E+00        14
   1.762516E+04   1.554046E+07   1.608718E+01   1.608718E+01   1.787464E+01   1.514281E+01  -1.000000E+01   3.346347E+00  -4.166154E+00        14
   1.763516E+04   1.555809E+07   1.608718E+01   1.608718E+01   1.787464E+01   1.514281E+01  -1.000000E+01   3.346347E+00  -4.166154E+00        14
   1.764516E+04   1.557574E+07   1.608718E+01   1.608718E+01   1.787464E+01   1.514281E+01  -1.000000E+01   3.346347E+00  -4.166154E+00        14
   1.765516E+04   1.559339E+07   1.608718E+01   1.608718E+01   1.787464E+01   1.514281E+01  -1.000000E+01   3.346347E+00  -4.166154E+00        14
   1.766516E+04   1.561106E+07   1.608718E+01   1.608718E+01   1.787464E+01   1.514281E+01  -1.000000E+01   3.346347E+00  -4.166154E+00        14
   1.767516E+04   1.562873E+07   1.608718E+01   1.608718E+01   1.787464E+01   1.514281E+01  -1.000000E+01   3.346347E+00  -4.166154E+00        14
   1.768516E+04   1.564642E+07   1.608718E+01   1.608718E+01   1.787464E+01   1.514281E+01  -1.000000E+01   3.346347E+00  -4.166154E+00        14
   1.769516E+04   1.566411E+07   1.608718E+01   1.608718E+01   1.787464E+01   1.514281E+01  -1.000000E+01   3.346347E+00  -4.166154E+00        14
   1.770516E+04   1.568182E+07   1.608718E+01   1.608718E+01   1.787464E+01   1.514281E+01  -1.000000E+01   3.346347E+00  -4.166154E+00        14
   1.771516E+04   1.569953E+07   1.608718E+01   1.608718E+01   1.787464E+01   1.514281E+01  -1.000000E+01   3.346347E+00  -4.166154E+00        14
   1.772516E+04   1.571726E+07   1.608718E+01   1.608718E+01   1.787464E+01   1.514281E+01  -1.000000E+01   3.346347E+00  -4.166154E+00        14
   1.773516E+04   1.573499E+07   1.608718E+01   1.608718E+01   1.787464E+01   1.514281E+01  -1.000000E+01   3.346347E+00  -4.166154E+00        14
   1.774516E+04   1.575273E+07   1.608718E+01   1.608718E+01   1.787464E+01   1.514281E+01  -1.000000E+01   3.346347E+00  -4.166154E+00        14
   1.775516E+04   1.577049E+07   1.608718E+01   1.608718E+01   1.787464E+01   1.514281E+01  -1.000000E+01   3.346347E+00  -4.166154E+00        14
   1.776516E+04   1.578825E+07   1.608718E+01   1.608718E+01   1.787464E+01   1.514281E+01  -1.000000E+01   3.346347E+00  -4.166154E+00        14
   1.777516E+04   1.580603E+07   1.608718E+01   1.608718E+01   1.787464E+01   1.514281E+01  -1.000000E+01   3.346347E+00  -4.166154E+00        14
   1.778516E+04   1.582381E+07   1.608718E+01   1.608718E+01   1.787464E+01   1.514281E+01  -1.000000E+01   3.346347E+00  -4.166154E+00        14
   1.779516E+04   1.584161E+07   1.608718E+01   1.608718E+01   1.787464E+01   1.514281E+01  -1.000000E+01   3.346347E+00  -4.166154E+00        14
   1.780516E+04   1.585941E+07   1.608718E+01   1.608718E+01   1.787464E+01   1.514281E+01  -1.000000E+01   3.346347E+00  -4.166154E+00        14
   1.781516E+04   1.587723E+07   1.608718E+01   1.608718E+01   1.787464E+01   1.514281E+01  -1.000000E+01   3.346347E+00  -4.166154E+00        14
   1.782516E+04   1.589505E+07   1.608718E+01   1.608718E+01   1.787464E+01   1.514281E+01  -1.000000E+01   3.346347E+00  -4.166154E+00        14
   1.783516E+04   1.591289E+07   1.608718E+01   1.608718E+01   1.787464E+01   1.514281E+01  -1.000000E+01   3.346347E+00  -4.166154E+00        14
   1.784516E+04   1.593073E+07   1.608718E+01   1.608718E+01   1.787464E+01   1.514281E+01  -1.000000E+01   3.346347E+00  -4.166154E+00        14
   1.785516E+04   1.594859E+07   1.608718E+01   1.608718E+01   1.787464E+01   1.514281E+01  -1.000000E+01   3.346347E+00  -4.166154E+00        14
   1.786516E+04   1.596645E+07   1.608718E+01   1.608718E+01   1.787464E+01   1.514281E+01  -1.000000E+01   3.346347E+00  -4.166154E+00        14
   1.787516E+04   1.598433E+07   1.608718E+01   1.608718E+01   1.787464E+01   1.514281E+01  -1.000000E+01   3.346347E+00  -4.166154E+00        14
   1.788516E+04   1.600221E+07   1.608718E+01   1.608718E+01   1.787464E+01   1.514281E+01  -1.000000E+01   3.346347E+00  -4.166154E+00        14
   1.789516E+04   1.602011E+07   1.608718E+01   1.608718E+01   1.787464E+01   1.514281E+01  -1.000000E+01   3.346347E+00  -4.166154E+00        14
   1.790516E+04   1.603801E+07   1.608718E+01   1.608718E+01   1.787464E+01   1.514281E+01  -1.000000E+01   3.346347E+00  -4.166154E+00        14
   1.791516E+04   1.605593E+07   1.608718E+01   1.608718E+01   1.787464E+01   1.514281E+01  -1.000000E+01   3.346347E+00  -4.166154E+00        14
   1.792516E+04   1.607385E+07   1.608718E+01   1.608718E+01   1.787464E+01   1.514281E+01  -1.000000E+01   3.346347E+00  -4.166154E+00        14
   1.793516E+04   1.609179E+07   1.608718E+01   1.608718E+01   1.787464E+01   1.514281E+01  -1.000000E+01   3.346347E+00  -4.166154E+00        14
   1.794516E+04   1.610973E+07   1.608718E+01   1.608718E+01   1.787464E+01   1.514281E+01  -1.000000E+01   3.346347E+00  -4.166154E+00        14
   1.795516E+04   1.612769E+07   1.608718E+01   1.608718E+01   1.787464E+01   1.514281E+01  -1.000000E+01   3.346347E+00  -4.166154E+00        14
   1.796516E+04   1.614565E+07   1.608718E+01   1.608718E+01   1.787464E+01   1.514281E+01  -1.000000E+01   3.346347E+00  -4.166154E+00        14
   1.797516E+04   1.616362E+07   1.608718E+01   1.608718E+01   1.787464E+01   1.514281E+01  -1.000000E+01   3.346347E+00  -4.166154E+00        14
   1.798516E+04   1.618161E+07   1.608718E+01   1.608718E+01   1.787464E+01   1.514281E+01  -1.000000E+01   3.346347E+00  -4.166154E+00        14
   1.799516E+04   1.619960E+07   1.608718E+01   1.608718E+01   1.787464E+01   1.514281E+01  -1.000000E+01   3.346347E+00  -4.166154E+00        14
   1.800516E+04   1.621761E+07   1.608718E+01   1.608718E+01   1.787464E+01   1.514281E+01  -1.000000E+01   3.346347E+00  -4.166154E+00        14
   1.801516E+04   1.623562E+07   1.608718E+01   1.608718E+01   1.787464E+01   1.514281E+01  -1.000000E+01   3.346347E+00  -4.166154E+00        14
   1.802516E+04   1.625365E+07   1.608718E+01   1.608718E+01   1.787464E+01   1.514281E+01  -1.000000E+01   3.346347E+00  -4.166154E+00        14
   1.803516E+04   1.627168E+07   1.608718E+01   1.608718E+01   1.787464E+01   1.514281E+01  -1.000000E+01   3.346347E+00  -4.166154E+00        14
   1.804516E+04   1.628973E+07   1.608718E+01   1.608718E+01   1.787464E+01   1.514281E+01  -1.000000E+01   3.346347E+00  -4.166154E+00        14
   1.805516E+04   1.630778E+07   1.608718E+01   1.608718E+01   1.787464E+01   1.514281E+01  -1.000000E+01   3.346347E+00  -4.166154E+00        14
   1.806516E+04   1.632585E+07   1.608718E+01   1.608718E+01   1.787464E+01   1.514281E+01  -1.000000E+01   3.346347E+00  -4.166154E+00        14
   1.807516E+04   1.634392E+07   1.608718E+01   1.608718E+01   1.787464E+01   1.514281E+01  -1.000000E+01   3.346347E+00  -4.166154E+00        14
   1.808516E+04   1.636201E+07   1.608718E+01   1.608718E+01   1.787464E+01   1.514281E+01  -1.000000E+01   3.346347E+00  -4.166154E+00        14
   1.809516E+04   1.638010E+07   1.608718E+01   1.608718E+01   1.787464E+01   1.514281E+01  -1.000000E+01   3.346347E+00  -4.166154E+00        14
   1.810516E+04   1.639821E+07   1.608718E+01   1.608718E+01   1.787464E+01   1.514281E+01  -1.000000E+01   3.346347E+00  -4.166154E+00        14
   1.811516E+04   1.641632E+07   1.608718E+01   1.608718E+01   1.787464E+01   1.514281E+01  -1.000000E+01   3.346347E+00  -4.166154E+00        14
   1.812516E+04   1.643445E+07   1.608718E+01   1.608718E+01   1.787464E+01   1.514281E+01  -1.000000E+01   3.346347E+00  -4.166154E+00        14
   1.813516E+04   1.645258E+07   1.608718E+01   1.608718E+01   1.787464E+01   1.514281E+01  -1.000000E+01   3.346347E+00  -4.166154E+00        14
   1.814516E+04   1.647073E+07   1.608718E+01   1.608718E+01   1.787464E+01   1.514281E+01  -1.000000E+01   3.346347E+00  -4.166154E+00        14
   1.815516E+04   1.648888E+07   1.608718E+01   1.608718E+01   1.787464E+01   1.514281E+01  -1.000000E+01   3.346347E+00  -4.166154E+00        14
   1.816516E+04   1.650705E+07   1.608718E+01   1.608718E+01   1.787464E+01   1.514281E+01  -1.000000E+01   3.346347E+00  -4.166154E+00        14
   1.817516E+04   1.652522E+07   1.608718E+01   1.608718E+01   1.787464E+01   1.514281E+01  -1.000000E+01   3.346347E+00  -4.166154E+00        14
   1.818516E+04   1.654341E+07   1.608718E+01   1.608718E+01   1.787464E+01   1.514281E+01  -1.000000E+01   3.346347E+00  -4.166154E+00        14
   1.819516E+04   1.656160E+07   1.608718E+01   1.608718E+01   1.787464E+01   1.514281E+01  -1.000000E+01   3.346347E+00  -4.166154E+00        14
   1.820516E+04   1.657980E+07   1.608718E+01   1.608718E+01   1.787464E+01   1.514281E+01  -1.000000E+01   3.346347E+00  -4.166154E+00        14
   1.821516E+04   1.659802E+07   1.608718E+01   1.608718E+01   1.787464E+01   1.514281E+01  -1.000000E+01   3.346347E+00  -4.166154E+00        14
   1.822516E+04   1.661624E+07   1.608718E+01   1.608718E+01   1.787464E+01   1.514281E+01  -1.000000E+01   3.346347E+00  -4.166154E+00        14
   1.823516E+04   1.663448E+07   1.608718E+01   1.608718E+01   1.787464E+01   1.514281E+01  -1.000000E+01   3.346347E+00  -4.166154E+00        14
   1.824516E+04   1.665272E+07   1.608718E+01   1.608718E+01   1.787464E+01   1.514281E+01  -1.000000E+01   3.346347E+00  -4.166154E+00        14
   1.825516E+04   1.667098E+07   1.608718E+01   1.608718E+01   1.787464E+01   1.514281E+01  -1.000000E+01   3.346347E+00  -4.166154E+00        14
   1.826516E+04   1.668924E+07   1.608718E+01   1.608718E+01   1.787464E+01   1.514281E+01  -1.000000E+01   3.346347E+00  -4.166154E+00        14
   1.827516E+04   1.670752E+07   1.608718E+01   1.608718E+01   1.787464E+01   1.514281E+01  -1.000000E+01   3.346347E+00  -4.166154E+00        14
   1.828516E+04   1.672580E+07   1.608718E+01   1.608718E+01   1.787464E+01   1.514281E+01  -1.000000E+01   3.346347E+00  -4.166154E+00        14
   1.829516E+04   1.674410E+07   1.608718E+01   1.608718E+01   1.787464E+01   1.514281E+01  -1.000000E+01   3.346347E+00  -4.166154E+00        14
   1.830516E+04   1.676240E+07   1.608718E+01   1.608718E+01   1.787464E+01   1.514281E+01  -1.000000E+01   3.346347E+00  -4.166154E+00        14
   1.831516E+04   1.678072E+07   1.608718E+01   1.608718E+01   1.787464E+01   1.514281E+01  -1.000000E+01   3.346347E+00  -4.166154E+00        14
   1.832516E+04   1.679904E+07   1.608718E+01   1.608718E+01   1.787464E+01   1.514281E+01  -1.000000E+01   3.346347E+00  -4.166154E+00        14
   1.833516E+04   1.681738E+07   1.608718E+01   1.608718E+01   1.787464E+01   1.514281E+01  -1.000000E+01   3.346347E+00  -4.166154E+00        14
   1.834516E+04   1.683572E+07   1.608718E+01   1.608718E+01   1.787464E+01   1.514281E+01  -1.000000E+01   3.346347E+00  -4.166154E+00        14
   1.835516E+04   1.685408E+07   1.608718E+01   1.608718E+01   1.787464E+01   1.514281E+01  -1.000000E+01   3.346347E+00  -4.166154E+00        14
   1.836516E+04   1.687244E+07   1.608718E+01   1.608718E+01   1.787464E+01   1.514281E+01  -1.000000E+01   3.346347E+00  -4.166154E+00        14
   1.837516E+04   1.689082E+07   1.608718E+01   1.608718E+01   1.787464E+01   1.514281E+01  -1.000000E+01   3.346347E+00  -4.166154E+00        14
   1.838516E+04   1.690920E+07   1.608718E+01   1.608718E+01   1.787464E+01   1.514281E+01  -1.000000E+01   3.346347E+00  -4.166154E+00        14
   1.839516E+04   1.692760E+07   1.608718E+01   1.608718E+01   1.787464E+01   1.514281E+01  -1.000000E+01   3.346347E+00  -4.166154E+00        14
   1.840516E+04   1.694600E+07   1.608718E+01   1.608718E+01   1.787464E+01   1.514281E+01  -1.000000E+01   3.346347E+00  -4.166154E+00        14
   1.841516E+04   1.696442E+07   1.608718E+01   1.608718E+01   1.787464E+01   1.514281E+01  -1.000000E+01   3.346347E+00  -4.166154E+00        14
   1.842516E+04   1.698284E+07   1.608718E+01   1.608718E+01   1.787464E+01   1.514281E+01  -1.000000E+01   3.346347E+00  -4.166154E+00        14
   1.843516E+04   1.700127E+07   1.608718E+01   1.608718E+01   1.787464E+01   1.514281E+01  -1.000000E+01   3.346347E+00  -4.166154E+00        14
   1.844516E+04   1.701972E+07   1.608718E+01   1.608718E+01   1.787464E+01   1.514281E+01  -1.000000E+01   3.346347E+00  -4.166154E+00        14
   1.845516E+04   1.703817E+07   1.608718E+01   1.608718E+01   1.787464E+01   1.514281E+01  -1.000000E+01   3.346347E+00  -4.166154E+00        14
   1.846516E+04   1.705664E+07   1.608718E+01   1.608718E+01   1.787464E+01   1.514281E+01  -1.000000E+01   3.346347E+00  -4.166154E+00        14
   1.847516E+04   1.707511E+07   1.608718E+01   1.608718E+01   1.787464E+01   1.514281E+01  -1.000000E+01   3.346347E+00  -4.166154E+00        14
   1.848516E+04   1.709360E+07   1.608718E+01   1.608718E+01   1.787464E+01   1.514281E+01  -1.000000E+01   3.346347E+00  -4.166154E+00        14
   1.849516E+04   1.711209E+07   1.608718E+01   1.608718E+01   1.787464E+01   1.514281E+01  -1.000000E+01   3.346347E+00  -4.166154E+00        14
   1.850516E+04   1.713060E+07   1.608718E+01   1.608718E+01   1.787464E+01   1.514281E+01  -1.000000E+01   3.346347E+00  -4.166154E+00        14
   1.851516E+04   1.714911E+07   1.608718E+01   1.608718E+01   1.787464E+01   1.514281E+01  -1.000000E+01   3.346347E+00  -4.166154E+00        14
   1.852516E+04   1.716764E+07   1.608718E+01   1.608718E+01   1.787464E+01   1.514281E+01  -1.000000E+01   3.346347E+00  -4.166154E+00        14
   1.853516E+04   1.718617E+07   1.608718E+01   1.608718E+01   1.787464E+01   1.514281E+01  -1.000000E+01   3.346347E+00  -4.166154E+00        14
   1.854516E+04   1.720472E+07   1.608718E+01   1.608718E+01   1.787464E+01   1.514281E+01  -1.000000E+01   3.346347E+00  -4.166154E+00        14
   1.855516E+04   1.722327E+07   1.608718E+01   1.608718E+01   1.787464E+01   1.514281E+01  -1.000000E+01   3.346347E+00  -4.166154E+00        14
   1.856516E+04   1.724184E+07   1.608718E+01   1.608718E+01   1.787464E+01   1.514281E+01  -1.000000E+01   3.346347E+00  -4.166154E+00        14
   1.857516E+04   1.726041E+07   1.608718E+01   1.608718E+01   1.787464E+01   1.514281E+01  -1.000000E+01   3.346347E+00  -4.166154E+00        14
   1.858516E+04   1.727900E+07   1.608718E+01   1.608718E+01   1.787464E+01   1.514281E+01  -1.000000E+01   3.346347E+00  -4.166154E+00        14
   1.859516E+04   1.729759E+07   1.608718E+01   1.608718E+01   1.787464E+01   1.514281E+01  -1.000000E+01   3.346347E+00  -4.166154E+00        14
   1.860516E+04   1.731620E+07   1.608718E+01   1.608718E+01   1.787464E+01   1.514281E+01  -1.000000E+01   3.346347E+00  -4.166154E+00        14
   1.861516E+04   1.733481E+07   1.608718E+01   1.608718E+01   1.787464E+01   1.514281E+01  -1.000000E+01   3.346347E+00  -4.166154E+00        14
   1.862516E+04   1.735344E+07   1.608718E+01   1.608718E+01   1.787464E+01   1.514281E+01  -1.000000E+01   3.346347E+00  -4.166154E+00        14
   1.863516E+04   1.737207E+07   1.608718E+01   1.608718E+01   1.787464E+01   1.514281E+01  -1.000000E+01   3.346347E+00  -4.166154E+00        14
   1.864516E+04   1.739072E+07   1.608718E+01   1.608718E+01   1.787464E+01   1.514281E+01  -1.000000E+01   3.346347E+00  -4.166154E+00        14
   1.865516E+04   1.740937E+07   1.608718E+01   1.608718E+01   1.787464E+01   1.514281E+01  -1.000000E+01   3.346347E+00  -4.166154E+00        14
   1.866516E+04   1.742803E+07   1.608718E+01   1.608718E+01   1.787464E+01   1.514281E+01  -1.000000E+01   3.346347E+00  -4.166154E+00        14
   1.867516E+04   1.744671E+07   1.608718E+01   1.608718E+01   1.787464E+01   1.514281E+01  -1.000000E+01   3.346347E+00  -4.166154E+00        14
   1.868516E+04   1.746539E+07   1.608718E+01   1.608718E+01   1.787464E+01   1.514281E+01  -1.000000E+01   3.346347E+00  -4.166154E+00        14
   1.869516E+04   1.748409E+07   1.608718E+01   1.608718E+01   1.787464E+01   1.514281E+01  -1.000000E+01   3.346347E+00  -4.166154E+00        14
   1.870516E+04   1.750279E+07   1.608718E+01   1.608718E+01   1.787464E+01   1.514281E+01  -1.000000E+01   3.346347E+00  -4.166154E+00        14
   1.871516E+04   1.752151E+07   1.608718E+01   1.608718E+01   1.787464E+01   1.514281E+01  -1.000000E+01   3.346347E+00  -4.166154E+00        14
   1.872516E+04   1.754023E+07   1.608718E+01   1.608718E+01   1.787464E+01   1.514281E+01  -1.000000E+01   3.346347E+00  -4.166154E+00        14
   1.873516E+04   1.755897E+07   1.608718E+01   1.608718E+01   1.787464E+01   1.514281E+01  -1.000000E+01   3.346347E+00  -4.166154E+00        14
   1.874516E+04   1.757771E+07   1.608718E+01   1.608718E+01   1.787464E+01   1.514281E+01  -1.000000E+01   3.346347E+00  -4.166154E+00        14
   1.875516E+04   1.759647E+07   1.608718E+01   1.608718E+01   1.787464E+01   1.514281E+01  -1.000000E+01   3.346347E+00  -4.166154E+00        14
   1.876516E+04   1.761523E+07   1.608718E+01   1.608718E+01   1.787464E+01   1.514281E+01  -1.000000E+01   3.346347E+00  -4.166154E+00        14
   1.877516E+04   1.763401E+07   1.608718E+01   1.608718E+01   1.787464E+01   1.514281E+01  -1.000000E+01   3.346347E+00  -4.166154E+00        14
   1.878516E+04   1.765279E+07   1.608718E+01   1.608718E+01   1.787464E+01   1.514281E+01  -1.000000E+01   3.346347E+00  -4.166154E+00        14
   1.879516E+04   1.767159E+07   1.608718E+01   1.608718E+01   1.787464E+01   1.514281E+01  -1.000000E+01   3.346347E+00  -4.166154E+00        14
   1.880516E+04   1.769039E+07   1.608718E+01   1.608718E+01   1.787464E+01   1.514281E+01  -1.000000E+01   3.346347E+00  -4.166154E+00        14
   1.881516E+04   1.770921E+07   1.608718E+01   1.608718E+01   1.787464E+01   1.514281E+01  -1.000000E+01   3.346347E+00  -4.166154E+00        14
   1.882516E+04   1.772803E+07   1.608718E+01   1.608718E+01   1.787464E+01   1.514281E+01  -1.000000E+01   3.346347E+00  -4.166154E+00        14
   1.883516E+04   1.774687E+07   1.608718E+01   1.608718E+01   1.787464E+01   1.514281E+01  -1.000000E+01   3.346347E+00  -4.166154E+00        14
   1.884516E+04   1.776571E+07   1.608718E+01   1.608718E+01   1.787464E+01   1.514281E+01  -1.000000E+01   3.346347E+00  -4.166154E+00        14
   1.885516E+04   1.778457E+07   1.608718E+01   1.608718E+01   1.787464E+01   1.514281E+01  -1.000000E+01   3.346347E+00  -4.166154E+00        14
   1.886516E+04   1.780343E+07   1.608718E+01   1.608718E+01   1.787464E+01   1.514281E+01  -1.000000E+01   3.346347E+00  -4.166154E+00        14
   1.887516E+04   1.782231E+07   1.608718E+01   1.608718E+01   1.787464E+01   1.514281E+01  -1.000000E+01   3.346347E+00  -4.166154E+00        14
   1.888516E+04   1.784119E+07   1.608718E+01   1.608718E+01   1.787464E+01   1.514281E+01  -1.000000E+01   3.346347E+00  -4.166154E+00        14
   1.889516E+04   1.786008E+07   1.608718E+01   1.608718E+01   1.787464E+01   1.514281E+01  -1.000000E+01   3.346347E+00  -4.166154E+00        14
   1.890516E+04   1.787899E+07   1.608718E+01   1.608718E+01   1.787464E+01   1.514281E+01  -1.000000E+01   3.346347E+00  -4.166154E+00        14
   1.891516E+04   1.789790E+07   1.608718E+01   1.608718E+01   1.787464E+01   1.514281E+01  -1.000000E+01   3.346347E+00  -4.166154E+00        14
   1.892516E+04   1.791683E+07   1.608718E+01   1.608718E+01   1.787464E+01   1.514281E+01  -1.000000E+01   3.346347E+00  -4.166154E+00        14
   1.893516E+04   1.793576E+07   1.608718E+01   1.608718E+01   1.787464E+01   1.514281E+01  -1.000000E+01   3.346347E+00  -4.166154E+00        14
   1.894516E+04   1.795471E+07   1.608718E+01   1.608718E+01   1.787464E+01   1.514281E+01  -1.000000E+01   3.346347E+00  -4.166154E+00        14
   1.895516E+04   1.797366E+07   1.608718E+01   1.608718E+01   1.787464E+01   1.514281E+01  -1.000000E+01   3.346347E+00  -4.166154E+00        14
   1.896516E+04   1.799263E+07   1.608718E+01   1.608718E+01   1.787464E+01   1.514281E+01  -1.000000E+01   3.346347E+00  -4.166154E+00        14
   1.897516E+04   1.801160E+07   1.608718E+01   1.608718E+01   1.787464E+01   1.514281E+01  -1.000000E+01   3.346347E+00  -4.166154E+00        14
   1.898516E+04   1.803059E+07   1.608718E+01   1.608718E+01   1.787464E+01   1.514281E+01  -1.000000E+01   3.346347E+00  -4.166154E+00        14
   1.899516E+04   1.804958E+07   1.608718E+01   1.608718E+01   1.787464E+01   1.514281E+01  -1.000000E+01   3.346347E+00  -4.166154E+00        14
   1.900516E+04   1.806859E+07   1.608718E+01   1.608718E+01   1.787464E+01   1.514281E+01  -1.000000E+01   3.346347E+00  -4.166154E+00        14
   1.901516E+04   1.808760E+07   1.608718E+01   1.608718E+01   1.787464E+01   1.514281E+01  -1.000000E+01   3.346347E+00  -4.166154E+00        14
   1.902516E+04   1.810663E+07   1.608718E+01   1.608718E+01   1.787464E+01   1.514281E+01  -1.000000E+01   3.346347E+00  -4.166154E+00        14
   1.903516E+04   1.812566E+07   1.608718E+01   1.608718E+01   1.787464E+01   1.514281E+01  -1.000000E+01   3.346347E+00  -4.166154E+00        14
   1.904516E+04   1.814471E+07   1.608718E+01   1.608718E+01   1.787464E+01   1.514281E+01  -1.000000E+01   3.346347E+00  -4.166154E+00        14
   1.905516E+04   1.816376E+07   1.608718E+01   1.608718E+01   1.787464E+01   1.514281E+01  -1.000000E+01   3.346347E+00  -4.166154E+00        14
   1.906516E+04   1.818283E+07   1.608718E+01   1.608718E+01   1.787464E+01   1.514281E+01  -1.000000E+01   3.346347E+00  -4.166154E+00        14
   1.907516E+04   1.820190E+07   1.608718E+01   1.608718E+01   1.787464E+01   1.514281E+01  -1.000000E+01   3.346347E+00  -4.166154E+00        14
   1.908516E+04   1.822099E+07   1.608718E+01   1.608718E+01   1.787464E+01   1.514281E+01  -1.000000E+01   3.346347E+00  -4.166154E+00        14
   1.909516E+04   1.824008E+07   1.608718E+01   1.608718E+01   1.787464E+01   1.514281E+01  -1.000000E+01   3.346347E+00  -4.166154E+00        14
   1.910516E+04   1.825919E+07   1.608718E+01   1.608718E+01   1.787464E+01   1.514281E+01  -1.000000E+01   3.346347E+00  -4.166154E+00        14
   1.911516E+04   1.827830E+07   1.608718E+01   1.608718E+01   1.787464E+01   1.514281E+01  -1.000000E+01   3.346347E+00  -4.166154E+00        14
   1.912516E+04   1.829742E+07   1.608718E+01   1.608718E+01   1.787464E+01   1.514281E+01  -1.000000E+01   3.346347E+00  -4.166154E+00        14
   1.913516E+04   1.831656E+07   1.608718E+01   1.608718E+01   1.787464E+01   1.514281E+01  -1.000000E+01   3.346347E+00  -4.166154E+00        14
   1.914516E+04   1.833570E+07   1.608718E+01   1.608718E+01   1.787464E+01   1.514281E+01  -1.000000E+01   3.346347E+00  -4.166154E+00        14
   1.915516E+04   1.835486E+07   1.608718E+01   1.608718E+01   1.787464E+01   1.514281E+01  -1.000000E+01   3.346347E+00  -4.166154E+00        14
   1.916516E+04   1.837402E+07   1.608718E+01   1.608718E+01   1.787464E+01   1.514281E+01  -1.000000E+01   3.346347E+00  -4.166154E+00        14
   1.917516E+04   1.839320E+07   1.608718E+01   1.608718E+01   1.787464E+01   1.514281E+01  -1.000000E+01   3.346347E+00  -4.166154E+00        14
   1.918516E+04   1.841238E+07   1.608718E+01   1.608718E+01   1.787464E+01   1.514281E+01  -1.000000E+01   3.346347E+00  -4.166154E+00        14
   1.919516E+04   1.843158E+07   1.608718E+01   1.608718E+01   1.787464E+01   1.514281E+01  -1.000000E+01   3.346347E+00  -4.166154E+00        14
   1.920516E+04   1.845078E+07   1.608718E+01   1.608718E+01   1.787464E+01   1.514281E+01  -1.000000E+01   3.346347E+00  -4.166154E+00        14
   1.921516E+04   1.847000E+07   1.608718E+01   1.608718E+01   1.787464E+01   1.514281E+01  -1.000000E+01   3.346347E+00  -4.166154E+00        14
   1.922516E+04   1.848922E+07   1.608718E+01   1.608718E+01   1.787464E+01   1.514281E+01  -1.000000E+01   3.346347E+00  -4.166154E+00        14
   1.923516E+04   1.850846E+07   1.608718E+01   1.608718E+01   1.787464E+01   1.514281E+01  -1.000000E+01   3.346347E+00  -4.166154E+00        14
   1.924516E+04   1.852770E+07   1.608718E+01   1.608718E+01   1.787464E+01   1.514281E+01  -1.000000E+01   3.346347E+00  -4.166154E+00        14
   1.925516E+04   1.854696E+07   1.608718E+01   1.608718E+01   1.787464E+01   1.514281E+01  -1.000000E+01   3.346347E+00  -4.166154E+00        14
   1.926516E+04   1.856622E+07   1.608718E+01   1.608718E+01   1.787464E+01   1.514281E+01  -1.000000E+01   3.346347E+00  -4.166154E+00        14
   1.927516E+04   1.858550E+07   1.608718E+01   1.608718E+01   1.787464E+01   1.514281E+01  -1.000000E+01   3.346347E+00  -4.166154E+00        14
   1.928516E+04   1.860478E+07   1.608718E+01   1.608718E+01   1.787464E+01   1.514281E+01  -1.000000E+01   3.346347E+00  -4.166154E+00        14
   1.929516E+04   1.862408E+07   1.608718E+01   1.608718E+01   1.787464E+01   1.514281E+01  -1.000000E+01   3.346347E+00  -4.166154E+00        14
   1.930516E+04   1.864338E+07   1.608718E+01   1.608718E+01   1.787464E+01   1.514281E+01  -1.000000E+01   3.346347E+00  -4.166154E+00        14
   1.931516E+04   1.866270E+07   1.608718E+01   1.608718E+01   1.787464E+01   1.514281E+01  -1.000000E+01   3.346347E+00  -4.166154E+00        14
   1.932516E+04   1.868202E+07   1.608718E+01   1.608718E+01   1.787464E+01   1.514281E+01  -1.000000E+01   3.346347E+00  -4.166154E+00        14
   1.933516E+04   1.870136E+07   1.608718E+01   1.608718E+01   1.787464E+01   1.514281E+01  -1.000000E+01   3.346347E+00  -4.166154E+00        14
   1.934516E+04   1.872070E+07   1.608718E+01   1.608718E+01   1.787464E+01   1.514281E+01  -1.000000E+01   3.346347E+00  -4.166154E+00        14
   1.935516E+04   1.874005E+07   1.608718E+01   1.608718E+01   1.787464E+01   1.514281E+01  -1.000000E+01   3.346347E+00  -4.166154E+00        14
   1.936516E+04   1.875942E+07   1.608718E+01   1.608718E+01   1.787464E+01   1.514281E+01  -1.000000E+01   3.346347E+00  -4.166154E+00        14
   1.937516E+04   1.877879E+07   1.608718E+01   1.608718E+01   1.787464E+01   1.514281E+01  -1.000000E+01   3.346347E+00  -4.166154E+00        14
   1.938516E+04   1.879818E+07   1.608718E+01   1.608718E+01   1.787464E+01   1.514281E+01  -1.000000E+01   3.346347E+00  -4.166154E+00        14
   1.939516E+04   1.881757E+07   1.608718E+01   1.608718E+01   1.787464E+01   1.514281E+01  -1.000000E+01   3.346347E+00  -4.166154E+00        14
   1.940516E+04   1.883698E+07   1.608718E+01   1.608718E+01   1.787464E+01   1.514281E+01  -1.000000E+01   3.346347E+00  -4.166154E+00        14
   1.941516E+04   1.885639E+07   1.608718E+01   1.608718E+01   1.787464E+01   1.514281E+01  -1.000000E+01   3.346347E+00  -4.166154E+00        14
   1.942516E+04   1.887582E+07   1.608718E+01   1.608718E+01   1.787464E+01   1.514281E+01  -1.000000E+01   3.346347E+00  -4.166154E+00        14
   1.943516E+04   1.889525E+07   1.608718E+01   1.608718E+01   1.787464E+01   1.514281E+01  -1.000000E+01   3.346347E+00  -4.166154E+00        14
   1.944516E+04   1.891470E+07   1.608718E+01   1.608718E+01   1.787464E+01   1.514281E+01  -1.000000E+01   3.346347E+00  -4.166154E+00        14
   1.945516E+04   1.893415E+07   1.608718E+01   1.608718E+01   1.787464E+01   1.514281E+01  -1.000000E+01   3.346347E+00  -4.166154E+00        14
   1.946516E+04   1.895362E+07   1.608718E+01   1.608718E+01   1.787464E+01   1.514281E+01  -1.000000E+01   3.346347E+00  -4.166154E+00        14
   1.947516E+04   1.897309E+07   1.608718E+01   1.608718E+01   1.787464E+01   1.514281E+01  -1.000000E+01   3.346347E+00  -4.166154E+00        14
   1.948516E+04   1.899258E+07   1.608718E+01   1.608718E+01   1.787464E+01   1.514281E+01  -1.000000E+01   3.346347E+00  -4.166154E+00        14
   1.949516E+04   1.901207E+07   1.608718E+01   1.608718E+01   1.787464E+01   1.514281E+01  -1.000000E+01   3.346347E+00  -4.166154E+00        14
   1.950516E+04   1.903158E+07   1.608718E+01   1.608718E+01   1.787464E+01   1.514281E+01  -1.000000E+01   3.346347E+00  -4.166154E+00        14
   1.951516E+04   1.905109E+07   1.608718E+01   1.608718E+01   1.787464E+01   1.514281E+01  -1.000000E+01   3.346347E+00  -4.166154E+00        14
   1.952516E+04   1.907062E+07   1.608718E+01   1.608718E+01   1.787464E+01   1.514281E+01  -1.000000E+01   3.346347E+00  -4.166154E+00        14
   1.953516E+04   1.909015E+07   1.608718E+01   1.608718E+01   1.787464E+01   1.514281E+01  -1.000000E+01   3.346347E+00  -4.166154E+00        14
   1.954516E+04   1.910970E+07   1.608718E+01   1.608718E+01   1.787464E+01   1.514281E+01  -1.000000E+01   3.346347E+00  -4.166154E+00        14
   1.955516E+04   1.912925E+07   1.608718E+01   1.608718E+01   1.787464E+01   1.514281E+01  -1.000000E+01   3.346347E+00  -4.166154E+00        14
   1.956516E+04   1.914882E+07   1.608718E+01   1.608718E+01   1.787464E+01   1.514281E+01  -1.000000E+01   3.346347E+00  -4.166154E+00        14
   1.957516E+04   1.916839E+07   1.608718E+01   1.608718E+01   1.787464E+01   1.514281E+01  -1.000000E+01   3.346347E+00  -4.166154E+00        14
   1.958516E+04   1.918797E+07   1.608718E+01   1.608718E+01   1.787464E+01   1.514281E+01  -1.000000E+01   3.346347E+00  -4.166154E+00        14
   1.959516E+04   1.920757E+07   1.608718E+01   1.608718E+01   1.787464E+01   1.514281E+01  -1.000000E+01   3.346347E+00  -4.166154E+00        14
   1.960516E+04   1.922717E+07   1.608718E+01   1.608718E+01   1.787464E+01   1.514281E+01  -1.000000E+01   3.346347E+00  -4.166154E+00        14
   1.961516E+04   1.924679E+07   1.608718E+01   1.608718E+01   1.787464E+01   1.514281E+01  -1.000000E+01   3.346347E+00  -4.166154E+00        14
   1.962516E+04   1.926641E+07   1.608718E+01   1.608718E+01   1.787464E+01   1.514281E+01  -1.000000E+01   3.346347E+00  -4.166154E+00        14
   1.963516E+04   1.928605E+07   1.608718E+01   1.608718E+01   1.787464E+01   1.514281E+01  -1.000000E+01   3.346347E+00  -4.166154E+00        14
   1.964516E+04   1.930569E+07   1.608718E+01   1.608718E+01   1.787464E+01   1.514281E+01  -1.000000E+01   3.346347E+00  -4.166154E+00        14
   1.965516E+04   1.932535E+07   1.608718E+01   1.608718E+01   1.787464E+01   1.514281E+01  -1.000000E+01   3.346347E+00  -4.166154E+00        14
   1.966516E+04   1.934501E+07   1.608718E+01   1.608718E+01   1.787464E+01   1.514281E+01  -1.000000E+01   3.346347E+00  -4.166154E+00        14
   1.967516E+04   1.936469E+07   1.608718E+01   1.608718E+01   1.787464E+01   1.514281E+01  -1.000000E+01   3.346347E+00  -4.166154E+00        14
   1.968516E+04   1.938437E+07   1.608718E+01   1.608718E+01   1.787464E+01   1.514281E+01  -1.000000E+01   3.346347E+00  -4.166154E+00        14
   1.969516E+04   1.940407E+07   1.608718E+01   1.608718E+01   1.787464E+01   1.514281E+01  -1.000000E+01   3.346347E+00  -4.166154E+00        14
   1.970516E+04   1.942377E+07   1.608718E+01   1.608718E+01   1.787464E+01   1.514281E+01  -1.000000E+01   3.346347E+00  -4.166154E+00        14
   1.971516E+04   1.944349E+07   1.608718E+01   1.608718E+01   1.787464E+01   1.514281E+01  -1.000000E+01   3.346347E+00  -4.166154E+00        14
   1.972516E+04   1.946321E+07   1.608718E+01   1.608718E+01   1.787464E+01   1.514281E+01  -1.000000E+01   3.346347E+00  -4.166154E+00        14
   1.973516E+04   1.948295E+07   1.608718E+01   1.608718E+01   1.787464E+01   1.514281E+01  -1.000000E+01   3.346347E+00  -4.166154E+00        14
   1.974516E+04   1.950269E+07   1.608718E+01   1.608718E+01   1.787464E+01   1.514281E+01  -1.000000E+01   3.346347E+00  -4.166154E+00        14
   1.975516E+04   1.952245E+07   1.608718E+01   1.608718E+01   1.787464E+01   1.514281E+01  -1.000000E+01   3.346347E+00  -4.166154E+00        14
   1.976516E+04   1.954221E+07   1.608718E+01   1.608718E+01   1.787464E+01   1.514281E+01  -1.000000E+01   3.346347E+00  -4.166154E+00        14
   1.977516E+04   1.956199E+07   1.608718E+01   1.608718E+01   1.787464E+01   1.514281E+01  -1.000000E+01   3.346347E+00  -4.166154E+00        14
   1.978516E+04   1.958177E+07   1.608718E+01   1.608718E+01   1.787464E+01   1.514281E+01  -1.000000E+01   3.346347E+00  -4.166154E+00        14
   1.979516E+04   1.960157E+07   1.608718E+01   1.608718E+01   1.787464E+01   1.514281E+01  -1.000000E+01   3.346347E+00  -4.166154E+00        14
   1.980516E+04   1.962137E+07   1.608718E+01   1.608718E+01   1.787464E+01   1.514281E+01  -1.000000E+01   3.346347E+00  -4.166154E+00        14
   1.981516E+04   1.964119E+07   1.608718E+01   1.608718E+01   1.787464E+01   1.514281E+01  -1.000000E+01   3.346347E+00  -4.166154E+00        14
   1.982516E+04   1.966101E+07   1.608718E+01   1.608718E+01   1.787464E+01   1.514281E+01  -1.000000E+01   3.346347E+00  -4.166154E+00        14
   1.983516E+04   1.968084E+07   1.608718E+01   1.608718E+01   1.787464E+01   1.514281E+01  -1.000000E+01   3.346347E+00  -4.166154E+00        14
   1.984516E+04   1.970069E+07   1.608718E+01   1.608718E+01   1.787464E+01   1.514281E+01  -1.000000E+01   3.346347E+00  -4.166154E+00        14
   1.985516E+04   1.972054E+07   1.608718E+01   1.608718E+01   1.787464E+01   1.514281E+01  -1.000000E+01   3.346347E+00  -4.166154E+00        14
   1.986516E+04   1.974041E+07   1.608718E+01   1.608718E+01   1.787464E+01   1.514281E+01  -1.000000E+01   3.346347E+00  -4.166154E+00        14
   1.987516E+04   1.976028E+07   1.608718E+01   1.608718E+01   1.787464E+01   1.514281E+01  -1.000000E+01   3.346347E+00  -4.166154E+00        14
   1.988516E+04   1.978017E+07   1.608718E+01   1.608718E+01   1.787464E+01   1.514281E+01  -1.000000E+01   3.346347E+00  -4.166154E+00        14
   1.989516E+04   1.980006E+07   1.608718E+01   1.608718E+01   1.787464E+01   1.514281E+01  -1.000000E+01   3.346347E+00  -4.166154E+00        14
   1.990516E+04   1.981997E+07   1.608718E+01   1.608718E+01   1.787464E+01   1.514281E+01  -1.000000E+01   3.346347E+00  -4.166154E+00        14
   1.991516E+04   1.983988E+07   1.608718E+01   1.608718E+01   1.787464E+01   1.514281E+01  -1.000000E+01   3.346347E+00  -4.166154E+00        14
   1.992516E+04   1.985981E+07   1.608718E+01   1.608718E+01   1.787464E+01   1.514281E+01  -1.000000E+01   3.346347E+00  -4.166154E+00        14
   1.993516E+04   1.987974E+07   1.608718E+01   1.608718E+01   1.787464E+01   1.514281E+01  -1.000000E+01   3.346347E+00  -4.166154E+00        14
   1.994516E+04   1.989969E+07   1.608718E+01   1.608718E+01   1.787464E+01   1.514281E+01  -1.000000E+01   3.346347E+00  -4.166154E+00        14
   1.995516E+04   1.991964E+07   1.608718E+01   1.608718E+01   1.787464E+01   1.514281E+01  -1.000000E+01   3.346347E+00  -4.166154E+00        14
   1.996516E+04   1.993961E+07   1.608718E+01   1.608718E+01   1.787464E+01   1.514281E+01  -1.000000E+01   3.346347E+00  -4.166154E+00        14
   1.997516E+04   1.995958E+07   1.608718E+01   1.608718E+01   1.787464E+01   1.514281E+01  -1.000000E+01   3.346347E+00  -4.166154E+00        14
   1.998516E+04   1.997957E+07   1.608718E+01   1.608718E+01   1.787464E+01   1.514281E+01  -1.000000E+01   3.346347E+00  -4.166154E+00        14
   1.999516E+04   1.999956E+07   1.608718E+01   1.608718E+01   1.787464E+01   1.514281E+01  -1.000000E+01   3.346347E+00  -4.166154E+00        14
   2.000000E+04   2.001957E+07   1.608718E+01   1.608718E+01   1.787464E+01   1.514281E+01  -1.000000E+01   3.346347E+00  -4.166154E+00        14
