           time            age           mass      core_mass        He_core        CO_core          log_L       log_Teff     log_radius     phase
   0.000000E+00   0.000000E+00   1.659587E+01   0.000000E+00   0.000000E+00   0.000000E+00   4.425176E+00   4.510018E+00   7.158110E-01         1
   5.712384E-01   5.712384E-01   1.658916E+01   0.000000E+00   0.000000E+00   0.000000E+00   4.438759E+00   4.506521E+00   7.295969E-01         1
   1.142477E+00   1.142477E+00   1.658214E+01   0.000000E+00   0.000000E+00   0.000000E+00   4.453320E+00   4.504397E+00   7.411246E-01         1
   1.713715E+00   1.713715E+00   1.657465E+01   0.000000E+00   0.000000E+00   0.000000E+00   4.468597E+00   4.502681E+00   7.521947E-01         1
   2.284953E+00   2.284953E+00   1.656664E+01   0.000000E+00   0.000000E+00   0.000000E+00   4.484577E+00   4.501094E+00   7.633583E-01         1
   2.856192E+00   2.856192E+00   1.655803E+01   0.000000E+00   0.000000E+00   0.000000E+00   4.501265E+00   4.499476E+00   7.749390E-01         1
   3.427430E+00   3.427430E+00   1.654877E+01   0.000000E+00   0.000000E+00   0.000000E+00   4.518613E+00   4.497724E+00   7.871177E-01         1
   3.998669E+00   3.998669E+00   1.653876E+01   0.000000E+00   0.000000E+00   0.000000E+00   4.536681E+00   4.495737E+00   8.001247E-01         1
   4.569907E+00   4.569907E+00   1.652795E+01   0.000000E+00   0.000000E+00   0.000000E+00   4.555553E+00   4.493420E+00   8.141961E-01         1
   5.141145E+00   5.141145E+00   1.651624E+01   0.000000E+00   0.000000E+00   0.000000E+00   4.575349E+00   4.490653E+00   8.296270E-01         1
   5.712384E+00   5.712384E+00   1.650355E+01   0.000000E+00   0.000000E+00   0.000000E+00   4.596218E+00   4.487285E+00   8.467981E-01         1
   6.283622E+00   6.283622E+00   1.648980E+01   0.000000E+00   0.000000E+00   0.000000E+00   4.618313E+00   4.483137E+00   8.661404E-01         1
   6.854860E+00   6.854860E+00   1.647492E+01   0.000000E+00   0.000000E+00   0.000000E+00   4.641871E+00   4.477932E+00   8.883308E-01         1
   7.426099E+00   7.426099E+00   1.645889E+01   0.000000E+00   0.000000E+00   0.000000E+00   4.666901E+00   4.471395E+00   9.139203E-01         1
   7.997337E+00   7.997337E+00   1.644170E+01   0.000000E+00   0.000000E+00   0.000000E+00   4.693335E+00   4.463170E+00   9.435861E-01         1
   8.568576E+00   8.568576E+00   1.642349E+01   0.000000E+00   0.000000E+00   0.000000E+00   4.721598E+00   4.452522E+00   9.790139E-01         1
   9.139814E+00   9.139814E+00   1.640469E+01   0.000000E+00   0.000000E+00   0.000000E+00   4.752255E+00   4.438307E+00   1.022773E+00         1
   9.711052E+00   9.711052E+00   1.638595E+01   0.000000E+00   0.000000E+00   0.000000E+00   4.786107E+00   4.418579E+00   1.080108E+00         1
   1.028229E+01   1.028229E+01   1.619780E+01   0.000000E+00   0.000000E+00   0.000000E+00   4.817945E+00   4.387267E+00   1.158806E+00         1
   1.085353E+01   1.085353E+01   1.592640E+01   0.000000E+00   0.000000E+00   0.000000E+00   4.852586E+00   4.338216E+00   1.273918E+00         1
   1.085924E+01   1.085924E+01   1.592358E+01   0.000000E+00   0.000000E+00   0.000000E+00   4.852968E+00   4.337604E+00   1.275342E+00         1
   1.086495E+01   1.086495E+01   1.592076E+01   0.000000E+00   0.000000E+00   0.000000E+00   4.853350E+00   4.336993E+00   1.276766E+00         1
   1.087067E+01   1.087067E+01   1.591794E+01   0.000000E+00   0.000000E+00   0.000000E+00   4.853732E+00   4.336381E+00   1.278189E+00         1
   1.087638E+01   1.087638E+01   1.591513E+01   0.000000E+00   0.000000E+00   0.000000E+00   4.854114E+00   4.335769E+00   1.279613E+00         1
   1.088209E+01   1.088209E+01   1.591231E+01   0.000000E+00   0.000000E+00   0.000000E+00   4.854496E+00   4.335158E+00   1.281037E+00         1
   1.088780E+01   1.088780E+01   1.590948E+01   0.000000E+00   0.000000E+00   0.000000E+00   4.854883E+00   4.334533E+00   1.282489E+00         1
   1.089352E+01   1.089352E+01   1.590665E+01   0.000000E+00   0.000000E+00   0.000000E+00   4.855271E+00   4.333905E+00   1.283949E+00         1
   1.089923E+01   1.089923E+01   1.590382E+01   0.000000E+00   0.000000E+00   0.000000E+00   4.855658E+00   4.333277E+00   1.285408E+00         1
   1.090494E+01   1.090494E+01   1.590099E+01   0.000000E+00   0.000000E+00   0.000000E+00   4.856046E+00   4.332649E+00   1.286868E+00         1
   1.091065E+01   1.091065E+01   1.589816E+01   0.000000E+00   0.000000E+00   0.000000E+00   4.856434E+00   4.332021E+00   1.288327E+00         1
   1.091637E+01   1.091637E+01   1.589533E+01   0.000000E+00   0.000000E+00   0.000000E+00   4.856821E+00   4.331393E+00   1.289787E+00         1
   1.092208E+01   1.092208E+01   1.589249E+01   0.000000E+00   0.000000E+00   0.000000E+00   4.857213E+00   4.330754E+00   1.291271E+00         1
   1.092779E+01   1.092779E+01   1.588965E+01   0.000000E+00   0.000000E+00   0.000000E+00   4.857606E+00   4.330111E+00   1.292763E+00         1
   1.093350E+01   1.093350E+01   1.588681E+01   0.000000E+00   0.000000E+00   0.000000E+00   4.858000E+00   4.329468E+00   1.294255E+00         1
   1.093921E+01   1.093921E+01   1.588397E+01   0.000000E+00   0.000000E+00   0.000000E+00   4.858393E+00   4.328825E+00   1.295747E+00         1
   1.094493E+01   1.094493E+01   1.588113E+01   0.000000E+00   0.000000E+00   0.000000E+00   4.858786E+00   4.328183E+00   1.297239E+00         1
   1.095064E+01   1.095064E+01   1.587829E+01   0.000000E+00   0.000000E+00   0.000000E+00   4.859180E+00   4.327540E+00   1.298732E+00         1
   1.095635E+01   1.095635E+01   1.587544E+01   0.000000E+00   0.000000E+00   0.000000E+00   4.859578E+00   4.326884E+00   1.300252E+00         1
   1.096206E+01   1.096206E+01   1.587259E+01   0.000000E+00   0.000000E+00   0.000000E+00   4.859977E+00   4.326227E+00   1.301777E+00         1
   1.096778E+01   1.096778E+01   1.586974E+01   0.000000E+00   0.000000E+00   0.000000E+00   4.860376E+00   4.325569E+00   1.303302E+00         1
   1.097349E+01   1.097349E+01   1.586689E+01   0.000000E+00   0.000000E+00   0.000000E+00   4.860776E+00   4.324911E+00   1.304828E+00         1
   1.097920E+01   1.097920E+01   1.586404E+01   0.000000E+00   0.000000E+00   0.000000E+00   4.861175E+00   4.324253E+00   1.306353E+00         1
   1.098491E+01   1.098491E+01   1.586119E+01   0.000000E+00   0.000000E+00   0.000000E+00   4.861574E+00   4.323595E+00   1.307880E+00         1
   1.099063E+01   1.099063E+01   1.585833E+01   0.000000E+00   0.000000E+00   0.000000E+00   4.861980E+00   4.322923E+00   1.309438E+00         1
   1.099634E+01   1.099634E+01   1.585547E+01   0.000000E+00   0.000000E+00   0.000000E+00   4.862386E+00   4.322251E+00   1.310995E+00         1
   1.100205E+01   1.100205E+01   1.585261E+01   0.000000E+00   0.000000E+00   0.000000E+00   4.862791E+00   4.321579E+00   1.312552E+00         1
   1.100776E+01   1.100776E+01   1.584975E+01   0.000000E+00   0.000000E+00   0.000000E+00   4.863197E+00   4.320907E+00   1.314110E+00         1
   1.101348E+01   1.101348E+01   1.584689E+01   0.000000E+00   0.000000E+00   0.000000E+00   4.863602E+00   4.320235E+00   1.315667E+00         1
   1.101919E+01   1.101919E+01   1.584403E+01   0.000000E+00   0.000000E+00   0.000000E+00   4.864010E+00   4.319558E+00   1.317236E+00         1
   1.102490E+01   1.102490E+01   1.584115E+01   0.000000E+00   0.000000E+00   0.000000E+00   4.864424E+00   4.318872E+00   1.318825E+00         1
   1.103061E+01   1.103061E+01   1.583828E+01   0.000000E+00   0.000000E+00   0.000000E+00   4.864837E+00   4.318187E+00   1.320413E+00         1
   1.103633E+01   1.103633E+01   1.583541E+01   0.000000E+00   0.000000E+00   0.000000E+00   4.865250E+00   4.317501E+00   1.322002E+00         1
   1.104204E+01   1.104204E+01   1.583254E+01   0.000000E+00   0.000000E+00   0.000000E+00   4.865664E+00   4.316816E+00   1.323591E+00         1
   1.104775E+01   1.104775E+01   1.582967E+01   0.000000E+00   0.000000E+00   0.000000E+00   4.866077E+00   4.316130E+00   1.325179E+00         1
   1.105346E+01   1.105346E+01   1.582679E+01   0.000000E+00   0.000000E+00   0.000000E+00   4.866497E+00   4.315436E+00   1.326791E+00         1
   1.105917E+01   1.105917E+01   1.582391E+01   0.000000E+00   0.000000E+00   0.000000E+00   4.866919E+00   4.314738E+00   1.328408E+00         1
   1.106489E+01   1.106489E+01   1.582103E+01   0.000000E+00   0.000000E+00   0.000000E+00   4.867342E+00   4.314041E+00   1.330025E+00         1
   1.107060E+01   1.107060E+01   1.581815E+01   0.000000E+00   0.000000E+00   0.000000E+00   4.867764E+00   4.313344E+00   1.331643E+00         1
   1.107631E+01   1.107631E+01   1.581526E+01   0.000000E+00   0.000000E+00   0.000000E+00   4.868186E+00   4.312647E+00   1.333260E+00         1
   1.108202E+01   1.108202E+01   1.581238E+01   0.000000E+00   0.000000E+00   0.000000E+00   4.868611E+00   4.311947E+00   1.334883E+00         1
   1.108774E+01   1.108774E+01   1.580949E+01   0.000000E+00   0.000000E+00   0.000000E+00   4.869043E+00   4.311244E+00   1.336519E+00         1
   1.109345E+01   1.109345E+01   1.580659E+01   0.000000E+00   0.000000E+00   0.000000E+00   4.869474E+00   4.310540E+00   1.338154E+00         1
   1.109916E+01   1.109916E+01   1.580370E+01   0.000000E+00   0.000000E+00   0.000000E+00   4.869905E+00   4.309837E+00   1.339789E+00         1
   1.110487E+01   1.110487E+01   1.580081E+01   0.000000E+00   0.000000E+00   0.000000E+00   4.870336E+00   4.309133E+00   1.341425E+00         1
   1.111059E+01   1.111059E+01   1.579791E+01   0.000000E+00   0.000000E+00   0.000000E+00   4.870768E+00   4.308429E+00   1.343060E+00         1
   1.111630E+01   1.111630E+01   1.579501E+01   0.000000E+00   0.000000E+00   0.000000E+00   4.871208E+00   4.307723E+00   1.344707E+00         1
   1.112201E+01   1.112201E+01   1.579211E+01   0.000000E+00   0.000000E+00   0.000000E+00   4.871649E+00   4.307016E+00   1.346355E+00         1
   1.112772E+01   1.112772E+01   1.578921E+01   0.000000E+00   0.000000E+00   0.000000E+00   4.872090E+00   4.306309E+00   1.348003E+00         1
   1.113344E+01   1.113344E+01   1.578630E+01   0.000000E+00   0.000000E+00   0.000000E+00   4.872531E+00   4.305602E+00   1.349651E+00         1
   1.113915E+01   1.113915E+01   1.578340E+01   0.000000E+00   0.000000E+00   0.000000E+00   4.872972E+00   4.304896E+00   1.351299E+00         1
   1.114486E+01   1.114486E+01   1.578049E+01   0.000000E+00   0.000000E+00   0.000000E+00   4.873419E+00   4.304189E+00   1.352952E+00         1
   1.115057E+01   1.115057E+01   1.577758E+01   0.000000E+00   0.000000E+00   0.000000E+00   4.873871E+00   4.303482E+00   1.354609E+00         1
   1.115629E+01   1.115629E+01   1.577467E+01   0.000000E+00   0.000000E+00   0.000000E+00   4.874323E+00   4.302775E+00   1.356265E+00         1
   1.116200E+01   1.116200E+01   1.577176E+01   0.000000E+00   0.000000E+00   0.000000E+00   4.874775E+00   4.302068E+00   1.357922E+00         1
   1.116771E+01   1.116771E+01   1.576884E+01   0.000000E+00   0.000000E+00   0.000000E+00   4.875227E+00   4.301361E+00   1.359579E+00         1
   1.117342E+01   1.117342E+01   1.576593E+01   0.000000E+00   0.000000E+00   0.000000E+00   4.875683E+00   4.300657E+00   1.361232E+00         1
   1.117913E+01   1.117913E+01   1.576300E+01   0.000000E+00   0.000000E+00   0.000000E+00   4.876153E+00   4.299960E+00   1.362879E+00         1
   1.118485E+01   1.118485E+01   1.576007E+01   0.000000E+00   0.000000E+00   0.000000E+00   4.876623E+00   4.299264E+00   1.364525E+00         1
   1.119056E+01   1.119056E+01   1.575714E+01   0.000000E+00   0.000000E+00   0.000000E+00   4.877092E+00   4.298567E+00   1.366171E+00         1
   1.119627E+01   1.119627E+01   1.575421E+01   0.000000E+00   0.000000E+00   0.000000E+00   4.877562E+00   4.297871E+00   1.367817E+00         1
   1.120198E+01   1.120198E+01   1.575129E+01   0.000000E+00   0.000000E+00   0.000000E+00   4.878032E+00   4.297174E+00   1.369463E+00         1
   1.120770E+01   1.120770E+01   1.574834E+01   0.000000E+00   0.000000E+00   0.000000E+00   4.878520E+00   4.296502E+00   1.371074E+00         1
   1.121341E+01   1.121341E+01   1.574540E+01   0.000000E+00   0.000000E+00   0.000000E+00   4.879008E+00   4.295829E+00   1.372684E+00         1
   1.121912E+01   1.121912E+01   1.574246E+01   0.000000E+00   0.000000E+00   0.000000E+00   4.879497E+00   4.295157E+00   1.374294E+00         1
   1.122483E+01   1.122483E+01   1.573952E+01   0.000000E+00   0.000000E+00   0.000000E+00   4.879985E+00   4.294485E+00   1.375904E+00         1
   1.123055E+01   1.123055E+01   1.573658E+01   0.000000E+00   0.000000E+00   0.000000E+00   4.880473E+00   4.293812E+00   1.377514E+00         1
   1.123626E+01   1.123626E+01   1.573362E+01   0.000000E+00   0.000000E+00   0.000000E+00   4.880980E+00   4.293174E+00   1.379073E+00         1
   1.124197E+01   1.124197E+01   1.573066E+01   0.000000E+00   0.000000E+00   0.000000E+00   4.881493E+00   4.292550E+00   1.380614E+00         1
   1.124768E+01   1.124768E+01   1.572770E+01   0.000000E+00   0.000000E+00   0.000000E+00   4.882006E+00   4.291925E+00   1.382154E+00         1
   1.125340E+01   1.125340E+01   1.572475E+01   0.000000E+00   0.000000E+00   0.000000E+00   4.882519E+00   4.291300E+00   1.383695E+00         1
   1.125911E+01   1.125911E+01   1.572179E+01   0.000000E+00   0.000000E+00   0.000000E+00   4.883032E+00   4.290675E+00   1.385236E+00         1
   1.126482E+01   1.126482E+01   1.571882E+01   0.000000E+00   0.000000E+00   0.000000E+00   4.883558E+00   4.290084E+00   1.386727E+00         1
   1.127053E+01   1.127053E+01   1.571584E+01   0.000000E+00   0.000000E+00   0.000000E+00   4.884104E+00   4.289541E+00   1.388150E+00         1
   1.127625E+01   1.127625E+01   1.571286E+01   0.000000E+00   0.000000E+00   0.000000E+00   4.884650E+00   4.288998E+00   1.389572E+00         1
   1.128196E+01   1.128196E+01   1.570988E+01   0.000000E+00   0.000000E+00   0.000000E+00   4.885196E+00   4.288455E+00   1.390995E+00         1
   1.128767E+01   1.128767E+01   1.570690E+01   0.000000E+00   0.000000E+00   0.000000E+00   4.885742E+00   4.287912E+00   1.392418E+00         1
   1.129338E+01   1.129338E+01   1.570392E+01   0.000000E+00   0.000000E+00   0.000000E+00   4.886292E+00   4.287377E+00   1.393828E+00         1
   1.129909E+01   1.129909E+01   1.570091E+01   0.000000E+00   0.000000E+00   0.000000E+00   4.886887E+00   4.286974E+00   1.395048E+00         1
   1.130481E+01   1.130481E+01   1.569790E+01   0.000000E+00   0.000000E+00   0.000000E+00   4.887483E+00   4.286572E+00   1.396269E+00         1
   1.131052E+01   1.131052E+01   1.569488E+01   0.000000E+00   0.000000E+00   0.000000E+00   4.888079E+00   4.286169E+00   1.397489E+00         1
   1.131623E+01   1.131623E+01   1.569187E+01   0.000000E+00   0.000000E+00   0.000000E+00   4.888675E+00   4.285767E+00   1.398709E+00         1
   1.132194E+01   1.132194E+01   1.568886E+01   0.000000E+00   0.000000E+00   0.000000E+00   4.889270E+00   4.285364E+00   1.399930E+00         1
   1.132766E+01   1.132766E+01   1.568581E+01   4.916509E-02   4.916509E-02   0.000000E+00   4.889928E+00   4.285139E+00   1.400861E+00         1
   1.133337E+01   1.133337E+01   1.568275E+01   1.154466E-01   1.154466E-01   0.000000E+00   4.890607E+00   4.284977E+00   1.401691E+00         1
   1.133908E+01   1.133908E+01   1.567969E+01   1.817281E-01   1.817281E-01   0.000000E+00   4.891287E+00   4.284815E+00   1.402522E+00         1
   1.134479E+01   1.134479E+01   1.567663E+01   2.480096E-01   2.480096E-01   0.000000E+00   4.891966E+00   4.284652E+00   1.403352E+00         1
   1.135051E+01   1.135051E+01   1.567357E+01   3.142911E-01   3.142911E-01   0.000000E+00   4.892645E+00   4.284490E+00   1.404182E+00         1
   1.135622E+01   1.135622E+01   1.567048E+01   1.300772E+00   1.300772E+00   0.000000E+00   4.893444E+00   4.284636E+00   1.404413E+00         1
   1.136193E+01   1.136193E+01   1.566737E+01   2.519773E+00   2.519773E+00   0.000000E+00   4.894272E+00   4.284860E+00   1.404491E+00         1
   1.136764E+01   1.136764E+01   1.566427E+01   3.738775E+00   3.738775E+00   0.000000E+00   4.895101E+00   4.285084E+00   1.404570E+00         1
   1.137336E+01   1.137336E+01   1.566117E+01   4.921301E+00   4.921301E+00   0.000000E+00   4.895938E+00   4.285329E+00   1.404601E+00         1
   1.137907E+01   1.137907E+01   1.565805E+01   5.154995E+00   5.154995E+00   0.000000E+00   4.896996E+00   4.286119E+00   1.403398E+00         1
   1.138478E+01   1.138478E+01   1.565494E+01   5.388689E+00   5.388689E+00   0.000000E+00   4.898053E+00   4.286910E+00   1.402194E+00         1
   1.139049E+01   1.139049E+01   1.565181E+01   5.492386E+00   5.492386E+00   0.000000E+00   4.899275E+00   4.288081E+00   1.399442E+00         1
   1.139621E+01   1.139621E+01   1.564867E+01   5.502878E+00   5.502878E+00   0.000000E+00   4.900614E+00   4.289524E+00   1.395579E+00         1
   1.140192E+01   1.140192E+01   1.564557E+01   5.510314E+00   5.510314E+00   0.000000E+00   4.902418E+00   4.292089E+00   1.390402E+00         1
   1.140763E+01   1.140763E+01   1.564247E+01   5.517671E+00   5.517671E+00   0.000000E+00   4.904490E+00   4.295379E+00   1.384439E+00         1
   1.141334E+01   1.141334E+01   1.563971E+01   5.518527E+00   5.518527E+00   0.000000E+00   4.910203E+00   4.305570E+00   1.365049E+00         1
   1.141906E+01   1.141906E+01   1.563662E+01   5.461383E+00   5.461383E+00   0.000000E+00   4.934176E+00   4.313359E+00   1.363076E+00         1
   1.142477E+01   1.142477E+01   1.563301E+01   5.468313E+00   5.468313E+00   0.000000E+00   4.962182E+00   4.317308E+00   1.371900E+00         2
   1.142517E+01   1.142517E+01   1.563195E+01   5.465058E+00   5.465058E+00   0.000000E+00   4.944702E+00   4.318689E+00   1.358232E+00         2
   1.142558E+01   1.142558E+01   1.563163E+01   5.468151E+00   5.468151E+00   0.000000E+00   4.941651E+00   4.312253E+00   1.369579E+00         2
   1.142598E+01   1.142598E+01   1.563132E+01   5.471634E+00   5.471634E+00   0.000000E+00   4.938484E+00   4.304468E+00   1.383565E+00         2
   1.142639E+01   1.142639E+01   1.563102E+01   5.474854E+00   5.474854E+00   0.000000E+00   4.935257E+00   4.295240E+00   1.400407E+00         2
   1.142679E+01   1.142679E+01   1.563073E+01   5.476142E+00   5.476142E+00   0.000000E+00   4.932143E+00   4.284526E+00   1.420303E+00         2
   1.142720E+01   1.142720E+01   1.563045E+01   5.478325E+00   5.478325E+00   0.000000E+00   4.929189E+00   4.272334E+00   1.443368E+00         2
   1.142760E+01   1.142760E+01   1.563019E+01   5.484789E+00   5.484789E+00   0.000000E+00   4.926562E+00   4.258000E+00   1.470825E+00         2
   1.142801E+01   1.142801E+01   1.562994E+01   5.486326E+00   5.486326E+00   0.000000E+00   4.924219E+00   4.241774E+00   1.502210E+00         2
   1.142841E+01   1.142841E+01   1.562971E+01   5.486732E+00   5.486732E+00   0.000000E+00   4.922157E+00   4.223458E+00   1.537902E+00         2
   1.142882E+01   1.142882E+01   1.562949E+01   5.491922E+00   5.491922E+00   0.000000E+00   4.920333E+00   4.202690E+00   1.578602E+00         2
   1.142922E+01   1.142922E+01   1.562929E+01   5.495733E+00   5.495733E+00   0.000000E+00   4.918584E+00   4.179307E+00   1.624558E+00         2
   1.142963E+01   1.142963E+01   1.562909E+01   5.501744E+00   5.501744E+00   0.000000E+00   4.916696E+00   4.152985E+00   1.676318E+00         2
   1.143003E+01   1.143003E+01   1.562892E+01   5.503894E+00   5.503894E+00   0.000000E+00   4.914399E+00   4.123267E+00   1.734658E+00         2
   1.143044E+01   1.143044E+01   1.562876E+01   5.512802E+00   5.512802E+00   0.000000E+00   4.911451E+00   4.089434E+00   1.800854E+00         2
   1.143084E+01   1.143084E+01   1.562861E+01   5.513846E+00   5.513846E+00   0.000000E+00   4.907550E+00   4.050500E+00   1.876754E+00         2
   1.143125E+01   1.143125E+01   1.562845E+01   5.520808E+00   5.520808E+00   0.000000E+00   4.902163E+00   4.005136E+00   1.964742E+00         2
   1.143165E+01   1.143165E+01   1.562818E+01   5.529465E+00   5.529465E+00   0.000000E+00   4.894500E+00   3.950991E+00   2.069129E+00         2
   1.143206E+01   1.143206E+01   1.562785E+01   5.537967E+00   5.537967E+00   0.000000E+00   4.883022E+00   3.885693E+00   2.193898E+00         2
   1.143246E+01   1.143246E+01   1.562744E+01   5.539346E+00   5.539346E+00   0.000000E+00   4.864043E+00   3.810207E+00   2.335340E+00         2
   1.143287E+01   1.143287E+01   1.562693E+01   5.549015E+00   5.549015E+00   0.000000E+00   4.826115E+00   3.720330E+00   2.496153E+00         2
   1.143327E+01   1.143327E+01   1.562634E+01   5.559543E+00   5.559543E+00   0.000000E+00   4.746413E+00   3.634225E+00   2.628216E+00         2
   1.143368E+01   1.143368E+01   1.562582E+01   5.560351E+00   5.560351E+00   0.000000E+00   4.682413E+00   3.599089E+00   2.666561E+00         2
   1.143408E+01   1.143408E+01   1.562517E+01   5.572642E+00   5.572642E+00   0.000000E+00   4.862559E+00   3.561732E+00   2.831081E+00         2
   1.143449E+01   1.143449E+01   1.562327E+01   5.581549E+00   5.581549E+00   0.000000E+00   5.037236E+00   3.541104E+00   2.932618E+00         2
   1.143489E+01   1.143489E+01   1.562057E+01   5.587189E+00   5.587189E+00   0.000000E+00   5.079157E+00   3.535869E+00   2.953578E+00         2
   1.143530E+01   1.143530E+01   1.561754E+01   5.592959E+00   5.592959E+00   0.000000E+00   5.101512E+00   3.533531E+00   2.964756E+00         2
   1.143570E+01   1.143570E+01   1.561430E+01   5.603566E+00   5.603566E+00   0.000000E+00   5.115699E+00   3.532800E+00   2.971849E+00         2
   1.143611E+01   1.143611E+01   1.561078E+01   5.611226E+00   5.611226E+00   0.000000E+00   5.125326E+00   3.532465E+00   2.976663E+00         2
   1.143651E+01   1.143651E+01   1.560689E+01   5.619129E+00   5.619129E+00   0.000000E+00   5.131764E+00   3.532188E+00   2.979882E+00         2
   1.143692E+01   1.143692E+01   1.560291E+01   5.627276E+00   5.627276E+00   0.000000E+00   5.137534E+00   3.531913E+00   2.982767E+00         2
   1.143732E+01   1.143732E+01   1.559859E+01   5.636444E+00   5.636444E+00   0.000000E+00   5.140957E+00   3.531633E+00   2.984478E+00         2
   1.143773E+01   1.143773E+01   1.559426E+01   5.645612E+00   5.645612E+00   0.000000E+00   5.144379E+00   3.531352E+00   2.986189E+00         2
   1.143813E+01   1.143813E+01   1.558993E+01   5.654751E+00   5.654751E+00   0.000000E+00   5.147770E+00   3.531078E+00   2.987885E+00         2
   1.143854E+01   1.143854E+01   1.558535E+01   5.661630E+00   5.661630E+00   0.000000E+00   5.148764E+00   3.531277E+00   2.988382E+00         2
   1.143894E+01   1.143894E+01   1.558077E+01   5.668508E+00   5.668508E+00   0.000000E+00   5.149759E+00   3.531476E+00   2.988879E+00         2
   1.143935E+01   1.143935E+01   1.557619E+01   5.675387E+00   5.675387E+00   0.000000E+00   5.150753E+00   3.531675E+00   2.989376E+00         2
   1.143975E+01   1.143975E+01   1.557160E+01   5.682266E+00   5.682266E+00   0.000000E+00   5.151747E+00   3.531875E+00   2.989874E+00         2
   1.144016E+01   1.144016E+01   1.556702E+01   5.689145E+00   5.689145E+00   0.000000E+00   5.152741E+00   3.532074E+00   2.990371E+00         2
   1.144056E+01   1.144056E+01   1.556244E+01   5.696024E+00   5.696024E+00   0.000000E+00   5.153735E+00   3.532273E+00   2.990868E+00         2
   1.144097E+01   1.144097E+01   1.555786E+01   5.702903E+00   5.702903E+00   0.000000E+00   5.154730E+00   3.532472E+00   2.991365E+00         2
   1.144137E+01   1.144137E+01   1.555326E+01   5.709396E+00   5.709396E+00   0.000000E+00   5.155440E+00   3.532583E+00   2.991720E+00         2
   1.144178E+01   1.144178E+01   1.554867E+01   5.715693E+00   5.715693E+00   0.000000E+00   5.156006E+00   3.532649E+00   2.992003E+00         2
   1.144218E+01   1.144218E+01   1.554408E+01   5.721991E+00   5.721991E+00   0.000000E+00   5.156572E+00   3.532715E+00   2.992286E+00         2
   1.144259E+01   1.144259E+01   1.553948E+01   5.728288E+00   5.728288E+00   0.000000E+00   5.157139E+00   3.532781E+00   2.992569E+00         2
   1.144299E+01   1.144299E+01   1.553489E+01   5.734586E+00   5.734586E+00   0.000000E+00   5.157705E+00   3.532847E+00   2.992853E+00         2
   1.144340E+01   1.144340E+01   1.553029E+01   5.740884E+00   5.740884E+00   0.000000E+00   5.158272E+00   3.532913E+00   2.993136E+00         2
   1.144380E+01   1.144380E+01   1.552570E+01   5.747181E+00   5.747181E+00   0.000000E+00   5.158838E+00   3.532979E+00   2.993419E+00         2
   1.144421E+01   1.144421E+01   1.552110E+01   5.753479E+00   5.753479E+00   0.000000E+00   5.159404E+00   3.533046E+00   2.993702E+00         2
   1.144461E+01   1.144461E+01   1.551651E+01   5.759777E+00   5.759777E+00   0.000000E+00   5.159971E+00   3.533112E+00   2.993985E+00         2
   1.144502E+01   1.144502E+01   1.551188E+01   5.765703E+00   5.765703E+00   0.000000E+00   5.160322E+00   3.532975E+00   2.994161E+00         2
   1.144542E+01   1.144542E+01   1.550724E+01   5.771470E+00   5.771470E+00   0.000000E+00   5.160581E+00   3.532750E+00   2.994291E+00         2
   1.144583E+01   1.144583E+01   1.550260E+01   5.777236E+00   5.777236E+00   0.000000E+00   5.160840E+00   3.532526E+00   2.994420E+00         2
   1.144623E+01   1.144623E+01   1.549795E+01   5.783003E+00   5.783003E+00   0.000000E+00   5.161099E+00   3.532302E+00   2.994550E+00         2
   1.144664E+01   1.144664E+01   1.549331E+01   5.788769E+00   5.788769E+00   0.000000E+00   5.161359E+00   3.532077E+00   2.994679E+00         2
   1.144704E+01   1.144704E+01   1.548867E+01   5.794536E+00   5.794536E+00   0.000000E+00   5.161618E+00   3.531853E+00   2.994809E+00         2
   1.144745E+01   1.144745E+01   1.548402E+01   5.800302E+00   5.800302E+00   0.000000E+00   5.161877E+00   3.531628E+00   2.994938E+00         2
   1.144785E+01   1.144785E+01   1.547938E+01   5.806069E+00   5.806069E+00   0.000000E+00   5.162136E+00   3.531404E+00   2.995068E+00         2
   1.144826E+01   1.144826E+01   1.547474E+01   5.811835E+00   5.811835E+00   0.000000E+00   5.162395E+00   3.531180E+00   2.995197E+00         2
   1.144867E+01   1.144867E+01   1.547009E+01   5.817602E+00   5.817602E+00   0.000000E+00   5.162654E+00   3.530955E+00   2.995327E+00         2
   1.144907E+01   1.144907E+01   1.546553E+01   5.822869E+00   5.822869E+00   0.000000E+00   5.162862E+00   3.530795E+00   2.995431E+00         2
   1.144948E+01   1.144948E+01   1.546105E+01   5.827666E+00   5.827666E+00   0.000000E+00   5.163022E+00   3.530694E+00   2.995511E+00         2
   1.144988E+01   1.144988E+01   1.545657E+01   5.832463E+00   5.832463E+00   0.000000E+00   5.163182E+00   3.530594E+00   2.995591E+00         2
   1.145029E+01   1.145029E+01   1.545209E+01   5.837260E+00   5.837260E+00   0.000000E+00   5.163342E+00   3.530493E+00   2.995671E+00         2
   1.145069E+01   1.145069E+01   1.544761E+01   5.842057E+00   5.842057E+00   0.000000E+00   5.163503E+00   3.530393E+00   2.995751E+00         2
   1.145110E+01   1.145110E+01   1.544313E+01   5.846855E+00   5.846855E+00   0.000000E+00   5.163663E+00   3.530293E+00   2.995831E+00         2
   1.145150E+01   1.145150E+01   1.543865E+01   5.851652E+00   5.851652E+00   0.000000E+00   5.163823E+00   3.530192E+00   2.995912E+00         2
   1.145191E+01   1.145191E+01   1.543416E+01   5.856449E+00   5.856449E+00   0.000000E+00   5.163983E+00   3.530092E+00   2.995992E+00         2
   1.145231E+01   1.145231E+01   1.542968E+01   5.861246E+00   5.861246E+00   0.000000E+00   5.164144E+00   3.529991E+00   2.996072E+00         2
   1.145272E+01   1.145272E+01   1.542520E+01   5.866043E+00   5.866043E+00   0.000000E+00   5.164304E+00   3.529891E+00   2.996152E+00         2
   1.145312E+01   1.145312E+01   1.542072E+01   5.870840E+00   5.870840E+00   0.000000E+00   5.164464E+00   3.529791E+00   2.996232E+00         2
   1.145353E+01   1.145353E+01   1.541624E+01   5.875637E+00   5.875637E+00   0.000000E+00   5.164624E+00   3.529690E+00   2.996312E+00         2
   1.145393E+01   1.145393E+01   1.541158E+01   5.880004E+00   5.880004E+00   0.000000E+00   5.164770E+00   3.529684E+00   2.996385E+00         2
   1.145434E+01   1.145434E+01   1.540690E+01   5.884300E+00   5.884300E+00   0.000000E+00   5.164914E+00   3.529693E+00   2.996457E+00         2
   1.145474E+01   1.145474E+01   1.540222E+01   5.888597E+00   5.888597E+00   0.000000E+00   5.165058E+00   3.529702E+00   2.996529E+00         2
   1.145515E+01   1.145515E+01   1.539753E+01   5.892894E+00   5.892894E+00   0.000000E+00   5.165202E+00   3.529710E+00   2.996601E+00         2
   1.145555E+01   1.145555E+01   1.539285E+01   5.897190E+00   5.897190E+00   0.000000E+00   5.165345E+00   3.529719E+00   2.996673E+00         2
   1.145596E+01   1.145596E+01   1.538816E+01   5.901487E+00   5.901487E+00   0.000000E+00   5.165489E+00   3.529728E+00   2.996745E+00         2
   1.145636E+01   1.145636E+01   1.538348E+01   5.905784E+00   5.905784E+00   0.000000E+00   5.165633E+00   3.529737E+00   2.996817E+00         2
   1.145677E+01   1.145677E+01   1.537880E+01   5.910080E+00   5.910080E+00   0.000000E+00   5.165777E+00   3.529746E+00   2.996888E+00         2
   1.145717E+01   1.145717E+01   1.537411E+01   5.914377E+00   5.914377E+00   0.000000E+00   5.165921E+00   3.529755E+00   2.996960E+00         2
   1.145758E+01   1.145758E+01   1.536943E+01   5.918674E+00   5.918674E+00   0.000000E+00   5.166064E+00   3.529764E+00   2.997032E+00         2
   1.145798E+01   1.145798E+01   1.536475E+01   5.922970E+00   5.922970E+00   0.000000E+00   5.166208E+00   3.529772E+00   2.997104E+00         2
   1.145839E+01   1.145839E+01   1.536006E+01   5.927267E+00   5.927267E+00   0.000000E+00   5.166352E+00   3.529781E+00   2.997176E+00         2
   1.145879E+01   1.145879E+01   1.535538E+01   5.931564E+00   5.931564E+00   0.000000E+00   5.166496E+00   3.529790E+00   2.997248E+00         2
   1.145920E+01   1.145920E+01   1.535061E+01   5.935661E+00   5.935661E+00   0.000000E+00   5.166630E+00   3.529844E+00   2.997315E+00         2
   1.145960E+01   1.145960E+01   1.534576E+01   5.939585E+00   5.939585E+00   0.000000E+00   5.166755E+00   3.529937E+00   2.997377E+00         2
   1.146001E+01   1.146001E+01   1.534090E+01   5.943510E+00   5.943510E+00   0.000000E+00   5.166880E+00   3.530029E+00   2.997440E+00         2
   1.146041E+01   1.146041E+01   1.533605E+01   5.947434E+00   5.947434E+00   0.000000E+00   5.167005E+00   3.530122E+00   2.997502E+00         2
   1.146082E+01   1.146082E+01   1.533120E+01   5.951358E+00   5.951358E+00   0.000000E+00   5.167130E+00   3.530215E+00   2.997565E+00         2
   1.146122E+01   1.146122E+01   1.532635E+01   5.955283E+00   5.955283E+00   0.000000E+00   5.167255E+00   3.530307E+00   2.997627E+00         2
   1.146163E+01   1.146163E+01   1.532150E+01   5.959207E+00   5.959207E+00   0.000000E+00   5.167380E+00   3.530400E+00   2.997690E+00         2
   1.146203E+01   1.146203E+01   1.531665E+01   5.963132E+00   5.963132E+00   0.000000E+00   5.167505E+00   3.530493E+00   2.997752E+00         2
   1.146244E+01   1.146244E+01   1.531180E+01   5.967056E+00   5.967056E+00   0.000000E+00   5.167630E+00   3.530585E+00   2.997815E+00         2
   1.146284E+01   1.146284E+01   1.530695E+01   5.970981E+00   5.970981E+00   0.000000E+00   5.167755E+00   3.530678E+00   2.997877E+00         2
   1.146325E+01   1.146325E+01   1.530210E+01   5.974905E+00   5.974905E+00   0.000000E+00   5.167880E+00   3.530771E+00   2.997940E+00         2
   1.146365E+01   1.146365E+01   1.529725E+01   5.978829E+00   5.978829E+00   0.000000E+00   5.168005E+00   3.530863E+00   2.998002E+00         2
   1.146406E+01   1.146406E+01   1.529240E+01   5.982754E+00   5.982754E+00   0.000000E+00   5.168130E+00   3.530956E+00   2.998065E+00         2
   1.146446E+01   1.146446E+01   1.528755E+01   5.986678E+00   5.986678E+00   0.000000E+00   5.168255E+00   3.531048E+00   2.998128E+00         2
   1.146487E+01   1.146487E+01   1.528269E+01   5.990603E+00   5.990603E+00   0.000000E+00   5.168380E+00   3.531141E+00   2.998190E+00         2
   1.146527E+01   1.146527E+01   1.527784E+01   5.994527E+00   5.994527E+00   0.000000E+00   5.168505E+00   3.531234E+00   2.998253E+00         2
   1.146527E+01   1.146527E+01   1.527784E+01   5.994527E+00   5.994527E+00   0.000000E+00   5.168505E+00   3.531234E+00   2.998253E+00         4
   1.147280E+01   1.147280E+01   1.519354E+01   6.060451E+00   6.060451E+00   0.000000E+00   5.165313E+00   3.526957E+00   2.996657E+00         4
   1.148033E+01   1.148033E+01   1.510413E+01   6.117547E+00   6.117547E+00   0.000000E+00   5.161806E+00   3.526819E+00   2.994903E+00         4
   1.148786E+01   1.148786E+01   1.501584E+01   6.169596E+00   6.169596E+00   0.000000E+00   5.158156E+00   3.527010E+00   2.993078E+00         4
   1.149539E+01   1.149539E+01   1.493062E+01   6.215251E+00   6.215251E+00   0.000000E+00   5.154474E+00   3.527091E+00   2.991237E+00         4
   1.150292E+01   1.150292E+01   1.484594E+01   6.258957E+00   6.258957E+00   0.000000E+00   5.150779E+00   3.527187E+00   2.989390E+00         4
   1.151045E+01   1.151045E+01   1.476175E+01   6.300017E+00   6.300017E+00   0.000000E+00   5.147063E+00   3.527285E+00   2.987532E+00         4
   1.151798E+01   1.151798E+01   1.467987E+01   6.338039E+00   6.338039E+00   0.000000E+00   5.143256E+00   3.527444E+00   2.985628E+00         4
   1.152551E+01   1.152551E+01   1.459891E+01   6.374064E+00   6.374064E+00   0.000000E+00   5.139454E+00   3.527635E+00   2.983727E+00         4
   1.153304E+01   1.153304E+01   1.451870E+01   6.408513E+00   6.408513E+00   0.000000E+00   5.135652E+00   3.527825E+00   2.981826E+00         4
   1.154057E+01   1.154057E+01   1.443922E+01   6.441478E+00   6.441478E+00   0.000000E+00   5.131847E+00   3.527957E+00   2.979923E+00         4
   1.154810E+01   1.154810E+01   1.436128E+01   6.470699E+00   6.470699E+00   0.000000E+00   5.128078E+00   3.528102E+00   2.978039E+00         4
   1.155563E+01   1.155563E+01   1.428420E+01   6.498931E+00   6.498931E+00   0.000000E+00   5.124357E+00   3.528268E+00   2.976179E+00         4
   1.156316E+01   1.156316E+01   1.420834E+01   6.526747E+00   6.526747E+00   0.000000E+00   5.120728E+00   3.528475E+00   2.974364E+00         4
   1.157069E+01   1.157069E+01   1.413377E+01   6.553230E+00   6.553230E+00   0.000000E+00   5.117162E+00   3.528665E+00   2.972581E+00         4
   1.157822E+01   1.157822E+01   1.406014E+01   6.578749E+00   6.578749E+00   0.000000E+00   5.113620E+00   3.528865E+00   2.970810E+00         4
   1.158575E+01   1.158575E+01   1.398903E+01   6.601701E+00   6.601701E+00   0.000000E+00   5.110097E+00   3.529151E+00   2.969049E+00         4
   1.159328E+01   1.159328E+01   1.391872E+01   6.623474E+00   6.623474E+00   0.000000E+00   5.106680E+00   3.529392E+00   2.967340E+00         4
   1.160081E+01   1.160081E+01   1.384908E+01   6.644548E+00   6.644548E+00   0.000000E+00   5.103333E+00   3.529609E+00   2.965667E+00         4
   1.160834E+01   1.160834E+01   1.378182E+01   6.664997E+00   6.664997E+00   0.000000E+00   5.100118E+00   3.529824E+00   2.964059E+00         4
   1.161587E+01   1.161587E+01   1.371691E+01   6.684338E+00   6.684338E+00   0.000000E+00   5.096965E+00   3.529951E+00   2.962483E+00         4
   1.162340E+01   1.162340E+01   1.365504E+01   6.702239E+00   6.702239E+00   0.000000E+00   5.093895E+00   3.529963E+00   2.960948E+00         4
   1.163093E+01   1.163093E+01   1.359360E+01   6.718547E+00   6.718547E+00   0.000000E+00   5.090974E+00   3.530210E+00   2.959487E+00         4
   1.163846E+01   1.163846E+01   1.353296E+01   6.734621E+00   6.734621E+00   0.000000E+00   5.088119E+00   3.530491E+00   2.958060E+00         4
   1.164599E+01   1.164599E+01   1.347532E+01   6.751284E+00   6.751284E+00   0.000000E+00   5.085401E+00   3.530687E+00   2.956701E+00         4
   1.165352E+01   1.165352E+01   1.341794E+01   6.767402E+00   6.767402E+00   0.000000E+00   5.082748E+00   3.530880E+00   2.955374E+00         4
   1.166105E+01   1.166105E+01   1.336131E+01   6.781991E+00   6.781991E+00   0.000000E+00   5.080276E+00   3.531069E+00   2.954138E+00         4
   1.166858E+01   1.166858E+01   1.330462E+01   6.796473E+00   6.796473E+00   0.000000E+00   5.077843E+00   3.531262E+00   2.952922E+00         4
   1.167611E+01   1.167611E+01   1.324754E+01   6.810275E+00   6.810275E+00   0.000000E+00   5.075658E+00   3.531481E+00   2.951829E+00         4
   1.168364E+01   1.168364E+01   1.319046E+01   6.824078E+00   6.824078E+00   0.000000E+00   5.073472E+00   3.531699E+00   2.950736E+00         4
   1.169117E+01   1.169117E+01   1.313341E+01   6.835356E+00   6.835356E+00   0.000000E+00   5.071535E+00   3.531859E+00   2.949767E+00         4
   1.169870E+01   1.169870E+01   1.307636E+01   6.846516E+00   6.846516E+00   0.000000E+00   5.069609E+00   3.532015E+00   2.948804E+00         4
   1.170623E+01   1.170623E+01   1.302001E+01   6.857809E+00   6.857809E+00   0.000000E+00   5.067862E+00   3.532169E+00   2.947931E+00         4
   1.171376E+01   1.171376E+01   1.296400E+01   6.869166E+00   6.869166E+00   0.000000E+00   5.066204E+00   3.532322E+00   2.947102E+00         4
   1.172129E+01   1.172129E+01   1.290805E+01   6.880300E+00   6.880300E+00   0.000000E+00   5.064574E+00   3.532469E+00   2.946287E+00         4
   1.172883E+01   1.172883E+01   1.285264E+01   6.889460E+00   6.889460E+00   0.000000E+00   5.063179E+00   3.532575E+00   2.945590E+00         4
   1.173636E+01   1.173636E+01   1.279724E+01   6.898621E+00   6.898621E+00   0.000000E+00   5.061785E+00   3.532681E+00   2.944892E+00         4
   1.174389E+01   1.174389E+01   1.274030E+01   6.908020E+00   6.908020E+00   0.000000E+00   5.060511E+00   3.532729E+00   2.944255E+00         4
   1.175142E+01   1.175142E+01   1.268148E+01   6.917712E+00   6.917712E+00   0.000000E+00   5.059384E+00   3.532708E+00   2.943692E+00         4
   1.175895E+01   1.175895E+01   1.262267E+01   6.927403E+00   6.927403E+00   0.000000E+00   5.058258E+00   3.532686E+00   2.943129E+00         4
   1.176648E+01   1.176648E+01   1.256371E+01   6.936593E+00   6.936593E+00   0.000000E+00   5.057205E+00   3.532686E+00   2.942603E+00         4
   1.177401E+01   1.177401E+01   1.250430E+01   6.944221E+00   6.944221E+00   0.000000E+00   5.056384E+00   3.532751E+00   2.942192E+00         4
   1.178154E+01   1.178154E+01   1.244489E+01   6.951849E+00   6.951849E+00   0.000000E+00   5.055562E+00   3.532816E+00   2.941781E+00         4
   1.178907E+01   1.178907E+01   1.238548E+01   6.959477E+00   6.959477E+00   0.000000E+00   5.054741E+00   3.532881E+00   2.941371E+00         4
   1.179660E+01   1.179660E+01   1.232763E+01   6.966425E+00   6.966425E+00   0.000000E+00   5.054178E+00   3.532890E+00   2.941089E+00         4
   1.180413E+01   1.180413E+01   1.226982E+01   6.973352E+00   6.973352E+00   0.000000E+00   5.053622E+00   3.532898E+00   2.940811E+00         4
   1.181166E+01   1.181166E+01   1.221202E+01   6.980280E+00   6.980280E+00   0.000000E+00   5.053067E+00   3.532906E+00   2.940533E+00         4
   1.181919E+01   1.181919E+01   1.215465E+01   6.987301E+00   6.987301E+00   0.000000E+00   5.052564E+00   3.532921E+00   2.940282E+00         4
   1.182672E+01   1.182672E+01   1.209837E+01   6.994561E+00   6.994561E+00   0.000000E+00   5.052195E+00   3.532957E+00   2.940098E+00         4
   1.183425E+01   1.183425E+01   1.204209E+01   7.001821E+00   7.001821E+00   0.000000E+00   5.051827E+00   3.532993E+00   2.939914E+00         4
   1.184178E+01   1.184178E+01   1.198610E+01   7.008359E+00   7.008359E+00   0.000000E+00   5.051550E+00   3.532944E+00   2.939775E+00         4
   1.184931E+01   1.184931E+01   1.193050E+01   7.013919E+00   7.013919E+00   0.000000E+00   5.051396E+00   3.532781E+00   2.939698E+00         4
   1.185684E+01   1.185684E+01   1.187491E+01   7.019479E+00   7.019479E+00   0.000000E+00   5.051242E+00   3.532618E+00   2.939621E+00         4
   1.186437E+01   1.186437E+01   1.181933E+01   7.025039E+00   7.025039E+00   0.000000E+00   5.051089E+00   3.532455E+00   2.939544E+00         4
   1.187190E+01   1.187190E+01   1.176603E+01   7.030612E+00   7.030612E+00   0.000000E+00   5.051184E+00   3.532445E+00   2.939592E+00         4
   1.187943E+01   1.187943E+01   1.171273E+01   7.036185E+00   7.036185E+00   0.000000E+00   5.051279E+00   3.532435E+00   2.939640E+00         4
   1.188696E+01   1.188696E+01   1.165943E+01   7.041758E+00   7.041758E+00   0.000000E+00   5.051374E+00   3.532425E+00   2.939687E+00         4
   1.189449E+01   1.189449E+01   1.160612E+01   7.047312E+00   7.047312E+00   0.000000E+00   5.051474E+00   3.532413E+00   2.939737E+00         4
   1.190202E+01   1.190202E+01   1.155229E+01   7.051971E+00   7.051971E+00   0.000000E+00   5.051792E+00   3.532352E+00   2.939896E+00         4
   1.190955E+01   1.190955E+01   1.149846E+01   7.056629E+00   7.056629E+00   0.000000E+00   5.052110E+00   3.532291E+00   2.940055E+00         4
   1.191708E+01   1.191708E+01   1.144463E+01   7.061288E+00   7.061288E+00   0.000000E+00   5.052427E+00   3.532230E+00   2.940214E+00         4
   1.192461E+01   1.192461E+01   1.139054E+01   7.065573E+00   7.065573E+00   0.000000E+00   5.052866E+00   3.532138E+00   2.940433E+00         4
   1.193214E+01   1.193214E+01   1.133632E+01   7.069680E+00   7.069680E+00   0.000000E+00   5.053362E+00   3.532031E+00   2.940681E+00         4
   1.193967E+01   1.193967E+01   1.128211E+01   7.073788E+00   7.073788E+00   0.000000E+00   5.053859E+00   3.531924E+00   2.940929E+00         4
   1.194720E+01   1.194720E+01   1.122704E+01   7.078005E+00   7.078005E+00   0.000000E+00   5.054459E+00   3.531838E+00   2.941229E+00         4
   1.195473E+01   1.195473E+01   1.117110E+01   7.082334E+00   7.082334E+00   0.000000E+00   5.055165E+00   3.531774E+00   2.941582E+00         4
   1.196226E+01   1.196226E+01   1.111516E+01   7.086664E+00   7.086664E+00   0.000000E+00   5.055871E+00   3.531709E+00   2.941935E+00         4
   1.196979E+01   1.196979E+01   1.105921E+01   7.090471E+00   7.090471E+00   0.000000E+00   5.056670E+00   3.532028E+00   2.942335E+00         4
   1.197732E+01   1.197732E+01   1.100324E+01   7.093807E+00   7.093807E+00   0.000000E+00   5.057554E+00   3.532692E+00   2.942777E+00         4
   1.198485E+01   1.198485E+01   1.094757E+01   7.097092E+00   7.097092E+00   0.000000E+00   5.058468E+00   3.533347E+00   2.943234E+00         4
   1.199238E+01   1.199238E+01   1.089236E+01   7.100292E+00   7.100292E+00   0.000000E+00   5.059433E+00   3.533986E+00   2.943717E+00         4
   1.199991E+01   1.199991E+01   1.083712E+01   7.103706E+00   7.103706E+00   0.000000E+00   5.060455E+00   3.534599E+00   2.944228E+00         4
   1.200744E+01   1.200744E+01   1.078183E+01   7.107419E+00   7.107419E+00   0.000000E+00   5.061558E+00   3.535176E+00   2.944779E+00         4
   1.201497E+01   1.201497E+01   1.072616E+01   7.111034E+00   7.111034E+00   0.000000E+00   5.062721E+00   3.535802E+00   2.945361E+00         4
   1.202250E+01   1.202250E+01   1.067026E+01   7.114583E+00   7.114583E+00   0.000000E+00   5.063917E+00   3.536447E+00   2.945959E+00         4
   1.203003E+01   1.203003E+01   1.061362E+01   7.117735E+00   7.117735E+00   0.000000E+00   5.065194E+00   3.537020E+00   2.946597E+00         4
   1.203756E+01   1.203756E+01   1.055707E+01   7.120815E+00   7.120815E+00   0.000000E+00   5.066498E+00   3.537701E+00   2.947249E+00         4
   1.204509E+01   1.204509E+01   1.050074E+01   7.123706E+00   7.123706E+00   0.000000E+00   5.067876E+00   3.538661E+00   2.947938E+00         4
   1.205262E+01   1.205262E+01   1.044424E+01   7.126165E+00   7.126165E+00   0.000000E+00   5.069293E+00   3.539350E+00   2.948647E+00         4
   1.206015E+01   1.206015E+01   1.038741E+01   7.129094E+00   7.129094E+00   0.000000E+00   5.070755E+00   3.540077E+00   2.949378E+00         4
   1.206768E+01   1.206768E+01   1.033010E+01   7.132968E+00   7.132968E+00   0.000000E+00   5.072277E+00   3.540970E+00   2.950138E+00         4
   1.207521E+01   1.207521E+01   1.027236E+01   7.134804E+00   7.134804E+00   0.000000E+00   5.073912E+00   3.542119E+00   2.950956E+00         4
   1.208274E+01   1.208274E+01   1.021441E+01   7.137266E+00   7.137266E+00   0.000000E+00   5.075574E+00   3.543128E+00   2.951787E+00         4
   1.209027E+01   1.209027E+01   1.015644E+01   7.140532E+00   7.140532E+00   0.000000E+00   5.077277E+00   3.544079E+00   2.952638E+00         4
   1.209780E+01   1.209780E+01   1.009874E+01   7.144380E+00   7.144380E+00   5.275838E-01   5.079063E+00   3.545187E+00   2.953531E+00         4
   1.210533E+01   1.210533E+01   1.004052E+01   7.146428E+00   7.146428E+00   4.965983E+00   5.080957E+00   3.546508E+00   2.954479E+00         4
   1.211286E+01   1.211286E+01   9.982606E+00   7.148509E+00   7.148509E+00   5.405907E+00   5.082938E+00   3.547656E+00   2.955469E+00         4
   1.212039E+01   1.212039E+01   9.924366E+00   7.151043E+00   7.151043E+00   5.418701E+00   5.084977E+00   3.548865E+00   2.956488E+00         4
   1.212792E+01   1.212792E+01   9.866009E+00   7.154626E+00   7.154626E+00   5.387953E+00   5.087124E+00   3.550081E+00   2.957562E+00         4
   1.213545E+01   1.213545E+01   9.807749E+00   7.158246E+00   7.158246E+00   5.368311E+00   5.089403E+00   3.551387E+00   2.958702E+00         4
   1.214298E+01   1.214298E+01   9.748885E+00   7.160945E+00   7.160945E+00   5.375936E+00   5.091807E+00   3.552902E+00   2.959903E+00         4
   1.215051E+01   1.215051E+01   9.689671E+00   7.163117E+00   7.163117E+00   5.382922E+00   5.094348E+00   3.554270E+00   2.960580E+00         4
   1.215804E+01   1.215804E+01   9.629648E+00   7.165862E+00   7.165862E+00   5.389272E+00   5.097154E+00   3.556203E+00   2.958217E+00         4
   1.216557E+01   1.216557E+01   9.568687E+00   7.169004E+00   7.169004E+00   5.393752E+00   5.100184E+00   3.558036E+00   2.956312E+00         4
   1.217310E+01   1.217310E+01   9.508034E+00   7.172259E+00   7.172259E+00   5.397881E+00   5.103631E+00   3.560303E+00   2.953776E+00         4
   1.218063E+01   1.218063E+01   9.447557E+00   7.176149E+00   7.176149E+00   5.400956E+00   5.107544E+00   3.562506E+00   2.951604E+00         4
   1.218816E+01   1.218816E+01   9.385818E+00   7.179915E+00   7.179915E+00   5.404259E+00   5.112207E+00   3.564968E+00   2.949297E+00         4
   1.219569E+01   1.219569E+01   9.324234E+00   7.183715E+00   7.183715E+00   5.404355E+00   5.118025E+00   3.567816E+00   2.946824E+00         4
   1.220322E+01   1.220322E+01   9.257804E+00   7.187967E+00   7.187967E+00   5.406334E+00   5.126178E+00   3.570830E+00   2.945191E+00         4
   1.221075E+01   1.221075E+01   9.194473E+00   7.192257E+00   7.192257E+00   5.406085E+00   5.140045E+00   3.574185E+00   2.945613E+00         4
   1.221828E+01   1.221828E+01   9.127552E+00   7.201122E+00   7.201122E+00   5.405640E+00   5.187264E+00   3.582334E+00   2.952405E+00         4
   1.221828E+01   1.221828E+01   9.127552E+00   7.201122E+00   7.201122E+00   5.405640E+00   5.187264E+00   3.582334E+00   2.952405E+00         5
   1.221830E+01   1.221830E+01   9.127327E+00   7.201160E+00   7.201160E+00   5.405640E+00   5.187708E+00   3.582761E+00   2.951775E+00         5
   1.221833E+01   1.221833E+01   9.127101E+00   7.201198E+00   7.201198E+00   5.405640E+00   5.188153E+00   3.583188E+00   2.951144E+00         5
   1.221835E+01   1.221835E+01   9.126876E+00   7.201237E+00   7.201237E+00   5.405640E+00   5.188597E+00   3.583615E+00   2.950513E+00         5
   1.221837E+01   1.221837E+01   9.126651E+00   7.201275E+00   7.201275E+00   5.405640E+00   5.189042E+00   3.584043E+00   2.949882E+00         5
   1.221840E+01   1.221840E+01   9.126426E+00   7.201313E+00   7.201313E+00   5.405640E+00   5.189486E+00   3.584470E+00   2.949251E+00         5
   1.221842E+01   1.221842E+01   9.126197E+00   7.201332E+00   7.201332E+00   5.405640E+00   5.189934E+00   3.584891E+00   2.948639E+00         5
   1.221845E+01   1.221845E+01   9.125966E+00   7.201339E+00   7.201339E+00   5.405640E+00   5.190383E+00   3.585308E+00   2.948040E+00         5
   1.221847E+01   1.221847E+01   9.125736E+00   7.201345E+00   7.201345E+00   5.405640E+00   5.190832E+00   3.585725E+00   2.947440E+00         5
   1.221849E+01   1.221849E+01   9.125505E+00   7.201352E+00   7.201352E+00   5.405640E+00   5.191281E+00   3.586142E+00   2.946840E+00         5
   1.221852E+01   1.221852E+01   9.125274E+00   7.201359E+00   7.201359E+00   5.405640E+00   5.191730E+00   3.586559E+00   2.946240E+00         5
   1.221854E+01   1.221854E+01   9.125041E+00   7.201364E+00   7.201364E+00   5.405640E+00   5.192191E+00   3.586967E+00   2.945664E+00         5
   1.221856E+01   1.221856E+01   9.124803E+00   7.201364E+00   7.201364E+00   5.405640E+00   5.192677E+00   3.587352E+00   2.945143E+00         5
   1.221859E+01   1.221859E+01   9.124565E+00   7.201364E+00   7.201364E+00   5.405640E+00   5.193164E+00   3.587738E+00   2.944623E+00         5
   1.221861E+01   1.221861E+01   9.124327E+00   7.201364E+00   7.201364E+00   5.405640E+00   5.193651E+00   3.588124E+00   2.944102E+00         5
   1.221863E+01   1.221863E+01   9.124089E+00   7.201364E+00   7.201364E+00   5.405640E+00   5.194138E+00   3.588509E+00   2.943582E+00         5
   1.221866E+01   1.221866E+01   9.123851E+00   7.201364E+00   7.201364E+00   5.405640E+00   5.194625E+00   3.588895E+00   2.943061E+00         5
   1.221868E+01   1.221868E+01   9.123611E+00   7.201624E+00   7.201624E+00   5.405640E+00   5.195149E+00   3.589275E+00   2.942572E+00         5
   1.221870E+01   1.221870E+01   9.123371E+00   7.201916E+00   7.201916E+00   5.405640E+00   5.195678E+00   3.589655E+00   2.942086E+00         5
   1.221873E+01   1.221873E+01   9.123132E+00   7.202208E+00   7.202208E+00   5.405640E+00   5.196208E+00   3.590034E+00   2.941600E+00         5
   1.221875E+01   1.221875E+01   9.122892E+00   7.202500E+00   7.202500E+00   5.405640E+00   5.196737E+00   3.590414E+00   2.941114E+00         5
   1.221878E+01   1.221878E+01   9.122652E+00   7.202792E+00   7.202792E+00   5.405640E+00   5.197266E+00   3.590794E+00   2.940628E+00         5
   1.221880E+01   1.221880E+01   9.122413E+00   7.202890E+00   7.202890E+00   5.405640E+00   5.197823E+00   3.591197E+00   2.940108E+00         5
   1.221882E+01   1.221882E+01   9.122176E+00   7.202881E+00   7.202881E+00   5.405640E+00   5.198397E+00   3.591613E+00   2.939570E+00         5
   1.221885E+01   1.221885E+01   9.121938E+00   7.202872E+00   7.202872E+00   5.405640E+00   5.198970E+00   3.592030E+00   2.939031E+00         5
   1.221887E+01   1.221887E+01   9.121701E+00   7.202862E+00   7.202862E+00   5.405640E+00   5.199543E+00   3.592446E+00   2.938493E+00         5
   1.221889E+01   1.221889E+01   9.121463E+00   7.202853E+00   7.202853E+00   5.405640E+00   5.200117E+00   3.592863E+00   2.937955E+00         5
   1.221892E+01   1.221892E+01   9.121226E+00   7.202882E+00   7.202882E+00   5.405640E+00   5.200706E+00   3.593285E+00   2.937412E+00         5
   1.221894E+01   1.221894E+01   9.120988E+00   7.202925E+00   7.202925E+00   5.405640E+00   5.201302E+00   3.593711E+00   2.936868E+00         5
   1.221896E+01   1.221896E+01   9.120751E+00   7.202968E+00   7.202968E+00   5.405640E+00   5.201898E+00   3.594136E+00   2.936323E+00         5
   1.221899E+01   1.221899E+01   9.120513E+00   7.203011E+00   7.203011E+00   5.405640E+00   5.202494E+00   3.594561E+00   2.935778E+00         5
   1.221901E+01   1.221901E+01   9.120276E+00   7.203054E+00   7.203054E+00   5.405640E+00   5.203090E+00   3.594986E+00   2.935234E+00         5
   1.221903E+01   1.221903E+01   9.120038E+00   7.203073E+00   7.203073E+00   5.405640E+00   5.203711E+00   3.595441E+00   2.934633E+00         5
   1.221906E+01   1.221906E+01   9.119801E+00   7.203089E+00   7.203089E+00   5.405640E+00   5.204333E+00   3.595898E+00   2.934027E+00         5
   1.221908E+01   1.221908E+01   9.119563E+00   7.203106E+00   7.203106E+00   5.405640E+00   5.204956E+00   3.596355E+00   2.933421E+00         5
   1.221911E+01   1.221911E+01   9.119326E+00   7.203122E+00   7.203122E+00   5.405640E+00   5.205579E+00   3.596813E+00   2.932816E+00         5
   1.221913E+01   1.221913E+01   9.119088E+00   7.203132E+00   7.203132E+00   5.405640E+00   5.206215E+00   3.597283E+00   2.932186E+00         5
   1.221915E+01   1.221915E+01   9.118851E+00   7.203122E+00   7.203122E+00   5.405640E+00   5.206887E+00   3.597789E+00   2.931495E+00         5
   1.221918E+01   1.221918E+01   9.118614E+00   7.203112E+00   7.203112E+00   5.405640E+00   5.207559E+00   3.598295E+00   2.930803E+00         5
   1.221920E+01   1.221920E+01   9.118377E+00   7.203102E+00   7.203102E+00   5.405640E+00   5.208231E+00   3.598801E+00   2.930111E+00         5
   1.221922E+01   1.221922E+01   9.118140E+00   7.203091E+00   7.203091E+00   5.405640E+00   5.208903E+00   3.599307E+00   2.929419E+00         5
   1.221925E+01   1.221925E+01   9.117902E+00   7.203071E+00   7.203071E+00   5.405640E+00   5.209584E+00   3.599840E+00   2.928669E+00         5
   1.221927E+01   1.221927E+01   9.117664E+00   7.203048E+00   7.203048E+00   5.405640E+00   5.210267E+00   3.600377E+00   2.927911E+00         5
   1.221929E+01   1.221929E+01   9.117427E+00   7.203026E+00   7.203026E+00   5.405640E+00   5.210950E+00   3.600913E+00   2.927153E+00         5
   1.221932E+01   1.221932E+01   9.117189E+00   7.203003E+00   7.203003E+00   5.405640E+00   5.211633E+00   3.601450E+00   2.926395E+00         5
   1.221934E+01   1.221934E+01   9.116953E+00   7.202993E+00   7.202993E+00   5.405640E+00   5.212325E+00   3.602030E+00   2.925548E+00         5
   1.221936E+01   1.221936E+01   9.116718E+00   7.202991E+00   7.202991E+00   5.405640E+00   5.213025E+00   3.602639E+00   2.924640E+00         5
   1.221939E+01   1.221939E+01   9.116483E+00   7.202989E+00   7.202989E+00   5.405640E+00   5.213724E+00   3.603249E+00   2.923732E+00         5
   1.221941E+01   1.221941E+01   9.116248E+00   7.202987E+00   7.202987E+00   5.405640E+00   5.214424E+00   3.603858E+00   2.922824E+00         5
   1.221943E+01   1.221943E+01   9.116011E+00   7.203073E+00   7.203073E+00   5.405640E+00   5.215099E+00   3.604461E+00   2.921932E+00         5
   1.221946E+01   1.221946E+01   9.115772E+00   7.203220E+00   7.203220E+00   5.405640E+00   5.215758E+00   3.605059E+00   2.921052E+00         5
   1.221948E+01   1.221948E+01   9.115533E+00   7.203368E+00   7.203368E+00   5.405640E+00   5.216417E+00   3.605657E+00   2.920172E+00         5
   1.221951E+01   1.221951E+01   9.115294E+00   7.203516E+00   7.203516E+00   5.405640E+00   5.217075E+00   3.606256E+00   2.919292E+00         5
   1.221953E+01   1.221953E+01   9.115053E+00   7.203720E+00   7.203720E+00   5.405640E+00   5.217711E+00   3.606834E+00   2.918447E+00         5
   1.221955E+01   1.221955E+01   9.114809E+00   7.203981E+00   7.203981E+00   5.405640E+00   5.218324E+00   3.607392E+00   2.917637E+00         5
   1.221958E+01   1.221958E+01   9.114565E+00   7.204242E+00   7.204242E+00   5.405640E+00   5.218937E+00   3.607950E+00   2.916828E+00         5
   1.221960E+01   1.221960E+01   9.114322E+00   7.204504E+00   7.204504E+00   5.405640E+00   5.219549E+00   3.608508E+00   2.916018E+00         5
   1.221962E+01   1.221962E+01   9.114076E+00   7.204712E+00   7.204712E+00   5.405640E+00   5.220155E+00   3.609037E+00   2.915262E+00         5
   1.221965E+01   1.221965E+01   9.113820E+00   7.204695E+00   7.204695E+00   5.405640E+00   5.220732E+00   3.609450E+00   2.914726E+00         5
   1.221967E+01   1.221967E+01   9.113565E+00   7.204678E+00   7.204678E+00   5.405640E+00   5.221310E+00   3.609862E+00   2.914190E+00         5
   1.221969E+01   1.221969E+01   9.113310E+00   7.204662E+00   7.204662E+00   5.405640E+00   5.221887E+00   3.610274E+00   2.913654E+00         5
   1.221972E+01   1.221972E+01   9.113054E+00   7.204645E+00   7.204645E+00   5.405640E+00   5.222465E+00   3.610687E+00   2.913118E+00         5
   1.221974E+01   1.221974E+01   9.112799E+00   7.204634E+00   7.204634E+00   5.405640E+00   5.223046E+00   3.611088E+00   2.912606E+00         5
   1.221976E+01   1.221976E+01   9.112542E+00   7.204642E+00   7.204642E+00   5.405640E+00   5.223639E+00   3.611450E+00   2.912178E+00         5
   1.221979E+01   1.221979E+01   9.112286E+00   7.204650E+00   7.204650E+00   5.405640E+00   5.224233E+00   3.611812E+00   2.911751E+00         5
   1.221981E+01   1.221981E+01   9.112029E+00   7.204658E+00   7.204658E+00   5.405640E+00   5.224827E+00   3.612174E+00   2.911324E+00         5
   1.221984E+01   1.221984E+01   9.111773E+00   7.204666E+00   7.204666E+00   5.405640E+00   5.225420E+00   3.612536E+00   2.910896E+00         5
   1.221986E+01   1.221986E+01   9.111521E+00   7.204674E+00   7.204674E+00   5.405640E+00   5.226003E+00   3.612892E+00   2.910477E+00         5
   1.221988E+01   1.221988E+01   9.111254E+00   7.204676E+00   7.204676E+00   5.405640E+00   5.226596E+00   3.613179E+00   2.910198E+00         5
   1.221991E+01   1.221991E+01   9.110992E+00   7.204677E+00   7.204677E+00   5.405640E+00   5.227178E+00   3.613462E+00   2.909924E+00         5
   1.221993E+01   1.221993E+01   9.110730E+00   7.204679E+00   7.204679E+00   5.405640E+00   5.227760E+00   3.613745E+00   2.909649E+00         5
   1.221995E+01   1.221995E+01   9.110468E+00   7.204680E+00   7.204680E+00   5.405640E+00   5.228342E+00   3.614028E+00   2.909375E+00         5
   1.221998E+01   1.221998E+01   9.110206E+00   7.204682E+00   7.204682E+00   5.405640E+00   5.228925E+00   3.614310E+00   2.909101E+00         5
   1.222000E+01   1.222000E+01   9.109944E+00   7.204743E+00   7.204743E+00   5.405640E+00   5.229497E+00   3.614556E+00   2.908895E+00         5
   1.222002E+01   1.222002E+01   9.109681E+00   7.204879E+00   7.204879E+00   5.405640E+00   5.230056E+00   3.614756E+00   2.908774E+00         5
   1.222005E+01   1.222005E+01   9.109418E+00   7.205015E+00   7.205015E+00   5.405640E+00   5.230615E+00   3.614956E+00   2.908654E+00         5
   1.222007E+01   1.222007E+01   9.109155E+00   7.205151E+00   7.205151E+00   5.405640E+00   5.231174E+00   3.615156E+00   2.908534E+00         5
   1.222009E+01   1.222009E+01   9.108893E+00   7.205288E+00   7.205288E+00   5.405640E+00   5.231734E+00   3.615356E+00   2.908413E+00         5
   1.222012E+01   1.222012E+01   9.108630E+00   7.205424E+00   7.205424E+00   5.405640E+00   5.232293E+00   3.615556E+00   2.908293E+00         5
   1.222014E+01   1.222014E+01   9.108367E+00   7.205567E+00   7.205567E+00   5.405640E+00   5.232849E+00   3.615744E+00   2.908195E+00         5
   1.222016E+01   1.222016E+01   9.108103E+00   7.205723E+00   7.205723E+00   5.405640E+00   5.233401E+00   3.615913E+00   2.908133E+00         5
   1.222019E+01   1.222019E+01   9.107839E+00   7.205878E+00   7.205878E+00   5.405640E+00   5.233953E+00   3.616082E+00   2.908072E+00         5
   1.222021E+01   1.222021E+01   9.107576E+00   7.206033E+00   7.206033E+00   5.405640E+00   5.234505E+00   3.616250E+00   2.908010E+00         5
   1.222024E+01   1.222024E+01   9.107312E+00   7.206189E+00   7.206189E+00   5.405640E+00   5.235057E+00   3.616419E+00   2.907949E+00         5
   1.222026E+01   1.222026E+01   9.107048E+00   7.206344E+00   7.206344E+00   5.405640E+00   5.235609E+00   3.616588E+00   2.907888E+00         5
   1.222028E+01   1.222028E+01   9.106784E+00   7.206490E+00   7.206490E+00   5.405640E+00   5.236161E+00   3.616756E+00   2.907826E+00         5
   1.222031E+01   1.222031E+01   9.106517E+00   7.206573E+00   7.206573E+00   5.405640E+00   5.236711E+00   3.616924E+00   2.907766E+00         5
   1.222033E+01   1.222033E+01   9.106249E+00   7.206657E+00   7.206657E+00   5.405640E+00   5.237261E+00   3.617092E+00   2.907706E+00         5
   1.222035E+01   1.222035E+01   9.105982E+00   7.206740E+00   7.206740E+00   5.405640E+00   5.237811E+00   3.617259E+00   2.907646E+00         5
   1.222038E+01   1.222038E+01   9.105715E+00   7.206823E+00   7.206823E+00   5.405640E+00   5.238361E+00   3.617427E+00   2.907585E+00         5
   1.222040E+01   1.222040E+01   9.105447E+00   7.206906E+00   7.206906E+00   5.405640E+00   5.238911E+00   3.617595E+00   2.907525E+00         5
   1.222042E+01   1.222042E+01   9.105180E+00   7.206989E+00   7.206989E+00   5.405640E+00   5.239461E+00   3.617762E+00   2.907465E+00         5
   1.222045E+01   1.222045E+01   9.104911E+00   7.207014E+00   7.207014E+00   5.405640E+00   5.240004E+00   3.617941E+00   2.907379E+00         5
   1.222047E+01   1.222047E+01   9.104641E+00   7.207022E+00   7.207022E+00   5.405640E+00   5.240544E+00   3.618123E+00   2.907286E+00         5
   1.222049E+01   1.222049E+01   9.104371E+00   7.207030E+00   7.207030E+00   5.405640E+00   5.241084E+00   3.618304E+00   2.907192E+00         5
   1.222052E+01   1.222052E+01   9.104101E+00   7.207038E+00   7.207038E+00   5.405640E+00   5.241624E+00   3.618486E+00   2.907099E+00         5
   1.222054E+01   1.222054E+01   9.103831E+00   7.207047E+00   7.207047E+00   5.405640E+00   5.242165E+00   3.618668E+00   2.907006E+00         5
   1.222057E+01   1.222057E+01   9.103561E+00   7.207055E+00   7.207055E+00   5.405640E+00   5.242705E+00   3.618849E+00   2.906912E+00         5
   1.222059E+01   1.222059E+01   9.103291E+00   7.207078E+00   7.207078E+00   5.405640E+00   5.243238E+00   3.619028E+00   2.906822E+00         5
   1.222061E+01   1.222061E+01   9.103022E+00   7.207123E+00   7.207123E+00   5.405640E+00   5.243758E+00   3.619201E+00   2.906735E+00         5
   1.222064E+01   1.222064E+01   9.102754E+00   7.207169E+00   7.207169E+00   5.405640E+00   5.244279E+00   3.619375E+00   2.906649E+00         5
   1.222066E+01   1.222066E+01   9.102485E+00   7.207215E+00   7.207215E+00   5.405640E+00   5.244800E+00   3.619548E+00   2.906562E+00         5
   1.222068E+01   1.222068E+01   9.102216E+00   7.207261E+00   7.207261E+00   5.405640E+00   5.245321E+00   3.619722E+00   2.906475E+00         5
   1.222071E+01   1.222071E+01   9.101947E+00   7.207307E+00   7.207307E+00   5.405640E+00   5.245841E+00   3.619895E+00   2.906389E+00         5
   1.222073E+01   1.222073E+01   9.101678E+00   7.207352E+00   7.207352E+00   5.405640E+00   5.246362E+00   3.620069E+00   2.906302E+00         5
   1.222075E+01   1.222075E+01   9.101410E+00   7.207517E+00   7.207517E+00   5.405640E+00   5.246871E+00   3.620247E+00   2.906200E+00         5
   1.222078E+01   1.222078E+01   9.101141E+00   7.207694E+00   7.207694E+00   5.405640E+00   5.247379E+00   3.620426E+00   2.906097E+00         5
   1.222080E+01   1.222080E+01   9.100872E+00   7.207871E+00   7.207871E+00   5.405640E+00   5.247887E+00   3.620605E+00   2.905993E+00         5
   1.222082E+01   1.222082E+01   9.100603E+00   7.208048E+00   7.208048E+00   5.405640E+00   5.248394E+00   3.620783E+00   2.905889E+00         5
   1.222085E+01   1.222085E+01   9.100335E+00   7.208225E+00   7.208225E+00   5.405640E+00   5.248902E+00   3.620962E+00   2.905786E+00         5
   1.222087E+01   1.222087E+01   9.100066E+00   7.208402E+00   7.208402E+00   5.405640E+00   5.249410E+00   3.621141E+00   2.905682E+00         5
   1.222090E+01   1.222090E+01   9.099796E+00   7.208517E+00   7.208517E+00   5.405640E+00   5.249907E+00   3.621314E+00   2.905585E+00         5
   1.222092E+01   1.222092E+01   9.099525E+00   7.208523E+00   7.208523E+00   5.405639E+00   5.250387E+00   3.621477E+00   2.905498E+00         5
   1.222094E+01   1.222094E+01   9.099253E+00   7.208528E+00   7.208528E+00   5.405639E+00   5.250866E+00   3.621640E+00   2.905411E+00         5
   1.222097E+01   1.222097E+01   9.098981E+00   7.208534E+00   7.208534E+00   5.405639E+00   5.251345E+00   3.621803E+00   2.905325E+00         5
   1.222099E+01   1.222099E+01   9.098710E+00   7.208540E+00   7.208540E+00   5.405638E+00   5.251824E+00   3.621967E+00   2.905238E+00         5
   1.222101E+01   1.222101E+01   9.098438E+00   7.208546E+00   7.208546E+00   5.405638E+00   5.252304E+00   3.622130E+00   2.905151E+00         5
   1.222104E+01   1.222104E+01   9.098166E+00   7.208552E+00   7.208552E+00   5.405638E+00   5.252783E+00   3.622293E+00   2.905065E+00         5
   1.222106E+01   1.222106E+01   9.097891E+00   7.208615E+00   7.208615E+00   5.405637E+00   5.253234E+00   3.622415E+00   2.905046E+00         5
   1.222108E+01   1.222108E+01   9.097613E+00   7.208714E+00   7.208714E+00   5.405637E+00   5.253667E+00   3.622511E+00   2.905069E+00         5
   1.222111E+01   1.222111E+01   9.097334E+00   7.208814E+00   7.208814E+00   5.405636E+00   5.254100E+00   3.622608E+00   2.905093E+00         5
   1.222113E+01   1.222113E+01   9.097056E+00   7.208913E+00   7.208913E+00   5.405635E+00   5.254534E+00   3.622704E+00   2.905117E+00         5
   1.222115E+01   1.222115E+01   9.096778E+00   7.209012E+00   7.209012E+00   5.405635E+00   5.254967E+00   3.622801E+00   2.905140E+00         5
   1.222118E+01   1.222118E+01   9.096500E+00   7.209111E+00   7.209111E+00   5.405634E+00   5.255400E+00   3.622898E+00   2.905164E+00         5
   1.222120E+01   1.222120E+01   9.096222E+00   7.209210E+00   7.209210E+00   5.405634E+00   5.255833E+00   3.622994E+00   2.905187E+00         5
   1.222122E+01   1.222122E+01   9.095942E+00   7.209304E+00   7.209304E+00   5.405633E+00   5.256246E+00   3.623045E+00   2.905292E+00         5
   1.222125E+01   1.222125E+01   9.095659E+00   7.209387E+00   7.209387E+00   5.405633E+00   5.256622E+00   3.623014E+00   2.905542E+00         5
   1.222127E+01   1.222127E+01   9.095375E+00   7.209470E+00   7.209470E+00   5.405633E+00   5.256998E+00   3.622983E+00   2.905792E+00         5
   1.222130E+01   1.222130E+01   9.095092E+00   7.209553E+00   7.209553E+00   5.405633E+00   5.257374E+00   3.622952E+00   2.906042E+00         5
   1.222132E+01   1.222132E+01   9.094809E+00   7.209636E+00   7.209636E+00   5.405633E+00   5.257750E+00   3.622921E+00   2.906291E+00         5
   1.222134E+01   1.222134E+01   9.094525E+00   7.209719E+00   7.209719E+00   5.405633E+00   5.258125E+00   3.622890E+00   2.906541E+00         5
   1.222137E+01   1.222137E+01   9.094242E+00   7.209801E+00   7.209801E+00   5.405633E+00   5.258501E+00   3.622859E+00   2.906791E+00         5
   1.222139E+01   1.222139E+01   9.093959E+00   7.209884E+00   7.209884E+00   5.405633E+00   5.258877E+00   3.622828E+00   2.907041E+00         5
   1.222141E+01   1.222141E+01   9.093674E+00   7.210014E+00   7.210014E+00   5.405633E+00   5.259284E+00   3.622880E+00   2.907140E+00         5
   1.222144E+01   1.222144E+01   9.093389E+00   7.210150E+00   7.210150E+00   5.405633E+00   5.259696E+00   3.622945E+00   2.907217E+00         5
   1.222146E+01   1.222146E+01   9.093104E+00   7.210286E+00   7.210286E+00   5.405633E+00   5.260108E+00   3.623010E+00   2.907294E+00         5
   1.222148E+01   1.222148E+01   9.092819E+00   7.210422E+00   7.210422E+00   5.405633E+00   5.260519E+00   3.623074E+00   2.907370E+00         5
   1.222151E+01   1.222151E+01   9.092535E+00   7.210558E+00   7.210558E+00   5.405633E+00   5.260931E+00   3.623139E+00   2.907447E+00         5
   1.222153E+01   1.222153E+01   9.092250E+00   7.210694E+00   7.210694E+00   5.405633E+00   5.261343E+00   3.623203E+00   2.907524E+00         5
   1.222155E+01   1.222155E+01   9.091965E+00   7.210831E+00   7.210831E+00   5.405633E+00   5.261755E+00   3.623268E+00   2.907601E+00         5
   1.222158E+01   1.222158E+01   9.091679E+00   7.210937E+00   7.210937E+00   5.405633E+00   5.262141E+00   3.623359E+00   2.907611E+00         5
   1.222160E+01   1.222160E+01   9.091392E+00   7.210997E+00   7.210997E+00   5.405633E+00   5.262486E+00   3.623493E+00   2.907516E+00         5
   1.222163E+01   1.222163E+01   9.091106E+00   7.211057E+00   7.211057E+00   5.405633E+00   5.262831E+00   3.623627E+00   2.907421E+00         5
   1.222165E+01   1.222165E+01   9.090819E+00   7.211116E+00   7.211116E+00   5.405633E+00   5.263177E+00   3.623761E+00   2.907326E+00         5
   1.222167E+01   1.222167E+01   9.090533E+00   7.211176E+00   7.211176E+00   5.405633E+00   5.263522E+00   3.623895E+00   2.907231E+00         5
   1.222170E+01   1.222170E+01   9.090246E+00   7.211236E+00   7.211236E+00   5.405633E+00   5.263868E+00   3.624029E+00   2.907135E+00         5
   1.222172E+01   1.222172E+01   9.089959E+00   7.211296E+00   7.211296E+00   5.405633E+00   5.264213E+00   3.624163E+00   2.907040E+00         5
   1.222174E+01   1.222174E+01   9.089673E+00   7.211355E+00   7.211355E+00   5.405633E+00   5.264558E+00   3.624296E+00   2.906945E+00         5
   1.222177E+01   1.222177E+01   9.089386E+00   7.211437E+00   7.211437E+00   5.405633E+00   5.264873E+00   3.624439E+00   2.906818E+00         5
   1.222179E+01   1.222179E+01   9.089099E+00   7.211535E+00   7.211535E+00   5.405633E+00   5.265164E+00   3.624587E+00   2.906667E+00         5
   1.222181E+01   1.222181E+01   9.088813E+00   7.211633E+00   7.211633E+00   5.405633E+00   5.265455E+00   3.624735E+00   2.906516E+00         5
   1.222184E+01   1.222184E+01   9.088526E+00   7.211731E+00   7.211731E+00   5.405633E+00   5.265747E+00   3.624883E+00   2.906365E+00         5
   1.222186E+01   1.222186E+01   9.088239E+00   7.211829E+00   7.211829E+00   5.405633E+00   5.266038E+00   3.625032E+00   2.906215E+00         5
   1.222188E+01   1.222188E+01   9.087952E+00   7.211927E+00   7.211927E+00   5.405633E+00   5.266329E+00   3.625180E+00   2.906064E+00         5
   1.222191E+01   1.222191E+01   9.087666E+00   7.212025E+00   7.212025E+00   5.405633E+00   5.266620E+00   3.625328E+00   2.905913E+00         5
   1.222193E+01   1.222193E+01   9.087379E+00   7.212123E+00   7.212123E+00   5.405633E+00   5.266912E+00   3.625476E+00   2.905762E+00         5
   1.222196E+01   1.222196E+01   9.087089E+00   7.212226E+00   7.212226E+00   5.405633E+00   5.267192E+00   3.625601E+00   2.905654E+00         5
   1.222198E+01   1.222198E+01   9.086798E+00   7.212333E+00   7.212333E+00   5.405633E+00   5.267464E+00   3.625704E+00   2.905583E+00         5
   1.222200E+01   1.222200E+01   9.086506E+00   7.212441E+00   7.212441E+00   5.405633E+00   5.267736E+00   3.625808E+00   2.905511E+00         5
   1.222203E+01   1.222203E+01   9.086214E+00   7.212548E+00   7.212548E+00   5.405632E+00   5.268007E+00   3.625911E+00   2.905440E+00         5
   1.222205E+01   1.222205E+01   9.085922E+00   7.212656E+00   7.212656E+00   5.405632E+00   5.268279E+00   3.626015E+00   2.905369E+00         5
   1.222207E+01   1.222207E+01   9.085630E+00   7.212764E+00   7.212764E+00   5.405632E+00   5.268551E+00   3.626118E+00   2.905297E+00         5
   1.222210E+01   1.222210E+01   9.085338E+00   7.212871E+00   7.212871E+00   5.405632E+00   5.268822E+00   3.626222E+00   2.905226E+00         5
   1.222212E+01   1.222212E+01   9.085046E+00   7.212979E+00   7.212979E+00   5.405631E+00   5.269094E+00   3.626326E+00   2.905155E+00         5
   1.222214E+01   1.222214E+01   9.084760E+00   7.213084E+00   7.213084E+00   5.405631E+00   5.269360E+00   3.626427E+00   2.905085E+00         5
   1.222217E+01   1.222217E+01   9.084460E+00   7.213105E+00   7.213105E+00   5.405670E+00   5.269600E+00   3.626494E+00   2.905072E+00         5
   1.222219E+01   1.222219E+01   9.084167E+00   7.213126E+00   7.213126E+00   5.405709E+00   5.269834E+00   3.626559E+00   2.905059E+00         5
   1.222221E+01   1.222221E+01   9.083874E+00   7.213146E+00   7.213146E+00   5.405748E+00   5.270069E+00   3.626624E+00   2.905046E+00         5
   1.222224E+01   1.222224E+01   9.083580E+00   7.213167E+00   7.213167E+00   5.405786E+00   5.270304E+00   3.626689E+00   2.905033E+00         5
   1.222226E+01   1.222226E+01   9.083287E+00   7.213188E+00   7.213188E+00   5.405825E+00   5.270539E+00   3.626754E+00   2.905020E+00         5
   1.222228E+01   1.222228E+01   9.082994E+00   7.213208E+00   7.213208E+00   5.405863E+00   5.270773E+00   3.626819E+00   2.905007E+00         5
   1.222231E+01   1.222231E+01   9.082700E+00   7.213229E+00   7.213229E+00   5.405902E+00   5.271008E+00   3.626884E+00   2.904994E+00         5
   1.222233E+01   1.222233E+01   9.082407E+00   7.213250E+00   7.213250E+00   5.405940E+00   5.271243E+00   3.626949E+00   2.904981E+00         5
   1.222236E+01   1.222236E+01   9.082121E+00   7.213270E+00   7.213270E+00   5.405978E+00   5.271472E+00   3.627013E+00   2.904969E+00         5
   1.222238E+01   1.222238E+01   9.081828E+00   7.213385E+00   7.213385E+00   5.405980E+00   5.271720E+00   3.627194E+00   2.904731E+00         5
   1.222240E+01   1.222240E+01   9.081542E+00   7.213498E+00   7.213498E+00   5.405982E+00   5.271963E+00   3.627371E+00   2.904498E+00         5
   1.222243E+01   1.222243E+01   9.081256E+00   7.213611E+00   7.213611E+00   5.405984E+00   5.272205E+00   3.627548E+00   2.904265E+00         5
   1.222245E+01   1.222245E+01   9.080970E+00   7.213723E+00   7.213723E+00   5.405986E+00   5.272448E+00   3.627725E+00   2.904033E+00         5
   1.222247E+01   1.222247E+01   9.080684E+00   7.213836E+00   7.213836E+00   5.405988E+00   5.272691E+00   3.627902E+00   2.903800E+00         5
   1.222250E+01   1.222250E+01   9.080398E+00   7.213949E+00   7.213949E+00   5.405990E+00   5.272933E+00   3.628079E+00   2.903568E+00         5
   1.222252E+01   1.222252E+01   9.080112E+00   7.214061E+00   7.214061E+00   5.405992E+00   5.273176E+00   3.628256E+00   2.903335E+00         5
   1.222254E+01   1.222254E+01   9.079828E+00   7.214173E+00   7.214173E+00   5.405994E+00   5.273416E+00   3.628431E+00   2.903104E+00         5
   1.222257E+01   1.222257E+01   9.079530E+00   7.214292E+00   7.214292E+00   5.405994E+00   5.273609E+00   3.628588E+00   2.902886E+00         5
   1.222259E+01   1.222259E+01   9.079234E+00   7.214410E+00   7.214410E+00   5.405994E+00   5.273800E+00   3.628744E+00   2.902670E+00         5
   1.222261E+01   1.222261E+01   9.078938E+00   7.214528E+00   7.214528E+00   5.405994E+00   5.273991E+00   3.628900E+00   2.902454E+00         5
   1.222264E+01   1.222264E+01   9.078643E+00   7.214647E+00   7.214647E+00   5.405994E+00   5.274182E+00   3.629056E+00   2.902238E+00         5
   1.222266E+01   1.222266E+01   9.078347E+00   7.214765E+00   7.214765E+00   5.405994E+00   5.274372E+00   3.629212E+00   2.902022E+00         5
   1.222269E+01   1.222269E+01   9.078051E+00   7.214883E+00   7.214883E+00   5.405994E+00   5.274563E+00   3.629368E+00   2.901805E+00         5
   1.222271E+01   1.222271E+01   9.077755E+00   7.215001E+00   7.215001E+00   5.405994E+00   5.274754E+00   3.629523E+00   2.901589E+00         5
   1.222273E+01   1.222273E+01   9.077460E+00   7.215119E+00   7.215119E+00   5.405994E+00   5.274945E+00   3.629679E+00   2.901373E+00         5
   1.222276E+01   1.222276E+01   9.077164E+00   7.215204E+00   7.215204E+00   5.405994E+00   5.275133E+00   3.629817E+00   2.901191E+00         5
   1.222278E+01   1.222278E+01   9.076869E+00   7.215239E+00   7.215239E+00   5.405994E+00   5.275316E+00   3.629928E+00   2.901061E+00         5
   1.222280E+01   1.222280E+01   9.076573E+00   7.215274E+00   7.215274E+00   5.405994E+00   5.275499E+00   3.630039E+00   2.900930E+00         5
   1.222283E+01   1.222283E+01   9.076277E+00   7.215309E+00   7.215309E+00   5.405994E+00   5.275682E+00   3.630150E+00   2.900800E+00         5
   1.222285E+01   1.222285E+01   9.075982E+00   7.215344E+00   7.215344E+00   5.405994E+00   5.275865E+00   3.630261E+00   2.900669E+00         5
   1.222287E+01   1.222287E+01   9.075686E+00   7.215378E+00   7.215378E+00   5.405994E+00   5.276048E+00   3.630372E+00   2.900539E+00         5
   1.222290E+01   1.222290E+01   9.075391E+00   7.215413E+00   7.215413E+00   5.405994E+00   5.276232E+00   3.630483E+00   2.900408E+00         5
   1.222292E+01   1.222292E+01   9.075095E+00   7.215448E+00   7.215448E+00   5.405994E+00   5.276415E+00   3.630594E+00   2.900278E+00         5
   1.222294E+01   1.222294E+01   9.074800E+00   7.215483E+00   7.215483E+00   5.405994E+00   5.276598E+00   3.630705E+00   2.900147E+00         5
   1.222297E+01   1.222297E+01   9.074503E+00   7.215555E+00   7.215555E+00   5.405994E+00   5.276765E+00   3.630801E+00   2.900040E+00         5
   1.222299E+01   1.222299E+01   9.074206E+00   7.215694E+00   7.215694E+00   5.405994E+00   5.276905E+00   3.630868E+00   2.899976E+00         5
   1.222302E+01   1.222302E+01   9.073908E+00   7.215833E+00   7.215833E+00   5.405994E+00   5.277045E+00   3.630935E+00   2.899911E+00         5
   1.222304E+01   1.222304E+01   9.073610E+00   7.215972E+00   7.215972E+00   5.405994E+00   5.277185E+00   3.631002E+00   2.899846E+00         5
   1.222306E+01   1.222306E+01   9.073313E+00   7.216111E+00   7.216111E+00   5.405994E+00   5.277324E+00   3.631070E+00   2.899782E+00         5
   1.222309E+01   1.222309E+01   9.073015E+00   7.216249E+00   7.216249E+00   5.405995E+00   5.277464E+00   3.631137E+00   2.899717E+00         5
   1.222311E+01   1.222311E+01   9.072717E+00   7.216388E+00   7.216388E+00   5.405995E+00   5.277604E+00   3.631204E+00   2.899652E+00         5
   1.222313E+01   1.222313E+01   9.072420E+00   7.216527E+00   7.216527E+00   5.405995E+00   5.277743E+00   3.631271E+00   2.899588E+00         5
   1.222316E+01   1.222316E+01   9.072122E+00   7.216666E+00   7.216666E+00   5.405995E+00   5.277883E+00   3.631339E+00   2.899523E+00         5
   1.222318E+01   1.222318E+01   9.071824E+00   7.216805E+00   7.216805E+00   5.405995E+00   5.278023E+00   3.631406E+00   2.899459E+00         5
   1.222320E+01   1.222320E+01   9.071525E+00   7.216907E+00   7.216907E+00   5.406000E+00   5.278154E+00   3.631456E+00   2.899424E+00         5
   1.222323E+01   1.222323E+01   9.071226E+00   7.217003E+00   7.217003E+00   5.406005E+00   5.278284E+00   3.631503E+00   2.899394E+00         5
   1.222325E+01   1.222325E+01   9.070926E+00   7.217098E+00   7.217098E+00   5.406011E+00   5.278414E+00   3.631551E+00   2.899365E+00         5
   1.222327E+01   1.222327E+01   9.070626E+00   7.217194E+00   7.217194E+00   5.406017E+00   5.278544E+00   3.631598E+00   2.899335E+00         5
   1.222330E+01   1.222330E+01   9.070327E+00   7.217290E+00   7.217290E+00   5.406022E+00   5.278674E+00   3.631645E+00   2.899306E+00         5
   1.222332E+01   1.222332E+01   9.070027E+00   7.217385E+00   7.217385E+00   5.406028E+00   5.278804E+00   3.631692E+00   2.899276E+00         5
   1.222334E+01   1.222334E+01   9.069728E+00   7.217481E+00   7.217481E+00   5.406034E+00   5.278934E+00   3.631739E+00   2.899247E+00         5
   1.222337E+01   1.222337E+01   9.069428E+00   7.217576E+00   7.217576E+00   5.406039E+00   5.279064E+00   3.631787E+00   2.899218E+00         5
   1.222339E+01   1.222339E+01   9.069128E+00   7.217672E+00   7.217672E+00   5.406045E+00   5.279194E+00   3.631834E+00   2.899188E+00         5
   1.222342E+01   1.222342E+01   9.068829E+00   7.217766E+00   7.217766E+00   5.406051E+00   5.279324E+00   3.631882E+00   2.899157E+00         5
   1.222344E+01   1.222344E+01   9.068528E+00   7.217830E+00   7.217830E+00   5.406053E+00   5.279444E+00   3.631938E+00   2.899105E+00         5
   1.222346E+01   1.222346E+01   9.068226E+00   7.217894E+00   7.217894E+00   5.406055E+00   5.279564E+00   3.631994E+00   2.899053E+00         5
   1.222349E+01   1.222349E+01   9.067925E+00   7.217958E+00   7.217958E+00   5.406058E+00   5.279685E+00   3.632051E+00   2.899000E+00         5
   1.222351E+01   1.222351E+01   9.067624E+00   7.218023E+00   7.218023E+00   5.406060E+00   5.279805E+00   3.632107E+00   2.898948E+00         5
   1.222353E+01   1.222353E+01   9.067323E+00   7.218087E+00   7.218087E+00   5.406062E+00   5.279926E+00   3.632163E+00   2.898895E+00         5
   1.222356E+01   1.222356E+01   9.067022E+00   7.218151E+00   7.218151E+00   5.406065E+00   5.280046E+00   3.632219E+00   2.898843E+00         5
   1.222358E+01   1.222358E+01   9.066720E+00   7.218215E+00   7.218215E+00   5.406067E+00   5.280166E+00   3.632276E+00   2.898791E+00         5
   1.222360E+01   1.222360E+01   9.066419E+00   7.218280E+00   7.218280E+00   5.406069E+00   5.280287E+00   3.632332E+00   2.898738E+00         5
   1.222363E+01   1.222363E+01   9.066118E+00   7.218344E+00   7.218344E+00   5.406072E+00   5.280407E+00   3.632388E+00   2.898686E+00         5
   1.222365E+01   1.222365E+01   9.065817E+00   7.218402E+00   7.218402E+00   5.406073E+00   5.280522E+00   3.632449E+00   2.898622E+00         5
   1.222367E+01   1.222367E+01   9.065516E+00   7.218433E+00   7.218433E+00   5.406072E+00   5.280612E+00   3.632532E+00   2.898501E+00         5
   1.222370E+01   1.222370E+01   9.065215E+00   7.218463E+00   7.218463E+00   5.406070E+00   5.280702E+00   3.632615E+00   2.898380E+00         5
   1.222372E+01   1.222372E+01   9.064914E+00   7.218493E+00   7.218493E+00   5.406068E+00   5.280791E+00   3.632698E+00   2.898259E+00         5
   1.222375E+01   1.222375E+01   9.064613E+00   7.218523E+00   7.218523E+00   5.406066E+00   5.280881E+00   3.632780E+00   2.898138E+00         5
   1.222377E+01   1.222377E+01   9.064312E+00   7.218553E+00   7.218553E+00   5.406064E+00   5.280971E+00   3.632863E+00   2.898018E+00         5
   1.222379E+01   1.222379E+01   9.064011E+00   7.218584E+00   7.218584E+00   5.406063E+00   5.281061E+00   3.632946E+00   2.897897E+00         5
   1.222382E+01   1.222382E+01   9.063710E+00   7.218614E+00   7.218614E+00   5.406061E+00   5.281150E+00   3.633029E+00   2.897776E+00         5
   1.222384E+01   1.222384E+01   9.063409E+00   7.218644E+00   7.218644E+00   5.406059E+00   5.281240E+00   3.633112E+00   2.897655E+00         5
   1.222386E+01   1.222386E+01   9.063108E+00   7.218674E+00   7.218674E+00   5.406057E+00   5.281330E+00   3.633195E+00   2.897534E+00         5
   1.222389E+01   1.222389E+01   9.062807E+00   7.218719E+00   7.218719E+00   5.406056E+00   5.281415E+00   3.633271E+00   2.897425E+00         5
   1.222391E+01   1.222391E+01   9.062506E+00   7.218824E+00   7.218824E+00   5.406058E+00   5.281480E+00   3.633317E+00   2.897366E+00         5
   1.222393E+01   1.222393E+01   9.062204E+00   7.218930E+00   7.218930E+00   5.406060E+00   5.281545E+00   3.633363E+00   2.897306E+00         5
   1.222396E+01   1.222396E+01   9.061902E+00   7.219035E+00   7.219035E+00   5.406061E+00   5.281611E+00   3.633409E+00   2.897247E+00         5
   1.222398E+01   1.222398E+01   9.061601E+00   7.219141E+00   7.219141E+00   5.406063E+00   5.281676E+00   3.633455E+00   2.897187E+00         5
   1.222400E+01   1.222400E+01   9.061299E+00   7.219247E+00   7.219247E+00   5.406065E+00   5.281742E+00   3.633501E+00   2.897127E+00         5
   1.222403E+01   1.222403E+01   9.060997E+00   7.219352E+00   7.219352E+00   5.406066E+00   5.281807E+00   3.633547E+00   2.897068E+00         5
   1.222405E+01   1.222405E+01   9.060696E+00   7.219458E+00   7.219458E+00   5.406068E+00   5.281872E+00   3.633593E+00   2.897008E+00         5
   1.222407E+01   1.222407E+01   9.060394E+00   7.219563E+00   7.219563E+00   5.406070E+00   5.281938E+00   3.633639E+00   2.896949E+00         5
   1.222410E+01   1.222410E+01   9.060093E+00   7.219669E+00   7.219669E+00   5.406071E+00   5.282003E+00   3.633685E+00   2.896889E+00         5
   1.222412E+01   1.222412E+01   9.059791E+00   7.219774E+00   7.219774E+00   5.406073E+00   5.282068E+00   3.633732E+00   2.896830E+00         5
   1.222415E+01   1.222415E+01   9.059487E+00   7.219855E+00   7.219855E+00   5.406074E+00   5.282105E+00   3.633745E+00   2.896822E+00         5
   1.222417E+01   1.222417E+01   9.059183E+00   7.219927E+00   7.219927E+00   5.406074E+00   5.282132E+00   3.633746E+00   2.896832E+00         5
   1.222419E+01   1.222419E+01   9.058878E+00   7.219999E+00   7.219999E+00   5.406074E+00   5.282159E+00   3.633748E+00   2.896843E+00         5
   1.222422E+01   1.222422E+01   9.058573E+00   7.220071E+00   7.220071E+00   5.406074E+00   5.282186E+00   3.633749E+00   2.896853E+00         5
   1.222424E+01   1.222424E+01   9.058269E+00   7.220143E+00   7.220143E+00   5.406074E+00   5.282213E+00   3.633751E+00   2.896864E+00         5
   1.222426E+01   1.222426E+01   9.057964E+00   7.220215E+00   7.220215E+00   5.406074E+00   5.282239E+00   3.633752E+00   2.896874E+00         5
   1.222429E+01   1.222429E+01   9.057660E+00   7.220287E+00   7.220287E+00   5.406074E+00   5.282266E+00   3.633754E+00   2.896885E+00         5
   1.222431E+01   1.222431E+01   9.057355E+00   7.220359E+00   7.220359E+00   5.406074E+00   5.282293E+00   3.633755E+00   2.896895E+00         5
   1.222433E+01   1.222433E+01   9.057051E+00   7.220431E+00   7.220431E+00   5.406074E+00   5.282320E+00   3.633757E+00   2.896906E+00         5
   1.222436E+01   1.222436E+01   9.056746E+00   7.220503E+00   7.220503E+00   5.406074E+00   5.282347E+00   3.633758E+00   2.896916E+00         5
   1.222438E+01   1.222438E+01   9.056442E+00   7.220575E+00   7.220575E+00   5.406074E+00   5.282374E+00   3.633760E+00   2.896927E+00         5
   1.222440E+01   1.222440E+01   9.056137E+00   7.220639E+00   7.220639E+00   5.406074E+00   5.282383E+00   3.633766E+00   2.896917E+00         5
   1.222443E+01   1.222443E+01   9.055833E+00   7.220702E+00   7.220702E+00   5.406074E+00   5.282389E+00   3.633774E+00   2.896906E+00         5
   1.222445E+01   1.222445E+01   9.055529E+00   7.220765E+00   7.220765E+00   5.406074E+00   5.282395E+00   3.633781E+00   2.896894E+00         5
   1.222448E+01   1.222448E+01   9.055225E+00   7.220828E+00   7.220828E+00   5.406074E+00   5.282401E+00   3.633789E+00   2.896882E+00         5
   1.222450E+01   1.222450E+01   9.054921E+00   7.220890E+00   7.220890E+00   5.406074E+00   5.282408E+00   3.633796E+00   2.896870E+00         5
   1.222452E+01   1.222452E+01   9.054617E+00   7.220953E+00   7.220953E+00   5.406074E+00   5.282414E+00   3.633804E+00   2.896858E+00         5
   1.222455E+01   1.222455E+01   9.054313E+00   7.221016E+00   7.221016E+00   5.406074E+00   5.282420E+00   3.633811E+00   2.896846E+00         5
   1.222457E+01   1.222457E+01   9.054009E+00   7.221079E+00   7.221079E+00   5.406074E+00   5.282427E+00   3.633819E+00   2.896834E+00         5
   1.222459E+01   1.222459E+01   9.053705E+00   7.221142E+00   7.221142E+00   5.406074E+00   5.282433E+00   3.633827E+00   2.896822E+00         5
   1.222462E+01   1.222462E+01   9.053401E+00   7.221205E+00   7.221205E+00   5.406074E+00   5.282439E+00   3.633834E+00   2.896810E+00         5
   1.222464E+01   1.222464E+01   9.053097E+00   7.221268E+00   7.221268E+00   5.406074E+00   5.282446E+00   3.633842E+00   2.896799E+00         5
   1.222466E+01   1.222466E+01   9.052792E+00   7.221309E+00   7.221309E+00   5.406074E+00   5.282431E+00   3.633857E+00   2.896759E+00         5
   1.222469E+01   1.222469E+01   9.052487E+00   7.221346E+00   7.221346E+00   5.406074E+00   5.282411E+00   3.633875E+00   2.896715E+00         5
   1.222471E+01   1.222471E+01   9.052183E+00   7.221383E+00   7.221383E+00   5.406074E+00   5.282392E+00   3.633892E+00   2.896671E+00         5
   1.222473E+01   1.222473E+01   9.051878E+00   7.221420E+00   7.221420E+00   5.406074E+00   5.282373E+00   3.633910E+00   2.896626E+00         5
   1.222476E+01   1.222476E+01   9.051573E+00   7.221457E+00   7.221457E+00   5.406074E+00   5.282354E+00   3.633927E+00   2.896582E+00         5
   1.222478E+01   1.222478E+01   9.051269E+00   7.221494E+00   7.221494E+00   5.406074E+00   5.282335E+00   3.633944E+00   2.896537E+00         5
   1.222481E+01   1.222481E+01   9.050964E+00   7.221531E+00   7.221531E+00   5.406074E+00   5.282316E+00   3.633962E+00   2.896493E+00         5
   1.222483E+01   1.222483E+01   9.050659E+00   7.221568E+00   7.221568E+00   5.406074E+00   5.282296E+00   3.633979E+00   2.896448E+00         5
   1.222485E+01   1.222485E+01   9.050354E+00   7.221605E+00   7.221605E+00   5.406074E+00   5.282277E+00   3.633997E+00   2.896404E+00         5
   1.222488E+01   1.222488E+01   9.050050E+00   7.221642E+00   7.221642E+00   5.406074E+00   5.282258E+00   3.634014E+00   2.896360E+00         5
   1.222490E+01   1.222490E+01   9.049745E+00   7.221679E+00   7.221679E+00   5.406074E+00   5.282239E+00   3.634032E+00   2.896315E+00         5
   1.222492E+01   1.222492E+01   9.049440E+00   7.221716E+00   7.221716E+00   5.406074E+00   5.282196E+00   3.634038E+00   2.896281E+00         5
   1.222495E+01   1.222495E+01   9.049136E+00   7.221752E+00   7.221752E+00   5.406074E+00   5.282145E+00   3.634040E+00   2.896252E+00         5
   1.222497E+01   1.222497E+01   9.048832E+00   7.221789E+00   7.221789E+00   5.406074E+00   5.282094E+00   3.634042E+00   2.896222E+00         5
   1.222499E+01   1.222499E+01   9.048527E+00   7.221826E+00   7.221826E+00   5.406074E+00   5.282042E+00   3.634044E+00   2.896192E+00         5
   1.222502E+01   1.222502E+01   9.048223E+00   7.221863E+00   7.221863E+00   5.406074E+00   5.281991E+00   3.634046E+00   2.896162E+00         5
   1.222504E+01   1.222504E+01   9.047918E+00   7.221899E+00   7.221899E+00   5.406074E+00   5.281940E+00   3.634048E+00   2.896132E+00         5
   1.222506E+01   1.222506E+01   9.047614E+00   7.221936E+00   7.221936E+00   5.406074E+00   5.281889E+00   3.634051E+00   2.896102E+00         5
   1.222509E+01   1.222509E+01   9.047310E+00   7.221973E+00   7.221973E+00   5.406074E+00   5.281838E+00   3.634053E+00   2.896073E+00         5
   1.222511E+01   1.222511E+01   9.047005E+00   7.222010E+00   7.222010E+00   5.406074E+00   5.281787E+00   3.634055E+00   2.896043E+00         5
   1.222513E+01   1.222513E+01   9.046701E+00   7.222046E+00   7.222046E+00   5.406074E+00   5.281736E+00   3.634057E+00   2.896013E+00         5
   1.222516E+01   1.222516E+01   9.046397E+00   7.222083E+00   7.222083E+00   5.406074E+00   5.281685E+00   3.634059E+00   2.895983E+00         5
   1.222518E+01   1.222518E+01   9.046092E+00   7.222122E+00   7.222122E+00   5.406073E+00   5.281617E+00   3.634037E+00   2.895994E+00         5
   1.222521E+01   1.222521E+01   9.045788E+00   7.222163E+00   7.222163E+00   5.406073E+00   5.281542E+00   3.634002E+00   2.896025E+00         5
   1.222523E+01   1.222523E+01   9.045484E+00   7.222203E+00   7.222203E+00   5.406073E+00   5.281466E+00   3.633968E+00   2.896056E+00         5
   1.222525E+01   1.222525E+01   9.045180E+00   7.222243E+00   7.222243E+00   5.406072E+00   5.281390E+00   3.633933E+00   2.896088E+00         5
   1.222528E+01   1.222528E+01   9.044876E+00   7.222283E+00   7.222283E+00   5.406072E+00   5.281315E+00   3.633899E+00   2.896119E+00         5
   1.222530E+01   1.222530E+01   9.044572E+00   7.222324E+00   7.222324E+00   5.406072E+00   5.281239E+00   3.633864E+00   2.896150E+00         5
   1.222532E+01   1.222532E+01   9.044268E+00   7.222364E+00   7.222364E+00   5.406071E+00   5.281163E+00   3.633829E+00   2.896182E+00         5
   1.222535E+01   1.222535E+01   9.043964E+00   7.222404E+00   7.222404E+00   5.406071E+00   5.281087E+00   3.633795E+00   2.896213E+00         5
   1.222537E+01   1.222537E+01   9.043660E+00   7.222445E+00   7.222445E+00   5.406071E+00   5.281012E+00   3.633760E+00   2.896245E+00         5
   1.222539E+01   1.222539E+01   9.043356E+00   7.222485E+00   7.222485E+00   5.406070E+00   5.280936E+00   3.633726E+00   2.896276E+00         5
   1.222542E+01   1.222542E+01   9.043052E+00   7.222525E+00   7.222525E+00   5.406070E+00   5.280860E+00   3.633691E+00   2.896307E+00         5
   1.222544E+01   1.222544E+01   9.042750E+00   7.222560E+00   7.222560E+00   5.406069E+00   5.280769E+00   3.633639E+00   2.896366E+00         5
   1.222546E+01   1.222546E+01   9.042448E+00   7.222594E+00   7.222594E+00   5.406069E+00   5.280673E+00   3.633580E+00   2.896435E+00         5
   1.222549E+01   1.222549E+01   9.042145E+00   7.222627E+00   7.222627E+00   5.406069E+00   5.280576E+00   3.633522E+00   2.896504E+00         5
   1.222551E+01   1.222551E+01   9.041843E+00   7.222660E+00   7.222660E+00   5.406069E+00   5.280479E+00   3.633463E+00   2.896572E+00         5
   1.222554E+01   1.222554E+01   9.041541E+00   7.222693E+00   7.222693E+00   5.406068E+00   5.280382E+00   3.633404E+00   2.896641E+00         5
   1.222556E+01   1.222556E+01   9.041239E+00   7.222727E+00   7.222727E+00   5.406068E+00   5.280286E+00   3.633346E+00   2.896710E+00         5
   1.222558E+01   1.222558E+01   9.040937E+00   7.222760E+00   7.222760E+00   5.406068E+00   5.280189E+00   3.633287E+00   2.896779E+00         5
   1.222561E+01   1.222561E+01   9.040635E+00   7.222793E+00   7.222793E+00   5.406068E+00   5.280092E+00   3.633228E+00   2.896848E+00         5
   1.222563E+01   1.222563E+01   9.040332E+00   7.222827E+00   7.222827E+00   5.406067E+00   5.279995E+00   3.633170E+00   2.896917E+00         5
   1.222565E+01   1.222565E+01   9.040030E+00   7.222860E+00   7.222860E+00   5.406067E+00   5.279899E+00   3.633111E+00   2.896986E+00         5
   1.222568E+01   1.222568E+01   9.039728E+00   7.222894E+00   7.222894E+00   5.406069E+00   5.279799E+00   3.633049E+00   2.897060E+00         5
   1.222570E+01   1.222570E+01   9.039428E+00   7.222935E+00   7.222935E+00   5.406082E+00   5.279685E+00   3.632967E+00   2.897168E+00         5
   1.222572E+01   1.222572E+01   9.039127E+00   7.222975E+00   7.222975E+00   5.406094E+00   5.279570E+00   3.632884E+00   2.897276E+00         5
   1.222575E+01   1.222575E+01   9.038826E+00   7.223016E+00   7.223016E+00   5.406107E+00   5.279456E+00   3.632802E+00   2.897383E+00         5
   1.222577E+01   1.222577E+01   9.038525E+00   7.223056E+00   7.223056E+00   5.406120E+00   5.279341E+00   3.632719E+00   2.897491E+00         5
   1.222579E+01   1.222579E+01   9.038225E+00   7.223097E+00   7.223097E+00   5.406133E+00   5.279227E+00   3.632637E+00   2.897599E+00         5
   1.222582E+01   1.222582E+01   9.037924E+00   7.223137E+00   7.223137E+00   5.406146E+00   5.279112E+00   3.632554E+00   2.897707E+00         5
   1.222584E+01   1.222584E+01   9.037623E+00   7.223178E+00   7.223178E+00   5.406159E+00   5.278998E+00   3.632472E+00   2.897814E+00         5
   1.222587E+01   1.222587E+01   9.037323E+00   7.223219E+00   7.223219E+00   5.406172E+00   5.278883E+00   3.632389E+00   2.897922E+00         5
   1.222589E+01   1.222589E+01   9.037022E+00   7.223259E+00   7.223259E+00   5.406185E+00   5.278769E+00   3.632307E+00   2.898030E+00         5
   1.222591E+01   1.222591E+01   9.036710E+00   7.223301E+00   7.223301E+00   5.406198E+00   5.278650E+00   3.632221E+00   2.898141E+00         5
   1.222594E+01   1.222594E+01   9.036420E+00   7.223339E+00   7.223339E+00   5.406214E+00   5.278541E+00   3.632156E+00   2.898217E+00         5
   1.222596E+01   1.222596E+01   9.036120E+00   7.223379E+00   7.223379E+00   5.406229E+00   5.278428E+00   3.632088E+00   2.898296E+00         5
   1.222598E+01   1.222598E+01   9.035819E+00   7.223418E+00   7.223418E+00   5.406245E+00   5.278314E+00   3.632020E+00   2.898375E+00         5
   1.222601E+01   1.222601E+01   9.035518E+00   7.223458E+00   7.223458E+00   5.406261E+00   5.278201E+00   3.631953E+00   2.898454E+00         5
   1.222603E+01   1.222603E+01   9.035217E+00   7.223498E+00   7.223498E+00   5.406277E+00   5.278087E+00   3.631885E+00   2.898533E+00         5
   1.222605E+01   1.222605E+01   9.034916E+00   7.223537E+00   7.223537E+00   5.406292E+00   5.277974E+00   3.631817E+00   2.898612E+00         5
   1.222608E+01   1.222608E+01   9.034615E+00   7.223577E+00   7.223577E+00   5.406308E+00   5.277861E+00   3.631749E+00   2.898691E+00         5
   1.222610E+01   1.222610E+01   9.034314E+00   7.223616E+00   7.223616E+00   5.406324E+00   5.277747E+00   3.631681E+00   2.898770E+00         5
   1.222612E+01   1.222612E+01   9.034013E+00   7.223656E+00   7.223656E+00   5.406340E+00   5.277634E+00   3.631614E+00   2.898849E+00         5
   1.222615E+01   1.222615E+01   9.033713E+00   7.223695E+00   7.223695E+00   5.406356E+00   5.277520E+00   3.631546E+00   2.898928E+00         5
   1.222617E+01   1.222617E+01   9.033411E+00   7.223729E+00   7.223729E+00   5.406363E+00   5.277411E+00   3.631502E+00   2.898961E+00         5
   1.222619E+01   1.222619E+01   9.033110E+00   7.223763E+00   7.223763E+00   5.406369E+00   5.277302E+00   3.631459E+00   2.898991E+00         5
   1.222622E+01   1.222622E+01   9.032809E+00   7.223796E+00   7.223796E+00   5.406375E+00   5.277193E+00   3.631417E+00   2.899021E+00         5
   1.222624E+01   1.222624E+01   9.032507E+00   7.223829E+00   7.223829E+00   5.406382E+00   5.277083E+00   3.631375E+00   2.899051E+00         5
   1.222627E+01   1.222627E+01   9.032206E+00   7.223862E+00   7.223862E+00   5.406388E+00   5.276974E+00   3.631332E+00   2.899081E+00         5
   1.222629E+01   1.222629E+01   9.031905E+00   7.223896E+00   7.223896E+00   5.406395E+00   5.276865E+00   3.631290E+00   2.899111E+00         5
   1.222631E+01   1.222631E+01   9.031603E+00   7.223929E+00   7.223929E+00   5.406401E+00   5.276756E+00   3.631248E+00   2.899142E+00         5
   1.222634E+01   1.222634E+01   9.031302E+00   7.223962E+00   7.223962E+00   5.406407E+00   5.276647E+00   3.631205E+00   2.899172E+00         5
   1.222636E+01   1.222636E+01   9.031000E+00   7.223996E+00   7.223996E+00   5.406414E+00   5.276537E+00   3.631163E+00   2.899202E+00         5
   1.222638E+01   1.222638E+01   9.030701E+00   7.224029E+00   7.224029E+00   5.406420E+00   5.276429E+00   3.631121E+00   2.899232E+00         5
   1.222641E+01   1.222641E+01   9.030399E+00   7.224028E+00   7.224028E+00   5.406420E+00   5.276324E+00   3.631091E+00   2.899239E+00         5
   1.222643E+01   1.222643E+01   9.030099E+00   7.224028E+00   7.224028E+00   5.406420E+00   5.276219E+00   3.631061E+00   2.899246E+00         5
   1.222645E+01   1.222645E+01   9.029798E+00   7.224027E+00   7.224027E+00   5.406420E+00   5.276115E+00   3.631032E+00   2.899253E+00         5
   1.222648E+01   1.222648E+01   9.029498E+00   7.224026E+00   7.224026E+00   5.406420E+00   5.276010E+00   3.631002E+00   2.899260E+00         5
   1.222650E+01   1.222650E+01   9.029198E+00   7.224026E+00   7.224026E+00   5.406420E+00   5.275906E+00   3.630973E+00   2.899267E+00         5
   1.222652E+01   1.222652E+01   9.028898E+00   7.224025E+00   7.224025E+00   5.406420E+00   5.275802E+00   3.630943E+00   2.899274E+00         5
   1.222655E+01   1.222655E+01   9.028597E+00   7.224024E+00   7.224024E+00   5.406420E+00   5.275697E+00   3.630913E+00   2.899281E+00         5
   1.222657E+01   1.222657E+01   9.028297E+00   7.224024E+00   7.224024E+00   5.406420E+00   5.275593E+00   3.630884E+00   2.899288E+00         5
   1.222660E+01   1.222660E+01   9.027997E+00   7.224023E+00   7.224023E+00   5.406420E+00   5.275488E+00   3.630854E+00   2.899295E+00         5
   1.222662E+01   1.222662E+01   9.027695E+00   7.224029E+00   7.224029E+00   5.406423E+00   5.275385E+00   3.630819E+00   2.899313E+00         5
   1.222664E+01   1.222664E+01   9.027392E+00   7.224048E+00   7.224048E+00   5.406431E+00   5.275283E+00   3.630774E+00   2.899353E+00         5
   1.222667E+01   1.222667E+01   9.027088E+00   7.224067E+00   7.224067E+00   5.406439E+00   5.275182E+00   3.630728E+00   2.899393E+00         5
   1.222669E+01   1.222669E+01   9.026785E+00   7.224086E+00   7.224086E+00   5.406446E+00   5.275081E+00   3.630683E+00   2.899433E+00         5
   1.222671E+01   1.222671E+01   9.026481E+00   7.224104E+00   7.224104E+00   5.406454E+00   5.274979E+00   3.630638E+00   2.899473E+00         5
   1.222674E+01   1.222674E+01   9.026178E+00   7.224123E+00   7.224123E+00   5.406462E+00   5.274878E+00   3.630592E+00   2.899513E+00         5
   1.222676E+01   1.222676E+01   9.025874E+00   7.224142E+00   7.224142E+00   5.406470E+00   5.274776E+00   3.630547E+00   2.899553E+00         5
   1.222678E+01   1.222678E+01   9.025571E+00   7.224161E+00   7.224161E+00   5.406478E+00   5.274675E+00   3.630501E+00   2.899593E+00         5
   1.222681E+01   1.222681E+01   9.025267E+00   7.224180E+00   7.224180E+00   5.406486E+00   5.274573E+00   3.630456E+00   2.899634E+00         5
   1.222683E+01   1.222683E+01   9.024964E+00   7.224205E+00   7.224205E+00   5.406496E+00   5.274475E+00   3.630412E+00   2.899672E+00         5
   1.222685E+01   1.222685E+01   9.024662E+00   7.224260E+00   7.224260E+00   5.406520E+00   5.274392E+00   3.630375E+00   2.899705E+00         5
   1.222688E+01   1.222688E+01   9.024360E+00   7.224316E+00   7.224316E+00   5.406545E+00   5.274309E+00   3.630338E+00   2.899738E+00         5
   1.222690E+01   1.222690E+01   9.024058E+00   7.224371E+00   7.224371E+00   5.406569E+00   5.274226E+00   3.630300E+00   2.899771E+00         5
   1.222693E+01   1.222693E+01   9.023757E+00   7.224427E+00   7.224427E+00   5.406593E+00   5.274143E+00   3.630263E+00   2.899804E+00         5
   1.222695E+01   1.222695E+01   9.023455E+00   7.224482E+00   7.224482E+00   5.406617E+00   5.274060E+00   3.630226E+00   2.899837E+00         5
   1.222697E+01   1.222697E+01   9.023153E+00   7.224538E+00   7.224538E+00   5.406641E+00   5.273976E+00   3.630189E+00   2.899870E+00         5
   1.222700E+01   1.222700E+01   9.022851E+00   7.224593E+00   7.224593E+00   5.406665E+00   5.273893E+00   3.630151E+00   2.899903E+00         5
   1.222702E+01   1.222702E+01   9.022549E+00   7.224649E+00   7.224649E+00   5.406689E+00   5.273810E+00   3.630114E+00   2.899936E+00         5
   1.222704E+01   1.222704E+01   9.022247E+00   7.224687E+00   7.224687E+00   5.406706E+00   5.273734E+00   3.630084E+00   2.899958E+00         5
   1.222707E+01   1.222707E+01   9.021947E+00   7.224684E+00   7.224684E+00   5.406706E+00   5.273675E+00   3.630070E+00   2.899955E+00         5
   1.222709E+01   1.222709E+01   9.021647E+00   7.224682E+00   7.224682E+00   5.406706E+00   5.273616E+00   3.630057E+00   2.899953E+00         5
   1.222711E+01   1.222711E+01   9.021346E+00   7.224679E+00   7.224679E+00   5.406706E+00   5.273557E+00   3.630044E+00   2.899950E+00         5
   1.222714E+01   1.222714E+01   9.021046E+00   7.224676E+00   7.224676E+00   5.406706E+00   5.273498E+00   3.630030E+00   2.899947E+00         5
   1.222716E+01   1.222716E+01   9.020746E+00   7.224673E+00   7.224673E+00   5.406706E+00   5.273439E+00   3.630017E+00   2.899945E+00         5
   1.222718E+01   1.222718E+01   9.020445E+00   7.224670E+00   7.224670E+00   5.406706E+00   5.273380E+00   3.630003E+00   2.899942E+00         5
   1.222721E+01   1.222721E+01   9.020145E+00   7.224668E+00   7.224668E+00   5.406706E+00   5.273321E+00   3.629990E+00   2.899939E+00         5
   1.222723E+01   1.222723E+01   9.019845E+00   7.224665E+00   7.224665E+00   5.406706E+00   5.273262E+00   3.629976E+00   2.899937E+00         5
   1.222725E+01   1.222725E+01   9.019545E+00   7.224663E+00   7.224663E+00   5.406706E+00   5.273221E+00   3.629971E+00   2.899927E+00         5
   1.222728E+01   1.222728E+01   9.019246E+00   7.224662E+00   7.224662E+00   5.406706E+00   5.273187E+00   3.629969E+00   2.899914E+00         5
   1.222730E+01   1.222730E+01   9.018947E+00   7.224661E+00   7.224661E+00   5.406706E+00   5.273153E+00   3.629967E+00   2.899901E+00         5
   1.222733E+01   1.222733E+01   9.018648E+00   7.224660E+00   7.224660E+00   5.406706E+00   5.273118E+00   3.629965E+00   2.899888E+00         5
   1.222735E+01   1.222735E+01   9.018348E+00   7.224659E+00   7.224659E+00   5.406706E+00   5.273084E+00   3.629963E+00   2.899876E+00         5
   1.222737E+01   1.222737E+01   9.018049E+00   7.224657E+00   7.224657E+00   5.406706E+00   5.273050E+00   3.629960E+00   2.899863E+00         5
   1.222740E+01   1.222740E+01   9.017750E+00   7.224656E+00   7.224656E+00   5.406706E+00   5.273016E+00   3.629958E+00   2.899850E+00         5
   1.222742E+01   1.222742E+01   9.017451E+00   7.224655E+00   7.224655E+00   5.406706E+00   5.272981E+00   3.629956E+00   2.899838E+00         5
   1.222744E+01   1.222744E+01   9.017153E+00   7.224655E+00   7.224655E+00   5.406708E+00   5.272959E+00   3.629947E+00   2.899844E+00         5
   1.222747E+01   1.222747E+01   9.016855E+00   7.224655E+00   7.224655E+00   5.406709E+00   5.272943E+00   3.629935E+00   2.899860E+00         5
   1.222749E+01   1.222749E+01   9.016557E+00   7.224655E+00   7.224655E+00   5.406711E+00   5.272928E+00   3.629923E+00   2.899876E+00         5
   1.222751E+01   1.222751E+01   9.016259E+00   7.224655E+00   7.224655E+00   5.406713E+00   5.272912E+00   3.629911E+00   2.899892E+00         5
   1.222754E+01   1.222754E+01   9.015961E+00   7.224655E+00   7.224655E+00   5.406715E+00   5.272896E+00   3.629900E+00   2.899908E+00         5
   1.222756E+01   1.222756E+01   9.015663E+00   7.224655E+00   7.224655E+00   5.406717E+00   5.272880E+00   3.629888E+00   2.899924E+00         5
   1.222758E+01   1.222758E+01   9.015365E+00   7.224655E+00   7.224655E+00   5.406719E+00   5.272865E+00   3.629876E+00   2.899940E+00         5
   1.222761E+01   1.222761E+01   9.015055E+00   7.224655E+00   7.224655E+00   5.406721E+00   5.272848E+00   3.629863E+00   2.899957E+00         5
   1.222763E+01   1.222763E+01   9.014769E+00   7.224655E+00   7.224655E+00   5.406748E+00   5.272853E+00   3.629878E+00   2.899929E+00         5
   1.222766E+01   1.222766E+01   9.014469E+00   7.224655E+00   7.224655E+00   5.406777E+00   5.272857E+00   3.629894E+00   2.899900E+00         5
   1.222768E+01   1.222768E+01   9.014170E+00   7.224655E+00   7.224655E+00   5.406806E+00   5.272862E+00   3.629909E+00   2.899871E+00         5
   1.222770E+01   1.222770E+01   9.013871E+00   7.224655E+00   7.224655E+00   5.406834E+00   5.272867E+00   3.629925E+00   2.899842E+00         5
   1.222773E+01   1.222773E+01   9.013572E+00   7.224655E+00   7.224655E+00   5.406863E+00   5.272872E+00   3.629941E+00   2.899813E+00         5
   1.222775E+01   1.222775E+01   9.013273E+00   7.224655E+00   7.224655E+00   5.406892E+00   5.272876E+00   3.629956E+00   2.899784E+00         5
   1.222777E+01   1.222777E+01   9.012974E+00   7.224655E+00   7.224655E+00   5.406921E+00   5.272881E+00   3.629972E+00   2.899755E+00         5
   1.222780E+01   1.222780E+01   9.012675E+00   7.224655E+00   7.224655E+00   5.406946E+00   5.272899E+00   3.630001E+00   2.899706E+00         5
   1.222782E+01   1.222782E+01   9.012377E+00   7.224655E+00   7.224655E+00   5.406971E+00   5.272924E+00   3.630038E+00   2.899645E+00         5
   1.222784E+01   1.222784E+01   9.012079E+00   7.224655E+00   7.224655E+00   5.406995E+00   5.272949E+00   3.630074E+00   2.899585E+00         5
   1.222787E+01   1.222787E+01   9.011780E+00   7.224655E+00   7.224655E+00   5.407019E+00   5.272974E+00   3.630111E+00   2.899525E+00         5
   1.222789E+01   1.222789E+01   9.011482E+00   7.224655E+00   7.224655E+00   5.407043E+00   5.272999E+00   3.630147E+00   2.899464E+00         5
   1.222791E+01   1.222791E+01   9.011184E+00   7.224655E+00   7.224655E+00   5.407068E+00   5.273024E+00   3.630183E+00   2.899404E+00         5
   1.222794E+01   1.222794E+01   9.010886E+00   7.224655E+00   7.224655E+00   5.407092E+00   5.273049E+00   3.630220E+00   2.899344E+00         5
   1.222796E+01   1.222796E+01   9.010586E+00   7.224655E+00   7.224655E+00   5.407097E+00   5.273087E+00   3.630266E+00   2.899270E+00         5
   1.222798E+01   1.222798E+01   9.010287E+00   7.224655E+00   7.224655E+00   5.407097E+00   5.273128E+00   3.630315E+00   2.899193E+00         5
   1.222801E+01   1.222801E+01   9.009987E+00   7.224655E+00   7.224655E+00   5.407097E+00   5.273169E+00   3.630364E+00   2.899115E+00         5
   1.222803E+01   1.222803E+01   9.009688E+00   7.224655E+00   7.224655E+00   5.407097E+00   5.273210E+00   3.630413E+00   2.899038E+00         5
   1.222806E+01   1.222806E+01   9.009389E+00   7.224655E+00   7.224655E+00   5.407097E+00   5.273251E+00   3.630462E+00   2.898960E+00         5
   1.222808E+01   1.222808E+01   9.009089E+00   7.224655E+00   7.224655E+00   5.407097E+00   5.273292E+00   3.630511E+00   2.898883E+00         5
   1.222810E+01   1.222810E+01   9.008790E+00   7.224658E+00   7.224658E+00   5.407098E+00   5.273345E+00   3.630564E+00   2.898804E+00         5
   1.222813E+01   1.222813E+01   9.008493E+00   7.224670E+00   7.224670E+00   5.407101E+00   5.273430E+00   3.630625E+00   2.898723E+00         5
   1.222815E+01   1.222815E+01   9.008195E+00   7.224681E+00   7.224681E+00   5.407104E+00   5.273515E+00   3.630687E+00   2.898642E+00         5
   1.222817E+01   1.222817E+01   9.007898E+00   7.224693E+00   7.224693E+00   5.407107E+00   5.273600E+00   3.630749E+00   2.898561E+00         5
   1.222820E+01   1.222820E+01   9.007600E+00   7.224704E+00   7.224704E+00   5.407110E+00   5.273684E+00   3.630811E+00   2.898480E+00         5
   1.222822E+01   1.222822E+01   9.007303E+00   7.224716E+00   7.224716E+00   5.407113E+00   5.273769E+00   3.630872E+00   2.898399E+00         5
   1.222824E+01   1.222824E+01   9.007006E+00   7.224729E+00   7.224729E+00   5.407117E+00   5.273868E+00   3.630942E+00   2.898309E+00         5
   1.222827E+01   1.222827E+01   9.006709E+00   7.224746E+00   7.224746E+00   5.407123E+00   5.273998E+00   3.631029E+00   2.898200E+00         5
   1.222829E+01   1.222829E+01   9.006413E+00   7.224763E+00   7.224763E+00   5.407128E+00   5.274127E+00   3.631116E+00   2.898091E+00         5
   1.222831E+01   1.222831E+01   9.006117E+00   7.224779E+00   7.224779E+00   5.407134E+00   5.274257E+00   3.631203E+00   2.897981E+00         5
   1.222834E+01   1.222834E+01   9.005821E+00   7.224796E+00   7.224796E+00   5.407139E+00   5.274387E+00   3.631290E+00   2.897872E+00         5
   1.222836E+01   1.222836E+01   9.005524E+00   7.224813E+00   7.224813E+00   5.407145E+00   5.274517E+00   3.631378E+00   2.897762E+00         5
   1.222839E+01   1.222839E+01   9.005226E+00   7.224817E+00   7.224817E+00   5.407154E+00   5.274653E+00   3.631463E+00   2.897659E+00         5
   1.222841E+01   1.222841E+01   9.004928E+00   7.224817E+00   7.224817E+00   5.407165E+00   5.274791E+00   3.631548E+00   2.897559E+00         5
   1.222843E+01   1.222843E+01   9.004629E+00   7.224817E+00   7.224817E+00   5.407175E+00   5.274930E+00   3.631633E+00   2.897458E+00         5
   1.222846E+01   1.222846E+01   9.004331E+00   7.224817E+00   7.224817E+00   5.407186E+00   5.275068E+00   3.631718E+00   2.897358E+00         5
   1.222848E+01   1.222848E+01   9.004032E+00   7.224817E+00   7.224817E+00   5.407197E+00   5.275206E+00   3.631802E+00   2.897257E+00         5
   1.222850E+01   1.222850E+01   9.003733E+00   7.224817E+00   7.224817E+00   5.407228E+00   5.275328E+00   3.631856E+00   2.897211E+00         5
   1.222853E+01   1.222853E+01   9.003434E+00   7.224817E+00   7.224817E+00   5.407285E+00   5.275429E+00   3.631872E+00   2.897230E+00         5
   1.222855E+01   1.222855E+01   9.003135E+00   7.224817E+00   7.224817E+00   5.407342E+00   5.275531E+00   3.631888E+00   2.897249E+00         5
   1.222857E+01   1.222857E+01   9.002836E+00   7.224817E+00   7.224817E+00   5.407399E+00   5.275632E+00   3.631904E+00   2.897267E+00         5
   1.222860E+01   1.222860E+01   9.002537E+00   7.224817E+00   7.224817E+00   5.407455E+00   5.275733E+00   3.631920E+00   2.897286E+00         5
   1.222862E+01   1.222862E+01   9.002239E+00   7.224817E+00   7.224817E+00   5.407491E+00   5.275891E+00   3.631949E+00   2.897307E+00         5
   1.222864E+01   1.222864E+01   9.001940E+00   7.224817E+00   7.224817E+00   5.407506E+00   5.276104E+00   3.631991E+00   2.897330E+00         5
   1.222867E+01   1.222867E+01   9.001642E+00   7.224817E+00   7.224817E+00   5.407521E+00   5.276317E+00   3.632033E+00   2.897352E+00         5
   1.222869E+01   1.222869E+01   9.001344E+00   7.224817E+00   7.224817E+00   5.407536E+00   5.276530E+00   3.632074E+00   2.897375E+00         5
   1.222872E+01   1.222872E+01   9.001035E+00   7.224817E+00   7.224817E+00   5.407552E+00   5.276751E+00   3.632118E+00   2.897399E+00         5
   1.222874E+01   1.222874E+01   9.000746E+00   7.224817E+00   7.224817E+00   5.407549E+00   5.276981E+00   3.632169E+00   2.897412E+00         5
   1.222876E+01   1.222876E+01   9.000446E+00   7.224817E+00   7.224817E+00   5.407546E+00   5.277219E+00   3.632222E+00   2.897424E+00         5
   1.222879E+01   1.222879E+01   9.000146E+00   7.224817E+00   7.224817E+00   5.407543E+00   5.277458E+00   3.632275E+00   2.897437E+00         5
   1.222881E+01   1.222881E+01   8.999846E+00   7.224817E+00   7.224817E+00   5.407541E+00   5.277696E+00   3.632328E+00   2.897450E+00         5
   1.222883E+01   1.222883E+01   8.999546E+00   7.224817E+00   7.224817E+00   5.407537E+00   5.277916E+00   3.632389E+00   2.897439E+00         5
   1.222886E+01   1.222886E+01   8.999245E+00   7.224817E+00   7.224817E+00   5.407532E+00   5.278128E+00   3.632453E+00   2.897416E+00         5
   1.222888E+01   1.222888E+01   8.998945E+00   7.224817E+00   7.224817E+00   5.407527E+00   5.278340E+00   3.632518E+00   2.897393E+00         5
   1.222890E+01   1.222890E+01   8.998644E+00   7.224817E+00   7.224817E+00   5.407523E+00   5.278552E+00   3.632582E+00   2.897370E+00         5
   1.222893E+01   1.222893E+01   8.998343E+00   7.224817E+00   7.224817E+00   5.407559E+00   5.278736E+00   3.632575E+00   2.897476E+00         5
   1.222895E+01   1.222895E+01   8.998041E+00   7.224817E+00   7.224817E+00   5.407613E+00   5.278908E+00   3.632538E+00   2.897636E+00         5
   1.222897E+01   1.222897E+01   8.997739E+00   7.224817E+00   7.224817E+00   5.407666E+00   5.279080E+00   3.632502E+00   2.897796E+00         5
   1.222900E+01   1.222900E+01   8.997437E+00   7.224817E+00   7.224817E+00   5.407719E+00   5.279258E+00   3.632467E+00   2.897953E+00         5
   1.222902E+01   1.222902E+01   8.997135E+00   7.224818E+00   7.224818E+00   5.407763E+00   5.279510E+00   3.632468E+00   2.898079E+00         5
   1.222904E+01   1.222904E+01   8.996833E+00   7.224819E+00   7.224819E+00   5.407807E+00   5.279763E+00   3.632468E+00   2.898205E+00         5
   1.222907E+01   1.222907E+01   8.996530E+00   7.224820E+00   7.224820E+00   5.407851E+00   5.280015E+00   3.632468E+00   2.898330E+00         5
   1.222909E+01   1.222909E+01   8.996227E+00   7.224822E+00   7.224822E+00   5.407865E+00   5.280342E+00   3.632524E+00   2.898391E+00         5
   1.222912E+01   1.222912E+01   8.995923E+00   7.224824E+00   7.224824E+00   5.407864E+00   5.280708E+00   3.632609E+00   2.898417E+00         5
   1.222914E+01   1.222914E+01   8.995618E+00   7.224826E+00   7.224826E+00   5.407863E+00   5.281075E+00   3.632694E+00   2.898443E+00         5
   1.222916E+01   1.222916E+01   8.995314E+00   7.224827E+00   7.224827E+00   5.407862E+00   5.281384E+00   3.632767E+00   2.898478E+00         5
   1.222919E+01   1.222919E+01   8.995011E+00   7.224827E+00   7.224827E+00   5.407860E+00   5.281640E+00   3.632829E+00   2.898520E+00         5
   1.222921E+01   1.222921E+01   8.994707E+00   7.224827E+00   7.224827E+00   5.407859E+00   5.281897E+00   3.632891E+00   2.898563E+00         5
   1.222923E+01   1.222923E+01   8.994403E+00   7.224827E+00   7.224827E+00   5.407877E+00   5.282204E+00   3.632966E+00   2.898607E+00         5
   1.222926E+01   1.222926E+01   8.994100E+00   7.224827E+00   7.224827E+00   5.407906E+00   5.282539E+00   3.633048E+00   2.898653E+00         5
   1.222928E+01   1.222928E+01   8.993796E+00   7.224827E+00   7.224827E+00   5.407935E+00   5.282874E+00   3.633131E+00   2.898700E+00         5
   1.222930E+01   1.222930E+01   8.993490E+00   7.224827E+00   7.224827E+00   5.408027E+00   5.283399E+00   3.633264E+00   2.898748E+00         5
   1.222933E+01   1.222933E+01   8.993184E+00   7.224827E+00   7.224827E+00   5.408123E+00   5.283935E+00   3.633399E+00   2.898796E+00         5
   1.222935E+01   1.222935E+01   8.992879E+00   7.224827E+00   7.224827E+00   5.408183E+00   5.284352E+00   3.633501E+00   2.898847E+00         5
   1.222937E+01   1.222937E+01   8.992574E+00   7.224828E+00   7.224828E+00   5.408202E+00   5.284640E+00   3.633566E+00   2.898899E+00         5
   1.222940E+01   1.222940E+01   8.992269E+00   7.224828E+00   7.224828E+00   5.408218E+00   5.284921E+00   3.633633E+00   2.898944E+00         5
   1.222942E+01   1.222942E+01   8.991961E+00   7.224828E+00   7.224828E+00   5.408218E+00   5.285179E+00   3.633705E+00   2.898959E+00         5
   1.222945E+01   1.222945E+01   8.991654E+00   7.224829E+00   7.224829E+00   5.408220E+00   5.285455E+00   3.633786E+00   2.898968E+00         5
   1.222947E+01   1.222947E+01   8.991346E+00   7.224829E+00   7.224829E+00   5.408236E+00   5.285942E+00   3.633960E+00   2.898898E+00         5
   1.222949E+01   1.222949E+01   8.991039E+00   7.224829E+00   7.224829E+00   5.408251E+00   5.286430E+00   3.634143E+00   2.898808E+00         5
   1.222952E+01   1.222952E+01   8.990732E+00   7.224829E+00   7.224829E+00   5.408261E+00   5.286921E+00   3.634375E+00   2.898615E+00         5
   1.222954E+01   1.222954E+01   8.990425E+00   7.224829E+00   7.224829E+00   5.408276E+00   5.287390E+00   3.634612E+00   2.898401E+00         5
   1.222956E+01   1.222956E+01   8.990116E+00   7.224829E+00   7.224829E+00   5.408300E+00   5.287825E+00   3.634857E+00   2.898154E+00         5
   1.222959E+01   1.222959E+01   8.989809E+00   7.224829E+00   7.224829E+00   5.408426E+00   5.288137E+00   3.635065E+00   2.897941E+00         5
   1.222961E+01   1.222961E+01   8.989501E+00   7.224829E+00   7.224829E+00   5.408570E+00   5.288454E+00   3.635302E+00   2.897643E+00         5
   1.222963E+01   1.222963E+01   8.989194E+00   7.224829E+00   7.224829E+00   5.408645E+00   5.288939E+00   3.635688E+00   2.897006E+00         5
   1.222966E+01   1.222966E+01   8.988887E+00   7.224829E+00   7.224829E+00   5.408676E+00   5.289531E+00   3.636172E+00   2.896218E+00         5
   1.222968E+01   1.222968E+01   8.988580E+00   7.224829E+00   7.224829E+00   5.408683E+00   5.289997E+00   3.636768E+00   2.895141E+00         5
   1.222970E+01   1.222970E+01   8.988273E+00   7.224829E+00   7.224829E+00   5.408680E+00   5.290484E+00   3.637482E+00   2.893818E+00         5
   1.222973E+01   1.222973E+01   8.987967E+00   7.224829E+00   7.224829E+00   5.408683E+00   5.291313E+00   3.638281E+00   2.892467E+00         5
   1.222975E+01   1.222975E+01   8.987658E+00   7.224829E+00   7.224829E+00   5.408700E+00   5.292016E+00   3.639099E+00   2.891069E+00         5
   1.222978E+01   1.222978E+01   8.987348E+00   7.224829E+00   7.224829E+00   5.408741E+00   5.292112E+00   3.639832E+00   2.889651E+00         5
   1.222980E+01   1.222980E+01   8.987041E+00   7.224829E+00   7.224829E+00   5.408867E+00   5.292972E+00   3.640617E+00   2.888511E+00         5
   1.222982E+01   1.222982E+01   8.986734E+00   7.224829E+00   7.224829E+00   5.409059E+00   5.292656E+00   3.641212E+00   2.887164E+00         5
   1.222985E+01   1.222985E+01   8.986438E+00   7.224829E+00   7.224829E+00   5.409079E+00   5.289982E+00   3.640676E+00   2.886898E+00         5
   1.222987E+01   1.222987E+01   8.986176E+00   7.224829E+00   7.224829E+00   5.409127E+00   5.292542E+00   3.640931E+00   2.887668E+00         5
   1.222989E+01   1.222989E+01   8.985876E+00   7.224803E+00   7.224803E+00   5.409332E+00   5.292945E+00   3.641491E+00   2.886749E+00         5
   1.222992E+01   1.222992E+01   8.985564E+00   7.224788E+00   7.224788E+00   5.409451E+00   5.293251E+00   3.641601E+00   2.886682E+00         5
   1.222994E+01   1.222994E+01   8.985227E+00   7.224788E+00   7.224788E+00   5.409451E+00   5.293747E+00   3.641130E+00   2.887872E+00         5
   1.222996E+01   1.222996E+01   8.984907E+00   7.224788E+00   7.224788E+00   5.409685E+00   5.294760E+00   3.641728E+00   2.887183E+00         5
   1.222999E+01   1.222999E+01   8.984632E+00   7.224788E+00   7.224788E+00   5.409791E+00   5.289609E+00   3.639162E+00   2.889740E+00         5
   1.223001E+01   1.223001E+01   8.984335E+00   7.224788E+00   7.224788E+00   5.409807E+00   5.296223E+00   3.637673E+00   2.896024E+00         5
   1.223003E+01   1.223003E+01   8.984009E+00   7.224773E+00   7.224773E+00   5.409804E+00   5.295184E+00   3.638409E+00   2.894034E+00         5
   1.223006E+01   0.000000E+00   2.875066E+00   2.875066E+00   7.224248E+00   5.410223E+00  -1.000000E+01   3.720263E+00  -4.913986E+00        14
   2.223006E+01   1.000000E+01   2.875066E+00   2.875066E+00   7.224248E+00   5.410223E+00  -1.000000E+01   3.720263E+00  -4.913986E+00        14
   3.223006E+01   3.000000E+01   2.875066E+00   2.875066E+00   7.224248E+00   5.410223E+00  -1.000000E+01   3.720263E+00  -4.913986E+00        14
   4.223006E+01   6.000000E+01   2.875066E+00   2.875066E+00   7.224248E+00   5.410223E+00  -1.000000E+01   3.720263E+00  -4.913986E+00        14
   5.223006E+01   1.000000E+02   2.875066E+00   2.875066E+00   7.224248E+00   5.410223E+00  -1.000000E+01   3.720263E+00  -4.913986E+00        14
   6.223006E+01   1.500000E+02   2.875066E+00   2.875066E+00   7.224248E+00   5.410223E+00  -1.000000E+01   3.720263E+00  -4.913986E+00        14
   7.223006E+01   2.100000E+02   2.875066E+00   2.875066E+00   7.224248E+00   5.410223E+00  -1.000000E+01   3.720263E+00  -4.913986E+00        14
   8.223006E+01   2.800000E+02   2.875066E+00   2.875066E+00   7.224248E+00   5.410223E+00  -1.000000E+01   3.720263E+00  -4.913986E+00        14
   9.223006E+01   3.600000E+02   2.875066E+00   2.875066E+00   7.224248E+00   5.410223E+00  -1.000000E+01   3.720263E+00  -4.913986E+00        14
   1.022301E+02   4.500000E+02   2.875066E+00   2.875066E+00   7.224248E+00   5.410223E+00  -1.000000E+01   3.720263E+00  -4.913986E+00        14
   1.122301E+02   5.500000E+02   2.875066E+00   2.875066E+00   7.224248E+00   5.410223E+00  -1.000000E+01   3.720263E+00  -4.913986E+00        14
   1.222301E+02   6.600000E+02   2.875066E+00   2.875066E+00   7.224248E+00   5.410223E+00  -1.000000E+01   3.720263E+00  -4.913986E+00        14
   1.322301E+02   7.800000E+02   2.875066E+00   2.875066E+00   7.224248E+00   5.410223E+00  -1.000000E+01   3.720263E+00  -4.913986E+00        14
   1.422301E+02   9.100000E+02   2.875066E+00   2.875066E+00   7.224248E+00   5.410223E+00  -1.000000E+01   3.720263E+00  -4.913986E+00        14
   1.522301E+02   1.050000E+03   2.875066E+00   2.875066E+00   7.224248E+00   5.410223E+00  -1.000000E+01   3.720263E+00  -4.913986E+00        14
   1.622301E+02   1.200000E+03   2.875066E+00   2.875066E+00   7.224248E+00   5.410223E+00  -1.000000E+01   3.720263E+00  -4.913986E+00        14
   1.722301E+02   1.360000E+03   2.875066E+00   2.875066E+00   7.224248E+00   5.410223E+00  -1.000000E+01   3.720263E+00  -4.913986E+00        14
   1.822301E+02   1.530000E+03   2.875066E+00   2.875066E+00   7.224248E+00   5.410223E+00  -1.000000E+01   3.720263E+00  -4.913986E+00        14
   1.922301E+02   1.710000E+03   2.875066E+00   2.875066E+00   7.224248E+00   5.410223E+00  -1.000000E+01   3.720263E+00  -4.913986E+00        14
   2.022301E+02   1.900000E+03   2.875066E+00   2.875066E+00   7.224248E+00   5.410223E+00  -1.000000E+01   3.720263E+00  -4.913986E+00        14
   2.122301E+02   2.100000E+03   2.875066E+00   2.875066E+00   7.224248E+00   5.410223E+00  -1.000000E+01   3.720263E+00  -4.913986E+00        14
   2.222301E+02   2.310000E+03   2.875066E+00   2.875066E+00   7.224248E+00   5.410223E+00  -1.000000E+01   3.720263E+00  -4.913986E+00        14
   2.322301E+02   2.530000E+03   2.875066E+00   2.875066E+00   7.224248E+00   5.410223E+00  -1.000000E+01   3.720263E+00  -4.913986E+00        14
   2.422301E+02   2.760000E+03   2.875066E+00   2.875066E+00   7.224248E+00   5.410223E+00  -1.000000E+01   3.720263E+00  -4.913986E+00        14
   2.522301E+02   3.000000E+03   2.875066E+00   2.875066E+00   7.224248E+00   5.410223E+00  -1.000000E+01   3.720263E+00  -4.913986E+00        14
   2.622301E+02   3.250000E+03   2.875066E+00   2.875066E+00   7.224248E+00   5.410223E+00  -1.000000E+01   3.720263E+00  -4.913986E+00        14
   2.722301E+02   3.510000E+03   2.875066E+00   2.875066E+00   7.224248E+00   5.410223E+00  -1.000000E+01   3.720263E+00  -4.913986E+00        14
   2.822301E+02   3.780000E+03   2.875066E+00   2.875066E+00   7.224248E+00   5.410223E+00  -1.000000E+01   3.720263E+00  -4.913986E+00        14
   2.922301E+02   4.060000E+03   2.875066E+00   2.875066E+00   7.224248E+00   5.410223E+00  -1.000000E+01   3.720263E+00  -4.913986E+00        14
   3.022301E+02   4.350000E+03   2.875066E+00   2.875066E+00   7.224248E+00   5.410223E+00  -1.000000E+01   3.720263E+00  -4.913986E+00        14
   3.122301E+02   4.650000E+03   2.875066E+00   2.875066E+00   7.224248E+00   5.410223E+00  -1.000000E+01   3.720263E+00  -4.913986E+00        14
   3.222301E+02   4.960000E+03   2.875066E+00   2.875066E+00   7.224248E+00   5.410223E+00  -1.000000E+01   3.720263E+00  -4.913986E+00        14
   3.322301E+02   5.280000E+03   2.875066E+00   2.875066E+00   7.224248E+00   5.410223E+00  -1.000000E+01   3.720263E+00  -4.913986E+00        14
   3.422301E+02   5.610000E+03   2.875066E+00   2.875066E+00   7.224248E+00   5.410223E+00  -1.000000E+01   3.720263E+00  -4.913986E+00        14
   3.522301E+02   5.950000E+03   2.875066E+00   2.875066E+00   7.224248E+00   5.410223E+00  -1.000000E+01   3.720263E+00  -4.913986E+00        14
   3.622301E+02   6.300000E+03   2.875066E+00   2.875066E+00   7.224248E+00   5.410223E+00  -1.000000E+01   3.720263E+00  -4.913986E+00        14
   3.722301E+02   6.660000E+03   2.875066E+00   2.875066E+00   7.224248E+00   5.410223E+00  -1.000000E+01   3.720263E+00  -4.913986E+00        14
   3.822301E+02   7.030000E+03   2.875066E+00   2.875066E+00   7.224248E+00   5.410223E+00  -1.000000E+01   3.720263E+00  -4.913986E+00        14
   3.922301E+02   7.410000E+03   2.875066E+00   2.875066E+00   7.224248E+00   5.410223E+00  -1.000000E+01   3.720263E+00  -4.913986E+00        14
   4.022301E+02   7.800000E+03   2.875066E+00   2.875066E+00   7.224248E+00   5.410223E+00  -1.000000E+01   3.720263E+00  -4.913986E+00        14
   4.122301E+02   8.200000E+03   2.875066E+00   2.875066E+00   7.224248E+00   5.410223E+00  -1.000000E+01   3.720263E+00  -4.913986E+00        14
   4.222301E+02   8.610000E+03   2.875066E+00   2.875066E+00   7.224248E+00   5.410223E+00  -1.000000E+01   3.720263E+00  -4.913986E+00        14
   4.322301E+02   9.030000E+03   2.875066E+00   2.875066E+00   7.224248E+00   5.410223E+00  -1.000000E+01   3.720263E+00  -4.913986E+00        14
   4.422301E+02   9.460000E+03   2.875066E+00   2.875066E+00   7.224248E+00   5.410223E+00  -1.000000E+01   3.720263E+00  -4.913986E+00        14
   4.522301E+02   9.900000E+03   2.875066E+00   2.875066E+00   7.224248E+00   5.410223E+00  -1.000000E+01   3.720263E+00  -4.913986E+00        14
   4.622301E+02   1.035000E+04   2.875066E+00   2.875066E+00   7.224248E+00   5.410223E+00  -1.000000E+01   3.720263E+00  -4.913986E+00        14
   4.722301E+02   1.081000E+04   2.875066E+00   2.875066E+00   7.224248E+00   5.410223E+00  -1.000000E+01   3.720263E+00  -4.913986E+00        14
   4.822301E+02   1.128000E+04   2.875066E+00   2.875066E+00   7.224248E+00   5.410223E+00  -1.000000E+01   3.720263E+00  -4.913986E+00        14
   4.922301E+02   1.176000E+04   2.875066E+00   2.875066E+00   7.224248E+00   5.410223E+00  -1.000000E+01   3.720263E+00  -4.913986E+00        14
   5.022301E+02   1.225000E+04   2.875066E+00   2.875066E+00   7.224248E+00   5.410223E+00  -1.000000E+01   3.720263E+00  -4.913986E+00        14
   5.122301E+02   1.275000E+04   2.875066E+00   2.875066E+00   7.224248E+00   5.410223E+00  -1.000000E+01   3.720263E+00  -4.913986E+00        14
   5.222301E+02   1.326000E+04   2.875066E+00   2.875066E+00   7.224248E+00   5.410223E+00  -1.000000E+01   3.720263E+00  -4.913986E+00        14
   5.322301E+02   1.378000E+04   2.875066E+00   2.875066E+00   7.224248E+00   5.410223E+00  -1.000000E+01   3.720263E+00  -4.913986E+00        14
   5.422301E+02   1.431000E+04   2.875066E+00   2.875066E+00   7.224248E+00   5.410223E+00  -1.000000E+01   3.720263E+00  -4.913986E+00        14
   5.522301E+02   1.485000E+04   2.875066E+00   2.875066E+00   7.224248E+00   5.410223E+00  -1.000000E+01   3.720263E+00  -4.913986E+00        14
   5.622301E+02   1.540000E+04   2.875066E+00   2.875066E+00   7.224248E+00   5.410223E+00  -1.000000E+01   3.720263E+00  -4.913986E+00        14
   5.722301E+02   1.596000E+04   2.875066E+00   2.875066E+00   7.224248E+00   5.410223E+00  -1.000000E+01   3.720263E+00  -4.913986E+00        14
   5.822301E+02   1.653000E+04   2.875066E+00   2.875066E+00   7.224248E+00   5.410223E+00  -1.000000E+01   3.720263E+00  -4.913986E+00        14
   5.922301E+02   1.711000E+04   2.875066E+00   2.875066E+00   7.224248E+00   5.410223E+00  -1.000000E+01   3.720263E+00  -4.913986E+00        14
   6.022301E+02   1.770000E+04   2.875066E+00   2.875066E+00   7.224248E+00   5.410223E+00  -1.000000E+01   3.720263E+00  -4.913986E+00        14
   6.122301E+02   1.830000E+04   2.875066E+00   2.875066E+00   7.224248E+00   5.410223E+00  -1.000000E+01   3.720263E+00  -4.913986E+00        14
   6.222301E+02   1.891000E+04   2.875066E+00   2.875066E+00   7.224248E+00   5.410223E+00  -1.000000E+01   3.720263E+00  -4.913986E+00        14
   6.322301E+02   1.953000E+04   2.875066E+00   2.875066E+00   7.224248E+00   5.410223E+00  -1.000000E+01   3.720263E+00  -4.913986E+00        14
   6.422301E+02   2.016000E+04   2.875066E+00   2.875066E+00   7.224248E+00   5.410223E+00  -1.000000E+01   3.720263E+00  -4.913986E+00        14
   6.522301E+02   2.080000E+04   2.875066E+00   2.875066E+00   7.224248E+00   5.410223E+00  -1.000000E+01   3.720263E+00  -4.913986E+00        14
   6.622301E+02   2.145000E+04   2.875066E+00   2.875066E+00   7.224248E+00   5.410223E+00  -1.000000E+01   3.720263E+00  -4.913986E+00        14
   6.722301E+02   2.211000E+04   2.875066E+00   2.875066E+00   7.224248E+00   5.410223E+00  -1.000000E+01   3.720263E+00  -4.913986E+00        14
   6.822301E+02   2.278000E+04   2.875066E+00   2.875066E+00   7.224248E+00   5.410223E+00  -1.000000E+01   3.720263E+00  -4.913986E+00        14
   6.922301E+02   2.346000E+04   2.875066E+00   2.875066E+00   7.224248E+00   5.410223E+00  -1.000000E+01   3.720263E+00  -4.913986E+00        14
   7.022301E+02   2.415000E+04   2.875066E+00   2.875066E+00   7.224248E+00   5.410223E+00  -1.000000E+01   3.720263E+00  -4.913986E+00        14
   7.122301E+02   2.485000E+04   2.875066E+00   2.875066E+00   7.224248E+00   5.410223E+00  -1.000000E+01   3.720263E+00  -4.913986E+00        14
   7.222301E+02   2.556000E+04   2.875066E+00   2.875066E+00   7.224248E+00   5.410223E+00  -1.000000E+01   3.720263E+00  -4.913986E+00        14
   7.322301E+02   2.628000E+04   2.875066E+00   2.875066E+00   7.224248E+00   5.410223E+00  -1.000000E+01   3.720263E+00  -4.913986E+00        14
   7.422301E+02   2.701000E+04   2.875066E+00   2.875066E+00   7.224248E+00   5.410223E+00  -1.000000E+01   3.720263E+00  -4.913986E+00        14
   7.522301E+02   2.775000E+04   2.875066E+00   2.875066E+00   7.224248E+00   5.410223E+00  -1.000000E+01   3.720263E+00  -4.913986E+00        14
   7.622301E+02   2.850000E+04   2.875066E+00   2.875066E+00   7.224248E+00   5.410223E+00  -1.000000E+01   3.720263E+00  -4.913986E+00        14
   7.722301E+02   2.926000E+04   2.875066E+00   2.875066E+00   7.224248E+00   5.410223E+00  -1.000000E+01   3.720263E+00  -4.913986E+00        14
   7.822301E+02   3.003000E+04   2.875066E+00   2.875066E+00   7.224248E+00   5.410223E+00  -1.000000E+01   3.720263E+00  -4.913986E+00        14
   7.922301E+02   3.081000E+04   2.875066E+00   2.875066E+00   7.224248E+00   5.410223E+00  -1.000000E+01   3.720263E+00  -4.913986E+00        14
   8.022301E+02   3.160000E+04   2.875066E+00   2.875066E+00   7.224248E+00   5.410223E+00  -1.000000E+01   3.720263E+00  -4.913986E+00        14
   8.122301E+02   3.240000E+04   2.875066E+00   2.875066E+00   7.224248E+00   5.410223E+00  -1.000000E+01   3.720263E+00  -4.913986E+00        14
   8.222301E+02   3.321000E+04   2.875066E+00   2.875066E+00   7.224248E+00   5.410223E+00  -1.000000E+01   3.720263E+00  -4.913986E+00        14
   8.322301E+02   3.403000E+04   2.875066E+00   2.875066E+00   7.224248E+00   5.410223E+00  -1.000000E+01   3.720263E+00  -4.913986E+00        14
   8.422301E+02   3.486000E+04   2.875066E+00   2.875066E+00   7.224248E+00   5.410223E+00  -1.000000E+01   3.720263E+00  -4.913986E+00        14
   8.522301E+02   3.570000E+04   2.875066E+00   2.875066E+00   7.224248E+00   5.410223E+00  -1.000000E+01   3.720263E+00  -4.913986E+00        14
   8.622301E+02   3.655000E+04   2.875066E+00   2.875066E+00   7.224248E+00   5.410223E+00  -1.000000E+01   3.720263E+00  -4.913986E+00        14
   8.722301E+02   3.741000E+04   2.875066E+00   2.875066E+00   7.224248E+00   5.410223E+00  -1.000000E+01   3.720263E+00  -4.913986E+00        14
   8.822301E+02   3.828000E+04   2.875066E+00   2.875066E+00   7.224248E+00   5.410223E+00  -1.000000E+01   3.720263E+00  -4.913986E+00        14
   8.922301E+02   3.916000E+04   2.875066E+00   2.875066E+00   7.224248E+00   5.410223E+00  -1.000000E+01   3.720263E+00  -4.913986E+00        14
   9.022301E+02   4.005000E+04   2.875066E+00   2.875066E+00   7.224248E+00   5.410223E+00  -1.000000E+01   3.720263E+00  -4.913986E+00        14
   9.122301E+02   4.095000E+04   2.875066E+00   2.875066E+00   7.224248E+00   5.410223E+00  -1.000000E+01   3.720263E+00  -4.913986E+00        14
   9.222301E+02   4.186000E+04   2.875066E+00   2.875066E+00   7.224248E+00   5.410223E+00  -1.000000E+01   3.720263E+00  -4.913986E+00        14
   9.322301E+02   4.278000E+04   2.875066E+00   2.875066E+00   7.224248E+00   5.410223E+00  -1.000000E+01   3.720263E+00  -4.913986E+00        14
   9.422301E+02   4.371000E+04   2.875066E+00   2.875066E+00   7.224248E+00   5.410223E+00  -1.000000E+01   3.720263E+00  -4.913986E+00        14
   9.522301E+02   4.465000E+04   2.875066E+00   2.875066E+00   7.224248E+00   5.410223E+00  -1.000000E+01   3.720263E+00  -4.913986E+00        14
   9.622301E+02   4.560000E+04   2.875066E+00   2.875066E+00   7.224248E+00   5.410223E+00  -1.000000E+01   3.720263E+00  -4.913986E+00        14
   9.722301E+02   4.656000E+04   2.875066E+00   2.875066E+00   7.224248E+00   5.410223E+00  -1.000000E+01   3.720263E+00  -4.913986E+00        14
   9.822301E+02   4.753000E+04   2.875066E+00   2.875066E+00   7.224248E+00   5.410223E+00  -1.000000E+01   3.720263E+00  -4.913986E+00        14
   9.922301E+02   4.851000E+04   2.875066E+00   2.875066E+00   7.224248E+00   5.410223E+00  -1.000000E+01   3.720263E+00  -4.913986E+00        14
   1.002230E+03   4.950000E+04   2.875066E+00   2.875066E+00   7.224248E+00   5.410223E+00  -1.000000E+01   3.720263E+00  -4.913986E+00        14
   1.012230E+03   5.050000E+04   2.875066E+00   2.875066E+00   7.224248E+00   5.410223E+00  -1.000000E+01   3.720263E+00  -4.913986E+00        14
   1.022230E+03   5.151000E+04   2.875066E+00   2.875066E+00   7.224248E+00   5.410223E+00  -1.000000E+01   3.720263E+00  -4.913986E+00        14
   1.032230E+03   5.253000E+04   2.875066E+00   2.875066E+00   7.224248E+00   5.410223E+00  -1.000000E+01   3.720263E+00  -4.913986E+00        14
   1.042230E+03   5.356000E+04   2.875066E+00   2.875066E+00   7.224248E+00   5.410223E+00  -1.000000E+01   3.720263E+00  -4.913986E+00        14
   1.052230E+03   5.460000E+04   2.875066E+00   2.875066E+00   7.224248E+00   5.410223E+00  -1.000000E+01   3.720263E+00  -4.913986E+00        14
   1.062230E+03   5.565000E+04   2.875066E+00   2.875066E+00   7.224248E+00   5.410223E+00  -1.000000E+01   3.720263E+00  -4.913986E+00        14
   1.072230E+03   5.671000E+04   2.875066E+00   2.875066E+00   7.224248E+00   5.410223E+00  -1.000000E+01   3.720263E+00  -4.913986E+00        14
   1.082230E+03   5.778000E+04   2.875066E+00   2.875066E+00   7.224248E+00   5.410223E+00  -1.000000E+01   3.720263E+00  -4.913986E+00        14
   1.092230E+03   5.886000E+04   2.875066E+00   2.875066E+00   7.224248E+00   5.410223E+00  -1.000000E+01   3.720263E+00  -4.913986E+00        14
   1.102230E+03   5.995000E+04   2.875066E+00   2.875066E+00   7.224248E+00   5.410223E+00  -1.000000E+01   3.720263E+00  -4.913986E+00        14
   1.112230E+03   6.105000E+04   2.875066E+00   2.875066E+00   7.224248E+00   5.410223E+00  -1.000000E+01   3.720263E+00  -4.913986E+00        14
   1.122230E+03   6.216000E+04   2.875066E+00   2.875066E+00   7.224248E+00   5.410223E+00  -1.000000E+01   3.720263E+00  -4.913986E+00        14
   1.132230E+03   6.328000E+04   2.875066E+00   2.875066E+00   7.224248E+00   5.410223E+00  -1.000000E+01   3.720263E+00  -4.913986E+00        14
   1.142230E+03   6.441000E+04   2.875066E+00   2.875066E+00   7.224248E+00   5.410223E+00  -1.000000E+01   3.720263E+00  -4.913986E+00        14
   1.152230E+03   6.555000E+04   2.875066E+00   2.875066E+00   7.224248E+00   5.410223E+00  -1.000000E+01   3.720263E+00  -4.913986E+00        14
   1.162230E+03   6.670000E+04   2.875066E+00   2.875066E+00   7.224248E+00   5.410223E+00  -1.000000E+01   3.720263E+00  -4.913986E+00        14
   1.172230E+03   6.786000E+04   2.875066E+00   2.875066E+00   7.224248E+00   5.410223E+00  -1.000000E+01   3.720263E+00  -4.913986E+00        14
   1.182230E+03   6.903000E+04   2.875066E+00   2.875066E+00   7.224248E+00   5.410223E+00  -1.000000E+01   3.720263E+00  -4.913986E+00        14
   1.192230E+03   7.021000E+04   2.875066E+00   2.875066E+00   7.224248E+00   5.410223E+00  -1.000000E+01   3.720263E+00  -4.913986E+00        14
   1.202230E+03   7.140000E+04   2.875066E+00   2.875066E+00   7.224248E+00   5.410223E+00  -1.000000E+01   3.720263E+00  -4.913986E+00        14
   1.212230E+03   7.260000E+04   2.875066E+00   2.875066E+00   7.224248E+00   5.410223E+00  -1.000000E+01   3.720263E+00  -4.913986E+00        14
   1.222230E+03   7.381000E+04   2.875066E+00   2.875066E+00   7.224248E+00   5.410223E+00  -1.000000E+01   3.720263E+00  -4.913986E+00        14
   1.232230E+03   7.503000E+04   2.875066E+00   2.875066E+00   7.224248E+00   5.410223E+00  -1.000000E+01   3.720263E+00  -4.913986E+00        14
   1.242230E+03   7.626000E+04   2.875066E+00   2.875066E+00   7.224248E+00   5.410223E+00  -1.000000E+01   3.720263E+00  -4.913986E+00        14
   1.252230E+03   7.750000E+04   2.875066E+00   2.875066E+00   7.224248E+00   5.410223E+00  -1.000000E+01   3.720263E+00  -4.913986E+00        14
   1.262230E+03   7.875000E+04   2.875066E+00   2.875066E+00   7.224248E+00   5.410223E+00  -1.000000E+01   3.720263E+00  -4.913986E+00        14
   1.272230E+03   8.001000E+04   2.875066E+00   2.875066E+00   7.224248E+00   5.410223E+00  -1.000000E+01   3.720263E+00  -4.913986E+00        14
   1.282230E+03   8.128000E+04   2.875066E+00   2.875066E+00   7.224248E+00   5.410223E+00  -1.000000E+01   3.720263E+00  -4.913986E+00        14
   1.292230E+03   8.256000E+04   2.875066E+00   2.875066E+00   7.224248E+00   5.410223E+00  -1.000000E+01   3.720263E+00  -4.913986E+00        14
   1.302230E+03   8.385000E+04   2.875066E+00   2.875066E+00   7.224248E+00   5.410223E+00  -1.000000E+01   3.720263E+00  -4.913986E+00        14
   1.312230E+03   8.515000E+04   2.875066E+00   2.875066E+00   7.224248E+00   5.410223E+00  -1.000000E+01   3.720263E+00  -4.913986E+00        14
   1.322230E+03   8.646000E+04   2.875066E+00   2.875066E+00   7.224248E+00   5.410223E+00  -1.000000E+01   3.720263E+00  -4.913986E+00        14
   1.332230E+03   8.778000E+04   2.875066E+00   2.875066E+00   7.224248E+00   5.410223E+00  -1.000000E+01   3.720263E+00  -4.913986E+00        14
   1.342230E+03   8.911000E+04   2.875066E+00   2.875066E+00   7.224248E+00   5.410223E+00  -1.000000E+01   3.720263E+00  -4.913986E+00        14
   1.352230E+03   9.045000E+04   2.875066E+00   2.875066E+00   7.224248E+00   5.410223E+00  -1.000000E+01   3.720263E+00  -4.913986E+00        14
   1.362230E+03   9.180000E+04   2.875066E+00   2.875066E+00   7.224248E+00   5.410223E+00  -1.000000E+01   3.720263E+00  -4.913986E+00        14
   1.372230E+03   9.316000E+04   2.875066E+00   2.875066E+00   7.224248E+00   5.410223E+00  -1.000000E+01   3.720263E+00  -4.913986E+00        14
   1.382230E+03   9.453000E+04   2.875066E+00   2.875066E+00   7.224248E+00   5.410223E+00  -1.000000E+01   3.720263E+00  -4.913986E+00        14
   1.392230E+03   9.591000E+04   2.875066E+00   2.875066E+00   7.224248E+00   5.410223E+00  -1.000000E+01   3.720263E+00  -4.913986E+00        14
   1.402230E+03   9.730000E+04   2.875066E+00   2.875066E+00   7.224248E+00   5.410223E+00  -1.000000E+01   3.720263E+00  -4.913986E+00        14
   1.412230E+03   9.870000E+04   2.875066E+00   2.875066E+00   7.224248E+00   5.410223E+00  -1.000000E+01   3.720263E+00  -4.913986E+00        14
   1.422230E+03   1.001100E+05   2.875066E+00   2.875066E+00   7.224248E+00   5.410223E+00  -1.000000E+01   3.720263E+00  -4.913986E+00        14
   1.432230E+03   1.015300E+05   2.875066E+00   2.875066E+00   7.224248E+00   5.410223E+00  -1.000000E+01   3.720263E+00  -4.913986E+00        14
   1.442230E+03   1.029600E+05   2.875066E+00   2.875066E+00   7.224248E+00   5.410223E+00  -1.000000E+01   3.720263E+00  -4.913986E+00        14
   1.452230E+03   1.044000E+05   2.875066E+00   2.875066E+00   7.224248E+00   5.410223E+00  -1.000000E+01   3.720263E+00  -4.913986E+00        14
   1.462230E+03   1.058500E+05   2.875066E+00   2.875066E+00   7.224248E+00   5.410223E+00  -1.000000E+01   3.720263E+00  -4.913986E+00        14
   1.472230E+03   1.073100E+05   2.875066E+00   2.875066E+00   7.224248E+00   5.410223E+00  -1.000000E+01   3.720263E+00  -4.913986E+00        14
   1.482230E+03   1.087800E+05   2.875066E+00   2.875066E+00   7.224248E+00   5.410223E+00  -1.000000E+01   3.720263E+00  -4.913986E+00        14
   1.492230E+03   1.102600E+05   2.875066E+00   2.875066E+00   7.224248E+00   5.410223E+00  -1.000000E+01   3.720263E+00  -4.913986E+00        14
   1.502230E+03   1.117500E+05   2.875066E+00   2.875066E+00   7.224248E+00   5.410223E+00  -1.000000E+01   3.720263E+00  -4.913986E+00        14
   1.512230E+03   1.132500E+05   2.875066E+00   2.875066E+00   7.224248E+00   5.410223E+00  -1.000000E+01   3.720263E+00  -4.913986E+00        14
   1.522230E+03   1.147600E+05   2.875066E+00   2.875066E+00   7.224248E+00   5.410223E+00  -1.000000E+01   3.720263E+00  -4.913986E+00        14
   1.532230E+03   1.162800E+05   2.875066E+00   2.875066E+00   7.224248E+00   5.410223E+00  -1.000000E+01   3.720263E+00  -4.913986E+00        14
   1.542230E+03   1.178100E+05   2.875066E+00   2.875066E+00   7.224248E+00   5.410223E+00  -1.000000E+01   3.720263E+00  -4.913986E+00        14
   1.552230E+03   1.193500E+05   2.875066E+00   2.875066E+00   7.224248E+00   5.410223E+00  -1.000000E+01   3.720263E+00  -4.913986E+00        14
   1.562230E+03   1.209000E+05   2.875066E+00   2.875066E+00   7.224248E+00   5.410223E+00  -1.000000E+01   3.720263E+00  -4.913986E+00        14
   1.572230E+03   1.224600E+05   2.875066E+00   2.875066E+00   7.224248E+00   5.410223E+00  -1.000000E+01   3.720263E+00  -4.913986E+00        14
   1.582230E+03   1.240300E+05   2.875066E+00   2.875066E+00   7.224248E+00   5.410223E+00  -1.000000E+01   3.720263E+00  -4.913986E+00        14
   1.592230E+03   1.256100E+05   2.875066E+00   2.875066E+00   7.224248E+00   5.410223E+00  -1.000000E+01   3.720263E+00  -4.913986E+00        14
   1.602230E+03   1.272000E+05   2.875066E+00   2.875066E+00   7.224248E+00   5.410223E+00  -1.000000E+01   3.720263E+00  -4.913986E+00        14
   1.612230E+03   1.288000E+05   2.875066E+00   2.875066E+00   7.224248E+00   5.410223E+00  -1.000000E+01   3.720263E+00  -4.913986E+00        14
   1.622230E+03   1.304100E+05   2.875066E+00   2.875066E+00   7.224248E+00   5.410223E+00  -1.000000E+01   3.720263E+00  -4.913986E+00        14
   1.632230E+03   1.320300E+05   2.875066E+00   2.875066E+00   7.224248E+00   5.410223E+00  -1.000000E+01   3.720263E+00  -4.913986E+00        14
   1.642230E+03   1.336600E+05   2.875066E+00   2.875066E+00   7.224248E+00   5.410223E+00  -1.000000E+01   3.720263E+00  -4.913986E+00        14
   1.652230E+03   1.353000E+05   2.875066E+00   2.875066E+00   7.224248E+00   5.410223E+00  -1.000000E+01   3.720263E+00  -4.913986E+00        14
   1.662230E+03   1.369500E+05   2.875066E+00   2.875066E+00   7.224248E+00   5.410223E+00  -1.000000E+01   3.720263E+00  -4.913986E+00        14
   1.672230E+03   1.386100E+05   2.875066E+00   2.875066E+00   7.224248E+00   5.410223E+00  -1.000000E+01   3.720263E+00  -4.913986E+00        14
   1.682230E+03   1.402800E+05   2.875066E+00   2.875066E+00   7.224248E+00   5.410223E+00  -1.000000E+01   3.720263E+00  -4.913986E+00        14
   1.692230E+03   1.419600E+05   2.875066E+00   2.875066E+00   7.224248E+00   5.410223E+00  -1.000000E+01   3.720263E+00  -4.913986E+00        14
   1.702230E+03   1.436500E+05   2.875066E+00   2.875066E+00   7.224248E+00   5.410223E+00  -1.000000E+01   3.720263E+00  -4.913986E+00        14
   1.712230E+03   1.453500E+05   2.875066E+00   2.875066E+00   7.224248E+00   5.410223E+00  -1.000000E+01   3.720263E+00  -4.913986E+00        14
   1.722230E+03   1.470600E+05   2.875066E+00   2.875066E+00   7.224248E+00   5.410223E+00  -1.000000E+01   3.720263E+00  -4.913986E+00        14
   1.732230E+03   1.487800E+05   2.875066E+00   2.875066E+00   7.224248E+00   5.410223E+00  -1.000000E+01   3.720263E+00  -4.913986E+00        14
   1.742230E+03   1.505100E+05   2.875066E+00   2.875066E+00   7.224248E+00   5.410223E+00  -1.000000E+01   3.720263E+00  -4.913986E+00        14
   1.752230E+03   1.522500E+05   2.875066E+00   2.875066E+00   7.224248E+00   5.410223E+00  -1.000000E+01   3.720263E+00  -4.913986E+00        14
   1.762230E+03   1.540000E+05   2.875066E+00   2.875066E+00   7.224248E+00   5.410223E+00  -1.000000E+01   3.720263E+00  -4.913986E+00        14
   1.772230E+03   1.557600E+05   2.875066E+00   2.875066E+00   7.224248E+00   5.410223E+00  -1.000000E+01   3.720263E+00  -4.913986E+00        14
   1.782230E+03   1.575300E+05   2.875066E+00   2.875066E+00   7.224248E+00   5.410223E+00  -1.000000E+01   3.720263E+00  -4.913986E+00        14
   1.792230E+03   1.593100E+05   2.875066E+00   2.875066E+00   7.224248E+00   5.410223E+00  -1.000000E+01   3.720263E+00  -4.913986E+00        14
   1.802230E+03   1.611000E+05   2.875066E+00   2.875066E+00   7.224248E+00   5.410223E+00  -1.000000E+01   3.720263E+00  -4.913986E+00        14
   1.812230E+03   1.629000E+05   2.875066E+00   2.875066E+00   7.224248E+00   5.410223E+00  -1.000000E+01   3.720263E+00  -4.913986E+00        14
   1.822230E+03   1.647100E+05   2.875066E+00   2.875066E+00   7.224248E+00   5.410223E+00  -1.000000E+01   3.720263E+00  -4.913986E+00        14
   1.832230E+03   1.665300E+05   2.875066E+00   2.875066E+00   7.224248E+00   5.410223E+00  -1.000000E+01   3.720263E+00  -4.913986E+00        14
   1.842230E+03   1.683600E+05   2.875066E+00   2.875066E+00   7.224248E+00   5.410223E+00  -1.000000E+01   3.720263E+00  -4.913986E+00        14
   1.852230E+03   1.702000E+05   2.875066E+00   2.875066E+00   7.224248E+00   5.410223E+00  -1.000000E+01   3.720263E+00  -4.913986E+00        14
   1.862230E+03   1.720500E+05   2.875066E+00   2.875066E+00   7.224248E+00   5.410223E+00  -1.000000E+01   3.720263E+00  -4.913986E+00        14
   1.872230E+03   1.739100E+05   2.875066E+00   2.875066E+00   7.224248E+00   5.410223E+00  -1.000000E+01   3.720263E+00  -4.913986E+00        14
   1.882230E+03   1.757800E+05   2.875066E+00   2.875066E+00   7.224248E+00   5.410223E+00  -1.000000E+01   3.720263E+00  -4.913986E+00        14
   1.892230E+03   1.776600E+05   2.875066E+00   2.875066E+00   7.224248E+00   5.410223E+00  -1.000000E+01   3.720263E+00  -4.913986E+00        14
   1.902230E+03   1.795500E+05   2.875066E+00   2.875066E+00   7.224248E+00   5.410223E+00  -1.000000E+01   3.720263E+00  -4.913986E+00        14
   1.912230E+03   1.814500E+05   2.875066E+00   2.875066E+00   7.224248E+00   5.410223E+00  -1.000000E+01   3.720263E+00  -4.913986E+00        14
   1.922230E+03   1.833600E+05   2.875066E+00   2.875066E+00   7.224248E+00   5.410223E+00  -1.000000E+01   3.720263E+00  -4.913986E+00        14
   1.932230E+03   1.852800E+05   2.875066E+00   2.875066E+00   7.224248E+00   5.410223E+00  -1.000000E+01   3.720263E+00  -4.913986E+00        14
   1.942230E+03   1.872100E+05   2.875066E+00   2.875066E+00   7.224248E+00   5.410223E+00  -1.000000E+01   3.720263E+00  -4.913986E+00        14
   1.952230E+03   1.891500E+05   2.875066E+00   2.875066E+00   7.224248E+00   5.410223E+00  -1.000000E+01   3.720263E+00  -4.913986E+00        14
   1.962230E+03   1.911000E+05   2.875066E+00   2.875066E+00   7.224248E+00   5.410223E+00  -1.000000E+01   3.720263E+00  -4.913986E+00        14
   1.972230E+03   1.930600E+05   2.875066E+00   2.875066E+00   7.224248E+00   5.410223E+00  -1.000000E+01   3.720263E+00  -4.913986E+00        14
   1.982230E+03   1.950300E+05   2.875066E+00   2.875066E+00   7.224248E+00   5.410223E+00  -1.000000E+01   3.720263E+00  -4.913986E+00        14
   1.992230E+03   1.970100E+05   2.875066E+00   2.875066E+00   7.224248E+00   5.410223E+00  -1.000000E+01   3.720263E+00  -4.913986E+00        14
   2.002230E+03   1.990000E+05   2.875066E+00   2.875066E+00   7.224248E+00   5.410223E+00  -1.000000E+01   3.720263E+00  -4.913986E+00        14
   2.012230E+03   2.010000E+05   2.875066E+00   2.875066E+00   7.224248E+00   5.410223E+00  -1.000000E+01   3.720263E+00  -4.913986E+00        14
   2.022230E+03   2.030100E+05   2.875066E+00   2.875066E+00   7.224248E+00   5.410223E+00  -1.000000E+01   3.720263E+00  -4.913986E+00        14
   2.032230E+03   2.050300E+05   2.875066E+00   2.875066E+00   7.224248E+00   5.410223E+00  -1.000000E+01   3.720263E+00  -4.913986E+00        14
   2.042230E+03   2.070600E+05   2.875066E+00   2.875066E+00   7.224248E+00   5.410223E+00  -1.000000E+01   3.720263E+00  -4.913986E+00        14
   2.052230E+03   2.091000E+05   2.875066E+00   2.875066E+00   7.224248E+00   5.410223E+00  -1.000000E+01   3.720263E+00  -4.913986E+00        14
   2.062230E+03   2.111500E+05   2.875066E+00   2.875066E+00   7.224248E+00   5.410223E+00  -1.000000E+01   3.720263E+00  -4.913986E+00        14
   2.072230E+03   2.132100E+05   2.875066E+00   2.875066E+00   7.224248E+00   5.410223E+00  -1.000000E+01   3.720263E+00  -4.913986E+00        14
   2.082230E+03   2.152800E+05   2.875066E+00   2.875066E+00   7.224248E+00   5.410223E+00  -1.000000E+01   3.720263E+00  -4.913986E+00        14
   2.092230E+03   2.173600E+05   2.875066E+00   2.875066E+00   7.224248E+00   5.410223E+00  -1.000000E+01   3.720263E+00  -4.913986E+00        14
   2.102230E+03   2.194500E+05   2.875066E+00   2.875066E+00   7.224248E+00   5.410223E+00  -1.000000E+01   3.720263E+00  -4.913986E+00        14
   2.112230E+03   2.215500E+05   2.875066E+00   2.875066E+00   7.224248E+00   5.410223E+00  -1.000000E+01   3.720263E+00  -4.913986E+00        14
   2.122230E+03   2.236600E+05   2.875066E+00   2.875066E+00   7.224248E+00   5.410223E+00  -1.000000E+01   3.720263E+00  -4.913986E+00        14
   2.132230E+03   2.257800E+05   2.875066E+00   2.875066E+00   7.224248E+00   5.410223E+00  -1.000000E+01   3.720263E+00  -4.913986E+00        14
   2.142230E+03   2.279100E+05   2.875066E+00   2.875066E+00   7.224248E+00   5.410223E+00  -1.000000E+01   3.720263E+00  -4.913986E+00        14
   2.152230E+03   2.300500E+05   2.875066E+00   2.875066E+00   7.224248E+00   5.410223E+00  -1.000000E+01   3.720263E+00  -4.913986E+00        14
   2.162230E+03   2.322000E+05   2.875066E+00   2.875066E+00   7.224248E+00   5.410223E+00  -1.000000E+01   3.720263E+00  -4.913986E+00        14
   2.172230E+03   2.343600E+05   2.875066E+00   2.875066E+00   7.224248E+00   5.410223E+00  -1.000000E+01   3.720263E+00  -4.913986E+00        14
   2.182230E+03   2.365300E+05   2.875066E+00   2.875066E+00   7.224248E+00   5.410223E+00  -1.000000E+01   3.720263E+00  -4.913986E+00        14
   2.192230E+03   2.387100E+05   2.875066E+00   2.875066E+00   7.224248E+00   5.410223E+00  -1.000000E+01   3.720263E+00  -4.913986E+00        14
   2.202230E+03   2.409000E+05   2.875066E+00   2.875066E+00   7.224248E+00   5.410223E+00  -1.000000E+01   3.720263E+00  -4.913986E+00        14
   2.212230E+03   2.431000E+05   2.875066E+00   2.875066E+00   7.224248E+00   5.410223E+00  -1.000000E+01   3.720263E+00  -4.913986E+00        14
   2.222230E+03   2.453100E+05   2.875066E+00   2.875066E+00   7.224248E+00   5.410223E+00  -1.000000E+01   3.720263E+00  -4.913986E+00        14
   2.232230E+03   2.475300E+05   2.875066E+00   2.875066E+00   7.224248E+00   5.410223E+00  -1.000000E+01   3.720263E+00  -4.913986E+00        14
   2.242230E+03   2.497600E+05   2.875066E+00   2.875066E+00   7.224248E+00   5.410223E+00  -1.000000E+01   3.720263E+00  -4.913986E+00        14
   2.252230E+03   2.520000E+05   2.875066E+00   2.875066E+00   7.224248E+00   5.410223E+00  -1.000000E+01   3.720263E+00  -4.913986E+00        14
   2.262230E+03   2.542500E+05   2.875066E+00   2.875066E+00   7.224248E+00   5.410223E+00  -1.000000E+01   3.720263E+00  -4.913986E+00        14
   2.272230E+03   2.565100E+05   2.875066E+00   2.875066E+00   7.224248E+00   5.410223E+00  -1.000000E+01   3.720263E+00  -4.913986E+00        14
   2.282230E+03   2.587800E+05   2.875066E+00   2.875066E+00   7.224248E+00   5.410223E+00  -1.000000E+01   3.720263E+00  -4.913986E+00        14
   2.292230E+03   2.610600E+05   2.875066E+00   2.875066E+00   7.224248E+00   5.410223E+00  -1.000000E+01   3.720263E+00  -4.913986E+00        14
   2.302230E+03   2.633500E+05   2.875066E+00   2.875066E+00   7.224248E+00   5.410223E+00  -1.000000E+01   3.720263E+00  -4.913986E+00        14
   2.312230E+03   2.656500E+05   2.875066E+00   2.875066E+00   7.224248E+00   5.410223E+00  -1.000000E+01   3.720263E+00  -4.913986E+00        14
   2.322230E+03   2.679600E+05   2.875066E+00   2.875066E+00   7.224248E+00   5.410223E+00  -1.000000E+01   3.720263E+00  -4.913986E+00        14
   2.332230E+03   2.702800E+05   2.875066E+00   2.875066E+00   7.224248E+00   5.410223E+00  -1.000000E+01   3.720263E+00  -4.913986E+00        14
   2.342230E+03   2.726100E+05   2.875066E+00   2.875066E+00   7.224248E+00   5.410223E+00  -1.000000E+01   3.720263E+00  -4.913986E+00        14
   2.352230E+03   2.749500E+05   2.875066E+00   2.875066E+00   7.224248E+00   5.410223E+00  -1.000000E+01   3.720263E+00  -4.913986E+00        14
   2.362230E+03   2.773000E+05   2.875066E+00   2.875066E+00   7.224248E+00   5.410223E+00  -1.000000E+01   3.720263E+00  -4.913986E+00        14
   2.372230E+03   2.796600E+05   2.875066E+00   2.875066E+00   7.224248E+00   5.410223E+00  -1.000000E+01   3.720263E+00  -4.913986E+00        14
   2.382230E+03   2.820300E+05   2.875066E+00   2.875066E+00   7.224248E+00   5.410223E+00  -1.000000E+01   3.720263E+00  -4.913986E+00        14
   2.392230E+03   2.844100E+05   2.875066E+00   2.875066E+00   7.224248E+00   5.410223E+00  -1.000000E+01   3.720263E+00  -4.913986E+00        14
   2.402230E+03   2.868000E+05   2.875066E+00   2.875066E+00   7.224248E+00   5.410223E+00  -1.000000E+01   3.720263E+00  -4.913986E+00        14
   2.412230E+03   2.892000E+05   2.875066E+00   2.875066E+00   7.224248E+00   5.410223E+00  -1.000000E+01   3.720263E+00  -4.913986E+00        14
   2.422230E+03   2.916100E+05   2.875066E+00   2.875066E+00   7.224248E+00   5.410223E+00  -1.000000E+01   3.720263E+00  -4.913986E+00        14
   2.432230E+03   2.940300E+05   2.875066E+00   2.875066E+00   7.224248E+00   5.410223E+00  -1.000000E+01   3.720263E+00  -4.913986E+00        14
   2.442230E+03   2.964600E+05   2.875066E+00   2.875066E+00   7.224248E+00   5.410223E+00  -1.000000E+01   3.720263E+00  -4.913986E+00        14
   2.452230E+03   2.989000E+05   2.875066E+00   2.875066E+00   7.224248E+00   5.410223E+00  -1.000000E+01   3.720263E+00  -4.913986E+00        14
   2.462230E+03   3.013500E+05   2.875066E+00   2.875066E+00   7.224248E+00   5.410223E+00  -1.000000E+01   3.720263E+00  -4.913986E+00        14
   2.472230E+03   3.038100E+05   2.875066E+00   2.875066E+00   7.224248E+00   5.410223E+00  -1.000000E+01   3.720263E+00  -4.913986E+00        14
   2.482230E+03   3.062800E+05   2.875066E+00   2.875066E+00   7.224248E+00   5.410223E+00  -1.000000E+01   3.720263E+00  -4.913986E+00        14
   2.492230E+03   3.087600E+05   2.875066E+00   2.875066E+00   7.224248E+00   5.410223E+00  -1.000000E+01   3.720263E+00  -4.913986E+00        14
   2.502230E+03   3.112500E+05   2.875066E+00   2.875066E+00   7.224248E+00   5.410223E+00  -1.000000E+01   3.720263E+00  -4.913986E+00        14
   2.512230E+03   3.137500E+05   2.875066E+00   2.875066E+00   7.224248E+00   5.410223E+00  -1.000000E+01   3.720263E+00  -4.913986E+00        14
   2.522230E+03   3.162600E+05   2.875066E+00   2.875066E+00   7.224248E+00   5.410223E+00  -1.000000E+01   3.720263E+00  -4.913986E+00        14
   2.532230E+03   3.187800E+05   2.875066E+00   2.875066E+00   7.224248E+00   5.410223E+00  -1.000000E+01   3.720263E+00  -4.913986E+00        14
   2.542230E+03   3.213100E+05   2.875066E+00   2.875066E+00   7.224248E+00   5.410223E+00  -1.000000E+01   3.720263E+00  -4.913986E+00        14
   2.552230E+03   3.238500E+05   2.875066E+00   2.875066E+00   7.224248E+00   5.410223E+00  -1.000000E+01   3.720263E+00  -4.913986E+00        14
   2.562230E+03   3.264000E+05   2.875066E+00   2.875066E+00   7.224248E+00   5.410223E+00  -1.000000E+01   3.720263E+00  -4.913986E+00        14
   2.572230E+03   3.289600E+05   2.875066E+00   2.875066E+00   7.224248E+00   5.410223E+00  -1.000000E+01   3.720263E+00  -4.913986E+00        14
   2.582230E+03   3.315300E+05   2.875066E+00   2.875066E+00   7.224248E+00   5.410223E+00  -1.000000E+01   3.720263E+00  -4.913986E+00        14
   2.592230E+03   3.341100E+05   2.875066E+00   2.875066E+00   7.224248E+00   5.410223E+00  -1.000000E+01   3.720263E+00  -4.913986E+00        14
   2.602230E+03   3.367000E+05   2.875066E+00   2.875066E+00   7.224248E+00   5.410223E+00  -1.000000E+01   3.720263E+00  -4.913986E+00        14
   2.612230E+03   3.393000E+05   2.875066E+00   2.875066E+00   7.224248E+00   5.410223E+00  -1.000000E+01   3.720263E+00  -4.913986E+00        14
   2.622230E+03   3.419100E+05   2.875066E+00   2.875066E+00   7.224248E+00   5.410223E+00  -1.000000E+01   3.720263E+00  -4.913986E+00        14
   2.632230E+03   3.445300E+05   2.875066E+00   2.875066E+00   7.224248E+00   5.410223E+00  -1.000000E+01   3.720263E+00  -4.913986E+00        14
   2.642230E+03   3.471600E+05   2.875066E+00   2.875066E+00   7.224248E+00   5.410223E+00  -1.000000E+01   3.720263E+00  -4.913986E+00        14
   2.652230E+03   3.498000E+05   2.875066E+00   2.875066E+00   7.224248E+00   5.410223E+00  -1.000000E+01   3.720263E+00  -4.913986E+00        14
   2.662230E+03   3.524500E+05   2.875066E+00   2.875066E+00   7.224248E+00   5.410223E+00  -1.000000E+01   3.720263E+00  -4.913986E+00        14
   2.672230E+03   3.551100E+05   2.875066E+00   2.875066E+00   7.224248E+00   5.410223E+00  -1.000000E+01   3.720263E+00  -4.913986E+00        14
   2.682230E+03   3.577800E+05   2.875066E+00   2.875066E+00   7.224248E+00   5.410223E+00  -1.000000E+01   3.720263E+00  -4.913986E+00        14
   2.692230E+03   3.604600E+05   2.875066E+00   2.875066E+00   7.224248E+00   5.410223E+00  -1.000000E+01   3.720263E+00  -4.913986E+00        14
   2.702230E+03   3.631500E+05   2.875066E+00   2.875066E+00   7.224248E+00   5.410223E+00  -1.000000E+01   3.720263E+00  -4.913986E+00        14
   2.712230E+03   3.658500E+05   2.875066E+00   2.875066E+00   7.224248E+00   5.410223E+00  -1.000000E+01   3.720263E+00  -4.913986E+00        14
   2.722230E+03   3.685600E+05   2.875066E+00   2.875066E+00   7.224248E+00   5.410223E+00  -1.000000E+01   3.720263E+00  -4.913986E+00        14
   2.732230E+03   3.712800E+05   2.875066E+00   2.875066E+00   7.224248E+00   5.410223E+00  -1.000000E+01   3.720263E+00  -4.913986E+00        14
   2.742230E+03   3.740100E+05   2.875066E+00   2.875066E+00   7.224248E+00   5.410223E+00  -1.000000E+01   3.720263E+00  -4.913986E+00        14
   2.752230E+03   3.767500E+05   2.875066E+00   2.875066E+00   7.224248E+00   5.410223E+00  -1.000000E+01   3.720263E+00  -4.913986E+00        14
   2.762230E+03   3.795000E+05   2.875066E+00   2.875066E+00   7.224248E+00   5.410223E+00  -1.000000E+01   3.720263E+00  -4.913986E+00        14
   2.772230E+03   3.822600E+05   2.875066E+00   2.875066E+00   7.224248E+00   5.410223E+00  -1.000000E+01   3.720263E+00  -4.913986E+00        14
   2.782230E+03   3.850300E+05   2.875066E+00   2.875066E+00   7.224248E+00   5.410223E+00  -1.000000E+01   3.720263E+00  -4.913986E+00        14
   2.792230E+03   3.878100E+05   2.875066E+00   2.875066E+00   7.224248E+00   5.410223E+00  -1.000000E+01   3.720263E+00  -4.913986E+00        14
   2.802230E+03   3.906000E+05   2.875066E+00   2.875066E+00   7.224248E+00   5.410223E+00  -1.000000E+01   3.720263E+00  -4.913986E+00        14
   2.812230E+03   3.934000E+05   2.875066E+00   2.875066E+00   7.224248E+00   5.410223E+00  -1.000000E+01   3.720263E+00  -4.913986E+00        14
   2.822230E+03   3.962100E+05   2.875066E+00   2.875066E+00   7.224248E+00   5.410223E+00  -1.000000E+01   3.720263E+00  -4.913986E+00        14
   2.832230E+03   3.990300E+05   2.875066E+00   2.875066E+00   7.224248E+00   5.410223E+00  -1.000000E+01   3.720263E+00  -4.913986E+00        14
   2.842230E+03   4.018600E+05   2.875066E+00   2.875066E+00   7.224248E+00   5.410223E+00  -1.000000E+01   3.720263E+00  -4.913986E+00        14
   2.852230E+03   4.047000E+05   2.875066E+00   2.875066E+00   7.224248E+00   5.410223E+00  -1.000000E+01   3.720263E+00  -4.913986E+00        14
   2.862230E+03   4.075500E+05   2.875066E+00   2.875066E+00   7.224248E+00   5.410223E+00  -1.000000E+01   3.720263E+00  -4.913986E+00        14
   2.872230E+03   4.104100E+05   2.875066E+00   2.875066E+00   7.224248E+00   5.410223E+00  -1.000000E+01   3.720263E+00  -4.913986E+00        14
   2.882230E+03   4.132800E+05   2.875066E+00   2.875066E+00   7.224248E+00   5.410223E+00  -1.000000E+01   3.720263E+00  -4.913986E+00        14
   2.892230E+03   4.161600E+05   2.875066E+00   2.875066E+00   7.224248E+00   5.410223E+00  -1.000000E+01   3.720263E+00  -4.913986E+00        14
   2.902230E+03   4.190500E+05   2.875066E+00   2.875066E+00   7.224248E+00   5.410223E+00  -1.000000E+01   3.720263E+00  -4.913986E+00        14
   2.912230E+03   4.219500E+05   2.875066E+00   2.875066E+00   7.224248E+00   5.410223E+00  -1.000000E+01   3.720263E+00  -4.913986E+00        14
   2.922230E+03   4.248600E+05   2.875066E+00   2.875066E+00   7.224248E+00   5.410223E+00  -1.000000E+01   3.720263E+00  -4.913986E+00        14
   2.932230E+03   4.277800E+05   2.875066E+00   2.875066E+00   7.224248E+00   5.410223E+00  -1.000000E+01   3.720263E+00  -4.913986E+00        14
   2.942230E+03   4.307100E+05   2.875066E+00   2.875066E+00   7.224248E+00   5.410223E+00  -1.000000E+01   3.720263E+00  -4.913986E+00        14
   2.952230E+03   4.336500E+05   2.875066E+00   2.875066E+00   7.224248E+00   5.410223E+00  -1.000000E+01   3.720263E+00  -4.913986E+00        14
   2.962230E+03   4.366000E+05   2.875066E+00   2.875066E+00   7.224248E+00   5.410223E+00  -1.000000E+01   3.720263E+00  -4.913986E+00        14
   2.972230E+03   4.395600E+05   2.875066E+00   2.875066E+00   7.224248E+00   5.410223E+00  -1.000000E+01   3.720263E+00  -4.913986E+00        14
   2.982230E+03   4.425300E+05   2.875066E+00   2.875066E+00   7.224248E+00   5.410223E+00  -1.000000E+01   3.720263E+00  -4.913986E+00        14
   2.992230E+03   4.455100E+05   2.875066E+00   2.875066E+00   7.224248E+00   5.410223E+00  -1.000000E+01   3.720263E+00  -4.913986E+00        14
   3.002230E+03   4.485000E+05   2.875066E+00   2.875066E+00   7.224248E+00   5.410223E+00  -1.000000E+01   3.720263E+00  -4.913986E+00        14
   3.012230E+03   4.515000E+05   2.875066E+00   2.875066E+00   7.224248E+00   5.410223E+00  -1.000000E+01   3.720263E+00  -4.913986E+00        14
   3.022230E+03   4.545100E+05   2.875066E+00   2.875066E+00   7.224248E+00   5.410223E+00  -1.000000E+01   3.720263E+00  -4.913986E+00        14
   3.032230E+03   4.575300E+05   2.875066E+00   2.875066E+00   7.224248E+00   5.410223E+00  -1.000000E+01   3.720263E+00  -4.913986E+00        14
   3.042230E+03   4.605600E+05   2.875066E+00   2.875066E+00   7.224248E+00   5.410223E+00  -1.000000E+01   3.720263E+00  -4.913986E+00        14
   3.052230E+03   4.636000E+05   2.875066E+00   2.875066E+00   7.224248E+00   5.410223E+00  -1.000000E+01   3.720263E+00  -4.913986E+00        14
   3.062230E+03   4.666500E+05   2.875066E+00   2.875066E+00   7.224248E+00   5.410223E+00  -1.000000E+01   3.720263E+00  -4.913986E+00        14
   3.072230E+03   4.697100E+05   2.875066E+00   2.875066E+00   7.224248E+00   5.410223E+00  -1.000000E+01   3.720263E+00  -4.913986E+00        14
   3.082230E+03   4.727800E+05   2.875066E+00   2.875066E+00   7.224248E+00   5.410223E+00  -1.000000E+01   3.720263E+00  -4.913986E+00        14
   3.092230E+03   4.758600E+05   2.875066E+00   2.875066E+00   7.224248E+00   5.410223E+00  -1.000000E+01   3.720263E+00  -4.913986E+00        14
   3.102230E+03   4.789500E+05   2.875066E+00   2.875066E+00   7.224248E+00   5.410223E+00  -1.000000E+01   3.720263E+00  -4.913986E+00        14
   3.112230E+03   4.820500E+05   2.875066E+00   2.875066E+00   7.224248E+00   5.410223E+00  -1.000000E+01   3.720263E+00  -4.913986E+00        14
   3.122230E+03   4.851600E+05   2.875066E+00   2.875066E+00   7.224248E+00   5.410223E+00  -1.000000E+01   3.720263E+00  -4.913986E+00        14
   3.132230E+03   4.882800E+05   2.875066E+00   2.875066E+00   7.224248E+00   5.410223E+00  -1.000000E+01   3.720263E+00  -4.913986E+00        14
   3.142230E+03   4.914100E+05   2.875066E+00   2.875066E+00   7.224248E+00   5.410223E+00  -1.000000E+01   3.720263E+00  -4.913986E+00        14
   3.152230E+03   4.945500E+05   2.875066E+00   2.875066E+00   7.224248E+00   5.410223E+00  -1.000000E+01   3.720263E+00  -4.913986E+00        14
   3.162230E+03   4.977000E+05   2.875066E+00   2.875066E+00   7.224248E+00   5.410223E+00  -1.000000E+01   3.720263E+00  -4.913986E+00        14
   3.172230E+03   5.008600E+05   2.875066E+00   2.875066E+00   7.224248E+00   5.410223E+00  -1.000000E+01   3.720263E+00  -4.913986E+00        14
   3.182230E+03   5.040300E+05   2.875066E+00   2.875066E+00   7.224248E+00   5.410223E+00  -1.000000E+01   3.720263E+00  -4.913986E+00        14
   3.192230E+03   5.072100E+05   2.875066E+00   2.875066E+00   7.224248E+00   5.410223E+00  -1.000000E+01   3.720263E+00  -4.913986E+00        14
   3.202230E+03   5.104000E+05   2.875066E+00   2.875066E+00   7.224248E+00   5.410223E+00  -1.000000E+01   3.720263E+00  -4.913986E+00        14
   3.212230E+03   5.136000E+05   2.875066E+00   2.875066E+00   7.224248E+00   5.410223E+00  -1.000000E+01   3.720263E+00  -4.913986E+00        14
   3.222230E+03   5.168100E+05   2.875066E+00   2.875066E+00   7.224248E+00   5.410223E+00  -1.000000E+01   3.720263E+00  -4.913986E+00        14
   3.232230E+03   5.200300E+05   2.875066E+00   2.875066E+00   7.224248E+00   5.410223E+00  -1.000000E+01   3.720263E+00  -4.913986E+00        14
   3.242230E+03   5.232600E+05   2.875066E+00   2.875066E+00   7.224248E+00   5.410223E+00  -1.000000E+01   3.720263E+00  -4.913986E+00        14
   3.252230E+03   5.265000E+05   2.875066E+00   2.875066E+00   7.224248E+00   5.410223E+00  -1.000000E+01   3.720263E+00  -4.913986E+00        14
   3.262230E+03   5.297500E+05   2.875066E+00   2.875066E+00   7.224248E+00   5.410223E+00  -1.000000E+01   3.720263E+00  -4.913986E+00        14
   3.272230E+03   5.330100E+05   2.875066E+00   2.875066E+00   7.224248E+00   5.410223E+00  -1.000000E+01   3.720263E+00  -4.913986E+00        14
   3.282230E+03   5.362800E+05   2.875066E+00   2.875066E+00   7.224248E+00   5.410223E+00  -1.000000E+01   3.720263E+00  -4.913986E+00        14
   3.292230E+03   5.395600E+05   2.875066E+00   2.875066E+00   7.224248E+00   5.410223E+00  -1.000000E+01   3.720263E+00  -4.913986E+00        14
   3.302230E+03   5.428500E+05   2.875066E+00   2.875066E+00   7.224248E+00   5.410223E+00  -1.000000E+01   3.720263E+00  -4.913986E+00        14
   3.312230E+03   5.461500E+05   2.875066E+00   2.875066E+00   7.224248E+00   5.410223E+00  -1.000000E+01   3.720263E+00  -4.913986E+00        14
   3.322230E+03   5.494600E+05   2.875066E+00   2.875066E+00   7.224248E+00   5.410223E+00  -1.000000E+01   3.720263E+00  -4.913986E+00        14
   3.332230E+03   5.527800E+05   2.875066E+00   2.875066E+00   7.224248E+00   5.410223E+00  -1.000000E+01   3.720263E+00  -4.913986E+00        14
   3.342230E+03   5.561100E+05   2.875066E+00   2.875066E+00   7.224248E+00   5.410223E+00  -1.000000E+01   3.720263E+00  -4.913986E+00        14
   3.352230E+03   5.594500E+05   2.875066E+00   2.875066E+00   7.224248E+00   5.410223E+00  -1.000000E+01   3.720263E+00  -4.913986E+00        14
   3.362230E+03   5.628000E+05   2.875066E+00   2.875066E+00   7.224248E+00   5.410223E+00  -1.000000E+01   3.720263E+00  -4.913986E+00        14
   3.372230E+03   5.661600E+05   2.875066E+00   2.875066E+00   7.224248E+00   5.410223E+00  -1.000000E+01   3.720263E+00  -4.913986E+00        14
   3.382230E+03   5.695300E+05   2.875066E+00   2.875066E+00   7.224248E+00   5.410223E+00  -1.000000E+01   3.720263E+00  -4.913986E+00        14
   3.392230E+03   5.729100E+05   2.875066E+00   2.875066E+00   7.224248E+00   5.410223E+00  -1.000000E+01   3.720263E+00  -4.913986E+00        14
   3.402230E+03   5.763000E+05   2.875066E+00   2.875066E+00   7.224248E+00   5.410223E+00  -1.000000E+01   3.720263E+00  -4.913986E+00        14
   3.412230E+03   5.797000E+05   2.875066E+00   2.875066E+00   7.224248E+00   5.410223E+00  -1.000000E+01   3.720263E+00  -4.913986E+00        14
   3.422230E+03   5.831100E+05   2.875066E+00   2.875066E+00   7.224248E+00   5.410223E+00  -1.000000E+01   3.720263E+00  -4.913986E+00        14
   3.432230E+03   5.865300E+05   2.875066E+00   2.875066E+00   7.224248E+00   5.410223E+00  -1.000000E+01   3.720263E+00  -4.913986E+00        14
   3.442230E+03   5.899600E+05   2.875066E+00   2.875066E+00   7.224248E+00   5.410223E+00  -1.000000E+01   3.720263E+00  -4.913986E+00        14
   3.452230E+03   5.934000E+05   2.875066E+00   2.875066E+00   7.224248E+00   5.410223E+00  -1.000000E+01   3.720263E+00  -4.913986E+00        14
   3.462230E+03   5.968500E+05   2.875066E+00   2.875066E+00   7.224248E+00   5.410223E+00  -1.000000E+01   3.720263E+00  -4.913986E+00        14
   3.472230E+03   6.003100E+05   2.875066E+00   2.875066E+00   7.224248E+00   5.410223E+00  -1.000000E+01   3.720263E+00  -4.913986E+00        14
   3.482230E+03   6.037800E+05   2.875066E+00   2.875066E+00   7.224248E+00   5.410223E+00  -1.000000E+01   3.720263E+00  -4.913986E+00        14
   3.492230E+03   6.072600E+05   2.875066E+00   2.875066E+00   7.224248E+00   5.410223E+00  -1.000000E+01   3.720263E+00  -4.913986E+00        14
   3.502230E+03   6.107500E+05   2.875066E+00   2.875066E+00   7.224248E+00   5.410223E+00  -1.000000E+01   3.720263E+00  -4.913986E+00        14
   3.512230E+03   6.142500E+05   2.875066E+00   2.875066E+00   7.224248E+00   5.410223E+00  -1.000000E+01   3.720263E+00  -4.913986E+00        14
   3.522230E+03   6.177600E+05   2.875066E+00   2.875066E+00   7.224248E+00   5.410223E+00  -1.000000E+01   3.720263E+00  -4.913986E+00        14
   3.532230E+03   6.212800E+05   2.875066E+00   2.875066E+00   7.224248E+00   5.410223E+00  -1.000000E+01   3.720263E+00  -4.913986E+00        14
   3.542230E+03   6.248100E+05   2.875066E+00   2.875066E+00   7.224248E+00   5.410223E+00  -1.000000E+01   3.720263E+00  -4.913986E+00        14
   3.552230E+03   6.283500E+05   2.875066E+00   2.875066E+00   7.224248E+00   5.410223E+00  -1.000000E+01   3.720263E+00  -4.913986E+00        14
   3.562230E+03   6.319000E+05   2.875066E+00   2.875066E+00   7.224248E+00   5.410223E+00  -1.000000E+01   3.720263E+00  -4.913986E+00        14
   3.572230E+03   6.354600E+05   2.875066E+00   2.875066E+00   7.224248E+00   5.410223E+00  -1.000000E+01   3.720263E+00  -4.913986E+00        14
   3.582230E+03   6.390300E+05   2.875066E+00   2.875066E+00   7.224248E+00   5.410223E+00  -1.000000E+01   3.720263E+00  -4.913986E+00        14
   3.592230E+03   6.426100E+05   2.875066E+00   2.875066E+00   7.224248E+00   5.410223E+00  -1.000000E+01   3.720263E+00  -4.913986E+00        14
   3.602230E+03   6.462000E+05   2.875066E+00   2.875066E+00   7.224248E+00   5.410223E+00  -1.000000E+01   3.720263E+00  -4.913986E+00        14
   3.612230E+03   6.498000E+05   2.875066E+00   2.875066E+00   7.224248E+00   5.410223E+00  -1.000000E+01   3.720263E+00  -4.913986E+00        14
   3.622230E+03   6.534100E+05   2.875066E+00   2.875066E+00   7.224248E+00   5.410223E+00  -1.000000E+01   3.720263E+00  -4.913986E+00        14
   3.632230E+03   6.570300E+05   2.875066E+00   2.875066E+00   7.224248E+00   5.410223E+00  -1.000000E+01   3.720263E+00  -4.913986E+00        14
   3.642230E+03   6.606600E+05   2.875066E+00   2.875066E+00   7.224248E+00   5.410223E+00  -1.000000E+01   3.720263E+00  -4.913986E+00        14
   3.652230E+03   6.643000E+05   2.875066E+00   2.875066E+00   7.224248E+00   5.410223E+00  -1.000000E+01   3.720263E+00  -4.913986E+00        14
   3.662230E+03   6.679500E+05   2.875066E+00   2.875066E+00   7.224248E+00   5.410223E+00  -1.000000E+01   3.720263E+00  -4.913986E+00        14
   3.672230E+03   6.716100E+05   2.875066E+00   2.875066E+00   7.224248E+00   5.410223E+00  -1.000000E+01   3.720263E+00  -4.913986E+00        14
   3.682230E+03   6.752800E+05   2.875066E+00   2.875066E+00   7.224248E+00   5.410223E+00  -1.000000E+01   3.720263E+00  -4.913986E+00        14
   3.692230E+03   6.789600E+05   2.875066E+00   2.875066E+00   7.224248E+00   5.410223E+00  -1.000000E+01   3.720263E+00  -4.913986E+00        14
   3.702230E+03   6.826500E+05   2.875066E+00   2.875066E+00   7.224248E+00   5.410223E+00  -1.000000E+01   3.720263E+00  -4.913986E+00        14
   3.712230E+03   6.863500E+05   2.875066E+00   2.875066E+00   7.224248E+00   5.410223E+00  -1.000000E+01   3.720263E+00  -4.913986E+00        14
   3.722230E+03   6.900600E+05   2.875066E+00   2.875066E+00   7.224248E+00   5.410223E+00  -1.000000E+01   3.720263E+00  -4.913986E+00        14
   3.732230E+03   6.937800E+05   2.875066E+00   2.875066E+00   7.224248E+00   5.410223E+00  -1.000000E+01   3.720263E+00  -4.913986E+00        14
   3.742230E+03   6.975100E+05   2.875066E+00   2.875066E+00   7.224248E+00   5.410223E+00  -1.000000E+01   3.720263E+00  -4.913986E+00        14
   3.752230E+03   7.012500E+05   2.875066E+00   2.875066E+00   7.224248E+00   5.410223E+00  -1.000000E+01   3.720263E+00  -4.913986E+00        14
   3.762230E+03   7.050000E+05   2.875066E+00   2.875066E+00   7.224248E+00   5.410223E+00  -1.000000E+01   3.720263E+00  -4.913986E+00        14
   3.772230E+03   7.087600E+05   2.875066E+00   2.875066E+00   7.224248E+00   5.410223E+00  -1.000000E+01   3.720263E+00  -4.913986E+00        14
   3.782230E+03   7.125300E+05   2.875066E+00   2.875066E+00   7.224248E+00   5.410223E+00  -1.000000E+01   3.720263E+00  -4.913986E+00        14
   3.792230E+03   7.163100E+05   2.875066E+00   2.875066E+00   7.224248E+00   5.410223E+00  -1.000000E+01   3.720263E+00  -4.913986E+00        14
   3.802230E+03   7.201000E+05   2.875066E+00   2.875066E+00   7.224248E+00   5.410223E+00  -1.000000E+01   3.720263E+00  -4.913986E+00        14
   3.812230E+03   7.239000E+05   2.875066E+00   2.875066E+00   7.224248E+00   5.410223E+00  -1.000000E+01   3.720263E+00  -4.913986E+00        14
   3.822230E+03   7.277100E+05   2.875066E+00   2.875066E+00   7.224248E+00   5.410223E+00  -1.000000E+01   3.720263E+00  -4.913986E+00        14
   3.832230E+03   7.315300E+05   2.875066E+00   2.875066E+00   7.224248E+00   5.410223E+00  -1.000000E+01   3.720263E+00  -4.913986E+00        14
   3.842230E+03   7.353600E+05   2.875066E+00   2.875066E+00   7.224248E+00   5.410223E+00  -1.000000E+01   3.720263E+00  -4.913986E+00        14
   3.852230E+03   7.392000E+05   2.875066E+00   2.875066E+00   7.224248E+00   5.410223E+00  -1.000000E+01   3.720263E+00  -4.913986E+00        14
   3.862230E+03   7.430500E+05   2.875066E+00   2.875066E+00   7.224248E+00   5.410223E+00  -1.000000E+01   3.720263E+00  -4.913986E+00        14
   3.872230E+03   7.469100E+05   2.875066E+00   2.875066E+00   7.224248E+00   5.410223E+00  -1.000000E+01   3.720263E+00  -4.913986E+00        14
   3.882230E+03   7.507800E+05   2.875066E+00   2.875066E+00   7.224248E+00   5.410223E+00  -1.000000E+01   3.720263E+00  -4.913986E+00        14
   3.892230E+03   7.546600E+05   2.875066E+00   2.875066E+00   7.224248E+00   5.410223E+00  -1.000000E+01   3.720263E+00  -4.913986E+00        14
   3.902230E+03   7.585500E+05   2.875066E+00   2.875066E+00   7.224248E+00   5.410223E+00  -1.000000E+01   3.720263E+00  -4.913986E+00        14
   3.912230E+03   7.624500E+05   2.875066E+00   2.875066E+00   7.224248E+00   5.410223E+00  -1.000000E+01   3.720263E+00  -4.913986E+00        14
   3.922230E+03   7.663600E+05   2.875066E+00   2.875066E+00   7.224248E+00   5.410223E+00  -1.000000E+01   3.720263E+00  -4.913986E+00        14
   3.932230E+03   7.702800E+05   2.875066E+00   2.875066E+00   7.224248E+00   5.410223E+00  -1.000000E+01   3.720263E+00  -4.913986E+00        14
   3.942230E+03   7.742100E+05   2.875066E+00   2.875066E+00   7.224248E+00   5.410223E+00  -1.000000E+01   3.720263E+00  -4.913986E+00        14
   3.952230E+03   7.781500E+05   2.875066E+00   2.875066E+00   7.224248E+00   5.410223E+00  -1.000000E+01   3.720263E+00  -4.913986E+00        14
   3.962230E+03   7.821000E+05   2.875066E+00   2.875066E+00   7.224248E+00   5.410223E+00  -1.000000E+01   3.720263E+00  -4.913986E+00        14
   3.972230E+03   7.860600E+05   2.875066E+00   2.875066E+00   7.224248E+00   5.410223E+00  -1.000000E+01   3.720263E+00  -4.913986E+00        14
   3.982230E+03   7.900300E+05   2.875066E+00   2.875066E+00   7.224248E+00   5.410223E+00  -1.000000E+01   3.720263E+00  -4.913986E+00        14
   3.992230E+03   7.940100E+05   2.875066E+00   2.875066E+00   7.224248E+00   5.410223E+00  -1.000000E+01   3.720263E+00  -4.913986E+00        14
   4.002230E+03   7.980000E+05   2.875066E+00   2.875066E+00   7.224248E+00   5.410223E+00  -1.000000E+01   3.720263E+00  -4.913986E+00        14
   4.012230E+03   8.020000E+05   2.875066E+00   2.875066E+00   7.224248E+00   5.410223E+00  -1.000000E+01   3.720263E+00  -4.913986E+00        14
   4.022230E+03   8.060100E+05   2.875066E+00   2.875066E+00   7.224248E+00   5.410223E+00  -1.000000E+01   3.720263E+00  -4.913986E+00        14
   4.032230E+03   8.100300E+05   2.875066E+00   2.875066E+00   7.224248E+00   5.410223E+00  -1.000000E+01   3.720263E+00  -4.913986E+00        14
   4.042230E+03   8.140600E+05   2.875066E+00   2.875066E+00   7.224248E+00   5.410223E+00  -1.000000E+01   3.720263E+00  -4.913986E+00        14
   4.052230E+03   8.181000E+05   2.875066E+00   2.875066E+00   7.224248E+00   5.410223E+00  -1.000000E+01   3.720263E+00  -4.913986E+00        14
   4.062230E+03   8.221500E+05   2.875066E+00   2.875066E+00   7.224248E+00   5.410223E+00  -1.000000E+01   3.720263E+00  -4.913986E+00        14
   4.072230E+03   8.262100E+05   2.875066E+00   2.875066E+00   7.224248E+00   5.410223E+00  -1.000000E+01   3.720263E+00  -4.913986E+00        14
   4.082230E+03   8.302800E+05   2.875066E+00   2.875066E+00   7.224248E+00   5.410223E+00  -1.000000E+01   3.720263E+00  -4.913986E+00        14
   4.092230E+03   8.343600E+05   2.875066E+00   2.875066E+00   7.224248E+00   5.410223E+00  -1.000000E+01   3.720263E+00  -4.913986E+00        14
   4.102230E+03   8.384500E+05   2.875066E+00   2.875066E+00   7.224248E+00   5.410223E+00  -1.000000E+01   3.720263E+00  -4.913986E+00        14
   4.112230E+03   8.425500E+05   2.875066E+00   2.875066E+00   7.224248E+00   5.410223E+00  -1.000000E+01   3.720263E+00  -4.913986E+00        14
   4.122230E+03   8.466600E+05   2.875066E+00   2.875066E+00   7.224248E+00   5.410223E+00  -1.000000E+01   3.720263E+00  -4.913986E+00        14
   4.132230E+03   8.507800E+05   2.875066E+00   2.875066E+00   7.224248E+00   5.410223E+00  -1.000000E+01   3.720263E+00  -4.913986E+00        14
   4.142230E+03   8.549100E+05   2.875066E+00   2.875066E+00   7.224248E+00   5.410223E+00  -1.000000E+01   3.720263E+00  -4.913986E+00        14
   4.152230E+03   8.590500E+05   2.875066E+00   2.875066E+00   7.224248E+00   5.410223E+00  -1.000000E+01   3.720263E+00  -4.913986E+00        14
   4.162230E+03   8.632000E+05   2.875066E+00   2.875066E+00   7.224248E+00   5.410223E+00  -1.000000E+01   3.720263E+00  -4.913986E+00        14
   4.172230E+03   8.673600E+05   2.875066E+00   2.875066E+00   7.224248E+00   5.410223E+00  -1.000000E+01   3.720263E+00  -4.913986E+00        14
   4.182230E+03   8.715300E+05   2.875066E+00   2.875066E+00   7.224248E+00   5.410223E+00  -1.000000E+01   3.720263E+00  -4.913986E+00        14
   4.192230E+03   8.757100E+05   2.875066E+00   2.875066E+00   7.224248E+00   5.410223E+00  -1.000000E+01   3.720263E+00  -4.913986E+00        14
   4.202230E+03   8.799000E+05   2.875066E+00   2.875066E+00   7.224248E+00   5.410223E+00  -1.000000E+01   3.720263E+00  -4.913986E+00        14
   4.212230E+03   8.841000E+05   2.875066E+00   2.875066E+00   7.224248E+00   5.410223E+00  -1.000000E+01   3.720263E+00  -4.913986E+00        14
   4.222230E+03   8.883100E+05   2.875066E+00   2.875066E+00   7.224248E+00   5.410223E+00  -1.000000E+01   3.720263E+00  -4.913986E+00        14
   4.232230E+03   8.925300E+05   2.875066E+00   2.875066E+00   7.224248E+00   5.410223E+00  -1.000000E+01   3.720263E+00  -4.913986E+00        14
   4.242230E+03   8.967600E+05   2.875066E+00   2.875066E+00   7.224248E+00   5.410223E+00  -1.000000E+01   3.720263E+00  -4.913986E+00        14
   4.252230E+03   9.010000E+05   2.875066E+00   2.875066E+00   7.224248E+00   5.410223E+00  -1.000000E+01   3.720263E+00  -4.913986E+00        14
   4.262230E+03   9.052500E+05   2.875066E+00   2.875066E+00   7.224248E+00   5.410223E+00  -1.000000E+01   3.720263E+00  -4.913986E+00        14
   4.272230E+03   9.095100E+05   2.875066E+00   2.875066E+00   7.224248E+00   5.410223E+00  -1.000000E+01   3.720263E+00  -4.913986E+00        14
   4.282230E+03   9.137800E+05   2.875066E+00   2.875066E+00   7.224248E+00   5.410223E+00  -1.000000E+01   3.720263E+00  -4.913986E+00        14
   4.292230E+03   9.180600E+05   2.875066E+00   2.875066E+00   7.224248E+00   5.410223E+00  -1.000000E+01   3.720263E+00  -4.913986E+00        14
   4.302230E+03   9.223500E+05   2.875066E+00   2.875066E+00   7.224248E+00   5.410223E+00  -1.000000E+01   3.720263E+00  -4.913986E+00        14
   4.312230E+03   9.266500E+05   2.875066E+00   2.875066E+00   7.224248E+00   5.410223E+00  -1.000000E+01   3.720263E+00  -4.913986E+00        14
   4.322230E+03   9.309600E+05   2.875066E+00   2.875066E+00   7.224248E+00   5.410223E+00  -1.000000E+01   3.720263E+00  -4.913986E+00        14
   4.332230E+03   9.352800E+05   2.875066E+00   2.875066E+00   7.224248E+00   5.410223E+00  -1.000000E+01   3.720263E+00  -4.913986E+00        14
   4.342230E+03   9.396100E+05   2.875066E+00   2.875066E+00   7.224248E+00   5.410223E+00  -1.000000E+01   3.720263E+00  -4.913986E+00        14
   4.352230E+03   9.439500E+05   2.875066E+00   2.875066E+00   7.224248E+00   5.410223E+00  -1.000000E+01   3.720263E+00  -4.913986E+00        14
   4.362230E+03   9.483000E+05   2.875066E+00   2.875066E+00   7.224248E+00   5.410223E+00  -1.000000E+01   3.720263E+00  -4.913986E+00        14
   4.372230E+03   9.526600E+05   2.875066E+00   2.875066E+00   7.224248E+00   5.410223E+00  -1.000000E+01   3.720263E+00  -4.913986E+00        14
   4.382230E+03   9.570300E+05   2.875066E+00   2.875066E+00   7.224248E+00   5.410223E+00  -1.000000E+01   3.720263E+00  -4.913986E+00        14
   4.392230E+03   9.614100E+05   2.875066E+00   2.875066E+00   7.224248E+00   5.410223E+00  -1.000000E+01   3.720263E+00  -4.913986E+00        14
   4.402230E+03   9.658000E+05   2.875066E+00   2.875066E+00   7.224248E+00   5.410223E+00  -1.000000E+01   3.720263E+00  -4.913986E+00        14
   4.412230E+03   9.702000E+05   2.875066E+00   2.875066E+00   7.224248E+00   5.410223E+00  -1.000000E+01   3.720263E+00  -4.913986E+00        14
   4.422230E+03   9.746100E+05   2.875066E+00   2.875066E+00   7.224248E+00   5.410223E+00  -1.000000E+01   3.720263E+00  -4.913986E+00        14
   4.432230E+03   9.790300E+05   2.875066E+00   2.875066E+00   7.224248E+00   5.410223E+00  -1.000000E+01   3.720263E+00  -4.913986E+00        14
   4.442230E+03   9.834600E+05   2.875066E+00   2.875066E+00   7.224248E+00   5.410223E+00  -1.000000E+01   3.720263E+00  -4.913986E+00        14
   4.452230E+03   9.879000E+05   2.875066E+00   2.875066E+00   7.224248E+00   5.410223E+00  -1.000000E+01   3.720263E+00  -4.913986E+00        14
   4.462230E+03   9.923500E+05   2.875066E+00   2.875066E+00   7.224248E+00   5.410223E+00  -1.000000E+01   3.720263E+00  -4.913986E+00        14
   4.472230E+03   9.968100E+05   2.875066E+00   2.875066E+00   7.224248E+00   5.410223E+00  -1.000000E+01   3.720263E+00  -4.913986E+00        14
   4.482230E+03   1.001280E+06   2.875066E+00   2.875066E+00   7.224248E+00   5.410223E+00  -1.000000E+01   3.720263E+00  -4.913986E+00        14
   4.492230E+03   1.005760E+06   2.875066E+00   2.875066E+00   7.224248E+00   5.410223E+00  -1.000000E+01   3.720263E+00  -4.913986E+00        14
   4.502230E+03   1.010250E+06   2.875066E+00   2.875066E+00   7.224248E+00   5.410223E+00  -1.000000E+01   3.720263E+00  -4.913986E+00        14
   4.512230E+03   1.014750E+06   2.875066E+00   2.875066E+00   7.224248E+00   5.410223E+00  -1.000000E+01   3.720263E+00  -4.913986E+00        14
   4.522230E+03   1.019260E+06   2.875066E+00   2.875066E+00   7.224248E+00   5.410223E+00  -1.000000E+01   3.720263E+00  -4.913986E+00        14
   4.532230E+03   1.023780E+06   2.875066E+00   2.875066E+00   7.224248E+00   5.410223E+00  -1.000000E+01   3.720263E+00  -4.913986E+00        14
   4.542230E+03   1.028310E+06   2.875066E+00   2.875066E+00   7.224248E+00   5.410223E+00  -1.000000E+01   3.720263E+00  -4.913986E+00        14
   4.552230E+03   1.032850E+06   2.875066E+00   2.875066E+00   7.224248E+00   5.410223E+00  -1.000000E+01   3.720263E+00  -4.913986E+00        14
   4.562230E+03   1.037400E+06   2.875066E+00   2.875066E+00   7.224248E+00   5.410223E+00  -1.000000E+01   3.720263E+00  -4.913986E+00        14
   4.572230E+03   1.041960E+06   2.875066E+00   2.875066E+00   7.224248E+00   5.410223E+00  -1.000000E+01   3.720263E+00  -4.913986E+00        14
   4.582230E+03   1.046530E+06   2.875066E+00   2.875066E+00   7.224248E+00   5.410223E+00  -1.000000E+01   3.720263E+00  -4.913986E+00        14
   4.592230E+03   1.051110E+06   2.875066E+00   2.875066E+00   7.224248E+00   5.410223E+00  -1.000000E+01   3.720263E+00  -4.913986E+00        14
   4.602230E+03   1.055700E+06   2.875066E+00   2.875066E+00   7.224248E+00   5.410223E+00  -1.000000E+01   3.720263E+00  -4.913986E+00        14
   4.612230E+03   1.060300E+06   2.875066E+00   2.875066E+00   7.224248E+00   5.410223E+00  -1.000000E+01   3.720263E+00  -4.913986E+00        14
   4.622230E+03   1.064910E+06   2.875066E+00   2.875066E+00   7.224248E+00   5.410223E+00  -1.000000E+01   3.720263E+00  -4.913986E+00        14
   4.632230E+03   1.069530E+06   2.875066E+00   2.875066E+00   7.224248E+00   5.410223E+00  -1.000000E+01   3.720263E+00  -4.913986E+00        14
   4.642230E+03   1.074160E+06   2.875066E+00   2.875066E+00   7.224248E+00   5.410223E+00  -1.000000E+01   3.720263E+00  -4.913986E+00        14
   4.652230E+03   1.078800E+06   2.875066E+00   2.875066E+00   7.224248E+00   5.410223E+00  -1.000000E+01   3.720263E+00  -4.913986E+00        14
   4.662230E+03   1.083450E+06   2.875066E+00   2.875066E+00   7.224248E+00   5.410223E+00  -1.000000E+01   3.720263E+00  -4.913986E+00        14
   4.672230E+03   1.088110E+06   2.875066E+00   2.875066E+00   7.224248E+00   5.410223E+00  -1.000000E+01   3.720263E+00  -4.913986E+00        14
   4.682230E+03   1.092780E+06   2.875066E+00   2.875066E+00   7.224248E+00   5.410223E+00  -1.000000E+01   3.720263E+00  -4.913986E+00        14
   4.692230E+03   1.097460E+06   2.875066E+00   2.875066E+00   7.224248E+00   5.410223E+00  -1.000000E+01   3.720263E+00  -4.913986E+00        14
   4.702230E+03   1.102150E+06   2.875066E+00   2.875066E+00   7.224248E+00   5.410223E+00  -1.000000E+01   3.720263E+00  -4.913986E+00        14
   4.712230E+03   1.106850E+06   2.875066E+00   2.875066E+00   7.224248E+00   5.410223E+00  -1.000000E+01   3.720263E+00  -4.913986E+00        14
   4.722230E+03   1.111560E+06   2.875066E+00   2.875066E+00   7.224248E+00   5.410223E+00  -1.000000E+01   3.720263E+00  -4.913986E+00        14
   4.732230E+03   1.116280E+06   2.875066E+00   2.875066E+00   7.224248E+00   5.410223E+00  -1.000000E+01   3.720263E+00  -4.913986E+00        14
   4.742230E+03   1.121010E+06   2.875066E+00   2.875066E+00   7.224248E+00   5.410223E+00  -1.000000E+01   3.720263E+00  -4.913986E+00        14
   4.752230E+03   1.125750E+06   2.875066E+00   2.875066E+00   7.224248E+00   5.410223E+00  -1.000000E+01   3.720263E+00  -4.913986E+00        14
   4.762230E+03   1.130500E+06   2.875066E+00   2.875066E+00   7.224248E+00   5.410223E+00  -1.000000E+01   3.720263E+00  -4.913986E+00        14
   4.772230E+03   1.135260E+06   2.875066E+00   2.875066E+00   7.224248E+00   5.410223E+00  -1.000000E+01   3.720263E+00  -4.913986E+00        14
   4.782230E+03   1.140030E+06   2.875066E+00   2.875066E+00   7.224248E+00   5.410223E+00  -1.000000E+01   3.720263E+00  -4.913986E+00        14
   4.792230E+03   1.144810E+06   2.875066E+00   2.875066E+00   7.224248E+00   5.410223E+00  -1.000000E+01   3.720263E+00  -4.913986E+00        14
   4.802230E+03   1.149600E+06   2.875066E+00   2.875066E+00   7.224248E+00   5.410223E+00  -1.000000E+01   3.720263E+00  -4.913986E+00        14
   4.812230E+03   1.154400E+06   2.875066E+00   2.875066E+00   7.224248E+00   5.410223E+00  -1.000000E+01   3.720263E+00  -4.913986E+00        14
   4.822230E+03   1.159210E+06   2.875066E+00   2.875066E+00   7.224248E+00   5.410223E+00  -1.000000E+01   3.720263E+00  -4.913986E+00        14
   4.832230E+03   1.164030E+06   2.875066E+00   2.875066E+00   7.224248E+00   5.410223E+00  -1.000000E+01   3.720263E+00  -4.913986E+00        14
   4.842230E+03   1.168860E+06   2.875066E+00   2.875066E+00   7.224248E+00   5.410223E+00  -1.000000E+01   3.720263E+00  -4.913986E+00        14
   4.852230E+03   1.173700E+06   2.875066E+00   2.875066E+00   7.224248E+00   5.410223E+00  -1.000000E+01   3.720263E+00  -4.913986E+00        14
   4.862230E+03   1.178550E+06   2.875066E+00   2.875066E+00   7.224248E+00   5.410223E+00  -1.000000E+01   3.720263E+00  -4.913986E+00        14
   4.872230E+03   1.183410E+06   2.875066E+00   2.875066E+00   7.224248E+00   5.410223E+00  -1.000000E+01   3.720263E+00  -4.913986E+00        14
   4.882230E+03   1.188280E+06   2.875066E+00   2.875066E+00   7.224248E+00   5.410223E+00  -1.000000E+01   3.720263E+00  -4.913986E+00        14
   4.892230E+03   1.193160E+06   2.875066E+00   2.875066E+00   7.224248E+00   5.410223E+00  -1.000000E+01   3.720263E+00  -4.913986E+00        14
   4.902230E+03   1.198050E+06   2.875066E+00   2.875066E+00   7.224248E+00   5.410223E+00  -1.000000E+01   3.720263E+00  -4.913986E+00        14
   4.912230E+03   1.202950E+06   2.875066E+00   2.875066E+00   7.224248E+00   5.410223E+00  -1.000000E+01   3.720263E+00  -4.913986E+00        14
   4.922230E+03   1.207860E+06   2.875066E+00   2.875066E+00   7.224248E+00   5.410223E+00  -1.000000E+01   3.720263E+00  -4.913986E+00        14
   4.932230E+03   1.212780E+06   2.875066E+00   2.875066E+00   7.224248E+00   5.410223E+00  -1.000000E+01   3.720263E+00  -4.913986E+00        14
   4.942230E+03   1.217710E+06   2.875066E+00   2.875066E+00   7.224248E+00   5.410223E+00  -1.000000E+01   3.720263E+00  -4.913986E+00        14
   4.952230E+03   1.222650E+06   2.875066E+00   2.875066E+00   7.224248E+00   5.410223E+00  -1.000000E+01   3.720263E+00  -4.913986E+00        14
   4.962230E+03   1.227600E+06   2.875066E+00   2.875066E+00   7.224248E+00   5.410223E+00  -1.000000E+01   3.720263E+00  -4.913986E+00        14
   4.972230E+03   1.232560E+06   2.875066E+00   2.875066E+00   7.224248E+00   5.410223E+00  -1.000000E+01   3.720263E+00  -4.913986E+00        14
   4.982230E+03   1.237530E+06   2.875066E+00   2.875066E+00   7.224248E+00   5.410223E+00  -1.000000E+01   3.720263E+00  -4.913986E+00        14
   4.992230E+03   1.242510E+06   2.875066E+00   2.875066E+00   7.224248E+00   5.410223E+00  -1.000000E+01   3.720263E+00  -4.913986E+00        14
   5.002230E+03   1.247500E+06   2.875066E+00   2.875066E+00   7.224248E+00   5.410223E+00  -1.000000E+01   3.720263E+00  -4.913986E+00        14
   5.012230E+03   1.252500E+06   2.875066E+00   2.875066E+00   7.224248E+00   5.410223E+00  -1.000000E+01   3.720263E+00  -4.913986E+00        14
   5.022230E+03   1.257510E+06   2.875066E+00   2.875066E+00   7.224248E+00   5.410223E+00  -1.000000E+01   3.720263E+00  -4.913986E+00        14
   5.032230E+03   1.262530E+06   2.875066E+00   2.875066E+00   7.224248E+00   5.410223E+00  -1.000000E+01   3.720263E+00  -4.913986E+00        14
   5.042230E+03   1.267560E+06   2.875066E+00   2.875066E+00   7.224248E+00   5.410223E+00  -1.000000E+01   3.720263E+00  -4.913986E+00        14
   5.052230E+03   1.272600E+06   2.875066E+00   2.875066E+00   7.224248E+00   5.410223E+00  -1.000000E+01   3.720263E+00  -4.913986E+00        14
   5.062230E+03   1.277650E+06   2.875066E+00   2.875066E+00   7.224248E+00   5.410223E+00  -1.000000E+01   3.720263E+00  -4.913986E+00        14
   5.072230E+03   1.282710E+06   2.875066E+00   2.875066E+00   7.224248E+00   5.410223E+00  -1.000000E+01   3.720263E+00  -4.913986E+00        14
   5.082230E+03   1.287780E+06   2.875066E+00   2.875066E+00   7.224248E+00   5.410223E+00  -1.000000E+01   3.720263E+00  -4.913986E+00        14
   5.092230E+03   1.292860E+06   2.875066E+00   2.875066E+00   7.224248E+00   5.410223E+00  -1.000000E+01   3.720263E+00  -4.913986E+00        14
   5.102230E+03   1.297950E+06   2.875066E+00   2.875066E+00   7.224248E+00   5.410223E+00  -1.000000E+01   3.720263E+00  -4.913986E+00        14
   5.112230E+03   1.303050E+06   2.875066E+00   2.875066E+00   7.224248E+00   5.410223E+00  -1.000000E+01   3.720263E+00  -4.913986E+00        14
   5.122230E+03   1.308160E+06   2.875066E+00   2.875066E+00   7.224248E+00   5.410223E+00  -1.000000E+01   3.720263E+00  -4.913986E+00        14
   5.132230E+03   1.313280E+06   2.875066E+00   2.875066E+00   7.224248E+00   5.410223E+00  -1.000000E+01   3.720263E+00  -4.913986E+00        14
   5.142230E+03   1.318410E+06   2.875066E+00   2.875066E+00   7.224248E+00   5.410223E+00  -1.000000E+01   3.720263E+00  -4.913986E+00        14
   5.152230E+03   1.323550E+06   2.875066E+00   2.875066E+00   7.224248E+00   5.410223E+00  -1.000000E+01   3.720263E+00  -4.913986E+00        14
   5.162230E+03   1.328700E+06   2.875066E+00   2.875066E+00   7.224248E+00   5.410223E+00  -1.000000E+01   3.720263E+00  -4.913986E+00        14
   5.172230E+03   1.333860E+06   2.875066E+00   2.875066E+00   7.224248E+00   5.410223E+00  -1.000000E+01   3.720263E+00  -4.913986E+00        14
   5.182230E+03   1.339030E+06   2.875066E+00   2.875066E+00   7.224248E+00   5.410223E+00  -1.000000E+01   3.720263E+00  -4.913986E+00        14
   5.192230E+03   1.344210E+06   2.875066E+00   2.875066E+00   7.224248E+00   5.410223E+00  -1.000000E+01   3.720263E+00  -4.913986E+00        14
   5.202230E+03   1.349400E+06   2.875066E+00   2.875066E+00   7.224248E+00   5.410223E+00  -1.000000E+01   3.720263E+00  -4.913986E+00        14
   5.212230E+03   1.354600E+06   2.875066E+00   2.875066E+00   7.224248E+00   5.410223E+00  -1.000000E+01   3.720263E+00  -4.913986E+00        14
   5.222230E+03   1.359810E+06   2.875066E+00   2.875066E+00   7.224248E+00   5.410223E+00  -1.000000E+01   3.720263E+00  -4.913986E+00        14
   5.232230E+03   1.365030E+06   2.875066E+00   2.875066E+00   7.224248E+00   5.410223E+00  -1.000000E+01   3.720263E+00  -4.913986E+00        14
   5.242230E+03   1.370260E+06   2.875066E+00   2.875066E+00   7.224248E+00   5.410223E+00  -1.000000E+01   3.720263E+00  -4.913986E+00        14
   5.252230E+03   1.375500E+06   2.875066E+00   2.875066E+00   7.224248E+00   5.410223E+00  -1.000000E+01   3.720263E+00  -4.913986E+00        14
   5.262230E+03   1.380750E+06   2.875066E+00   2.875066E+00   7.224248E+00   5.410223E+00  -1.000000E+01   3.720263E+00  -4.913986E+00        14
   5.272230E+03   1.386010E+06   2.875066E+00   2.875066E+00   7.224248E+00   5.410223E+00  -1.000000E+01   3.720263E+00  -4.913986E+00        14
   5.282230E+03   1.391280E+06   2.875066E+00   2.875066E+00   7.224248E+00   5.410223E+00  -1.000000E+01   3.720263E+00  -4.913986E+00        14
   5.292230E+03   1.396560E+06   2.875066E+00   2.875066E+00   7.224248E+00   5.410223E+00  -1.000000E+01   3.720263E+00  -4.913986E+00        14
   5.302230E+03   1.401850E+06   2.875066E+00   2.875066E+00   7.224248E+00   5.410223E+00  -1.000000E+01   3.720263E+00  -4.913986E+00        14
   5.312230E+03   1.407150E+06   2.875066E+00   2.875066E+00   7.224248E+00   5.410223E+00  -1.000000E+01   3.720263E+00  -4.913986E+00        14
   5.322230E+03   1.412460E+06   2.875066E+00   2.875066E+00   7.224248E+00   5.410223E+00  -1.000000E+01   3.720263E+00  -4.913986E+00        14
   5.332230E+03   1.417780E+06   2.875066E+00   2.875066E+00   7.224248E+00   5.410223E+00  -1.000000E+01   3.720263E+00  -4.913986E+00        14
   5.342230E+03   1.423110E+06   2.875066E+00   2.875066E+00   7.224248E+00   5.410223E+00  -1.000000E+01   3.720263E+00  -4.913986E+00        14
   5.352230E+03   1.428450E+06   2.875066E+00   2.875066E+00   7.224248E+00   5.410223E+00  -1.000000E+01   3.720263E+00  -4.913986E+00        14
   5.362230E+03   1.433800E+06   2.875066E+00   2.875066E+00   7.224248E+00   5.410223E+00  -1.000000E+01   3.720263E+00  -4.913986E+00        14
   5.372230E+03   1.439160E+06   2.875066E+00   2.875066E+00   7.224248E+00   5.410223E+00  -1.000000E+01   3.720263E+00  -4.913986E+00        14
   5.382230E+03   1.444530E+06   2.875066E+00   2.875066E+00   7.224248E+00   5.410223E+00  -1.000000E+01   3.720263E+00  -4.913986E+00        14
   5.392230E+03   1.449910E+06   2.875066E+00   2.875066E+00   7.224248E+00   5.410223E+00  -1.000000E+01   3.720263E+00  -4.913986E+00        14
   5.402230E+03   1.455300E+06   2.875066E+00   2.875066E+00   7.224248E+00   5.410223E+00  -1.000000E+01   3.720263E+00  -4.913986E+00        14
   5.412230E+03   1.460700E+06   2.875066E+00   2.875066E+00   7.224248E+00   5.410223E+00  -1.000000E+01   3.720263E+00  -4.913986E+00        14
   5.422230E+03   1.466110E+06   2.875066E+00   2.875066E+00   7.224248E+00   5.410223E+00  -1.000000E+01   3.720263E+00  -4.913986E+00        14
   5.432230E+03   1.471530E+06   2.875066E+00   2.875066E+00   7.224248E+00   5.410223E+00  -1.000000E+01   3.720263E+00  -4.913986E+00        14
   5.442230E+03   1.476960E+06   2.875066E+00   2.875066E+00   7.224248E+00   5.410223E+00  -1.000000E+01   3.720263E+00  -4.913986E+00        14
   5.452230E+03   1.482400E+06   2.875066E+00   2.875066E+00   7.224248E+00   5.410223E+00  -1.000000E+01   3.720263E+00  -4.913986E+00        14
   5.462230E+03   1.487850E+06   2.875066E+00   2.875066E+00   7.224248E+00   5.410223E+00  -1.000000E+01   3.720263E+00  -4.913986E+00        14
   5.472230E+03   1.493310E+06   2.875066E+00   2.875066E+00   7.224248E+00   5.410223E+00  -1.000000E+01   3.720263E+00  -4.913986E+00        14
   5.482230E+03   1.498780E+06   2.875066E+00   2.875066E+00   7.224248E+00   5.410223E+00  -1.000000E+01   3.720263E+00  -4.913986E+00        14
   5.492230E+03   1.504260E+06   2.875066E+00   2.875066E+00   7.224248E+00   5.410223E+00  -1.000000E+01   3.720263E+00  -4.913986E+00        14
   5.502230E+03   1.509750E+06   2.875066E+00   2.875066E+00   7.224248E+00   5.410223E+00  -1.000000E+01   3.720263E+00  -4.913986E+00        14
   5.512230E+03   1.515250E+06   2.875066E+00   2.875066E+00   7.224248E+00   5.410223E+00  -1.000000E+01   3.720263E+00  -4.913986E+00        14
   5.522230E+03   1.520760E+06   2.875066E+00   2.875066E+00   7.224248E+00   5.410223E+00  -1.000000E+01   3.720263E+00  -4.913986E+00        14
   5.532230E+03   1.526280E+06   2.875066E+00   2.875066E+00   7.224248E+00   5.410223E+00  -1.000000E+01   3.720263E+00  -4.913986E+00        14
   5.542230E+03   1.531810E+06   2.875066E+00   2.875066E+00   7.224248E+00   5.410223E+00  -1.000000E+01   3.720263E+00  -4.913986E+00        14
   5.552230E+03   1.537350E+06   2.875066E+00   2.875066E+00   7.224248E+00   5.410223E+00  -1.000000E+01   3.720263E+00  -4.913986E+00        14
   5.562230E+03   1.542900E+06   2.875066E+00   2.875066E+00   7.224248E+00   5.410223E+00  -1.000000E+01   3.720263E+00  -4.913986E+00        14
   5.572230E+03   1.548460E+06   2.875066E+00   2.875066E+00   7.224248E+00   5.410223E+00  -1.000000E+01   3.720263E+00  -4.913986E+00        14
   5.582230E+03   1.554030E+06   2.875066E+00   2.875066E+00   7.224248E+00   5.410223E+00  -1.000000E+01   3.720263E+00  -4.913986E+00        14
   5.592230E+03   1.559610E+06   2.875066E+00   2.875066E+00   7.224248E+00   5.410223E+00  -1.000000E+01   3.720263E+00  -4.913986E+00        14
   5.602230E+03   1.565200E+06   2.875066E+00   2.875066E+00   7.224248E+00   5.410223E+00  -1.000000E+01   3.720263E+00  -4.913986E+00        14
   5.612230E+03   1.570800E+06   2.875066E+00   2.875066E+00   7.224248E+00   5.410223E+00  -1.000000E+01   3.720263E+00  -4.913986E+00        14
   5.622230E+03   1.576410E+06   2.875066E+00   2.875066E+00   7.224248E+00   5.410223E+00  -1.000000E+01   3.720263E+00  -4.913986E+00        14
   5.632230E+03   1.582030E+06   2.875066E+00   2.875066E+00   7.224248E+00   5.410223E+00  -1.000000E+01   3.720263E+00  -4.913986E+00        14
   5.642230E+03   1.587660E+06   2.875066E+00   2.875066E+00   7.224248E+00   5.410223E+00  -1.000000E+01   3.720263E+00  -4.913986E+00        14
   5.652230E+03   1.593300E+06   2.875066E+00   2.875066E+00   7.224248E+00   5.410223E+00  -1.000000E+01   3.720263E+00  -4.913986E+00        14
   5.662230E+03   1.598950E+06   2.875066E+00   2.875066E+00   7.224248E+00   5.410223E+00  -1.000000E+01   3.720263E+00  -4.913986E+00        14
   5.672230E+03   1.604610E+06   2.875066E+00   2.875066E+00   7.224248E+00   5.410223E+00  -1.000000E+01   3.720263E+00  -4.913986E+00        14
   5.682230E+03   1.610280E+06   2.875066E+00   2.875066E+00   7.224248E+00   5.410223E+00  -1.000000E+01   3.720263E+00  -4.913986E+00        14
   5.692230E+03   1.615960E+06   2.875066E+00   2.875066E+00   7.224248E+00   5.410223E+00  -1.000000E+01   3.720263E+00  -4.913986E+00        14
   5.702230E+03   1.621650E+06   2.875066E+00   2.875066E+00   7.224248E+00   5.410223E+00  -1.000000E+01   3.720263E+00  -4.913986E+00        14
   5.712230E+03   1.627350E+06   2.875066E+00   2.875066E+00   7.224248E+00   5.410223E+00  -1.000000E+01   3.720263E+00  -4.913986E+00        14
   5.722230E+03   1.633060E+06   2.875066E+00   2.875066E+00   7.224248E+00   5.410223E+00  -1.000000E+01   3.720263E+00  -4.913986E+00        14
   5.732230E+03   1.638780E+06   2.875066E+00   2.875066E+00   7.224248E+00   5.410223E+00  -1.000000E+01   3.720263E+00  -4.913986E+00        14
   5.742230E+03   1.644510E+06   2.875066E+00   2.875066E+00   7.224248E+00   5.410223E+00  -1.000000E+01   3.720263E+00  -4.913986E+00        14
   5.752230E+03   1.650250E+06   2.875066E+00   2.875066E+00   7.224248E+00   5.410223E+00  -1.000000E+01   3.720263E+00  -4.913986E+00        14
   5.762230E+03   1.656000E+06   2.875066E+00   2.875066E+00   7.224248E+00   5.410223E+00  -1.000000E+01   3.720263E+00  -4.913986E+00        14
   5.772230E+03   1.661760E+06   2.875066E+00   2.875066E+00   7.224248E+00   5.410223E+00  -1.000000E+01   3.720263E+00  -4.913986E+00        14
   5.782230E+03   1.667530E+06   2.875066E+00   2.875066E+00   7.224248E+00   5.410223E+00  -1.000000E+01   3.720263E+00  -4.913986E+00        14
   5.792230E+03   1.673310E+06   2.875066E+00   2.875066E+00   7.224248E+00   5.410223E+00  -1.000000E+01   3.720263E+00  -4.913986E+00        14
   5.802230E+03   1.679100E+06   2.875066E+00   2.875066E+00   7.224248E+00   5.410223E+00  -1.000000E+01   3.720263E+00  -4.913986E+00        14
   5.812230E+03   1.684900E+06   2.875066E+00   2.875066E+00   7.224248E+00   5.410223E+00  -1.000000E+01   3.720263E+00  -4.913986E+00        14
   5.822230E+03   1.690710E+06   2.875066E+00   2.875066E+00   7.224248E+00   5.410223E+00  -1.000000E+01   3.720263E+00  -4.913986E+00        14
   5.832230E+03   1.696530E+06   2.875066E+00   2.875066E+00   7.224248E+00   5.410223E+00  -1.000000E+01   3.720263E+00  -4.913986E+00        14
   5.842230E+03   1.702360E+06   2.875066E+00   2.875066E+00   7.224248E+00   5.410223E+00  -1.000000E+01   3.720263E+00  -4.913986E+00        14
   5.852230E+03   1.708200E+06   2.875066E+00   2.875066E+00   7.224248E+00   5.410223E+00  -1.000000E+01   3.720263E+00  -4.913986E+00        14
   5.862230E+03   1.714050E+06   2.875066E+00   2.875066E+00   7.224248E+00   5.410223E+00  -1.000000E+01   3.720263E+00  -4.913986E+00        14
   5.872230E+03   1.719910E+06   2.875066E+00   2.875066E+00   7.224248E+00   5.410223E+00  -1.000000E+01   3.720263E+00  -4.913986E+00        14
   5.882230E+03   1.725780E+06   2.875066E+00   2.875066E+00   7.224248E+00   5.410223E+00  -1.000000E+01   3.720263E+00  -4.913986E+00        14
   5.892230E+03   1.731660E+06   2.875066E+00   2.875066E+00   7.224248E+00   5.410223E+00  -1.000000E+01   3.720263E+00  -4.913986E+00        14
   5.902230E+03   1.737550E+06   2.875066E+00   2.875066E+00   7.224248E+00   5.410223E+00  -1.000000E+01   3.720263E+00  -4.913986E+00        14
   5.912230E+03   1.743450E+06   2.875066E+00   2.875066E+00   7.224248E+00   5.410223E+00  -1.000000E+01   3.720263E+00  -4.913986E+00        14
   5.922230E+03   1.749360E+06   2.875066E+00   2.875066E+00   7.224248E+00   5.410223E+00  -1.000000E+01   3.720263E+00  -4.913986E+00        14
   5.932230E+03   1.755280E+06   2.875066E+00   2.875066E+00   7.224248E+00   5.410223E+00  -1.000000E+01   3.720263E+00  -4.913986E+00        14
   5.942230E+03   1.761210E+06   2.875066E+00   2.875066E+00   7.224248E+00   5.410223E+00  -1.000000E+01   3.720263E+00  -4.913986E+00        14
   5.952230E+03   1.767150E+06   2.875066E+00   2.875066E+00   7.224248E+00   5.410223E+00  -1.000000E+01   3.720263E+00  -4.913986E+00        14
   5.962230E+03   1.773100E+06   2.875066E+00   2.875066E+00   7.224248E+00   5.410223E+00  -1.000000E+01   3.720263E+00  -4.913986E+00        14
   5.972230E+03   1.779060E+06   2.875066E+00   2.875066E+00   7.224248E+00   5.410223E+00  -1.000000E+01   3.720263E+00  -4.913986E+00        14
   5.982230E+03   1.785030E+06   2.875066E+00   2.875066E+00   7.224248E+00   5.410223E+00  -1.000000E+01   3.720263E+00  -4.913986E+00        14
   5.992230E+03   1.791010E+06   2.875066E+00   2.875066E+00   7.224248E+00   5.410223E+00  -1.000000E+01   3.720263E+00  -4.913986E+00        14
   6.002230E+03   1.797000E+06   2.875066E+00   2.875066E+00   7.224248E+00   5.410223E+00  -1.000000E+01   3.720263E+00  -4.913986E+00        14
   6.012230E+03   1.803000E+06   2.875066E+00   2.875066E+00   7.224248E+00   5.410223E+00  -1.000000E+01   3.720263E+00  -4.913986E+00        14
   6.022230E+03   1.809010E+06   2.875066E+00   2.875066E+00   7.224248E+00   5.410223E+00  -1.000000E+01   3.720263E+00  -4.913986E+00        14
   6.032230E+03   1.815030E+06   2.875066E+00   2.875066E+00   7.224248E+00   5.410223E+00  -1.000000E+01   3.720263E+00  -4.913986E+00        14
   6.042230E+03   1.821060E+06   2.875066E+00   2.875066E+00   7.224248E+00   5.410223E+00  -1.000000E+01   3.720263E+00  -4.913986E+00        14
   6.052230E+03   1.827100E+06   2.875066E+00   2.875066E+00   7.224248E+00   5.410223E+00  -1.000000E+01   3.720263E+00  -4.913986E+00        14
   6.062230E+03   1.833150E+06   2.875066E+00   2.875066E+00   7.224248E+00   5.410223E+00  -1.000000E+01   3.720263E+00  -4.913986E+00        14
   6.072230E+03   1.839210E+06   2.875066E+00   2.875066E+00   7.224248E+00   5.410223E+00  -1.000000E+01   3.720263E+00  -4.913986E+00        14
   6.082230E+03   1.845280E+06   2.875066E+00   2.875066E+00   7.224248E+00   5.410223E+00  -1.000000E+01   3.720263E+00  -4.913986E+00        14
   6.092230E+03   1.851360E+06   2.875066E+00   2.875066E+00   7.224248E+00   5.410223E+00  -1.000000E+01   3.720263E+00  -4.913986E+00        14
   6.102230E+03   1.857450E+06   2.875066E+00   2.875066E+00   7.224248E+00   5.410223E+00  -1.000000E+01   3.720263E+00  -4.913986E+00        14
   6.112230E+03   1.863550E+06   2.875066E+00   2.875066E+00   7.224248E+00   5.410223E+00  -1.000000E+01   3.720263E+00  -4.913986E+00        14
   6.122230E+03   1.869660E+06   2.875066E+00   2.875066E+00   7.224248E+00   5.410223E+00  -1.000000E+01   3.720263E+00  -4.913986E+00        14
   6.132230E+03   1.875780E+06   2.875066E+00   2.875066E+00   7.224248E+00   5.410223E+00  -1.000000E+01   3.720263E+00  -4.913986E+00        14
   6.142230E+03   1.881910E+06   2.875066E+00   2.875066E+00   7.224248E+00   5.410223E+00  -1.000000E+01   3.720263E+00  -4.913986E+00        14
   6.152230E+03   1.888050E+06   2.875066E+00   2.875066E+00   7.224248E+00   5.410223E+00  -1.000000E+01   3.720263E+00  -4.913986E+00        14
   6.162230E+03   1.894200E+06   2.875066E+00   2.875066E+00   7.224248E+00   5.410223E+00  -1.000000E+01   3.720263E+00  -4.913986E+00        14
   6.172230E+03   1.900360E+06   2.875066E+00   2.875066E+00   7.224248E+00   5.410223E+00  -1.000000E+01   3.720263E+00  -4.913986E+00        14
   6.182230E+03   1.906530E+06   2.875066E+00   2.875066E+00   7.224248E+00   5.410223E+00  -1.000000E+01   3.720263E+00  -4.913986E+00        14
   6.192230E+03   1.912710E+06   2.875066E+00   2.875066E+00   7.224248E+00   5.410223E+00  -1.000000E+01   3.720263E+00  -4.913986E+00        14
   6.202230E+03   1.918900E+06   2.875066E+00   2.875066E+00   7.224248E+00   5.410223E+00  -1.000000E+01   3.720263E+00  -4.913986E+00        14
   6.212230E+03   1.925100E+06   2.875066E+00   2.875066E+00   7.224248E+00   5.410223E+00  -1.000000E+01   3.720263E+00  -4.913986E+00        14
   6.222230E+03   1.931310E+06   2.875066E+00   2.875066E+00   7.224248E+00   5.410223E+00  -1.000000E+01   3.720263E+00  -4.913986E+00        14
   6.232230E+03   1.937530E+06   2.875066E+00   2.875066E+00   7.224248E+00   5.410223E+00  -1.000000E+01   3.720263E+00  -4.913986E+00        14
   6.242230E+03   1.943760E+06   2.875066E+00   2.875066E+00   7.224248E+00   5.410223E+00  -1.000000E+01   3.720263E+00  -4.913986E+00        14
   6.252230E+03   1.950000E+06   2.875066E+00   2.875066E+00   7.224248E+00   5.410223E+00  -1.000000E+01   3.720263E+00  -4.913986E+00        14
   6.262230E+03   1.956250E+06   2.875066E+00   2.875066E+00   7.224248E+00   5.410223E+00  -1.000000E+01   3.720263E+00  -4.913986E+00        14
   6.272230E+03   1.962510E+06   2.875066E+00   2.875066E+00   7.224248E+00   5.410223E+00  -1.000000E+01   3.720263E+00  -4.913986E+00        14
   6.282230E+03   1.968780E+06   2.875066E+00   2.875066E+00   7.224248E+00   5.410223E+00  -1.000000E+01   3.720263E+00  -4.913986E+00        14
   6.292230E+03   1.975060E+06   2.875066E+00   2.875066E+00   7.224248E+00   5.410223E+00  -1.000000E+01   3.720263E+00  -4.913986E+00        14
   6.302230E+03   1.981350E+06   2.875066E+00   2.875066E+00   7.224248E+00   5.410223E+00  -1.000000E+01   3.720263E+00  -4.913986E+00        14
   6.312230E+03   1.987650E+06   2.875066E+00   2.875066E+00   7.224248E+00   5.410223E+00  -1.000000E+01   3.720263E+00  -4.913986E+00        14
   6.322230E+03   1.993960E+06   2.875066E+00   2.875066E+00   7.224248E+00   5.410223E+00  -1.000000E+01   3.720263E+00  -4.913986E+00        14
   6.332230E+03   2.000280E+06   2.875066E+00   2.875066E+00   7.224248E+00   5.410223E+00  -1.000000E+01   3.720263E+00  -4.913986E+00        14
   6.342230E+03   2.006610E+06   2.875066E+00   2.875066E+00   7.224248E+00   5.410223E+00  -1.000000E+01   3.720263E+00  -4.913986E+00        14
   6.352230E+03   2.012950E+06   2.875066E+00   2.875066E+00   7.224248E+00   5.410223E+00  -1.000000E+01   3.720263E+00  -4.913986E+00        14
   6.362230E+03   2.019300E+06   2.875066E+00   2.875066E+00   7.224248E+00   5.410223E+00  -1.000000E+01   3.720263E+00  -4.913986E+00        14
   6.372230E+03   2.025660E+06   2.875066E+00   2.875066E+00   7.224248E+00   5.410223E+00  -1.000000E+01   3.720263E+00  -4.913986E+00        14
   6.382230E+03   2.032030E+06   2.875066E+00   2.875066E+00   7.224248E+00   5.410223E+00  -1.000000E+01   3.720263E+00  -4.913986E+00        14
   6.392230E+03   2.038410E+06   2.875066E+00   2.875066E+00   7.224248E+00   5.410223E+00  -1.000000E+01   3.720263E+00  -4.913986E+00        14
   6.402230E+03   2.044800E+06   2.875066E+00   2.875066E+00   7.224248E+00   5.410223E+00  -1.000000E+01   3.720263E+00  -4.913986E+00        14
   6.412230E+03   2.051200E+06   2.875066E+00   2.875066E+00   7.224248E+00   5.410223E+00  -1.000000E+01   3.720263E+00  -4.913986E+00        14
   6.422230E+03   2.057610E+06   2.875066E+00   2.875066E+00   7.224248E+00   5.410223E+00  -1.000000E+01   3.720263E+00  -4.913986E+00        14
   6.432230E+03   2.064030E+06   2.875066E+00   2.875066E+00   7.224248E+00   5.410223E+00  -1.000000E+01   3.720263E+00  -4.913986E+00        14
   6.442230E+03   2.070460E+06   2.875066E+00   2.875066E+00   7.224248E+00   5.410223E+00  -1.000000E+01   3.720263E+00  -4.913986E+00        14
   6.452230E+03   2.076900E+06   2.875066E+00   2.875066E+00   7.224248E+00   5.410223E+00  -1.000000E+01   3.720263E+00  -4.913986E+00        14
   6.462230E+03   2.083350E+06   2.875066E+00   2.875066E+00   7.224248E+00   5.410223E+00  -1.000000E+01   3.720263E+00  -4.913986E+00        14
   6.472230E+03   2.089810E+06   2.875066E+00   2.875066E+00   7.224248E+00   5.410223E+00  -1.000000E+01   3.720263E+00  -4.913986E+00        14
   6.482230E+03   2.096280E+06   2.875066E+00   2.875066E+00   7.224248E+00   5.410223E+00  -1.000000E+01   3.720263E+00  -4.913986E+00        14
   6.492230E+03   2.102760E+06   2.875066E+00   2.875066E+00   7.224248E+00   5.410223E+00  -1.000000E+01   3.720263E+00  -4.913986E+00        14
   6.502230E+03   2.109250E+06   2.875066E+00   2.875066E+00   7.224248E+00   5.410223E+00  -1.000000E+01   3.720263E+00  -4.913986E+00        14
   6.512230E+03   2.115750E+06   2.875066E+00   2.875066E+00   7.224248E+00   5.410223E+00  -1.000000E+01   3.720263E+00  -4.913986E+00        14
   6.522230E+03   2.122260E+06   2.875066E+00   2.875066E+00   7.224248E+00   5.410223E+00  -1.000000E+01   3.720263E+00  -4.913986E+00        14
   6.532230E+03   2.128780E+06   2.875066E+00   2.875066E+00   7.224248E+00   5.410223E+00  -1.000000E+01   3.720263E+00  -4.913986E+00        14
   6.542230E+03   2.135310E+06   2.875066E+00   2.875066E+00   7.224248E+00   5.410223E+00  -1.000000E+01   3.720263E+00  -4.913986E+00        14
   6.552230E+03   2.141850E+06   2.875066E+00   2.875066E+00   7.224248E+00   5.410223E+00  -1.000000E+01   3.720263E+00  -4.913986E+00        14
   6.562230E+03   2.148400E+06   2.875066E+00   2.875066E+00   7.224248E+00   5.410223E+00  -1.000000E+01   3.720263E+00  -4.913986E+00        14
   6.572230E+03   2.154960E+06   2.875066E+00   2.875066E+00   7.224248E+00   5.410223E+00  -1.000000E+01   3.720263E+00  -4.913986E+00        14
   6.582230E+03   2.161530E+06   2.875066E+00   2.875066E+00   7.224248E+00   5.410223E+00  -1.000000E+01   3.720263E+00  -4.913986E+00        14
   6.592230E+03   2.168110E+06   2.875066E+00   2.875066E+00   7.224248E+00   5.410223E+00  -1.000000E+01   3.720263E+00  -4.913986E+00        14
   6.602230E+03   2.174700E+06   2.875066E+00   2.875066E+00   7.224248E+00   5.410223E+00  -1.000000E+01   3.720263E+00  -4.913986E+00        14
   6.612230E+03   2.181300E+06   2.875066E+00   2.875066E+00   7.224248E+00   5.410223E+00  -1.000000E+01   3.720263E+00  -4.913986E+00        14
   6.622230E+03   2.187910E+06   2.875066E+00   2.875066E+00   7.224248E+00   5.410223E+00  -1.000000E+01   3.720263E+00  -4.913986E+00        14
   6.632230E+03   2.194530E+06   2.875066E+00   2.875066E+00   7.224248E+00   5.410223E+00  -1.000000E+01   3.720263E+00  -4.913986E+00        14
   6.642230E+03   2.201160E+06   2.875066E+00   2.875066E+00   7.224248E+00   5.410223E+00  -1.000000E+01   3.720263E+00  -4.913986E+00        14
   6.652230E+03   2.207800E+06   2.875066E+00   2.875066E+00   7.224248E+00   5.410223E+00  -1.000000E+01   3.720263E+00  -4.913986E+00        14
   6.662230E+03   2.214450E+06   2.875066E+00   2.875066E+00   7.224248E+00   5.410223E+00  -1.000000E+01   3.720263E+00  -4.913986E+00        14
   6.672230E+03   2.221110E+06   2.875066E+00   2.875066E+00   7.224248E+00   5.410223E+00  -1.000000E+01   3.720263E+00  -4.913986E+00        14
   6.682230E+03   2.227780E+06   2.875066E+00   2.875066E+00   7.224248E+00   5.410223E+00  -1.000000E+01   3.720263E+00  -4.913986E+00        14
   6.692230E+03   2.234460E+06   2.875066E+00   2.875066E+00   7.224248E+00   5.410223E+00  -1.000000E+01   3.720263E+00  -4.913986E+00        14
   6.702230E+03   2.241150E+06   2.875066E+00   2.875066E+00   7.224248E+00   5.410223E+00  -1.000000E+01   3.720263E+00  -4.913986E+00        14
   6.712230E+03   2.247850E+06   2.875066E+00   2.875066E+00   7.224248E+00   5.410223E+00  -1.000000E+01   3.720263E+00  -4.913986E+00        14
   6.722230E+03   2.254560E+06   2.875066E+00   2.875066E+00   7.224248E+00   5.410223E+00  -1.000000E+01   3.720263E+00  -4.913986E+00        14
   6.732230E+03   2.261280E+06   2.875066E+00   2.875066E+00   7.224248E+00   5.410223E+00  -1.000000E+01   3.720263E+00  -4.913986E+00        14
   6.742230E+03   2.268010E+06   2.875066E+00   2.875066E+00   7.224248E+00   5.410223E+00  -1.000000E+01   3.720263E+00  -4.913986E+00        14
   6.752230E+03   2.274750E+06   2.875066E+00   2.875066E+00   7.224248E+00   5.410223E+00  -1.000000E+01   3.720263E+00  -4.913986E+00        14
   6.762230E+03   2.281500E+06   2.875066E+00   2.875066E+00   7.224248E+00   5.410223E+00  -1.000000E+01   3.720263E+00  -4.913986E+00        14
   6.772230E+03   2.288260E+06   2.875066E+00   2.875066E+00   7.224248E+00   5.410223E+00  -1.000000E+01   3.720263E+00  -4.913986E+00        14
   6.782230E+03   2.295030E+06   2.875066E+00   2.875066E+00   7.224248E+00   5.410223E+00  -1.000000E+01   3.720263E+00  -4.913986E+00        14
   6.792230E+03   2.301810E+06   2.875066E+00   2.875066E+00   7.224248E+00   5.410223E+00  -1.000000E+01   3.720263E+00  -4.913986E+00        14
   6.802230E+03   2.308600E+06   2.875066E+00   2.875066E+00   7.224248E+00   5.410223E+00  -1.000000E+01   3.720263E+00  -4.913986E+00        14
   6.812230E+03   2.315400E+06   2.875066E+00   2.875066E+00   7.224248E+00   5.410223E+00  -1.000000E+01   3.720263E+00  -4.913986E+00        14
   6.822230E+03   2.322210E+06   2.875066E+00   2.875066E+00   7.224248E+00   5.410223E+00  -1.000000E+01   3.720263E+00  -4.913986E+00        14
   6.832230E+03   2.329030E+06   2.875066E+00   2.875066E+00   7.224248E+00   5.410223E+00  -1.000000E+01   3.720263E+00  -4.913986E+00        14
   6.842230E+03   2.335860E+06   2.875066E+00   2.875066E+00   7.224248E+00   5.410223E+00  -1.000000E+01   3.720263E+00  -4.913986E+00        14
   6.852230E+03   2.342700E+06   2.875066E+00   2.875066E+00   7.224248E+00   5.410223E+00  -1.000000E+01   3.720263E+00  -4.913986E+00        14
   6.862230E+03   2.349550E+06   2.875066E+00   2.875066E+00   7.224248E+00   5.410223E+00  -1.000000E+01   3.720263E+00  -4.913986E+00        14
   6.872230E+03   2.356410E+06   2.875066E+00   2.875066E+00   7.224248E+00   5.410223E+00  -1.000000E+01   3.720263E+00  -4.913986E+00        14
   6.882230E+03   2.363280E+06   2.875066E+00   2.875066E+00   7.224248E+00   5.410223E+00  -1.000000E+01   3.720263E+00  -4.913986E+00        14
   6.892230E+03   2.370160E+06   2.875066E+00   2.875066E+00   7.224248E+00   5.410223E+00  -1.000000E+01   3.720263E+00  -4.913986E+00        14
   6.902230E+03   2.377050E+06   2.875066E+00   2.875066E+00   7.224248E+00   5.410223E+00  -1.000000E+01   3.720263E+00  -4.913986E+00        14
   6.912230E+03   2.383950E+06   2.875066E+00   2.875066E+00   7.224248E+00   5.410223E+00  -1.000000E+01   3.720263E+00  -4.913986E+00        14
   6.922230E+03   2.390860E+06   2.875066E+00   2.875066E+00   7.224248E+00   5.410223E+00  -1.000000E+01   3.720263E+00  -4.913986E+00        14
   6.932230E+03   2.397780E+06   2.875066E+00   2.875066E+00   7.224248E+00   5.410223E+00  -1.000000E+01   3.720263E+00  -4.913986E+00        14
   6.942230E+03   2.404710E+06   2.875066E+00   2.875066E+00   7.224248E+00   5.410223E+00  -1.000000E+01   3.720263E+00  -4.913986E+00        14
   6.952230E+03   2.411650E+06   2.875066E+00   2.875066E+00   7.224248E+00   5.410223E+00  -1.000000E+01   3.720263E+00  -4.913986E+00        14
   6.962230E+03   2.418600E+06   2.875066E+00   2.875066E+00   7.224248E+00   5.410223E+00  -1.000000E+01   3.720263E+00  -4.913986E+00        14
   6.972230E+03   2.425560E+06   2.875066E+00   2.875066E+00   7.224248E+00   5.410223E+00  -1.000000E+01   3.720263E+00  -4.913986E+00        14
   6.982230E+03   2.432530E+06   2.875066E+00   2.875066E+00   7.224248E+00   5.410223E+00  -1.000000E+01   3.720263E+00  -4.913986E+00        14
   6.992230E+03   2.439510E+06   2.875066E+00   2.875066E+00   7.224248E+00   5.410223E+00  -1.000000E+01   3.720263E+00  -4.913986E+00        14
   7.002230E+03   2.446500E+06   2.875066E+00   2.875066E+00   7.224248E+00   5.410223E+00  -1.000000E+01   3.720263E+00  -4.913986E+00        14
   7.012230E+03   2.453500E+06   2.875066E+00   2.875066E+00   7.224248E+00   5.410223E+00  -1.000000E+01   3.720263E+00  -4.913986E+00        14
   7.022230E+03   2.460510E+06   2.875066E+00   2.875066E+00   7.224248E+00   5.410223E+00  -1.000000E+01   3.720263E+00  -4.913986E+00        14
   7.032230E+03   2.467530E+06   2.875066E+00   2.875066E+00   7.224248E+00   5.410223E+00  -1.000000E+01   3.720263E+00  -4.913986E+00        14
   7.042230E+03   2.474560E+06   2.875066E+00   2.875066E+00   7.224248E+00   5.410223E+00  -1.000000E+01   3.720263E+00  -4.913986E+00        14
   7.052230E+03   2.481600E+06   2.875066E+00   2.875066E+00   7.224248E+00   5.410223E+00  -1.000000E+01   3.720263E+00  -4.913986E+00        14
   7.062230E+03   2.488650E+06   2.875066E+00   2.875066E+00   7.224248E+00   5.410223E+00  -1.000000E+01   3.720263E+00  -4.913986E+00        14
   7.072230E+03   2.495710E+06   2.875066E+00   2.875066E+00   7.224248E+00   5.410223E+00  -1.000000E+01   3.720263E+00  -4.913986E+00        14
   7.082230E+03   2.502780E+06   2.875066E+00   2.875066E+00   7.224248E+00   5.410223E+00  -1.000000E+01   3.720263E+00  -4.913986E+00        14
   7.092230E+03   2.509860E+06   2.875066E+00   2.875066E+00   7.224248E+00   5.410223E+00  -1.000000E+01   3.720263E+00  -4.913986E+00        14
   7.102230E+03   2.516950E+06   2.875066E+00   2.875066E+00   7.224248E+00   5.410223E+00  -1.000000E+01   3.720263E+00  -4.913986E+00        14
   7.112230E+03   2.524050E+06   2.875066E+00   2.875066E+00   7.224248E+00   5.410223E+00  -1.000000E+01   3.720263E+00  -4.913986E+00        14
   7.122230E+03   2.531160E+06   2.875066E+00   2.875066E+00   7.224248E+00   5.410223E+00  -1.000000E+01   3.720263E+00  -4.913986E+00        14
   7.132230E+03   2.538280E+06   2.875066E+00   2.875066E+00   7.224248E+00   5.410223E+00  -1.000000E+01   3.720263E+00  -4.913986E+00        14
   7.142230E+03   2.545410E+06   2.875066E+00   2.875066E+00   7.224248E+00   5.410223E+00  -1.000000E+01   3.720263E+00  -4.913986E+00        14
   7.152230E+03   2.552550E+06   2.875066E+00   2.875066E+00   7.224248E+00   5.410223E+00  -1.000000E+01   3.720263E+00  -4.913986E+00        14
   7.162230E+03   2.559700E+06   2.875066E+00   2.875066E+00   7.224248E+00   5.410223E+00  -1.000000E+01   3.720263E+00  -4.913986E+00        14
   7.172230E+03   2.566860E+06   2.875066E+00   2.875066E+00   7.224248E+00   5.410223E+00  -1.000000E+01   3.720263E+00  -4.913986E+00        14
   7.182230E+03   2.574030E+06   2.875066E+00   2.875066E+00   7.224248E+00   5.410223E+00  -1.000000E+01   3.720263E+00  -4.913986E+00        14
   7.192230E+03   2.581210E+06   2.875066E+00   2.875066E+00   7.224248E+00   5.410223E+00  -1.000000E+01   3.720263E+00  -4.913986E+00        14
   7.202230E+03   2.588400E+06   2.875066E+00   2.875066E+00   7.224248E+00   5.410223E+00  -1.000000E+01   3.720263E+00  -4.913986E+00        14
   7.212230E+03   2.595600E+06   2.875066E+00   2.875066E+00   7.224248E+00   5.410223E+00  -1.000000E+01   3.720263E+00  -4.913986E+00        14
   7.222230E+03   2.602810E+06   2.875066E+00   2.875066E+00   7.224248E+00   5.410223E+00  -1.000000E+01   3.720263E+00  -4.913986E+00        14
   7.232230E+03   2.610030E+06   2.875066E+00   2.875066E+00   7.224248E+00   5.410223E+00  -1.000000E+01   3.720263E+00  -4.913986E+00        14
   7.242230E+03   2.617260E+06   2.875066E+00   2.875066E+00   7.224248E+00   5.410223E+00  -1.000000E+01   3.720263E+00  -4.913986E+00        14
   7.252230E+03   2.624500E+06   2.875066E+00   2.875066E+00   7.224248E+00   5.410223E+00  -1.000000E+01   3.720263E+00  -4.913986E+00        14
   7.262230E+03   2.631750E+06   2.875066E+00   2.875066E+00   7.224248E+00   5.410223E+00  -1.000000E+01   3.720263E+00  -4.913986E+00        14
   7.272230E+03   2.639010E+06   2.875066E+00   2.875066E+00   7.224248E+00   5.410223E+00  -1.000000E+01   3.720263E+00  -4.913986E+00        14
   7.282230E+03   2.646280E+06   2.875066E+00   2.875066E+00   7.224248E+00   5.410223E+00  -1.000000E+01   3.720263E+00  -4.913986E+00        14
   7.292230E+03   2.653560E+06   2.875066E+00   2.875066E+00   7.224248E+00   5.410223E+00  -1.000000E+01   3.720263E+00  -4.913986E+00        14
   7.302230E+03   2.660850E+06   2.875066E+00   2.875066E+00   7.224248E+00   5.410223E+00  -1.000000E+01   3.720263E+00  -4.913986E+00        14
   7.312230E+03   2.668150E+06   2.875066E+00   2.875066E+00   7.224248E+00   5.410223E+00  -1.000000E+01   3.720263E+00  -4.913986E+00        14
   7.322230E+03   2.675460E+06   2.875066E+00   2.875066E+00   7.224248E+00   5.410223E+00  -1.000000E+01   3.720263E+00  -4.913986E+00        14
   7.332230E+03   2.682780E+06   2.875066E+00   2.875066E+00   7.224248E+00   5.410223E+00  -1.000000E+01   3.720263E+00  -4.913986E+00        14
   7.342230E+03   2.690110E+06   2.875066E+00   2.875066E+00   7.224248E+00   5.410223E+00  -1.000000E+01   3.720263E+00  -4.913986E+00        14
   7.352230E+03   2.697450E+06   2.875066E+00   2.875066E+00   7.224248E+00   5.410223E+00  -1.000000E+01   3.720263E+00  -4.913986E+00        14
   7.362230E+03   2.704800E+06   2.875066E+00   2.875066E+00   7.224248E+00   5.410223E+00  -1.000000E+01   3.720263E+00  -4.913986E+00        14
   7.372230E+03   2.712160E+06   2.875066E+00   2.875066E+00   7.224248E+00   5.410223E+00  -1.000000E+01   3.720263E+00  -4.913986E+00        14
   7.382230E+03   2.719530E+06   2.875066E+00   2.875066E+00   7.224248E+00   5.410223E+00  -1.000000E+01   3.720263E+00  -4.913986E+00        14
   7.392230E+03   2.726910E+06   2.875066E+00   2.875066E+00   7.224248E+00   5.410223E+00  -1.000000E+01   3.720263E+00  -4.913986E+00        14
   7.402230E+03   2.734300E+06   2.875066E+00   2.875066E+00   7.224248E+00   5.410223E+00  -1.000000E+01   3.720263E+00  -4.913986E+00        14
   7.412230E+03   2.741700E+06   2.875066E+00   2.875066E+00   7.224248E+00   5.410223E+00  -1.000000E+01   3.720263E+00  -4.913986E+00        14
   7.422230E+03   2.749110E+06   2.875066E+00   2.875066E+00   7.224248E+00   5.410223E+00  -1.000000E+01   3.720263E+00  -4.913986E+00        14
   7.432230E+03   2.756530E+06   2.875066E+00   2.875066E+00   7.224248E+00   5.410223E+00  -1.000000E+01   3.720263E+00  -4.913986E+00        14
   7.442230E+03   2.763960E+06   2.875066E+00   2.875066E+00   7.224248E+00   5.410223E+00  -1.000000E+01   3.720263E+00  -4.913986E+00        14
   7.452230E+03   2.771400E+06   2.875066E+00   2.875066E+00   7.224248E+00   5.410223E+00  -1.000000E+01   3.720263E+00  -4.913986E+00        14
   7.462230E+03   2.778850E+06   2.875066E+00   2.875066E+00   7.224248E+00   5.410223E+00  -1.000000E+01   3.720263E+00  -4.913986E+00        14
   7.472230E+03   2.786310E+06   2.875066E+00   2.875066E+00   7.224248E+00   5.410223E+00  -1.000000E+01   3.720263E+00  -4.913986E+00        14
   7.482230E+03   2.793780E+06   2.875066E+00   2.875066E+00   7.224248E+00   5.410223E+00  -1.000000E+01   3.720263E+00  -4.913986E+00        14
   7.492230E+03   2.801260E+06   2.875066E+00   2.875066E+00   7.224248E+00   5.410223E+00  -1.000000E+01   3.720263E+00  -4.913986E+00        14
   7.502230E+03   2.808750E+06   2.875066E+00   2.875066E+00   7.224248E+00   5.410223E+00  -1.000000E+01   3.720263E+00  -4.913986E+00        14
   7.512230E+03   2.816250E+06   2.875066E+00   2.875066E+00   7.224248E+00   5.410223E+00  -1.000000E+01   3.720263E+00  -4.913986E+00        14
   7.522230E+03   2.823760E+06   2.875066E+00   2.875066E+00   7.224248E+00   5.410223E+00  -1.000000E+01   3.720263E+00  -4.913986E+00        14
   7.532230E+03   2.831280E+06   2.875066E+00   2.875066E+00   7.224248E+00   5.410223E+00  -1.000000E+01   3.720263E+00  -4.913986E+00        14
   7.542230E+03   2.838810E+06   2.875066E+00   2.875066E+00   7.224248E+00   5.410223E+00  -1.000000E+01   3.720263E+00  -4.913986E+00        14
   7.552230E+03   2.846350E+06   2.875066E+00   2.875066E+00   7.224248E+00   5.410223E+00  -1.000000E+01   3.720263E+00  -4.913986E+00        14
   7.562230E+03   2.853900E+06   2.875066E+00   2.875066E+00   7.224248E+00   5.410223E+00  -1.000000E+01   3.720263E+00  -4.913986E+00        14
   7.572230E+03   2.861460E+06   2.875066E+00   2.875066E+00   7.224248E+00   5.410223E+00  -1.000000E+01   3.720263E+00  -4.913986E+00        14
   7.582230E+03   2.869030E+06   2.875066E+00   2.875066E+00   7.224248E+00   5.410223E+00  -1.000000E+01   3.720263E+00  -4.913986E+00        14
   7.592230E+03   2.876610E+06   2.875066E+00   2.875066E+00   7.224248E+00   5.410223E+00  -1.000000E+01   3.720263E+00  -4.913986E+00        14
   7.602230E+03   2.884200E+06   2.875066E+00   2.875066E+00   7.224248E+00   5.410223E+00  -1.000000E+01   3.720263E+00  -4.913986E+00        14
   7.612230E+03   2.891800E+06   2.875066E+00   2.875066E+00   7.224248E+00   5.410223E+00  -1.000000E+01   3.720263E+00  -4.913986E+00        14
   7.622230E+03   2.899410E+06   2.875066E+00   2.875066E+00   7.224248E+00   5.410223E+00  -1.000000E+01   3.720263E+00  -4.913986E+00        14
   7.632230E+03   2.907030E+06   2.875066E+00   2.875066E+00   7.224248E+00   5.410223E+00  -1.000000E+01   3.720263E+00  -4.913986E+00        14
   7.642230E+03   2.914660E+06   2.875066E+00   2.875066E+00   7.224248E+00   5.410223E+00  -1.000000E+01   3.720263E+00  -4.913986E+00        14
   7.652230E+03   2.922300E+06   2.875066E+00   2.875066E+00   7.224248E+00   5.410223E+00  -1.000000E+01   3.720263E+00  -4.913986E+00        14
   7.662230E+03   2.929950E+06   2.875066E+00   2.875066E+00   7.224248E+00   5.410223E+00  -1.000000E+01   3.720263E+00  -4.913986E+00        14
   7.672230E+03   2.937610E+06   2.875066E+00   2.875066E+00   7.224248E+00   5.410223E+00  -1.000000E+01   3.720263E+00  -4.913986E+00        14
   7.682230E+03   2.945280E+06   2.875066E+00   2.875066E+00   7.224248E+00   5.410223E+00  -1.000000E+01   3.720263E+00  -4.913986E+00        14
   7.692230E+03   2.952960E+06   2.875066E+00   2.875066E+00   7.224248E+00   5.410223E+00  -1.000000E+01   3.720263E+00  -4.913986E+00        14
   7.702230E+03   2.960650E+06   2.875066E+00   2.875066E+00   7.224248E+00   5.410223E+00  -1.000000E+01   3.720263E+00  -4.913986E+00        14
   7.712230E+03   2.968350E+06   2.875066E+00   2.875066E+00   7.224248E+00   5.410223E+00  -1.000000E+01   3.720263E+00  -4.913986E+00        14
   7.722230E+03   2.976060E+06   2.875066E+00   2.875066E+00   7.224248E+00   5.410223E+00  -1.000000E+01   3.720263E+00  -4.913986E+00        14
   7.732230E+03   2.983780E+06   2.875066E+00   2.875066E+00   7.224248E+00   5.410223E+00  -1.000000E+01   3.720263E+00  -4.913986E+00        14
   7.742230E+03   2.991510E+06   2.875066E+00   2.875066E+00   7.224248E+00   5.410223E+00  -1.000000E+01   3.720263E+00  -4.913986E+00        14
   7.752230E+03   2.999250E+06   2.875066E+00   2.875066E+00   7.224248E+00   5.410223E+00  -1.000000E+01   3.720263E+00  -4.913986E+00        14
   7.762230E+03   3.007000E+06   2.875066E+00   2.875066E+00   7.224248E+00   5.410223E+00  -1.000000E+01   3.720263E+00  -4.913986E+00        14
   7.772230E+03   3.014760E+06   2.875066E+00   2.875066E+00   7.224248E+00   5.410223E+00  -1.000000E+01   3.720263E+00  -4.913986E+00        14
   7.782230E+03   3.022530E+06   2.875066E+00   2.875066E+00   7.224248E+00   5.410223E+00  -1.000000E+01   3.720263E+00  -4.913986E+00        14
   7.792230E+03   3.030310E+06   2.875066E+00   2.875066E+00   7.224248E+00   5.410223E+00  -1.000000E+01   3.720263E+00  -4.913986E+00        14
   7.802230E+03   3.038100E+06   2.875066E+00   2.875066E+00   7.224248E+00   5.410223E+00  -1.000000E+01   3.720263E+00  -4.913986E+00        14
   7.812230E+03   3.045900E+06   2.875066E+00   2.875066E+00   7.224248E+00   5.410223E+00  -1.000000E+01   3.720263E+00  -4.913986E+00        14
   7.822230E+03   3.053710E+06   2.875066E+00   2.875066E+00   7.224248E+00   5.410223E+00  -1.000000E+01   3.720263E+00  -4.913986E+00        14
   7.832230E+03   3.061530E+06   2.875066E+00   2.875066E+00   7.224248E+00   5.410223E+00  -1.000000E+01   3.720263E+00  -4.913986E+00        14
   7.842230E+03   3.069360E+06   2.875066E+00   2.875066E+00   7.224248E+00   5.410223E+00  -1.000000E+01   3.720263E+00  -4.913986E+00        14
   7.852230E+03   3.077200E+06   2.875066E+00   2.875066E+00   7.224248E+00   5.410223E+00  -1.000000E+01   3.720263E+00  -4.913986E+00        14
   7.862230E+03   3.085050E+06   2.875066E+00   2.875066E+00   7.224248E+00   5.410223E+00  -1.000000E+01   3.720263E+00  -4.913986E+00        14
   7.872230E+03   3.092910E+06   2.875066E+00   2.875066E+00   7.224248E+00   5.410223E+00  -1.000000E+01   3.720263E+00  -4.913986E+00        14
   7.882230E+03   3.100780E+06   2.875066E+00   2.875066E+00   7.224248E+00   5.410223E+00  -1.000000E+01   3.720263E+00  -4.913986E+00        14
   7.892230E+03   3.108660E+06   2.875066E+00   2.875066E+00   7.224248E+00   5.410223E+00  -1.000000E+01   3.720263E+00  -4.913986E+00        14
   7.902230E+03   3.116550E+06   2.875066E+00   2.875066E+00   7.224248E+00   5.410223E+00  -1.000000E+01   3.720263E+00  -4.913986E+00        14
   7.912230E+03   3.124450E+06   2.875066E+00   2.875066E+00   7.224248E+00   5.410223E+00  -1.000000E+01   3.720263E+00  -4.913986E+00        14
   7.922230E+03   3.132360E+06   2.875066E+00   2.875066E+00   7.224248E+00   5.410223E+00  -1.000000E+01   3.720263E+00  -4.913986E+00        14
   7.932230E+03   3.140280E+06   2.875066E+00   2.875066E+00   7.224248E+00   5.410223E+00  -1.000000E+01   3.720263E+00  -4.913986E+00        14
   7.942230E+03   3.148210E+06   2.875066E+00   2.875066E+00   7.224248E+00   5.410223E+00  -1.000000E+01   3.720263E+00  -4.913986E+00        14
   7.952230E+03   3.156150E+06   2.875066E+00   2.875066E+00   7.224248E+00   5.410223E+00  -1.000000E+01   3.720263E+00  -4.913986E+00        14
   7.962230E+03   3.164100E+06   2.875066E+00   2.875066E+00   7.224248E+00   5.410223E+00  -1.000000E+01   3.720263E+00  -4.913986E+00        14
   7.972230E+03   3.172060E+06   2.875066E+00   2.875066E+00   7.224248E+00   5.410223E+00  -1.000000E+01   3.720263E+00  -4.913986E+00        14
   7.982230E+03   3.180030E+06   2.875066E+00   2.875066E+00   7.224248E+00   5.410223E+00  -1.000000E+01   3.720263E+00  -4.913986E+00        14
   7.992230E+03   3.188010E+06   2.875066E+00   2.875066E+00   7.224248E+00   5.410223E+00  -1.000000E+01   3.720263E+00  -4.913986E+00        14
   8.002230E+03   3.196000E+06   2.875066E+00   2.875066E+00   7.224248E+00   5.410223E+00  -1.000000E+01   3.720263E+00  -4.913986E+00        14
   8.012230E+03   3.204000E+06   2.875066E+00   2.875066E+00   7.224248E+00   5.410223E+00  -1.000000E+01   3.720263E+00  -4.913986E+00        14
   8.022230E+03   3.212010E+06   2.875066E+00   2.875066E+00   7.224248E+00   5.410223E+00  -1.000000E+01   3.720263E+00  -4.913986E+00        14
   8.032230E+03   3.220030E+06   2.875066E+00   2.875066E+00   7.224248E+00   5.410223E+00  -1.000000E+01   3.720263E+00  -4.913986E+00        14
   8.042230E+03   3.228060E+06   2.875066E+00   2.875066E+00   7.224248E+00   5.410223E+00  -1.000000E+01   3.720263E+00  -4.913986E+00        14
   8.052230E+03   3.236100E+06   2.875066E+00   2.875066E+00   7.224248E+00   5.410223E+00  -1.000000E+01   3.720263E+00  -4.913986E+00        14
   8.062230E+03   3.244150E+06   2.875066E+00   2.875066E+00   7.224248E+00   5.410223E+00  -1.000000E+01   3.720263E+00  -4.913986E+00        14
   8.072230E+03   3.252210E+06   2.875066E+00   2.875066E+00   7.224248E+00   5.410223E+00  -1.000000E+01   3.720263E+00  -4.913986E+00        14
   8.082230E+03   3.260280E+06   2.875066E+00   2.875066E+00   7.224248E+00   5.410223E+00  -1.000000E+01   3.720263E+00  -4.913986E+00        14
   8.092230E+03   3.268360E+06   2.875066E+00   2.875066E+00   7.224248E+00   5.410223E+00  -1.000000E+01   3.720263E+00  -4.913986E+00        14
   8.102230E+03   3.276450E+06   2.875066E+00   2.875066E+00   7.224248E+00   5.410223E+00  -1.000000E+01   3.720263E+00  -4.913986E+00        14
   8.112230E+03   3.284550E+06   2.875066E+00   2.875066E+00   7.224248E+00   5.410223E+00  -1.000000E+01   3.720263E+00  -4.913986E+00        14
   8.122230E+03   3.292660E+06   2.875066E+00   2.875066E+00   7.224248E+00   5.410223E+00  -1.000000E+01   3.720263E+00  -4.913986E+00        14
   8.132230E+03   3.300780E+06   2.875066E+00   2.875066E+00   7.224248E+00   5.410223E+00  -1.000000E+01   3.720263E+00  -4.913986E+00        14
   8.142230E+03   3.308910E+06   2.875066E+00   2.875066E+00   7.224248E+00   5.410223E+00  -1.000000E+01   3.720263E+00  -4.913986E+00        14
   8.152230E+03   3.317050E+06   2.875066E+00   2.875066E+00   7.224248E+00   5.410223E+00  -1.000000E+01   3.720263E+00  -4.913986E+00        14
   8.162230E+03   3.325200E+06   2.875066E+00   2.875066E+00   7.224248E+00   5.410223E+00  -1.000000E+01   3.720263E+00  -4.913986E+00        14
   8.172230E+03   3.333360E+06   2.875066E+00   2.875066E+00   7.224248E+00   5.410223E+00  -1.000000E+01   3.720263E+00  -4.913986E+00        14
   8.182230E+03   3.341530E+06   2.875066E+00   2.875066E+00   7.224248E+00   5.410223E+00  -1.000000E+01   3.720263E+00  -4.913986E+00        14
   8.192230E+03   3.349710E+06   2.875066E+00   2.875066E+00   7.224248E+00   5.410223E+00  -1.000000E+01   3.720263E+00  -4.913986E+00        14
   8.202230E+03   3.357900E+06   2.875066E+00   2.875066E+00   7.224248E+00   5.410223E+00  -1.000000E+01   3.720263E+00  -4.913986E+00        14
   8.212230E+03   3.366100E+06   2.875066E+00   2.875066E+00   7.224248E+00   5.410223E+00  -1.000000E+01   3.720263E+00  -4.913986E+00        14
   8.222230E+03   3.374310E+06   2.875066E+00   2.875066E+00   7.224248E+00   5.410223E+00  -1.000000E+01   3.720263E+00  -4.913986E+00        14
   8.232230E+03   3.382530E+06   2.875066E+00   2.875066E+00   7.224248E+00   5.410223E+00  -1.000000E+01   3.720263E+00  -4.913986E+00        14
   8.242230E+03   3.390760E+06   2.875066E+00   2.875066E+00   7.224248E+00   5.410223E+00  -1.000000E+01   3.720263E+00  -4.913986E+00        14
   8.252230E+03   3.399000E+06   2.875066E+00   2.875066E+00   7.224248E+00   5.410223E+00  -1.000000E+01   3.720263E+00  -4.913986E+00        14
   8.262230E+03   3.407250E+06   2.875066E+00   2.875066E+00   7.224248E+00   5.410223E+00  -1.000000E+01   3.720263E+00  -4.913986E+00        14
   8.272230E+03   3.415510E+06   2.875066E+00   2.875066E+00   7.224248E+00   5.410223E+00  -1.000000E+01   3.720263E+00  -4.913986E+00        14
   8.282230E+03   3.423780E+06   2.875066E+00   2.875066E+00   7.224248E+00   5.410223E+00  -1.000000E+01   3.720263E+00  -4.913986E+00        14
   8.292230E+03   3.432060E+06   2.875066E+00   2.875066E+00   7.224248E+00   5.410223E+00  -1.000000E+01   3.720263E+00  -4.913986E+00        14
   8.302230E+03   3.440350E+06   2.875066E+00   2.875066E+00   7.224248E+00   5.410223E+00  -1.000000E+01   3.720263E+00  -4.913986E+00        14
   8.312230E+03   3.448650E+06   2.875066E+00   2.875066E+00   7.224248E+00   5.410223E+00  -1.000000E+01   3.720263E+00  -4.913986E+00        14
   8.322230E+03   3.456960E+06   2.875066E+00   2.875066E+00   7.224248E+00   5.410223E+00  -1.000000E+01   3.720263E+00  -4.913986E+00        14
   8.332230E+03   3.465280E+06   2.875066E+00   2.875066E+00   7.224248E+00   5.410223E+00  -1.000000E+01   3.720263E+00  -4.913986E+00        14
   8.342230E+03   3.473610E+06   2.875066E+00   2.875066E+00   7.224248E+00   5.410223E+00  -1.000000E+01   3.720263E+00  -4.913986E+00        14
   8.352230E+03   3.481950E+06   2.875066E+00   2.875066E+00   7.224248E+00   5.410223E+00  -1.000000E+01   3.720263E+00  -4.913986E+00        14
   8.362230E+03   3.490300E+06   2.875066E+00   2.875066E+00   7.224248E+00   5.410223E+00  -1.000000E+01   3.720263E+00  -4.913986E+00        14
   8.372230E+03   3.498660E+06   2.875066E+00   2.875066E+00   7.224248E+00   5.410223E+00  -1.000000E+01   3.720263E+00  -4.913986E+00        14
   8.382230E+03   3.507030E+06   2.875066E+00   2.875066E+00   7.224248E+00   5.410223E+00  -1.000000E+01   3.720263E+00  -4.913986E+00        14
   8.392230E+03   3.515410E+06   2.875066E+00   2.875066E+00   7.224248E+00   5.410223E+00  -1.000000E+01   3.720263E+00  -4.913986E+00        14
   8.402230E+03   3.523800E+06   2.875066E+00   2.875066E+00   7.224248E+00   5.410223E+00  -1.000000E+01   3.720263E+00  -4.913986E+00        14
   8.412230E+03   3.532200E+06   2.875066E+00   2.875066E+00   7.224248E+00   5.410223E+00  -1.000000E+01   3.720263E+00  -4.913986E+00        14
   8.422230E+03   3.540610E+06   2.875066E+00   2.875066E+00   7.224248E+00   5.410223E+00  -1.000000E+01   3.720263E+00  -4.913986E+00        14
   8.432230E+03   3.549030E+06   2.875066E+00   2.875066E+00   7.224248E+00   5.410223E+00  -1.000000E+01   3.720263E+00  -4.913986E+00        14
   8.442230E+03   3.557460E+06   2.875066E+00   2.875066E+00   7.224248E+00   5.410223E+00  -1.000000E+01   3.720263E+00  -4.913986E+00        14
   8.452230E+03   3.565900E+06   2.875066E+00   2.875066E+00   7.224248E+00   5.410223E+00  -1.000000E+01   3.720263E+00  -4.913986E+00        14
   8.462230E+03   3.574350E+06   2.875066E+00   2.875066E+00   7.224248E+00   5.410223E+00  -1.000000E+01   3.720263E+00  -4.913986E+00        14
   8.472230E+03   3.582810E+06   2.875066E+00   2.875066E+00   7.224248E+00   5.410223E+00  -1.000000E+01   3.720263E+00  -4.913986E+00        14
   8.482230E+03   3.591280E+06   2.875066E+00   2.875066E+00   7.224248E+00   5.410223E+00  -1.000000E+01   3.720263E+00  -4.913986E+00        14
   8.492230E+03   3.599760E+06   2.875066E+00   2.875066E+00   7.224248E+00   5.410223E+00  -1.000000E+01   3.720263E+00  -4.913986E+00        14
   8.502230E+03   3.608250E+06   2.875066E+00   2.875066E+00   7.224248E+00   5.410223E+00  -1.000000E+01   3.720263E+00  -4.913986E+00        14
   8.512230E+03   3.616750E+06   2.875066E+00   2.875066E+00   7.224248E+00   5.410223E+00  -1.000000E+01   3.720263E+00  -4.913986E+00        14
   8.522230E+03   3.625260E+06   2.875066E+00   2.875066E+00   7.224248E+00   5.410223E+00  -1.000000E+01   3.720263E+00  -4.913986E+00        14
   8.532230E+03   3.633780E+06   2.875066E+00   2.875066E+00   7.224248E+00   5.410223E+00  -1.000000E+01   3.720263E+00  -4.913986E+00        14
   8.542230E+03   3.642310E+06   2.875066E+00   2.875066E+00   7.224248E+00   5.410223E+00  -1.000000E+01   3.720263E+00  -4.913986E+00        14
   8.552230E+03   3.650850E+06   2.875066E+00   2.875066E+00   7.224248E+00   5.410223E+00  -1.000000E+01   3.720263E+00  -4.913986E+00        14
   8.562230E+03   3.659400E+06   2.875066E+00   2.875066E+00   7.224248E+00   5.410223E+00  -1.000000E+01   3.720263E+00  -4.913986E+00        14
   8.572230E+03   3.667960E+06   2.875066E+00   2.875066E+00   7.224248E+00   5.410223E+00  -1.000000E+01   3.720263E+00  -4.913986E+00        14
   8.582230E+03   3.676530E+06   2.875066E+00   2.875066E+00   7.224248E+00   5.410223E+00  -1.000000E+01   3.720263E+00  -4.913986E+00        14
   8.592230E+03   3.685110E+06   2.875066E+00   2.875066E+00   7.224248E+00   5.410223E+00  -1.000000E+01   3.720263E+00  -4.913986E+00        14
   8.602230E+03   3.693700E+06   2.875066E+00   2.875066E+00   7.224248E+00   5.410223E+00  -1.000000E+01   3.720263E+00  -4.913986E+00        14
   8.612230E+03   3.702300E+06   2.875066E+00   2.875066E+00   7.224248E+00   5.410223E+00  -1.000000E+01   3.720263E+00  -4.913986E+00        14
   8.622230E+03   3.710910E+06   2.875066E+00   2.875066E+00   7.224248E+00   5.410223E+00  -1.000000E+01   3.720263E+00  -4.913986E+00        14
   8.632230E+03   3.719530E+06   2.875066E+00   2.875066E+00   7.224248E+00   5.410223E+00  -1.000000E+01   3.720263E+00  -4.913986E+00        14
   8.642230E+03   3.728160E+06   2.875066E+00   2.875066E+00   7.224248E+00   5.410223E+00  -1.000000E+01   3.720263E+00  -4.913986E+00        14
   8.652230E+03   3.736800E+06   2.875066E+00   2.875066E+00   7.224248E+00   5.410223E+00  -1.000000E+01   3.720263E+00  -4.913986E+00        14
   8.662230E+03   3.745450E+06   2.875066E+00   2.875066E+00   7.224248E+00   5.410223E+00  -1.000000E+01   3.720263E+00  -4.913986E+00        14
   8.672230E+03   3.754110E+06   2.875066E+00   2.875066E+00   7.224248E+00   5.410223E+00  -1.000000E+01   3.720263E+00  -4.913986E+00        14
   8.682230E+03   3.762780E+06   2.875066E+00   2.875066E+00   7.224248E+00   5.410223E+00  -1.000000E+01   3.720263E+00  -4.913986E+00        14
   8.692230E+03   3.771460E+06   2.875066E+00   2.875066E+00   7.224248E+00   5.410223E+00  -1.000000E+01   3.720263E+00  -4.913986E+00        14
   8.702230E+03   3.780150E+06   2.875066E+00   2.875066E+00   7.224248E+00   5.410223E+00  -1.000000E+01   3.720263E+00  -4.913986E+00        14
   8.712230E+03   3.788850E+06   2.875066E+00   2.875066E+00   7.224248E+00   5.410223E+00  -1.000000E+01   3.720263E+00  -4.913986E+00        14
   8.722230E+03   3.797560E+06   2.875066E+00   2.875066E+00   7.224248E+00   5.410223E+00  -1.000000E+01   3.720263E+00  -4.913986E+00        14
   8.732230E+03   3.806280E+06   2.875066E+00   2.875066E+00   7.224248E+00   5.410223E+00  -1.000000E+01   3.720263E+00  -4.913986E+00        14
   8.742230E+03   3.815010E+06   2.875066E+00   2.875066E+00   7.224248E+00   5.410223E+00  -1.000000E+01   3.720263E+00  -4.913986E+00        14
   8.752230E+03   3.823750E+06   2.875066E+00   2.875066E+00   7.224248E+00   5.410223E+00  -1.000000E+01   3.720263E+00  -4.913986E+00        14
   8.762230E+03   3.832500E+06   2.875066E+00   2.875066E+00   7.224248E+00   5.410223E+00  -1.000000E+01   3.720263E+00  -4.913986E+00        14
   8.772230E+03   3.841260E+06   2.875066E+00   2.875066E+00   7.224248E+00   5.410223E+00  -1.000000E+01   3.720263E+00  -4.913986E+00        14
   8.782230E+03   3.850030E+06   2.875066E+00   2.875066E+00   7.224248E+00   5.410223E+00  -1.000000E+01   3.720263E+00  -4.913986E+00        14
   8.792230E+03   3.858810E+06   2.875066E+00   2.875066E+00   7.224248E+00   5.410223E+00  -1.000000E+01   3.720263E+00  -4.913986E+00        14
   8.802230E+03   3.867600E+06   2.875066E+00   2.875066E+00   7.224248E+00   5.410223E+00  -1.000000E+01   3.720263E+00  -4.913986E+00        14
   8.812230E+03   3.876400E+06   2.875066E+00   2.875066E+00   7.224248E+00   5.410223E+00  -1.000000E+01   3.720263E+00  -4.913986E+00        14
   8.822230E+03   3.885210E+06   2.875066E+00   2.875066E+00   7.224248E+00   5.410223E+00  -1.000000E+01   3.720263E+00  -4.913986E+00        14
   8.832230E+03   3.894030E+06   2.875066E+00   2.875066E+00   7.224248E+00   5.410223E+00  -1.000000E+01   3.720263E+00  -4.913986E+00        14
   8.842230E+03   3.902860E+06   2.875066E+00   2.875066E+00   7.224248E+00   5.410223E+00  -1.000000E+01   3.720263E+00  -4.913986E+00        14
   8.852230E+03   3.911700E+06   2.875066E+00   2.875066E+00   7.224248E+00   5.410223E+00  -1.000000E+01   3.720263E+00  -4.913986E+00        14
   8.862230E+03   3.920550E+06   2.875066E+00   2.875066E+00   7.224248E+00   5.410223E+00  -1.000000E+01   3.720263E+00  -4.913986E+00        14
   8.872230E+03   3.929410E+06   2.875066E+00   2.875066E+00   7.224248E+00   5.410223E+00  -1.000000E+01   3.720263E+00  -4.913986E+00        14
   8.882230E+03   3.938280E+06   2.875066E+00   2.875066E+00   7.224248E+00   5.410223E+00  -1.000000E+01   3.720263E+00  -4.913986E+00        14
   8.892230E+03   3.947160E+06   2.875066E+00   2.875066E+00   7.224248E+00   5.410223E+00  -1.000000E+01   3.720263E+00  -4.913986E+00        14
   8.902230E+03   3.956050E+06   2.875066E+00   2.875066E+00   7.224248E+00   5.410223E+00  -1.000000E+01   3.720263E+00  -4.913986E+00        14
   8.912230E+03   3.964950E+06   2.875066E+00   2.875066E+00   7.224248E+00   5.410223E+00  -1.000000E+01   3.720263E+00  -4.913986E+00        14
   8.922230E+03   3.973860E+06   2.875066E+00   2.875066E+00   7.224248E+00   5.410223E+00  -1.000000E+01   3.720263E+00  -4.913986E+00        14
   8.932230E+03   3.982780E+06   2.875066E+00   2.875066E+00   7.224248E+00   5.410223E+00  -1.000000E+01   3.720263E+00  -4.913986E+00        14
   8.942230E+03   3.991710E+06   2.875066E+00   2.875066E+00   7.224248E+00   5.410223E+00  -1.000000E+01   3.720263E+00  -4.913986E+00        14
   8.952230E+03   4.000650E+06   2.875066E+00   2.875066E+00   7.224248E+00   5.410223E+00  -1.000000E+01   3.720263E+00  -4.913986E+00        14
   8.962230E+03   4.009600E+06   2.875066E+00   2.875066E+00   7.224248E+00   5.410223E+00  -1.000000E+01   3.720263E+00  -4.913986E+00        14
   8.972230E+03   4.018560E+06   2.875066E+00   2.875066E+00   7.224248E+00   5.410223E+00  -1.000000E+01   3.720263E+00  -4.913986E+00        14
   8.982230E+03   4.027530E+06   2.875066E+00   2.875066E+00   7.224248E+00   5.410223E+00  -1.000000E+01   3.720263E+00  -4.913986E+00        14
   8.992230E+03   4.036510E+06   2.875066E+00   2.875066E+00   7.224248E+00   5.410223E+00  -1.000000E+01   3.720263E+00  -4.913986E+00        14
   9.002230E+03   4.045500E+06   2.875066E+00   2.875066E+00   7.224248E+00   5.410223E+00  -1.000000E+01   3.720263E+00  -4.913986E+00        14
   9.012230E+03   4.054500E+06   2.875066E+00   2.875066E+00   7.224248E+00   5.410223E+00  -1.000000E+01   3.720263E+00  -4.913986E+00        14
   9.022230E+03   4.063510E+06   2.875066E+00   2.875066E+00   7.224248E+00   5.410223E+00  -1.000000E+01   3.720263E+00  -4.913986E+00        14
   9.032230E+03   4.072530E+06   2.875066E+00   2.875066E+00   7.224248E+00   5.410223E+00  -1.000000E+01   3.720263E+00  -4.913986E+00        14
   9.042230E+03   4.081560E+06   2.875066E+00   2.875066E+00   7.224248E+00   5.410223E+00  -1.000000E+01   3.720263E+00  -4.913986E+00        14
   9.052230E+03   4.090600E+06   2.875066E+00   2.875066E+00   7.224248E+00   5.410223E+00  -1.000000E+01   3.720263E+00  -4.913986E+00        14
   9.062230E+03   4.099650E+06   2.875066E+00   2.875066E+00   7.224248E+00   5.410223E+00  -1.000000E+01   3.720263E+00  -4.913986E+00        14
   9.072230E+03   4.108710E+06   2.875066E+00   2.875066E+00   7.224248E+00   5.410223E+00  -1.000000E+01   3.720263E+00  -4.913986E+00        14
   9.082230E+03   4.117780E+06   2.875066E+00   2.875066E+00   7.224248E+00   5.410223E+00  -1.000000E+01   3.720263E+00  -4.913986E+00        14
   9.092230E+03   4.126860E+06   2.875066E+00   2.875066E+00   7.224248E+00   5.410223E+00  -1.000000E+01   3.720263E+00  -4.913986E+00        14
   9.102230E+03   4.135950E+06   2.875066E+00   2.875066E+00   7.224248E+00   5.410223E+00  -1.000000E+01   3.720263E+00  -4.913986E+00        14
   9.112230E+03   4.145050E+06   2.875066E+00   2.875066E+00   7.224248E+00   5.410223E+00  -1.000000E+01   3.720263E+00  -4.913986E+00        14
   9.122230E+03   4.154160E+06   2.875066E+00   2.875066E+00   7.224248E+00   5.410223E+00  -1.000000E+01   3.720263E+00  -4.913986E+00        14
   9.132230E+03   4.163280E+06   2.875066E+00   2.875066E+00   7.224248E+00   5.410223E+00  -1.000000E+01   3.720263E+00  -4.913986E+00        14
   9.142230E+03   4.172410E+06   2.875066E+00   2.875066E+00   7.224248E+00   5.410223E+00  -1.000000E+01   3.720263E+00  -4.913986E+00        14
   9.152230E+03   4.181550E+06   2.875066E+00   2.875066E+00   7.224248E+00   5.410223E+00  -1.000000E+01   3.720263E+00  -4.913986E+00        14
   9.162230E+03   4.190700E+06   2.875066E+00   2.875066E+00   7.224248E+00   5.410223E+00  -1.000000E+01   3.720263E+00  -4.913986E+00        14
   9.172230E+03   4.199860E+06   2.875066E+00   2.875066E+00   7.224248E+00   5.410223E+00  -1.000000E+01   3.720263E+00  -4.913986E+00        14
   9.182230E+03   4.209030E+06   2.875066E+00   2.875066E+00   7.224248E+00   5.410223E+00  -1.000000E+01   3.720263E+00  -4.913986E+00        14
   9.192230E+03   4.218210E+06   2.875066E+00   2.875066E+00   7.224248E+00   5.410223E+00  -1.000000E+01   3.720263E+00  -4.913986E+00        14
   9.202230E+03   4.227400E+06   2.875066E+00   2.875066E+00   7.224248E+00   5.410223E+00  -1.000000E+01   3.720263E+00  -4.913986E+00        14
   9.212230E+03   4.236600E+06   2.875066E+00   2.875066E+00   7.224248E+00   5.410223E+00  -1.000000E+01   3.720263E+00  -4.913986E+00        14
   9.222230E+03   4.245810E+06   2.875066E+00   2.875066E+00   7.224248E+00   5.410223E+00  -1.000000E+01   3.720263E+00  -4.913986E+00        14
   9.232230E+03   4.255030E+06   2.875066E+00   2.875066E+00   7.224248E+00   5.410223E+00  -1.000000E+01   3.720263E+00  -4.913986E+00        14
   9.242230E+03   4.264260E+06   2.875066E+00   2.875066E+00   7.224248E+00   5.410223E+00  -1.000000E+01   3.720263E+00  -4.913986E+00        14
   9.252230E+03   4.273500E+06   2.875066E+00   2.875066E+00   7.224248E+00   5.410223E+00  -1.000000E+01   3.720263E+00  -4.913986E+00        14
   9.262230E+03   4.282750E+06   2.875066E+00   2.875066E+00   7.224248E+00   5.410223E+00  -1.000000E+01   3.720263E+00  -4.913986E+00        14
   9.272230E+03   4.292010E+06   2.875066E+00   2.875066E+00   7.224248E+00   5.410223E+00  -1.000000E+01   3.720263E+00  -4.913986E+00        14
   9.282230E+03   4.301280E+06   2.875066E+00   2.875066E+00   7.224248E+00   5.410223E+00  -1.000000E+01   3.720263E+00  -4.913986E+00        14
   9.292230E+03   4.310560E+06   2.875066E+00   2.875066E+00   7.224248E+00   5.410223E+00  -1.000000E+01   3.720263E+00  -4.913986E+00        14
   9.302230E+03   4.319850E+06   2.875066E+00   2.875066E+00   7.224248E+00   5.410223E+00  -1.000000E+01   3.720263E+00  -4.913986E+00        14
   9.312230E+03   4.329150E+06   2.875066E+00   2.875066E+00   7.224248E+00   5.410223E+00  -1.000000E+01   3.720263E+00  -4.913986E+00        14
   9.322230E+03   4.338460E+06   2.875066E+00   2.875066E+00   7.224248E+00   5.410223E+00  -1.000000E+01   3.720263E+00  -4.913986E+00        14
   9.332230E+03   4.347780E+06   2.875066E+00   2.875066E+00   7.224248E+00   5.410223E+00  -1.000000E+01   3.720263E+00  -4.913986E+00        14
   9.342230E+03   4.357110E+06   2.875066E+00   2.875066E+00   7.224248E+00   5.410223E+00  -1.000000E+01   3.720263E+00  -4.913986E+00        14
   9.352230E+03   4.366450E+06   2.875066E+00   2.875066E+00   7.224248E+00   5.410223E+00  -1.000000E+01   3.720263E+00  -4.913986E+00        14
   9.362230E+03   4.375800E+06   2.875066E+00   2.875066E+00   7.224248E+00   5.410223E+00  -1.000000E+01   3.720263E+00  -4.913986E+00        14
   9.372230E+03   4.385160E+06   2.875066E+00   2.875066E+00   7.224248E+00   5.410223E+00  -1.000000E+01   3.720263E+00  -4.913986E+00        14
   9.382230E+03   4.394530E+06   2.875066E+00   2.875066E+00   7.224248E+00   5.410223E+00  -1.000000E+01   3.720263E+00  -4.913986E+00        14
   9.392230E+03   4.403910E+06   2.875066E+00   2.875066E+00   7.224248E+00   5.410223E+00  -1.000000E+01   3.720263E+00  -4.913986E+00        14
   9.402230E+03   4.413300E+06   2.875066E+00   2.875066E+00   7.224248E+00   5.410223E+00  -1.000000E+01   3.720263E+00  -4.913986E+00        14
   9.412230E+03   4.422700E+06   2.875066E+00   2.875066E+00   7.224248E+00   5.410223E+00  -1.000000E+01   3.720263E+00  -4.913986E+00        14
   9.422230E+03   4.432110E+06   2.875066E+00   2.875066E+00   7.224248E+00   5.410223E+00  -1.000000E+01   3.720263E+00  -4.913986E+00        14
   9.432230E+03   4.441530E+06   2.875066E+00   2.875066E+00   7.224248E+00   5.410223E+00  -1.000000E+01   3.720263E+00  -4.913986E+00        14
   9.442230E+03   4.450960E+06   2.875066E+00   2.875066E+00   7.224248E+00   5.410223E+00  -1.000000E+01   3.720263E+00  -4.913986E+00        14
   9.452230E+03   4.460400E+06   2.875066E+00   2.875066E+00   7.224248E+00   5.410223E+00  -1.000000E+01   3.720263E+00  -4.913986E+00        14
   9.462230E+03   4.469850E+06   2.875066E+00   2.875066E+00   7.224248E+00   5.410223E+00  -1.000000E+01   3.720263E+00  -4.913986E+00        14
   9.472230E+03   4.479310E+06   2.875066E+00   2.875066E+00   7.224248E+00   5.410223E+00  -1.000000E+01   3.720263E+00  -4.913986E+00        14
   9.482230E+03   4.488780E+06   2.875066E+00   2.875066E+00   7.224248E+00   5.410223E+00  -1.000000E+01   3.720263E+00  -4.913986E+00        14
   9.492230E+03   4.498260E+06   2.875066E+00   2.875066E+00   7.224248E+00   5.410223E+00  -1.000000E+01   3.720263E+00  -4.913986E+00        14
   9.502230E+03   4.507750E+06   2.875066E+00   2.875066E+00   7.224248E+00   5.410223E+00  -1.000000E+01   3.720263E+00  -4.913986E+00        14
   9.512230E+03   4.517250E+06   2.875066E+00   2.875066E+00   7.224248E+00   5.410223E+00  -1.000000E+01   3.720263E+00  -4.913986E+00        14
   9.522230E+03   4.526760E+06   2.875066E+00   2.875066E+00   7.224248E+00   5.410223E+00  -1.000000E+01   3.720263E+00  -4.913986E+00        14
   9.532230E+03   4.536280E+06   2.875066E+00   2.875066E+00   7.224248E+00   5.410223E+00  -1.000000E+01   3.720263E+00  -4.913986E+00        14
   9.542230E+03   4.545810E+06   2.875066E+00   2.875066E+00   7.224248E+00   5.410223E+00  -1.000000E+01   3.720263E+00  -4.913986E+00        14
   9.552230E+03   4.555350E+06   2.875066E+00   2.875066E+00   7.224248E+00   5.410223E+00  -1.000000E+01   3.720263E+00  -4.913986E+00        14
   9.562230E+03   4.564900E+06   2.875066E+00   2.875066E+00   7.224248E+00   5.410223E+00  -1.000000E+01   3.720263E+00  -4.913986E+00        14
   9.572230E+03   4.574460E+06   2.875066E+00   2.875066E+00   7.224248E+00   5.410223E+00  -1.000000E+01   3.720263E+00  -4.913986E+00        14
   9.582230E+03   4.584030E+06   2.875066E+00   2.875066E+00   7.224248E+00   5.410223E+00  -1.000000E+01   3.720263E+00  -4.913986E+00        14
   9.592230E+03   4.593610E+06   2.875066E+00   2.875066E+00   7.224248E+00   5.410223E+00  -1.000000E+01   3.720263E+00  -4.913986E+00        14
   9.602230E+03   4.603200E+06   2.875066E+00   2.875066E+00   7.224248E+00   5.410223E+00  -1.000000E+01   3.720263E+00  -4.913986E+00        14
   9.612230E+03   4.612800E+06   2.875066E+00   2.875066E+00   7.224248E+00   5.410223E+00  -1.000000E+01   3.720263E+00  -4.913986E+00        14
   9.622230E+03   4.622410E+06   2.875066E+00   2.875066E+00   7.224248E+00   5.410223E+00  -1.000000E+01   3.720263E+00  -4.913986E+00        14
   9.632230E+03   4.632030E+06   2.875066E+00   2.875066E+00   7.224248E+00   5.410223E+00  -1.000000E+01   3.720263E+00  -4.913986E+00        14
   9.642230E+03   4.641660E+06   2.875066E+00   2.875066E+00   7.224248E+00   5.410223E+00  -1.000000E+01   3.720263E+00  -4.913986E+00        14
   9.652230E+03   4.651300E+06   2.875066E+00   2.875066E+00   7.224248E+00   5.410223E+00  -1.000000E+01   3.720263E+00  -4.913986E+00        14
   9.662230E+03   4.660950E+06   2.875066E+00   2.875066E+00   7.224248E+00   5.410223E+00  -1.000000E+01   3.720263E+00  -4.913986E+00        14
   9.672230E+03   4.670610E+06   2.875066E+00   2.875066E+00   7.224248E+00   5.410223E+00  -1.000000E+01   3.720263E+00  -4.913986E+00        14
   9.682230E+03   4.680280E+06   2.875066E+00   2.875066E+00   7.224248E+00   5.410223E+00  -1.000000E+01   3.720263E+00  -4.913986E+00        14
   9.692230E+03   4.689960E+06   2.875066E+00   2.875066E+00   7.224248E+00   5.410223E+00  -1.000000E+01   3.720263E+00  -4.913986E+00        14
   9.702230E+03   4.699650E+06   2.875066E+00   2.875066E+00   7.224248E+00   5.410223E+00  -1.000000E+01   3.720263E+00  -4.913986E+00        14
   9.712230E+03   4.709350E+06   2.875066E+00   2.875066E+00   7.224248E+00   5.410223E+00  -1.000000E+01   3.720263E+00  -4.913986E+00        14
   9.722230E+03   4.719060E+06   2.875066E+00   2.875066E+00   7.224248E+00   5.410223E+00  -1.000000E+01   3.720263E+00  -4.913986E+00        14
   9.732230E+03   4.728780E+06   2.875066E+00   2.875066E+00   7.224248E+00   5.410223E+00  -1.000000E+01   3.720263E+00  -4.913986E+00        14
   9.742230E+03   4.738510E+06   2.875066E+00   2.875066E+00   7.224248E+00   5.410223E+00  -1.000000E+01   3.720263E+00  -4.913986E+00        14
   9.752230E+03   4.748250E+06   2.875066E+00   2.875066E+00   7.224248E+00   5.410223E+00  -1.000000E+01   3.720263E+00  -4.913986E+00        14
   9.762230E+03   4.758000E+06   2.875066E+00   2.875066E+00   7.224248E+00   5.410223E+00  -1.000000E+01   3.720263E+00  -4.913986E+00        14
   9.772230E+03   4.767760E+06   2.875066E+00   2.875066E+00   7.224248E+00   5.410223E+00  -1.000000E+01   3.720263E+00  -4.913986E+00        14
   9.782230E+03   4.777530E+06   2.875066E+00   2.875066E+00   7.224248E+00   5.410223E+00  -1.000000E+01   3.720263E+00  -4.913986E+00        14
   9.792230E+03   4.787310E+06   2.875066E+00   2.875066E+00   7.224248E+00   5.410223E+00  -1.000000E+01   3.720263E+00  -4.913986E+00        14
   9.802230E+03   4.797100E+06   2.875066E+00   2.875066E+00   7.224248E+00   5.410223E+00  -1.000000E+01   3.720263E+00  -4.913986E+00        14
   9.812230E+03   4.806900E+06   2.875066E+00   2.875066E+00   7.224248E+00   5.410223E+00  -1.000000E+01   3.720263E+00  -4.913986E+00        14
   9.822230E+03   4.816710E+06   2.875066E+00   2.875066E+00   7.224248E+00   5.410223E+00  -1.000000E+01   3.720263E+00  -4.913986E+00        14
   9.832230E+03   4.826530E+06   2.875066E+00   2.875066E+00   7.224248E+00   5.410223E+00  -1.000000E+01   3.720263E+00  -4.913986E+00        14
   9.842230E+03   4.836360E+06   2.875066E+00   2.875066E+00   7.224248E+00   5.410223E+00  -1.000000E+01   3.720263E+00  -4.913986E+00        14
   9.852230E+03   4.846200E+06   2.875066E+00   2.875066E+00   7.224248E+00   5.410223E+00  -1.000000E+01   3.720263E+00  -4.913986E+00        14
   9.862230E+03   4.856050E+06   2.875066E+00   2.875066E+00   7.224248E+00   5.410223E+00  -1.000000E+01   3.720263E+00  -4.913986E+00        14
   9.872230E+03   4.865910E+06   2.875066E+00   2.875066E+00   7.224248E+00   5.410223E+00  -1.000000E+01   3.720263E+00  -4.913986E+00        14
   9.882230E+03   4.875780E+06   2.875066E+00   2.875066E+00   7.224248E+00   5.410223E+00  -1.000000E+01   3.720263E+00  -4.913986E+00        14
   9.892230E+03   4.885660E+06   2.875066E+00   2.875066E+00   7.224248E+00   5.410223E+00  -1.000000E+01   3.720263E+00  -4.913986E+00        14
   9.902230E+03   4.895550E+06   2.875066E+00   2.875066E+00   7.224248E+00   5.410223E+00  -1.000000E+01   3.720263E+00  -4.913986E+00        14
   9.912230E+03   4.905450E+06   2.875066E+00   2.875066E+00   7.224248E+00   5.410223E+00  -1.000000E+01   3.720263E+00  -4.913986E+00        14
   9.922230E+03   4.915360E+06   2.875066E+00   2.875066E+00   7.224248E+00   5.410223E+00  -1.000000E+01   3.720263E+00  -4.913986E+00        14
   9.932230E+03   4.925280E+06   2.875066E+00   2.875066E+00   7.224248E+00   5.410223E+00  -1.000000E+01   3.720263E+00  -4.913986E+00        14
   9.942230E+03   4.935210E+06   2.875066E+00   2.875066E+00   7.224248E+00   5.410223E+00  -1.000000E+01   3.720263E+00  -4.913986E+00        14
   9.952230E+03   4.945150E+06   2.875066E+00   2.875066E+00   7.224248E+00   5.410223E+00  -1.000000E+01   3.720263E+00  -4.913986E+00        14
   9.962230E+03   4.955100E+06   2.875066E+00   2.875066E+00   7.224248E+00   5.410223E+00  -1.000000E+01   3.720263E+00  -4.913986E+00        14
   9.972230E+03   4.965060E+06   2.875066E+00   2.875066E+00   7.224248E+00   5.410223E+00  -1.000000E+01   3.720263E+00  -4.913986E+00        14
   9.982230E+03   4.975030E+06   2.875066E+00   2.875066E+00   7.224248E+00   5.410223E+00  -1.000000E+01   3.720263E+00  -4.913986E+00        14
   9.992230E+03   4.985010E+06   2.875066E+00   2.875066E+00   7.224248E+00   5.410223E+00  -1.000000E+01   3.720263E+00  -4.913986E+00        14
   1.000223E+04   4.995000E+06   2.875066E+00   2.875066E+00   7.224248E+00   5.410223E+00  -1.000000E+01   3.720263E+00  -4.913986E+00        14
   1.001223E+04   5.005000E+06   2.875066E+00   2.875066E+00   7.224248E+00   5.410223E+00  -1.000000E+01   3.720263E+00  -4.913986E+00        14
   1.002223E+04   5.015010E+06   2.875066E+00   2.875066E+00   7.224248E+00   5.410223E+00  -1.000000E+01   3.720263E+00  -4.913986E+00        14
   1.003223E+04   5.025030E+06   2.875066E+00   2.875066E+00   7.224248E+00   5.410223E+00  -1.000000E+01   3.720263E+00  -4.913986E+00        14
   1.004223E+04   5.035060E+06   2.875066E+00   2.875066E+00   7.224248E+00   5.410223E+00  -1.000000E+01   3.720263E+00  -4.913986E+00        14
   1.005223E+04   5.045100E+06   2.875066E+00   2.875066E+00   7.224248E+00   5.410223E+00  -1.000000E+01   3.720263E+00  -4.913986E+00        14
   1.006223E+04   5.055150E+06   2.875066E+00   2.875066E+00   7.224248E+00   5.410223E+00  -1.000000E+01   3.720263E+00  -4.913986E+00        14
   1.007223E+04   5.065210E+06   2.875066E+00   2.875066E+00   7.224248E+00   5.410223E+00  -1.000000E+01   3.720263E+00  -4.913986E+00        14
   1.008223E+04   5.075280E+06   2.875066E+00   2.875066E+00   7.224248E+00   5.410223E+00  -1.000000E+01   3.720263E+00  -4.913986E+00        14
   1.009223E+04   5.085360E+06   2.875066E+00   2.875066E+00   7.224248E+00   5.410223E+00  -1.000000E+01   3.720263E+00  -4.913986E+00        14
   1.010223E+04   5.095450E+06   2.875066E+00   2.875066E+00   7.224248E+00   5.410223E+00  -1.000000E+01   3.720263E+00  -4.913986E+00        14
   1.011223E+04   5.105550E+06   2.875066E+00   2.875066E+00   7.224248E+00   5.410223E+00  -1.000000E+01   3.720263E+00  -4.913986E+00        14
   1.012223E+04   5.115660E+06   2.875066E+00   2.875066E+00   7.224248E+00   5.410223E+00  -1.000000E+01   3.720263E+00  -4.913986E+00        14
   1.013223E+04   5.125780E+06   2.875066E+00   2.875066E+00   7.224248E+00   5.410223E+00  -1.000000E+01   3.720263E+00  -4.913986E+00        14
   1.014223E+04   5.135910E+06   2.875066E+00   2.875066E+00   7.224248E+00   5.410223E+00  -1.000000E+01   3.720263E+00  -4.913986E+00        14
   1.015223E+04   5.146050E+06   2.875066E+00   2.875066E+00   7.224248E+00   5.410223E+00  -1.000000E+01   3.720263E+00  -4.913986E+00        14
   1.016223E+04   5.156200E+06   2.875066E+00   2.875066E+00   7.224248E+00   5.410223E+00  -1.000000E+01   3.720263E+00  -4.913986E+00        14
   1.017223E+04   5.166360E+06   2.875066E+00   2.875066E+00   7.224248E+00   5.410223E+00  -1.000000E+01   3.720263E+00  -4.913986E+00        14
   1.018223E+04   5.176530E+06   2.875066E+00   2.875066E+00   7.224248E+00   5.410223E+00  -1.000000E+01   3.720263E+00  -4.913986E+00        14
   1.019223E+04   5.186710E+06   2.875066E+00   2.875066E+00   7.224248E+00   5.410223E+00  -1.000000E+01   3.720263E+00  -4.913986E+00        14
   1.020223E+04   5.196900E+06   2.875066E+00   2.875066E+00   7.224248E+00   5.410223E+00  -1.000000E+01   3.720263E+00  -4.913986E+00        14
   1.021223E+04   5.207100E+06   2.875066E+00   2.875066E+00   7.224248E+00   5.410223E+00  -1.000000E+01   3.720263E+00  -4.913986E+00        14
   1.022223E+04   5.217310E+06   2.875066E+00   2.875066E+00   7.224248E+00   5.410223E+00  -1.000000E+01   3.720263E+00  -4.913986E+00        14
   1.023223E+04   5.227530E+06   2.875066E+00   2.875066E+00   7.224248E+00   5.410223E+00  -1.000000E+01   3.720263E+00  -4.913986E+00        14
   1.024223E+04   5.237760E+06   2.875066E+00   2.875066E+00   7.224248E+00   5.410223E+00  -1.000000E+01   3.720263E+00  -4.913986E+00        14
   1.025223E+04   5.248000E+06   2.875066E+00   2.875066E+00   7.224248E+00   5.410223E+00  -1.000000E+01   3.720263E+00  -4.913986E+00        14
   1.026223E+04   5.258250E+06   2.875066E+00   2.875066E+00   7.224248E+00   5.410223E+00  -1.000000E+01   3.720263E+00  -4.913986E+00        14
   1.027223E+04   5.268510E+06   2.875066E+00   2.875066E+00   7.224248E+00   5.410223E+00  -1.000000E+01   3.720263E+00  -4.913986E+00        14
   1.028223E+04   5.278780E+06   2.875066E+00   2.875066E+00   7.224248E+00   5.410223E+00  -1.000000E+01   3.720263E+00  -4.913986E+00        14
   1.029223E+04   5.289060E+06   2.875066E+00   2.875066E+00   7.224248E+00   5.410223E+00  -1.000000E+01   3.720263E+00  -4.913986E+00        14
   1.030223E+04   5.299350E+06   2.875066E+00   2.875066E+00   7.224248E+00   5.410223E+00  -1.000000E+01   3.720263E+00  -4.913986E+00        14
   1.031223E+04   5.309650E+06   2.875066E+00   2.875066E+00   7.224248E+00   5.410223E+00  -1.000000E+01   3.720263E+00  -4.913986E+00        14
   1.032223E+04   5.319960E+06   2.875066E+00   2.875066E+00   7.224248E+00   5.410223E+00  -1.000000E+01   3.720263E+00  -4.913986E+00        14
   1.033223E+04   5.330280E+06   2.875066E+00   2.875066E+00   7.224248E+00   5.410223E+00  -1.000000E+01   3.720263E+00  -4.913986E+00        14
   1.034223E+04   5.340610E+06   2.875066E+00   2.875066E+00   7.224248E+00   5.410223E+00  -1.000000E+01   3.720263E+00  -4.913986E+00        14
   1.035223E+04   5.350950E+06   2.875066E+00   2.875066E+00   7.224248E+00   5.410223E+00  -1.000000E+01   3.720263E+00  -4.913986E+00        14
   1.036223E+04   5.361300E+06   2.875066E+00   2.875066E+00   7.224248E+00   5.410223E+00  -1.000000E+01   3.720263E+00  -4.913986E+00        14
   1.037223E+04   5.371660E+06   2.875066E+00   2.875066E+00   7.224248E+00   5.410223E+00  -1.000000E+01   3.720263E+00  -4.913986E+00        14
   1.038223E+04   5.382030E+06   2.875066E+00   2.875066E+00   7.224248E+00   5.410223E+00  -1.000000E+01   3.720263E+00  -4.913986E+00        14
   1.039223E+04   5.392410E+06   2.875066E+00   2.875066E+00   7.224248E+00   5.410223E+00  -1.000000E+01   3.720263E+00  -4.913986E+00        14
   1.040223E+04   5.402800E+06   2.875066E+00   2.875066E+00   7.224248E+00   5.410223E+00  -1.000000E+01   3.720263E+00  -4.913986E+00        14
   1.041223E+04   5.413200E+06   2.875066E+00   2.875066E+00   7.224248E+00   5.410223E+00  -1.000000E+01   3.720263E+00  -4.913986E+00        14
   1.042223E+04   5.423610E+06   2.875066E+00   2.875066E+00   7.224248E+00   5.410223E+00  -1.000000E+01   3.720263E+00  -4.913986E+00        14
   1.043223E+04   5.434030E+06   2.875066E+00   2.875066E+00   7.224248E+00   5.410223E+00  -1.000000E+01   3.720263E+00  -4.913986E+00        14
   1.044223E+04   5.444460E+06   2.875066E+00   2.875066E+00   7.224248E+00   5.410223E+00  -1.000000E+01   3.720263E+00  -4.913986E+00        14
   1.045223E+04   5.454900E+06   2.875066E+00   2.875066E+00   7.224248E+00   5.410223E+00  -1.000000E+01   3.720263E+00  -4.913986E+00        14
   1.046223E+04   5.465350E+06   2.875066E+00   2.875066E+00   7.224248E+00   5.410223E+00  -1.000000E+01   3.720263E+00  -4.913986E+00        14
   1.047223E+04   5.475810E+06   2.875066E+00   2.875066E+00   7.224248E+00   5.410223E+00  -1.000000E+01   3.720263E+00  -4.913986E+00        14
   1.048223E+04   5.486280E+06   2.875066E+00   2.875066E+00   7.224248E+00   5.410223E+00  -1.000000E+01   3.720263E+00  -4.913986E+00        14
   1.049223E+04   5.496760E+06   2.875066E+00   2.875066E+00   7.224248E+00   5.410223E+00  -1.000000E+01   3.720263E+00  -4.913986E+00        14
   1.050223E+04   5.507250E+06   2.875066E+00   2.875066E+00   7.224248E+00   5.410223E+00  -1.000000E+01   3.720263E+00  -4.913986E+00        14
   1.051223E+04   5.517750E+06   2.875066E+00   2.875066E+00   7.224248E+00   5.410223E+00  -1.000000E+01   3.720263E+00  -4.913986E+00        14
   1.052223E+04   5.528260E+06   2.875066E+00   2.875066E+00   7.224248E+00   5.410223E+00  -1.000000E+01   3.720263E+00  -4.913986E+00        14
   1.053223E+04   5.538780E+06   2.875066E+00   2.875066E+00   7.224248E+00   5.410223E+00  -1.000000E+01   3.720263E+00  -4.913986E+00        14
   1.054223E+04   5.549310E+06   2.875066E+00   2.875066E+00   7.224248E+00   5.410223E+00  -1.000000E+01   3.720263E+00  -4.913986E+00        14
   1.055223E+04   5.559850E+06   2.875066E+00   2.875066E+00   7.224248E+00   5.410223E+00  -1.000000E+01   3.720263E+00  -4.913986E+00        14
   1.056223E+04   5.570400E+06   2.875066E+00   2.875066E+00   7.224248E+00   5.410223E+00  -1.000000E+01   3.720263E+00  -4.913986E+00        14
   1.057223E+04   5.580960E+06   2.875066E+00   2.875066E+00   7.224248E+00   5.410223E+00  -1.000000E+01   3.720263E+00  -4.913986E+00        14
   1.058223E+04   5.591530E+06   2.875066E+00   2.875066E+00   7.224248E+00   5.410223E+00  -1.000000E+01   3.720263E+00  -4.913986E+00        14
   1.059223E+04   5.602110E+06   2.875066E+00   2.875066E+00   7.224248E+00   5.410223E+00  -1.000000E+01   3.720263E+00  -4.913986E+00        14
   1.060223E+04   5.612700E+06   2.875066E+00   2.875066E+00   7.224248E+00   5.410223E+00  -1.000000E+01   3.720263E+00  -4.913986E+00        14
   1.061223E+04   5.623300E+06   2.875066E+00   2.875066E+00   7.224248E+00   5.410223E+00  -1.000000E+01   3.720263E+00  -4.913986E+00        14
   1.062223E+04   5.633910E+06   2.875066E+00   2.875066E+00   7.224248E+00   5.410223E+00  -1.000000E+01   3.720263E+00  -4.913986E+00        14
   1.063223E+04   5.644530E+06   2.875066E+00   2.875066E+00   7.224248E+00   5.410223E+00  -1.000000E+01   3.720263E+00  -4.913986E+00        14
   1.064223E+04   5.655160E+06   2.875066E+00   2.875066E+00   7.224248E+00   5.410223E+00  -1.000000E+01   3.720263E+00  -4.913986E+00        14
   1.065223E+04   5.665800E+06   2.875066E+00   2.875066E+00   7.224248E+00   5.410223E+00  -1.000000E+01   3.720263E+00  -4.913986E+00        14
   1.066223E+04   5.676450E+06   2.875066E+00   2.875066E+00   7.224248E+00   5.410223E+00  -1.000000E+01   3.720263E+00  -4.913986E+00        14
   1.067223E+04   5.687110E+06   2.875066E+00   2.875066E+00   7.224248E+00   5.410223E+00  -1.000000E+01   3.720263E+00  -4.913986E+00        14
   1.068223E+04   5.697780E+06   2.875066E+00   2.875066E+00   7.224248E+00   5.410223E+00  -1.000000E+01   3.720263E+00  -4.913986E+00        14
   1.069223E+04   5.708460E+06   2.875066E+00   2.875066E+00   7.224248E+00   5.410223E+00  -1.000000E+01   3.720263E+00  -4.913986E+00        14
   1.070223E+04   5.719150E+06   2.875066E+00   2.875066E+00   7.224248E+00   5.410223E+00  -1.000000E+01   3.720263E+00  -4.913986E+00        14
   1.071223E+04   5.729850E+06   2.875066E+00   2.875066E+00   7.224248E+00   5.410223E+00  -1.000000E+01   3.720263E+00  -4.913986E+00        14
   1.072223E+04   5.740560E+06   2.875066E+00   2.875066E+00   7.224248E+00   5.410223E+00  -1.000000E+01   3.720263E+00  -4.913986E+00        14
   1.073223E+04   5.751280E+06   2.875066E+00   2.875066E+00   7.224248E+00   5.410223E+00  -1.000000E+01   3.720263E+00  -4.913986E+00        14
   1.074223E+04   5.762010E+06   2.875066E+00   2.875066E+00   7.224248E+00   5.410223E+00  -1.000000E+01   3.720263E+00  -4.913986E+00        14
   1.075223E+04   5.772750E+06   2.875066E+00   2.875066E+00   7.224248E+00   5.410223E+00  -1.000000E+01   3.720263E+00  -4.913986E+00        14
   1.076223E+04   5.783500E+06   2.875066E+00   2.875066E+00   7.224248E+00   5.410223E+00  -1.000000E+01   3.720263E+00  -4.913986E+00        14
   1.077223E+04   5.794260E+06   2.875066E+00   2.875066E+00   7.224248E+00   5.410223E+00  -1.000000E+01   3.720263E+00  -4.913986E+00        14
   1.078223E+04   5.805030E+06   2.875066E+00   2.875066E+00   7.224248E+00   5.410223E+00  -1.000000E+01   3.720263E+00  -4.913986E+00        14
   1.079223E+04   5.815810E+06   2.875066E+00   2.875066E+00   7.224248E+00   5.410223E+00  -1.000000E+01   3.720263E+00  -4.913986E+00        14
   1.080223E+04   5.826600E+06   2.875066E+00   2.875066E+00   7.224248E+00   5.410223E+00  -1.000000E+01   3.720263E+00  -4.913986E+00        14
   1.081223E+04   5.837400E+06   2.875066E+00   2.875066E+00   7.224248E+00   5.410223E+00  -1.000000E+01   3.720263E+00  -4.913986E+00        14
   1.082223E+04   5.848210E+06   2.875066E+00   2.875066E+00   7.224248E+00   5.410223E+00  -1.000000E+01   3.720263E+00  -4.913986E+00        14
   1.083223E+04   5.859030E+06   2.875066E+00   2.875066E+00   7.224248E+00   5.410223E+00  -1.000000E+01   3.720263E+00  -4.913986E+00        14
   1.084223E+04   5.869860E+06   2.875066E+00   2.875066E+00   7.224248E+00   5.410223E+00  -1.000000E+01   3.720263E+00  -4.913986E+00        14
   1.085223E+04   5.880700E+06   2.875066E+00   2.875066E+00   7.224248E+00   5.410223E+00  -1.000000E+01   3.720263E+00  -4.913986E+00        14
   1.086223E+04   5.891550E+06   2.875066E+00   2.875066E+00   7.224248E+00   5.410223E+00  -1.000000E+01   3.720263E+00  -4.913986E+00        14
   1.087223E+04   5.902410E+06   2.875066E+00   2.875066E+00   7.224248E+00   5.410223E+00  -1.000000E+01   3.720263E+00  -4.913986E+00        14
   1.088223E+04   5.913280E+06   2.875066E+00   2.875066E+00   7.224248E+00   5.410223E+00  -1.000000E+01   3.720263E+00  -4.913986E+00        14
   1.089223E+04   5.924160E+06   2.875066E+00   2.875066E+00   7.224248E+00   5.410223E+00  -1.000000E+01   3.720263E+00  -4.913986E+00        14
   1.090223E+04   5.935050E+06   2.875066E+00   2.875066E+00   7.224248E+00   5.410223E+00  -1.000000E+01   3.720263E+00  -4.913986E+00        14
   1.091223E+04   5.945950E+06   2.875066E+00   2.875066E+00   7.224248E+00   5.410223E+00  -1.000000E+01   3.720263E+00  -4.913986E+00        14
   1.092223E+04   5.956860E+06   2.875066E+00   2.875066E+00   7.224248E+00   5.410223E+00  -1.000000E+01   3.720263E+00  -4.913986E+00        14
   1.093223E+04   5.967780E+06   2.875066E+00   2.875066E+00   7.224248E+00   5.410223E+00  -1.000000E+01   3.720263E+00  -4.913986E+00        14
   1.094223E+04   5.978710E+06   2.875066E+00   2.875066E+00   7.224248E+00   5.410223E+00  -1.000000E+01   3.720263E+00  -4.913986E+00        14
   1.095223E+04   5.989650E+06   2.875066E+00   2.875066E+00   7.224248E+00   5.410223E+00  -1.000000E+01   3.720263E+00  -4.913986E+00        14
   1.096223E+04   6.000600E+06   2.875066E+00   2.875066E+00   7.224248E+00   5.410223E+00  -1.000000E+01   3.720263E+00  -4.913986E+00        14
   1.097223E+04   6.011560E+06   2.875066E+00   2.875066E+00   7.224248E+00   5.410223E+00  -1.000000E+01   3.720263E+00  -4.913986E+00        14
   1.098223E+04   6.022530E+06   2.875066E+00   2.875066E+00   7.224248E+00   5.410223E+00  -1.000000E+01   3.720263E+00  -4.913986E+00        14
   1.099223E+04   6.033510E+06   2.875066E+00   2.875066E+00   7.224248E+00   5.410223E+00  -1.000000E+01   3.720263E+00  -4.913986E+00        14
   1.100223E+04   6.044500E+06   2.875066E+00   2.875066E+00   7.224248E+00   5.410223E+00  -1.000000E+01   3.720263E+00  -4.913986E+00        14
   1.101223E+04   6.055500E+06   2.875066E+00   2.875066E+00   7.224248E+00   5.410223E+00  -1.000000E+01   3.720263E+00  -4.913986E+00        14
   1.102223E+04   6.066510E+06   2.875066E+00   2.875066E+00   7.224248E+00   5.410223E+00  -1.000000E+01   3.720263E+00  -4.913986E+00        14
   1.103223E+04   6.077530E+06   2.875066E+00   2.875066E+00   7.224248E+00   5.410223E+00  -1.000000E+01   3.720263E+00  -4.913986E+00        14
   1.104223E+04   6.088560E+06   2.875066E+00   2.875066E+00   7.224248E+00   5.410223E+00  -1.000000E+01   3.720263E+00  -4.913986E+00        14
   1.105223E+04   6.099600E+06   2.875066E+00   2.875066E+00   7.224248E+00   5.410223E+00  -1.000000E+01   3.720263E+00  -4.913986E+00        14
   1.106223E+04   6.110650E+06   2.875066E+00   2.875066E+00   7.224248E+00   5.410223E+00  -1.000000E+01   3.720263E+00  -4.913986E+00        14
   1.107223E+04   6.121710E+06   2.875066E+00   2.875066E+00   7.224248E+00   5.410223E+00  -1.000000E+01   3.720263E+00  -4.913986E+00        14
   1.108223E+04   6.132780E+06   2.875066E+00   2.875066E+00   7.224248E+00   5.410223E+00  -1.000000E+01   3.720263E+00  -4.913986E+00        14
   1.109223E+04   6.143860E+06   2.875066E+00   2.875066E+00   7.224248E+00   5.410223E+00  -1.000000E+01   3.720263E+00  -4.913986E+00        14
   1.110223E+04   6.154950E+06   2.875066E+00   2.875066E+00   7.224248E+00   5.410223E+00  -1.000000E+01   3.720263E+00  -4.913986E+00        14
   1.111223E+04   6.166050E+06   2.875066E+00   2.875066E+00   7.224248E+00   5.410223E+00  -1.000000E+01   3.720263E+00  -4.913986E+00        14
   1.112223E+04   6.177160E+06   2.875066E+00   2.875066E+00   7.224248E+00   5.410223E+00  -1.000000E+01   3.720263E+00  -4.913986E+00        14
   1.113223E+04   6.188280E+06   2.875066E+00   2.875066E+00   7.224248E+00   5.410223E+00  -1.000000E+01   3.720263E+00  -4.913986E+00        14
   1.114223E+04   6.199410E+06   2.875066E+00   2.875066E+00   7.224248E+00   5.410223E+00  -1.000000E+01   3.720263E+00  -4.913986E+00        14
   1.115223E+04   6.210550E+06   2.875066E+00   2.875066E+00   7.224248E+00   5.410223E+00  -1.000000E+01   3.720263E+00  -4.913986E+00        14
   1.116223E+04   6.221700E+06   2.875066E+00   2.875066E+00   7.224248E+00   5.410223E+00  -1.000000E+01   3.720263E+00  -4.913986E+00        14
   1.117223E+04   6.232860E+06   2.875066E+00   2.875066E+00   7.224248E+00   5.410223E+00  -1.000000E+01   3.720263E+00  -4.913986E+00        14
   1.118223E+04   6.244030E+06   2.875066E+00   2.875066E+00   7.224248E+00   5.410223E+00  -1.000000E+01   3.720263E+00  -4.913986E+00        14
   1.119223E+04   6.255210E+06   2.875066E+00   2.875066E+00   7.224248E+00   5.410223E+00  -1.000000E+01   3.720263E+00  -4.913986E+00        14
   1.120223E+04   6.266400E+06   2.875066E+00   2.875066E+00   7.224248E+00   5.410223E+00  -1.000000E+01   3.720263E+00  -4.913986E+00        14
   1.121223E+04   6.277600E+06   2.875066E+00   2.875066E+00   7.224248E+00   5.410223E+00  -1.000000E+01   3.720263E+00  -4.913986E+00        14
   1.122223E+04   6.288810E+06   2.875066E+00   2.875066E+00   7.224248E+00   5.410223E+00  -1.000000E+01   3.720263E+00  -4.913986E+00        14
   1.123223E+04   6.300030E+06   2.875066E+00   2.875066E+00   7.224248E+00   5.410223E+00  -1.000000E+01   3.720263E+00  -4.913986E+00        14
   1.124223E+04   6.311260E+06   2.875066E+00   2.875066E+00   7.224248E+00   5.410223E+00  -1.000000E+01   3.720263E+00  -4.913986E+00        14
   1.125223E+04   6.322500E+06   2.875066E+00   2.875066E+00   7.224248E+00   5.410223E+00  -1.000000E+01   3.720263E+00  -4.913986E+00        14
   1.126223E+04   6.333750E+06   2.875066E+00   2.875066E+00   7.224248E+00   5.410223E+00  -1.000000E+01   3.720263E+00  -4.913986E+00        14
   1.127223E+04   6.345010E+06   2.875066E+00   2.875066E+00   7.224248E+00   5.410223E+00  -1.000000E+01   3.720263E+00  -4.913986E+00        14
   1.128223E+04   6.356280E+06   2.875066E+00   2.875066E+00   7.224248E+00   5.410223E+00  -1.000000E+01   3.720263E+00  -4.913986E+00        14
   1.129223E+04   6.367560E+06   2.875066E+00   2.875066E+00   7.224248E+00   5.410223E+00  -1.000000E+01   3.720263E+00  -4.913986E+00        14
   1.130223E+04   6.378850E+06   2.875066E+00   2.875066E+00   7.224248E+00   5.410223E+00  -1.000000E+01   3.720263E+00  -4.913986E+00        14
   1.131223E+04   6.390150E+06   2.875066E+00   2.875066E+00   7.224248E+00   5.410223E+00  -1.000000E+01   3.720263E+00  -4.913986E+00        14
   1.132223E+04   6.401460E+06   2.875066E+00   2.875066E+00   7.224248E+00   5.410223E+00  -1.000000E+01   3.720263E+00  -4.913986E+00        14
   1.133223E+04   6.412780E+06   2.875066E+00   2.875066E+00   7.224248E+00   5.410223E+00  -1.000000E+01   3.720263E+00  -4.913986E+00        14
   1.134223E+04   6.424110E+06   2.875066E+00   2.875066E+00   7.224248E+00   5.410223E+00  -1.000000E+01   3.720263E+00  -4.913986E+00        14
   1.135223E+04   6.435450E+06   2.875066E+00   2.875066E+00   7.224248E+00   5.410223E+00  -1.000000E+01   3.720263E+00  -4.913986E+00        14
   1.136223E+04   6.446800E+06   2.875066E+00   2.875066E+00   7.224248E+00   5.410223E+00  -1.000000E+01   3.720263E+00  -4.913986E+00        14
   1.137223E+04   6.458160E+06   2.875066E+00   2.875066E+00   7.224248E+00   5.410223E+00  -1.000000E+01   3.720263E+00  -4.913986E+00        14
   1.138223E+04   6.469530E+06   2.875066E+00   2.875066E+00   7.224248E+00   5.410223E+00  -1.000000E+01   3.720263E+00  -4.913986E+00        14
   1.139223E+04   6.480910E+06   2.875066E+00   2.875066E+00   7.224248E+00   5.410223E+00  -1.000000E+01   3.720263E+00  -4.913986E+00        14
   1.140223E+04   6.492300E+06   2.875066E+00   2.875066E+00   7.224248E+00   5.410223E+00  -1.000000E+01   3.720263E+00  -4.913986E+00        14
   1.141223E+04   6.503700E+06   2.875066E+00   2.875066E+00   7.224248E+00   5.410223E+00  -1.000000E+01   3.720263E+00  -4.913986E+00        14
   1.142223E+04   6.515110E+06   2.875066E+00   2.875066E+00   7.224248E+00   5.410223E+00  -1.000000E+01   3.720263E+00  -4.913986E+00        14
   1.143223E+04   6.526530E+06   2.875066E+00   2.875066E+00   7.224248E+00   5.410223E+00  -1.000000E+01   3.720263E+00  -4.913986E+00        14
   1.144223E+04   6.537960E+06   2.875066E+00   2.875066E+00   7.224248E+00   5.410223E+00  -1.000000E+01   3.720263E+00  -4.913986E+00        14
   1.145223E+04   6.549400E+06   2.875066E+00   2.875066E+00   7.224248E+00   5.410223E+00  -1.000000E+01   3.720263E+00  -4.913986E+00        14
   1.146223E+04   6.560850E+06   2.875066E+00   2.875066E+00   7.224248E+00   5.410223E+00  -1.000000E+01   3.720263E+00  -4.913986E+00        14
   1.147223E+04   6.572310E+06   2.875066E+00   2.875066E+00   7.224248E+00   5.410223E+00  -1.000000E+01   3.720263E+00  -4.913986E+00        14
   1.148223E+04   6.583780E+06   2.875066E+00   2.875066E+00   7.224248E+00   5.410223E+00  -1.000000E+01   3.720263E+00  -4.913986E+00        14
   1.149223E+04   6.595260E+06   2.875066E+00   2.875066E+00   7.224248E+00   5.410223E+00  -1.000000E+01   3.720263E+00  -4.913986E+00        14
   1.150223E+04   6.606750E+06   2.875066E+00   2.875066E+00   7.224248E+00   5.410223E+00  -1.000000E+01   3.720263E+00  -4.913986E+00        14
   1.151223E+04   6.618250E+06   2.875066E+00   2.875066E+00   7.224248E+00   5.410223E+00  -1.000000E+01   3.720263E+00  -4.913986E+00        14
   1.152223E+04   6.629760E+06   2.875066E+00   2.875066E+00   7.224248E+00   5.410223E+00  -1.000000E+01   3.720263E+00  -4.913986E+00        14
   1.153223E+04   6.641280E+06   2.875066E+00   2.875066E+00   7.224248E+00   5.410223E+00  -1.000000E+01   3.720263E+00  -4.913986E+00        14
   1.154223E+04   6.652810E+06   2.875066E+00   2.875066E+00   7.224248E+00   5.410223E+00  -1.000000E+01   3.720263E+00  -4.913986E+00        14
   1.155223E+04   6.664350E+06   2.875066E+00   2.875066E+00   7.224248E+00   5.410223E+00  -1.000000E+01   3.720263E+00  -4.913986E+00        14
   1.156223E+04   6.675900E+06   2.875066E+00   2.875066E+00   7.224248E+00   5.410223E+00  -1.000000E+01   3.720263E+00  -4.913986E+00        14
   1.157223E+04   6.687460E+06   2.875066E+00   2.875066E+00   7.224248E+00   5.410223E+00  -1.000000E+01   3.720263E+00  -4.913986E+00        14
   1.158223E+04   6.699030E+06   2.875066E+00   2.875066E+00   7.224248E+00   5.410223E+00  -1.000000E+01   3.720263E+00  -4.913986E+00        14
   1.159223E+04   6.710610E+06   2.875066E+00   2.875066E+00   7.224248E+00   5.410223E+00  -1.000000E+01   3.720263E+00  -4.913986E+00        14
   1.160223E+04   6.722200E+06   2.875066E+00   2.875066E+00   7.224248E+00   5.410223E+00  -1.000000E+01   3.720263E+00  -4.913986E+00        14
   1.161223E+04   6.733800E+06   2.875066E+00   2.875066E+00   7.224248E+00   5.410223E+00  -1.000000E+01   3.720263E+00  -4.913986E+00        14
   1.162223E+04   6.745410E+06   2.875066E+00   2.875066E+00   7.224248E+00   5.410223E+00  -1.000000E+01   3.720263E+00  -4.913986E+00        14
   1.163223E+04   6.757030E+06   2.875066E+00   2.875066E+00   7.224248E+00   5.410223E+00  -1.000000E+01   3.720263E+00  -4.913986E+00        14
   1.164223E+04   6.768660E+06   2.875066E+00   2.875066E+00   7.224248E+00   5.410223E+00  -1.000000E+01   3.720263E+00  -4.913986E+00        14
   1.165223E+04   6.780300E+06   2.875066E+00   2.875066E+00   7.224248E+00   5.410223E+00  -1.000000E+01   3.720263E+00  -4.913986E+00        14
   1.166223E+04   6.791950E+06   2.875066E+00   2.875066E+00   7.224248E+00   5.410223E+00  -1.000000E+01   3.720263E+00  -4.913986E+00        14
   1.167223E+04   6.803610E+06   2.875066E+00   2.875066E+00   7.224248E+00   5.410223E+00  -1.000000E+01   3.720263E+00  -4.913986E+00        14
   1.168223E+04   6.815280E+06   2.875066E+00   2.875066E+00   7.224248E+00   5.410223E+00  -1.000000E+01   3.720263E+00  -4.913986E+00        14
   1.169223E+04   6.826960E+06   2.875066E+00   2.875066E+00   7.224248E+00   5.410223E+00  -1.000000E+01   3.720263E+00  -4.913986E+00        14
   1.170223E+04   6.838650E+06   2.875066E+00   2.875066E+00   7.224248E+00   5.410223E+00  -1.000000E+01   3.720263E+00  -4.913986E+00        14
   1.171223E+04   6.850350E+06   2.875066E+00   2.875066E+00   7.224248E+00   5.410223E+00  -1.000000E+01   3.720263E+00  -4.913986E+00        14
   1.172223E+04   6.862060E+06   2.875066E+00   2.875066E+00   7.224248E+00   5.410223E+00  -1.000000E+01   3.720263E+00  -4.913986E+00        14
   1.173223E+04   6.873780E+06   2.875066E+00   2.875066E+00   7.224248E+00   5.410223E+00  -1.000000E+01   3.720263E+00  -4.913986E+00        14
   1.174223E+04   6.885510E+06   2.875066E+00   2.875066E+00   7.224248E+00   5.410223E+00  -1.000000E+01   3.720263E+00  -4.913986E+00        14
   1.175223E+04   6.897250E+06   2.875066E+00   2.875066E+00   7.224248E+00   5.410223E+00  -1.000000E+01   3.720263E+00  -4.913986E+00        14
   1.176223E+04   6.909000E+06   2.875066E+00   2.875066E+00   7.224248E+00   5.410223E+00  -1.000000E+01   3.720263E+00  -4.913986E+00        14
   1.177223E+04   6.920760E+06   2.875066E+00   2.875066E+00   7.224248E+00   5.410223E+00  -1.000000E+01   3.720263E+00  -4.913986E+00        14
   1.178223E+04   6.932530E+06   2.875066E+00   2.875066E+00   7.224248E+00   5.410223E+00  -1.000000E+01   3.720263E+00  -4.913986E+00        14
   1.179223E+04   6.944310E+06   2.875066E+00   2.875066E+00   7.224248E+00   5.410223E+00  -1.000000E+01   3.720263E+00  -4.913986E+00        14
   1.180223E+04   6.956100E+06   2.875066E+00   2.875066E+00   7.224248E+00   5.410223E+00  -1.000000E+01   3.720263E+00  -4.913986E+00        14
   1.181223E+04   6.967900E+06   2.875066E+00   2.875066E+00   7.224248E+00   5.410223E+00  -1.000000E+01   3.720263E+00  -4.913986E+00        14
   1.182223E+04   6.979710E+06   2.875066E+00   2.875066E+00   7.224248E+00   5.410223E+00  -1.000000E+01   3.720263E+00  -4.913986E+00        14
   1.183223E+04   6.991530E+06   2.875066E+00   2.875066E+00   7.224248E+00   5.410223E+00  -1.000000E+01   3.720263E+00  -4.913986E+00        14
   1.184223E+04   7.003360E+06   2.875066E+00   2.875066E+00   7.224248E+00   5.410223E+00  -1.000000E+01   3.720263E+00  -4.913986E+00        14
   1.185223E+04   7.015200E+06   2.875066E+00   2.875066E+00   7.224248E+00   5.410223E+00  -1.000000E+01   3.720263E+00  -4.913986E+00        14
   1.186223E+04   7.027050E+06   2.875066E+00   2.875066E+00   7.224248E+00   5.410223E+00  -1.000000E+01   3.720263E+00  -4.913986E+00        14
   1.187223E+04   7.038910E+06   2.875066E+00   2.875066E+00   7.224248E+00   5.410223E+00  -1.000000E+01   3.720263E+00  -4.913986E+00        14
   1.188223E+04   7.050780E+06   2.875066E+00   2.875066E+00   7.224248E+00   5.410223E+00  -1.000000E+01   3.720263E+00  -4.913986E+00        14
   1.189223E+04   7.062660E+06   2.875066E+00   2.875066E+00   7.224248E+00   5.410223E+00  -1.000000E+01   3.720263E+00  -4.913986E+00        14
   1.190223E+04   7.074550E+06   2.875066E+00   2.875066E+00   7.224248E+00   5.410223E+00  -1.000000E+01   3.720263E+00  -4.913986E+00        14
   1.191223E+04   7.086450E+06   2.875066E+00   2.875066E+00   7.224248E+00   5.410223E+00  -1.000000E+01   3.720263E+00  -4.913986E+00        14
   1.192223E+04   7.098360E+06   2.875066E+00   2.875066E+00   7.224248E+00   5.410223E+00  -1.000000E+01   3.720263E+00  -4.913986E+00        14
   1.193223E+04   7.110280E+06   2.875066E+00   2.875066E+00   7.224248E+00   5.410223E+00  -1.000000E+01   3.720263E+00  -4.913986E+00        14
   1.194223E+04   7.122210E+06   2.875066E+00   2.875066E+00   7.224248E+00   5.410223E+00  -1.000000E+01   3.720263E+00  -4.913986E+00        14
   1.195223E+04   7.134150E+06   2.875066E+00   2.875066E+00   7.224248E+00   5.410223E+00  -1.000000E+01   3.720263E+00  -4.913986E+00        14
   1.196223E+04   7.146100E+06   2.875066E+00   2.875066E+00   7.224248E+00   5.410223E+00  -1.000000E+01   3.720263E+00  -4.913986E+00        14
   1.197223E+04   7.158060E+06   2.875066E+00   2.875066E+00   7.224248E+00   5.410223E+00  -1.000000E+01   3.720263E+00  -4.913986E+00        14
   1.198223E+04   7.170030E+06   2.875066E+00   2.875066E+00   7.224248E+00   5.410223E+00  -1.000000E+01   3.720263E+00  -4.913986E+00        14
   1.199223E+04   7.182010E+06   2.875066E+00   2.875066E+00   7.224248E+00   5.410223E+00  -1.000000E+01   3.720263E+00  -4.913986E+00        14
   1.200223E+04   7.194000E+06   2.875066E+00   2.875066E+00   7.224248E+00   5.410223E+00  -1.000000E+01   3.720263E+00  -4.913986E+00        14
   1.201223E+04   7.206000E+06   2.875066E+00   2.875066E+00   7.224248E+00   5.410223E+00  -1.000000E+01   3.720263E+00  -4.913986E+00        14
   1.202223E+04   7.218010E+06   2.875066E+00   2.875066E+00   7.224248E+00   5.410223E+00  -1.000000E+01   3.720263E+00  -4.913986E+00        14
   1.203223E+04   7.230030E+06   2.875066E+00   2.875066E+00   7.224248E+00   5.410223E+00  -1.000000E+01   3.720263E+00  -4.913986E+00        14
   1.204223E+04   7.242060E+06   2.875066E+00   2.875066E+00   7.224248E+00   5.410223E+00  -1.000000E+01   3.720263E+00  -4.913986E+00        14
   1.205223E+04   7.254100E+06   2.875066E+00   2.875066E+00   7.224248E+00   5.410223E+00  -1.000000E+01   3.720263E+00  -4.913986E+00        14
   1.206223E+04   7.266150E+06   2.875066E+00   2.875066E+00   7.224248E+00   5.410223E+00  -1.000000E+01   3.720263E+00  -4.913986E+00        14
   1.207223E+04   7.278210E+06   2.875066E+00   2.875066E+00   7.224248E+00   5.410223E+00  -1.000000E+01   3.720263E+00  -4.913986E+00        14
   1.208223E+04   7.290280E+06   2.875066E+00   2.875066E+00   7.224248E+00   5.410223E+00  -1.000000E+01   3.720263E+00  -4.913986E+00        14
   1.209223E+04   7.302360E+06   2.875066E+00   2.875066E+00   7.224248E+00   5.410223E+00  -1.000000E+01   3.720263E+00  -4.913986E+00        14
   1.210223E+04   7.314450E+06   2.875066E+00   2.875066E+00   7.224248E+00   5.410223E+00  -1.000000E+01   3.720263E+00  -4.913986E+00        14
   1.211223E+04   7.326550E+06   2.875066E+00   2.875066E+00   7.224248E+00   5.410223E+00  -1.000000E+01   3.720263E+00  -4.913986E+00        14
   1.212223E+04   7.338660E+06   2.875066E+00   2.875066E+00   7.224248E+00   5.410223E+00  -1.000000E+01   3.720263E+00  -4.913986E+00        14
   1.213223E+04   7.350780E+06   2.875066E+00   2.875066E+00   7.224248E+00   5.410223E+00  -1.000000E+01   3.720263E+00  -4.913986E+00        14
   1.214223E+04   7.362910E+06   2.875066E+00   2.875066E+00   7.224248E+00   5.410223E+00  -1.000000E+01   3.720263E+00  -4.913986E+00        14
   1.215223E+04   7.375050E+06   2.875066E+00   2.875066E+00   7.224248E+00   5.410223E+00  -1.000000E+01   3.720263E+00  -4.913986E+00        14
   1.216223E+04   7.387200E+06   2.875066E+00   2.875066E+00   7.224248E+00   5.410223E+00  -1.000000E+01   3.720263E+00  -4.913986E+00        14
   1.217223E+04   7.399360E+06   2.875066E+00   2.875066E+00   7.224248E+00   5.410223E+00  -1.000000E+01   3.720263E+00  -4.913986E+00        14
   1.218223E+04   7.411530E+06   2.875066E+00   2.875066E+00   7.224248E+00   5.410223E+00  -1.000000E+01   3.720263E+00  -4.913986E+00        14
   1.219223E+04   7.423710E+06   2.875066E+00   2.875066E+00   7.224248E+00   5.410223E+00  -1.000000E+01   3.720263E+00  -4.913986E+00        14
   1.220223E+04   7.435900E+06   2.875066E+00   2.875066E+00   7.224248E+00   5.410223E+00  -1.000000E+01   3.720263E+00  -4.913986E+00        14
   1.221223E+04   7.448100E+06   2.875066E+00   2.875066E+00   7.224248E+00   5.410223E+00  -1.000000E+01   3.720263E+00  -4.913986E+00        14
   1.222223E+04   7.460310E+06   2.875066E+00   2.875066E+00   7.224248E+00   5.410223E+00  -1.000000E+01   3.720263E+00  -4.913986E+00        14
   1.223223E+04   7.472530E+06   2.875066E+00   2.875066E+00   7.224248E+00   5.410223E+00  -1.000000E+01   3.720263E+00  -4.913986E+00        14
   1.224223E+04   7.484760E+06   2.875066E+00   2.875066E+00   7.224248E+00   5.410223E+00  -1.000000E+01   3.720263E+00  -4.913986E+00        14
   1.225223E+04   7.497000E+06   2.875066E+00   2.875066E+00   7.224248E+00   5.410223E+00  -1.000000E+01   3.720263E+00  -4.913986E+00        14
   1.226223E+04   7.509250E+06   2.875066E+00   2.875066E+00   7.224248E+00   5.410223E+00  -1.000000E+01   3.720263E+00  -4.913986E+00        14
   1.227223E+04   7.521510E+06   2.875066E+00   2.875066E+00   7.224248E+00   5.410223E+00  -1.000000E+01   3.720263E+00  -4.913986E+00        14
   1.228223E+04   7.533780E+06   2.875066E+00   2.875066E+00   7.224248E+00   5.410223E+00  -1.000000E+01   3.720263E+00  -4.913986E+00        14
   1.229223E+04   7.546060E+06   2.875066E+00   2.875066E+00   7.224248E+00   5.410223E+00  -1.000000E+01   3.720263E+00  -4.913986E+00        14
   1.230223E+04   7.558350E+06   2.875066E+00   2.875066E+00   7.224248E+00   5.410223E+00  -1.000000E+01   3.720263E+00  -4.913986E+00        14
   1.231223E+04   7.570650E+06   2.875066E+00   2.875066E+00   7.224248E+00   5.410223E+00  -1.000000E+01   3.720263E+00  -4.913986E+00        14
   1.232223E+04   7.582960E+06   2.875066E+00   2.875066E+00   7.224248E+00   5.410223E+00  -1.000000E+01   3.720263E+00  -4.913986E+00        14
   1.233223E+04   7.595280E+06   2.875066E+00   2.875066E+00   7.224248E+00   5.410223E+00  -1.000000E+01   3.720263E+00  -4.913986E+00        14
   1.234223E+04   7.607610E+06   2.875066E+00   2.875066E+00   7.224248E+00   5.410223E+00  -1.000000E+01   3.720263E+00  -4.913986E+00        14
   1.235223E+04   7.619950E+06   2.875066E+00   2.875066E+00   7.224248E+00   5.410223E+00  -1.000000E+01   3.720263E+00  -4.913986E+00        14
   1.236223E+04   7.632300E+06   2.875066E+00   2.875066E+00   7.224248E+00   5.410223E+00  -1.000000E+01   3.720263E+00  -4.913986E+00        14
   1.237223E+04   7.644660E+06   2.875066E+00   2.875066E+00   7.224248E+00   5.410223E+00  -1.000000E+01   3.720263E+00  -4.913986E+00        14
   1.238223E+04   7.657030E+06   2.875066E+00   2.875066E+00   7.224248E+00   5.410223E+00  -1.000000E+01   3.720263E+00  -4.913986E+00        14
   1.239223E+04   7.669410E+06   2.875066E+00   2.875066E+00   7.224248E+00   5.410223E+00  -1.000000E+01   3.720263E+00  -4.913986E+00        14
   1.240223E+04   7.681800E+06   2.875066E+00   2.875066E+00   7.224248E+00   5.410223E+00  -1.000000E+01   3.720263E+00  -4.913986E+00        14
   1.241223E+04   7.694200E+06   2.875066E+00   2.875066E+00   7.224248E+00   5.410223E+00  -1.000000E+01   3.720263E+00  -4.913986E+00        14
   1.242223E+04   7.706610E+06   2.875066E+00   2.875066E+00   7.224248E+00   5.410223E+00  -1.000000E+01   3.720263E+00  -4.913986E+00        14
   1.243223E+04   7.719030E+06   2.875066E+00   2.875066E+00   7.224248E+00   5.410223E+00  -1.000000E+01   3.720263E+00  -4.913986E+00        14
   1.244223E+04   7.731460E+06   2.875066E+00   2.875066E+00   7.224248E+00   5.410223E+00  -1.000000E+01   3.720263E+00  -4.913986E+00        14
   1.245223E+04   7.743900E+06   2.875066E+00   2.875066E+00   7.224248E+00   5.410223E+00  -1.000000E+01   3.720263E+00  -4.913986E+00        14
   1.246223E+04   7.756350E+06   2.875066E+00   2.875066E+00   7.224248E+00   5.410223E+00  -1.000000E+01   3.720263E+00  -4.913986E+00        14
   1.247223E+04   7.768810E+06   2.875066E+00   2.875066E+00   7.224248E+00   5.410223E+00  -1.000000E+01   3.720263E+00  -4.913986E+00        14
   1.248223E+04   7.781280E+06   2.875066E+00   2.875066E+00   7.224248E+00   5.410223E+00  -1.000000E+01   3.720263E+00  -4.913986E+00        14
   1.249223E+04   7.793760E+06   2.875066E+00   2.875066E+00   7.224248E+00   5.410223E+00  -1.000000E+01   3.720263E+00  -4.913986E+00        14
   1.250223E+04   7.806250E+06   2.875066E+00   2.875066E+00   7.224248E+00   5.410223E+00  -1.000000E+01   3.720263E+00  -4.913986E+00        14
   1.251223E+04   7.818750E+06   2.875066E+00   2.875066E+00   7.224248E+00   5.410223E+00  -1.000000E+01   3.720263E+00  -4.913986E+00        14
   1.252223E+04   7.831260E+06   2.875066E+00   2.875066E+00   7.224248E+00   5.410223E+00  -1.000000E+01   3.720263E+00  -4.913986E+00        14
   1.253223E+04   7.843780E+06   2.875066E+00   2.875066E+00   7.224248E+00   5.410223E+00  -1.000000E+01   3.720263E+00  -4.913986E+00        14
   1.254223E+04   7.856310E+06   2.875066E+00   2.875066E+00   7.224248E+00   5.410223E+00  -1.000000E+01   3.720263E+00  -4.913986E+00        14
   1.255223E+04   7.868850E+06   2.875066E+00   2.875066E+00   7.224248E+00   5.410223E+00  -1.000000E+01   3.720263E+00  -4.913986E+00        14
   1.256223E+04   7.881400E+06   2.875066E+00   2.875066E+00   7.224248E+00   5.410223E+00  -1.000000E+01   3.720263E+00  -4.913986E+00        14
   1.257223E+04   7.893960E+06   2.875066E+00   2.875066E+00   7.224248E+00   5.410223E+00  -1.000000E+01   3.720263E+00  -4.913986E+00        14
   1.258223E+04   7.906530E+06   2.875066E+00   2.875066E+00   7.224248E+00   5.410223E+00  -1.000000E+01   3.720263E+00  -4.913986E+00        14
   1.259223E+04   7.919110E+06   2.875066E+00   2.875066E+00   7.224248E+00   5.410223E+00  -1.000000E+01   3.720263E+00  -4.913986E+00        14
   1.260223E+04   7.931700E+06   2.875066E+00   2.875066E+00   7.224248E+00   5.410223E+00  -1.000000E+01   3.720263E+00  -4.913986E+00        14
   1.261223E+04   7.944300E+06   2.875066E+00   2.875066E+00   7.224248E+00   5.410223E+00  -1.000000E+01   3.720263E+00  -4.913986E+00        14
   1.262223E+04   7.956910E+06   2.875066E+00   2.875066E+00   7.224248E+00   5.410223E+00  -1.000000E+01   3.720263E+00  -4.913986E+00        14
   1.263223E+04   7.969530E+06   2.875066E+00   2.875066E+00   7.224248E+00   5.410223E+00  -1.000000E+01   3.720263E+00  -4.913986E+00        14
   1.264223E+04   7.982160E+06   2.875066E+00   2.875066E+00   7.224248E+00   5.410223E+00  -1.000000E+01   3.720263E+00  -4.913986E+00        14
   1.265223E+04   7.994800E+06   2.875066E+00   2.875066E+00   7.224248E+00   5.410223E+00  -1.000000E+01   3.720263E+00  -4.913986E+00        14
   1.266223E+04   8.007450E+06   2.875066E+00   2.875066E+00   7.224248E+00   5.410223E+00  -1.000000E+01   3.720263E+00  -4.913986E+00        14
   1.267223E+04   8.020110E+06   2.875066E+00   2.875066E+00   7.224248E+00   5.410223E+00  -1.000000E+01   3.720263E+00  -4.913986E+00        14
   1.268223E+04   8.032780E+06   2.875066E+00   2.875066E+00   7.224248E+00   5.410223E+00  -1.000000E+01   3.720263E+00  -4.913986E+00        14
   1.269223E+04   8.045460E+06   2.875066E+00   2.875066E+00   7.224248E+00   5.410223E+00  -1.000000E+01   3.720263E+00  -4.913986E+00        14
   1.270223E+04   8.058150E+06   2.875066E+00   2.875066E+00   7.224248E+00   5.410223E+00  -1.000000E+01   3.720263E+00  -4.913986E+00        14
   1.271223E+04   8.070850E+06   2.875066E+00   2.875066E+00   7.224248E+00   5.410223E+00  -1.000000E+01   3.720263E+00  -4.913986E+00        14
   1.272223E+04   8.083560E+06   2.875066E+00   2.875066E+00   7.224248E+00   5.410223E+00  -1.000000E+01   3.720263E+00  -4.913986E+00        14
   1.273223E+04   8.096280E+06   2.875066E+00   2.875066E+00   7.224248E+00   5.410223E+00  -1.000000E+01   3.720263E+00  -4.913986E+00        14
   1.274223E+04   8.109010E+06   2.875066E+00   2.875066E+00   7.224248E+00   5.410223E+00  -1.000000E+01   3.720263E+00  -4.913986E+00        14
   1.275223E+04   8.121750E+06   2.875066E+00   2.875066E+00   7.224248E+00   5.410223E+00  -1.000000E+01   3.720263E+00  -4.913986E+00        14
   1.276223E+04   8.134500E+06   2.875066E+00   2.875066E+00   7.224248E+00   5.410223E+00  -1.000000E+01   3.720263E+00  -4.913986E+00        14
   1.277223E+04   8.147260E+06   2.875066E+00   2.875066E+00   7.224248E+00   5.410223E+00  -1.000000E+01   3.720263E+00  -4.913986E+00        14
   1.278223E+04   8.160030E+06   2.875066E+00   2.875066E+00   7.224248E+00   5.410223E+00  -1.000000E+01   3.720263E+00  -4.913986E+00        14
   1.279223E+04   8.172810E+06   2.875066E+00   2.875066E+00   7.224248E+00   5.410223E+00  -1.000000E+01   3.720263E+00  -4.913986E+00        14
   1.280223E+04   8.185600E+06   2.875066E+00   2.875066E+00   7.224248E+00   5.410223E+00  -1.000000E+01   3.720263E+00  -4.913986E+00        14
   1.281223E+04   8.198400E+06   2.875066E+00   2.875066E+00   7.224248E+00   5.410223E+00  -1.000000E+01   3.720263E+00  -4.913986E+00        14
   1.282223E+04   8.211210E+06   2.875066E+00   2.875066E+00   7.224248E+00   5.410223E+00  -1.000000E+01   3.720263E+00  -4.913986E+00        14
   1.283223E+04   8.224030E+06   2.875066E+00   2.875066E+00   7.224248E+00   5.410223E+00  -1.000000E+01   3.720263E+00  -4.913986E+00        14
   1.284223E+04   8.236860E+06   2.875066E+00   2.875066E+00   7.224248E+00   5.410223E+00  -1.000000E+01   3.720263E+00  -4.913986E+00        14
   1.285223E+04   8.249700E+06   2.875066E+00   2.875066E+00   7.224248E+00   5.410223E+00  -1.000000E+01   3.720263E+00  -4.913986E+00        14
   1.286223E+04   8.262550E+06   2.875066E+00   2.875066E+00   7.224248E+00   5.410223E+00  -1.000000E+01   3.720263E+00  -4.913986E+00        14
   1.287223E+04   8.275410E+06   2.875066E+00   2.875066E+00   7.224248E+00   5.410223E+00  -1.000000E+01   3.720263E+00  -4.913986E+00        14
   1.288223E+04   8.288280E+06   2.875066E+00   2.875066E+00   7.224248E+00   5.410223E+00  -1.000000E+01   3.720263E+00  -4.913986E+00        14
   1.289223E+04   8.301160E+06   2.875066E+00   2.875066E+00   7.224248E+00   5.410223E+00  -1.000000E+01   3.720263E+00  -4.913986E+00        14
   1.290223E+04   8.314050E+06   2.875066E+00   2.875066E+00   7.224248E+00   5.410223E+00  -1.000000E+01   3.720263E+00  -4.913986E+00        14
   1.291223E+04   8.326950E+06   2.875066E+00   2.875066E+00   7.224248E+00   5.410223E+00  -1.000000E+01   3.720263E+00  -4.913986E+00        14
   1.292223E+04   8.339860E+06   2.875066E+00   2.875066E+00   7.224248E+00   5.410223E+00  -1.000000E+01   3.720263E+00  -4.913986E+00        14
   1.293223E+04   8.352780E+06   2.875066E+00   2.875066E+00   7.224248E+00   5.410223E+00  -1.000000E+01   3.720263E+00  -4.913986E+00        14
   1.294223E+04   8.365710E+06   2.875066E+00   2.875066E+00   7.224248E+00   5.410223E+00  -1.000000E+01   3.720263E+00  -4.913986E+00        14
   1.295223E+04   8.378650E+06   2.875066E+00   2.875066E+00   7.224248E+00   5.410223E+00  -1.000000E+01   3.720263E+00  -4.913986E+00        14
   1.296223E+04   8.391600E+06   2.875066E+00   2.875066E+00   7.224248E+00   5.410223E+00  -1.000000E+01   3.720263E+00  -4.913986E+00        14
   1.297223E+04   8.404560E+06   2.875066E+00   2.875066E+00   7.224248E+00   5.410223E+00  -1.000000E+01   3.720263E+00  -4.913986E+00        14
   1.298223E+04   8.417530E+06   2.875066E+00   2.875066E+00   7.224248E+00   5.410223E+00  -1.000000E+01   3.720263E+00  -4.913986E+00        14
   1.299223E+04   8.430510E+06   2.875066E+00   2.875066E+00   7.224248E+00   5.410223E+00  -1.000000E+01   3.720263E+00  -4.913986E+00        14
   1.300223E+04   8.443500E+06   2.875066E+00   2.875066E+00   7.224248E+00   5.410223E+00  -1.000000E+01   3.720263E+00  -4.913986E+00        14
   1.301223E+04   8.456500E+06   2.875066E+00   2.875066E+00   7.224248E+00   5.410223E+00  -1.000000E+01   3.720263E+00  -4.913986E+00        14
   1.302223E+04   8.469510E+06   2.875066E+00   2.875066E+00   7.224248E+00   5.410223E+00  -1.000000E+01   3.720263E+00  -4.913986E+00        14
   1.303223E+04   8.482530E+06   2.875066E+00   2.875066E+00   7.224248E+00   5.410223E+00  -1.000000E+01   3.720263E+00  -4.913986E+00        14
   1.304223E+04   8.495560E+06   2.875066E+00   2.875066E+00   7.224248E+00   5.410223E+00  -1.000000E+01   3.720263E+00  -4.913986E+00        14
   1.305223E+04   8.508600E+06   2.875066E+00   2.875066E+00   7.224248E+00   5.410223E+00  -1.000000E+01   3.720263E+00  -4.913986E+00        14
   1.306223E+04   8.521650E+06   2.875066E+00   2.875066E+00   7.224248E+00   5.410223E+00  -1.000000E+01   3.720263E+00  -4.913986E+00        14
   1.307223E+04   8.534710E+06   2.875066E+00   2.875066E+00   7.224248E+00   5.410223E+00  -1.000000E+01   3.720263E+00  -4.913986E+00        14
   1.308223E+04   8.547780E+06   2.875066E+00   2.875066E+00   7.224248E+00   5.410223E+00  -1.000000E+01   3.720263E+00  -4.913986E+00        14
   1.309223E+04   8.560860E+06   2.875066E+00   2.875066E+00   7.224248E+00   5.410223E+00  -1.000000E+01   3.720263E+00  -4.913986E+00        14
   1.310223E+04   8.573950E+06   2.875066E+00   2.875066E+00   7.224248E+00   5.410223E+00  -1.000000E+01   3.720263E+00  -4.913986E+00        14
   1.311223E+04   8.587050E+06   2.875066E+00   2.875066E+00   7.224248E+00   5.410223E+00  -1.000000E+01   3.720263E+00  -4.913986E+00        14
   1.312223E+04   8.600160E+06   2.875066E+00   2.875066E+00   7.224248E+00   5.410223E+00  -1.000000E+01   3.720263E+00  -4.913986E+00        14
   1.313223E+04   8.613280E+06   2.875066E+00   2.875066E+00   7.224248E+00   5.410223E+00  -1.000000E+01   3.720263E+00  -4.913986E+00        14
   1.314223E+04   8.626410E+06   2.875066E+00   2.875066E+00   7.224248E+00   5.410223E+00  -1.000000E+01   3.720263E+00  -4.913986E+00        14
   1.315223E+04   8.639550E+06   2.875066E+00   2.875066E+00   7.224248E+00   5.410223E+00  -1.000000E+01   3.720263E+00  -4.913986E+00        14
   1.316223E+04   8.652700E+06   2.875066E+00   2.875066E+00   7.224248E+00   5.410223E+00  -1.000000E+01   3.720263E+00  -4.913986E+00        14
   1.317223E+04   8.665860E+06   2.875066E+00   2.875066E+00   7.224248E+00   5.410223E+00  -1.000000E+01   3.720263E+00  -4.913986E+00        14
   1.318223E+04   8.679030E+06   2.875066E+00   2.875066E+00   7.224248E+00   5.410223E+00  -1.000000E+01   3.720263E+00  -4.913986E+00        14
   1.319223E+04   8.692210E+06   2.875066E+00   2.875066E+00   7.224248E+00   5.410223E+00  -1.000000E+01   3.720263E+00  -4.913986E+00        14
   1.320223E+04   8.705400E+06   2.875066E+00   2.875066E+00   7.224248E+00   5.410223E+00  -1.000000E+01   3.720263E+00  -4.913986E+00        14
   1.321223E+04   8.718600E+06   2.875066E+00   2.875066E+00   7.224248E+00   5.410223E+00  -1.000000E+01   3.720263E+00  -4.913986E+00        14
   1.322223E+04   8.731810E+06   2.875066E+00   2.875066E+00   7.224248E+00   5.410223E+00  -1.000000E+01   3.720263E+00  -4.913986E+00        14
   1.323223E+04   8.745030E+06   2.875066E+00   2.875066E+00   7.224248E+00   5.410223E+00  -1.000000E+01   3.720263E+00  -4.913986E+00        14
   1.324223E+04   8.758260E+06   2.875066E+00   2.875066E+00   7.224248E+00   5.410223E+00  -1.000000E+01   3.720263E+00  -4.913986E+00        14
   1.325223E+04   8.771500E+06   2.875066E+00   2.875066E+00   7.224248E+00   5.410223E+00  -1.000000E+01   3.720263E+00  -4.913986E+00        14
   1.326223E+04   8.784750E+06   2.875066E+00   2.875066E+00   7.224248E+00   5.410223E+00  -1.000000E+01   3.720263E+00  -4.913986E+00        14
   1.327223E+04   8.798010E+06   2.875066E+00   2.875066E+00   7.224248E+00   5.410223E+00  -1.000000E+01   3.720263E+00  -4.913986E+00        14
   1.328223E+04   8.811280E+06   2.875066E+00   2.875066E+00   7.224248E+00   5.410223E+00  -1.000000E+01   3.720263E+00  -4.913986E+00        14
   1.329223E+04   8.824560E+06   2.875066E+00   2.875066E+00   7.224248E+00   5.410223E+00  -1.000000E+01   3.720263E+00  -4.913986E+00        14
   1.330223E+04   8.837850E+06   2.875066E+00   2.875066E+00   7.224248E+00   5.410223E+00  -1.000000E+01   3.720263E+00  -4.913986E+00        14
   1.331223E+04   8.851150E+06   2.875066E+00   2.875066E+00   7.224248E+00   5.410223E+00  -1.000000E+01   3.720263E+00  -4.913986E+00        14
   1.332223E+04   8.864460E+06   2.875066E+00   2.875066E+00   7.224248E+00   5.410223E+00  -1.000000E+01   3.720263E+00  -4.913986E+00        14
   1.333223E+04   8.877780E+06   2.875066E+00   2.875066E+00   7.224248E+00   5.410223E+00  -1.000000E+01   3.720263E+00  -4.913986E+00        14
   1.334223E+04   8.891110E+06   2.875066E+00   2.875066E+00   7.224248E+00   5.410223E+00  -1.000000E+01   3.720263E+00  -4.913986E+00        14
   1.335223E+04   8.904450E+06   2.875066E+00   2.875066E+00   7.224248E+00   5.410223E+00  -1.000000E+01   3.720263E+00  -4.913986E+00        14
   1.336223E+04   8.917800E+06   2.875066E+00   2.875066E+00   7.224248E+00   5.410223E+00  -1.000000E+01   3.720263E+00  -4.913986E+00        14
   1.337223E+04   8.931160E+06   2.875066E+00   2.875066E+00   7.224248E+00   5.410223E+00  -1.000000E+01   3.720263E+00  -4.913986E+00        14
   1.338223E+04   8.944530E+06   2.875066E+00   2.875066E+00   7.224248E+00   5.410223E+00  -1.000000E+01   3.720263E+00  -4.913986E+00        14
   1.339223E+04   8.957910E+06   2.875066E+00   2.875066E+00   7.224248E+00   5.410223E+00  -1.000000E+01   3.720263E+00  -4.913986E+00        14
   1.340223E+04   8.971300E+06   2.875066E+00   2.875066E+00   7.224248E+00   5.410223E+00  -1.000000E+01   3.720263E+00  -4.913986E+00        14
   1.341223E+04   8.984700E+06   2.875066E+00   2.875066E+00   7.224248E+00   5.410223E+00  -1.000000E+01   3.720263E+00  -4.913986E+00        14
   1.342223E+04   8.998110E+06   2.875066E+00   2.875066E+00   7.224248E+00   5.410223E+00  -1.000000E+01   3.720263E+00  -4.913986E+00        14
   1.343223E+04   9.011530E+06   2.875066E+00   2.875066E+00   7.224248E+00   5.410223E+00  -1.000000E+01   3.720263E+00  -4.913986E+00        14
   1.344223E+04   9.024960E+06   2.875066E+00   2.875066E+00   7.224248E+00   5.410223E+00  -1.000000E+01   3.720263E+00  -4.913986E+00        14
   1.345223E+04   9.038400E+06   2.875066E+00   2.875066E+00   7.224248E+00   5.410223E+00  -1.000000E+01   3.720263E+00  -4.913986E+00        14
   1.346223E+04   9.051850E+06   2.875066E+00   2.875066E+00   7.224248E+00   5.410223E+00  -1.000000E+01   3.720263E+00  -4.913986E+00        14
   1.347223E+04   9.065310E+06   2.875066E+00   2.875066E+00   7.224248E+00   5.410223E+00  -1.000000E+01   3.720263E+00  -4.913986E+00        14
   1.348223E+04   9.078780E+06   2.875066E+00   2.875066E+00   7.224248E+00   5.410223E+00  -1.000000E+01   3.720263E+00  -4.913986E+00        14
   1.349223E+04   9.092260E+06   2.875066E+00   2.875066E+00   7.224248E+00   5.410223E+00  -1.000000E+01   3.720263E+00  -4.913986E+00        14
   1.350223E+04   9.105750E+06   2.875066E+00   2.875066E+00   7.224248E+00   5.410223E+00  -1.000000E+01   3.720263E+00  -4.913986E+00        14
   1.351223E+04   9.119250E+06   2.875066E+00   2.875066E+00   7.224248E+00   5.410223E+00  -1.000000E+01   3.720263E+00  -4.913986E+00        14
   1.352223E+04   9.132760E+06   2.875066E+00   2.875066E+00   7.224248E+00   5.410223E+00  -1.000000E+01   3.720263E+00  -4.913986E+00        14
   1.353223E+04   9.146280E+06   2.875066E+00   2.875066E+00   7.224248E+00   5.410223E+00  -1.000000E+01   3.720263E+00  -4.913986E+00        14
   1.354223E+04   9.159810E+06   2.875066E+00   2.875066E+00   7.224248E+00   5.410223E+00  -1.000000E+01   3.720263E+00  -4.913986E+00        14
   1.355223E+04   9.173350E+06   2.875066E+00   2.875066E+00   7.224248E+00   5.410223E+00  -1.000000E+01   3.720263E+00  -4.913986E+00        14
   1.356223E+04   9.186900E+06   2.875066E+00   2.875066E+00   7.224248E+00   5.410223E+00  -1.000000E+01   3.720263E+00  -4.913986E+00        14
   1.357223E+04   9.200460E+06   2.875066E+00   2.875066E+00   7.224248E+00   5.410223E+00  -1.000000E+01   3.720263E+00  -4.913986E+00        14
   1.358223E+04   9.214030E+06   2.875066E+00   2.875066E+00   7.224248E+00   5.410223E+00  -1.000000E+01   3.720263E+00  -4.913986E+00        14
   1.359223E+04   9.227610E+06   2.875066E+00   2.875066E+00   7.224248E+00   5.410223E+00  -1.000000E+01   3.720263E+00  -4.913986E+00        14
   1.360223E+04   9.241200E+06   2.875066E+00   2.875066E+00   7.224248E+00   5.410223E+00  -1.000000E+01   3.720263E+00  -4.913986E+00        14
   1.361223E+04   9.254800E+06   2.875066E+00   2.875066E+00   7.224248E+00   5.410223E+00  -1.000000E+01   3.720263E+00  -4.913986E+00        14
   1.362223E+04   9.268410E+06   2.875066E+00   2.875066E+00   7.224248E+00   5.410223E+00  -1.000000E+01   3.720263E+00  -4.913986E+00        14
   1.363223E+04   9.282030E+06   2.875066E+00   2.875066E+00   7.224248E+00   5.410223E+00  -1.000000E+01   3.720263E+00  -4.913986E+00        14
   1.364223E+04   9.295660E+06   2.875066E+00   2.875066E+00   7.224248E+00   5.410223E+00  -1.000000E+01   3.720263E+00  -4.913986E+00        14
   1.365223E+04   9.309300E+06   2.875066E+00   2.875066E+00   7.224248E+00   5.410223E+00  -1.000000E+01   3.720263E+00  -4.913986E+00        14
   1.366223E+04   9.322950E+06   2.875066E+00   2.875066E+00   7.224248E+00   5.410223E+00  -1.000000E+01   3.720263E+00  -4.913986E+00        14
   1.367223E+04   9.336610E+06   2.875066E+00   2.875066E+00   7.224248E+00   5.410223E+00  -1.000000E+01   3.720263E+00  -4.913986E+00        14
   1.368223E+04   9.350280E+06   2.875066E+00   2.875066E+00   7.224248E+00   5.410223E+00  -1.000000E+01   3.720263E+00  -4.913986E+00        14
   1.369223E+04   9.363960E+06   2.875066E+00   2.875066E+00   7.224248E+00   5.410223E+00  -1.000000E+01   3.720263E+00  -4.913986E+00        14
   1.370223E+04   9.377650E+06   2.875066E+00   2.875066E+00   7.224248E+00   5.410223E+00  -1.000000E+01   3.720263E+00  -4.913986E+00        14
   1.371223E+04   9.391350E+06   2.875066E+00   2.875066E+00   7.224248E+00   5.410223E+00  -1.000000E+01   3.720263E+00  -4.913986E+00        14
   1.372223E+04   9.405060E+06   2.875066E+00   2.875066E+00   7.224248E+00   5.410223E+00  -1.000000E+01   3.720263E+00  -4.913986E+00        14
   1.373223E+04   9.418780E+06   2.875066E+00   2.875066E+00   7.224248E+00   5.410223E+00  -1.000000E+01   3.720263E+00  -4.913986E+00        14
   1.374223E+04   9.432510E+06   2.875066E+00   2.875066E+00   7.224248E+00   5.410223E+00  -1.000000E+01   3.720263E+00  -4.913986E+00        14
   1.375223E+04   9.446250E+06   2.875066E+00   2.875066E+00   7.224248E+00   5.410223E+00  -1.000000E+01   3.720263E+00  -4.913986E+00        14
   1.376223E+04   9.460000E+06   2.875066E+00   2.875066E+00   7.224248E+00   5.410223E+00  -1.000000E+01   3.720263E+00  -4.913986E+00        14
   1.377223E+04   9.473760E+06   2.875066E+00   2.875066E+00   7.224248E+00   5.410223E+00  -1.000000E+01   3.720263E+00  -4.913986E+00        14
   1.378223E+04   9.487530E+06   2.875066E+00   2.875066E+00   7.224248E+00   5.410223E+00  -1.000000E+01   3.720263E+00  -4.913986E+00        14
   1.379223E+04   9.501310E+06   2.875066E+00   2.875066E+00   7.224248E+00   5.410223E+00  -1.000000E+01   3.720263E+00  -4.913986E+00        14
   1.380223E+04   9.515100E+06   2.875066E+00   2.875066E+00   7.224248E+00   5.410223E+00  -1.000000E+01   3.720263E+00  -4.913986E+00        14
   1.381223E+04   9.528900E+06   2.875066E+00   2.875066E+00   7.224248E+00   5.410223E+00  -1.000000E+01   3.720263E+00  -4.913986E+00        14
   1.382223E+04   9.542710E+06   2.875066E+00   2.875066E+00   7.224248E+00   5.410223E+00  -1.000000E+01   3.720263E+00  -4.913986E+00        14
   1.383223E+04   9.556530E+06   2.875066E+00   2.875066E+00   7.224248E+00   5.410223E+00  -1.000000E+01   3.720263E+00  -4.913986E+00        14
   1.384223E+04   9.570360E+06   2.875066E+00   2.875066E+00   7.224248E+00   5.410223E+00  -1.000000E+01   3.720263E+00  -4.913986E+00        14
   1.385223E+04   9.584200E+06   2.875066E+00   2.875066E+00   7.224248E+00   5.410223E+00  -1.000000E+01   3.720263E+00  -4.913986E+00        14
   1.386223E+04   9.598050E+06   2.875066E+00   2.875066E+00   7.224248E+00   5.410223E+00  -1.000000E+01   3.720263E+00  -4.913986E+00        14
   1.387223E+04   9.611910E+06   2.875066E+00   2.875066E+00   7.224248E+00   5.410223E+00  -1.000000E+01   3.720263E+00  -4.913986E+00        14
   1.388223E+04   9.625780E+06   2.875066E+00   2.875066E+00   7.224248E+00   5.410223E+00  -1.000000E+01   3.720263E+00  -4.913986E+00        14
   1.389223E+04   9.639660E+06   2.875066E+00   2.875066E+00   7.224248E+00   5.410223E+00  -1.000000E+01   3.720263E+00  -4.913986E+00        14
   1.390223E+04   9.653550E+06   2.875066E+00   2.875066E+00   7.224248E+00   5.410223E+00  -1.000000E+01   3.720263E+00  -4.913986E+00        14
   1.391223E+04   9.667450E+06   2.875066E+00   2.875066E+00   7.224248E+00   5.410223E+00  -1.000000E+01   3.720263E+00  -4.913986E+00        14
   1.392223E+04   9.681360E+06   2.875066E+00   2.875066E+00   7.224248E+00   5.410223E+00  -1.000000E+01   3.720263E+00  -4.913986E+00        14
   1.393223E+04   9.695280E+06   2.875066E+00   2.875066E+00   7.224248E+00   5.410223E+00  -1.000000E+01   3.720263E+00  -4.913986E+00        14
   1.394223E+04   9.709210E+06   2.875066E+00   2.875066E+00   7.224248E+00   5.410223E+00  -1.000000E+01   3.720263E+00  -4.913986E+00        14
   1.395223E+04   9.723150E+06   2.875066E+00   2.875066E+00   7.224248E+00   5.410223E+00  -1.000000E+01   3.720263E+00  -4.913986E+00        14
   1.396223E+04   9.737100E+06   2.875066E+00   2.875066E+00   7.224248E+00   5.410223E+00  -1.000000E+01   3.720263E+00  -4.913986E+00        14
   1.397223E+04   9.751060E+06   2.875066E+00   2.875066E+00   7.224248E+00   5.410223E+00  -1.000000E+01   3.720263E+00  -4.913986E+00        14
   1.398223E+04   9.765030E+06   2.875066E+00   2.875066E+00   7.224248E+00   5.410223E+00  -1.000000E+01   3.720263E+00  -4.913986E+00        14
   1.399223E+04   9.779010E+06   2.875066E+00   2.875066E+00   7.224248E+00   5.410223E+00  -1.000000E+01   3.720263E+00  -4.913986E+00        14
   1.400223E+04   9.793000E+06   2.875066E+00   2.875066E+00   7.224248E+00   5.410223E+00  -1.000000E+01   3.720263E+00  -4.913986E+00        14
   1.401223E+04   9.807000E+06   2.875066E+00   2.875066E+00   7.224248E+00   5.410223E+00  -1.000000E+01   3.720263E+00  -4.913986E+00        14
   1.402223E+04   9.821010E+06   2.875066E+00   2.875066E+00   7.224248E+00   5.410223E+00  -1.000000E+01   3.720263E+00  -4.913986E+00        14
   1.403223E+04   9.835030E+06   2.875066E+00   2.875066E+00   7.224248E+00   5.410223E+00  -1.000000E+01   3.720263E+00  -4.913986E+00        14
   1.404223E+04   9.849060E+06   2.875066E+00   2.875066E+00   7.224248E+00   5.410223E+00  -1.000000E+01   3.720263E+00  -4.913986E+00        14
   1.405223E+04   9.863100E+06   2.875066E+00   2.875066E+00   7.224248E+00   5.410223E+00  -1.000000E+01   3.720263E+00  -4.913986E+00        14
   1.406223E+04   9.877150E+06   2.875066E+00   2.875066E+00   7.224248E+00   5.410223E+00  -1.000000E+01   3.720263E+00  -4.913986E+00        14
   1.407223E+04   9.891210E+06   2.875066E+00   2.875066E+00   7.224248E+00   5.410223E+00  -1.000000E+01   3.720263E+00  -4.913986E+00        14
   1.408223E+04   9.905280E+06   2.875066E+00   2.875066E+00   7.224248E+00   5.410223E+00  -1.000000E+01   3.720263E+00  -4.913986E+00        14
   1.409223E+04   9.919360E+06   2.875066E+00   2.875066E+00   7.224248E+00   5.410223E+00  -1.000000E+01   3.720263E+00  -4.913986E+00        14
   1.410223E+04   9.933450E+06   2.875066E+00   2.875066E+00   7.224248E+00   5.410223E+00  -1.000000E+01   3.720263E+00  -4.913986E+00        14
   1.411223E+04   9.947550E+06   2.875066E+00   2.875066E+00   7.224248E+00   5.410223E+00  -1.000000E+01   3.720263E+00  -4.913986E+00        14
   1.412223E+04   9.961660E+06   2.875066E+00   2.875066E+00   7.224248E+00   5.410223E+00  -1.000000E+01   3.720263E+00  -4.913986E+00        14
   1.413223E+04   9.975780E+06   2.875066E+00   2.875066E+00   7.224248E+00   5.410223E+00  -1.000000E+01   3.720263E+00  -4.913986E+00        14
   1.414223E+04   9.989910E+06   2.875066E+00   2.875066E+00   7.224248E+00   5.410223E+00  -1.000000E+01   3.720263E+00  -4.913986E+00        14
   1.415223E+04   1.000405E+07   2.875066E+00   2.875066E+00   7.224248E+00   5.410223E+00  -1.000000E+01   3.720263E+00  -4.913986E+00        14
   1.416223E+04   1.001820E+07   2.875066E+00   2.875066E+00   7.224248E+00   5.410223E+00  -1.000000E+01   3.720263E+00  -4.913986E+00        14
   1.417223E+04   1.003236E+07   2.875066E+00   2.875066E+00   7.224248E+00   5.410223E+00  -1.000000E+01   3.720263E+00  -4.913986E+00        14
   1.418223E+04   1.004653E+07   2.875066E+00   2.875066E+00   7.224248E+00   5.410223E+00  -1.000000E+01   3.720263E+00  -4.913986E+00        14
   1.419223E+04   1.006071E+07   2.875066E+00   2.875066E+00   7.224248E+00   5.410223E+00  -1.000000E+01   3.720263E+00  -4.913986E+00        14
   1.420223E+04   1.007490E+07   2.875066E+00   2.875066E+00   7.224248E+00   5.410223E+00  -1.000000E+01   3.720263E+00  -4.913986E+00        14
   1.421223E+04   1.008910E+07   2.875066E+00   2.875066E+00   7.224248E+00   5.410223E+00  -1.000000E+01   3.720263E+00  -4.913986E+00        14
   1.422223E+04   1.010331E+07   2.875066E+00   2.875066E+00   7.224248E+00   5.410223E+00  -1.000000E+01   3.720263E+00  -4.913986E+00        14
   1.423223E+04   1.011753E+07   2.875066E+00   2.875066E+00   7.224248E+00   5.410223E+00  -1.000000E+01   3.720263E+00  -4.913986E+00        14
   1.424223E+04   1.013176E+07   2.875066E+00   2.875066E+00   7.224248E+00   5.410223E+00  -1.000000E+01   3.720263E+00  -4.913986E+00        14
   1.425223E+04   1.014600E+07   2.875066E+00   2.875066E+00   7.224248E+00   5.410223E+00  -1.000000E+01   3.720263E+00  -4.913986E+00        14
   1.426223E+04   1.016025E+07   2.875066E+00   2.875066E+00   7.224248E+00   5.410223E+00  -1.000000E+01   3.720263E+00  -4.913986E+00        14
   1.427223E+04   1.017451E+07   2.875066E+00   2.875066E+00   7.224248E+00   5.410223E+00  -1.000000E+01   3.720263E+00  -4.913986E+00        14
   1.428223E+04   1.018878E+07   2.875066E+00   2.875066E+00   7.224248E+00   5.410223E+00  -1.000000E+01   3.720263E+00  -4.913986E+00        14
   1.429223E+04   1.020306E+07   2.875066E+00   2.875066E+00   7.224248E+00   5.410223E+00  -1.000000E+01   3.720263E+00  -4.913986E+00        14
   1.430223E+04   1.021735E+07   2.875066E+00   2.875066E+00   7.224248E+00   5.410223E+00  -1.000000E+01   3.720263E+00  -4.913986E+00        14
   1.431223E+04   1.023165E+07   2.875066E+00   2.875066E+00   7.224248E+00   5.410223E+00  -1.000000E+01   3.720263E+00  -4.913986E+00        14
   1.432223E+04   1.024596E+07   2.875066E+00   2.875066E+00   7.224248E+00   5.410223E+00  -1.000000E+01   3.720263E+00  -4.913986E+00        14
   1.433223E+04   1.026028E+07   2.875066E+00   2.875066E+00   7.224248E+00   5.410223E+00  -1.000000E+01   3.720263E+00  -4.913986E+00        14
   1.434223E+04   1.027461E+07   2.875066E+00   2.875066E+00   7.224248E+00   5.410223E+00  -1.000000E+01   3.720263E+00  -4.913986E+00        14
   1.435223E+04   1.028895E+07   2.875066E+00   2.875066E+00   7.224248E+00   5.410223E+00  -1.000000E+01   3.720263E+00  -4.913986E+00        14
   1.436223E+04   1.030330E+07   2.875066E+00   2.875066E+00   7.224248E+00   5.410223E+00  -1.000000E+01   3.720263E+00  -4.913986E+00        14
   1.437223E+04   1.031766E+07   2.875066E+00   2.875066E+00   7.224248E+00   5.410223E+00  -1.000000E+01   3.720263E+00  -4.913986E+00        14
   1.438223E+04   1.033203E+07   2.875066E+00   2.875066E+00   7.224248E+00   5.410223E+00  -1.000000E+01   3.720263E+00  -4.913986E+00        14
   1.439223E+04   1.034641E+07   2.875066E+00   2.875066E+00   7.224248E+00   5.410223E+00  -1.000000E+01   3.720263E+00  -4.913986E+00        14
   1.440223E+04   1.036080E+07   2.875066E+00   2.875066E+00   7.224248E+00   5.410223E+00  -1.000000E+01   3.720263E+00  -4.913986E+00        14
   1.441223E+04   1.037520E+07   2.875066E+00   2.875066E+00   7.224248E+00   5.410223E+00  -1.000000E+01   3.720263E+00  -4.913986E+00        14
   1.442223E+04   1.038961E+07   2.875066E+00   2.875066E+00   7.224248E+00   5.410223E+00  -1.000000E+01   3.720263E+00  -4.913986E+00        14
   1.443223E+04   1.040403E+07   2.875066E+00   2.875066E+00   7.224248E+00   5.410223E+00  -1.000000E+01   3.720263E+00  -4.913986E+00        14
   1.444223E+04   1.041846E+07   2.875066E+00   2.875066E+00   7.224248E+00   5.410223E+00  -1.000000E+01   3.720263E+00  -4.913986E+00        14
   1.445223E+04   1.043290E+07   2.875066E+00   2.875066E+00   7.224248E+00   5.410223E+00  -1.000000E+01   3.720263E+00  -4.913986E+00        14
   1.446223E+04   1.044735E+07   2.875066E+00   2.875066E+00   7.224248E+00   5.410223E+00  -1.000000E+01   3.720263E+00  -4.913986E+00        14
   1.447223E+04   1.046181E+07   2.875066E+00   2.875066E+00   7.224248E+00   5.410223E+00  -1.000000E+01   3.720263E+00  -4.913986E+00        14
   1.448223E+04   1.047628E+07   2.875066E+00   2.875066E+00   7.224248E+00   5.410223E+00  -1.000000E+01   3.720263E+00  -4.913986E+00        14
   1.449223E+04   1.049076E+07   2.875066E+00   2.875066E+00   7.224248E+00   5.410223E+00  -1.000000E+01   3.720263E+00  -4.913986E+00        14
   1.450223E+04   1.050525E+07   2.875066E+00   2.875066E+00   7.224248E+00   5.410223E+00  -1.000000E+01   3.720263E+00  -4.913986E+00        14
   1.451223E+04   1.051975E+07   2.875066E+00   2.875066E+00   7.224248E+00   5.410223E+00  -1.000000E+01   3.720263E+00  -4.913986E+00        14
   1.452223E+04   1.053426E+07   2.875066E+00   2.875066E+00   7.224248E+00   5.410223E+00  -1.000000E+01   3.720263E+00  -4.913986E+00        14
   1.453223E+04   1.054878E+07   2.875066E+00   2.875066E+00   7.224248E+00   5.410223E+00  -1.000000E+01   3.720263E+00  -4.913986E+00        14
   1.454223E+04   1.056331E+07   2.875066E+00   2.875066E+00   7.224248E+00   5.410223E+00  -1.000000E+01   3.720263E+00  -4.913986E+00        14
   1.455223E+04   1.057785E+07   2.875066E+00   2.875066E+00   7.224248E+00   5.410223E+00  -1.000000E+01   3.720263E+00  -4.913986E+00        14
   1.456223E+04   1.059240E+07   2.875066E+00   2.875066E+00   7.224248E+00   5.410223E+00  -1.000000E+01   3.720263E+00  -4.913986E+00        14
   1.457223E+04   1.060696E+07   2.875066E+00   2.875066E+00   7.224248E+00   5.410223E+00  -1.000000E+01   3.720263E+00  -4.913986E+00        14
   1.458223E+04   1.062153E+07   2.875066E+00   2.875066E+00   7.224248E+00   5.410223E+00  -1.000000E+01   3.720263E+00  -4.913986E+00        14
   1.459223E+04   1.063611E+07   2.875066E+00   2.875066E+00   7.224248E+00   5.410223E+00  -1.000000E+01   3.720263E+00  -4.913986E+00        14
   1.460223E+04   1.065070E+07   2.875066E+00   2.875066E+00   7.224248E+00   5.410223E+00  -1.000000E+01   3.720263E+00  -4.913986E+00        14
   1.461223E+04   1.066530E+07   2.875066E+00   2.875066E+00   7.224248E+00   5.410223E+00  -1.000000E+01   3.720263E+00  -4.913986E+00        14
   1.462223E+04   1.067991E+07   2.875066E+00   2.875066E+00   7.224248E+00   5.410223E+00  -1.000000E+01   3.720263E+00  -4.913986E+00        14
   1.463223E+04   1.069453E+07   2.875066E+00   2.875066E+00   7.224248E+00   5.410223E+00  -1.000000E+01   3.720263E+00  -4.913986E+00        14
   1.464223E+04   1.070916E+07   2.875066E+00   2.875066E+00   7.224248E+00   5.410223E+00  -1.000000E+01   3.720263E+00  -4.913986E+00        14
   1.465223E+04   1.072380E+07   2.875066E+00   2.875066E+00   7.224248E+00   5.410223E+00  -1.000000E+01   3.720263E+00  -4.913986E+00        14
   1.466223E+04   1.073845E+07   2.875066E+00   2.875066E+00   7.224248E+00   5.410223E+00  -1.000000E+01   3.720263E+00  -4.913986E+00        14
   1.467223E+04   1.075311E+07   2.875066E+00   2.875066E+00   7.224248E+00   5.410223E+00  -1.000000E+01   3.720263E+00  -4.913986E+00        14
   1.468223E+04   1.076778E+07   2.875066E+00   2.875066E+00   7.224248E+00   5.410223E+00  -1.000000E+01   3.720263E+00  -4.913986E+00        14
   1.469223E+04   1.078246E+07   2.875066E+00   2.875066E+00   7.224248E+00   5.410223E+00  -1.000000E+01   3.720263E+00  -4.913986E+00        14
   1.470223E+04   1.079715E+07   2.875066E+00   2.875066E+00   7.224248E+00   5.410223E+00  -1.000000E+01   3.720263E+00  -4.913986E+00        14
   1.471223E+04   1.081185E+07   2.875066E+00   2.875066E+00   7.224248E+00   5.410223E+00  -1.000000E+01   3.720263E+00  -4.913986E+00        14
   1.472223E+04   1.082656E+07   2.875066E+00   2.875066E+00   7.224248E+00   5.410223E+00  -1.000000E+01   3.720263E+00  -4.913986E+00        14
   1.473223E+04   1.084128E+07   2.875066E+00   2.875066E+00   7.224248E+00   5.410223E+00  -1.000000E+01   3.720263E+00  -4.913986E+00        14
   1.474223E+04   1.085601E+07   2.875066E+00   2.875066E+00   7.224248E+00   5.410223E+00  -1.000000E+01   3.720263E+00  -4.913986E+00        14
   1.475223E+04   1.087075E+07   2.875066E+00   2.875066E+00   7.224248E+00   5.410223E+00  -1.000000E+01   3.720263E+00  -4.913986E+00        14
   1.476223E+04   1.088550E+07   2.875066E+00   2.875066E+00   7.224248E+00   5.410223E+00  -1.000000E+01   3.720263E+00  -4.913986E+00        14
   1.477223E+04   1.090026E+07   2.875066E+00   2.875066E+00   7.224248E+00   5.410223E+00  -1.000000E+01   3.720263E+00  -4.913986E+00        14
   1.478223E+04   1.091503E+07   2.875066E+00   2.875066E+00   7.224248E+00   5.410223E+00  -1.000000E+01   3.720263E+00  -4.913986E+00        14
   1.479223E+04   1.092981E+07   2.875066E+00   2.875066E+00   7.224248E+00   5.410223E+00  -1.000000E+01   3.720263E+00  -4.913986E+00        14
   1.480223E+04   1.094460E+07   2.875066E+00   2.875066E+00   7.224248E+00   5.410223E+00  -1.000000E+01   3.720263E+00  -4.913986E+00        14
   1.481223E+04   1.095940E+07   2.875066E+00   2.875066E+00   7.224248E+00   5.410223E+00  -1.000000E+01   3.720263E+00  -4.913986E+00        14
   1.482223E+04   1.097421E+07   2.875066E+00   2.875066E+00   7.224248E+00   5.410223E+00  -1.000000E+01   3.720263E+00  -4.913986E+00        14
   1.483223E+04   1.098903E+07   2.875066E+00   2.875066E+00   7.224248E+00   5.410223E+00  -1.000000E+01   3.720263E+00  -4.913986E+00        14
   1.484223E+04   1.100386E+07   2.875066E+00   2.875066E+00   7.224248E+00   5.410223E+00  -1.000000E+01   3.720263E+00  -4.913986E+00        14
   1.485223E+04   1.101870E+07   2.875066E+00   2.875066E+00   7.224248E+00   5.410223E+00  -1.000000E+01   3.720263E+00  -4.913986E+00        14
   1.486223E+04   1.103355E+07   2.875066E+00   2.875066E+00   7.224248E+00   5.410223E+00  -1.000000E+01   3.720263E+00  -4.913986E+00        14
   1.487223E+04   1.104841E+07   2.875066E+00   2.875066E+00   7.224248E+00   5.410223E+00  -1.000000E+01   3.720263E+00  -4.913986E+00        14
   1.488223E+04   1.106328E+07   2.875066E+00   2.875066E+00   7.224248E+00   5.410223E+00  -1.000000E+01   3.720263E+00  -4.913986E+00        14
   1.489223E+04   1.107816E+07   2.875066E+00   2.875066E+00   7.224248E+00   5.410223E+00  -1.000000E+01   3.720263E+00  -4.913986E+00        14
   1.490223E+04   1.109305E+07   2.875066E+00   2.875066E+00   7.224248E+00   5.410223E+00  -1.000000E+01   3.720263E+00  -4.913986E+00        14
   1.491223E+04   1.110795E+07   2.875066E+00   2.875066E+00   7.224248E+00   5.410223E+00  -1.000000E+01   3.720263E+00  -4.913986E+00        14
   1.492223E+04   1.112286E+07   2.875066E+00   2.875066E+00   7.224248E+00   5.410223E+00  -1.000000E+01   3.720263E+00  -4.913986E+00        14
   1.493223E+04   1.113778E+07   2.875066E+00   2.875066E+00   7.224248E+00   5.410223E+00  -1.000000E+01   3.720263E+00  -4.913986E+00        14
   1.494223E+04   1.115271E+07   2.875066E+00   2.875066E+00   7.224248E+00   5.410223E+00  -1.000000E+01   3.720263E+00  -4.913986E+00        14
   1.495223E+04   1.116765E+07   2.875066E+00   2.875066E+00   7.224248E+00   5.410223E+00  -1.000000E+01   3.720263E+00  -4.913986E+00        14
   1.496223E+04   1.118260E+07   2.875066E+00   2.875066E+00   7.224248E+00   5.410223E+00  -1.000000E+01   3.720263E+00  -4.913986E+00        14
   1.497223E+04   1.119756E+07   2.875066E+00   2.875066E+00   7.224248E+00   5.410223E+00  -1.000000E+01   3.720263E+00  -4.913986E+00        14
   1.498223E+04   1.121253E+07   2.875066E+00   2.875066E+00   7.224248E+00   5.410223E+00  -1.000000E+01   3.720263E+00  -4.913986E+00        14
   1.499223E+04   1.122751E+07   2.875066E+00   2.875066E+00   7.224248E+00   5.410223E+00  -1.000000E+01   3.720263E+00  -4.913986E+00        14
   1.500223E+04   1.124250E+07   2.875066E+00   2.875066E+00   7.224248E+00   5.410223E+00  -1.000000E+01   3.720263E+00  -4.913986E+00        14
   1.501223E+04   1.125750E+07   2.875066E+00   2.875066E+00   7.224248E+00   5.410223E+00  -1.000000E+01   3.720263E+00  -4.913986E+00        14
   1.502223E+04   1.127251E+07   2.875066E+00   2.875066E+00   7.224248E+00   5.410223E+00  -1.000000E+01   3.720263E+00  -4.913986E+00        14
   1.503223E+04   1.128753E+07   2.875066E+00   2.875066E+00   7.224248E+00   5.410223E+00  -1.000000E+01   3.720263E+00  -4.913986E+00        14
   1.504223E+04   1.130256E+07   2.875066E+00   2.875066E+00   7.224248E+00   5.410223E+00  -1.000000E+01   3.720263E+00  -4.913986E+00        14
   1.505223E+04   1.131760E+07   2.875066E+00   2.875066E+00   7.224248E+00   5.410223E+00  -1.000000E+01   3.720263E+00  -4.913986E+00        14
   1.506223E+04   1.133265E+07   2.875066E+00   2.875066E+00   7.224248E+00   5.410223E+00  -1.000000E+01   3.720263E+00  -4.913986E+00        14
   1.507223E+04   1.134771E+07   2.875066E+00   2.875066E+00   7.224248E+00   5.410223E+00  -1.000000E+01   3.720263E+00  -4.913986E+00        14
   1.508223E+04   1.136278E+07   2.875066E+00   2.875066E+00   7.224248E+00   5.410223E+00  -1.000000E+01   3.720263E+00  -4.913986E+00        14
   1.509223E+04   1.137786E+07   2.875066E+00   2.875066E+00   7.224248E+00   5.410223E+00  -1.000000E+01   3.720263E+00  -4.913986E+00        14
   1.510223E+04   1.139295E+07   2.875066E+00   2.875066E+00   7.224248E+00   5.410223E+00  -1.000000E+01   3.720263E+00  -4.913986E+00        14
   1.511223E+04   1.140805E+07   2.875066E+00   2.875066E+00   7.224248E+00   5.410223E+00  -1.000000E+01   3.720263E+00  -4.913986E+00        14
   1.512223E+04   1.142316E+07   2.875066E+00   2.875066E+00   7.224248E+00   5.410223E+00  -1.000000E+01   3.720263E+00  -4.913986E+00        14
   1.513223E+04   1.143828E+07   2.875066E+00   2.875066E+00   7.224248E+00   5.410223E+00  -1.000000E+01   3.720263E+00  -4.913986E+00        14
   1.514223E+04   1.145341E+07   2.875066E+00   2.875066E+00   7.224248E+00   5.410223E+00  -1.000000E+01   3.720263E+00  -4.913986E+00        14
   1.515223E+04   1.146855E+07   2.875066E+00   2.875066E+00   7.224248E+00   5.410223E+00  -1.000000E+01   3.720263E+00  -4.913986E+00        14
   1.516223E+04   1.148370E+07   2.875066E+00   2.875066E+00   7.224248E+00   5.410223E+00  -1.000000E+01   3.720263E+00  -4.913986E+00        14
   1.517223E+04   1.149886E+07   2.875066E+00   2.875066E+00   7.224248E+00   5.410223E+00  -1.000000E+01   3.720263E+00  -4.913986E+00        14
   1.518223E+04   1.151403E+07   2.875066E+00   2.875066E+00   7.224248E+00   5.410223E+00  -1.000000E+01   3.720263E+00  -4.913986E+00        14
   1.519223E+04   1.152921E+07   2.875066E+00   2.875066E+00   7.224248E+00   5.410223E+00  -1.000000E+01   3.720263E+00  -4.913986E+00        14
   1.520223E+04   1.154440E+07   2.875066E+00   2.875066E+00   7.224248E+00   5.410223E+00  -1.000000E+01   3.720263E+00  -4.913986E+00        14
   1.521223E+04   1.155960E+07   2.875066E+00   2.875066E+00   7.224248E+00   5.410223E+00  -1.000000E+01   3.720263E+00  -4.913986E+00        14
   1.522223E+04   1.157481E+07   2.875066E+00   2.875066E+00   7.224248E+00   5.410223E+00  -1.000000E+01   3.720263E+00  -4.913986E+00        14
   1.523223E+04   1.159003E+07   2.875066E+00   2.875066E+00   7.224248E+00   5.410223E+00  -1.000000E+01   3.720263E+00  -4.913986E+00        14
   1.524223E+04   1.160526E+07   2.875066E+00   2.875066E+00   7.224248E+00   5.410223E+00  -1.000000E+01   3.720263E+00  -4.913986E+00        14
   1.525223E+04   1.162050E+07   2.875066E+00   2.875066E+00   7.224248E+00   5.410223E+00  -1.000000E+01   3.720263E+00  -4.913986E+00        14
   1.526223E+04   1.163575E+07   2.875066E+00   2.875066E+00   7.224248E+00   5.410223E+00  -1.000000E+01   3.720263E+00  -4.913986E+00        14
   1.527223E+04   1.165101E+07   2.875066E+00   2.875066E+00   7.224248E+00   5.410223E+00  -1.000000E+01   3.720263E+00  -4.913986E+00        14
   1.528223E+04   1.166628E+07   2.875066E+00   2.875066E+00   7.224248E+00   5.410223E+00  -1.000000E+01   3.720263E+00  -4.913986E+00        14
   1.529223E+04   1.168156E+07   2.875066E+00   2.875066E+00   7.224248E+00   5.410223E+00  -1.000000E+01   3.720263E+00  -4.913986E+00        14
   1.530223E+04   1.169685E+07   2.875066E+00   2.875066E+00   7.224248E+00   5.410223E+00  -1.000000E+01   3.720263E+00  -4.913986E+00        14
   1.531223E+04   1.171215E+07   2.875066E+00   2.875066E+00   7.224248E+00   5.410223E+00  -1.000000E+01   3.720263E+00  -4.913986E+00        14
   1.532223E+04   1.172746E+07   2.875066E+00   2.875066E+00   7.224248E+00   5.410223E+00  -1.000000E+01   3.720263E+00  -4.913986E+00        14
   1.533223E+04   1.174278E+07   2.875066E+00   2.875066E+00   7.224248E+00   5.410223E+00  -1.000000E+01   3.720263E+00  -4.913986E+00        14
   1.534223E+04   1.175811E+07   2.875066E+00   2.875066E+00   7.224248E+00   5.410223E+00  -1.000000E+01   3.720263E+00  -4.913986E+00        14
   1.535223E+04   1.177345E+07   2.875066E+00   2.875066E+00   7.224248E+00   5.410223E+00  -1.000000E+01   3.720263E+00  -4.913986E+00        14
   1.536223E+04   1.178880E+07   2.875066E+00   2.875066E+00   7.224248E+00   5.410223E+00  -1.000000E+01   3.720263E+00  -4.913986E+00        14
   1.537223E+04   1.180416E+07   2.875066E+00   2.875066E+00   7.224248E+00   5.410223E+00  -1.000000E+01   3.720263E+00  -4.913986E+00        14
   1.538223E+04   1.181953E+07   2.875066E+00   2.875066E+00   7.224248E+00   5.410223E+00  -1.000000E+01   3.720263E+00  -4.913986E+00        14
   1.539223E+04   1.183491E+07   2.875066E+00   2.875066E+00   7.224248E+00   5.410223E+00  -1.000000E+01   3.720263E+00  -4.913986E+00        14
   1.540223E+04   1.185030E+07   2.875066E+00   2.875066E+00   7.224248E+00   5.410223E+00  -1.000000E+01   3.720263E+00  -4.913986E+00        14
   1.541223E+04   1.186570E+07   2.875066E+00   2.875066E+00   7.224248E+00   5.410223E+00  -1.000000E+01   3.720263E+00  -4.913986E+00        14
   1.542223E+04   1.188111E+07   2.875066E+00   2.875066E+00   7.224248E+00   5.410223E+00  -1.000000E+01   3.720263E+00  -4.913986E+00        14
   1.543223E+04   1.189653E+07   2.875066E+00   2.875066E+00   7.224248E+00   5.410223E+00  -1.000000E+01   3.720263E+00  -4.913986E+00        14
   1.544223E+04   1.191196E+07   2.875066E+00   2.875066E+00   7.224248E+00   5.410223E+00  -1.000000E+01   3.720263E+00  -4.913986E+00        14
   1.545223E+04   1.192740E+07   2.875066E+00   2.875066E+00   7.224248E+00   5.410223E+00  -1.000000E+01   3.720263E+00  -4.913986E+00        14
   1.546223E+04   1.194285E+07   2.875066E+00   2.875066E+00   7.224248E+00   5.410223E+00  -1.000000E+01   3.720263E+00  -4.913986E+00        14
   1.547223E+04   1.195831E+07   2.875066E+00   2.875066E+00   7.224248E+00   5.410223E+00  -1.000000E+01   3.720263E+00  -4.913986E+00        14
   1.548223E+04   1.197378E+07   2.875066E+00   2.875066E+00   7.224248E+00   5.410223E+00  -1.000000E+01   3.720263E+00  -4.913986E+00        14
   1.549223E+04   1.198926E+07   2.875066E+00   2.875066E+00   7.224248E+00   5.410223E+00  -1.000000E+01   3.720263E+00  -4.913986E+00        14
   1.550223E+04   1.200475E+07   2.875066E+00   2.875066E+00   7.224248E+00   5.410223E+00  -1.000000E+01   3.720263E+00  -4.913986E+00        14
   1.551223E+04   1.202025E+07   2.875066E+00   2.875066E+00   7.224248E+00   5.410223E+00  -1.000000E+01   3.720263E+00  -4.913986E+00        14
   1.552223E+04   1.203576E+07   2.875066E+00   2.875066E+00   7.224248E+00   5.410223E+00  -1.000000E+01   3.720263E+00  -4.913986E+00        14
   1.553223E+04   1.205128E+07   2.875066E+00   2.875066E+00   7.224248E+00   5.410223E+00  -1.000000E+01   3.720263E+00  -4.913986E+00        14
   1.554223E+04   1.206681E+07   2.875066E+00   2.875066E+00   7.224248E+00   5.410223E+00  -1.000000E+01   3.720263E+00  -4.913986E+00        14
   1.555223E+04   1.208235E+07   2.875066E+00   2.875066E+00   7.224248E+00   5.410223E+00  -1.000000E+01   3.720263E+00  -4.913986E+00        14
   1.556223E+04   1.209790E+07   2.875066E+00   2.875066E+00   7.224248E+00   5.410223E+00  -1.000000E+01   3.720263E+00  -4.913986E+00        14
   1.557223E+04   1.211346E+07   2.875066E+00   2.875066E+00   7.224248E+00   5.410223E+00  -1.000000E+01   3.720263E+00  -4.913986E+00        14
   1.558223E+04   1.212903E+07   2.875066E+00   2.875066E+00   7.224248E+00   5.410223E+00  -1.000000E+01   3.720263E+00  -4.913986E+00        14
   1.559223E+04   1.214461E+07   2.875066E+00   2.875066E+00   7.224248E+00   5.410223E+00  -1.000000E+01   3.720263E+00  -4.913986E+00        14
   1.560223E+04   1.216020E+07   2.875066E+00   2.875066E+00   7.224248E+00   5.410223E+00  -1.000000E+01   3.720263E+00  -4.913986E+00        14
   1.561223E+04   1.217580E+07   2.875066E+00   2.875066E+00   7.224248E+00   5.410223E+00  -1.000000E+01   3.720263E+00  -4.913986E+00        14
   1.562223E+04   1.219141E+07   2.875066E+00   2.875066E+00   7.224248E+00   5.410223E+00  -1.000000E+01   3.720263E+00  -4.913986E+00        14
   1.563223E+04   1.220703E+07   2.875066E+00   2.875066E+00   7.224248E+00   5.410223E+00  -1.000000E+01   3.720263E+00  -4.913986E+00        14
   1.564223E+04   1.222266E+07   2.875066E+00   2.875066E+00   7.224248E+00   5.410223E+00  -1.000000E+01   3.720263E+00  -4.913986E+00        14
   1.565223E+04   1.223830E+07   2.875066E+00   2.875066E+00   7.224248E+00   5.410223E+00  -1.000000E+01   3.720263E+00  -4.913986E+00        14
   1.566223E+04   1.225395E+07   2.875066E+00   2.875066E+00   7.224248E+00   5.410223E+00  -1.000000E+01   3.720263E+00  -4.913986E+00        14
   1.567223E+04   1.226961E+07   2.875066E+00   2.875066E+00   7.224248E+00   5.410223E+00  -1.000000E+01   3.720263E+00  -4.913986E+00        14
   1.568223E+04   1.228528E+07   2.875066E+00   2.875066E+00   7.224248E+00   5.410223E+00  -1.000000E+01   3.720263E+00  -4.913986E+00        14
   1.569223E+04   1.230096E+07   2.875066E+00   2.875066E+00   7.224248E+00   5.410223E+00  -1.000000E+01   3.720263E+00  -4.913986E+00        14
   1.570223E+04   1.231665E+07   2.875066E+00   2.875066E+00   7.224248E+00   5.410223E+00  -1.000000E+01   3.720263E+00  -4.913986E+00        14
   1.571223E+04   1.233235E+07   2.875066E+00   2.875066E+00   7.224248E+00   5.410223E+00  -1.000000E+01   3.720263E+00  -4.913986E+00        14
   1.572223E+04   1.234806E+07   2.875066E+00   2.875066E+00   7.224248E+00   5.410223E+00  -1.000000E+01   3.720263E+00  -4.913986E+00        14
   1.573223E+04   1.236378E+07   2.875066E+00   2.875066E+00   7.224248E+00   5.410223E+00  -1.000000E+01   3.720263E+00  -4.913986E+00        14
   1.574223E+04   1.237951E+07   2.875066E+00   2.875066E+00   7.224248E+00   5.410223E+00  -1.000000E+01   3.720263E+00  -4.913986E+00        14
   1.575223E+04   1.239525E+07   2.875066E+00   2.875066E+00   7.224248E+00   5.410223E+00  -1.000000E+01   3.720263E+00  -4.913986E+00        14
   1.576223E+04   1.241100E+07   2.875066E+00   2.875066E+00   7.224248E+00   5.410223E+00  -1.000000E+01   3.720263E+00  -4.913986E+00        14
   1.577223E+04   1.242676E+07   2.875066E+00   2.875066E+00   7.224248E+00   5.410223E+00  -1.000000E+01   3.720263E+00  -4.913986E+00        14
   1.578223E+04   1.244253E+07   2.875066E+00   2.875066E+00   7.224248E+00   5.410223E+00  -1.000000E+01   3.720263E+00  -4.913986E+00        14
   1.579223E+04   1.245831E+07   2.875066E+00   2.875066E+00   7.224248E+00   5.410223E+00  -1.000000E+01   3.720263E+00  -4.913986E+00        14
   1.580223E+04   1.247410E+07   2.875066E+00   2.875066E+00   7.224248E+00   5.410223E+00  -1.000000E+01   3.720263E+00  -4.913986E+00        14
   1.581223E+04   1.248990E+07   2.875066E+00   2.875066E+00   7.224248E+00   5.410223E+00  -1.000000E+01   3.720263E+00  -4.913986E+00        14
   1.582223E+04   1.250571E+07   2.875066E+00   2.875066E+00   7.224248E+00   5.410223E+00  -1.000000E+01   3.720263E+00  -4.913986E+00        14
   1.583223E+04   1.252153E+07   2.875066E+00   2.875066E+00   7.224248E+00   5.410223E+00  -1.000000E+01   3.720263E+00  -4.913986E+00        14
   1.584223E+04   1.253736E+07   2.875066E+00   2.875066E+00   7.224248E+00   5.410223E+00  -1.000000E+01   3.720263E+00  -4.913986E+00        14
   1.585223E+04   1.255320E+07   2.875066E+00   2.875066E+00   7.224248E+00   5.410223E+00  -1.000000E+01   3.720263E+00  -4.913986E+00        14
   1.586223E+04   1.256905E+07   2.875066E+00   2.875066E+00   7.224248E+00   5.410223E+00  -1.000000E+01   3.720263E+00  -4.913986E+00        14
   1.587223E+04   1.258491E+07   2.875066E+00   2.875066E+00   7.224248E+00   5.410223E+00  -1.000000E+01   3.720263E+00  -4.913986E+00        14
   1.588223E+04   1.260078E+07   2.875066E+00   2.875066E+00   7.224248E+00   5.410223E+00  -1.000000E+01   3.720263E+00  -4.913986E+00        14
   1.589223E+04   1.261666E+07   2.875066E+00   2.875066E+00   7.224248E+00   5.410223E+00  -1.000000E+01   3.720263E+00  -4.913986E+00        14
   1.590223E+04   1.263255E+07   2.875066E+00   2.875066E+00   7.224248E+00   5.410223E+00  -1.000000E+01   3.720263E+00  -4.913986E+00        14
   1.591223E+04   1.264845E+07   2.875066E+00   2.875066E+00   7.224248E+00   5.410223E+00  -1.000000E+01   3.720263E+00  -4.913986E+00        14
   1.592223E+04   1.266436E+07   2.875066E+00   2.875066E+00   7.224248E+00   5.410223E+00  -1.000000E+01   3.720263E+00  -4.913986E+00        14
   1.593223E+04   1.268028E+07   2.875066E+00   2.875066E+00   7.224248E+00   5.410223E+00  -1.000000E+01   3.720263E+00  -4.913986E+00        14
   1.594223E+04   1.269621E+07   2.875066E+00   2.875066E+00   7.224248E+00   5.410223E+00  -1.000000E+01   3.720263E+00  -4.913986E+00        14
   1.595223E+04   1.271215E+07   2.875066E+00   2.875066E+00   7.224248E+00   5.410223E+00  -1.000000E+01   3.720263E+00  -4.913986E+00        14
   1.596223E+04   1.272810E+07   2.875066E+00   2.875066E+00   7.224248E+00   5.410223E+00  -1.000000E+01   3.720263E+00  -4.913986E+00        14
   1.597223E+04   1.274406E+07   2.875066E+00   2.875066E+00   7.224248E+00   5.410223E+00  -1.000000E+01   3.720263E+00  -4.913986E+00        14
   1.598223E+04   1.276003E+07   2.875066E+00   2.875066E+00   7.224248E+00   5.410223E+00  -1.000000E+01   3.720263E+00  -4.913986E+00        14
   1.599223E+04   1.277601E+07   2.875066E+00   2.875066E+00   7.224248E+00   5.410223E+00  -1.000000E+01   3.720263E+00  -4.913986E+00        14
   1.600223E+04   1.279200E+07   2.875066E+00   2.875066E+00   7.224248E+00   5.410223E+00  -1.000000E+01   3.720263E+00  -4.913986E+00        14
   1.601223E+04   1.280800E+07   2.875066E+00   2.875066E+00   7.224248E+00   5.410223E+00  -1.000000E+01   3.720263E+00  -4.913986E+00        14
   1.602223E+04   1.282401E+07   2.875066E+00   2.875066E+00   7.224248E+00   5.410223E+00  -1.000000E+01   3.720263E+00  -4.913986E+00        14
   1.603223E+04   1.284003E+07   2.875066E+00   2.875066E+00   7.224248E+00   5.410223E+00  -1.000000E+01   3.720263E+00  -4.913986E+00        14
   1.604223E+04   1.285606E+07   2.875066E+00   2.875066E+00   7.224248E+00   5.410223E+00  -1.000000E+01   3.720263E+00  -4.913986E+00        14
   1.605223E+04   1.287210E+07   2.875066E+00   2.875066E+00   7.224248E+00   5.410223E+00  -1.000000E+01   3.720263E+00  -4.913986E+00        14
   1.606223E+04   1.288815E+07   2.875066E+00   2.875066E+00   7.224248E+00   5.410223E+00  -1.000000E+01   3.720263E+00  -4.913986E+00        14
   1.607223E+04   1.290421E+07   2.875066E+00   2.875066E+00   7.224248E+00   5.410223E+00  -1.000000E+01   3.720263E+00  -4.913986E+00        14
   1.608223E+04   1.292028E+07   2.875066E+00   2.875066E+00   7.224248E+00   5.410223E+00  -1.000000E+01   3.720263E+00  -4.913986E+00        14
   1.609223E+04   1.293636E+07   2.875066E+00   2.875066E+00   7.224248E+00   5.410223E+00  -1.000000E+01   3.720263E+00  -4.913986E+00        14
   1.610223E+04   1.295245E+07   2.875066E+00   2.875066E+00   7.224248E+00   5.410223E+00  -1.000000E+01   3.720263E+00  -4.913986E+00        14
   1.611223E+04   1.296855E+07   2.875066E+00   2.875066E+00   7.224248E+00   5.410223E+00  -1.000000E+01   3.720263E+00  -4.913986E+00        14
   1.612223E+04   1.298466E+07   2.875066E+00   2.875066E+00   7.224248E+00   5.410223E+00  -1.000000E+01   3.720263E+00  -4.913986E+00        14
   1.613223E+04   1.300078E+07   2.875066E+00   2.875066E+00   7.224248E+00   5.410223E+00  -1.000000E+01   3.720263E+00  -4.913986E+00        14
   1.614223E+04   1.301691E+07   2.875066E+00   2.875066E+00   7.224248E+00   5.410223E+00  -1.000000E+01   3.720263E+00  -4.913986E+00        14
   1.615223E+04   1.303305E+07   2.875066E+00   2.875066E+00   7.224248E+00   5.410223E+00  -1.000000E+01   3.720263E+00  -4.913986E+00        14
   1.616223E+04   1.304920E+07   2.875066E+00   2.875066E+00   7.224248E+00   5.410223E+00  -1.000000E+01   3.720263E+00  -4.913986E+00        14
   1.617223E+04   1.306536E+07   2.875066E+00   2.875066E+00   7.224248E+00   5.410223E+00  -1.000000E+01   3.720263E+00  -4.913986E+00        14
   1.618223E+04   1.308153E+07   2.875066E+00   2.875066E+00   7.224248E+00   5.410223E+00  -1.000000E+01   3.720263E+00  -4.913986E+00        14
   1.619223E+04   1.309771E+07   2.875066E+00   2.875066E+00   7.224248E+00   5.410223E+00  -1.000000E+01   3.720263E+00  -4.913986E+00        14
   1.620223E+04   1.311390E+07   2.875066E+00   2.875066E+00   7.224248E+00   5.410223E+00  -1.000000E+01   3.720263E+00  -4.913986E+00        14
   1.621223E+04   1.313010E+07   2.875066E+00   2.875066E+00   7.224248E+00   5.410223E+00  -1.000000E+01   3.720263E+00  -4.913986E+00        14
   1.622223E+04   1.314631E+07   2.875066E+00   2.875066E+00   7.224248E+00   5.410223E+00  -1.000000E+01   3.720263E+00  -4.913986E+00        14
   1.623223E+04   1.316253E+07   2.875066E+00   2.875066E+00   7.224248E+00   5.410223E+00  -1.000000E+01   3.720263E+00  -4.913986E+00        14
   1.624223E+04   1.317876E+07   2.875066E+00   2.875066E+00   7.224248E+00   5.410223E+00  -1.000000E+01   3.720263E+00  -4.913986E+00        14
   1.625223E+04   1.319500E+07   2.875066E+00   2.875066E+00   7.224248E+00   5.410223E+00  -1.000000E+01   3.720263E+00  -4.913986E+00        14
   1.626223E+04   1.321125E+07   2.875066E+00   2.875066E+00   7.224248E+00   5.410223E+00  -1.000000E+01   3.720263E+00  -4.913986E+00        14
   1.627223E+04   1.322751E+07   2.875066E+00   2.875066E+00   7.224248E+00   5.410223E+00  -1.000000E+01   3.720263E+00  -4.913986E+00        14
   1.628223E+04   1.324378E+07   2.875066E+00   2.875066E+00   7.224248E+00   5.410223E+00  -1.000000E+01   3.720263E+00  -4.913986E+00        14
   1.629223E+04   1.326006E+07   2.875066E+00   2.875066E+00   7.224248E+00   5.410223E+00  -1.000000E+01   3.720263E+00  -4.913986E+00        14
   1.630223E+04   1.327635E+07   2.875066E+00   2.875066E+00   7.224248E+00   5.410223E+00  -1.000000E+01   3.720263E+00  -4.913986E+00        14
   1.631223E+04   1.329265E+07   2.875066E+00   2.875066E+00   7.224248E+00   5.410223E+00  -1.000000E+01   3.720263E+00  -4.913986E+00        14
   1.632223E+04   1.330896E+07   2.875066E+00   2.875066E+00   7.224248E+00   5.410223E+00  -1.000000E+01   3.720263E+00  -4.913986E+00        14
   1.633223E+04   1.332528E+07   2.875066E+00   2.875066E+00   7.224248E+00   5.410223E+00  -1.000000E+01   3.720263E+00  -4.913986E+00        14
   1.634223E+04   1.334161E+07   2.875066E+00   2.875066E+00   7.224248E+00   5.410223E+00  -1.000000E+01   3.720263E+00  -4.913986E+00        14
   1.635223E+04   1.335795E+07   2.875066E+00   2.875066E+00   7.224248E+00   5.410223E+00  -1.000000E+01   3.720263E+00  -4.913986E+00        14
   1.636223E+04   1.337430E+07   2.875066E+00   2.875066E+00   7.224248E+00   5.410223E+00  -1.000000E+01   3.720263E+00  -4.913986E+00        14
   1.637223E+04   1.339066E+07   2.875066E+00   2.875066E+00   7.224248E+00   5.410223E+00  -1.000000E+01   3.720263E+00  -4.913986E+00        14
   1.638223E+04   1.340703E+07   2.875066E+00   2.875066E+00   7.224248E+00   5.410223E+00  -1.000000E+01   3.720263E+00  -4.913986E+00        14
   1.639223E+04   1.342341E+07   2.875066E+00   2.875066E+00   7.224248E+00   5.410223E+00  -1.000000E+01   3.720263E+00  -4.913986E+00        14
   1.640223E+04   1.343980E+07   2.875066E+00   2.875066E+00   7.224248E+00   5.410223E+00  -1.000000E+01   3.720263E+00  -4.913986E+00        14
   1.641223E+04   1.345620E+07   2.875066E+00   2.875066E+00   7.224248E+00   5.410223E+00  -1.000000E+01   3.720263E+00  -4.913986E+00        14
   1.642223E+04   1.347261E+07   2.875066E+00   2.875066E+00   7.224248E+00   5.410223E+00  -1.000000E+01   3.720263E+00  -4.913986E+00        14
   1.643223E+04   1.348903E+07   2.875066E+00   2.875066E+00   7.224248E+00   5.410223E+00  -1.000000E+01   3.720263E+00  -4.913986E+00        14
   1.644223E+04   1.350546E+07   2.875066E+00   2.875066E+00   7.224248E+00   5.410223E+00  -1.000000E+01   3.720263E+00  -4.913986E+00        14
   1.645223E+04   1.352190E+07   2.875066E+00   2.875066E+00   7.224248E+00   5.410223E+00  -1.000000E+01   3.720263E+00  -4.913986E+00        14
   1.646223E+04   1.353835E+07   2.875066E+00   2.875066E+00   7.224248E+00   5.410223E+00  -1.000000E+01   3.720263E+00  -4.913986E+00        14
   1.647223E+04   1.355481E+07   2.875066E+00   2.875066E+00   7.224248E+00   5.410223E+00  -1.000000E+01   3.720263E+00  -4.913986E+00        14
   1.648223E+04   1.357128E+07   2.875066E+00   2.875066E+00   7.224248E+00   5.410223E+00  -1.000000E+01   3.720263E+00  -4.913986E+00        14
   1.649223E+04   1.358776E+07   2.875066E+00   2.875066E+00   7.224248E+00   5.410223E+00  -1.000000E+01   3.720263E+00  -4.913986E+00        14
   1.650223E+04   1.360425E+07   2.875066E+00   2.875066E+00   7.224248E+00   5.410223E+00  -1.000000E+01   3.720263E+00  -4.913986E+00        14
   1.651223E+04   1.362075E+07   2.875066E+00   2.875066E+00   7.224248E+00   5.410223E+00  -1.000000E+01   3.720263E+00  -4.913986E+00        14
   1.652223E+04   1.363726E+07   2.875066E+00   2.875066E+00   7.224248E+00   5.410223E+00  -1.000000E+01   3.720263E+00  -4.913986E+00        14
   1.653223E+04   1.365378E+07   2.875066E+00   2.875066E+00   7.224248E+00   5.410223E+00  -1.000000E+01   3.720263E+00  -4.913986E+00        14
   1.654223E+04   1.367031E+07   2.875066E+00   2.875066E+00   7.224248E+00   5.410223E+00  -1.000000E+01   3.720263E+00  -4.913986E+00        14
   1.655223E+04   1.368685E+07   2.875066E+00   2.875066E+00   7.224248E+00   5.410223E+00  -1.000000E+01   3.720263E+00  -4.913986E+00        14
   1.656223E+04   1.370340E+07   2.875066E+00   2.875066E+00   7.224248E+00   5.410223E+00  -1.000000E+01   3.720263E+00  -4.913986E+00        14
   1.657223E+04   1.371996E+07   2.875066E+00   2.875066E+00   7.224248E+00   5.410223E+00  -1.000000E+01   3.720263E+00  -4.913986E+00        14
   1.658223E+04   1.373653E+07   2.875066E+00   2.875066E+00   7.224248E+00   5.410223E+00  -1.000000E+01   3.720263E+00  -4.913986E+00        14
   1.659223E+04   1.375311E+07   2.875066E+00   2.875066E+00   7.224248E+00   5.410223E+00  -1.000000E+01   3.720263E+00  -4.913986E+00        14
   1.660223E+04   1.376970E+07   2.875066E+00   2.875066E+00   7.224248E+00   5.410223E+00  -1.000000E+01   3.720263E+00  -4.913986E+00        14
   1.661223E+04   1.378630E+07   2.875066E+00   2.875066E+00   7.224248E+00   5.410223E+00  -1.000000E+01   3.720263E+00  -4.913986E+00        14
   1.662223E+04   1.380291E+07   2.875066E+00   2.875066E+00   7.224248E+00   5.410223E+00  -1.000000E+01   3.720263E+00  -4.913986E+00        14
   1.663223E+04   1.381953E+07   2.875066E+00   2.875066E+00   7.224248E+00   5.410223E+00  -1.000000E+01   3.720263E+00  -4.913986E+00        14
   1.664223E+04   1.383616E+07   2.875066E+00   2.875066E+00   7.224248E+00   5.410223E+00  -1.000000E+01   3.720263E+00  -4.913986E+00        14
   1.665223E+04   1.385280E+07   2.875066E+00   2.875066E+00   7.224248E+00   5.410223E+00  -1.000000E+01   3.720263E+00  -4.913986E+00        14
   1.666223E+04   1.386945E+07   2.875066E+00   2.875066E+00   7.224248E+00   5.410223E+00  -1.000000E+01   3.720263E+00  -4.913986E+00        14
   1.667223E+04   1.388611E+07   2.875066E+00   2.875066E+00   7.224248E+00   5.410223E+00  -1.000000E+01   3.720263E+00  -4.913986E+00        14
   1.668223E+04   1.390278E+07   2.875066E+00   2.875066E+00   7.224248E+00   5.410223E+00  -1.000000E+01   3.720263E+00  -4.913986E+00        14
   1.669223E+04   1.391946E+07   2.875066E+00   2.875066E+00   7.224248E+00   5.410223E+00  -1.000000E+01   3.720263E+00  -4.913986E+00        14
   1.670223E+04   1.393615E+07   2.875066E+00   2.875066E+00   7.224248E+00   5.410223E+00  -1.000000E+01   3.720263E+00  -4.913986E+00        14
   1.671223E+04   1.395285E+07   2.875066E+00   2.875066E+00   7.224248E+00   5.410223E+00  -1.000000E+01   3.720263E+00  -4.913986E+00        14
   1.672223E+04   1.396956E+07   2.875066E+00   2.875066E+00   7.224248E+00   5.410223E+00  -1.000000E+01   3.720263E+00  -4.913986E+00        14
   1.673223E+04   1.398628E+07   2.875066E+00   2.875066E+00   7.224248E+00   5.410223E+00  -1.000000E+01   3.720263E+00  -4.913986E+00        14
   1.674223E+04   1.400301E+07   2.875066E+00   2.875066E+00   7.224248E+00   5.410223E+00  -1.000000E+01   3.720263E+00  -4.913986E+00        14
   1.675223E+04   1.401975E+07   2.875066E+00   2.875066E+00   7.224248E+00   5.410223E+00  -1.000000E+01   3.720263E+00  -4.913986E+00        14
   1.676223E+04   1.403650E+07   2.875066E+00   2.875066E+00   7.224248E+00   5.410223E+00  -1.000000E+01   3.720263E+00  -4.913986E+00        14
   1.677223E+04   1.405326E+07   2.875066E+00   2.875066E+00   7.224248E+00   5.410223E+00  -1.000000E+01   3.720263E+00  -4.913986E+00        14
   1.678223E+04   1.407003E+07   2.875066E+00   2.875066E+00   7.224248E+00   5.410223E+00  -1.000000E+01   3.720263E+00  -4.913986E+00        14
   1.679223E+04   1.408681E+07   2.875066E+00   2.875066E+00   7.224248E+00   5.410223E+00  -1.000000E+01   3.720263E+00  -4.913986E+00        14
   1.680223E+04   1.410360E+07   2.875066E+00   2.875066E+00   7.224248E+00   5.410223E+00  -1.000000E+01   3.720263E+00  -4.913986E+00        14
   1.681223E+04   1.412040E+07   2.875066E+00   2.875066E+00   7.224248E+00   5.410223E+00  -1.000000E+01   3.720263E+00  -4.913986E+00        14
   1.682223E+04   1.413721E+07   2.875066E+00   2.875066E+00   7.224248E+00   5.410223E+00  -1.000000E+01   3.720263E+00  -4.913986E+00        14
   1.683223E+04   1.415403E+07   2.875066E+00   2.875066E+00   7.224248E+00   5.410223E+00  -1.000000E+01   3.720263E+00  -4.913986E+00        14
   1.684223E+04   1.417086E+07   2.875066E+00   2.875066E+00   7.224248E+00   5.410223E+00  -1.000000E+01   3.720263E+00  -4.913986E+00        14
   1.685223E+04   1.418770E+07   2.875066E+00   2.875066E+00   7.224248E+00   5.410223E+00  -1.000000E+01   3.720263E+00  -4.913986E+00        14
   1.686223E+04   1.420455E+07   2.875066E+00   2.875066E+00   7.224248E+00   5.410223E+00  -1.000000E+01   3.720263E+00  -4.913986E+00        14
   1.687223E+04   1.422141E+07   2.875066E+00   2.875066E+00   7.224248E+00   5.410223E+00  -1.000000E+01   3.720263E+00  -4.913986E+00        14
   1.688223E+04   1.423828E+07   2.875066E+00   2.875066E+00   7.224248E+00   5.410223E+00  -1.000000E+01   3.720263E+00  -4.913986E+00        14
   1.689223E+04   1.425516E+07   2.875066E+00   2.875066E+00   7.224248E+00   5.410223E+00  -1.000000E+01   3.720263E+00  -4.913986E+00        14
   1.690223E+04   1.427205E+07   2.875066E+00   2.875066E+00   7.224248E+00   5.410223E+00  -1.000000E+01   3.720263E+00  -4.913986E+00        14
   1.691223E+04   1.428895E+07   2.875066E+00   2.875066E+00   7.224248E+00   5.410223E+00  -1.000000E+01   3.720263E+00  -4.913986E+00        14
   1.692223E+04   1.430586E+07   2.875066E+00   2.875066E+00   7.224248E+00   5.410223E+00  -1.000000E+01   3.720263E+00  -4.913986E+00        14
   1.693223E+04   1.432278E+07   2.875066E+00   2.875066E+00   7.224248E+00   5.410223E+00  -1.000000E+01   3.720263E+00  -4.913986E+00        14
   1.694223E+04   1.433971E+07   2.875066E+00   2.875066E+00   7.224248E+00   5.410223E+00  -1.000000E+01   3.720263E+00  -4.913986E+00        14
   1.695223E+04   1.435665E+07   2.875066E+00   2.875066E+00   7.224248E+00   5.410223E+00  -1.000000E+01   3.720263E+00  -4.913986E+00        14
   1.696223E+04   1.437360E+07   2.875066E+00   2.875066E+00   7.224248E+00   5.410223E+00  -1.000000E+01   3.720263E+00  -4.913986E+00        14
   1.697223E+04   1.439056E+07   2.875066E+00   2.875066E+00   7.224248E+00   5.410223E+00  -1.000000E+01   3.720263E+00  -4.913986E+00        14
   1.698223E+04   1.440753E+07   2.875066E+00   2.875066E+00   7.224248E+00   5.410223E+00  -1.000000E+01   3.720263E+00  -4.913986E+00        14
   1.699223E+04   1.442451E+07   2.875066E+00   2.875066E+00   7.224248E+00   5.410223E+00  -1.000000E+01   3.720263E+00  -4.913986E+00        14
   1.700223E+04   1.444150E+07   2.875066E+00   2.875066E+00   7.224248E+00   5.410223E+00  -1.000000E+01   3.720263E+00  -4.913986E+00        14
   1.701223E+04   1.445850E+07   2.875066E+00   2.875066E+00   7.224248E+00   5.410223E+00  -1.000000E+01   3.720263E+00  -4.913986E+00        14
   1.702223E+04   1.447551E+07   2.875066E+00   2.875066E+00   7.224248E+00   5.410223E+00  -1.000000E+01   3.720263E+00  -4.913986E+00        14
   1.703223E+04   1.449253E+07   2.875066E+00   2.875066E+00   7.224248E+00   5.410223E+00  -1.000000E+01   3.720263E+00  -4.913986E+00        14
   1.704223E+04   1.450956E+07   2.875066E+00   2.875066E+00   7.224248E+00   5.410223E+00  -1.000000E+01   3.720263E+00  -4.913986E+00        14
   1.705223E+04   1.452660E+07   2.875066E+00   2.875066E+00   7.224248E+00   5.410223E+00  -1.000000E+01   3.720263E+00  -4.913986E+00        14
   1.706223E+04   1.454365E+07   2.875066E+00   2.875066E+00   7.224248E+00   5.410223E+00  -1.000000E+01   3.720263E+00  -4.913986E+00        14
   1.707223E+04   1.456071E+07   2.875066E+00   2.875066E+00   7.224248E+00   5.410223E+00  -1.000000E+01   3.720263E+00  -4.913986E+00        14
   1.708223E+04   1.457778E+07   2.875066E+00   2.875066E+00   7.224248E+00   5.410223E+00  -1.000000E+01   3.720263E+00  -4.913986E+00        14
   1.709223E+04   1.459486E+07   2.875066E+00   2.875066E+00   7.224248E+00   5.410223E+00  -1.000000E+01   3.720263E+00  -4.913986E+00        14
   1.710223E+04   1.461195E+07   2.875066E+00   2.875066E+00   7.224248E+00   5.410223E+00  -1.000000E+01   3.720263E+00  -4.913986E+00        14
   1.711223E+04   1.462905E+07   2.875066E+00   2.875066E+00   7.224248E+00   5.410223E+00  -1.000000E+01   3.720263E+00  -4.913986E+00        14
   1.712223E+04   1.464616E+07   2.875066E+00   2.875066E+00   7.224248E+00   5.410223E+00  -1.000000E+01   3.720263E+00  -4.913986E+00        14
   1.713223E+04   1.466328E+07   2.875066E+00   2.875066E+00   7.224248E+00   5.410223E+00  -1.000000E+01   3.720263E+00  -4.913986E+00        14
   1.714223E+04   1.468041E+07   2.875066E+00   2.875066E+00   7.224248E+00   5.410223E+00  -1.000000E+01   3.720263E+00  -4.913986E+00        14
   1.715223E+04   1.469755E+07   2.875066E+00   2.875066E+00   7.224248E+00   5.410223E+00  -1.000000E+01   3.720263E+00  -4.913986E+00        14
   1.716223E+04   1.471470E+07   2.875066E+00   2.875066E+00   7.224248E+00   5.410223E+00  -1.000000E+01   3.720263E+00  -4.913986E+00        14
   1.717223E+04   1.473186E+07   2.875066E+00   2.875066E+00   7.224248E+00   5.410223E+00  -1.000000E+01   3.720263E+00  -4.913986E+00        14
   1.718223E+04   1.474903E+07   2.875066E+00   2.875066E+00   7.224248E+00   5.410223E+00  -1.000000E+01   3.720263E+00  -4.913986E+00        14
   1.719223E+04   1.476621E+07   2.875066E+00   2.875066E+00   7.224248E+00   5.410223E+00  -1.000000E+01   3.720263E+00  -4.913986E+00        14
   1.720223E+04   1.478340E+07   2.875066E+00   2.875066E+00   7.224248E+00   5.410223E+00  -1.000000E+01   3.720263E+00  -4.913986E+00        14
   1.721223E+04   1.480060E+07   2.875066E+00   2.875066E+00   7.224248E+00   5.410223E+00  -1.000000E+01   3.720263E+00  -4.913986E+00        14
   1.722223E+04   1.481781E+07   2.875066E+00   2.875066E+00   7.224248E+00   5.410223E+00  -1.000000E+01   3.720263E+00  -4.913986E+00        14
   1.723223E+04   1.483503E+07   2.875066E+00   2.875066E+00   7.224248E+00   5.410223E+00  -1.000000E+01   3.720263E+00  -4.913986E+00        14
   1.724223E+04   1.485226E+07   2.875066E+00   2.875066E+00   7.224248E+00   5.410223E+00  -1.000000E+01   3.720263E+00  -4.913986E+00        14
   1.725223E+04   1.486950E+07   2.875066E+00   2.875066E+00   7.224248E+00   5.410223E+00  -1.000000E+01   3.720263E+00  -4.913986E+00        14
   1.726223E+04   1.488675E+07   2.875066E+00   2.875066E+00   7.224248E+00   5.410223E+00  -1.000000E+01   3.720263E+00  -4.913986E+00        14
   1.727223E+04   1.490401E+07   2.875066E+00   2.875066E+00   7.224248E+00   5.410223E+00  -1.000000E+01   3.720263E+00  -4.913986E+00        14
   1.728223E+04   1.492128E+07   2.875066E+00   2.875066E+00   7.224248E+00   5.410223E+00  -1.000000E+01   3.720263E+00  -4.913986E+00        14
   1.729223E+04   1.493856E+07   2.875066E+00   2.875066E+00   7.224248E+00   5.410223E+00  -1.000000E+01   3.720263E+00  -4.913986E+00        14
   1.730223E+04   1.495585E+07   2.875066E+00   2.875066E+00   7.224248E+00   5.410223E+00  -1.000000E+01   3.720263E+00  -4.913986E+00        14
   1.731223E+04   1.497315E+07   2.875066E+00   2.875066E+00   7.224248E+00   5.410223E+00  -1.000000E+01   3.720263E+00  -4.913986E+00        14
   1.732223E+04   1.499046E+07   2.875066E+00   2.875066E+00   7.224248E+00   5.410223E+00  -1.000000E+01   3.720263E+00  -4.913986E+00        14
   1.733223E+04   1.500778E+07   2.875066E+00   2.875066E+00   7.224248E+00   5.410223E+00  -1.000000E+01   3.720263E+00  -4.913986E+00        14
   1.734223E+04   1.502511E+07   2.875066E+00   2.875066E+00   7.224248E+00   5.410223E+00  -1.000000E+01   3.720263E+00  -4.913986E+00        14
   1.735223E+04   1.504245E+07   2.875066E+00   2.875066E+00   7.224248E+00   5.410223E+00  -1.000000E+01   3.720263E+00  -4.913986E+00        14
   1.736223E+04   1.505980E+07   2.875066E+00   2.875066E+00   7.224248E+00   5.410223E+00  -1.000000E+01   3.720263E+00  -4.913986E+00        14
   1.737223E+04   1.507716E+07   2.875066E+00   2.875066E+00   7.224248E+00   5.410223E+00  -1.000000E+01   3.720263E+00  -4.913986E+00        14
   1.738223E+04   1.509453E+07   2.875066E+00   2.875066E+00   7.224248E+00   5.410223E+00  -1.000000E+01   3.720263E+00  -4.913986E+00        14
   1.739223E+04   1.511191E+07   2.875066E+00   2.875066E+00   7.224248E+00   5.410223E+00  -1.000000E+01   3.720263E+00  -4.913986E+00        14
   1.740223E+04   1.512930E+07   2.875066E+00   2.875066E+00   7.224248E+00   5.410223E+00  -1.000000E+01   3.720263E+00  -4.913986E+00        14
   1.741223E+04   1.514670E+07   2.875066E+00   2.875066E+00   7.224248E+00   5.410223E+00  -1.000000E+01   3.720263E+00  -4.913986E+00        14
   1.742223E+04   1.516411E+07   2.875066E+00   2.875066E+00   7.224248E+00   5.410223E+00  -1.000000E+01   3.720263E+00  -4.913986E+00        14
   1.743223E+04   1.518153E+07   2.875066E+00   2.875066E+00   7.224248E+00   5.410223E+00  -1.000000E+01   3.720263E+00  -4.913986E+00        14
   1.744223E+04   1.519896E+07   2.875066E+00   2.875066E+00   7.224248E+00   5.410223E+00  -1.000000E+01   3.720263E+00  -4.913986E+00        14
   1.745223E+04   1.521640E+07   2.875066E+00   2.875066E+00   7.224248E+00   5.410223E+00  -1.000000E+01   3.720263E+00  -4.913986E+00        14
   1.746223E+04   1.523385E+07   2.875066E+00   2.875066E+00   7.224248E+00   5.410223E+00  -1.000000E+01   3.720263E+00  -4.913986E+00        14
   1.747223E+04   1.525131E+07   2.875066E+00   2.875066E+00   7.224248E+00   5.410223E+00  -1.000000E+01   3.720263E+00  -4.913986E+00        14
   1.748223E+04   1.526878E+07   2.875066E+00   2.875066E+00   7.224248E+00   5.410223E+00  -1.000000E+01   3.720263E+00  -4.913986E+00        14
   1.749223E+04   1.528626E+07   2.875066E+00   2.875066E+00   7.224248E+00   5.410223E+00  -1.000000E+01   3.720263E+00  -4.913986E+00        14
   1.750223E+04   1.530375E+07   2.875066E+00   2.875066E+00   7.224248E+00   5.410223E+00  -1.000000E+01   3.720263E+00  -4.913986E+00        14
   1.751223E+04   1.532125E+07   2.875066E+00   2.875066E+00   7.224248E+00   5.410223E+00  -1.000000E+01   3.720263E+00  -4.913986E+00        14
   1.752223E+04   1.533876E+07   2.875066E+00   2.875066E+00   7.224248E+00   5.410223E+00  -1.000000E+01   3.720263E+00  -4.913986E+00        14
   1.753223E+04   1.535628E+07   2.875066E+00   2.875066E+00   7.224248E+00   5.410223E+00  -1.000000E+01   3.720263E+00  -4.913986E+00        14
   1.754223E+04   1.537381E+07   2.875066E+00   2.875066E+00   7.224248E+00   5.410223E+00  -1.000000E+01   3.720263E+00  -4.913986E+00        14
   1.755223E+04   1.539135E+07   2.875066E+00   2.875066E+00   7.224248E+00   5.410223E+00  -1.000000E+01   3.720263E+00  -4.913986E+00        14
   1.756223E+04   1.540890E+07   2.875066E+00   2.875066E+00   7.224248E+00   5.410223E+00  -1.000000E+01   3.720263E+00  -4.913986E+00        14
   1.757223E+04   1.542646E+07   2.875066E+00   2.875066E+00   7.224248E+00   5.410223E+00  -1.000000E+01   3.720263E+00  -4.913986E+00        14
   1.758223E+04   1.544403E+07   2.875066E+00   2.875066E+00   7.224248E+00   5.410223E+00  -1.000000E+01   3.720263E+00  -4.913986E+00        14
   1.759223E+04   1.546161E+07   2.875066E+00   2.875066E+00   7.224248E+00   5.410223E+00  -1.000000E+01   3.720263E+00  -4.913986E+00        14
   1.760223E+04   1.547920E+07   2.875066E+00   2.875066E+00   7.224248E+00   5.410223E+00  -1.000000E+01   3.720263E+00  -4.913986E+00        14
   1.761223E+04   1.549680E+07   2.875066E+00   2.875066E+00   7.224248E+00   5.410223E+00  -1.000000E+01   3.720263E+00  -4.913986E+00        14
   1.762223E+04   1.551441E+07   2.875066E+00   2.875066E+00   7.224248E+00   5.410223E+00  -1.000000E+01   3.720263E+00  -4.913986E+00        14
   1.763223E+04   1.553203E+07   2.875066E+00   2.875066E+00   7.224248E+00   5.410223E+00  -1.000000E+01   3.720263E+00  -4.913986E+00        14
   1.764223E+04   1.554966E+07   2.875066E+00   2.875066E+00   7.224248E+00   5.410223E+00  -1.000000E+01   3.720263E+00  -4.913986E+00        14
   1.765223E+04   1.556730E+07   2.875066E+00   2.875066E+00   7.224248E+00   5.410223E+00  -1.000000E+01   3.720263E+00  -4.913986E+00        14
   1.766223E+04   1.558495E+07   2.875066E+00   2.875066E+00   7.224248E+00   5.410223E+00  -1.000000E+01   3.720263E+00  -4.913986E+00        14
   1.767223E+04   1.560261E+07   2.875066E+00   2.875066E+00   7.224248E+00   5.410223E+00  -1.000000E+01   3.720263E+00  -4.913986E+00        14
   1.768223E+04   1.562028E+07   2.875066E+00   2.875066E+00   7.224248E+00   5.410223E+00  -1.000000E+01   3.720263E+00  -4.913986E+00        14
   1.769223E+04   1.563796E+07   2.875066E+00   2.875066E+00   7.224248E+00   5.410223E+00  -1.000000E+01   3.720263E+00  -4.913986E+00        14
   1.770223E+04   1.565565E+07   2.875066E+00   2.875066E+00   7.224248E+00   5.410223E+00  -1.000000E+01   3.720263E+00  -4.913986E+00        14
   1.771223E+04   1.567335E+07   2.875066E+00   2.875066E+00   7.224248E+00   5.410223E+00  -1.000000E+01   3.720263E+00  -4.913986E+00        14
   1.772223E+04   1.569106E+07   2.875066E+00   2.875066E+00   7.224248E+00   5.410223E+00  -1.000000E+01   3.720263E+00  -4.913986E+00        14
   1.773223E+04   1.570878E+07   2.875066E+00   2.875066E+00   7.224248E+00   5.410223E+00  -1.000000E+01   3.720263E+00  -4.913986E+00        14
   1.774223E+04   1.572651E+07   2.875066E+00   2.875066E+00   7.224248E+00   5.410223E+00  -1.000000E+01   3.720263E+00  -4.913986E+00        14
   1.775223E+04   1.574425E+07   2.875066E+00   2.875066E+00   7.224248E+00   5.410223E+00  -1.000000E+01   3.720263E+00  -4.913986E+00        14
   1.776223E+04   1.576200E+07   2.875066E+00   2.875066E+00   7.224248E+00   5.410223E+00  -1.000000E+01   3.720263E+00  -4.913986E+00        14
   1.777223E+04   1.577976E+07   2.875066E+00   2.875066E+00   7.224248E+00   5.410223E+00  -1.000000E+01   3.720263E+00  -4.913986E+00        14
   1.778223E+04   1.579753E+07   2.875066E+00   2.875066E+00   7.224248E+00   5.410223E+00  -1.000000E+01   3.720263E+00  -4.913986E+00        14
   1.779223E+04   1.581531E+07   2.875066E+00   2.875066E+00   7.224248E+00   5.410223E+00  -1.000000E+01   3.720263E+00  -4.913986E+00        14
   1.780223E+04   1.583310E+07   2.875066E+00   2.875066E+00   7.224248E+00   5.410223E+00  -1.000000E+01   3.720263E+00  -4.913986E+00        14
   1.781223E+04   1.585090E+07   2.875066E+00   2.875066E+00   7.224248E+00   5.410223E+00  -1.000000E+01   3.720263E+00  -4.913986E+00        14
   1.782223E+04   1.586871E+07   2.875066E+00   2.875066E+00   7.224248E+00   5.410223E+00  -1.000000E+01   3.720263E+00  -4.913986E+00        14
   1.783223E+04   1.588653E+07   2.875066E+00   2.875066E+00   7.224248E+00   5.410223E+00  -1.000000E+01   3.720263E+00  -4.913986E+00        14
   1.784223E+04   1.590436E+07   2.875066E+00   2.875066E+00   7.224248E+00   5.410223E+00  -1.000000E+01   3.720263E+00  -4.913986E+00        14
   1.785223E+04   1.592220E+07   2.875066E+00   2.875066E+00   7.224248E+00   5.410223E+00  -1.000000E+01   3.720263E+00  -4.913986E+00        14
   1.786223E+04   1.594005E+07   2.875066E+00   2.875066E+00   7.224248E+00   5.410223E+00  -1.000000E+01   3.720263E+00  -4.913986E+00        14
   1.787223E+04   1.595791E+07   2.875066E+00   2.875066E+00   7.224248E+00   5.410223E+00  -1.000000E+01   3.720263E+00  -4.913986E+00        14
   1.788223E+04   1.597578E+07   2.875066E+00   2.875066E+00   7.224248E+00   5.410223E+00  -1.000000E+01   3.720263E+00  -4.913986E+00        14
   1.789223E+04   1.599366E+07   2.875066E+00   2.875066E+00   7.224248E+00   5.410223E+00  -1.000000E+01   3.720263E+00  -4.913986E+00        14
   1.790223E+04   1.601155E+07   2.875066E+00   2.875066E+00   7.224248E+00   5.410223E+00  -1.000000E+01   3.720263E+00  -4.913986E+00        14
   1.791223E+04   1.602945E+07   2.875066E+00   2.875066E+00   7.224248E+00   5.410223E+00  -1.000000E+01   3.720263E+00  -4.913986E+00        14
   1.792223E+04   1.604736E+07   2.875066E+00   2.875066E+00   7.224248E+00   5.410223E+00  -1.000000E+01   3.720263E+00  -4.913986E+00        14
   1.793223E+04   1.606528E+07   2.875066E+00   2.875066E+00   7.224248E+00   5.410223E+00  -1.000000E+01   3.720263E+00  -4.913986E+00        14
   1.794223E+04   1.608321E+07   2.875066E+00   2.875066E+00   7.224248E+00   5.410223E+00  -1.000000E+01   3.720263E+00  -4.913986E+00        14
   1.795223E+04   1.610115E+07   2.875066E+00   2.875066E+00   7.224248E+00   5.410223E+00  -1.000000E+01   3.720263E+00  -4.913986E+00        14
   1.796223E+04   1.611910E+07   2.875066E+00   2.875066E+00   7.224248E+00   5.410223E+00  -1.000000E+01   3.720263E+00  -4.913986E+00        14
   1.797223E+04   1.613706E+07   2.875066E+00   2.875066E+00   7.224248E+00   5.410223E+00  -1.000000E+01   3.720263E+00  -4.913986E+00        14
   1.798223E+04   1.615503E+07   2.875066E+00   2.875066E+00   7.224248E+00   5.410223E+00  -1.000000E+01   3.720263E+00  -4.913986E+00        14
   1.799223E+04   1.617301E+07   2.875066E+00   2.875066E+00   7.224248E+00   5.410223E+00  -1.000000E+01   3.720263E+00  -4.913986E+00        14
   1.800223E+04   1.619100E+07   2.875066E+00   2.875066E+00   7.224248E+00   5.410223E+00  -1.000000E+01   3.720263E+00  -4.913986E+00        14
   1.801223E+04   1.620900E+07   2.875066E+00   2.875066E+00   7.224248E+00   5.410223E+00  -1.000000E+01   3.720263E+00  -4.913986E+00        14
   1.802223E+04   1.622701E+07   2.875066E+00   2.875066E+00   7.224248E+00   5.410223E+00  -1.000000E+01   3.720263E+00  -4.913986E+00        14
   1.803223E+04   1.624503E+07   2.875066E+00   2.875066E+00   7.224248E+00   5.410223E+00  -1.000000E+01   3.720263E+00  -4.913986E+00        14
   1.804223E+04   1.626306E+07   2.875066E+00   2.875066E+00   7.224248E+00   5.410223E+00  -1.000000E+01   3.720263E+00  -4.913986E+00        14
   1.805223E+04   1.628110E+07   2.875066E+00   2.875066E+00   7.224248E+00   5.410223E+00  -1.000000E+01   3.720263E+00  -4.913986E+00        14
   1.806223E+04   1.629915E+07   2.875066E+00   2.875066E+00   7.224248E+00   5.410223E+00  -1.000000E+01   3.720263E+00  -4.913986E+00        14
   1.807223E+04   1.631721E+07   2.875066E+00   2.875066E+00   7.224248E+00   5.410223E+00  -1.000000E+01   3.720263E+00  -4.913986E+00        14
   1.808223E+04   1.633528E+07   2.875066E+00   2.875066E+00   7.224248E+00   5.410223E+00  -1.000000E+01   3.720263E+00  -4.913986E+00        14
   1.809223E+04   1.635336E+07   2.875066E+00   2.875066E+00   7.224248E+00   5.410223E+00  -1.000000E+01   3.720263E+00  -4.913986E+00        14
   1.810223E+04   1.637145E+07   2.875066E+00   2.875066E+00   7.224248E+00   5.410223E+00  -1.000000E+01   3.720263E+00  -4.913986E+00        14
   1.811223E+04   1.638955E+07   2.875066E+00   2.875066E+00   7.224248E+00   5.410223E+00  -1.000000E+01   3.720263E+00  -4.913986E+00        14
   1.812223E+04   1.640766E+07   2.875066E+00   2.875066E+00   7.224248E+00   5.410223E+00  -1.000000E+01   3.720263E+00  -4.913986E+00        14
   1.813223E+04   1.642578E+07   2.875066E+00   2.875066E+00   7.224248E+00   5.410223E+00  -1.000000E+01   3.720263E+00  -4.913986E+00        14
   1.814223E+04   1.644391E+07   2.875066E+00   2.875066E+00   7.224248E+00   5.410223E+00  -1.000000E+01   3.720263E+00  -4.913986E+00        14
   1.815223E+04   1.646205E+07   2.875066E+00   2.875066E+00   7.224248E+00   5.410223E+00  -1.000000E+01   3.720263E+00  -4.913986E+00        14
   1.816223E+04   1.648020E+07   2.875066E+00   2.875066E+00   7.224248E+00   5.410223E+00  -1.000000E+01   3.720263E+00  -4.913986E+00        14
   1.817223E+04   1.649836E+07   2.875066E+00   2.875066E+00   7.224248E+00   5.410223E+00  -1.000000E+01   3.720263E+00  -4.913986E+00        14
   1.818223E+04   1.651653E+07   2.875066E+00   2.875066E+00   7.224248E+00   5.410223E+00  -1.000000E+01   3.720263E+00  -4.913986E+00        14
   1.819223E+04   1.653471E+07   2.875066E+00   2.875066E+00   7.224248E+00   5.410223E+00  -1.000000E+01   3.720263E+00  -4.913986E+00        14
   1.820223E+04   1.655290E+07   2.875066E+00   2.875066E+00   7.224248E+00   5.410223E+00  -1.000000E+01   3.720263E+00  -4.913986E+00        14
   1.821223E+04   1.657110E+07   2.875066E+00   2.875066E+00   7.224248E+00   5.410223E+00  -1.000000E+01   3.720263E+00  -4.913986E+00        14
   1.822223E+04   1.658931E+07   2.875066E+00   2.875066E+00   7.224248E+00   5.410223E+00  -1.000000E+01   3.720263E+00  -4.913986E+00        14
   1.823223E+04   1.660753E+07   2.875066E+00   2.875066E+00   7.224248E+00   5.410223E+00  -1.000000E+01   3.720263E+00  -4.913986E+00        14
   1.824223E+04   1.662576E+07   2.875066E+00   2.875066E+00   7.224248E+00   5.410223E+00  -1.000000E+01   3.720263E+00  -4.913986E+00        14
   1.825223E+04   1.664400E+07   2.875066E+00   2.875066E+00   7.224248E+00   5.410223E+00  -1.000000E+01   3.720263E+00  -4.913986E+00        14
   1.826223E+04   1.666225E+07   2.875066E+00   2.875066E+00   7.224248E+00   5.410223E+00  -1.000000E+01   3.720263E+00  -4.913986E+00        14
   1.827223E+04   1.668051E+07   2.875066E+00   2.875066E+00   7.224248E+00   5.410223E+00  -1.000000E+01   3.720263E+00  -4.913986E+00        14
   1.828223E+04   1.669878E+07   2.875066E+00   2.875066E+00   7.224248E+00   5.410223E+00  -1.000000E+01   3.720263E+00  -4.913986E+00        14
   1.829223E+04   1.671706E+07   2.875066E+00   2.875066E+00   7.224248E+00   5.410223E+00  -1.000000E+01   3.720263E+00  -4.913986E+00        14
   1.830223E+04   1.673535E+07   2.875066E+00   2.875066E+00   7.224248E+00   5.410223E+00  -1.000000E+01   3.720263E+00  -4.913986E+00        14
   1.831223E+04   1.675365E+07   2.875066E+00   2.875066E+00   7.224248E+00   5.410223E+00  -1.000000E+01   3.720263E+00  -4.913986E+00        14
   1.832223E+04   1.677196E+07   2.875066E+00   2.875066E+00   7.224248E+00   5.410223E+00  -1.000000E+01   3.720263E+00  -4.913986E+00        14
   1.833223E+04   1.679028E+07   2.875066E+00   2.875066E+00   7.224248E+00   5.410223E+00  -1.000000E+01   3.720263E+00  -4.913986E+00        14
   1.834223E+04   1.680861E+07   2.875066E+00   2.875066E+00   7.224248E+00   5.410223E+00  -1.000000E+01   3.720263E+00  -4.913986E+00        14
   1.835223E+04   1.682695E+07   2.875066E+00   2.875066E+00   7.224248E+00   5.410223E+00  -1.000000E+01   3.720263E+00  -4.913986E+00        14
   1.836223E+04   1.684530E+07   2.875066E+00   2.875066E+00   7.224248E+00   5.410223E+00  -1.000000E+01   3.720263E+00  -4.913986E+00        14
   1.837223E+04   1.686366E+07   2.875066E+00   2.875066E+00   7.224248E+00   5.410223E+00  -1.000000E+01   3.720263E+00  -4.913986E+00        14
   1.838223E+04   1.688203E+07   2.875066E+00   2.875066E+00   7.224248E+00   5.410223E+00  -1.000000E+01   3.720263E+00  -4.913986E+00        14
   1.839223E+04   1.690041E+07   2.875066E+00   2.875066E+00   7.224248E+00   5.410223E+00  -1.000000E+01   3.720263E+00  -4.913986E+00        14
   1.840223E+04   1.691880E+07   2.875066E+00   2.875066E+00   7.224248E+00   5.410223E+00  -1.000000E+01   3.720263E+00  -4.913986E+00        14
   1.841223E+04   1.693720E+07   2.875066E+00   2.875066E+00   7.224248E+00   5.410223E+00  -1.000000E+01   3.720263E+00  -4.913986E+00        14
   1.842223E+04   1.695561E+07   2.875066E+00   2.875066E+00   7.224248E+00   5.410223E+00  -1.000000E+01   3.720263E+00  -4.913986E+00        14
   1.843223E+04   1.697403E+07   2.875066E+00   2.875066E+00   7.224248E+00   5.410223E+00  -1.000000E+01   3.720263E+00  -4.913986E+00        14
   1.844223E+04   1.699246E+07   2.875066E+00   2.875066E+00   7.224248E+00   5.410223E+00  -1.000000E+01   3.720263E+00  -4.913986E+00        14
   1.845223E+04   1.701090E+07   2.875066E+00   2.875066E+00   7.224248E+00   5.410223E+00  -1.000000E+01   3.720263E+00  -4.913986E+00        14
   1.846223E+04   1.702935E+07   2.875066E+00   2.875066E+00   7.224248E+00   5.410223E+00  -1.000000E+01   3.720263E+00  -4.913986E+00        14
   1.847223E+04   1.704781E+07   2.875066E+00   2.875066E+00   7.224248E+00   5.410223E+00  -1.000000E+01   3.720263E+00  -4.913986E+00        14
   1.848223E+04   1.706628E+07   2.875066E+00   2.875066E+00   7.224248E+00   5.410223E+00  -1.000000E+01   3.720263E+00  -4.913986E+00        14
   1.849223E+04   1.708476E+07   2.875066E+00   2.875066E+00   7.224248E+00   5.410223E+00  -1.000000E+01   3.720263E+00  -4.913986E+00        14
   1.850223E+04   1.710325E+07   2.875066E+00   2.875066E+00   7.224248E+00   5.410223E+00  -1.000000E+01   3.720263E+00  -4.913986E+00        14
   1.851223E+04   1.712175E+07   2.875066E+00   2.875066E+00   7.224248E+00   5.410223E+00  -1.000000E+01   3.720263E+00  -4.913986E+00        14
   1.852223E+04   1.714026E+07   2.875066E+00   2.875066E+00   7.224248E+00   5.410223E+00  -1.000000E+01   3.720263E+00  -4.913986E+00        14
   1.853223E+04   1.715878E+07   2.875066E+00   2.875066E+00   7.224248E+00   5.410223E+00  -1.000000E+01   3.720263E+00  -4.913986E+00        14
   1.854223E+04   1.717731E+07   2.875066E+00   2.875066E+00   7.224248E+00   5.410223E+00  -1.000000E+01   3.720263E+00  -4.913986E+00        14
   1.855223E+04   1.719585E+07   2.875066E+00   2.875066E+00   7.224248E+00   5.410223E+00  -1.000000E+01   3.720263E+00  -4.913986E+00        14
   1.856223E+04   1.721440E+07   2.875066E+00   2.875066E+00   7.224248E+00   5.410223E+00  -1.000000E+01   3.720263E+00  -4.913986E+00        14
   1.857223E+04   1.723296E+07   2.875066E+00   2.875066E+00   7.224248E+00   5.410223E+00  -1.000000E+01   3.720263E+00  -4.913986E+00        14
   1.858223E+04   1.725153E+07   2.875066E+00   2.875066E+00   7.224248E+00   5.410223E+00  -1.000000E+01   3.720263E+00  -4.913986E+00        14
   1.859223E+04   1.727011E+07   2.875066E+00   2.875066E+00   7.224248E+00   5.410223E+00  -1.000000E+01   3.720263E+00  -4.913986E+00        14
   1.860223E+04   1.728870E+07   2.875066E+00   2.875066E+00   7.224248E+00   5.410223E+00  -1.000000E+01   3.720263E+00  -4.913986E+00        14
   1.861223E+04   1.730730E+07   2.875066E+00   2.875066E+00   7.224248E+00   5.410223E+00  -1.000000E+01   3.720263E+00  -4.913986E+00        14
   1.862223E+04   1.732591E+07   2.875066E+00   2.875066E+00   7.224248E+00   5.410223E+00  -1.000000E+01   3.720263E+00  -4.913986E+00        14
   1.863223E+04   1.734453E+07   2.875066E+00   2.875066E+00   7.224248E+00   5.410223E+00  -1.000000E+01   3.720263E+00  -4.913986E+00        14
   1.864223E+04   1.736316E+07   2.875066E+00   2.875066E+00   7.224248E+00   5.410223E+00  -1.000000E+01   3.720263E+00  -4.913986E+00        14
   1.865223E+04   1.738180E+07   2.875066E+00   2.875066E+00   7.224248E+00   5.410223E+00  -1.000000E+01   3.720263E+00  -4.913986E+00        14
   1.866223E+04   1.740045E+07   2.875066E+00   2.875066E+00   7.224248E+00   5.410223E+00  -1.000000E+01   3.720263E+00  -4.913986E+00        14
   1.867223E+04   1.741911E+07   2.875066E+00   2.875066E+00   7.224248E+00   5.410223E+00  -1.000000E+01   3.720263E+00  -4.913986E+00        14
   1.868223E+04   1.743778E+07   2.875066E+00   2.875066E+00   7.224248E+00   5.410223E+00  -1.000000E+01   3.720263E+00  -4.913986E+00        14
   1.869223E+04   1.745646E+07   2.875066E+00   2.875066E+00   7.224248E+00   5.410223E+00  -1.000000E+01   3.720263E+00  -4.913986E+00        14
   1.870223E+04   1.747515E+07   2.875066E+00   2.875066E+00   7.224248E+00   5.410223E+00  -1.000000E+01   3.720263E+00  -4.913986E+00        14
   1.871223E+04   1.749385E+07   2.875066E+00   2.875066E+00   7.224248E+00   5.410223E+00  -1.000000E+01   3.720263E+00  -4.913986E+00        14
   1.872223E+04   1.751256E+07   2.875066E+00   2.875066E+00   7.224248E+00   5.410223E+00  -1.000000E+01   3.720263E+00  -4.913986E+00        14
   1.873223E+04   1.753128E+07   2.875066E+00   2.875066E+00   7.224248E+00   5.410223E+00  -1.000000E+01   3.720263E+00  -4.913986E+00        14
   1.874223E+04   1.755001E+07   2.875066E+00   2.875066E+00   7.224248E+00   5.410223E+00  -1.000000E+01   3.720263E+00  -4.913986E+00        14
   1.875223E+04   1.756875E+07   2.875066E+00   2.875066E+00   7.224248E+00   5.410223E+00  -1.000000E+01   3.720263E+00  -4.913986E+00        14
   1.876223E+04   1.758750E+07   2.875066E+00   2.875066E+00   7.224248E+00   5.410223E+00  -1.000000E+01   3.720263E+00  -4.913986E+00        14
   1.877223E+04   1.760626E+07   2.875066E+00   2.875066E+00   7.224248E+00   5.410223E+00  -1.000000E+01   3.720263E+00  -4.913986E+00        14
   1.878223E+04   1.762503E+07   2.875066E+00   2.875066E+00   7.224248E+00   5.410223E+00  -1.000000E+01   3.720263E+00  -4.913986E+00        14
   1.879223E+04   1.764381E+07   2.875066E+00   2.875066E+00   7.224248E+00   5.410223E+00  -1.000000E+01   3.720263E+00  -4.913986E+00        14
   1.880223E+04   1.766260E+07   2.875066E+00   2.875066E+00   7.224248E+00   5.410223E+00  -1.000000E+01   3.720263E+00  -4.913986E+00        14
   1.881223E+04   1.768140E+07   2.875066E+00   2.875066E+00   7.224248E+00   5.410223E+00  -1.000000E+01   3.720263E+00  -4.913986E+00        14
   1.882223E+04   1.770021E+07   2.875066E+00   2.875066E+00   7.224248E+00   5.410223E+00  -1.000000E+01   3.720263E+00  -4.913986E+00        14
   1.883223E+04   1.771903E+07   2.875066E+00   2.875066E+00   7.224248E+00   5.410223E+00  -1.000000E+01   3.720263E+00  -4.913986E+00        14
   1.884223E+04   1.773786E+07   2.875066E+00   2.875066E+00   7.224248E+00   5.410223E+00  -1.000000E+01   3.720263E+00  -4.913986E+00        14
   1.885223E+04   1.775670E+07   2.875066E+00   2.875066E+00   7.224248E+00   5.410223E+00  -1.000000E+01   3.720263E+00  -4.913986E+00        14
   1.886223E+04   1.777555E+07   2.875066E+00   2.875066E+00   7.224248E+00   5.410223E+00  -1.000000E+01   3.720263E+00  -4.913986E+00        14
   1.887223E+04   1.779441E+07   2.875066E+00   2.875066E+00   7.224248E+00   5.410223E+00  -1.000000E+01   3.720263E+00  -4.913986E+00        14
   1.888223E+04   1.781328E+07   2.875066E+00   2.875066E+00   7.224248E+00   5.410223E+00  -1.000000E+01   3.720263E+00  -4.913986E+00        14
   1.889223E+04   1.783216E+07   2.875066E+00   2.875066E+00   7.224248E+00   5.410223E+00  -1.000000E+01   3.720263E+00  -4.913986E+00        14
   1.890223E+04   1.785105E+07   2.875066E+00   2.875066E+00   7.224248E+00   5.410223E+00  -1.000000E+01   3.720263E+00  -4.913986E+00        14
   1.891223E+04   1.786995E+07   2.875066E+00   2.875066E+00   7.224248E+00   5.410223E+00  -1.000000E+01   3.720263E+00  -4.913986E+00        14
   1.892223E+04   1.788886E+07   2.875066E+00   2.875066E+00   7.224248E+00   5.410223E+00  -1.000000E+01   3.720263E+00  -4.913986E+00        14
   1.893223E+04   1.790778E+07   2.875066E+00   2.875066E+00   7.224248E+00   5.410223E+00  -1.000000E+01   3.720263E+00  -4.913986E+00        14
   1.894223E+04   1.792671E+07   2.875066E+00   2.875066E+00   7.224248E+00   5.410223E+00  -1.000000E+01   3.720263E+00  -4.913986E+00        14
   1.895223E+04   1.794565E+07   2.875066E+00   2.875066E+00   7.224248E+00   5.410223E+00  -1.000000E+01   3.720263E+00  -4.913986E+00        14
   1.896223E+04   1.796460E+07   2.875066E+00   2.875066E+00   7.224248E+00   5.410223E+00  -1.000000E+01   3.720263E+00  -4.913986E+00        14
   1.897223E+04   1.798356E+07   2.875066E+00   2.875066E+00   7.224248E+00   5.410223E+00  -1.000000E+01   3.720263E+00  -4.913986E+00        14
   1.898223E+04   1.800253E+07   2.875066E+00   2.875066E+00   7.224248E+00   5.410223E+00  -1.000000E+01   3.720263E+00  -4.913986E+00        14
   1.899223E+04   1.802151E+07   2.875066E+00   2.875066E+00   7.224248E+00   5.410223E+00  -1.000000E+01   3.720263E+00  -4.913986E+00        14
   1.900223E+04   1.804050E+07   2.875066E+00   2.875066E+00   7.224248E+00   5.410223E+00  -1.000000E+01   3.720263E+00  -4.913986E+00        14
   1.901223E+04   1.805950E+07   2.875066E+00   2.875066E+00   7.224248E+00   5.410223E+00  -1.000000E+01   3.720263E+00  -4.913986E+00        14
   1.902223E+04   1.807851E+07   2.875066E+00   2.875066E+00   7.224248E+00   5.410223E+00  -1.000000E+01   3.720263E+00  -4.913986E+00        14
   1.903223E+04   1.809753E+07   2.875066E+00   2.875066E+00   7.224248E+00   5.410223E+00  -1.000000E+01   3.720263E+00  -4.913986E+00        14
   1.904223E+04   1.811656E+07   2.875066E+00   2.875066E+00   7.224248E+00   5.410223E+00  -1.000000E+01   3.720263E+00  -4.913986E+00        14
   1.905223E+04   1.813560E+07   2.875066E+00   2.875066E+00   7.224248E+00   5.410223E+00  -1.000000E+01   3.720263E+00  -4.913986E+00        14
   1.906223E+04   1.815465E+07   2.875066E+00   2.875066E+00   7.224248E+00   5.410223E+00  -1.000000E+01   3.720263E+00  -4.913986E+00        14
   1.907223E+04   1.817371E+07   2.875066E+00   2.875066E+00   7.224248E+00   5.410223E+00  -1.000000E+01   3.720263E+00  -4.913986E+00        14
   1.908223E+04   1.819278E+07   2.875066E+00   2.875066E+00   7.224248E+00   5.410223E+00  -1.000000E+01   3.720263E+00  -4.913986E+00        14
   1.909223E+04   1.821186E+07   2.875066E+00   2.875066E+00   7.224248E+00   5.410223E+00  -1.000000E+01   3.720263E+00  -4.913986E+00        14
   1.910223E+04   1.823095E+07   2.875066E+00   2.875066E+00   7.224248E+00   5.410223E+00  -1.000000E+01   3.720263E+00  -4.913986E+00        14
   1.911223E+04   1.825005E+07   2.875066E+00   2.875066E+00   7.224248E+00   5.410223E+00  -1.000000E+01   3.720263E+00  -4.913986E+00        14
   1.912223E+04   1.826916E+07   2.875066E+00   2.875066E+00   7.224248E+00   5.410223E+00  -1.000000E+01   3.720263E+00  -4.913986E+00        14
   1.913223E+04   1.828828E+07   2.875066E+00   2.875066E+00   7.224248E+00   5.410223E+00  -1.000000E+01   3.720263E+00  -4.913986E+00        14
   1.914223E+04   1.830741E+07   2.875066E+00   2.875066E+00   7.224248E+00   5.410223E+00  -1.000000E+01   3.720263E+00  -4.913986E+00        14
   1.915223E+04   1.832655E+07   2.875066E+00   2.875066E+00   7.224248E+00   5.410223E+00  -1.000000E+01   3.720263E+00  -4.913986E+00        14
   1.916223E+04   1.834570E+07   2.875066E+00   2.875066E+00   7.224248E+00   5.410223E+00  -1.000000E+01   3.720263E+00  -4.913986E+00        14
   1.917223E+04   1.836486E+07   2.875066E+00   2.875066E+00   7.224248E+00   5.410223E+00  -1.000000E+01   3.720263E+00  -4.913986E+00        14
   1.918223E+04   1.838403E+07   2.875066E+00   2.875066E+00   7.224248E+00   5.410223E+00  -1.000000E+01   3.720263E+00  -4.913986E+00        14
   1.919223E+04   1.840321E+07   2.875066E+00   2.875066E+00   7.224248E+00   5.410223E+00  -1.000000E+01   3.720263E+00  -4.913986E+00        14
   1.920223E+04   1.842240E+07   2.875066E+00   2.875066E+00   7.224248E+00   5.410223E+00  -1.000000E+01   3.720263E+00  -4.913986E+00        14
   1.921223E+04   1.844160E+07   2.875066E+00   2.875066E+00   7.224248E+00   5.410223E+00  -1.000000E+01   3.720263E+00  -4.913986E+00        14
   1.922223E+04   1.846081E+07   2.875066E+00   2.875066E+00   7.224248E+00   5.410223E+00  -1.000000E+01   3.720263E+00  -4.913986E+00        14
   1.923223E+04   1.848003E+07   2.875066E+00   2.875066E+00   7.224248E+00   5.410223E+00  -1.000000E+01   3.720263E+00  -4.913986E+00        14
   1.924223E+04   1.849926E+07   2.875066E+00   2.875066E+00   7.224248E+00   5.410223E+00  -1.000000E+01   3.720263E+00  -4.913986E+00        14
   1.925223E+04   1.851850E+07   2.875066E+00   2.875066E+00   7.224248E+00   5.410223E+00  -1.000000E+01   3.720263E+00  -4.913986E+00        14
   1.926223E+04   1.853775E+07   2.875066E+00   2.875066E+00   7.224248E+00   5.410223E+00  -1.000000E+01   3.720263E+00  -4.913986E+00        14
   1.927223E+04   1.855701E+07   2.875066E+00   2.875066E+00   7.224248E+00   5.410223E+00  -1.000000E+01   3.720263E+00  -4.913986E+00        14
   1.928223E+04   1.857628E+07   2.875066E+00   2.875066E+00   7.224248E+00   5.410223E+00  -1.000000E+01   3.720263E+00  -4.913986E+00        14
   1.929223E+04   1.859556E+07   2.875066E+00   2.875066E+00   7.224248E+00   5.410223E+00  -1.000000E+01   3.720263E+00  -4.913986E+00        14
   1.930223E+04   1.861485E+07   2.875066E+00   2.875066E+00   7.224248E+00   5.410223E+00  -1.000000E+01   3.720263E+00  -4.913986E+00        14
   1.931223E+04   1.863415E+07   2.875066E+00   2.875066E+00   7.224248E+00   5.410223E+00  -1.000000E+01   3.720263E+00  -4.913986E+00        14
   1.932223E+04   1.865346E+07   2.875066E+00   2.875066E+00   7.224248E+00   5.410223E+00  -1.000000E+01   3.720263E+00  -4.913986E+00        14
   1.933223E+04   1.867278E+07   2.875066E+00   2.875066E+00   7.224248E+00   5.410223E+00  -1.000000E+01   3.720263E+00  -4.913986E+00        14
   1.934223E+04   1.869211E+07   2.875066E+00   2.875066E+00   7.224248E+00   5.410223E+00  -1.000000E+01   3.720263E+00  -4.913986E+00        14
   1.935223E+04   1.871145E+07   2.875066E+00   2.875066E+00   7.224248E+00   5.410223E+00  -1.000000E+01   3.720263E+00  -4.913986E+00        14
   1.936223E+04   1.873080E+07   2.875066E+00   2.875066E+00   7.224248E+00   5.410223E+00  -1.000000E+01   3.720263E+00  -4.913986E+00        14
   1.937223E+04   1.875016E+07   2.875066E+00   2.875066E+00   7.224248E+00   5.410223E+00  -1.000000E+01   3.720263E+00  -4.913986E+00        14
   1.938223E+04   1.876953E+07   2.875066E+00   2.875066E+00   7.224248E+00   5.410223E+00  -1.000000E+01   3.720263E+00  -4.913986E+00        14
   1.939223E+04   1.878891E+07   2.875066E+00   2.875066E+00   7.224248E+00   5.410223E+00  -1.000000E+01   3.720263E+00  -4.913986E+00        14
   1.940223E+04   1.880830E+07   2.875066E+00   2.875066E+00   7.224248E+00   5.410223E+00  -1.000000E+01   3.720263E+00  -4.913986E+00        14
   1.941223E+04   1.882770E+07   2.875066E+00   2.875066E+00   7.224248E+00   5.410223E+00  -1.000000E+01   3.720263E+00  -4.913986E+00        14
   1.942223E+04   1.884711E+07   2.875066E+00   2.875066E+00   7.224248E+00   5.410223E+00  -1.000000E+01   3.720263E+00  -4.913986E+00        14
   1.943223E+04   1.886653E+07   2.875066E+00   2.875066E+00   7.224248E+00   5.410223E+00  -1.000000E+01   3.720263E+00  -4.913986E+00        14
   1.944223E+04   1.888596E+07   2.875066E+00   2.875066E+00   7.224248E+00   5.410223E+00  -1.000000E+01   3.720263E+00  -4.913986E+00        14
   1.945223E+04   1.890540E+07   2.875066E+00   2.875066E+00   7.224248E+00   5.410223E+00  -1.000000E+01   3.720263E+00  -4.913986E+00        14
   1.946223E+04   1.892485E+07   2.875066E+00   2.875066E+00   7.224248E+00   5.410223E+00  -1.000000E+01   3.720263E+00  -4.913986E+00        14
   1.947223E+04   1.894431E+07   2.875066E+00   2.875066E+00   7.224248E+00   5.410223E+00  -1.000000E+01   3.720263E+00  -4.913986E+00        14
   1.948223E+04   1.896378E+07   2.875066E+00   2.875066E+00   7.224248E+00   5.410223E+00  -1.000000E+01   3.720263E+00  -4.913986E+00        14
   1.949223E+04   1.898326E+07   2.875066E+00   2.875066E+00   7.224248E+00   5.410223E+00  -1.000000E+01   3.720263E+00  -4.913986E+00        14
   1.950223E+04   1.900275E+07   2.875066E+00   2.875066E+00   7.224248E+00   5.410223E+00  -1.000000E+01   3.720263E+00  -4.913986E+00        14
   1.951223E+04   1.902225E+07   2.875066E+00   2.875066E+00   7.224248E+00   5.410223E+00  -1.000000E+01   3.720263E+00  -4.913986E+00        14
   1.952223E+04   1.904176E+07   2.875066E+00   2.875066E+00   7.224248E+00   5.410223E+00  -1.000000E+01   3.720263E+00  -4.913986E+00        14
   1.953223E+04   1.906128E+07   2.875066E+00   2.875066E+00   7.224248E+00   5.410223E+00  -1.000000E+01   3.720263E+00  -4.913986E+00        14
   1.954223E+04   1.908081E+07   2.875066E+00   2.875066E+00   7.224248E+00   5.410223E+00  -1.000000E+01   3.720263E+00  -4.913986E+00        14
   1.955223E+04   1.910035E+07   2.875066E+00   2.875066E+00   7.224248E+00   5.410223E+00  -1.000000E+01   3.720263E+00  -4.913986E+00        14
   1.956223E+04   1.911990E+07   2.875066E+00   2.875066E+00   7.224248E+00   5.410223E+00  -1.000000E+01   3.720263E+00  -4.913986E+00        14
   1.957223E+04   1.913946E+07   2.875066E+00   2.875066E+00   7.224248E+00   5.410223E+00  -1.000000E+01   3.720263E+00  -4.913986E+00        14
   1.958223E+04   1.915903E+07   2.875066E+00   2.875066E+00   7.224248E+00   5.410223E+00  -1.000000E+01   3.720263E+00  -4.913986E+00        14
   1.959223E+04   1.917861E+07   2.875066E+00   2.875066E+00   7.224248E+00   5.410223E+00  -1.000000E+01   3.720263E+00  -4.913986E+00        14
   1.960223E+04   1.919820E+07   2.875066E+00   2.875066E+00   7.224248E+00   5.410223E+00  -1.000000E+01   3.720263E+00  -4.913986E+00        14
   1.961223E+04   1.921780E+07   2.875066E+00   2.875066E+00   7.224248E+00   5.410223E+00  -1.000000E+01   3.720263E+00  -4.913986E+00        14
   1.962223E+04   1.923741E+07   2.875066E+00   2.875066E+00   7.224248E+00   5.410223E+00  -1.000000E+01   3.720263E+00  -4.913986E+00        14
   1.963223E+04   1.925703E+07   2.875066E+00   2.875066E+00   7.224248E+00   5.410223E+00  -1.000000E+01   3.720263E+00  -4.913986E+00        14
   1.964223E+04   1.927666E+07   2.875066E+00   2.875066E+00   7.224248E+00   5.410223E+00  -1.000000E+01   3.720263E+00  -4.913986E+00        14
   1.965223E+04   1.929630E+07   2.875066E+00   2.875066E+00   7.224248E+00   5.410223E+00  -1.000000E+01   3.720263E+00  -4.913986E+00        14
   1.966223E+04   1.931595E+07   2.875066E+00   2.875066E+00   7.224248E+00   5.410223E+00  -1.000000E+01   3.720263E+00  -4.913986E+00        14
   1.967223E+04   1.933561E+07   2.875066E+00   2.875066E+00   7.224248E+00   5.410223E+00  -1.000000E+01   3.720263E+00  -4.913986E+00        14
   1.968223E+04   1.935528E+07   2.875066E+00   2.875066E+00   7.224248E+00   5.410223E+00  -1.000000E+01   3.720263E+00  -4.913986E+00        14
   1.969223E+04   1.937496E+07   2.875066E+00   2.875066E+00   7.224248E+00   5.410223E+00  -1.000000E+01   3.720263E+00  -4.913986E+00        14
   1.970223E+04   1.939465E+07   2.875066E+00   2.875066E+00   7.224248E+00   5.410223E+00  -1.000000E+01   3.720263E+00  -4.913986E+00        14
   1.971223E+04   1.941435E+07   2.875066E+00   2.875066E+00   7.224248E+00   5.410223E+00  -1.000000E+01   3.720263E+00  -4.913986E+00        14
   1.972223E+04   1.943406E+07   2.875066E+00   2.875066E+00   7.224248E+00   5.410223E+00  -1.000000E+01   3.720263E+00  -4.913986E+00        14
   1.973223E+04   1.945378E+07   2.875066E+00   2.875066E+00   7.224248E+00   5.410223E+00  -1.000000E+01   3.720263E+00  -4.913986E+00        14
   1.974223E+04   1.947351E+07   2.875066E+00   2.875066E+00   7.224248E+00   5.410223E+00  -1.000000E+01   3.720263E+00  -4.913986E+00        14
   1.975223E+04   1.949325E+07   2.875066E+00   2.875066E+00   7.224248E+00   5.410223E+00  -1.000000E+01   3.720263E+00  -4.913986E+00        14
   1.976223E+04   1.951300E+07   2.875066E+00   2.875066E+00   7.224248E+00   5.410223E+00  -1.000000E+01   3.720263E+00  -4.913986E+00        14
   1.977223E+04   1.953276E+07   2.875066E+00   2.875066E+00   7.224248E+00   5.410223E+00  -1.000000E+01   3.720263E+00  -4.913986E+00        14
   1.978223E+04   1.955253E+07   2.875066E+00   2.875066E+00   7.224248E+00   5.410223E+00  -1.000000E+01   3.720263E+00  -4.913986E+00        14
   1.979223E+04   1.957231E+07   2.875066E+00   2.875066E+00   7.224248E+00   5.410223E+00  -1.000000E+01   3.720263E+00  -4.913986E+00        14
   1.980223E+04   1.959210E+07   2.875066E+00   2.875066E+00   7.224248E+00   5.410223E+00  -1.000000E+01   3.720263E+00  -4.913986E+00        14
   1.981223E+04   1.961190E+07   2.875066E+00   2.875066E+00   7.224248E+00   5.410223E+00  -1.000000E+01   3.720263E+00  -4.913986E+00        14
   1.982223E+04   1.963171E+07   2.875066E+00   2.875066E+00   7.224248E+00   5.410223E+00  -1.000000E+01   3.720263E+00  -4.913986E+00        14
   1.983223E+04   1.965153E+07   2.875066E+00   2.875066E+00   7.224248E+00   5.410223E+00  -1.000000E+01   3.720263E+00  -4.913986E+00        14
   1.984223E+04   1.967136E+07   2.875066E+00   2.875066E+00   7.224248E+00   5.410223E+00  -1.000000E+01   3.720263E+00  -4.913986E+00        14
   1.985223E+04   1.969120E+07   2.875066E+00   2.875066E+00   7.224248E+00   5.410223E+00  -1.000000E+01   3.720263E+00  -4.913986E+00        14
   1.986223E+04   1.971105E+07   2.875066E+00   2.875066E+00   7.224248E+00   5.410223E+00  -1.000000E+01   3.720263E+00  -4.913986E+00        14
   1.987223E+04   1.973091E+07   2.875066E+00   2.875066E+00   7.224248E+00   5.410223E+00  -1.000000E+01   3.720263E+00  -4.913986E+00        14
   1.988223E+04   1.975078E+07   2.875066E+00   2.875066E+00   7.224248E+00   5.410223E+00  -1.000000E+01   3.720263E+00  -4.913986E+00        14
   1.989223E+04   1.977066E+07   2.875066E+00   2.875066E+00   7.224248E+00   5.410223E+00  -1.000000E+01   3.720263E+00  -4.913986E+00        14
   1.990223E+04   1.979055E+07   2.875066E+00   2.875066E+00   7.224248E+00   5.410223E+00  -1.000000E+01   3.720263E+00  -4.913986E+00        14
   1.991223E+04   1.981045E+07   2.875066E+00   2.875066E+00   7.224248E+00   5.410223E+00  -1.000000E+01   3.720263E+00  -4.913986E+00        14
   1.992223E+04   1.983036E+07   2.875066E+00   2.875066E+00   7.224248E+00   5.410223E+00  -1.000000E+01   3.720263E+00  -4.913986E+00        14
   1.993223E+04   1.985028E+07   2.875066E+00   2.875066E+00   7.224248E+00   5.410223E+00  -1.000000E+01   3.720263E+00  -4.913986E+00        14
   1.994223E+04   1.987021E+07   2.875066E+00   2.875066E+00   7.224248E+00   5.410223E+00  -1.000000E+01   3.720263E+00  -4.913986E+00        14
   1.995223E+04   1.989015E+07   2.875066E+00   2.875066E+00   7.224248E+00   5.410223E+00  -1.000000E+01   3.720263E+00  -4.913986E+00        14
   1.996223E+04   1.991010E+07   2.875066E+00   2.875066E+00   7.224248E+00   5.410223E+00  -1.000000E+01   3.720263E+00  -4.913986E+00        14
   1.997223E+04   1.993006E+07   2.875066E+00   2.875066E+00   7.224248E+00   5.410223E+00  -1.000000E+01   3.720263E+00  -4.913986E+00        14
   1.998223E+04   1.995003E+07   2.875066E+00   2.875066E+00   7.224248E+00   5.410223E+00  -1.000000E+01   3.720263E+00  -4.913986E+00        14
   1.999223E+04   1.997001E+07   2.875066E+00   2.875066E+00   7.224248E+00   5.410223E+00  -1.000000E+01   3.720263E+00  -4.913986E+00        14
   2.000000E+04   1.999000E+07   2.875066E+00   2.875066E+00   7.224248E+00   5.410223E+00  -1.000000E+01   3.720263E+00  -4.913986E+00        14
