           time            age           mass      core_mass        He_core        CO_core          log_L       log_Teff     log_radius     phase
   0.000000E+00   0.000000E+00   8.622065E+00   0.000000E+00   0.000000E+00   0.000000E+00   3.553910E+00   4.372617E+00   5.549801E-01         1
   1.714616E+00   1.714616E+00   8.619176E+00   0.000000E+00   0.000000E+00   0.000000E+00   3.566693E+00   4.369124E+00   5.683581E-01         1
   3.429233E+00   3.429233E+00   8.616120E+00   0.000000E+00   0.000000E+00   0.000000E+00   3.580642E+00   4.366949E+00   5.796824E-01         1
   5.143849E+00   5.143849E+00   8.612843E+00   0.000000E+00   0.000000E+00   0.000000E+00   3.595421E+00   4.365221E+00   5.905276E-01         1
   6.858465E+00   6.858465E+00   8.609317E+00   0.000000E+00   0.000000E+00   0.000000E+00   3.610980E+00   4.363671E+00   6.014071E-01         1
   8.573082E+00   8.573082E+00   8.605505E+00   0.000000E+00   0.000000E+00   0.000000E+00   3.627334E+00   4.362151E+00   6.126236E-01         1
   1.028770E+01   1.028770E+01   8.601367E+00   0.000000E+00   0.000000E+00   0.000000E+00   3.644455E+00   4.360565E+00   6.243558E-01         1
   1.200231E+01   1.200231E+01   8.596856E+00   0.000000E+00   0.000000E+00   0.000000E+00   3.662369E+00   4.358834E+00   6.367751E-01         1
   1.371693E+01   1.371693E+01   8.591923E+00   0.000000E+00   0.000000E+00   0.000000E+00   3.681175E+00   4.356876E+00   6.500934E-01         1
   1.543155E+01   1.543155E+01   8.586506E+00   0.000000E+00   0.000000E+00   0.000000E+00   3.701003E+00   4.354600E+00   6.645612E-01         1
   1.714616E+01   1.714616E+01   8.580522E+00   0.000000E+00   0.000000E+00   0.000000E+00   3.722023E+00   4.351886E+00   6.804988E-01         1
   1.886078E+01   1.886078E+01   8.573888E+00   0.000000E+00   0.000000E+00   0.000000E+00   3.744403E+00   4.348596E+00   6.982677E-01         1
   2.057540E+01   2.057540E+01   8.566481E+00   0.000000E+00   0.000000E+00   0.000000E+00   3.768407E+00   4.344524E+00   7.184145E-01         1
   2.229001E+01   2.229001E+01   8.558146E+00   0.000000E+00   0.000000E+00   0.000000E+00   3.794324E+00   4.339379E+00   7.416631E-01         1
   2.400463E+01   2.400463E+01   8.548705E+00   0.000000E+00   0.000000E+00   0.000000E+00   3.822033E+00   4.332899E+00   7.684770E-01         1
   2.571924E+01   2.571924E+01   8.537981E+00   0.000000E+00   0.000000E+00   0.000000E+00   3.851747E+00   4.324653E+00   7.998267E-01         1
   2.743386E+01   2.743386E+01   8.525651E+00   0.000000E+00   0.000000E+00   0.000000E+00   3.884233E+00   4.313657E+00   8.380615E-01         1
   2.914848E+01   2.914848E+01   8.511395E+00   0.000000E+00   0.000000E+00   0.000000E+00   3.920410E+00   4.298359E+00   8.867462E-01         1
   3.086309E+01   3.086309E+01   8.494761E+00   0.000000E+00   0.000000E+00   0.000000E+00   3.961409E+00   4.275882E+00   9.521996E-01         1
   3.257771E+01   3.257771E+01   8.475270E+00   0.000000E+00   0.000000E+00   0.000000E+00   4.008136E+00   4.241997E+00   1.043333E+00         1
   3.259486E+01   3.259486E+01   8.475058E+00   0.000000E+00   0.000000E+00   0.000000E+00   4.008645E+00   4.241581E+00   1.044419E+00         1
   3.261200E+01   3.261200E+01   8.474847E+00   0.000000E+00   0.000000E+00   0.000000E+00   4.009155E+00   4.241165E+00   1.045505E+00         1
   3.262915E+01   3.262915E+01   8.474635E+00   0.000000E+00   0.000000E+00   0.000000E+00   4.009664E+00   4.240750E+00   1.046591E+00         1
   3.264629E+01   3.264629E+01   8.474424E+00   0.000000E+00   0.000000E+00   0.000000E+00   4.010173E+00   4.240334E+00   1.047677E+00         1
   3.266344E+01   3.266344E+01   8.474212E+00   0.000000E+00   0.000000E+00   0.000000E+00   4.010682E+00   4.239918E+00   1.048763E+00         1
   3.268059E+01   3.268059E+01   8.473999E+00   0.000000E+00   0.000000E+00   0.000000E+00   4.011196E+00   4.239497E+00   1.049863E+00         1
   3.269773E+01   3.269773E+01   8.473786E+00   0.000000E+00   0.000000E+00   0.000000E+00   4.011713E+00   4.239072E+00   1.050972E+00         1
   3.271488E+01   3.271488E+01   8.473572E+00   0.000000E+00   0.000000E+00   0.000000E+00   4.012230E+00   4.238647E+00   1.052080E+00         1
   3.273203E+01   3.273203E+01   8.473358E+00   0.000000E+00   0.000000E+00   0.000000E+00   4.012746E+00   4.238222E+00   1.053189E+00         1
   3.274917E+01   3.274917E+01   8.473144E+00   0.000000E+00   0.000000E+00   0.000000E+00   4.013263E+00   4.237796E+00   1.054298E+00         1
   3.276632E+01   3.276632E+01   8.472931E+00   0.000000E+00   0.000000E+00   0.000000E+00   4.013780E+00   4.237371E+00   1.055406E+00         1
   3.278346E+01   3.278346E+01   8.472716E+00   0.000000E+00   0.000000E+00   0.000000E+00   4.014298E+00   4.236945E+00   1.056518E+00         1
   3.280061E+01   3.280061E+01   8.472500E+00   0.000000E+00   0.000000E+00   0.000000E+00   4.014823E+00   4.236511E+00   1.057648E+00         1
   3.281776E+01   3.281776E+01   8.472284E+00   0.000000E+00   0.000000E+00   0.000000E+00   4.015347E+00   4.236077E+00   1.058778E+00         1
   3.283490E+01   3.283490E+01   8.472068E+00   0.000000E+00   0.000000E+00   0.000000E+00   4.015872E+00   4.235643E+00   1.059908E+00         1
   3.285205E+01   3.285205E+01   8.471852E+00   0.000000E+00   0.000000E+00   0.000000E+00   4.016397E+00   4.235210E+00   1.061038E+00         1
   3.286919E+01   3.286919E+01   8.471636E+00   0.000000E+00   0.000000E+00   0.000000E+00   4.016922E+00   4.234776E+00   1.062168E+00         1
   3.288634E+01   3.288634E+01   8.471420E+00   0.000000E+00   0.000000E+00   0.000000E+00   4.017447E+00   4.234342E+00   1.063299E+00         1
   3.290349E+01   3.290349E+01   8.471203E+00   0.000000E+00   0.000000E+00   0.000000E+00   4.017979E+00   4.233903E+00   1.064443E+00         1
   3.292063E+01   3.292063E+01   8.470984E+00   0.000000E+00   0.000000E+00   0.000000E+00   4.018513E+00   4.233462E+00   1.065592E+00         1
   3.293778E+01   3.293778E+01   8.470766E+00   0.000000E+00   0.000000E+00   0.000000E+00   4.019047E+00   4.233021E+00   1.066741E+00         1
   3.295493E+01   3.295493E+01   8.470548E+00   0.000000E+00   0.000000E+00   0.000000E+00   4.019581E+00   4.232580E+00   1.067890E+00         1
   3.297207E+01   3.297207E+01   8.470329E+00   0.000000E+00   0.000000E+00   0.000000E+00   4.020115E+00   4.232139E+00   1.069039E+00         1
   3.298922E+01   3.298922E+01   8.470111E+00   0.000000E+00   0.000000E+00   0.000000E+00   4.020649E+00   4.231698E+00   1.070188E+00         1
   3.300636E+01   3.300636E+01   8.469892E+00   0.000000E+00   0.000000E+00   0.000000E+00   4.021188E+00   4.231254E+00   1.071345E+00         1
   3.302351E+01   3.302351E+01   8.469671E+00   0.000000E+00   0.000000E+00   0.000000E+00   4.021732E+00   4.230808E+00   1.072510E+00         1
   3.304066E+01   3.304066E+01   8.469451E+00   0.000000E+00   0.000000E+00   0.000000E+00   4.022277E+00   4.230361E+00   1.073675E+00         1
   3.305780E+01   3.305780E+01   8.469230E+00   0.000000E+00   0.000000E+00   0.000000E+00   4.022821E+00   4.229915E+00   1.074840E+00         1
   3.307495E+01   3.307495E+01   8.469010E+00   0.000000E+00   0.000000E+00   0.000000E+00   4.023366E+00   4.229468E+00   1.076005E+00         1
   3.309209E+01   3.309209E+01   8.468789E+00   0.000000E+00   0.000000E+00   0.000000E+00   4.023910E+00   4.229022E+00   1.077170E+00         1
   3.310924E+01   3.310924E+01   8.468568E+00   0.000000E+00   0.000000E+00   0.000000E+00   4.024458E+00   4.228575E+00   1.078338E+00         1
   3.312639E+01   3.312639E+01   8.468345E+00   0.000000E+00   0.000000E+00   0.000000E+00   4.025014E+00   4.228125E+00   1.079515E+00         1
   3.314353E+01   3.314353E+01   8.468122E+00   0.000000E+00   0.000000E+00   0.000000E+00   4.025570E+00   4.227676E+00   1.080692E+00         1
   3.316068E+01   3.316068E+01   8.467899E+00   0.000000E+00   0.000000E+00   0.000000E+00   4.026127E+00   4.227226E+00   1.081869E+00         1
   3.317783E+01   3.317783E+01   8.467676E+00   0.000000E+00   0.000000E+00   0.000000E+00   4.026683E+00   4.226777E+00   1.083046E+00         1
   3.319497E+01   3.319497E+01   8.467453E+00   0.000000E+00   0.000000E+00   0.000000E+00   4.027239E+00   4.226328E+00   1.084223E+00         1
   3.321212E+01   3.321212E+01   8.467230E+00   0.000000E+00   0.000000E+00   0.000000E+00   4.027798E+00   4.225878E+00   1.085401E+00         1
   3.322926E+01   3.322926E+01   8.467005E+00   0.000000E+00   0.000000E+00   0.000000E+00   4.028368E+00   4.225429E+00   1.086584E+00         1
   3.324641E+01   3.324641E+01   8.466780E+00   0.000000E+00   0.000000E+00   0.000000E+00   4.028938E+00   4.224980E+00   1.087768E+00         1
   3.326356E+01   3.326356E+01   8.466554E+00   0.000000E+00   0.000000E+00   0.000000E+00   4.029509E+00   4.224531E+00   1.088951E+00         1
   3.328070E+01   3.328070E+01   8.466329E+00   0.000000E+00   0.000000E+00   0.000000E+00   4.030079E+00   4.224082E+00   1.090134E+00         1
   3.329785E+01   3.329785E+01   8.466104E+00   0.000000E+00   0.000000E+00   0.000000E+00   4.030649E+00   4.223633E+00   1.091318E+00         1
   3.331499E+01   3.331499E+01   8.465878E+00   0.000000E+00   0.000000E+00   0.000000E+00   4.031221E+00   4.223184E+00   1.092501E+00         1
   3.333214E+01   3.333214E+01   8.465651E+00   0.000000E+00   0.000000E+00   0.000000E+00   4.031808E+00   4.222740E+00   1.093682E+00         1
   3.334929E+01   3.334929E+01   8.465423E+00   0.000000E+00   0.000000E+00   0.000000E+00   4.032395E+00   4.222297E+00   1.094863E+00         1
   3.336643E+01   3.336643E+01   8.465195E+00   0.000000E+00   0.000000E+00   0.000000E+00   4.032983E+00   4.221853E+00   1.096044E+00         1
   3.338358E+01   3.338358E+01   8.464967E+00   0.000000E+00   0.000000E+00   0.000000E+00   4.033570E+00   4.221409E+00   1.097225E+00         1
   3.340073E+01   3.340073E+01   8.464739E+00   0.000000E+00   0.000000E+00   0.000000E+00   4.034157E+00   4.220965E+00   1.098407E+00         1
   3.341787E+01   3.341787E+01   8.464511E+00   0.000000E+00   0.000000E+00   0.000000E+00   4.034746E+00   4.220522E+00   1.099587E+00         1
   3.343502E+01   3.343502E+01   8.464281E+00   0.000000E+00   0.000000E+00   0.000000E+00   4.035354E+00   4.220091E+00   1.100754E+00         1
   3.345216E+01   3.345216E+01   8.464051E+00   0.000000E+00   0.000000E+00   0.000000E+00   4.035962E+00   4.219659E+00   1.101921E+00         1
   3.346931E+01   3.346931E+01   8.463820E+00   0.000000E+00   0.000000E+00   0.000000E+00   4.036570E+00   4.219228E+00   1.103089E+00         1
   3.348646E+01   3.348646E+01   8.463590E+00   0.000000E+00   0.000000E+00   0.000000E+00   4.037178E+00   4.218796E+00   1.104256E+00         1
   3.350360E+01   3.350360E+01   8.463359E+00   0.000000E+00   0.000000E+00   0.000000E+00   4.037786E+00   4.218364E+00   1.105423E+00         1
   3.352075E+01   3.352075E+01   8.463129E+00   0.000000E+00   0.000000E+00   0.000000E+00   4.038398E+00   4.217936E+00   1.106586E+00         1
   3.353789E+01   3.353789E+01   8.462895E+00   0.000000E+00   0.000000E+00   0.000000E+00   4.039033E+00   4.217527E+00   1.107722E+00         1
   3.355504E+01   3.355504E+01   8.462662E+00   0.000000E+00   0.000000E+00   0.000000E+00   4.039668E+00   4.217118E+00   1.108857E+00         1
   3.357219E+01   3.357219E+01   8.462429E+00   0.000000E+00   0.000000E+00   0.000000E+00   4.040303E+00   4.216709E+00   1.109992E+00         1
   3.358933E+01   3.358933E+01   8.462196E+00   0.000000E+00   0.000000E+00   0.000000E+00   4.040938E+00   4.216300E+00   1.111127E+00         1
   3.360648E+01   3.360648E+01   8.461962E+00   0.000000E+00   0.000000E+00   0.000000E+00   4.041573E+00   4.215891E+00   1.112262E+00         1
   3.362363E+01   3.362363E+01   8.461728E+00   0.000000E+00   0.000000E+00   0.000000E+00   4.042216E+00   4.215492E+00   1.113383E+00         1
   3.364077E+01   3.364077E+01   8.461492E+00   0.000000E+00   0.000000E+00   0.000000E+00   4.042887E+00   4.215123E+00   1.114456E+00         1
   3.365792E+01   3.365792E+01   8.461255E+00   0.000000E+00   0.000000E+00   0.000000E+00   4.043558E+00   4.214754E+00   1.115529E+00         1
   3.367506E+01   3.367506E+01   8.461019E+00   0.000000E+00   0.000000E+00   0.000000E+00   4.044229E+00   4.214386E+00   1.116602E+00         1
   3.369221E+01   3.369221E+01   8.460782E+00   0.000000E+00   0.000000E+00   0.000000E+00   4.044900E+00   4.214017E+00   1.117676E+00         1
   3.370936E+01   3.370936E+01   8.460546E+00   0.000000E+00   0.000000E+00   0.000000E+00   4.045572E+00   4.213648E+00   1.118749E+00         1
   3.372650E+01   3.372650E+01   8.460308E+00   0.000000E+00   0.000000E+00   0.000000E+00   4.046263E+00   4.213306E+00   1.119779E+00         1
   3.374365E+01   3.374365E+01   8.460067E+00   0.000000E+00   0.000000E+00   0.000000E+00   4.046984E+00   4.213003E+00   1.120745E+00         1
   3.376079E+01   3.376079E+01   8.459827E+00   0.000000E+00   0.000000E+00   0.000000E+00   4.047705E+00   4.212700E+00   1.121711E+00         1
   3.377794E+01   3.377794E+01   8.459587E+00   0.000000E+00   0.000000E+00   0.000000E+00   4.048426E+00   4.212397E+00   1.122677E+00         1
   3.379509E+01   3.379509E+01   8.459346E+00   0.000000E+00   0.000000E+00   0.000000E+00   4.049147E+00   4.212094E+00   1.123644E+00         1
   3.381223E+01   3.381223E+01   8.459106E+00   0.000000E+00   0.000000E+00   0.000000E+00   4.049868E+00   4.211791E+00   1.124610E+00         1
   3.382938E+01   3.382938E+01   8.458862E+00   0.000000E+00   0.000000E+00   0.000000E+00   4.050638E+00   4.211563E+00   1.125452E+00         1
   3.384653E+01   3.384653E+01   8.458617E+00   0.000000E+00   0.000000E+00   0.000000E+00   4.051431E+00   4.211368E+00   1.126239E+00         1
   3.386367E+01   3.386367E+01   8.458372E+00   0.000000E+00   0.000000E+00   0.000000E+00   4.052224E+00   4.211172E+00   1.127026E+00         1
   3.388082E+01   3.388082E+01   8.458127E+00   0.000000E+00   0.000000E+00   0.000000E+00   4.053016E+00   4.210977E+00   1.127813E+00         1
   3.389796E+01   3.389796E+01   8.457881E+00   0.000000E+00   0.000000E+00   0.000000E+00   4.053809E+00   4.210781E+00   1.128600E+00         1
   3.391511E+01   3.391511E+01   8.457634E+00   0.000000E+00   0.000000E+00   0.000000E+00   4.054631E+00   4.210633E+00   1.129308E+00         1
   3.393226E+01   3.393226E+01   8.457383E+00   0.000000E+00   0.000000E+00   0.000000E+00   4.055525E+00   4.210603E+00   1.129816E+00         1
   3.394940E+01   3.394940E+01   8.457132E+00   0.000000E+00   0.000000E+00   0.000000E+00   4.056420E+00   4.210573E+00   1.130324E+00         1
   3.396655E+01   3.396655E+01   8.456881E+00   0.000000E+00   0.000000E+00   0.000000E+00   4.057314E+00   4.210542E+00   1.130832E+00         1
   3.398370E+01   3.398370E+01   8.456629E+00   0.000000E+00   0.000000E+00   0.000000E+00   4.058209E+00   4.210512E+00   1.131339E+00         1
   3.400084E+01   3.400084E+01   8.456376E+00   1.786186E-02   1.786186E-02   0.000000E+00   4.059176E+00   4.210606E+00   1.131634E+00         1
   3.401799E+01   3.401799E+01   8.456120E+00   5.326790E-02   5.326790E-02   0.000000E+00   4.060213E+00   4.210823E+00   1.131719E+00         1
   3.403513E+01   3.403513E+01   8.455864E+00   8.867394E-02   8.867394E-02   0.000000E+00   4.061251E+00   4.211040E+00   1.131804E+00         1
   3.405228E+01   3.405228E+01   8.455608E+00   1.240800E-01   1.240800E-01   0.000000E+00   4.062289E+00   4.211257E+00   1.131889E+00         1
   3.406943E+01   3.406943E+01   8.455348E+00   4.046843E-01   4.046843E-01   0.000000E+00   4.063463E+00   4.211709E+00   1.131573E+00         1
   3.408657E+01   3.408657E+01   8.455086E+00   8.260375E-01   8.260375E-01   0.000000E+00   4.064715E+00   4.212295E+00   1.131025E+00         1
   3.410372E+01   3.410372E+01   8.454824E+00   1.247391E+00   1.247391E+00   0.000000E+00   4.065967E+00   4.212882E+00   1.130478E+00         1
   3.412086E+01   3.412086E+01   8.454555E+00   1.563232E+00   1.563232E+00   0.000000E+00   4.067421E+00   4.213799E+00   1.129371E+00         1
   3.413801E+01   3.413801E+01   8.454284E+00   1.852264E+00   1.852264E+00   0.000000E+00   4.068927E+00   4.214801E+00   1.128120E+00         1
   3.415516E+01   3.415516E+01   8.454015E+00   1.953364E+00   1.953364E+00   0.000000E+00   4.070609E+00   4.216104E+00   1.126356E+00         1
   3.417230E+01   3.417230E+01   8.453746E+00   1.968305E+00   1.968305E+00   0.000000E+00   4.072382E+00   4.217561E+00   1.124327E+00         1
   3.418945E+01   3.418945E+01   8.453463E+00   1.978278E+00   1.978278E+00   0.000000E+00   4.074654E+00   4.219763E+00   1.121059E+00         1
   3.420660E+01   3.420660E+01   8.453182E+00   1.983272E+00   1.983272E+00   0.000000E+00   4.077399E+00   4.222693E+00   1.116572E+00         1
   3.422374E+01   3.422374E+01   8.452901E+00   1.987278E+00   1.987278E+00   0.000000E+00   4.080323E+00   4.225873E+00   1.111673E+00         1
   3.424089E+01   3.424089E+01   8.452603E+00   1.990757E+00   1.990757E+00   0.000000E+00   4.085984E+00   4.232475E+00   1.101301E+00         1
   3.425803E+01   3.425803E+01   8.452306E+00   1.994091E+00   1.994091E+00   0.000000E+00   4.092597E+00   4.240257E+00   1.089042E+00         1
   3.427518E+01   3.427518E+01   8.451983E+00   1.997403E+00   1.997403E+00   0.000000E+00   4.118445E+00   4.250390E+00   1.081701E+00         1
   3.429233E+01   3.429233E+01   8.451652E+00   2.000679E+00   2.000679E+00   0.000000E+00   4.153494E+00   4.261590E+00   1.076825E+00         2
   3.429260E+01   3.429260E+01   8.451652E+00   1.995284E+00   1.995284E+00   0.000000E+00   4.108112E+00   4.251583E+00   1.074149E+00         2
   3.429287E+01   3.429287E+01   8.451652E+00   1.997648E+00   1.997648E+00   0.000000E+00   4.141792E+00   4.263810E+00   1.066534E+00         2
   3.429314E+01   3.429314E+01   8.451556E+00   2.001535E+00   2.001535E+00   0.000000E+00   4.121852E+00   4.231315E+00   1.121554E+00         2
   3.429342E+01   3.429342E+01   8.451547E+00   2.002081E+00   2.002081E+00   0.000000E+00   4.120547E+00   4.227979E+00   1.127574E+00         2
   3.429369E+01   3.429369E+01   8.451541E+00   2.002490E+00   2.002490E+00   0.000000E+00   4.119679E+00   4.225591E+00   1.131916E+00         2
   3.429396E+01   3.429396E+01   8.451535E+00   2.002899E+00   2.002899E+00   0.000000E+00   4.118811E+00   4.223204E+00   1.136257E+00         2
   3.429423E+01   3.429423E+01   8.451529E+00   2.003295E+00   2.003295E+00   0.000000E+00   4.117934E+00   4.220828E+00   1.140570E+00         2
   3.429451E+01   3.429451E+01   8.451523E+00   2.003692E+00   2.003692E+00   0.000000E+00   4.117058E+00   4.218452E+00   1.144884E+00         2
   3.429478E+01   3.429478E+01   8.451517E+00   2.004079E+00   2.004079E+00   0.000000E+00   4.116195E+00   4.216059E+00   1.149239E+00         2
   3.429505E+01   3.429505E+01   8.451511E+00   2.004377E+00   2.004377E+00   0.000000E+00   4.115455E+00   4.213499E+00   1.153988E+00         2
   3.429533E+01   3.429533E+01   8.451505E+00   2.004675E+00   2.004675E+00   0.000000E+00   4.114715E+00   4.210939E+00   1.158737E+00         2
   3.429560E+01   3.429560E+01   8.451499E+00   2.004955E+00   2.004955E+00   0.000000E+00   4.114045E+00   4.208285E+00   1.163712E+00         2
   3.429587E+01   3.429587E+01   8.451494E+00   2.005190E+00   2.005190E+00   0.000000E+00   4.113547E+00   4.205398E+00   1.169237E+00         2
   3.429614E+01   3.429614E+01   8.451489E+00   2.005425E+00   2.005425E+00   0.000000E+00   4.113048E+00   4.202511E+00   1.174761E+00         2
   3.429642E+01   3.429642E+01   8.451483E+00   2.005673E+00   2.005673E+00   0.000000E+00   4.112580E+00   4.199582E+00   1.180386E+00         2
   3.429669E+01   3.429669E+01   8.451478E+00   2.005927E+00   2.005927E+00   0.000000E+00   4.112125E+00   4.196635E+00   1.186051E+00         2
   3.429696E+01   3.429696E+01   8.451472E+00   2.006196E+00   2.006196E+00   0.000000E+00   4.111671E+00   4.193685E+00   1.191724E+00         2
   3.429723E+01   3.429723E+01   8.451467E+00   2.006542E+00   2.006542E+00   0.000000E+00   4.111228E+00   4.190715E+00   1.197442E+00         2
   3.429751E+01   3.429751E+01   8.451462E+00   2.006889E+00   2.006889E+00   0.000000E+00   4.110786E+00   4.187746E+00   1.203160E+00         2
   3.429778E+01   3.429778E+01   8.451457E+00   2.007267E+00   2.007267E+00   0.000000E+00   4.110516E+00   4.184519E+00   1.209478E+00         2
   3.429805E+01   3.429805E+01   8.451452E+00   2.007665E+00   2.007665E+00   0.000000E+00   4.110350E+00   4.181140E+00   1.216153E+00         2
   3.429833E+01   3.429833E+01   8.451447E+00   2.008056E+00   2.008056E+00   0.000000E+00   4.110189E+00   4.177753E+00   1.222847E+00         2
   3.429860E+01   3.429860E+01   8.451442E+00   2.008436E+00   2.008436E+00   0.000000E+00   4.110039E+00   4.174350E+00   1.229577E+00         2
   3.429887E+01   3.429887E+01   8.451437E+00   2.008811E+00   2.008811E+00   0.000000E+00   4.109892E+00   4.170942E+00   1.236322E+00         2
   3.429914E+01   3.429914E+01   8.451432E+00   2.009115E+00   2.009115E+00   0.000000E+00   4.109777E+00   4.167449E+00   1.243249E+00         2
   3.429942E+01   3.429942E+01   8.451427E+00   2.009420E+00   2.009420E+00   0.000000E+00   4.109663E+00   4.163957E+00   1.250177E+00         2
   3.429969E+01   3.429969E+01   8.451422E+00   2.009761E+00   2.009761E+00   0.000000E+00   4.109631E+00   4.160274E+00   1.257527E+00         2
   3.429996E+01   3.429996E+01   8.451417E+00   2.010110E+00   2.010110E+00   0.000000E+00   4.109614E+00   4.156556E+00   1.264954E+00         2
   3.430023E+01   3.430023E+01   8.451413E+00   2.010439E+00   2.010439E+00   0.000000E+00   4.109616E+00   4.152798E+00   1.272470E+00         2
   3.430051E+01   3.430051E+01   8.451408E+00   2.010761E+00   2.010761E+00   0.000000E+00   4.109623E+00   4.149027E+00   1.280017E+00         2
   3.430078E+01   3.430078E+01   8.451403E+00   2.011181E+00   2.011181E+00   0.000000E+00   4.109653E+00   4.145130E+00   1.287826E+00         2
   3.430105E+01   3.430105E+01   8.451399E+00   2.011653E+00   2.011653E+00   0.000000E+00   4.109695E+00   4.141166E+00   1.295774E+00         2
   3.430133E+01   3.430133E+01   8.451394E+00   2.012094E+00   2.012094E+00   0.000000E+00   4.109752E+00   4.137121E+00   1.303893E+00         2
   3.430160E+01   3.430160E+01   8.451390E+00   2.012519E+00   2.012519E+00   0.000000E+00   4.109816E+00   4.133033E+00   1.312101E+00         2
   3.430187E+01   3.430187E+01   8.451386E+00   2.012948E+00   2.012948E+00   0.000000E+00   4.109879E+00   4.128867E+00   1.320464E+00         2
   3.430214E+01   3.430214E+01   8.451381E+00   2.013379E+00   2.013379E+00   0.000000E+00   4.109943E+00   4.124670E+00   1.328889E+00         2
   3.430242E+01   3.430242E+01   8.451377E+00   2.014021E+00   2.014021E+00   0.000000E+00   4.110002E+00   4.120337E+00   1.337586E+00         2
   3.430269E+01   3.430269E+01   8.451373E+00   2.014709E+00   2.014709E+00   0.000000E+00   4.110060E+00   4.115974E+00   1.346341E+00         2
   3.430296E+01   3.430296E+01   8.451368E+00   2.015575E+00   2.015575E+00   0.000000E+00   4.110102E+00   4.111505E+00   1.355301E+00         2
   3.430323E+01   3.430323E+01   8.451364E+00   2.016386E+00   2.016386E+00   0.000000E+00   4.110138E+00   4.107001E+00   1.364326E+00         2
   3.430351E+01   3.430351E+01   8.451360E+00   2.016965E+00   2.016965E+00   0.000000E+00   4.110148E+00   4.102363E+00   1.373606E+00         2
   3.430378E+01   3.430378E+01   8.451356E+00   2.017301E+00   2.017301E+00   0.000000E+00   4.110143E+00   4.097671E+00   1.382988E+00         2
   3.430405E+01   3.430405E+01   8.451352E+00   2.017360E+00   2.017360E+00   0.000000E+00   4.110121E+00   4.092916E+00   1.392487E+00         2
   3.430433E+01   3.430433E+01   8.451348E+00   2.017551E+00   2.017551E+00   0.000000E+00   4.110061E+00   4.088038E+00   1.402213E+00         2
   3.430460E+01   3.430460E+01   8.451344E+00   2.017874E+00   2.017874E+00   0.000000E+00   4.109984E+00   4.083106E+00   1.412039E+00         2
   3.430487E+01   3.430487E+01   8.451340E+00   2.018802E+00   2.018802E+00   0.000000E+00   4.109867E+00   4.078054E+00   1.422083E+00         2
   3.430514E+01   3.430514E+01   8.451336E+00   2.019922E+00   2.019922E+00   0.000000E+00   4.109718E+00   4.072920E+00   1.432278E+00         2
   3.430542E+01   3.430542E+01   8.451333E+00   2.021208E+00   2.021208E+00   0.000000E+00   4.109544E+00   4.067713E+00   1.442604E+00         2
   3.430569E+01   3.430569E+01   8.451329E+00   2.021558E+00   2.021558E+00   0.000000E+00   4.109304E+00   4.062342E+00   1.453226E+00         2
   3.430596E+01   3.430596E+01   8.451325E+00   2.021713E+00   2.021713E+00   0.000000E+00   4.109040E+00   4.056908E+00   1.463963E+00         2
   3.430623E+01   3.430623E+01   8.451322E+00   2.021672E+00   2.021672E+00   0.000000E+00   4.108748E+00   4.051406E+00   1.474821E+00         2
   3.430651E+01   3.430651E+01   8.451318E+00   2.021848E+00   2.021848E+00   0.000000E+00   4.108374E+00   4.045705E+00   1.486037E+00         2
   3.430678E+01   3.430678E+01   8.451314E+00   2.022984E+00   2.022984E+00   0.000000E+00   4.107965E+00   4.039918E+00   1.497405E+00         2
   3.430705E+01   3.430705E+01   8.451311E+00   2.024816E+00   2.024816E+00   0.000000E+00   4.107516E+00   4.034039E+00   1.508940E+00         2
   3.430733E+01   3.430733E+01   8.451307E+00   2.026509E+00   2.026509E+00   0.000000E+00   4.107011E+00   4.028024E+00   1.520716E+00         2
   3.430760E+01   3.430760E+01   8.451303E+00   2.026705E+00   2.026705E+00   0.000000E+00   4.106432E+00   4.021834E+00   1.532807E+00         2
   3.430787E+01   3.430787E+01   8.451298E+00   2.026639E+00   2.026639E+00   0.000000E+00   4.105808E+00   4.015538E+00   1.545087E+00         2
   3.430814E+01   3.430814E+01   8.451293E+00   2.026610E+00   2.026610E+00   0.000000E+00   4.105136E+00   4.009128E+00   1.557571E+00         2
   3.430842E+01   3.430842E+01   8.451287E+00   2.026508E+00   2.026508E+00   0.000000E+00   4.104394E+00   4.002551E+00   1.570353E+00         2
   3.430869E+01   3.430869E+01   8.451281E+00   2.026314E+00   2.026314E+00   0.000000E+00   4.103568E+00   3.995776E+00   1.583490E+00         2
   3.430896E+01   3.430896E+01   8.451274E+00   2.026590E+00   2.026590E+00   0.000000E+00   4.102692E+00   3.988881E+00   1.596842E+00         2
   3.430923E+01   3.430923E+01   8.451267E+00   2.028496E+00   2.028496E+00   0.000000E+00   4.101738E+00   3.981798E+00   1.610533E+00         2
   3.430951E+01   3.430951E+01   8.451259E+00   2.030767E+00   2.030767E+00   0.000000E+00   4.100709E+00   3.974530E+00   1.624553E+00         2
   3.430978E+01   3.430978E+01   8.451252E+00   2.031783E+00   2.031783E+00   0.000000E+00   4.099614E+00   3.967102E+00   1.638862E+00         2
   3.431005E+01   3.431005E+01   8.451244E+00   2.031818E+00   2.031818E+00   0.000000E+00   4.098437E+00   3.959477E+00   1.653524E+00         2
   3.431033E+01   3.431033E+01   8.451236E+00   2.031775E+00   2.031775E+00   0.000000E+00   4.097160E+00   3.951614E+00   1.668611E+00         2
   3.431060E+01   3.431060E+01   8.451227E+00   2.031589E+00   2.031589E+00   0.000000E+00   4.095810E+00   3.943582E+00   1.683999E+00         2
   3.431087E+01   3.431087E+01   8.451219E+00   2.031652E+00   2.031652E+00   0.000000E+00   4.094354E+00   3.935308E+00   1.699819E+00         2
   3.431114E+01   3.431114E+01   8.451210E+00   2.033439E+00   2.033439E+00   0.000000E+00   4.092791E+00   3.926794E+00   1.716066E+00         2
   3.431142E+01   3.431142E+01   8.451201E+00   2.035622E+00   2.035622E+00   0.000000E+00   4.091132E+00   3.918074E+00   1.732676E+00         2
   3.431169E+01   3.431169E+01   8.451192E+00   2.035999E+00   2.035999E+00   0.000000E+00   4.089343E+00   3.909082E+00   1.749765E+00         2
   3.431196E+01   3.431196E+01   8.451183E+00   2.036618E+00   2.036618E+00   0.000000E+00   4.087442E+00   3.899870E+00   1.767240E+00         2
   3.431223E+01   3.431223E+01   8.451173E+00   2.037930E+00   2.037930E+00   0.000000E+00   4.085399E+00   3.890384E+00   1.785189E+00         2
   3.431251E+01   3.431251E+01   8.451163E+00   2.038362E+00   2.038362E+00   0.000000E+00   4.083209E+00   3.880625E+00   1.803612E+00         2
   3.431278E+01   3.431278E+01   8.451152E+00   2.038775E+00   2.038775E+00   0.000000E+00   4.080862E+00   3.870573E+00   1.822544E+00         2
   3.431305E+01   3.431305E+01   8.451142E+00   2.040147E+00   2.040147E+00   0.000000E+00   4.078297E+00   3.860112E+00   1.842183E+00         2
   3.431333E+01   3.431333E+01   8.451131E+00   2.040265E+00   2.040265E+00   0.000000E+00   4.075556E+00   3.849319E+00   1.862399E+00         2
   3.431360E+01   3.431360E+01   8.451119E+00   2.040218E+00   2.040218E+00   0.000000E+00   4.072574E+00   3.838078E+00   1.883390E+00         2
   3.431387E+01   3.431387E+01   8.451108E+00   2.040799E+00   2.040799E+00   0.000000E+00   4.069334E+00   3.826389E+00   1.905148E+00         2
   3.431414E+01   3.431414E+01   8.451096E+00   2.043085E+00   2.043085E+00   0.000000E+00   4.065798E+00   3.814226E+00   1.927706E+00         2
   3.431442E+01   3.431442E+01   8.451083E+00   2.044421E+00   2.044421E+00   0.000000E+00   4.061896E+00   3.801546E+00   1.951116E+00         2
   3.431469E+01   3.431469E+01   8.451070E+00   2.045562E+00   2.045562E+00   0.000000E+00   4.057595E+00   3.788344E+00   1.975368E+00         2
   3.431496E+01   3.431496E+01   8.451057E+00   2.045401E+00   2.045401E+00   0.000000E+00   4.052788E+00   3.774551E+00   2.000550E+00         2
   3.431524E+01   3.431524E+01   8.451043E+00   2.045395E+00   2.045395E+00   0.000000E+00   4.047433E+00   3.760205E+00   2.026566E+00         2
   3.431551E+01   3.431551E+01   8.451029E+00   2.045395E+00   2.045395E+00   0.000000E+00   4.041387E+00   3.745282E+00   2.053400E+00         2
   3.431578E+01   3.431578E+01   8.451014E+00   2.046347E+00   2.046347E+00   0.000000E+00   4.034481E+00   3.729803E+00   2.080887E+00         2
   3.431605E+01   3.431605E+01   8.450999E+00   2.050720E+00   2.050720E+00   0.000000E+00   4.026575E+00   3.713876E+00   2.108794E+00         2
   3.431633E+01   3.431633E+01   8.450983E+00   2.050426E+00   2.050426E+00   0.000000E+00   4.017341E+00   3.697490E+00   2.136949E+00         2
   3.431660E+01   3.431660E+01   8.450967E+00   2.050417E+00   2.050417E+00   0.000000E+00   4.006673E+00   3.681261E+00   2.164074E+00         2
   3.431687E+01   3.431687E+01   8.450950E+00   2.050825E+00   2.050825E+00   0.000000E+00   3.994293E+00   3.666739E+00   2.186928E+00         2
   3.431714E+01   3.431714E+01   8.450934E+00   2.052643E+00   2.052643E+00   0.000000E+00   3.980140E+00   3.654738E+00   2.203854E+00         2
   3.431742E+01   3.431742E+01   8.450917E+00   2.053793E+00   2.053793E+00   0.000000E+00   3.966887E+00   3.646266E+00   2.214171E+00         2
   3.431769E+01   3.431769E+01   8.450901E+00   2.055051E+00   2.055051E+00   0.000000E+00   3.956597E+00   3.640501E+00   2.220555E+00         2
   3.431796E+01   3.431796E+01   8.450886E+00   2.055434E+00   2.055434E+00   0.000000E+00   3.947397E+00   3.636016E+00   2.224926E+00         2
   3.431824E+01   3.431824E+01   8.450870E+00   2.056387E+00   2.056387E+00   0.000000E+00   3.937599E+00   3.632151E+00   2.227756E+00         2
   3.431851E+01   3.431851E+01   8.450855E+00   2.057037E+00   2.057037E+00   0.000000E+00   3.928753E+00   3.628415E+00   2.230806E+00         2
   3.431878E+01   3.431878E+01   8.450841E+00   2.057633E+00   2.057633E+00   0.000000E+00   3.921991E+00   3.624668E+00   2.234919E+00         2
   3.431905E+01   3.431905E+01   8.450826E+00   2.058307E+00   2.058307E+00   0.000000E+00   3.918941E+00   3.620820E+00   2.241090E+00         2
   3.431933E+01   3.431933E+01   8.450812E+00   2.059964E+00   2.059964E+00   0.000000E+00   3.920203E+00   3.616781E+00   2.249798E+00         2
   3.431960E+01   3.431960E+01   8.450798E+00   2.062562E+00   2.062562E+00   0.000000E+00   3.925593E+00   3.612560E+00   2.260936E+00         2
   3.431960E+01   3.431960E+01   8.450798E+00   2.062562E+00   2.062562E+00   0.000000E+00   3.925593E+00   3.612560E+00   2.260936E+00         3
   3.431998E+01   3.431998E+01   8.450776E+00   2.062971E+00   2.062971E+00   0.000000E+00   3.951886E+00   3.605797E+00   2.287607E+00         3
   3.432036E+01   3.432036E+01   8.450751E+00   2.062691E+00   2.062691E+00   0.000000E+00   3.995392E+00   3.598260E+00   2.324435E+00         3
   3.432073E+01   3.432073E+01   8.450719E+00   2.065015E+00   2.065015E+00   0.000000E+00   4.052894E+00   3.590329E+00   2.369048E+00         3
   3.432111E+01   3.432111E+01   8.450677E+00   2.066905E+00   2.066905E+00   0.000000E+00   4.112241E+00   3.583178E+00   2.413023E+00         3
   3.432149E+01   3.432149E+01   8.450622E+00   2.068208E+00   2.068208E+00   0.000000E+00   4.161635E+00   3.577495E+00   2.449085E+00         3
   3.432187E+01   3.432187E+01   8.450554E+00   2.067873E+00   2.067873E+00   0.000000E+00   4.197513E+00   3.573418E+00   2.475180E+00         3
   3.432225E+01   3.432225E+01   8.450474E+00   2.070131E+00   2.070131E+00   0.000000E+00   4.223146E+00   3.570533E+00   2.493765E+00         3
   3.432262E+01   3.432262E+01   8.450385E+00   2.072572E+00   2.072572E+00   0.000000E+00   4.240183E+00   3.568597E+00   2.506157E+00         3
   3.432300E+01   3.432300E+01   8.450290E+00   2.073521E+00   2.073521E+00   0.000000E+00   4.252645E+00   3.567162E+00   2.515257E+00         3
   3.432338E+01   3.432338E+01   8.450191E+00   2.075104E+00   2.075104E+00   0.000000E+00   4.262179E+00   3.566056E+00   2.522236E+00         3
   3.432376E+01   3.432376E+01   8.450090E+00   2.076516E+00   2.076516E+00   0.000000E+00   4.270045E+00   3.565135E+00   2.528011E+00         3
   3.432414E+01   3.432414E+01   8.449986E+00   2.077401E+00   2.077401E+00   0.000000E+00   4.276852E+00   3.564328E+00   2.533028E+00         3
   3.432452E+01   3.432452E+01   8.449878E+00   2.078886E+00   2.078886E+00   0.000000E+00   4.282483E+00   3.563661E+00   2.537178E+00         3
   3.432489E+01   3.432489E+01   8.449770E+00   2.080452E+00   2.080452E+00   0.000000E+00   4.287930E+00   3.563017E+00   2.541191E+00         3
   3.432527E+01   3.432527E+01   8.449656E+00   2.082039E+00   2.082039E+00   0.000000E+00   4.292587E+00   3.562468E+00   2.544616E+00         3
   3.432565E+01   3.432565E+01   8.449543E+00   2.083625E+00   2.083625E+00   0.000000E+00   4.297245E+00   3.561920E+00   2.548042E+00         3
   3.432603E+01   3.432603E+01   8.449424E+00   2.085600E+00   2.085600E+00   0.000000E+00   4.301488E+00   3.561434E+00   2.551134E+00         3
   3.432641E+01   3.432641E+01   8.449305E+00   2.087609E+00   2.087609E+00   0.000000E+00   4.305697E+00   3.560955E+00   2.554198E+00         3
   3.432679E+01   3.432679E+01   8.449182E+00   2.089411E+00   2.089411E+00   0.000000E+00   4.309807E+00   3.560489E+00   2.557185E+00         3
   3.432716E+01   3.432716E+01   8.449058E+00   2.091098E+00   2.091098E+00   0.000000E+00   4.313861E+00   3.560031E+00   2.560128E+00         3
   3.432754E+01   3.432754E+01   8.448933E+00   2.092645E+00   2.092645E+00   0.000000E+00   4.317863E+00   3.559579E+00   2.563033E+00         3
   3.432792E+01   3.432792E+01   8.448804E+00   2.093857E+00   2.093857E+00   0.000000E+00   4.321737E+00   3.559141E+00   2.565845E+00         3
   3.432830E+01   3.432830E+01   8.448676E+00   2.095069E+00   2.095069E+00   0.000000E+00   4.325611E+00   3.558704E+00   2.568656E+00         3
   3.432868E+01   3.432868E+01   8.448541E+00   2.096673E+00   2.096673E+00   0.000000E+00   4.329347E+00   3.558300E+00   2.571333E+00         3
   3.432905E+01   3.432905E+01   8.448406E+00   2.098340E+00   2.098340E+00   0.000000E+00   4.333061E+00   3.557901E+00   2.573988E+00         3
   3.432943E+01   3.432943E+01   8.448269E+00   2.100168E+00   2.100168E+00   0.000000E+00   4.336761E+00   3.557506E+00   2.576627E+00         3
   3.432981E+01   3.432981E+01   8.448128E+00   2.102293E+00   2.102293E+00   0.000000E+00   4.340437E+00   3.557120E+00   2.579236E+00         3
   3.433019E+01   3.433019E+01   8.447986E+00   2.104419E+00   2.104419E+00   0.000000E+00   4.344113E+00   3.556735E+00   2.581846E+00         3
   3.433057E+01   3.433057E+01   8.447841E+00   2.106364E+00   2.106364E+00   0.000000E+00   4.347692E+00   3.556360E+00   2.584385E+00         3
   3.433095E+01   3.433095E+01   8.447693E+00   2.108269E+00   2.108269E+00   0.000000E+00   4.351248E+00   3.555987E+00   2.586910E+00         3
   3.433132E+01   3.433132E+01   8.447545E+00   2.110098E+00   2.110098E+00   0.000000E+00   4.354790E+00   3.555615E+00   2.589423E+00         3
   3.433170E+01   3.433170E+01   8.447393E+00   2.111641E+00   2.111641E+00   0.000000E+00   4.358278E+00   3.555251E+00   2.591896E+00         3
   3.433208E+01   3.433208E+01   8.447240E+00   2.113184E+00   2.113184E+00   0.000000E+00   4.361765E+00   3.554886E+00   2.594369E+00         3
   3.433246E+01   3.433246E+01   8.447084E+00   2.114670E+00   2.114670E+00   0.000000E+00   4.365241E+00   3.554525E+00   2.596620E+00         3
   3.433284E+01   3.433284E+01   8.446925E+00   2.116108E+00   2.116108E+00   0.000000E+00   4.368706E+00   3.554167E+00   2.598353E+00         3
   3.433322E+01   3.433322E+01   8.446766E+00   2.117547E+00   2.117547E+00   0.000000E+00   4.372172E+00   3.553808E+00   2.600086E+00         3
   3.433359E+01   3.433359E+01   8.446600E+00   2.119623E+00   2.119623E+00   0.000000E+00   4.375549E+00   3.553470E+00   2.601775E+00         3
   3.433397E+01   3.433397E+01   8.446433E+00   2.121807E+00   2.121807E+00   0.000000E+00   4.378911E+00   3.553135E+00   2.603456E+00         3
   3.433435E+01   3.433435E+01   8.446266E+00   2.123988E+00   2.123988E+00   0.000000E+00   4.382272E+00   3.552801E+00   2.605136E+00         3
   3.433473E+01   3.433473E+01   8.446091E+00   2.126108E+00   2.126108E+00   0.000000E+00   4.385604E+00   3.552467E+00   2.606802E+00         3
   3.433511E+01   3.433511E+01   8.445916E+00   2.128227E+00   2.128227E+00   0.000000E+00   4.388935E+00   3.552134E+00   2.608468E+00         3
   3.433549E+01   3.433549E+01   8.445740E+00   2.130319E+00   2.130319E+00   0.000000E+00   4.392260E+00   3.551801E+00   2.610130E+00         3
   3.433586E+01   3.433586E+01   8.445559E+00   2.132245E+00   2.132245E+00   0.000000E+00   4.395545E+00   3.551477E+00   2.611773E+00         3
   3.433624E+01   3.433624E+01   8.445377E+00   2.134171E+00   2.134171E+00   0.000000E+00   4.398830E+00   3.551153E+00   2.613415E+00         3
   3.433662E+01   3.433662E+01   8.445194E+00   2.136067E+00   2.136067E+00   0.000000E+00   4.402105E+00   3.550831E+00   2.615052E+00         3
   3.433700E+01   3.433700E+01   8.445005E+00   2.137700E+00   2.137700E+00   0.000000E+00   4.405286E+00   3.550523E+00   2.616643E+00         3
   3.433738E+01   3.433738E+01   8.444815E+00   2.139332E+00   2.139332E+00   0.000000E+00   4.408468E+00   3.550215E+00   2.618234E+00         3
   3.433775E+01   3.433775E+01   8.444626E+00   2.140964E+00   2.140964E+00   0.000000E+00   4.411650E+00   3.549908E+00   2.619825E+00         3
   3.433813E+01   3.433813E+01   8.444428E+00   2.142536E+00   2.142536E+00   0.000000E+00   4.414650E+00   3.549619E+00   2.621325E+00         3
   3.433851E+01   3.433851E+01   8.444229E+00   2.144096E+00   2.144096E+00   0.000000E+00   4.417613E+00   3.549334E+00   2.622807E+00         3
   3.433889E+01   3.433889E+01   8.444030E+00   2.145656E+00   2.145656E+00   0.000000E+00   4.420577E+00   3.549050E+00   2.624289E+00         3
   3.433927E+01   3.433927E+01   8.443829E+00   2.147238E+00   2.147238E+00   0.000000E+00   4.423457E+00   3.548774E+00   2.625728E+00         3
   3.433965E+01   3.433965E+01   8.443617E+00   2.148932E+00   2.148932E+00   0.000000E+00   4.425897E+00   3.548543E+00   2.626948E+00         3
   3.434002E+01   3.434002E+01   8.443406E+00   2.150626E+00   2.150626E+00   0.000000E+00   4.428336E+00   3.548312E+00   2.628168E+00         3
   3.434040E+01   3.434040E+01   8.443195E+00   2.152320E+00   2.152320E+00   0.000000E+00   4.430776E+00   3.548081E+00   2.629388E+00         3
   3.434078E+01   3.434078E+01   8.442983E+00   2.154014E+00   2.154014E+00   0.000000E+00   4.433216E+00   3.547850E+00   2.630608E+00         3
   3.434116E+01   3.434116E+01   8.442764E+00   2.155666E+00   2.155666E+00   0.000000E+00   4.435013E+00   3.547683E+00   2.631506E+00         3
   3.434154E+01   3.434154E+01   8.442541E+00   2.157304E+00   2.157304E+00   0.000000E+00   4.436597E+00   3.547538E+00   2.632299E+00         3
   3.434192E+01   3.434192E+01   8.442319E+00   2.158942E+00   2.158942E+00   0.000000E+00   4.438181E+00   3.547393E+00   2.633091E+00         3
   3.434229E+01   3.434229E+01   8.442097E+00   2.160580E+00   2.160580E+00   0.000000E+00   4.439766E+00   3.547248E+00   2.633883E+00         3
   3.434267E+01   3.434267E+01   8.441875E+00   2.162218E+00   2.162218E+00   0.000000E+00   4.441350E+00   3.547103E+00   2.634675E+00         3
   3.434305E+01   3.434305E+01   8.441652E+00   2.163856E+00   2.163856E+00   0.000000E+00   4.442934E+00   3.546958E+00   2.635467E+00         3
   3.434343E+01   3.434343E+01   8.441424E+00   2.165409E+00   2.165409E+00   0.000000E+00   4.444094E+00   3.546853E+00   2.636047E+00         3
   3.434381E+01   3.434381E+01   8.441190E+00   2.166869E+00   2.166869E+00   0.000000E+00   4.444778E+00   3.546792E+00   2.636389E+00         3
   3.434418E+01   3.434418E+01   8.440956E+00   2.168329E+00   2.168329E+00   0.000000E+00   4.445462E+00   3.546731E+00   2.636731E+00         3
   3.434456E+01   3.434456E+01   8.440721E+00   2.169789E+00   2.169789E+00   0.000000E+00   4.446147E+00   3.546671E+00   2.637073E+00         3
   3.434494E+01   3.434494E+01   8.440487E+00   2.171249E+00   2.171249E+00   0.000000E+00   4.446831E+00   3.546610E+00   2.637415E+00         3
   3.434532E+01   3.434532E+01   8.440253E+00   2.172708E+00   2.172708E+00   0.000000E+00   4.447515E+00   3.546549E+00   2.637757E+00         3
   3.434570E+01   3.434570E+01   8.440018E+00   2.174168E+00   2.174168E+00   0.000000E+00   4.448199E+00   3.546489E+00   2.638100E+00         3
   3.434608E+01   3.434608E+01   8.439784E+00   2.175628E+00   2.175628E+00   0.000000E+00   4.448883E+00   3.546428E+00   2.638442E+00         3
   3.434645E+01   3.434645E+01   8.439550E+00   2.177088E+00   2.177088E+00   0.000000E+00   4.449567E+00   3.546367E+00   2.638784E+00         3
   3.434683E+01   3.434683E+01   8.439315E+00   2.178548E+00   2.178548E+00   0.000000E+00   4.450251E+00   3.546306E+00   2.639126E+00         3
   3.434721E+01   3.434721E+01   8.439081E+00   2.180007E+00   2.180007E+00   0.000000E+00   4.450936E+00   3.546246E+00   2.639468E+00         3
   3.434759E+01   3.434759E+01   8.438847E+00   2.181467E+00   2.181467E+00   0.000000E+00   4.451620E+00   3.546185E+00   2.639810E+00         3
   3.434797E+01   3.434797E+01   8.438612E+00   2.182927E+00   2.182927E+00   0.000000E+00   4.452304E+00   3.546124E+00   2.640152E+00         3
   3.434835E+01   3.434835E+01   8.438372E+00   2.184273E+00   2.184273E+00   0.000000E+00   4.452640E+00   3.546095E+00   2.640320E+00         3
   3.434872E+01   3.434872E+01   8.438131E+00   2.185598E+00   2.185598E+00   0.000000E+00   4.452915E+00   3.546071E+00   2.640457E+00         3
   3.434910E+01   3.434910E+01   8.437891E+00   2.186924E+00   2.186924E+00   0.000000E+00   4.453189E+00   3.546047E+00   2.640595E+00         3
   3.434948E+01   3.434948E+01   8.437650E+00   2.188249E+00   2.188249E+00   0.000000E+00   4.453464E+00   3.546023E+00   2.640732E+00         3
   3.434986E+01   3.434986E+01   8.437409E+00   2.189575E+00   2.189575E+00   0.000000E+00   4.453739E+00   3.545999E+00   2.640870E+00         3
   3.435024E+01   3.435024E+01   8.437168E+00   2.190901E+00   2.190901E+00   0.000000E+00   4.454014E+00   3.545975E+00   2.641007E+00         3
   3.435061E+01   3.435061E+01   8.436927E+00   2.192226E+00   2.192226E+00   0.000000E+00   4.454289E+00   3.545951E+00   2.641144E+00         3
   3.435099E+01   3.435099E+01   8.436686E+00   2.193552E+00   2.193552E+00   0.000000E+00   4.454563E+00   3.545927E+00   2.641282E+00         3
   3.435137E+01   3.435137E+01   8.436445E+00   2.194878E+00   2.194878E+00   0.000000E+00   4.454838E+00   3.545904E+00   2.641419E+00         3
   3.435175E+01   3.435175E+01   8.436204E+00   2.196203E+00   2.196203E+00   0.000000E+00   4.455113E+00   3.545880E+00   2.641556E+00         3
   3.435213E+01   3.435213E+01   8.435963E+00   2.197529E+00   2.197529E+00   0.000000E+00   4.455388E+00   3.545856E+00   2.641694E+00         3
   3.435251E+01   3.435251E+01   8.435723E+00   2.198855E+00   2.198855E+00   0.000000E+00   4.455662E+00   3.545832E+00   2.641831E+00         3
   3.435288E+01   3.435288E+01   8.435482E+00   2.200180E+00   2.200180E+00   0.000000E+00   4.455937E+00   3.545808E+00   2.641969E+00         3
   3.435326E+01   3.435326E+01   8.435241E+00   2.201506E+00   2.201506E+00   0.000000E+00   4.456212E+00   3.545784E+00   2.642106E+00         3
   3.435364E+01   3.435364E+01   8.435000E+00   2.202832E+00   2.202832E+00   0.000000E+00   4.456487E+00   3.545760E+00   2.642243E+00         3
   3.435402E+01   3.435402E+01   8.434759E+00   2.204157E+00   2.204157E+00   0.000000E+00   4.456762E+00   3.545736E+00   2.642381E+00         3
   3.435440E+01   3.435440E+01   8.434518E+00   2.205483E+00   2.205483E+00   0.000000E+00   4.457036E+00   3.545712E+00   2.642518E+00         3
   3.435478E+01   3.435478E+01   8.434277E+00   2.206809E+00   2.206809E+00   0.000000E+00   4.457311E+00   3.545688E+00   2.642656E+00         3
   3.435515E+01   3.435515E+01   8.434036E+00   2.208134E+00   2.208134E+00   0.000000E+00   4.457586E+00   3.545664E+00   2.642793E+00         3
   3.435553E+01   3.435553E+01   8.433795E+00   2.209460E+00   2.209460E+00   0.000000E+00   4.457861E+00   3.545641E+00   2.642930E+00         3
   3.435591E+01   3.435591E+01   8.433554E+00   2.210785E+00   2.210785E+00   0.000000E+00   4.458136E+00   3.545617E+00   2.643068E+00         3
   3.435629E+01   3.435629E+01   8.433314E+00   2.212111E+00   2.212111E+00   0.000000E+00   4.458410E+00   3.545593E+00   2.643205E+00         3
   3.435667E+01   3.435667E+01   8.433073E+00   2.213437E+00   2.213437E+00   0.000000E+00   4.458685E+00   3.545569E+00   2.643343E+00         3
   3.435704E+01   3.435704E+01   8.432832E+00   2.214762E+00   2.214762E+00   0.000000E+00   4.458960E+00   3.545545E+00   2.643480E+00         3
   3.435742E+01   3.435742E+01   8.432591E+00   2.216088E+00   2.216088E+00   0.000000E+00   4.459235E+00   3.545521E+00   2.643617E+00         3
   3.435742E+01   3.435742E+01   8.432591E+00   2.216088E+00   2.216088E+00   0.000000E+00   4.459235E+00   3.545521E+00   2.643617E+00         4
   3.437846E+01   3.437846E+01   8.419137E+00   2.273342E+00   2.273342E+00   0.000000E+00   4.455359E+00   3.545954E+00   2.641679E+00         4
   3.439949E+01   3.439949E+01   8.405994E+00   2.318670E+00   2.318670E+00   0.000000E+00   4.450744E+00   3.546409E+00   2.639372E+00         4
   3.442052E+01   3.442052E+01   8.393137E+00   2.357412E+00   2.357412E+00   0.000000E+00   4.446241E+00   3.546816E+00   2.637121E+00         4
   3.444155E+01   3.444155E+01   8.380544E+00   2.391982E+00   2.391982E+00   0.000000E+00   4.441677E+00   3.547245E+00   2.634839E+00         4
   3.446258E+01   3.446258E+01   8.368218E+00   2.423423E+00   2.423423E+00   0.000000E+00   4.436782E+00   3.547726E+00   2.632391E+00         4
   3.448362E+01   3.448362E+01   8.356232E+00   2.451905E+00   2.451905E+00   0.000000E+00   4.431249E+00   3.548234E+00   2.629625E+00         4
   3.450465E+01   3.450465E+01   8.344501E+00   2.478716E+00   2.478716E+00   0.000000E+00   4.425064E+00   3.548839E+00   2.626532E+00         4
   3.452568E+01   3.452568E+01   8.333107E+00   2.503113E+00   2.503113E+00   0.000000E+00   4.418207E+00   3.549505E+00   2.623104E+00         4
   3.454671E+01   3.454671E+01   8.322085E+00   2.526684E+00   2.526684E+00   0.000000E+00   4.410605E+00   3.550272E+00   2.619302E+00         4
   3.456774E+01   3.456774E+01   8.311414E+00   2.547915E+00   2.547915E+00   0.000000E+00   4.402513E+00   3.551082E+00   2.615256E+00         4
   3.458878E+01   3.458878E+01   8.301141E+00   2.568292E+00   2.568292E+00   0.000000E+00   4.394091E+00   3.551931E+00   2.611046E+00         4
   3.460981E+01   3.460981E+01   8.291277E+00   2.586708E+00   2.586708E+00   0.000000E+00   4.385387E+00   3.552794E+00   2.606693E+00         4
   3.463084E+01   3.463084E+01   8.281773E+00   2.604712E+00   2.604712E+00   0.000000E+00   4.376498E+00   3.553719E+00   2.602249E+00         4
   3.465187E+01   3.465187E+01   8.272660E+00   2.621280E+00   2.621280E+00   0.000000E+00   4.367483E+00   3.554663E+00   2.597674E+00         4
   3.467291E+01   3.467291E+01   8.263908E+00   2.636442E+00   2.636442E+00   0.000000E+00   4.358419E+00   3.555598E+00   2.591272E+00         4
   3.469394E+01   3.469394E+01   8.255504E+00   2.651033E+00   2.651033E+00   0.000000E+00   4.349383E+00   3.556553E+00   2.584844E+00         4
   3.471497E+01   3.471497E+01   8.247444E+00   2.665336E+00   2.665336E+00   0.000000E+00   4.340439E+00   3.557515E+00   2.578448E+00         4
   3.473600E+01   3.473600E+01   8.239691E+00   2.678217E+00   2.678217E+00   0.000000E+00   4.331646E+00   3.558480E+00   2.572122E+00         4
   3.475703E+01   3.475703E+01   8.232247E+00   2.690485E+00   2.690485E+00   0.000000E+00   4.323077E+00   3.559455E+00   2.565887E+00         4
   3.477807E+01   3.477807E+01   8.225079E+00   2.702143E+00   2.702143E+00   0.000000E+00   4.314758E+00   3.560385E+00   2.559868E+00         4
   3.479910E+01   3.479910E+01   8.218168E+00   2.713234E+00   2.713234E+00   0.000000E+00   4.306742E+00   3.561309E+00   2.554011E+00         4
   3.482013E+01   3.482013E+01   8.211518E+00   2.723299E+00   2.723299E+00   0.000000E+00   4.299094E+00   3.562194E+00   2.548417E+00         4
   3.484116E+01   3.484116E+01   8.205085E+00   2.733632E+00   2.733632E+00   0.000000E+00   4.291803E+00   3.563039E+00   2.543082E+00         4
   3.486220E+01   3.486220E+01   8.198847E+00   2.743775E+00   2.743775E+00   0.000000E+00   4.284868E+00   3.563905E+00   2.537883E+00         4
   3.488323E+01   3.488323E+01   8.192801E+00   2.751966E+00   2.751966E+00   0.000000E+00   4.278305E+00   3.564702E+00   2.533007E+00         4
   3.490426E+01   3.490426E+01   8.186947E+00   2.760886E+00   2.760886E+00   0.000000E+00   4.272156E+00   3.565521E+00   2.528294E+00         4
   3.492529E+01   3.492529E+01   8.181244E+00   2.769910E+00   2.769910E+00   0.000000E+00   4.266387E+00   3.566259E+00   2.523935E+00         4
   3.494632E+01   3.494632E+01   8.175686E+00   2.777324E+00   2.777324E+00   0.000000E+00   4.260987E+00   3.566966E+00   2.519821E+00         4
   3.496736E+01   3.496736E+01   8.170277E+00   2.785144E+00   2.785144E+00   0.000000E+00   4.255989E+00   3.567673E+00   2.515908E+00         4
   3.498839E+01   3.498839E+01   8.164989E+00   2.792422E+00   2.792422E+00   0.000000E+00   4.251356E+00   3.568321E+00   2.512295E+00         4
   3.500942E+01   3.500942E+01   8.159806E+00   2.799224E+00   2.799224E+00   0.000000E+00   4.247055E+00   3.568929E+00   2.508929E+00         4
   3.503045E+01   3.503045E+01   8.154710E+00   2.805815E+00   2.805815E+00   0.000000E+00   4.243032E+00   3.569516E+00   2.505743E+00         4
   3.505148E+01   3.505148E+01   8.149729E+00   2.812580E+00   2.812580E+00   0.000000E+00   4.239365E+00   3.570101E+00   2.502739E+00         4
   3.507252E+01   3.507252E+01   8.144838E+00   2.819111E+00   2.819111E+00   0.000000E+00   4.236024E+00   3.570638E+00   2.499994E+00         4
   3.509355E+01   3.509355E+01   8.139990E+00   2.825533E+00   2.825533E+00   0.000000E+00   4.232835E+00   3.571154E+00   2.497369E+00         4
   3.511458E+01   3.511458E+01   8.135267E+00   2.831274E+00   2.831274E+00   0.000000E+00   4.230110E+00   3.571638E+00   2.495038E+00         4
   3.513561E+01   3.513561E+01   8.130553E+00   2.836966E+00   2.836966E+00   0.000000E+00   4.227418E+00   3.572120E+00   2.492729E+00         4
   3.515665E+01   3.515665E+01   8.125952E+00   2.842159E+00   2.842159E+00   0.000000E+00   4.225193E+00   3.572559E+00   2.490737E+00         4
   3.517768E+01   3.517768E+01   8.121363E+00   2.847299E+00   2.847299E+00   0.000000E+00   4.223018E+00   3.572995E+00   2.488778E+00         4
   3.519871E+01   3.519871E+01   8.116822E+00   2.852403E+00   2.852403E+00   0.000000E+00   4.221089E+00   3.573406E+00   2.486992E+00         4
   3.521974E+01   3.521974E+01   8.112335E+00   2.857466E+00   2.857466E+00   0.000000E+00   4.219438E+00   3.573789E+00   2.485400E+00         4
   3.524077E+01   3.524077E+01   8.107848E+00   2.862528E+00   2.862528E+00   0.000000E+00   4.217787E+00   3.574172E+00   2.483808E+00         4
   3.526181E+01   3.526181E+01   8.103395E+00   2.867320E+00   2.867320E+00   0.000000E+00   4.216378E+00   3.574530E+00   2.482388E+00         4
   3.528284E+01   3.528284E+01   8.098983E+00   2.871771E+00   2.871771E+00   0.000000E+00   4.215273E+00   3.574855E+00   2.481185E+00         4
   3.530387E+01   3.530387E+01   8.094572E+00   2.876222E+00   2.876222E+00   0.000000E+00   4.214168E+00   3.575181E+00   2.479982E+00         4
   3.532490E+01   3.532490E+01   8.090161E+00   2.880673E+00   2.880673E+00   0.000000E+00   4.213062E+00   3.575506E+00   2.478778E+00         4
   3.534593E+01   3.534593E+01   8.085779E+00   2.884885E+00   2.884885E+00   0.000000E+00   4.212218E+00   3.575796E+00   2.477776E+00         4
   3.536697E+01   3.536697E+01   8.081425E+00   2.888869E+00   2.888869E+00   0.000000E+00   4.211621E+00   3.576052E+00   2.476965E+00         4
   3.538800E+01   3.538800E+01   8.077071E+00   2.892853E+00   2.892853E+00   0.000000E+00   4.211025E+00   3.576309E+00   2.476154E+00         4
   3.540903E+01   3.540903E+01   8.072717E+00   2.896837E+00   2.896837E+00   0.000000E+00   4.210428E+00   3.576565E+00   2.475343E+00         4
   3.543006E+01   3.543006E+01   8.068362E+00   2.900821E+00   2.900821E+00   0.000000E+00   4.209832E+00   3.576821E+00   2.474532E+00         4
   3.545110E+01   3.545110E+01   8.064052E+00   2.904567E+00   2.904567E+00   0.000000E+00   4.209427E+00   3.577044E+00   2.473884E+00         4
   3.547213E+01   3.547213E+01   8.059788E+00   2.908064E+00   2.908064E+00   0.000000E+00   4.209224E+00   3.577232E+00   2.473406E+00         4
   3.549316E+01   3.549316E+01   8.055524E+00   2.911561E+00   2.911561E+00   0.000000E+00   4.209020E+00   3.577420E+00   2.472928E+00         4
   3.551419E+01   3.551419E+01   8.051260E+00   2.915058E+00   2.915058E+00   0.000000E+00   4.208817E+00   3.577608E+00   2.472450E+00         4
   3.553522E+01   3.553522E+01   8.046996E+00   2.918556E+00   2.918556E+00   0.000000E+00   4.208613E+00   3.577797E+00   2.471972E+00         4
   3.555626E+01   3.555626E+01   8.042732E+00   2.922053E+00   2.922053E+00   0.000000E+00   4.208410E+00   3.577985E+00   2.471494E+00         4
   3.557729E+01   3.557729E+01   8.038498E+00   2.925172E+00   2.925172E+00   0.000000E+00   4.208431E+00   3.578115E+00   2.471245E+00         4
   3.559832E+01   3.559832E+01   8.034272E+00   2.928203E+00   2.928203E+00   0.000000E+00   4.208504E+00   3.578231E+00   2.471049E+00         4
   3.561935E+01   3.561935E+01   8.030045E+00   2.931233E+00   2.931233E+00   0.000000E+00   4.208577E+00   3.578347E+00   2.470853E+00         4
   3.564039E+01   3.564039E+01   8.025818E+00   2.934264E+00   2.934264E+00   0.000000E+00   4.208650E+00   3.578464E+00   2.470656E+00         4
   3.566142E+01   3.566142E+01   8.021591E+00   2.937295E+00   2.937295E+00   0.000000E+00   4.208723E+00   3.578580E+00   2.470460E+00         4
   3.568245E+01   3.568245E+01   8.017365E+00   2.940221E+00   2.940221E+00   0.000000E+00   4.208841E+00   3.578676E+00   2.470327E+00         4
   3.570348E+01   3.570348E+01   8.013142E+00   2.942868E+00   2.942868E+00   0.000000E+00   4.209081E+00   3.578719E+00   2.470362E+00         4
   3.572451E+01   3.572451E+01   8.008918E+00   2.945514E+00   2.945514E+00   0.000000E+00   4.209320E+00   3.578761E+00   2.470396E+00         4
   3.574555E+01   3.574555E+01   8.004694E+00   2.948161E+00   2.948161E+00   0.000000E+00   4.209560E+00   3.578804E+00   2.470431E+00         4
   3.576658E+01   3.576658E+01   8.000471E+00   2.950808E+00   2.950808E+00   0.000000E+00   4.209799E+00   3.578847E+00   2.470465E+00         4
   3.578761E+01   3.578761E+01   7.996239E+00   2.953412E+00   2.953412E+00   0.000000E+00   4.210075E+00   3.578860E+00   2.470577E+00         4
   3.580864E+01   3.580864E+01   7.991992E+00   2.955938E+00   2.955938E+00   0.000000E+00   4.210417E+00   3.578820E+00   2.470828E+00         4
   3.582967E+01   3.582967E+01   7.987746E+00   2.958464E+00   2.958464E+00   0.000000E+00   4.210759E+00   3.578780E+00   2.471079E+00         4
   3.585071E+01   3.585071E+01   7.983499E+00   2.960991E+00   2.960991E+00   0.000000E+00   4.211100E+00   3.578740E+00   2.471329E+00         4
   3.587174E+01   3.587174E+01   7.979247E+00   2.963476E+00   2.963476E+00   0.000000E+00   4.211452E+00   3.578692E+00   2.471601E+00         4
   3.589277E+01   3.589277E+01   7.974940E+00   2.965583E+00   2.965583E+00   0.000000E+00   4.211889E+00   3.578570E+00   2.472064E+00         4
   3.591380E+01   3.591380E+01   7.970634E+00   2.967691E+00   2.967691E+00   0.000000E+00   4.212327E+00   3.578448E+00   2.472527E+00         4
   3.593484E+01   3.593484E+01   7.966327E+00   2.969799E+00   2.969799E+00   0.000000E+00   4.212765E+00   3.578325E+00   2.472990E+00         4
   3.595587E+01   3.595587E+01   7.961984E+00   2.971876E+00   2.971876E+00   0.000000E+00   4.213263E+00   3.578173E+00   2.473544E+00         4
   3.597690E+01   3.597690E+01   7.957596E+00   2.973912E+00   2.973912E+00   0.000000E+00   4.213840E+00   3.577983E+00   2.474212E+00         4
   3.599793E+01   3.599793E+01   7.953208E+00   2.975949E+00   2.975949E+00   0.000000E+00   4.214416E+00   3.577793E+00   2.474881E+00         4
   3.601896E+01   3.601896E+01   7.948800E+00   2.977981E+00   2.977981E+00   0.000000E+00   4.215052E+00   3.577582E+00   2.475620E+00         4
   3.604000E+01   3.604000E+01   7.944348E+00   2.980001E+00   2.980001E+00   0.000000E+00   4.215815E+00   3.577328E+00   2.476510E+00         4
   3.606103E+01   3.606103E+01   7.939896E+00   2.982021E+00   2.982021E+00   0.000000E+00   4.216577E+00   3.577074E+00   2.477399E+00         4
   3.608206E+01   3.608206E+01   7.935414E+00   2.983935E+00   2.983935E+00   0.000000E+00   4.217470E+00   3.576789E+00   2.478415E+00         4
   3.610309E+01   3.610309E+01   7.930915E+00   2.985783E+00   2.985783E+00   0.000000E+00   4.218444E+00   3.576486E+00   2.479509E+00         4
   3.612412E+01   3.612412E+01   7.926407E+00   2.987606E+00   2.987606E+00   9.699898E-02   4.219470E+00   3.576172E+00   2.480649E+00         4
   3.614516E+01   3.614516E+01   7.921868E+00   2.989350E+00   2.989350E+00   5.093206E-01   4.220664E+00   3.575826E+00   2.481939E+00         4
   3.616619E+01   3.616619E+01   7.917286E+00   2.991063E+00   2.991063E+00   9.184283E-01   4.221885E+00   3.575476E+00   2.483249E+00         4
   3.618722E+01   3.618722E+01   7.912355E+00   2.992532E+00   2.992532E+00   1.301444E+00   4.223321E+00   3.575101E+00   2.484717E+00         4
   3.620825E+01   3.620825E+01   7.907344E+00   2.994076E+00   2.994076E+00   1.618912E+00   4.224811E+00   3.574713E+00   2.486239E+00         4
   3.622929E+01   3.622929E+01   7.902036E+00   2.995897E+00   2.995897E+00   1.694580E+00   4.226503E+00   3.574274E+00   2.487961E+00         4
   3.625032E+01   3.625032E+01   7.896691E+00   2.997562E+00   2.997562E+00   1.733014E+00   4.228347E+00   3.573823E+00   2.489786E+00         4
   3.627135E+01   3.627135E+01   7.891311E+00   2.999088E+00   2.999088E+00   1.737950E+00   4.230336E+00   3.573358E+00   2.491711E+00         4
   3.629238E+01   3.629238E+01   7.885857E+00   3.000653E+00   3.000653E+00   1.742267E+00   4.232636E+00   3.572822E+00   2.493933E+00         4
   3.631341E+01   3.631341E+01   7.880350E+00   3.002079E+00   3.002079E+00   1.745764E+00   4.235194E+00   3.572256E+00   2.496345E+00         4
   3.633445E+01   3.633445E+01   7.874776E+00   3.003874E+00   3.003874E+00   1.748483E+00   4.238090E+00   3.571658E+00   2.498987E+00         4
   3.635548E+01   3.635548E+01   7.869120E+00   3.005551E+00   3.005551E+00   1.751030E+00   4.241445E+00   3.571013E+00   2.501956E+00         4
   3.637651E+01   3.637651E+01   7.863364E+00   3.006949E+00   3.006949E+00   1.753328E+00   4.245438E+00   3.570275E+00   2.505427E+00         4
   3.639754E+01   3.639754E+01   7.857481E+00   3.008644E+00   3.008644E+00   1.754713E+00   4.250477E+00   3.569365E+00   2.509767E+00         4
   3.641858E+01   3.641858E+01   7.851428E+00   3.010969E+00   3.010969E+00   1.755241E+00   4.257447E+00   3.568181E+00   2.515621E+00         4
   3.643961E+01   3.643961E+01   7.845121E+00   3.013147E+00   3.013147E+00   1.755769E+00   4.269067E+00   3.566329E+00   2.525134E+00         4
   3.646064E+01   3.646064E+01   7.838229E+00   3.016344E+00   3.016344E+00   1.755769E+00   4.307917E+00   3.560688E+00   2.555842E+00         4
   3.646064E+01   3.646064E+01   7.838229E+00   3.016344E+00   3.016344E+00   1.755769E+00   4.307917E+00   3.560688E+00   2.555842E+00         5
   3.646076E+01   3.646076E+01   7.838184E+00   3.016344E+00   3.016344E+00   1.755769E+00   4.308652E+00   3.560591E+00   2.556403E+00         5
   3.646088E+01   3.646088E+01   7.838139E+00   3.016344E+00   3.016344E+00   1.755769E+00   4.309386E+00   3.560494E+00   2.556964E+00         5
   3.646100E+01   3.646100E+01   7.838095E+00   3.016344E+00   3.016344E+00   1.755769E+00   4.310121E+00   3.560397E+00   2.557525E+00         5
   3.646112E+01   3.646112E+01   7.838050E+00   3.016344E+00   3.016344E+00   1.755769E+00   4.310855E+00   3.560300E+00   2.558087E+00         5
   3.646125E+01   3.646125E+01   7.838005E+00   3.016344E+00   3.016344E+00   1.755769E+00   4.311590E+00   3.560203E+00   2.558648E+00         5
   3.646137E+01   3.646137E+01   7.837959E+00   3.016372E+00   3.016372E+00   1.755769E+00   4.312449E+00   3.560087E+00   2.559309E+00         5
   3.646149E+01   3.646149E+01   7.837914E+00   3.016408E+00   3.016408E+00   1.755769E+00   4.313344E+00   3.559965E+00   2.560000E+00         5
   3.646161E+01   3.646161E+01   7.837868E+00   3.016444E+00   3.016444E+00   1.755769E+00   4.314238E+00   3.559843E+00   2.560691E+00         5
   3.646173E+01   3.646173E+01   7.837823E+00   3.016480E+00   3.016480E+00   1.755769E+00   4.315133E+00   3.559722E+00   2.561382E+00         5
   3.646185E+01   3.646185E+01   7.837777E+00   3.016508E+00   3.016508E+00   1.755769E+00   4.316080E+00   3.559596E+00   2.562107E+00         5
   3.646197E+01   3.646197E+01   7.837731E+00   3.016511E+00   3.016511E+00   1.755769E+00   4.317180E+00   3.559459E+00   2.562930E+00         5
   3.646209E+01   3.646209E+01   7.837684E+00   3.016515E+00   3.016515E+00   1.755769E+00   4.318281E+00   3.559323E+00   2.563754E+00         5
   3.646222E+01   3.646222E+01   7.837638E+00   3.016519E+00   3.016519E+00   1.755769E+00   4.319381E+00   3.559186E+00   2.564578E+00         5
   3.646234E+01   3.646234E+01   7.837591E+00   3.016544E+00   3.016544E+00   1.755769E+00   4.320514E+00   3.559045E+00   2.565425E+00         5
   3.646246E+01   3.646246E+01   7.837544E+00   3.016683E+00   3.016683E+00   1.755769E+00   4.321824E+00   3.558883E+00   2.566406E+00         5
   3.646258E+01   3.646258E+01   7.837497E+00   3.016823E+00   3.016823E+00   1.755769E+00   4.323134E+00   3.558720E+00   2.567386E+00         5
   3.646270E+01   3.646270E+01   7.837449E+00   3.016962E+00   3.016962E+00   1.755769E+00   4.324445E+00   3.558557E+00   2.568366E+00         5
   3.646282E+01   3.646282E+01   7.837402E+00   3.017071E+00   3.017071E+00   1.755769E+00   4.325803E+00   3.558389E+00   2.569383E+00         5
   3.646294E+01   3.646294E+01   7.837353E+00   3.017103E+00   3.017103E+00   1.755769E+00   4.327282E+00   3.558206E+00   2.570489E+00         5
   3.646306E+01   3.646306E+01   7.837305E+00   3.017135E+00   3.017135E+00   1.755769E+00   4.328761E+00   3.558022E+00   2.571595E+00         5
   3.646318E+01   3.646318E+01   7.837256E+00   3.017168E+00   3.017168E+00   1.755769E+00   4.330240E+00   3.557839E+00   2.572700E+00         5
   3.646331E+01   3.646331E+01   7.837207E+00   3.017182E+00   3.017182E+00   1.755769E+00   4.331781E+00   3.557651E+00   2.573848E+00         5
   3.646343E+01   3.646343E+01   7.837158E+00   3.017182E+00   3.017182E+00   1.755769E+00   4.333372E+00   3.557458E+00   2.575029E+00         5
   3.646355E+01   3.646355E+01   7.837108E+00   3.017182E+00   3.017182E+00   1.755769E+00   4.334962E+00   3.557265E+00   2.576211E+00         5
   3.646367E+01   3.646367E+01   7.837058E+00   3.017182E+00   3.017182E+00   1.755769E+00   4.336553E+00   3.557072E+00   2.577392E+00         5
   3.646379E+01   3.646379E+01   7.837007E+00   3.017188E+00   3.017188E+00   1.755769E+00   4.338201E+00   3.556876E+00   2.578608E+00         5
   3.646391E+01   3.646391E+01   7.836956E+00   3.017195E+00   3.017195E+00   1.755769E+00   4.339855E+00   3.556679E+00   2.579828E+00         5
   3.646403E+01   3.646403E+01   7.836905E+00   3.017201E+00   3.017201E+00   1.755769E+00   4.341510E+00   3.556483E+00   2.581048E+00         5
   3.646415E+01   3.646415E+01   7.836853E+00   3.017227E+00   3.017227E+00   1.755769E+00   4.343164E+00   3.556288E+00   2.582265E+00         5
   3.646428E+01   3.646428E+01   7.836800E+00   3.017310E+00   3.017310E+00   1.755769E+00   4.344814E+00   3.556097E+00   2.583472E+00         5
   3.646440E+01   3.646440E+01   7.836747E+00   3.017394E+00   3.017394E+00   1.755769E+00   4.346464E+00   3.555906E+00   2.584678E+00         5
   3.646452E+01   3.646452E+01   7.836694E+00   3.017477E+00   3.017477E+00   1.755769E+00   4.348114E+00   3.555715E+00   2.585885E+00         5
   3.646464E+01   3.646464E+01   7.836640E+00   3.017534E+00   3.017534E+00   1.755769E+00   4.349724E+00   3.555532E+00   2.587057E+00         5
   3.646476E+01   3.646476E+01   7.836585E+00   3.017562E+00   3.017562E+00   1.755769E+00   4.351294E+00   3.555356E+00   2.588194E+00         5
   3.646488E+01   3.646488E+01   7.836530E+00   3.017591E+00   3.017591E+00   1.755769E+00   4.352864E+00   3.555180E+00   2.589331E+00         5
   3.646500E+01   3.646500E+01   7.836475E+00   3.017619E+00   3.017619E+00   1.755769E+00   4.354434E+00   3.555004E+00   2.590467E+00         5
   3.646512E+01   3.646512E+01   7.836418E+00   3.017659E+00   3.017659E+00   1.755769E+00   4.355933E+00   3.554835E+00   2.591555E+00         5
   3.646525E+01   3.646525E+01   7.836361E+00   3.017710E+00   3.017710E+00   1.755769E+00   4.357364E+00   3.554673E+00   2.592595E+00         5
   3.646537E+01   3.646537E+01   7.836303E+00   3.017762E+00   3.017762E+00   1.755769E+00   4.358795E+00   3.554511E+00   2.593398E+00         5
   3.646549E+01   3.646549E+01   7.836245E+00   3.017813E+00   3.017813E+00   1.755769E+00   4.360227E+00   3.554349E+00   2.594113E+00         5
   3.646561E+01   3.646561E+01   7.836187E+00   3.017854E+00   3.017854E+00   1.755769E+00   4.361604E+00   3.554192E+00   2.594802E+00         5
   3.646573E+01   3.646573E+01   7.836127E+00   3.017848E+00   3.017848E+00   1.755769E+00   4.362719E+00   3.554063E+00   2.595359E+00         5
   3.646585E+01   3.646585E+01   7.836066E+00   3.017842E+00   3.017842E+00   1.755769E+00   4.363833E+00   3.553935E+00   2.595917E+00         5
   3.646597E+01   3.646597E+01   7.836006E+00   3.017836E+00   3.017836E+00   1.755769E+00   4.364948E+00   3.553806E+00   2.596474E+00         5
   3.646609E+01   3.646609E+01   7.835946E+00   3.017830E+00   3.017830E+00   1.755769E+00   4.366063E+00   3.553677E+00   2.597032E+00         5
   3.646621E+01   3.646621E+01   7.835886E+00   3.017824E+00   3.017824E+00   1.755769E+00   4.367178E+00   3.553548E+00   2.597589E+00         5
   3.646634E+01   3.646634E+01   7.835825E+00   3.017883E+00   3.017883E+00   1.755769E+00   4.367844E+00   3.553474E+00   2.597922E+00         5
   3.646646E+01   3.646646E+01   7.835764E+00   3.017943E+00   3.017943E+00   1.755769E+00   4.368510E+00   3.553401E+00   2.598255E+00         5
   3.646658E+01   3.646658E+01   7.835704E+00   3.018003E+00   3.018003E+00   1.755769E+00   4.369175E+00   3.553327E+00   2.598588E+00         5
   3.646670E+01   3.646670E+01   7.835643E+00   3.018062E+00   3.018062E+00   1.755769E+00   4.369841E+00   3.553254E+00   2.598921E+00         5
   3.646682E+01   3.646682E+01   7.835582E+00   3.018122E+00   3.018122E+00   1.755769E+00   4.370507E+00   3.553180E+00   2.599254E+00         5
   3.646694E+01   3.646694E+01   7.835521E+00   3.018181E+00   3.018181E+00   1.755769E+00   4.371173E+00   3.553106E+00   2.599586E+00         5
   3.646706E+01   3.646706E+01   7.835461E+00   3.018235E+00   3.018235E+00   1.755769E+00   4.371610E+00   3.553058E+00   2.599805E+00         5
   3.646718E+01   3.646718E+01   7.835400E+00   3.018285E+00   3.018285E+00   1.755769E+00   4.371873E+00   3.553029E+00   2.599937E+00         5
   3.646731E+01   3.646731E+01   7.835339E+00   3.018335E+00   3.018335E+00   1.755769E+00   4.372136E+00   3.553000E+00   2.600068E+00         5
   3.646743E+01   3.646743E+01   7.835278E+00   3.018385E+00   3.018385E+00   1.755769E+00   4.372399E+00   3.552970E+00   2.600200E+00         5
   3.646755E+01   3.646755E+01   7.835217E+00   3.018435E+00   3.018435E+00   1.755769E+00   4.372662E+00   3.552941E+00   2.600331E+00         5
   3.646767E+01   3.646767E+01   7.835156E+00   3.018484E+00   3.018484E+00   1.755769E+00   4.372926E+00   3.552912E+00   2.600463E+00         5
   3.646779E+01   3.646779E+01   7.835095E+00   3.018534E+00   3.018534E+00   1.755769E+00   4.373189E+00   3.552883E+00   2.600594E+00         5
   3.646791E+01   3.646791E+01   7.835034E+00   3.018579E+00   3.018579E+00   1.755769E+00   4.373424E+00   3.552856E+00   2.600712E+00         5
   3.646803E+01   3.646803E+01   7.834973E+00   3.018583E+00   3.018583E+00   1.755771E+00   4.373435E+00   3.552854E+00   2.600718E+00         5
   3.646815E+01   3.646815E+01   7.834912E+00   3.018587E+00   3.018587E+00   1.755774E+00   4.373446E+00   3.552852E+00   2.600723E+00         5
   3.646828E+01   3.646828E+01   7.834851E+00   3.018592E+00   3.018592E+00   1.755776E+00   4.373458E+00   3.552850E+00   2.600729E+00         5
   3.646840E+01   3.646840E+01   7.834790E+00   3.018596E+00   3.018596E+00   1.755778E+00   4.373469E+00   3.552847E+00   2.600735E+00         5
   3.646852E+01   3.646852E+01   7.834729E+00   3.018600E+00   3.018600E+00   1.755780E+00   4.373480E+00   3.552845E+00   2.600740E+00         5
   3.646864E+01   3.646864E+01   7.834668E+00   3.018604E+00   3.018604E+00   1.755783E+00   4.373492E+00   3.552843E+00   2.600746E+00         5
   3.646876E+01   3.646876E+01   7.834607E+00   3.018608E+00   3.018608E+00   1.755785E+00   4.373503E+00   3.552840E+00   2.600751E+00         5
   3.646888E+01   3.646888E+01   7.834546E+00   3.018613E+00   3.018613E+00   1.755787E+00   4.373514E+00   3.552838E+00   2.600757E+00         5
   3.646900E+01   3.646900E+01   7.834485E+00   3.018664E+00   3.018664E+00   1.755800E+00   4.373423E+00   3.552845E+00   2.600711E+00         5
   3.646912E+01   3.646912E+01   7.834424E+00   3.018715E+00   3.018715E+00   1.755812E+00   4.373331E+00   3.552852E+00   2.600666E+00         5
   3.646925E+01   3.646925E+01   7.834363E+00   3.018766E+00   3.018766E+00   1.755825E+00   4.373240E+00   3.552859E+00   2.600620E+00         5
   3.646937E+01   3.646937E+01   7.834303E+00   3.018817E+00   3.018817E+00   1.755837E+00   4.373148E+00   3.552866E+00   2.600574E+00         5
   3.646949E+01   3.646949E+01   7.834242E+00   3.018868E+00   3.018868E+00   1.755850E+00   4.373057E+00   3.552873E+00   2.600529E+00         5
   3.646961E+01   3.646961E+01   7.834181E+00   3.018919E+00   3.018919E+00   1.755862E+00   4.372965E+00   3.552880E+00   2.600483E+00         5
   3.646973E+01   3.646973E+01   7.834121E+00   3.018969E+00   3.018969E+00   1.755875E+00   4.372874E+00   3.552887E+00   2.600437E+00         5
   3.646985E+01   3.646985E+01   7.834060E+00   3.019020E+00   3.019020E+00   1.755887E+00   4.372783E+00   3.552894E+00   2.600391E+00         5
   3.646997E+01   3.646997E+01   7.834000E+00   3.019048E+00   3.019048E+00   1.755895E+00   4.372711E+00   3.552898E+00   2.600355E+00         5
   3.647009E+01   3.647009E+01   7.833940E+00   3.019048E+00   3.019048E+00   1.755897E+00   4.372661E+00   3.552898E+00   2.600330E+00         5
   3.647021E+01   3.647021E+01   7.833880E+00   3.019048E+00   3.019048E+00   1.755900E+00   4.372611E+00   3.552899E+00   2.600305E+00         5
   3.647034E+01   3.647034E+01   7.833820E+00   3.019048E+00   3.019048E+00   1.755902E+00   4.372561E+00   3.552900E+00   2.600281E+00         5
   3.647046E+01   3.647046E+01   7.833760E+00   3.019048E+00   3.019048E+00   1.755904E+00   4.372511E+00   3.552900E+00   2.600256E+00         5
   3.647058E+01   3.647058E+01   7.833700E+00   3.019048E+00   3.019048E+00   1.755906E+00   4.372461E+00   3.552901E+00   2.600231E+00         5
   3.647070E+01   3.647070E+01   7.833640E+00   3.019048E+00   3.019048E+00   1.755909E+00   4.372411E+00   3.552902E+00   2.600206E+00         5
   3.647082E+01   3.647082E+01   7.833580E+00   3.019048E+00   3.019048E+00   1.755911E+00   4.372361E+00   3.552902E+00   2.600181E+00         5
   3.647094E+01   3.647094E+01   7.833520E+00   3.019048E+00   3.019048E+00   1.755913E+00   4.372312E+00   3.552903E+00   2.600156E+00         5
   3.647106E+01   3.647106E+01   7.833461E+00   3.019055E+00   3.019055E+00   1.755920E+00   4.372335E+00   3.552895E+00   2.600167E+00         5
   3.647118E+01   3.647118E+01   7.833401E+00   3.019069E+00   3.019069E+00   1.755929E+00   4.372412E+00   3.552881E+00   2.600206E+00         5
   3.647131E+01   3.647131E+01   7.833342E+00   3.019082E+00   3.019082E+00   1.755939E+00   4.372489E+00   3.552867E+00   2.600244E+00         5
   3.647143E+01   3.647143E+01   7.833283E+00   3.019096E+00   3.019096E+00   1.755948E+00   4.372566E+00   3.552853E+00   2.600283E+00         5
   3.647155E+01   3.647155E+01   7.833224E+00   3.019109E+00   3.019109E+00   1.755958E+00   4.372643E+00   3.552839E+00   2.600321E+00         5
   3.647167E+01   3.647167E+01   7.833165E+00   3.019122E+00   3.019122E+00   1.755967E+00   4.372720E+00   3.552825E+00   2.600360E+00         5
   3.647179E+01   3.647179E+01   7.833106E+00   3.019136E+00   3.019136E+00   1.755977E+00   4.372797E+00   3.552811E+00   2.600398E+00         5
   3.647191E+01   3.647191E+01   7.833047E+00   3.019149E+00   3.019149E+00   1.755986E+00   4.372874E+00   3.552797E+00   2.600437E+00         5
   3.647203E+01   3.647203E+01   7.832988E+00   3.019163E+00   3.019163E+00   1.755996E+00   4.372951E+00   3.552783E+00   2.600475E+00         5
   3.647215E+01   3.647215E+01   7.832929E+00   3.019193E+00   3.019193E+00   1.756004E+00   4.373128E+00   3.552758E+00   2.600564E+00         5
   3.647228E+01   3.647228E+01   7.832871E+00   3.019239E+00   3.019239E+00   1.756010E+00   4.373398E+00   3.552722E+00   2.600699E+00         5
   3.647240E+01   3.647240E+01   7.832812E+00   3.019285E+00   3.019285E+00   1.756016E+00   4.373669E+00   3.552686E+00   2.600835E+00         5
   3.647252E+01   3.647252E+01   7.832753E+00   3.019331E+00   3.019331E+00   1.756022E+00   4.373940E+00   3.552650E+00   2.600970E+00         5
   3.647264E+01   3.647264E+01   7.832695E+00   3.019377E+00   3.019377E+00   1.756028E+00   4.374210E+00   3.552614E+00   2.601105E+00         5
   3.647276E+01   3.647276E+01   7.832636E+00   3.019424E+00   3.019424E+00   1.756034E+00   4.374481E+00   3.552578E+00   2.601241E+00         5
   3.647288E+01   3.647288E+01   7.832577E+00   3.019470E+00   3.019470E+00   1.756040E+00   4.374752E+00   3.552542E+00   2.601376E+00         5
   3.647300E+01   3.647300E+01   7.832518E+00   3.019516E+00   3.019516E+00   1.756046E+00   4.375023E+00   3.552506E+00   2.601511E+00         5
   3.647312E+01   3.647312E+01   7.832460E+00   3.019562E+00   3.019562E+00   1.756052E+00   4.375293E+00   3.552470E+00   2.601647E+00         5
   3.647324E+01   3.647324E+01   7.832401E+00   3.019567E+00   3.019567E+00   1.756053E+00   4.375748E+00   3.552413E+00   2.601874E+00         5
   3.647337E+01   3.647337E+01   7.832342E+00   3.019567E+00   3.019567E+00   1.756053E+00   4.376226E+00   3.552354E+00   2.602113E+00         5
   3.647349E+01   3.647349E+01   7.832283E+00   3.019567E+00   3.019567E+00   1.756053E+00   4.376703E+00   3.552295E+00   2.602352E+00         5
   3.647361E+01   3.647361E+01   7.832224E+00   3.019567E+00   3.019567E+00   1.756053E+00   4.377181E+00   3.552235E+00   2.602591E+00         5
   3.647373E+01   3.647373E+01   7.832165E+00   3.019567E+00   3.019567E+00   1.756053E+00   4.377658E+00   3.552176E+00   2.602829E+00         5
   3.647385E+01   3.647385E+01   7.832107E+00   3.019567E+00   3.019567E+00   1.756053E+00   4.378136E+00   3.552117E+00   2.603068E+00         5
   3.647397E+01   3.647397E+01   7.832048E+00   3.019567E+00   3.019567E+00   1.756053E+00   4.378613E+00   3.552058E+00   2.603307E+00         5
   3.647409E+01   3.647409E+01   7.831989E+00   3.019567E+00   3.019567E+00   1.756053E+00   4.379091E+00   3.551999E+00   2.603545E+00         5
   3.647421E+01   3.647421E+01   7.831929E+00   3.019563E+00   3.019563E+00   1.756053E+00   4.379830E+00   3.551911E+00   2.603915E+00         5
   3.647434E+01   3.647434E+01   7.831870E+00   3.019559E+00   3.019559E+00   1.756053E+00   4.380603E+00   3.551820E+00   2.604301E+00         5
   3.647446E+01   3.647446E+01   7.831810E+00   3.019554E+00   3.019554E+00   1.756053E+00   4.381375E+00   3.551729E+00   2.604687E+00         5
   3.647458E+01   3.647458E+01   7.831751E+00   3.019550E+00   3.019550E+00   1.756053E+00   4.382147E+00   3.551637E+00   2.605073E+00         5
   3.647470E+01   3.647470E+01   7.831691E+00   3.019545E+00   3.019545E+00   1.756053E+00   4.382919E+00   3.551546E+00   2.605460E+00         5
   3.647482E+01   3.647482E+01   7.831632E+00   3.019541E+00   3.019541E+00   1.756053E+00   4.383691E+00   3.551455E+00   2.605846E+00         5
   3.647494E+01   3.647494E+01   7.831572E+00   3.019536E+00   3.019536E+00   1.756053E+00   4.384463E+00   3.551364E+00   2.606232E+00         5
   3.647506E+01   3.647506E+01   7.831512E+00   3.019535E+00   3.019535E+00   1.756053E+00   4.385426E+00   3.551250E+00   2.606713E+00         5
   3.647518E+01   3.647518E+01   7.831452E+00   3.019535E+00   3.019535E+00   1.756053E+00   4.386406E+00   3.551135E+00   2.607203E+00         5
   3.647531E+01   3.647531E+01   7.831391E+00   3.019534E+00   3.019534E+00   1.756053E+00   4.387385E+00   3.551020E+00   2.607693E+00         5
   3.647543E+01   3.647543E+01   7.831331E+00   3.019533E+00   3.019533E+00   1.756053E+00   4.388365E+00   3.550905E+00   2.608182E+00         5
   3.647555E+01   3.647555E+01   7.831270E+00   3.019532E+00   3.019532E+00   1.756053E+00   4.389344E+00   3.550790E+00   2.608672E+00         5
   3.647567E+01   3.647567E+01   7.831210E+00   3.019532E+00   3.019532E+00   1.756053E+00   4.390324E+00   3.550675E+00   2.609162E+00         5
   3.647579E+01   3.647579E+01   7.831148E+00   3.019531E+00   3.019531E+00   1.756052E+00   4.391497E+00   3.550539E+00   2.609748E+00         5
   3.647591E+01   3.647591E+01   7.831086E+00   3.019530E+00   3.019530E+00   1.756051E+00   4.392816E+00   3.550387E+00   2.610408E+00         5
   3.647603E+01   3.647603E+01   7.831023E+00   3.019530E+00   3.019530E+00   1.756050E+00   4.394136E+00   3.550235E+00   2.611068E+00         5
   3.647615E+01   3.647615E+01   7.830960E+00   3.019529E+00   3.019529E+00   1.756049E+00   4.395456E+00   3.550082E+00   2.611728E+00         5
   3.647627E+01   3.647627E+01   7.830898E+00   3.019528E+00   3.019528E+00   1.756048E+00   4.396775E+00   3.549930E+00   2.612388E+00         5
   3.647640E+01   3.647640E+01   7.830835E+00   3.019528E+00   3.019528E+00   1.756047E+00   4.398108E+00   3.549777E+00   2.613054E+00         5
   3.647652E+01   3.647652E+01   7.830771E+00   3.019526E+00   3.019526E+00   1.756044E+00   4.399487E+00   3.549620E+00   2.613743E+00         5
   3.647664E+01   3.647664E+01   7.830706E+00   3.019525E+00   3.019525E+00   1.756041E+00   4.400866E+00   3.549463E+00   2.614433E+00         5
   3.647676E+01   3.647676E+01   7.830642E+00   3.019523E+00   3.019523E+00   1.756038E+00   4.402245E+00   3.549307E+00   2.615122E+00         5
   3.647688E+01   3.647688E+01   7.830578E+00   3.019521E+00   3.019521E+00   1.756034E+00   4.403624E+00   3.549150E+00   2.615812E+00         5
   3.647700E+01   3.647700E+01   7.830513E+00   3.019520E+00   3.019520E+00   1.756032E+00   4.405017E+00   3.548992E+00   2.616509E+00         5
   3.647712E+01   3.647712E+01   7.830446E+00   3.019516E+00   3.019516E+00   1.756031E+00   4.406570E+00   3.548819E+00   2.617285E+00         5
   3.647724E+01   3.647724E+01   7.830379E+00   3.019512E+00   3.019512E+00   1.756031E+00   4.408122E+00   3.548646E+00   2.618061E+00         5
   3.647737E+01   3.647737E+01   7.830311E+00   3.019508E+00   3.019508E+00   1.756031E+00   4.409674E+00   3.548472E+00   2.618837E+00         5
   3.647749E+01   3.647749E+01   7.830244E+00   3.019503E+00   3.019503E+00   1.756030E+00   4.411227E+00   3.548299E+00   2.619613E+00         5
   3.647761E+01   3.647761E+01   7.830175E+00   3.019507E+00   3.019507E+00   1.756030E+00   4.412798E+00   3.548125E+00   2.620399E+00         5
   3.647773E+01   3.647773E+01   7.830105E+00   3.019523E+00   3.019523E+00   1.756028E+00   4.414403E+00   3.547949E+00   2.621201E+00         5
   3.647785E+01   3.647785E+01   7.830035E+00   3.019539E+00   3.019539E+00   1.756027E+00   4.416007E+00   3.547774E+00   2.622004E+00         5
   3.647797E+01   3.647797E+01   7.829965E+00   3.019554E+00   3.019554E+00   1.756026E+00   4.417611E+00   3.547598E+00   2.622806E+00         5
   3.647809E+01   3.647809E+01   7.829895E+00   3.019570E+00   3.019570E+00   1.756025E+00   4.419216E+00   3.547422E+00   2.623608E+00         5
   3.647821E+01   3.647821E+01   7.829823E+00   3.019606E+00   3.019606E+00   1.756023E+00   4.420864E+00   3.547244E+00   2.624432E+00         5
   3.647834E+01   3.647834E+01   7.829750E+00   3.019647E+00   3.019647E+00   1.756021E+00   4.422525E+00   3.547066E+00   2.625262E+00         5
   3.647846E+01   3.647846E+01   7.829677E+00   3.019689E+00   3.019689E+00   1.756018E+00   4.424186E+00   3.546888E+00   2.626093E+00         5
   3.647858E+01   3.647858E+01   7.829604E+00   3.019730E+00   3.019730E+00   1.756016E+00   4.425846E+00   3.546710E+00   2.626923E+00         5
   3.647870E+01   3.647870E+01   7.829531E+00   3.019764E+00   3.019764E+00   1.756017E+00   4.427509E+00   3.546531E+00   2.627754E+00         5
   3.647882E+01   3.647882E+01   7.829454E+00   3.019781E+00   3.019781E+00   1.756027E+00   4.429175E+00   3.546351E+00   2.628587E+00         5
   3.647894E+01   3.647894E+01   7.829378E+00   3.019799E+00   3.019799E+00   1.756037E+00   4.430841E+00   3.546171E+00   2.629420E+00         5
   3.647906E+01   3.647906E+01   7.829302E+00   3.019816E+00   3.019816E+00   1.756047E+00   4.432507E+00   3.545991E+00   2.630253E+00         5
   3.647918E+01   3.647918E+01   7.829225E+00   3.019833E+00   3.019833E+00   1.756057E+00   4.434173E+00   3.545811E+00   2.631086E+00         5
   3.647930E+01   3.647930E+01   7.829147E+00   3.019836E+00   3.019836E+00   1.756075E+00   4.435842E+00   3.545630E+00   2.631921E+00         5
   3.647943E+01   3.647943E+01   7.829069E+00   3.019836E+00   3.019836E+00   1.756094E+00   4.437513E+00   3.545449E+00   2.632756E+00         5
   3.647955E+01   3.647955E+01   7.828990E+00   3.019836E+00   3.019836E+00   1.756113E+00   4.439183E+00   3.545268E+00   2.633592E+00         5
   3.647967E+01   3.647967E+01   7.828912E+00   3.019836E+00   3.019836E+00   1.756132E+00   4.440853E+00   3.545087E+00   2.634427E+00         5
   3.647979E+01   3.647979E+01   7.828832E+00   3.019836E+00   3.019836E+00   1.756146E+00   4.442506E+00   3.544910E+00   2.635253E+00         5
   3.647991E+01   3.647991E+01   7.828749E+00   3.019836E+00   3.019836E+00   1.756150E+00   4.444131E+00   3.544739E+00   2.636065E+00         5
   3.648003E+01   3.648003E+01   7.828666E+00   3.019836E+00   3.019836E+00   1.756154E+00   4.445756E+00   3.544568E+00   2.636878E+00         5
   3.648015E+01   3.648015E+01   7.828583E+00   3.019836E+00   3.019836E+00   1.756159E+00   4.447381E+00   3.544397E+00   2.637690E+00         5
   3.648027E+01   3.648027E+01   7.828500E+00   3.019836E+00   3.019836E+00   1.756163E+00   4.449006E+00   3.544226E+00   2.638503E+00         5
   3.648040E+01   3.648040E+01   7.828416E+00   3.019836E+00   3.019836E+00   1.756162E+00   4.450618E+00   3.544058E+00   2.639309E+00         5
   3.648052E+01   3.648052E+01   7.828331E+00   3.019836E+00   3.019836E+00   1.756160E+00   4.452228E+00   3.543890E+00   2.640114E+00         5
   3.648064E+01   3.648064E+01   7.828247E+00   3.019836E+00   3.019836E+00   1.756158E+00   4.453839E+00   3.543722E+00   2.640919E+00         5
   3.648076E+01   3.648076E+01   7.828162E+00   3.019836E+00   3.019836E+00   1.756156E+00   4.455449E+00   3.543553E+00   2.641724E+00         5
   3.648088E+01   3.648088E+01   7.828076E+00   3.019836E+00   3.019836E+00   1.756154E+00   4.457037E+00   3.543387E+00   2.642519E+00         5
   3.648100E+01   3.648100E+01   7.827987E+00   3.019836E+00   3.019836E+00   1.756154E+00   4.458571E+00   3.543225E+00   2.643286E+00         5
   3.648112E+01   3.648112E+01   7.827898E+00   3.019836E+00   3.019836E+00   1.756154E+00   4.460105E+00   3.543063E+00   2.644052E+00         5
   3.648124E+01   3.648124E+01   7.827809E+00   3.019836E+00   3.019836E+00   1.756154E+00   4.461638E+00   3.542901E+00   2.644819E+00         5
   3.648137E+01   3.648137E+01   7.827720E+00   3.019836E+00   3.019836E+00   1.756153E+00   4.463172E+00   3.542739E+00   2.645586E+00         5
   3.648149E+01   3.648149E+01   7.827630E+00   3.019836E+00   3.019836E+00   1.756161E+00   4.464688E+00   3.542579E+00   2.646344E+00         5
   3.648161E+01   3.648161E+01   7.827538E+00   3.019836E+00   3.019836E+00   1.756175E+00   4.466190E+00   3.542420E+00   2.647095E+00         5
   3.648173E+01   3.648173E+01   7.827447E+00   3.019836E+00   3.019836E+00   1.756189E+00   4.467691E+00   3.542261E+00   2.647845E+00         5
   3.648185E+01   3.648185E+01   7.827356E+00   3.019836E+00   3.019836E+00   1.756203E+00   4.469192E+00   3.542103E+00   2.648596E+00         5
   3.648197E+01   3.648197E+01   7.827264E+00   3.019836E+00   3.019836E+00   1.756217E+00   4.470694E+00   3.541944E+00   2.649347E+00         5
   3.648209E+01   3.648209E+01   7.827170E+00   3.019836E+00   3.019836E+00   1.756249E+00   4.472153E+00   3.541789E+00   2.650077E+00         5
   3.648221E+01   3.648221E+01   7.827076E+00   3.019836E+00   3.019836E+00   1.756290E+00   4.473596E+00   3.541636E+00   2.650798E+00         5
   3.648234E+01   3.648234E+01   7.826981E+00   3.019836E+00   3.019836E+00   1.756330E+00   4.475039E+00   3.541482E+00   2.651520E+00         5
   3.648246E+01   3.648246E+01   7.826887E+00   3.019836E+00   3.019836E+00   1.756371E+00   4.476482E+00   3.541328E+00   2.652241E+00         5
   3.648258E+01   3.648258E+01   7.826792E+00   3.019836E+00   3.019836E+00   1.756411E+00   4.477925E+00   3.541175E+00   2.652962E+00         5
   3.648270E+01   3.648270E+01   7.826694E+00   3.019836E+00   3.019836E+00   1.756427E+00   4.479321E+00   3.541028E+00   2.653661E+00         5
   3.648282E+01   3.648282E+01   7.826596E+00   3.019836E+00   3.019836E+00   1.756436E+00   4.480702E+00   3.540883E+00   2.654351E+00         5
   3.648294E+01   3.648294E+01   7.826497E+00   3.019836E+00   3.019836E+00   1.756445E+00   4.482083E+00   3.540738E+00   2.655042E+00         5
   3.648306E+01   3.648306E+01   7.826399E+00   3.019836E+00   3.019836E+00   1.756454E+00   4.483465E+00   3.540593E+00   2.655732E+00         5
   3.648318E+01   3.648318E+01   7.826300E+00   3.019836E+00   3.019836E+00   1.756462E+00   4.484846E+00   3.540448E+00   2.656423E+00         5
   3.648330E+01   3.648330E+01   7.826200E+00   3.019836E+00   3.019836E+00   1.756473E+00   4.486202E+00   3.540307E+00   2.657101E+00         5
   3.648343E+01   3.648343E+01   7.826098E+00   3.019836E+00   3.019836E+00   1.756485E+00   4.487544E+00   3.540169E+00   2.657772E+00         5
   3.648355E+01   3.648355E+01   7.825997E+00   3.019836E+00   3.019836E+00   1.756497E+00   4.488886E+00   3.540031E+00   2.658443E+00         5
   3.648367E+01   3.648367E+01   7.825896E+00   3.019836E+00   3.019836E+00   1.756508E+00   4.490228E+00   3.539893E+00   2.659114E+00         5
   3.648379E+01   3.648379E+01   7.825794E+00   3.019836E+00   3.019836E+00   1.756520E+00   4.491571E+00   3.539755E+00   2.659785E+00         5
   3.648391E+01   3.648391E+01   7.825692E+00   3.019836E+00   3.019836E+00   1.756536E+00   4.492892E+00   3.539620E+00   2.660446E+00         5
   3.648403E+01   3.648403E+01   7.825587E+00   3.019836E+00   3.019836E+00   1.756558E+00   4.494183E+00   3.539489E+00   2.661092E+00         5
   3.648415E+01   3.648415E+01   7.825482E+00   3.019836E+00   3.019836E+00   1.756580E+00   4.495475E+00   3.539358E+00   2.661738E+00         5
   3.648427E+01   3.648427E+01   7.825378E+00   3.019836E+00   3.019836E+00   1.756602E+00   4.496767E+00   3.539227E+00   2.662383E+00         5
   3.648440E+01   3.648440E+01   7.825273E+00   3.019836E+00   3.019836E+00   1.756624E+00   4.498059E+00   3.539096E+00   2.663029E+00         5
   3.648452E+01   3.648452E+01   7.825168E+00   3.019836E+00   3.019836E+00   1.756644E+00   4.499347E+00   3.538965E+00   2.663674E+00         5
   3.648464E+01   3.648464E+01   7.825060E+00   3.019836E+00   3.019836E+00   1.756649E+00   4.500592E+00   3.538839E+00   2.664296E+00         5
   3.648476E+01   3.648476E+01   7.824952E+00   3.019836E+00   3.019836E+00   1.756654E+00   4.501838E+00   3.538714E+00   2.664919E+00         5
   3.648488E+01   3.648488E+01   7.824843E+00   3.019836E+00   3.019836E+00   1.756659E+00   4.503083E+00   3.538588E+00   2.665542E+00         5
   3.648500E+01   3.648500E+01   7.824735E+00   3.019836E+00   3.019836E+00   1.756664E+00   4.504328E+00   3.538462E+00   2.666164E+00         5
   3.648512E+01   3.648512E+01   7.824626E+00   3.019836E+00   3.019836E+00   1.756668E+00   4.505574E+00   3.538336E+00   2.666787E+00         5
   3.648524E+01   3.648524E+01   7.824516E+00   3.019836E+00   3.019836E+00   1.756700E+00   4.506795E+00   3.538212E+00   2.667398E+00         5
   3.648537E+01   3.648537E+01   7.824404E+00   3.019836E+00   3.019836E+00   1.756749E+00   4.508001E+00   3.538089E+00   2.668000E+00         5
   3.648549E+01   3.648549E+01   7.824293E+00   3.019836E+00   3.019836E+00   1.756798E+00   4.509206E+00   3.537966E+00   2.668603E+00         5
   3.648561E+01   3.648561E+01   7.824181E+00   3.019836E+00   3.019836E+00   1.756848E+00   4.510411E+00   3.537843E+00   2.669206E+00         5
   3.648573E+01   3.648573E+01   7.824069E+00   3.019836E+00   3.019836E+00   1.756897E+00   4.511616E+00   3.537720E+00   2.669808E+00         5
   3.648585E+01   3.648585E+01   7.823957E+00   3.019836E+00   3.019836E+00   1.756946E+00   4.512821E+00   3.537597E+00   2.670411E+00         5
   3.648597E+01   3.648597E+01   7.823842E+00   3.019836E+00   3.019836E+00   1.756983E+00   4.513987E+00   3.537475E+00   2.670994E+00         5
   3.648609E+01   3.648609E+01   7.823727E+00   3.019836E+00   3.019836E+00   1.757020E+00   4.515153E+00   3.537352E+00   2.671576E+00         5
   3.648621E+01   3.648621E+01   7.823612E+00   3.019836E+00   3.019836E+00   1.757056E+00   4.516319E+00   3.537230E+00   2.672159E+00         5
   3.648633E+01   3.648633E+01   7.823496E+00   3.019836E+00   3.019836E+00   1.757093E+00   4.517484E+00   3.537108E+00   2.672742E+00         5
   3.648646E+01   3.648646E+01   7.823381E+00   3.019836E+00   3.019836E+00   1.757130E+00   4.518650E+00   3.536986E+00   2.673325E+00         5
   3.648658E+01   3.648658E+01   7.823265E+00   3.019836E+00   3.019836E+00   1.757162E+00   4.519806E+00   3.536865E+00   2.673903E+00         5
   3.648670E+01   3.648670E+01   7.823147E+00   3.019836E+00   3.019836E+00   1.757186E+00   4.520941E+00   3.536745E+00   2.674471E+00         5
   3.648682E+01   3.648682E+01   7.823028E+00   3.019836E+00   3.019836E+00   1.757210E+00   4.522076E+00   3.536625E+00   2.675038E+00         5
   3.648694E+01   3.648694E+01   7.822910E+00   3.019836E+00   3.019836E+00   1.757234E+00   4.523211E+00   3.536505E+00   2.675606E+00         5
   3.648706E+01   3.648706E+01   7.822791E+00   3.019836E+00   3.019836E+00   1.757259E+00   4.524347E+00   3.536385E+00   2.676173E+00         5
   3.648718E+01   3.648718E+01   7.822673E+00   3.019836E+00   3.019836E+00   1.757283E+00   4.525482E+00   3.536266E+00   2.676741E+00         5
   3.648730E+01   3.648730E+01   7.822553E+00   3.019835E+00   3.019835E+00   1.757292E+00   4.526598E+00   3.536152E+00   2.677299E+00         5
   3.648743E+01   3.648743E+01   7.822430E+00   3.019834E+00   3.019834E+00   1.757291E+00   4.527699E+00   3.536043E+00   2.677849E+00         5
   3.648755E+01   3.648755E+01   7.822308E+00   3.019833E+00   3.019833E+00   1.757290E+00   4.528799E+00   3.535934E+00   2.678400E+00         5
   3.648767E+01   3.648767E+01   7.822186E+00   3.019832E+00   3.019832E+00   1.757288E+00   4.529900E+00   3.535825E+00   2.678950E+00         5
   3.648779E+01   3.648779E+01   7.822063E+00   3.019832E+00   3.019832E+00   1.757287E+00   4.531001E+00   3.535716E+00   2.679501E+00         5
   3.648791E+01   3.648791E+01   7.821941E+00   3.019831E+00   3.019831E+00   1.757285E+00   4.532102E+00   3.535607E+00   2.680051E+00         5
   3.648803E+01   3.648803E+01   7.821816E+00   3.019830E+00   3.019830E+00   1.757293E+00   4.533177E+00   3.535500E+00   2.680588E+00         5
   3.648815E+01   3.648815E+01   7.821689E+00   3.019829E+00   3.019829E+00   1.757304E+00   4.534240E+00   3.535392E+00   2.681120E+00         5
   3.648827E+01   3.648827E+01   7.821563E+00   3.019829E+00   3.019829E+00   1.757315E+00   4.535304E+00   3.535285E+00   2.681652E+00         5
   3.648840E+01   3.648840E+01   7.821436E+00   3.019828E+00   3.019828E+00   1.757326E+00   4.536367E+00   3.535178E+00   2.682184E+00         5
   3.648852E+01   3.648852E+01   7.821310E+00   3.019828E+00   3.019828E+00   1.757338E+00   4.537431E+00   3.535070E+00   2.682716E+00         5
   3.648864E+01   3.648864E+01   7.821184E+00   3.019827E+00   3.019827E+00   1.757349E+00   4.538495E+00   3.534963E+00   2.683247E+00         5
   3.648876E+01   3.648876E+01   7.821055E+00   3.019827E+00   3.019827E+00   1.757370E+00   4.539539E+00   3.534858E+00   2.683769E+00         5
   3.648888E+01   3.648888E+01   7.820925E+00   3.019827E+00   3.019827E+00   1.757393E+00   4.540577E+00   3.534753E+00   2.684288E+00         5
   3.648900E+01   3.648900E+01   7.820795E+00   3.019827E+00   3.019827E+00   1.757417E+00   4.541615E+00   3.534649E+00   2.684808E+00         5
   3.648912E+01   3.648912E+01   7.820665E+00   3.019827E+00   3.019827E+00   1.757440E+00   4.542653E+00   3.534545E+00   2.685327E+00         5
   3.648924E+01   3.648924E+01   7.820535E+00   3.019827E+00   3.019827E+00   1.757464E+00   4.543692E+00   3.534441E+00   2.685846E+00         5
   3.648936E+01   3.648936E+01   7.820406E+00   3.019827E+00   3.019827E+00   1.757488E+00   4.544730E+00   3.534336E+00   2.686365E+00         5
   3.648949E+01   3.648949E+01   7.820273E+00   3.019827E+00   3.019827E+00   1.757528E+00   4.545749E+00   3.534234E+00   2.686875E+00         5
   3.648961E+01   3.648961E+01   7.820140E+00   3.019827E+00   3.019827E+00   1.757574E+00   4.546763E+00   3.534132E+00   2.687381E+00         5
   3.648973E+01   3.648973E+01   7.820007E+00   3.019827E+00   3.019827E+00   1.757619E+00   4.547776E+00   3.534030E+00   2.687888E+00         5
   3.648985E+01   3.648985E+01   7.819874E+00   3.019827E+00   3.019827E+00   1.757665E+00   4.548790E+00   3.533928E+00   2.688395E+00         5
   3.648997E+01   3.648997E+01   7.819740E+00   3.019827E+00   3.019827E+00   1.757710E+00   4.549804E+00   3.533826E+00   2.688902E+00         5
   3.649009E+01   3.649009E+01   7.819607E+00   3.019827E+00   3.019827E+00   1.757756E+00   4.550817E+00   3.533725E+00   2.689409E+00         5
   3.649021E+01   3.649021E+01   7.819471E+00   3.019827E+00   3.019827E+00   1.757803E+00   4.551813E+00   3.533624E+00   2.689906E+00         5
   3.649033E+01   3.649033E+01   7.819335E+00   3.019827E+00   3.019827E+00   1.757851E+00   4.552801E+00   3.533523E+00   2.690401E+00         5
   3.649046E+01   3.649046E+01   7.819198E+00   3.019827E+00   3.019827E+00   1.757899E+00   4.553790E+00   3.533423E+00   2.690895E+00         5
   3.649058E+01   3.649058E+01   7.819061E+00   3.019827E+00   3.019827E+00   1.757947E+00   4.554778E+00   3.533323E+00   2.691389E+00         5
   3.649070E+01   3.649070E+01   7.818924E+00   3.019827E+00   3.019827E+00   1.757996E+00   4.555766E+00   3.533222E+00   2.691883E+00         5
   3.649082E+01   3.649082E+01   7.818787E+00   3.019827E+00   3.019827E+00   1.758044E+00   4.556754E+00   3.533122E+00   2.692377E+00         5
   3.649094E+01   3.649094E+01   7.818648E+00   3.019827E+00   3.019827E+00   1.758071E+00   4.557725E+00   3.533024E+00   2.692863E+00         5
   3.649106E+01   3.649106E+01   7.818507E+00   3.019827E+00   3.019827E+00   1.758085E+00   4.558685E+00   3.532928E+00   2.693343E+00         5
   3.649118E+01   3.649118E+01   7.818365E+00   3.019827E+00   3.019827E+00   1.758099E+00   4.559645E+00   3.532832E+00   2.693823E+00         5
   3.649130E+01   3.649130E+01   7.818224E+00   3.019827E+00   3.019827E+00   1.758113E+00   4.560605E+00   3.532736E+00   2.694303E+00         5
   3.649143E+01   3.649143E+01   7.818083E+00   3.019827E+00   3.019827E+00   1.758127E+00   4.561565E+00   3.532640E+00   2.694783E+00         5
   3.649155E+01   3.649155E+01   7.817942E+00   3.019827E+00   3.019827E+00   1.758141E+00   4.562525E+00   3.532544E+00   2.695263E+00         5
   3.649167E+01   3.649167E+01   7.817799E+00   3.019827E+00   3.019827E+00   1.758170E+00   4.563474E+00   3.532449E+00   2.695737E+00         5
   3.649179E+01   3.649179E+01   7.817654E+00   3.019827E+00   3.019827E+00   1.758216E+00   4.564412E+00   3.532356E+00   2.696206E+00         5
   3.649191E+01   3.649191E+01   7.817509E+00   3.019827E+00   3.019827E+00   1.758262E+00   4.565350E+00   3.532262E+00   2.696675E+00         5
   3.649203E+01   3.649203E+01   7.817363E+00   3.019827E+00   3.019827E+00   1.758309E+00   4.566288E+00   3.532169E+00   2.697144E+00         5
   3.649215E+01   3.649215E+01   7.817218E+00   3.019827E+00   3.019827E+00   1.758355E+00   4.567226E+00   3.532075E+00   2.697613E+00         5
   3.649227E+01   3.649227E+01   7.817073E+00   3.019827E+00   3.019827E+00   1.758401E+00   4.568164E+00   3.531982E+00   2.698082E+00         5
   3.649239E+01   3.649239E+01   7.816927E+00   3.019827E+00   3.019827E+00   1.758443E+00   4.569095E+00   3.531888E+00   2.698548E+00         5
   3.649252E+01   3.649252E+01   7.816778E+00   3.019827E+00   3.019827E+00   1.758478E+00   4.570012E+00   3.531793E+00   2.699006E+00         5
   3.649264E+01   3.649264E+01   7.816629E+00   3.019827E+00   3.019827E+00   1.758513E+00   4.570930E+00   3.531699E+00   2.699465E+00         5
   3.649276E+01   3.649276E+01   7.816481E+00   3.019827E+00   3.019827E+00   1.758549E+00   4.571847E+00   3.531604E+00   2.699924E+00         5
   3.649288E+01   3.649288E+01   7.816332E+00   3.019827E+00   3.019827E+00   1.758584E+00   4.572764E+00   3.531509E+00   2.700382E+00         5
   3.649300E+01   3.649300E+01   7.816183E+00   3.019827E+00   3.019827E+00   1.758619E+00   4.573682E+00   3.531414E+00   2.700841E+00         5
   3.649312E+01   3.649312E+01   7.816034E+00   3.019827E+00   3.019827E+00   1.758661E+00   4.574596E+00   3.531320E+00   2.701298E+00         5
   3.649324E+01   3.649324E+01   7.815881E+00   3.019827E+00   3.019827E+00   1.758740E+00   4.575494E+00   3.531228E+00   2.701747E+00         5
   3.649336E+01   3.649336E+01   7.815729E+00   3.019827E+00   3.019827E+00   1.758820E+00   4.576393E+00   3.531136E+00   2.702197E+00         5
   3.649349E+01   3.649349E+01   7.815576E+00   3.019827E+00   3.019827E+00   1.758899E+00   4.577291E+00   3.531044E+00   2.702646E+00         5
   3.649361E+01   3.649361E+01   7.815424E+00   3.019827E+00   3.019827E+00   1.758978E+00   4.578190E+00   3.530952E+00   2.703095E+00         5
   3.649373E+01   3.649373E+01   7.815272E+00   3.019827E+00   3.019827E+00   1.759057E+00   4.579089E+00   3.530860E+00   2.703544E+00         5
   3.649385E+01   3.649385E+01   7.815119E+00   3.019827E+00   3.019827E+00   1.759136E+00   4.579987E+00   3.530768E+00   2.703993E+00         5
   3.649397E+01   3.649397E+01   7.814963E+00   3.019827E+00   3.019827E+00   1.759198E+00   4.580869E+00   3.530680E+00   2.704434E+00         5
   3.649409E+01   3.649409E+01   7.814807E+00   3.019827E+00   3.019827E+00   1.759260E+00   4.581750E+00   3.530592E+00   2.704875E+00         5
   3.649421E+01   3.649421E+01   7.814650E+00   3.019827E+00   3.019827E+00   1.759321E+00   4.582632E+00   3.530503E+00   2.705316E+00         5
   3.649433E+01   3.649433E+01   7.814494E+00   3.019827E+00   3.019827E+00   1.759383E+00   4.583514E+00   3.530415E+00   2.705757E+00         5
   3.649446E+01   3.649446E+01   7.814338E+00   3.019827E+00   3.019827E+00   1.759444E+00   4.584395E+00   3.530327E+00   2.706198E+00         5
   3.649458E+01   3.649458E+01   7.814182E+00   3.019827E+00   3.019827E+00   1.759506E+00   4.585277E+00   3.530239E+00   2.706639E+00         5
   3.649470E+01   3.649470E+01   7.814022E+00   3.019827E+00   3.019827E+00   1.759557E+00   4.586145E+00   3.530149E+00   2.707072E+00         5
   3.649482E+01   3.649482E+01   7.813862E+00   3.019827E+00   3.019827E+00   1.759607E+00   4.587010E+00   3.530060E+00   2.707505E+00         5
   3.649494E+01   3.649494E+01   7.813702E+00   3.019827E+00   3.019827E+00   1.759657E+00   4.587875E+00   3.529971E+00   2.707938E+00         5
   3.649506E+01   3.649506E+01   7.813541E+00   3.019827E+00   3.019827E+00   1.759707E+00   4.588741E+00   3.529882E+00   2.708370E+00         5
   3.649518E+01   3.649518E+01   7.813381E+00   3.019827E+00   3.019827E+00   1.759757E+00   4.589606E+00   3.529792E+00   2.708803E+00         5
   3.649530E+01   3.649530E+01   7.813221E+00   3.019827E+00   3.019827E+00   1.759807E+00   4.590472E+00   3.529703E+00   2.709236E+00         5
   3.649543E+01   3.649543E+01   7.813058E+00   3.019827E+00   3.019827E+00   1.759877E+00   4.591322E+00   3.529618E+00   2.709661E+00         5
   3.649555E+01   3.649555E+01   7.812893E+00   3.019827E+00   3.019827E+00   1.759953E+00   4.592168E+00   3.529535E+00   2.710084E+00         5
   3.649567E+01   3.649567E+01   7.812729E+00   3.019827E+00   3.019827E+00   1.760029E+00   4.593014E+00   3.529451E+00   2.710507E+00         5
   3.649579E+01   3.649579E+01   7.812565E+00   3.019827E+00   3.019827E+00   1.760105E+00   4.593860E+00   3.529367E+00   2.710930E+00         5
   3.649591E+01   3.649591E+01   7.812401E+00   3.019827E+00   3.019827E+00   1.760181E+00   4.594706E+00   3.529284E+00   2.711353E+00         5
   3.649603E+01   3.649603E+01   7.812237E+00   3.019827E+00   3.019827E+00   1.760257E+00   4.595552E+00   3.529200E+00   2.711776E+00         5
   3.649615E+01   3.649615E+01   7.812070E+00   3.019827E+00   3.019827E+00   1.760341E+00   4.596387E+00   3.529118E+00   2.712194E+00         5
   3.649627E+01   3.649627E+01   7.811902E+00   3.019827E+00   3.019827E+00   1.760429E+00   4.597218E+00   3.529036E+00   2.712609E+00         5
   3.649639E+01   3.649639E+01   7.811735E+00   3.019827E+00   3.019827E+00   1.760516E+00   4.598050E+00   3.528955E+00   2.713025E+00         5
   3.649652E+01   3.649652E+01   7.811567E+00   3.019827E+00   3.019827E+00   1.760604E+00   4.598881E+00   3.528873E+00   2.713440E+00         5
   3.649664E+01   3.649664E+01   7.811399E+00   3.019827E+00   3.019827E+00   1.760692E+00   4.599712E+00   3.528791E+00   2.713856E+00         5
   3.649676E+01   3.649676E+01   7.811231E+00   3.019827E+00   3.019827E+00   1.760779E+00   4.600543E+00   3.528710E+00   2.714272E+00         5
   3.649688E+01   3.649688E+01   7.811061E+00   3.019827E+00   3.019827E+00   1.760876E+00   4.601362E+00   3.528627E+00   2.714681E+00         5
   3.649700E+01   3.649700E+01   7.810889E+00   3.019827E+00   3.019827E+00   1.760976E+00   4.602175E+00   3.528544E+00   2.715088E+00         5
   3.649712E+01   3.649712E+01   7.810718E+00   3.019827E+00   3.019827E+00   1.761077E+00   4.602989E+00   3.528462E+00   2.715495E+00         5
   3.649724E+01   3.649724E+01   7.810546E+00   3.019827E+00   3.019827E+00   1.761177E+00   4.603802E+00   3.528379E+00   2.715901E+00         5
   3.649736E+01   3.649736E+01   7.810375E+00   3.019827E+00   3.019827E+00   1.761278E+00   4.604616E+00   3.528296E+00   2.716308E+00         5
   3.649749E+01   3.649749E+01   7.810203E+00   3.019827E+00   3.019827E+00   1.761378E+00   4.605429E+00   3.528213E+00   2.716715E+00         5
   3.649761E+01   3.649761E+01   7.810029E+00   3.019827E+00   3.019827E+00   1.761477E+00   4.606236E+00   3.528133E+00   2.717118E+00         5
   3.649773E+01   3.649773E+01   7.809854E+00   3.019827E+00   3.019827E+00   1.761575E+00   4.607041E+00   3.528055E+00   2.717520E+00         5
   3.649785E+01   3.649785E+01   7.809679E+00   3.019827E+00   3.019827E+00   1.761673E+00   4.607845E+00   3.527976E+00   2.717923E+00         5
   3.649797E+01   3.649797E+01   7.809503E+00   3.019827E+00   3.019827E+00   1.761771E+00   4.608650E+00   3.527898E+00   2.718325E+00         5
   3.649809E+01   3.649809E+01   7.809328E+00   3.019827E+00   3.019827E+00   1.761868E+00   4.609454E+00   3.527819E+00   2.718727E+00         5
   3.649821E+01   3.649821E+01   7.809153E+00   3.019827E+00   3.019827E+00   1.761966E+00   4.610259E+00   3.527740E+00   2.719130E+00         5
   3.649833E+01   3.649833E+01   7.808974E+00   3.019827E+00   3.019827E+00   1.762080E+00   4.611047E+00   3.527663E+00   2.719524E+00         5
   3.649846E+01   3.649846E+01   7.808796E+00   3.019827E+00   3.019827E+00   1.762196E+00   4.611834E+00   3.527587E+00   2.719917E+00         5
   3.649858E+01   3.649858E+01   7.808617E+00   3.019827E+00   3.019827E+00   1.762312E+00   4.612621E+00   3.527510E+00   2.720310E+00         5
   3.649870E+01   3.649870E+01   7.808438E+00   3.019827E+00   3.019827E+00   1.762427E+00   4.613408E+00   3.527433E+00   2.720704E+00         5
   3.649882E+01   3.649882E+01   7.808259E+00   3.019827E+00   3.019827E+00   1.762543E+00   4.614194E+00   3.527356E+00   2.721097E+00         5
   3.649894E+01   3.649894E+01   7.808080E+00   3.019827E+00   3.019827E+00   1.762671E+00   4.614979E+00   3.527279E+00   2.721490E+00         5
   3.649906E+01   3.649906E+01   7.807897E+00   3.019827E+00   3.019827E+00   1.762874E+00   4.615754E+00   3.527200E+00   2.721877E+00         5
   3.649918E+01   3.649918E+01   7.807715E+00   3.019827E+00   3.019827E+00   1.763078E+00   4.616529E+00   3.527120E+00   2.722265E+00         5
   3.649930E+01   3.649930E+01   7.807532E+00   3.019827E+00   3.019827E+00   1.763282E+00   4.617304E+00   3.527041E+00   2.722652E+00         5
   3.649942E+01   3.649942E+01   7.807350E+00   3.019827E+00   3.019827E+00   1.763485E+00   4.618079E+00   3.526961E+00   2.723040E+00         5
   3.649955E+01   3.649955E+01   7.807167E+00   3.019827E+00   3.019827E+00   1.763689E+00   4.618854E+00   3.526881E+00   2.723427E+00         5
   3.649967E+01   3.649967E+01   7.806983E+00   3.019827E+00   3.019827E+00   1.763848E+00   4.619624E+00   3.526804E+00   2.723812E+00         5
   3.649979E+01   3.649979E+01   7.806797E+00   3.019827E+00   3.019827E+00   1.763961E+00   4.620390E+00   3.526730E+00   2.724195E+00         5
   3.649991E+01   3.649991E+01   7.806611E+00   3.019827E+00   3.019827E+00   1.764075E+00   4.621156E+00   3.526655E+00   2.724578E+00         5
   3.650003E+01   3.650003E+01   7.806425E+00   3.019827E+00   3.019827E+00   1.764188E+00   4.621922E+00   3.526581E+00   2.724961E+00         5
   3.650015E+01   3.650015E+01   7.806239E+00   3.019827E+00   3.019827E+00   1.764301E+00   4.622688E+00   3.526506E+00   2.725344E+00         5
   3.650027E+01   3.650027E+01   7.806053E+00   3.019827E+00   3.019827E+00   1.764414E+00   4.623453E+00   3.526432E+00   2.725727E+00         5
   3.650039E+01   3.650039E+01   7.805863E+00   3.019827E+00   3.019827E+00   1.764612E+00   4.624205E+00   3.526358E+00   2.726102E+00         5
   3.650052E+01   3.650052E+01   7.805674E+00   3.019827E+00   3.019827E+00   1.764815E+00   4.624955E+00   3.526283E+00   2.726478E+00         5
   3.650064E+01   3.650064E+01   7.805485E+00   3.019827E+00   3.019827E+00   1.765017E+00   4.625706E+00   3.526209E+00   2.726853E+00         5
   3.650076E+01   3.650076E+01   7.805295E+00   3.019827E+00   3.019827E+00   1.765219E+00   4.626456E+00   3.526135E+00   2.727228E+00         5
   3.650088E+01   3.650088E+01   7.805106E+00   3.019827E+00   3.019827E+00   1.765421E+00   4.627207E+00   3.526061E+00   2.727603E+00         5
   3.650100E+01   3.650100E+01   7.804914E+00   3.019827E+00   3.019827E+00   1.765680E+00   4.627953E+00   3.525984E+00   2.727977E+00         5
   3.650112E+01   3.650112E+01   7.804721E+00   3.019827E+00   3.019827E+00   1.765985E+00   4.628697E+00   3.525905E+00   2.728349E+00         5
   3.650124E+01   3.650124E+01   7.804528E+00   3.019827E+00   3.019827E+00   1.766290E+00   4.629441E+00   3.525827E+00   2.728720E+00         5
   3.650136E+01   3.650136E+01   7.804335E+00   3.019827E+00   3.019827E+00   1.766594E+00   4.630184E+00   3.525748E+00   2.729092E+00         5
   3.650149E+01   3.650149E+01   7.804142E+00   3.019827E+00   3.019827E+00   1.766899E+00   4.630928E+00   3.525670E+00   2.729464E+00         5
   3.650161E+01   3.650161E+01   7.803948E+00   3.019827E+00   3.019827E+00   1.767210E+00   4.631668E+00   3.525594E+00   2.729834E+00         5
   3.650173E+01   3.650173E+01   7.803752E+00   3.019827E+00   3.019827E+00   1.767535E+00   4.632400E+00   3.525523E+00   2.730200E+00         5
   3.650185E+01   3.650185E+01   7.803555E+00   3.019827E+00   3.019827E+00   1.767861E+00   4.633132E+00   3.525452E+00   2.730566E+00         5
   3.650197E+01   3.650197E+01   7.803359E+00   3.019827E+00   3.019827E+00   1.768186E+00   4.633864E+00   3.525381E+00   2.730932E+00         5
   3.650209E+01   3.650209E+01   7.803163E+00   3.019827E+00   3.019827E+00   1.768511E+00   4.634596E+00   3.525310E+00   2.731298E+00         5
   3.650221E+01   3.650221E+01   7.802966E+00   3.019827E+00   3.019827E+00   1.768854E+00   4.635327E+00   3.525239E+00   2.731663E+00         5
   3.650233E+01   3.650233E+01   7.802766E+00   3.019827E+00   3.019827E+00   1.769274E+00   4.636051E+00   3.525170E+00   2.732025E+00         5
   3.650245E+01   3.650245E+01   7.802567E+00   3.019827E+00   3.019827E+00   1.769694E+00   4.636775E+00   3.525101E+00   2.732388E+00         5
   3.650258E+01   3.650258E+01   7.802367E+00   3.019827E+00   3.019827E+00   1.770114E+00   4.637499E+00   3.525032E+00   2.732750E+00         5
   3.650270E+01   3.650270E+01   7.802168E+00   3.019827E+00   3.019827E+00   1.770533E+00   4.638223E+00   3.524963E+00   2.733112E+00         5
   3.650282E+01   3.650282E+01   7.801967E+00   3.019827E+00   3.019827E+00   1.770970E+00   4.638944E+00   3.524893E+00   2.733472E+00         5
   3.650294E+01   3.650294E+01   7.801765E+00   3.019827E+00   3.019827E+00   1.771457E+00   4.639657E+00   3.524821E+00   2.733829E+00         5
   3.650306E+01   3.650306E+01   7.801562E+00   3.019827E+00   3.019827E+00   1.771944E+00   4.640370E+00   3.524750E+00   2.734185E+00         5
   3.650318E+01   3.650318E+01   7.801359E+00   3.019827E+00   3.019827E+00   1.772432E+00   4.641082E+00   3.524679E+00   2.734541E+00         5
   3.650330E+01   3.650330E+01   7.801157E+00   3.019827E+00   3.019827E+00   1.772919E+00   4.641795E+00   3.524607E+00   2.734898E+00         5
   3.650342E+01   3.650342E+01   7.800953E+00   3.019827E+00   3.019827E+00   1.773492E+00   4.642504E+00   3.524536E+00   2.735252E+00         5
   3.650355E+01   3.650355E+01   7.800747E+00   3.019827E+00   3.019827E+00   1.774164E+00   4.643209E+00   3.524466E+00   2.735605E+00         5
   3.650367E+01   3.650367E+01   7.800541E+00   3.019827E+00   3.019827E+00   1.774836E+00   4.643914E+00   3.524395E+00   2.735957E+00         5
   3.650379E+01   3.650379E+01   7.800336E+00   3.019827E+00   3.019827E+00   1.775508E+00   4.644619E+00   3.524324E+00   2.736309E+00         5
   3.650391E+01   3.650391E+01   7.800130E+00   3.019827E+00   3.019827E+00   1.776180E+00   4.645324E+00   3.524254E+00   2.736662E+00         5
   3.650403E+01   3.650403E+01   7.799922E+00   3.019827E+00   3.019827E+00   1.776861E+00   4.646021E+00   3.524181E+00   2.737011E+00         5
   3.650415E+01   3.650415E+01   7.799713E+00   3.019827E+00   3.019827E+00   1.777544E+00   4.646717E+00   3.524108E+00   2.737359E+00         5
   3.650427E+01   3.650427E+01   7.799505E+00   3.019827E+00   3.019827E+00   1.778227E+00   4.647414E+00   3.524035E+00   2.737707E+00         5
   3.650439E+01   3.650439E+01   7.799296E+00   3.019827E+00   3.019827E+00   1.778910E+00   4.648110E+00   3.523962E+00   2.738055E+00         5
   3.650452E+01   3.650452E+01   7.799087E+00   3.019827E+00   3.019827E+00   1.779621E+00   4.648804E+00   3.523891E+00   2.738402E+00         5
   3.650464E+01   3.650464E+01   7.798875E+00   3.019827E+00   3.019827E+00   1.780372E+00   4.649496E+00   3.523825E+00   2.738748E+00         5
   3.650476E+01   3.650476E+01   7.798664E+00   3.019827E+00   3.019827E+00   1.781123E+00   4.650187E+00   3.523759E+00   2.739094E+00         5
   3.650488E+01   3.650488E+01   7.798453E+00   3.019827E+00   3.019827E+00   1.781873E+00   4.650878E+00   3.523693E+00   2.739439E+00         5
   3.650500E+01   3.650500E+01   7.798241E+00   3.019827E+00   3.019827E+00   1.782629E+00   4.651568E+00   3.523626E+00   2.739784E+00         5
   3.650512E+01   3.650512E+01   7.798027E+00   3.019827E+00   3.019827E+00   1.783415E+00   4.652249E+00   3.523560E+00   2.740125E+00         5
   3.650524E+01   3.650524E+01   7.797813E+00   3.019827E+00   3.019827E+00   1.784200E+00   4.652931E+00   3.523493E+00   2.740465E+00         5
   3.650536E+01   3.650536E+01   7.797599E+00   3.019827E+00   3.019827E+00   1.784986E+00   4.653612E+00   3.523426E+00   2.740806E+00         5
   3.650548E+01   3.650548E+01   7.797385E+00   3.019827E+00   3.019827E+00   1.785771E+00   4.654293E+00   3.523360E+00   2.741146E+00         5
   3.650561E+01   3.650561E+01   7.797168E+00   3.019827E+00   3.019827E+00   1.786549E+00   4.654965E+00   3.523294E+00   2.741482E+00         5
   3.650573E+01   3.650573E+01   7.796952E+00   3.019827E+00   3.019827E+00   1.787327E+00   4.655637E+00   3.523228E+00   2.741818E+00         5
   3.650585E+01   3.650585E+01   7.796735E+00   3.019827E+00   3.019827E+00   1.788106E+00   4.656309E+00   3.523163E+00   2.742154E+00         5
   3.650597E+01   3.650597E+01   7.796518E+00   3.019827E+00   3.019827E+00   1.788892E+00   4.656980E+00   3.523096E+00   2.742490E+00         5
   3.650609E+01   3.650609E+01   7.796299E+00   3.019827E+00   3.019827E+00   1.789734E+00   4.657645E+00   3.523027E+00   2.742823E+00         5
   3.650621E+01   3.650621E+01   7.796081E+00   3.019827E+00   3.019827E+00   1.790575E+00   4.658311E+00   3.522958E+00   2.743155E+00         5
   3.650633E+01   3.650633E+01   7.795862E+00   3.019827E+00   3.019827E+00   1.791416E+00   4.658976E+00   3.522889E+00   2.743488E+00         5
   3.650645E+01   3.650645E+01   7.795642E+00   3.019827E+00   3.019827E+00   1.792331E+00   4.659637E+00   3.522821E+00   2.743819E+00         5
   3.650658E+01   3.650658E+01   7.795420E+00   3.019827E+00   3.019827E+00   1.793359E+00   4.660292E+00   3.522753E+00   2.744146E+00         5
   3.650670E+01   3.650670E+01   7.795199E+00   3.019827E+00   3.019827E+00   1.794388E+00   4.660946E+00   3.522685E+00   2.744473E+00         5
   3.650682E+01   3.650682E+01   7.794978E+00   3.019827E+00   3.019827E+00   1.795416E+00   4.661601E+00   3.522617E+00   2.744800E+00         5
   3.650694E+01   3.650694E+01   7.794755E+00   3.019827E+00   3.019827E+00   1.796394E+00   4.662252E+00   3.522555E+00   2.745126E+00         5
   3.650706E+01   3.650706E+01   7.794531E+00   3.019827E+00   3.019827E+00   1.797361E+00   4.662901E+00   3.522493E+00   2.745451E+00         5
   3.650718E+01   3.650718E+01   7.794308E+00   3.019827E+00   3.019827E+00   1.798328E+00   4.663551E+00   3.522432E+00   2.745776E+00         5
   3.650730E+01   3.650730E+01   7.794083E+00   3.019827E+00   3.019827E+00   1.799284E+00   4.664198E+00   3.522370E+00   2.746099E+00         5
   3.650742E+01   3.650742E+01   7.793857E+00   3.019827E+00   3.019827E+00   1.800225E+00   4.664839E+00   3.522307E+00   2.746420E+00         5
   3.650755E+01   3.650755E+01   7.793632E+00   3.019827E+00   3.019827E+00   1.801165E+00   4.665481E+00   3.522245E+00   2.746740E+00         5
   3.650767E+01   3.650767E+01   7.793406E+00   3.019827E+00   3.019827E+00   1.802121E+00   4.666121E+00   3.522182E+00   2.747060E+00         5
   3.650779E+01   3.650779E+01   7.793178E+00   3.019827E+00   3.019827E+00   1.803156E+00   4.666751E+00   3.522120E+00   2.747376E+00         5
   3.650791E+01   3.650791E+01   7.792950E+00   3.019827E+00   3.019827E+00   1.804190E+00   4.667382E+00   3.522058E+00   2.747691E+00         5
   3.650803E+01   3.650803E+01   7.792722E+00   3.019827E+00   3.019827E+00   1.805203E+00   4.668012E+00   3.521996E+00   2.748006E+00         5
   3.650815E+01   3.650815E+01   7.792493E+00   3.019827E+00   3.019827E+00   1.805977E+00   4.668629E+00   3.521938E+00   2.748315E+00         5
   3.650827E+01   3.650827E+01   7.792263E+00   3.019827E+00   3.019827E+00   1.806751E+00   4.669246E+00   3.521881E+00   2.748623E+00         5
   3.650839E+01   3.650839E+01   7.792033E+00   3.019827E+00   3.019827E+00   1.807530E+00   4.669863E+00   3.521822E+00   2.748932E+00         5
   3.650851E+01   3.650851E+01   7.791802E+00   3.019827E+00   3.019827E+00   1.808336E+00   4.670476E+00   3.521760E+00   2.749238E+00         5
   3.650864E+01   3.650864E+01   7.791570E+00   3.019827E+00   3.019827E+00   1.809143E+00   4.671088E+00   3.521698E+00   2.749544E+00         5
   3.650876E+01   3.650876E+01   7.791338E+00   3.019827E+00   3.019827E+00   1.810035E+00   4.671695E+00   3.521637E+00   2.749848E+00         5
   3.650888E+01   3.650888E+01   7.791105E+00   3.019827E+00   3.019827E+00   1.811087E+00   4.672291E+00   3.521579E+00   2.750146E+00         5
   3.650900E+01   3.650900E+01   7.790872E+00   3.019827E+00   3.019827E+00   1.812138E+00   4.672888E+00   3.521520E+00   2.750444E+00         5
   3.650912E+01   3.650912E+01   7.790637E+00   3.019831E+00   3.019831E+00   1.813241E+00   4.673479E+00   3.521459E+00   2.750739E+00         5
   3.650924E+01   3.650924E+01   7.790402E+00   3.019836E+00   3.019836E+00   1.814367E+00   4.674068E+00   3.521397E+00   2.751034E+00         5
   3.650936E+01   3.650936E+01   7.790167E+00   3.019842E+00   3.019842E+00   1.815469E+00   4.674656E+00   3.521336E+00   2.751328E+00         5
   3.650948E+01   3.650948E+01   7.789930E+00   3.019847E+00   3.019847E+00   1.816398E+00   4.675241E+00   3.521277E+00   2.751620E+00         5
   3.650961E+01   3.650961E+01   7.789693E+00   3.019852E+00   3.019852E+00   1.817327E+00   4.675825E+00   3.521219E+00   2.751913E+00         5
   3.650973E+01   3.650973E+01   7.789454E+00   3.019853E+00   3.019853E+00   1.818187E+00   4.676386E+00   3.521161E+00   2.752193E+00         5
   3.650985E+01   3.650985E+01   7.789215E+00   3.019853E+00   3.019853E+00   1.819015E+00   4.676935E+00   3.521104E+00   2.752467E+00         5
   3.650997E+01   3.650997E+01   7.788975E+00   3.019853E+00   3.019853E+00   1.819879E+00   4.677486E+00   3.521047E+00   2.752743E+00         5
   3.651009E+01   3.651009E+01   7.788734E+00   3.019853E+00   3.019853E+00   1.820841E+00   4.678041E+00   3.520991E+00   2.753021E+00         5
   3.651021E+01   3.651021E+01   7.788493E+00   3.019853E+00   3.019853E+00   1.821802E+00   4.678597E+00   3.520936E+00   2.753299E+00         5
   3.651033E+01   3.651033E+01   7.788256E+00   3.019853E+00   3.019853E+00   1.822526E+00   4.679125E+00   3.520880E+00   2.753562E+00         5
   3.651045E+01   3.651045E+01   7.788020E+00   3.019853E+00   3.019853E+00   1.823202E+00   4.679646E+00   3.520825E+00   2.753823E+00         5
   3.651058E+01   3.651058E+01   7.787785E+00   3.019853E+00   3.019853E+00   1.823928E+00   4.680161E+00   3.520770E+00   2.754081E+00         5
   3.651070E+01   3.651070E+01   7.787556E+00   3.019853E+00   3.019853E+00   1.824949E+00   4.680641E+00   3.520718E+00   2.754320E+00         5
   3.651082E+01   3.651082E+01   7.787327E+00   3.019853E+00   3.019853E+00   1.825970E+00   4.681120E+00   3.520666E+00   2.754560E+00         5
   3.651094E+01   3.651094E+01   7.787103E+00   3.019853E+00   3.019853E+00   1.826935E+00   4.681584E+00   3.520624E+00   2.754792E+00         5
   3.651106E+01   3.651106E+01   7.786883E+00   3.019853E+00   3.019853E+00   1.827855E+00   4.682035E+00   3.520592E+00   2.755018E+00         5
   3.651118E+01   3.651118E+01   7.786658E+00   3.019853E+00   3.019853E+00   1.828473E+00   4.682409E+00   3.520561E+00   2.755205E+00         5
   3.651130E+01   3.651130E+01   7.786426E+00   3.019853E+00   3.019853E+00   1.829207E+00   4.682788E+00   3.520522E+00   2.755394E+00         5
   3.651142E+01   3.651142E+01   7.786191E+00   3.019853E+00   3.019853E+00   1.829726E+00   4.683233E+00   3.520476E+00   2.755617E+00         5
   3.651155E+01   3.651155E+01   7.785954E+00   3.019853E+00   3.019853E+00   1.830282E+00   4.683788E+00   3.520424E+00   2.755894E+00         5
   3.651167E+01   3.651167E+01   7.785715E+00   3.019853E+00   3.019853E+00   1.831051E+00   4.684435E+00   3.520365E+00   2.756217E+00         5
   3.651179E+01   3.651179E+01   7.785475E+00   3.019853E+00   3.019853E+00   1.831526E+00   4.685311E+00   3.520278E+00   2.756655E+00         5
   3.651191E+01   3.651191E+01   7.785235E+00   3.019853E+00   3.019853E+00   1.831977E+00   4.686206E+00   3.520189E+00   2.757103E+00         5
   3.651203E+01   3.651203E+01   7.784992E+00   3.019853E+00   3.019853E+00   1.832472E+00   4.687273E+00   3.520084E+00   2.757636E+00         5
   3.651215E+01   3.651215E+01   7.784749E+00   3.019853E+00   3.019853E+00   1.832992E+00   4.688437E+00   3.519969E+00   2.758219E+00         5
   3.651227E+01   3.651227E+01   7.784506E+00   3.019853E+00   3.019853E+00   1.833512E+00   4.689602E+00   3.519855E+00   2.758801E+00         5
   3.651239E+01   3.651239E+01   7.784262E+00   3.019853E+00   3.019853E+00   1.834034E+00   4.690824E+00   3.519736E+00   2.759412E+00         5
   3.651251E+01   3.651251E+01   7.784013E+00   3.019853E+00   3.019853E+00   1.834559E+00   4.692265E+00   3.519598E+00   2.760132E+00         5
   3.651264E+01   3.651264E+01   7.783765E+00   3.019853E+00   3.019853E+00   1.835085E+00   4.693706E+00   3.519461E+00   2.760853E+00         5
   3.651276E+01   3.651276E+01   7.783516E+00   3.019853E+00   3.019853E+00   1.835611E+00   4.695146E+00   3.519324E+00   2.761573E+00         5
   3.651288E+01   3.651288E+01   7.783268E+00   3.019853E+00   3.019853E+00   1.836137E+00   4.696587E+00   3.519187E+00   2.762294E+00         5
   3.651300E+01   3.651300E+01   7.783013E+00   3.019853E+00   3.019853E+00   1.836727E+00   4.698112E+00   3.519039E+00   2.763056E+00         5
   3.651312E+01   3.651312E+01   7.782756E+00   3.019853E+00   3.019853E+00   1.837337E+00   4.699663E+00   3.518886E+00   2.763831E+00         5
   3.651324E+01   3.651324E+01   7.782499E+00   3.019853E+00   3.019853E+00   1.837948E+00   4.701214E+00   3.518734E+00   2.764607E+00         5
   3.651336E+01   3.651336E+01   7.782242E+00   3.019853E+00   3.019853E+00   1.838558E+00   4.702765E+00   3.518582E+00   2.765382E+00         5
   3.651348E+01   3.651348E+01   7.781985E+00   3.019853E+00   3.019853E+00   1.839169E+00   4.704316E+00   3.518430E+00   2.766158E+00         5
   3.651361E+01   3.651361E+01   7.781719E+00   3.019839E+00   3.019839E+00   1.839745E+00   4.705723E+00   3.518292E+00   2.766862E+00         5
   3.651373E+01   3.651373E+01   7.781451E+00   3.019823E+00   3.019823E+00   1.840316E+00   4.707108E+00   3.518157E+00   2.767554E+00         5
   3.651385E+01   3.651385E+01   7.781183E+00   3.019806E+00   3.019806E+00   1.840887E+00   4.708493E+00   3.518021E+00   2.768246E+00         5
   3.651397E+01   3.651397E+01   7.780916E+00   3.019790E+00   3.019790E+00   1.841458E+00   4.709877E+00   3.517886E+00   2.768939E+00         5
   3.651409E+01   3.651409E+01   7.780648E+00   3.019774E+00   3.019774E+00   1.842029E+00   4.711262E+00   3.517750E+00   2.769631E+00         5
   3.651421E+01   3.651421E+01   7.780378E+00   3.019759E+00   3.019759E+00   1.842608E+00   4.712607E+00   3.517618E+00   2.770304E+00         5
   3.651433E+01   3.651433E+01   7.780090E+00   3.019759E+00   3.019759E+00   1.843254E+00   4.713601E+00   3.517522E+00   2.770800E+00         5
   3.651445E+01   3.651445E+01   7.779803E+00   3.019759E+00   3.019759E+00   1.843900E+00   4.714594E+00   3.517425E+00   2.771297E+00         5
   3.651458E+01   3.651458E+01   7.779515E+00   3.019759E+00   3.019759E+00   1.844546E+00   4.715588E+00   3.517328E+00   2.771794E+00         5
   3.651470E+01   3.651470E+01   7.779227E+00   3.019759E+00   3.019759E+00   1.845193E+00   4.716581E+00   3.517232E+00   2.772291E+00         5
   3.651482E+01   3.651482E+01   7.778939E+00   3.019759E+00   3.019759E+00   1.845839E+00   4.717574E+00   3.517135E+00   2.772787E+00         5
   3.651494E+01   3.651494E+01   7.778651E+00   3.019759E+00   3.019759E+00   1.846485E+00   4.718568E+00   3.517038E+00   2.773284E+00         5
   3.651506E+01   3.651506E+01   7.778364E+00   3.019759E+00   3.019759E+00   1.847131E+00   4.719561E+00   3.516942E+00   2.773781E+00         5
   3.651518E+01   3.651518E+01   7.778076E+00   3.019759E+00   3.019759E+00   1.847777E+00   4.720555E+00   3.516845E+00   2.774277E+00         5
   3.651530E+01   3.651530E+01   7.777768E+00   3.019759E+00   3.019759E+00   1.848386E+00   4.720959E+00   3.516805E+00   2.774479E+00         5
   3.651542E+01   3.651542E+01   7.777458E+00   3.019759E+00   3.019759E+00   1.848990E+00   4.721303E+00   3.516771E+00   2.774652E+00         5
   3.651554E+01   3.651554E+01   7.777148E+00   3.019759E+00   3.019759E+00   1.849595E+00   4.721648E+00   3.516737E+00   2.774824E+00         5
   3.651567E+01   3.651567E+01   7.776838E+00   3.019759E+00   3.019759E+00   1.850199E+00   4.721992E+00   3.516703E+00   2.774996E+00         5
   3.651579E+01   3.651579E+01   7.776528E+00   3.019759E+00   3.019759E+00   1.850804E+00   4.722337E+00   3.516670E+00   2.775168E+00         5
   3.651591E+01   3.651591E+01   7.776218E+00   3.019759E+00   3.019759E+00   1.851409E+00   4.722681E+00   3.516636E+00   2.775341E+00         5
   3.651603E+01   3.651603E+01   7.775908E+00   3.019759E+00   3.019759E+00   1.852013E+00   4.723026E+00   3.516602E+00   2.775513E+00         5
   3.651615E+01   3.651615E+01   7.775598E+00   3.019759E+00   3.019759E+00   1.852618E+00   4.723371E+00   3.516568E+00   2.775685E+00         5
   3.651627E+01   3.651627E+01   7.775288E+00   3.019759E+00   3.019759E+00   1.853222E+00   4.723715E+00   3.516534E+00   2.775858E+00         5
   3.651639E+01   3.651639E+01   7.774978E+00   3.019759E+00   3.019759E+00   1.853827E+00   4.724060E+00   3.516500E+00   2.776030E+00         5
   3.651651E+01   3.651651E+01   7.774667E+00   3.019759E+00   3.019759E+00   1.854431E+00   4.724404E+00   3.516466E+00   2.776202E+00         5
   3.651664E+01   3.651664E+01   7.774357E+00   3.019759E+00   3.019759E+00   1.855036E+00   4.724749E+00   3.516432E+00   2.776374E+00         5
   3.651676E+01   3.651676E+01   7.774047E+00   3.019759E+00   3.019759E+00   1.855641E+00   4.725093E+00   3.516398E+00   2.776547E+00         5
   3.651688E+01   3.651688E+01   7.773737E+00   3.019759E+00   3.019759E+00   1.856245E+00   4.725438E+00   3.516364E+00   2.776719E+00         5
   3.651700E+01   3.651700E+01   7.773427E+00   3.019759E+00   3.019759E+00   1.856850E+00   4.725782E+00   3.516330E+00   2.776891E+00         5
   3.651712E+01   3.651712E+01   7.773117E+00   3.019759E+00   3.019759E+00   1.857454E+00   4.726127E+00   3.516296E+00   2.777064E+00         5
   3.651724E+01   3.651724E+01   7.772807E+00   3.019759E+00   3.019759E+00   1.858059E+00   4.726472E+00   3.516262E+00   2.777236E+00         5
   3.651736E+01   3.651736E+01   7.772497E+00   3.019759E+00   3.019759E+00   1.858663E+00   4.726816E+00   3.516228E+00   2.777408E+00         5
   3.651748E+01   3.651748E+01   7.772187E+00   3.019759E+00   3.019759E+00   1.859268E+00   4.727161E+00   3.516194E+00   2.777580E+00         5
   3.651761E+01   3.651761E+01   7.771877E+00   3.019759E+00   3.019759E+00   1.859873E+00   4.727505E+00   3.516160E+00   2.777753E+00         5
   3.651773E+01   3.651773E+01   7.771567E+00   3.019759E+00   3.019759E+00   1.860477E+00   4.727850E+00   3.516126E+00   2.777925E+00         5
   3.651785E+01   3.651785E+01   7.771251E+00   3.019742E+00   3.019742E+00   1.861105E+00   4.728078E+00   3.516102E+00   2.778039E+00         5
   3.651797E+01   3.651797E+01   7.770934E+00   3.019724E+00   3.019724E+00   1.861734E+00   4.728302E+00   3.516078E+00   2.778151E+00         5
   3.651809E+01   3.651809E+01   7.770618E+00   3.019706E+00   3.019706E+00   1.862363E+00   4.728525E+00   3.516054E+00   2.778262E+00         5
   3.651821E+01   3.651821E+01   7.770301E+00   3.019687E+00   3.019687E+00   1.862992E+00   4.728748E+00   3.516031E+00   2.778374E+00         5
   3.651833E+01   3.651833E+01   7.769985E+00   3.019669E+00   3.019669E+00   1.863621E+00   4.728971E+00   3.516007E+00   2.778486E+00         5
   3.651845E+01   3.651845E+01   7.769668E+00   3.019651E+00   3.019651E+00   1.864251E+00   4.729195E+00   3.515983E+00   2.778597E+00         5
   3.651857E+01   3.651857E+01   7.769352E+00   3.019633E+00   3.019633E+00   1.864880E+00   4.729418E+00   3.515959E+00   2.778709E+00         5
   3.651870E+01   3.651870E+01   7.769036E+00   3.019615E+00   3.019615E+00   1.865509E+00   4.729641E+00   3.515936E+00   2.778821E+00         5
   3.651882E+01   3.651882E+01   7.768719E+00   3.019597E+00   3.019597E+00   1.866138E+00   4.729864E+00   3.515912E+00   2.778932E+00         5
   3.651894E+01   3.651894E+01   7.768403E+00   3.019579E+00   3.019579E+00   1.866767E+00   4.730088E+00   3.515888E+00   2.779044E+00         5
   3.651906E+01   3.651906E+01   7.768086E+00   3.019561E+00   3.019561E+00   1.867396E+00   4.730311E+00   3.515864E+00   2.779155E+00         5
   3.651918E+01   3.651918E+01   7.767770E+00   3.019543E+00   3.019543E+00   1.868025E+00   4.730534E+00   3.515840E+00   2.779267E+00         5
   3.651930E+01   3.651930E+01   7.767453E+00   3.019525E+00   3.019525E+00   1.868654E+00   4.730757E+00   3.515817E+00   2.779379E+00         5
   3.651942E+01   3.651942E+01   7.767137E+00   3.019507E+00   3.019507E+00   1.869283E+00   4.730980E+00   3.515793E+00   2.779490E+00         5
   3.651954E+01   3.651954E+01   7.766817E+00   3.019517E+00   3.019517E+00   1.869914E+00   4.731174E+00   3.515774E+00   2.779587E+00         5
   3.651967E+01   3.651967E+01   7.766494E+00   3.019563E+00   3.019563E+00   1.870548E+00   4.731329E+00   3.515762E+00   2.779664E+00         5
   3.651979E+01   3.651979E+01   7.766170E+00   3.019609E+00   3.019609E+00   1.871181E+00   4.731484E+00   3.515750E+00   2.779742E+00         5
   3.651991E+01   3.651991E+01   7.765847E+00   3.019655E+00   3.019655E+00   1.871815E+00   4.731639E+00   3.515738E+00   2.779819E+00         5
   3.652003E+01   3.652003E+01   7.765524E+00   3.019701E+00   3.019701E+00   1.872448E+00   4.731794E+00   3.515726E+00   2.779897E+00         5
   3.652015E+01   3.652015E+01   7.765200E+00   3.019747E+00   3.019747E+00   1.873082E+00   4.731949E+00   3.515714E+00   2.779974E+00         5
   3.652027E+01   3.652027E+01   7.764877E+00   3.019792E+00   3.019792E+00   1.873715E+00   4.732104E+00   3.515702E+00   2.780052E+00         5
   3.652039E+01   3.652039E+01   7.764555E+00   3.019882E+00   3.019882E+00   1.874366E+00   4.732159E+00   3.515695E+00   2.780079E+00         5
   3.652051E+01   3.652051E+01   7.764233E+00   3.019977E+00   3.019977E+00   1.875019E+00   4.732202E+00   3.515690E+00   2.780101E+00         5
   3.652064E+01   3.652064E+01   7.763911E+00   3.020072E+00   3.020072E+00   1.875671E+00   4.732246E+00   3.515684E+00   2.780123E+00         5
   3.652076E+01   3.652076E+01   7.763588E+00   3.020182E+00   3.020182E+00   1.876364E+00   4.732223E+00   3.515687E+00   2.780111E+00         5
   3.652088E+01   3.652088E+01   7.763261E+00   3.020323E+00   3.020323E+00   1.877135E+00   4.732065E+00   3.515707E+00   2.780033E+00         5
   3.652100E+01   3.652100E+01   7.762932E+00   3.020490E+00   3.020490E+00   1.877868E+00   4.731794E+00   3.515736E+00   2.779897E+00         5
   3.652112E+01   3.652112E+01   7.762599E+00   3.020742E+00   3.020742E+00   1.878563E+00   4.731052E+00   3.515806E+00   2.779526E+00         5
   3.652124E+01   0.000000E+00   1.361063E+00   1.361063E+00   3.021105E+00   1.879880E+00   3.907284E-01   6.287888E+00  -4.853872E+00        13
   3.752124E+01   1.000000E+00   1.361063E+00   1.361063E+00   3.021105E+00   1.879880E+00  -1.609272E+00   5.787888E+00  -4.853872E+00        13
   3.852124E+01   3.000000E+00   1.361063E+00   1.361063E+00   3.021105E+00   1.879880E+00  -2.563514E+00   5.549327E+00  -4.853872E+00        13
   3.952124E+01   6.000000E+00   1.361063E+00   1.361063E+00   3.021105E+00   1.879880E+00  -3.165574E+00   5.398812E+00  -4.853872E+00        13
   4.052124E+01   1.000000E+01   1.361063E+00   1.361063E+00   3.021105E+00   1.879880E+00  -3.609272E+00   5.287888E+00  -4.853872E+00        13
   4.152124E+01   1.500000E+01   1.361063E+00   1.361063E+00   3.021105E+00   1.879880E+00  -3.961454E+00   5.199842E+00  -4.853872E+00        13
   4.252124E+01   2.100000E+01   1.361063E+00   1.361063E+00   3.021105E+00   1.879880E+00  -4.253710E+00   5.126778E+00  -4.853872E+00        13
   4.352124E+01   2.800000E+01   1.361063E+00   1.361063E+00   3.021105E+00   1.879880E+00  -4.503588E+00   5.064309E+00  -4.853872E+00        13
   4.452124E+01   3.600000E+01   1.361063E+00   1.361063E+00   3.021105E+00   1.879880E+00  -4.721877E+00   5.009736E+00  -4.853872E+00        13
   4.552124E+01   4.500000E+01   1.361063E+00   1.361063E+00   3.021105E+00   1.879880E+00  -4.915697E+00   4.961281E+00  -4.853872E+00        13
   4.652124E+01   5.500000E+01   1.361063E+00   1.361063E+00   3.021105E+00   1.879880E+00  -5.089997E+00   4.917706E+00  -4.853872E+00        13
   4.752124E+01   6.600000E+01   1.361063E+00   1.361063E+00   3.021105E+00   1.879880E+00  -5.248359E+00   4.878116E+00  -4.853872E+00        13
   4.852124E+01   7.800000E+01   1.361063E+00   1.361063E+00   3.021105E+00   1.879880E+00  -5.393461E+00   4.841840E+00  -4.853872E+00        13
   4.952124E+01   9.100000E+01   1.361063E+00   1.361063E+00   3.021105E+00   1.879880E+00  -5.527354E+00   4.808367E+00  -4.853872E+00        13
   5.052124E+01   1.050000E+02   1.361063E+00   1.361063E+00   3.021105E+00   1.879880E+00  -5.651650E+00   4.777293E+00  -4.853872E+00        13
   5.152124E+01   1.200000E+02   1.361063E+00   1.361063E+00   3.021105E+00   1.879880E+00  -5.767634E+00   4.748297E+00  -4.853872E+00        13
   5.252124E+01   1.360000E+02   1.361063E+00   1.361063E+00   3.021105E+00   1.879880E+00  -5.876349E+00   4.721118E+00  -4.853872E+00        13
   5.352124E+01   1.530000E+02   1.361063E+00   1.361063E+00   3.021105E+00   1.879880E+00  -5.978654E+00   4.695542E+00  -4.853872E+00        13
   5.452124E+01   1.710000E+02   1.361063E+00   1.361063E+00   3.021105E+00   1.879880E+00  -6.075264E+00   4.671390E+00  -4.853872E+00        13
   5.552124E+01   1.900000E+02   1.361063E+00   1.361063E+00   3.021105E+00   1.879880E+00  -6.166779E+00   4.648511E+00  -4.853872E+00        13
   5.652124E+01   2.100000E+02   1.361063E+00   1.361063E+00   3.021105E+00   1.879880E+00  -6.253710E+00   4.626778E+00  -4.853872E+00        13
   5.752124E+01   2.310000E+02   1.361063E+00   1.361063E+00   3.021105E+00   1.879880E+00  -6.336496E+00   4.606082E+00  -4.853872E+00        13
   5.852124E+01   2.530000E+02   1.361063E+00   1.361063E+00   3.021105E+00   1.879880E+00  -6.415513E+00   4.586327E+00  -4.853872E+00        13
   5.952124E+01   2.760000E+02   1.361063E+00   1.361063E+00   3.021105E+00   1.879880E+00  -6.491090E+00   4.567433E+00  -4.853872E+00        13
   6.052124E+01   3.000000E+02   1.361063E+00   1.361063E+00   3.021105E+00   1.879880E+00  -6.563514E+00   4.549327E+00  -4.853872E+00        13
   6.152124E+01   3.250000E+02   1.361063E+00   1.361063E+00   3.021105E+00   1.879880E+00  -6.633038E+00   4.531946E+00  -4.853872E+00        13
   6.252124E+01   3.510000E+02   1.361063E+00   1.361063E+00   3.021105E+00   1.879880E+00  -6.699886E+00   4.515234E+00  -4.853872E+00        13
   6.352124E+01   3.780000E+02   1.361063E+00   1.361063E+00   3.021105E+00   1.879880E+00  -6.764255E+00   4.499142E+00  -4.853872E+00        13
   6.452124E+01   4.060000E+02   1.361063E+00   1.361063E+00   3.021105E+00   1.879880E+00  -6.826324E+00   4.483625E+00  -4.853872E+00        13
   6.552124E+01   4.350000E+02   1.361063E+00   1.361063E+00   3.021105E+00   1.879880E+00  -6.886250E+00   4.468643E+00  -4.853872E+00        13
   6.652124E+01   4.650000E+02   1.361063E+00   1.361063E+00   3.021105E+00   1.879880E+00  -6.944177E+00   4.454161E+00  -4.853872E+00        13
   6.752124E+01   4.960000E+02   1.361063E+00   1.361063E+00   3.021105E+00   1.879880E+00  -7.000235E+00   4.440147E+00  -4.853872E+00        13
   6.852124E+01   5.280000E+02   1.361063E+00   1.361063E+00   3.021105E+00   1.879880E+00  -7.054539E+00   4.426571E+00  -4.853872E+00        13
   6.952124E+01   5.610000E+02   1.361063E+00   1.361063E+00   3.021105E+00   1.879880E+00  -7.107197E+00   4.413406E+00  -4.853872E+00        13
   7.052124E+01   5.950000E+02   1.361063E+00   1.361063E+00   3.021105E+00   1.879880E+00  -7.158306E+00   4.400629E+00  -4.853872E+00        13
   7.152124E+01   6.300000E+02   1.361063E+00   1.361063E+00   3.021105E+00   1.879880E+00  -7.207953E+00   4.388217E+00  -4.853872E+00        13
   7.252124E+01   6.660000E+02   1.361063E+00   1.361063E+00   3.021105E+00   1.879880E+00  -7.256220E+00   4.376151E+00  -4.853872E+00        13
   7.352124E+01   7.030000E+02   1.361063E+00   1.361063E+00   3.021105E+00   1.879880E+00  -7.303182E+00   4.364410E+00  -4.853872E+00        13
   7.452124E+01   7.410000E+02   1.361063E+00   1.361063E+00   3.021105E+00   1.879880E+00  -7.348908E+00   4.352979E+00  -4.853872E+00        13
   7.552124E+01   7.800000E+02   1.361063E+00   1.361063E+00   3.021105E+00   1.879880E+00  -7.393461E+00   4.341840E+00  -4.853872E+00        13
   7.652124E+01   8.200000E+02   1.361063E+00   1.361063E+00   3.021105E+00   1.879880E+00  -7.436899E+00   4.330981E+00  -4.853872E+00        13
   7.752124E+01   8.610000E+02   1.361063E+00   1.361063E+00   3.021105E+00   1.879880E+00  -7.479278E+00   4.320386E+00  -4.853872E+00        13
   7.852124E+01   9.030000E+02   1.361063E+00   1.361063E+00   3.021105E+00   1.879880E+00  -7.520647E+00   4.310044E+00  -4.853872E+00        13
   7.952124E+01   9.460000E+02   1.361063E+00   1.361063E+00   3.021105E+00   1.879880E+00  -7.561054E+00   4.299942E+00  -4.853872E+00        13
   8.052124E+01   9.900000E+02   1.361063E+00   1.361063E+00   3.021105E+00   1.879880E+00  -7.600542E+00   4.290070E+00  -4.853872E+00        13
   8.152124E+01   1.035000E+03   1.361063E+00   1.361063E+00   3.021105E+00   1.879880E+00  -7.639152E+00   4.280418E+00  -4.853872E+00        13
   8.252124E+01   1.081000E+03   1.361063E+00   1.361063E+00   3.021105E+00   1.879880E+00  -7.676923E+00   4.270975E+00  -4.853872E+00        13
   8.352124E+01   1.128000E+03   1.361063E+00   1.361063E+00   3.021105E+00   1.879880E+00  -7.713890E+00   4.261733E+00  -4.853872E+00        13
   8.452124E+01   1.176000E+03   1.361063E+00   1.361063E+00   3.021105E+00   1.879880E+00  -7.750086E+00   4.252684E+00  -4.853872E+00        13
   8.552124E+01   1.225000E+03   1.361063E+00   1.361063E+00   3.021105E+00   1.879880E+00  -7.785544E+00   4.243820E+00  -4.853872E+00        13
   8.652124E+01   1.275000E+03   1.361063E+00   1.361063E+00   3.021105E+00   1.879880E+00  -7.820292E+00   4.235133E+00  -4.853872E+00        13
   8.752124E+01   1.326000E+03   1.361063E+00   1.361063E+00   3.021105E+00   1.879880E+00  -7.854359E+00   4.226616E+00  -4.853872E+00        13
   8.852124E+01   1.378000E+03   1.361063E+00   1.361063E+00   3.021105E+00   1.879880E+00  -7.887770E+00   4.218263E+00  -4.853872E+00        13
   8.952124E+01   1.431000E+03   1.361063E+00   1.361063E+00   3.021105E+00   1.879880E+00  -7.920551E+00   4.210068E+00  -4.853872E+00        13
   9.052124E+01   1.485000E+03   1.361063E+00   1.361063E+00   3.021105E+00   1.879880E+00  -7.952724E+00   4.202024E+00  -4.853872E+00        13
   9.152124E+01   1.540000E+03   1.361063E+00   1.361063E+00   3.021105E+00   1.879880E+00  -7.984313E+00   4.194127E+00  -4.853872E+00        13
   9.252124E+01   1.596000E+03   1.361063E+00   1.361063E+00   3.021105E+00   1.879880E+00  -8.015337E+00   4.186371E+00  -4.853872E+00        13
   9.352124E+01   1.653000E+03   1.361063E+00   1.361063E+00   3.021105E+00   1.879880E+00  -8.045817E+00   4.178751E+00  -4.853872E+00        13
   9.452124E+01   1.711000E+03   1.361063E+00   1.361063E+00   3.021105E+00   1.879880E+00  -8.075772E+00   4.171263E+00  -4.853872E+00        13
   9.552124E+01   1.770000E+03   1.361063E+00   1.361063E+00   3.021105E+00   1.879880E+00  -8.105218E+00   4.163901E+00  -4.853872E+00        13
   9.652124E+01   1.830000E+03   1.361063E+00   1.361063E+00   3.021105E+00   1.879880E+00  -8.134174E+00   4.156662E+00  -4.853872E+00        13
   9.752124E+01   1.891000E+03   1.361063E+00   1.361063E+00   3.021105E+00   1.879880E+00  -8.162655E+00   4.149542E+00  -4.853872E+00        13
   9.852124E+01   1.953000E+03   1.361063E+00   1.361063E+00   3.021105E+00   1.879880E+00  -8.190676E+00   4.142537E+00  -4.853872E+00        13
   9.952124E+01   2.016000E+03   1.361063E+00   1.361063E+00   3.021105E+00   1.879880E+00  -8.218253E+00   4.135642E+00  -4.853872E+00        13
   1.005212E+02   2.080000E+03   1.361063E+00   1.361063E+00   3.021105E+00   1.879880E+00  -8.245398E+00   4.128856E+00  -4.853872E+00        13
   1.015212E+02   2.145000E+03   1.361063E+00   1.361063E+00   3.021105E+00   1.879880E+00  -8.272126E+00   4.122174E+00  -4.853872E+00        13
   1.025212E+02   2.211000E+03   1.361063E+00   1.361063E+00   3.021105E+00   1.879880E+00  -8.298449E+00   4.115593E+00  -4.853872E+00        13
   1.035212E+02   2.278000E+03   1.361063E+00   1.361063E+00   3.021105E+00   1.879880E+00  -8.324379E+00   4.109111E+00  -4.853872E+00        13
   1.045212E+02   2.346000E+03   1.361063E+00   1.361063E+00   3.021105E+00   1.879880E+00  -8.349928E+00   4.102724E+00  -4.853872E+00        13
   1.055212E+02   2.415000E+03   1.361063E+00   1.361063E+00   3.021105E+00   1.879880E+00  -8.375106E+00   4.096429E+00  -4.853872E+00        13
   1.065212E+02   2.485000E+03   1.361063E+00   1.361063E+00   3.021105E+00   1.879880E+00  -8.399924E+00   4.090224E+00  -4.853872E+00        13
   1.075212E+02   2.556000E+03   1.361063E+00   1.361063E+00   3.021105E+00   1.879880E+00  -8.424393E+00   4.084107E+00  -4.853872E+00        13
   1.085212E+02   2.628000E+03   1.361063E+00   1.361063E+00   3.021105E+00   1.879880E+00  -8.448522E+00   4.078075E+00  -4.853872E+00        13
   1.095212E+02   2.701000E+03   1.361063E+00   1.361063E+00   3.021105E+00   1.879880E+00  -8.472321E+00   4.072125E+00  -4.853872E+00        13
   1.105212E+02   2.775000E+03   1.361063E+00   1.361063E+00   3.021105E+00   1.879880E+00  -8.495798E+00   4.066256E+00  -4.853872E+00        13
   1.115212E+02   2.850000E+03   1.361063E+00   1.361063E+00   3.021105E+00   1.879880E+00  -8.518961E+00   4.060465E+00  -4.853872E+00        13
   1.125212E+02   2.926000E+03   1.361063E+00   1.361063E+00   3.021105E+00   1.879880E+00  -8.541820E+00   4.054751E+00  -4.853872E+00        13
   1.135212E+02   3.003000E+03   1.361063E+00   1.361063E+00   3.021105E+00   1.879880E+00  -8.564382E+00   4.049110E+00  -4.853872E+00        13
   1.145212E+02   3.081000E+03   1.361063E+00   1.361063E+00   3.021105E+00   1.879880E+00  -8.586655E+00   4.043542E+00  -4.853872E+00        13
   1.155212E+02   3.160000E+03   1.361063E+00   1.361063E+00   3.021105E+00   1.879880E+00  -8.608646E+00   4.038044E+00  -4.853872E+00        13
   1.165212E+02   3.240000E+03   1.361063E+00   1.361063E+00   3.021105E+00   1.879880E+00  -8.630362E+00   4.032615E+00  -4.853872E+00        13
   1.175212E+02   3.321000E+03   1.361063E+00   1.361063E+00   3.021105E+00   1.879880E+00  -8.651809E+00   4.027253E+00  -4.853872E+00        13
   1.185212E+02   3.403000E+03   1.361063E+00   1.361063E+00   3.021105E+00   1.879880E+00  -8.672995E+00   4.021957E+00  -4.853872E+00        13
   1.195212E+02   3.486000E+03   1.361063E+00   1.361063E+00   3.021105E+00   1.879880E+00  -8.693926E+00   4.016724E+00  -4.853872E+00        13
   1.205212E+02   3.570000E+03   1.361063E+00   1.361063E+00   3.021105E+00   1.879880E+00  -8.714608E+00   4.011554E+00  -4.853872E+00        13
   1.215212E+02   3.655000E+03   1.361063E+00   1.361063E+00   3.021105E+00   1.879880E+00  -8.735046E+00   4.006444E+00  -4.853872E+00        13
   1.225212E+02   3.741000E+03   1.361063E+00   1.361063E+00   3.021105E+00   1.879880E+00  -8.755247E+00   4.001394E+00  -4.853872E+00        13
   1.235212E+02   3.828000E+03   1.361063E+00   1.361063E+00   3.021105E+00   1.879880E+00  -8.775215E+00   3.996402E+00  -4.853872E+00        13
   1.245212E+02   3.916000E+03   1.361063E+00   1.361063E+00   3.021105E+00   1.879880E+00  -8.794957E+00   3.991466E+00  -4.853872E+00        13
   1.255212E+02   4.005000E+03   1.361063E+00   1.361063E+00   3.021105E+00   1.879880E+00  -8.814477E+00   3.986586E+00  -4.853872E+00        13
   1.265212E+02   4.095000E+03   1.361063E+00   1.361063E+00   3.021105E+00   1.879880E+00  -8.833779E+00   3.981761E+00  -4.853872E+00        13
   1.275212E+02   4.186000E+03   1.361063E+00   1.361063E+00   3.021105E+00   1.879880E+00  -8.852870E+00   3.976988E+00  -4.853872E+00        13
   1.285212E+02   4.278000E+03   1.361063E+00   1.361063E+00   3.021105E+00   1.879880E+00  -8.871753E+00   3.972267E+00  -4.853872E+00        13
   1.295212E+02   4.371000E+03   1.361063E+00   1.361063E+00   3.021105E+00   1.879880E+00  -8.890433E+00   3.967597E+00  -4.853872E+00        13
   1.305212E+02   4.465000E+03   1.361063E+00   1.361063E+00   3.021105E+00   1.879880E+00  -8.908915E+00   3.962977E+00  -4.853872E+00        13
   1.315212E+02   4.560000E+03   1.361063E+00   1.361063E+00   3.021105E+00   1.879880E+00  -8.927201E+00   3.958405E+00  -4.853872E+00        13
   1.325212E+02   4.656000E+03   1.361063E+00   1.361063E+00   3.021105E+00   1.879880E+00  -8.945298E+00   3.953881E+00  -4.853872E+00        13
   1.335212E+02   4.753000E+03   1.361063E+00   1.361063E+00   3.021105E+00   1.879880E+00  -8.963207E+00   3.949404E+00  -4.853872E+00        13
   1.345212E+02   4.851000E+03   1.361063E+00   1.361063E+00   3.021105E+00   1.879880E+00  -8.980934E+00   3.944972E+00  -4.853872E+00        13
   1.355212E+02   4.950000E+03   1.361063E+00   1.361063E+00   3.021105E+00   1.879880E+00  -8.998482E+00   3.940585E+00  -4.853872E+00        13
   1.365212E+02   5.050000E+03   1.361063E+00   1.361063E+00   3.021105E+00   1.879880E+00  -9.015854E+00   3.936242E+00  -4.853872E+00        13
   1.375212E+02   5.151000E+03   1.361063E+00   1.361063E+00   3.021105E+00   1.879880E+00  -9.033055E+00   3.931942E+00  -4.853872E+00        13
   1.385212E+02   5.253000E+03   1.361063E+00   1.361063E+00   3.021105E+00   1.879880E+00  -9.050086E+00   3.927684E+00  -4.853872E+00        13
   1.395212E+02   5.356000E+03   1.361063E+00   1.361063E+00   3.021105E+00   1.879880E+00  -9.066953E+00   3.923467E+00  -4.853872E+00        13
   1.405212E+02   5.460000E+03   1.361063E+00   1.361063E+00   3.021105E+00   1.879880E+00  -9.083657E+00   3.919291E+00  -4.853872E+00        13
   1.415212E+02   5.565000E+03   1.361063E+00   1.361063E+00   3.021105E+00   1.879880E+00  -9.100202E+00   3.915155E+00  -4.853872E+00        13
   1.425212E+02   5.671000E+03   1.361063E+00   1.361063E+00   3.021105E+00   1.879880E+00  -9.116591E+00   3.911058E+00  -4.853872E+00        13
   1.435212E+02   5.778000E+03   1.361063E+00   1.361063E+00   3.021105E+00   1.879880E+00  -9.132827E+00   3.906999E+00  -4.853872E+00        13
   1.445212E+02   5.886000E+03   1.361063E+00   1.361063E+00   3.021105E+00   1.879880E+00  -9.148912E+00   3.902978E+00  -4.853872E+00        13
   1.455212E+02   5.995000E+03   1.361063E+00   1.361063E+00   3.021105E+00   1.879880E+00  -9.164850E+00   3.898993E+00  -4.853872E+00        13
   1.465212E+02   6.105000E+03   1.361063E+00   1.361063E+00   3.021105E+00   1.879880E+00  -9.180643E+00   3.895045E+00  -4.853872E+00        13
   1.475212E+02   6.216000E+03   1.361063E+00   1.361063E+00   3.021105E+00   1.879880E+00  -9.196294E+00   3.891132E+00  -4.853872E+00        13
   1.485212E+02   6.328000E+03   1.361063E+00   1.361063E+00   3.021105E+00   1.879880E+00  -9.211805E+00   3.887254E+00  -4.853872E+00        13
   1.495212E+02   6.441000E+03   1.361063E+00   1.361063E+00   3.021105E+00   1.879880E+00  -9.227178E+00   3.883411E+00  -4.853872E+00        13
   1.505212E+02   6.555000E+03   1.361063E+00   1.361063E+00   3.021105E+00   1.879880E+00  -9.242417E+00   3.879601E+00  -4.853872E+00        13
   1.515212E+02   6.670000E+03   1.361063E+00   1.361063E+00   3.021105E+00   1.879880E+00  -9.257523E+00   3.875825E+00  -4.853872E+00        13
   1.525212E+02   6.786000E+03   1.361063E+00   1.361063E+00   3.021105E+00   1.879880E+00  -9.272499E+00   3.872081E+00  -4.853872E+00        13
   1.535212E+02   6.903000E+03   1.361063E+00   1.361063E+00   3.021105E+00   1.879880E+00  -9.287347E+00   3.868369E+00  -4.853872E+00        13
   1.545212E+02   7.021000E+03   1.361063E+00   1.361063E+00   3.021105E+00   1.879880E+00  -9.302070E+00   3.864688E+00  -4.853872E+00        13
   1.555212E+02   7.140000E+03   1.361063E+00   1.361063E+00   3.021105E+00   1.879880E+00  -9.316668E+00   3.861039E+00  -4.853872E+00        13
   1.565212E+02   7.260000E+03   1.361063E+00   1.361063E+00   3.021105E+00   1.879880E+00  -9.331145E+00   3.857419E+00  -4.853872E+00        13
   1.575212E+02   7.381000E+03   1.361063E+00   1.361063E+00   3.021105E+00   1.879880E+00  -9.345502E+00   3.853830E+00  -4.853872E+00        13
   1.585212E+02   7.503000E+03   1.361063E+00   1.361063E+00   3.021105E+00   1.879880E+00  -9.359741E+00   3.850270E+00  -4.853872E+00        13
   1.595212E+02   7.626000E+03   1.361063E+00   1.361063E+00   3.021105E+00   1.879880E+00  -9.373865E+00   3.846739E+00  -4.853872E+00        13
   1.605212E+02   7.750000E+03   1.361063E+00   1.361063E+00   3.021105E+00   1.879880E+00  -9.387875E+00   3.843237E+00  -4.853872E+00        13
   1.615212E+02   7.875000E+03   1.361063E+00   1.361063E+00   3.021105E+00   1.879880E+00  -9.401773E+00   3.839762E+00  -4.853872E+00        13
   1.625212E+02   8.001000E+03   1.361063E+00   1.361063E+00   3.021105E+00   1.879880E+00  -9.415560E+00   3.836316E+00  -4.853872E+00        13
   1.635212E+02   8.128000E+03   1.361063E+00   1.361063E+00   3.021105E+00   1.879880E+00  -9.429239E+00   3.832896E+00  -4.853872E+00        13
   1.645212E+02   8.256000E+03   1.361063E+00   1.361063E+00   3.021105E+00   1.879880E+00  -9.442811E+00   3.829503E+00  -4.853872E+00        13
   1.655212E+02   8.385000E+03   1.361063E+00   1.361063E+00   3.021105E+00   1.879880E+00  -9.456278E+00   3.826136E+00  -4.853872E+00        13
   1.665212E+02   8.515000E+03   1.361063E+00   1.361063E+00   3.021105E+00   1.879880E+00  -9.469641E+00   3.822795E+00  -4.853872E+00        13
   1.675212E+02   8.646000E+03   1.361063E+00   1.361063E+00   3.021105E+00   1.879880E+00  -9.482902E+00   3.819480E+00  -4.853872E+00        13
   1.685212E+02   8.778000E+03   1.361063E+00   1.361063E+00   3.021105E+00   1.879880E+00  -9.496063E+00   3.816190E+00  -4.853872E+00        13
   1.695212E+02   8.911000E+03   1.361063E+00   1.361063E+00   3.021105E+00   1.879880E+00  -9.509124E+00   3.812924E+00  -4.853872E+00        13
   1.705212E+02   9.045000E+03   1.361063E+00   1.361063E+00   3.021105E+00   1.879880E+00  -9.522089E+00   3.809683E+00  -4.853872E+00        13
   1.715212E+02   9.180000E+03   1.361063E+00   1.361063E+00   3.021105E+00   1.879880E+00  -9.534957E+00   3.806466E+00  -4.853872E+00        13
   1.725212E+02   9.316000E+03   1.361063E+00   1.361063E+00   3.021105E+00   1.879880E+00  -9.547731E+00   3.803273E+00  -4.853872E+00        13
   1.735212E+02   9.453000E+03   1.361063E+00   1.361063E+00   3.021105E+00   1.879880E+00  -9.560411E+00   3.800103E+00  -4.853872E+00        13
   1.745212E+02   9.591000E+03   1.361063E+00   1.361063E+00   3.021105E+00   1.879880E+00  -9.572999E+00   3.796956E+00  -4.853872E+00        13
   1.755212E+02   9.730000E+03   1.361063E+00   1.361063E+00   3.021105E+00   1.879880E+00  -9.585497E+00   3.793831E+00  -4.853872E+00        13
   1.765212E+02   9.870000E+03   1.361063E+00   1.361063E+00   3.021105E+00   1.879880E+00  -9.597906E+00   3.790729E+00  -4.853872E+00        13
   1.775212E+02   1.001100E+04   1.361063E+00   1.361063E+00   3.021105E+00   1.879880E+00  -9.610227E+00   3.787649E+00  -4.853872E+00        13
   1.785212E+02   1.015300E+04   1.361063E+00   1.361063E+00   3.021105E+00   1.879880E+00  -9.622460E+00   3.784591E+00  -4.853872E+00        13
   1.795212E+02   1.029600E+04   1.361063E+00   1.361063E+00   3.021105E+00   1.879880E+00  -9.634609E+00   3.781553E+00  -4.853872E+00        13
   1.805212E+02   1.044000E+04   1.361063E+00   1.361063E+00   3.021105E+00   1.879880E+00  -9.646673E+00   3.778537E+00  -4.853872E+00        13
   1.815212E+02   1.058500E+04   1.361063E+00   1.361063E+00   3.021105E+00   1.879880E+00  -9.658653E+00   3.775542E+00  -4.853872E+00        13
   1.825212E+02   1.073100E+04   1.361063E+00   1.361063E+00   3.021105E+00   1.879880E+00  -9.670552E+00   3.772568E+00  -4.853872E+00        13
   1.835212E+02   1.087800E+04   1.361063E+00   1.361063E+00   3.021105E+00   1.879880E+00  -9.682370E+00   3.769613E+00  -4.853872E+00        13
   1.845212E+02   1.102600E+04   1.361063E+00   1.361063E+00   3.021105E+00   1.879880E+00  -9.694108E+00   3.766679E+00  -4.853872E+00        13
   1.855212E+02   1.117500E+04   1.361063E+00   1.361063E+00   3.021105E+00   1.879880E+00  -9.705767E+00   3.763764E+00  -4.853872E+00        13
   1.865212E+02   1.132500E+04   1.361063E+00   1.361063E+00   3.021105E+00   1.879880E+00  -9.717348E+00   3.760869E+00  -4.853872E+00        13
   1.875212E+02   1.147600E+04   1.361063E+00   1.361063E+00   3.021105E+00   1.879880E+00  -9.728853E+00   3.757992E+00  -4.853872E+00        13
   1.885212E+02   1.162800E+04   1.361063E+00   1.361063E+00   3.021105E+00   1.879880E+00  -9.740282E+00   3.755135E+00  -4.853872E+00        13
   1.895212E+02   1.178100E+04   1.361063E+00   1.361063E+00   3.021105E+00   1.879880E+00  -9.751636E+00   3.752297E+00  -4.853872E+00        13
   1.905212E+02   1.193500E+04   1.361063E+00   1.361063E+00   3.021105E+00   1.879880E+00  -9.762916E+00   3.749476E+00  -4.853872E+00        13
   1.915212E+02   1.209000E+04   1.361063E+00   1.361063E+00   3.021105E+00   1.879880E+00  -9.774124E+00   3.746675E+00  -4.853872E+00        13
   1.925212E+02   1.224600E+04   1.361063E+00   1.361063E+00   3.021105E+00   1.879880E+00  -9.785260E+00   3.743891E+00  -4.853872E+00        13
   1.935212E+02   1.240300E+04   1.361063E+00   1.361063E+00   3.021105E+00   1.879880E+00  -9.796325E+00   3.741124E+00  -4.853872E+00        13
   1.945212E+02   1.256100E+04   1.361063E+00   1.361063E+00   3.021105E+00   1.879880E+00  -9.807320E+00   3.738376E+00  -4.853872E+00        13
   1.955212E+02   1.272000E+04   1.361063E+00   1.361063E+00   3.021105E+00   1.879880E+00  -9.818246E+00   3.735644E+00  -4.853872E+00        13
   1.965212E+02   1.288000E+04   1.361063E+00   1.361063E+00   3.021105E+00   1.879880E+00  -9.829103E+00   3.732930E+00  -4.853872E+00        13
   1.975212E+02   1.304100E+04   1.361063E+00   1.361063E+00   3.021105E+00   1.879880E+00  -9.839893E+00   3.730232E+00  -4.853872E+00        13
   1.985212E+02   1.320300E+04   1.361063E+00   1.361063E+00   3.021105E+00   1.879880E+00  -9.850617E+00   3.727551E+00  -4.853872E+00        13
   1.995212E+02   1.336600E+04   1.361063E+00   1.361063E+00   3.021105E+00   1.879880E+00  -9.861275E+00   3.724887E+00  -4.853872E+00        13
   2.005212E+02   1.353000E+04   1.361063E+00   1.361063E+00   3.021105E+00   1.879880E+00  -9.871867E+00   3.722239E+00  -4.853872E+00        13
   2.015212E+02   1.369500E+04   1.361063E+00   1.361063E+00   3.021105E+00   1.879880E+00  -9.882396E+00   3.719607E+00  -4.853872E+00        13
   2.025212E+02   1.386100E+04   1.361063E+00   1.361063E+00   3.021105E+00   1.879880E+00  -9.892861E+00   3.716990E+00  -4.853872E+00        13
   2.035212E+02   1.402800E+04   1.361063E+00   1.361063E+00   3.021105E+00   1.879880E+00  -9.903263E+00   3.714390E+00  -4.853872E+00        13
   2.045212E+02   1.419600E+04   1.361063E+00   1.361063E+00   3.021105E+00   1.879880E+00  -9.913604E+00   3.711805E+00  -4.853872E+00        13
   2.055212E+02   1.436500E+04   1.361063E+00   1.361063E+00   3.021105E+00   1.879880E+00  -9.923883E+00   3.709235E+00  -4.853872E+00        13
   2.065212E+02   1.453500E+04   1.361063E+00   1.361063E+00   3.021105E+00   1.879880E+00  -9.934102E+00   3.706680E+00  -4.853872E+00        13
   2.075212E+02   1.470600E+04   1.361063E+00   1.361063E+00   3.021105E+00   1.879880E+00  -9.944261E+00   3.704140E+00  -4.853872E+00        13
   2.085212E+02   1.487800E+04   1.361063E+00   1.361063E+00   3.021105E+00   1.879880E+00  -9.954361E+00   3.701615E+00  -4.853872E+00        13
   2.095212E+02   1.505100E+04   1.361063E+00   1.361063E+00   3.021105E+00   1.879880E+00  -9.964402E+00   3.699105E+00  -4.853872E+00        13
   2.105212E+02   1.522500E+04   1.361063E+00   1.361063E+00   3.021105E+00   1.879880E+00  -9.974386E+00   3.696609E+00  -4.853872E+00        13
   2.115212E+02   1.540000E+04   1.361063E+00   1.361063E+00   3.021105E+00   1.879880E+00  -9.984313E+00   3.694127E+00  -4.853872E+00        13
   2.125212E+02   1.557600E+04   1.361063E+00   1.361063E+00   3.021105E+00   1.879880E+00  -9.994183E+00   3.691660E+00  -4.853872E+00        13
   2.135212E+02   1.575300E+04   1.361063E+00   1.361063E+00   3.021105E+00   1.879880E+00  -1.000400E+01   3.689206E+00  -4.853872E+00        13
   2.145212E+02   1.593100E+04   1.361063E+00   1.361063E+00   3.021105E+00   1.879880E+00  -1.001376E+01   3.686766E+00  -4.853872E+00        13
   2.155212E+02   1.611000E+04   1.361063E+00   1.361063E+00   3.021105E+00   1.879880E+00  -1.002346E+01   3.684340E+00  -4.853872E+00        13
   2.165212E+02   1.629000E+04   1.361063E+00   1.361063E+00   3.021105E+00   1.879880E+00  -1.003311E+01   3.681927E+00  -4.853872E+00        13
   2.175212E+02   1.647100E+04   1.361063E+00   1.361063E+00   3.021105E+00   1.879880E+00  -1.004271E+01   3.679528E+00  -4.853872E+00        13
   2.185212E+02   1.665300E+04   1.361063E+00   1.361063E+00   3.021105E+00   1.879880E+00  -1.005226E+01   3.677141E+00  -4.853872E+00        13
   2.195212E+02   1.683600E+04   1.361063E+00   1.361063E+00   3.021105E+00   1.879880E+00  -1.006175E+01   3.674768E+00  -4.853872E+00        13
   2.205212E+02   1.702000E+04   1.361063E+00   1.361063E+00   3.021105E+00   1.879880E+00  -1.007119E+01   3.672408E+00  -4.853872E+00        13
   2.215212E+02   1.720500E+04   1.361063E+00   1.361063E+00   3.021105E+00   1.879880E+00  -1.008058E+01   3.670060E+00  -4.853872E+00        13
   2.225212E+02   1.739100E+04   1.361063E+00   1.361063E+00   3.021105E+00   1.879880E+00  -1.008992E+01   3.667725E+00  -4.853872E+00        13
   2.235212E+02   1.757800E+04   1.361063E+00   1.361063E+00   3.021105E+00   1.879880E+00  -1.009921E+01   3.665403E+00  -4.853872E+00        13
   2.245212E+02   1.776600E+04   1.361063E+00   1.361063E+00   3.021105E+00   1.879880E+00  -1.010845E+01   3.663093E+00  -4.853872E+00        13
   2.255212E+02   1.795500E+04   1.361063E+00   1.361063E+00   3.021105E+00   1.879880E+00  -1.011764E+01   3.660795E+00  -4.853872E+00        13
   2.265212E+02   1.814500E+04   1.361063E+00   1.361063E+00   3.021105E+00   1.879880E+00  -1.012679E+01   3.658509E+00  -4.853872E+00        13
   2.275212E+02   1.833600E+04   1.361063E+00   1.361063E+00   3.021105E+00   1.879880E+00  -1.013588E+01   3.656235E+00  -4.853872E+00        13
   2.285212E+02   1.852800E+04   1.361063E+00   1.361063E+00   3.021105E+00   1.879880E+00  -1.014493E+01   3.653973E+00  -4.853872E+00        13
   2.295212E+02   1.872100E+04   1.361063E+00   1.361063E+00   3.021105E+00   1.879880E+00  -1.015393E+01   3.651723E+00  -4.853872E+00        13
   2.305212E+02   1.891500E+04   1.361063E+00   1.361063E+00   3.021105E+00   1.879880E+00  -1.016288E+01   3.649485E+00  -4.853872E+00        13
   2.315212E+02   1.911000E+04   1.361063E+00   1.361063E+00   3.021105E+00   1.879880E+00  -1.017179E+01   3.647257E+00  -4.853872E+00        13
   2.325212E+02   1.930600E+04   1.361063E+00   1.361063E+00   3.021105E+00   1.879880E+00  -1.018066E+01   3.645042E+00  -4.853872E+00        13
   2.335212E+02   1.950300E+04   1.361063E+00   1.361063E+00   3.021105E+00   1.879880E+00  -1.018947E+01   3.642837E+00  -4.853872E+00        13
   2.345212E+02   1.970100E+04   1.361063E+00   1.361063E+00   3.021105E+00   1.879880E+00  -1.019825E+01   3.640644E+00  -4.853872E+00        13
   2.355212E+02   1.990000E+04   1.361063E+00   1.361063E+00   3.021105E+00   1.879880E+00  -1.020698E+01   3.638461E+00  -4.853872E+00        13
   2.365212E+02   2.010000E+04   1.361063E+00   1.361063E+00   3.021105E+00   1.879880E+00  -1.021566E+01   3.636290E+00  -4.853872E+00        13
   2.375212E+02   2.030100E+04   1.361063E+00   1.361063E+00   3.021105E+00   1.879880E+00  -1.022431E+01   3.634129E+00  -4.853872E+00        13
   2.385212E+02   2.050300E+04   1.361063E+00   1.361063E+00   3.021105E+00   1.879880E+00  -1.023291E+01   3.631979E+00  -4.853872E+00        13
   2.395212E+02   2.070600E+04   1.361063E+00   1.361063E+00   3.021105E+00   1.879880E+00  -1.024146E+01   3.629840E+00  -4.853872E+00        13
   2.405212E+02   2.091000E+04   1.361063E+00   1.361063E+00   3.021105E+00   1.879880E+00  -1.024998E+01   3.627711E+00  -4.853872E+00        13
   2.415212E+02   2.111500E+04   1.361063E+00   1.361063E+00   3.021105E+00   1.879880E+00  -1.025845E+01   3.625592E+00  -4.853872E+00        13
   2.425212E+02   2.132100E+04   1.361063E+00   1.361063E+00   3.021105E+00   1.879880E+00  -1.026689E+01   3.623484E+00  -4.853872E+00        13
   2.435212E+02   2.152800E+04   1.361063E+00   1.361063E+00   3.021105E+00   1.879880E+00  -1.027528E+01   3.621386E+00  -4.853872E+00        13
   2.445212E+02   2.173600E+04   1.361063E+00   1.361063E+00   3.021105E+00   1.879880E+00  -1.028363E+01   3.619298E+00  -4.853872E+00        13
   2.455212E+02   2.194500E+04   1.361063E+00   1.361063E+00   3.021105E+00   1.879880E+00  -1.029194E+01   3.617220E+00  -4.853872E+00        13
   2.465212E+02   2.215500E+04   1.361063E+00   1.361063E+00   3.021105E+00   1.879880E+00  -1.030022E+01   3.615152E+00  -4.853872E+00        13
   2.475212E+02   2.236600E+04   1.361063E+00   1.361063E+00   3.021105E+00   1.879880E+00  -1.030845E+01   3.613094E+00  -4.853872E+00        13
   2.485212E+02   2.257800E+04   1.361063E+00   1.361063E+00   3.021105E+00   1.879880E+00  -1.031664E+01   3.611045E+00  -4.853872E+00        13
   2.495212E+02   2.279100E+04   1.361063E+00   1.361063E+00   3.021105E+00   1.879880E+00  -1.032480E+01   3.609006E+00  -4.853872E+00        13
   2.505212E+02   2.300500E+04   1.361063E+00   1.361063E+00   3.021105E+00   1.879880E+00  -1.033292E+01   3.606977E+00  -4.853872E+00        13
   2.515212E+02   2.322000E+04   1.361063E+00   1.361063E+00   3.021105E+00   1.879880E+00  -1.034100E+01   3.604957E+00  -4.853872E+00        13
   2.525212E+02   2.343600E+04   1.361063E+00   1.361063E+00   3.021105E+00   1.879880E+00  -1.034904E+01   3.602946E+00  -4.853872E+00        13
   2.535212E+02   2.365300E+04   1.361063E+00   1.361063E+00   3.021105E+00   1.879880E+00  -1.035704E+01   3.600945E+00  -4.853872E+00        13
   2.545212E+02   2.387100E+04   1.361063E+00   1.361063E+00   3.021105E+00   1.879880E+00  -1.036501E+01   3.598952E+00  -4.853872E+00        13
   2.555212E+02   2.409000E+04   1.361063E+00   1.361063E+00   3.021105E+00   1.879880E+00  -1.037295E+01   3.596969E+00  -4.853872E+00        13
   2.565212E+02   2.431000E+04   1.361063E+00   1.361063E+00   3.021105E+00   1.879880E+00  -1.038084E+01   3.594995E+00  -4.853872E+00        13
   2.575212E+02   2.453100E+04   1.361063E+00   1.361063E+00   3.021105E+00   1.879880E+00  -1.038870E+01   3.593030E+00  -4.853872E+00        13
   2.585212E+02   2.475300E+04   1.361063E+00   1.361063E+00   3.021105E+00   1.879880E+00  -1.039653E+01   3.591074E+00  -4.853872E+00        13
   2.595212E+02   2.497600E+04   1.361063E+00   1.361063E+00   3.021105E+00   1.879880E+00  -1.040432E+01   3.589126E+00  -4.853872E+00        13
   2.605212E+02   2.520000E+04   1.361063E+00   1.361063E+00   3.021105E+00   1.879880E+00  -1.041207E+01   3.587187E+00  -4.853872E+00        13
   2.615212E+02   2.542500E+04   1.361063E+00   1.361063E+00   3.021105E+00   1.879880E+00  -1.041979E+01   3.585257E+00  -4.853872E+00        13
   2.625212E+02   2.565100E+04   1.361063E+00   1.361063E+00   3.021105E+00   1.879880E+00  -1.042748E+01   3.583336E+00  -4.853872E+00        13
   2.635212E+02   2.587800E+04   1.361063E+00   1.361063E+00   3.021105E+00   1.879880E+00  -1.043513E+01   3.581422E+00  -4.853872E+00        13
   2.645212E+02   2.610600E+04   1.361063E+00   1.361063E+00   3.021105E+00   1.879880E+00  -1.044275E+01   3.579518E+00  -4.853872E+00        13
   2.655212E+02   2.633500E+04   1.361063E+00   1.361063E+00   3.021105E+00   1.879880E+00  -1.045034E+01   3.577621E+00  -4.853872E+00        13
   2.665212E+02   2.656500E+04   1.361063E+00   1.361063E+00   3.021105E+00   1.879880E+00  -1.045789E+01   3.575733E+00  -4.853872E+00        13
   2.675212E+02   2.679600E+04   1.361063E+00   1.361063E+00   3.021105E+00   1.879880E+00  -1.046541E+01   3.573853E+00  -4.853872E+00        13
   2.685212E+02   2.702800E+04   1.361063E+00   1.361063E+00   3.021105E+00   1.879880E+00  -1.047290E+01   3.571981E+00  -4.853872E+00        13
   2.695212E+02   2.726100E+04   1.361063E+00   1.361063E+00   3.021105E+00   1.879880E+00  -1.048036E+01   3.570117E+00  -4.853872E+00        13
   2.705212E+02   2.749500E+04   1.361063E+00   1.361063E+00   3.021105E+00   1.879880E+00  -1.048778E+01   3.568261E+00  -4.853872E+00        13
   2.715212E+02   2.773000E+04   1.361063E+00   1.361063E+00   3.021105E+00   1.879880E+00  -1.049517E+01   3.566413E+00  -4.853872E+00        13
   2.725212E+02   2.796600E+04   1.361063E+00   1.361063E+00   3.021105E+00   1.879880E+00  -1.050253E+01   3.564573E+00  -4.853872E+00        13
   2.735212E+02   2.820300E+04   1.361063E+00   1.361063E+00   3.021105E+00   1.879880E+00  -1.050986E+01   3.562740E+00  -4.853872E+00        13
   2.745212E+02   2.844100E+04   1.361063E+00   1.361063E+00   3.021105E+00   1.879880E+00  -1.051716E+01   3.560915E+00  -4.853872E+00        13
   2.755212E+02   2.868000E+04   1.361063E+00   1.361063E+00   3.021105E+00   1.879880E+00  -1.052443E+01   3.559098E+00  -4.853872E+00        13
   2.765212E+02   2.892000E+04   1.361063E+00   1.361063E+00   3.021105E+00   1.879880E+00  -1.053167E+01   3.557289E+00  -4.853872E+00        13
   2.775212E+02   2.916100E+04   1.361063E+00   1.361063E+00   3.021105E+00   1.879880E+00  -1.053888E+01   3.555486E+00  -4.853872E+00        13
   2.785212E+02   2.940300E+04   1.361063E+00   1.361063E+00   3.021105E+00   1.879880E+00  -1.054605E+01   3.553692E+00  -4.853872E+00        13
   2.795212E+02   2.964600E+04   1.361063E+00   1.361063E+00   3.021105E+00   1.879880E+00  -1.055320E+01   3.551905E+00  -4.853872E+00        13
   2.805212E+02   2.989000E+04   1.361063E+00   1.361063E+00   3.021105E+00   1.879880E+00  -1.056032E+01   3.550125E+00  -4.853872E+00        13
   2.815212E+02   3.013500E+04   1.361063E+00   1.361063E+00   3.021105E+00   1.879880E+00  -1.056741E+01   3.548352E+00  -4.853872E+00        13
   2.825212E+02   3.038100E+04   1.361063E+00   1.361063E+00   3.021105E+00   1.879880E+00  -1.057448E+01   3.546587E+00  -4.853872E+00        13
   2.835212E+02   3.062800E+04   1.361063E+00   1.361063E+00   3.021105E+00   1.879880E+00  -1.058151E+01   3.544828E+00  -4.853872E+00        13
   2.845212E+02   3.087600E+04   1.361063E+00   1.361063E+00   3.021105E+00   1.879880E+00  -1.058851E+01   3.543077E+00  -4.853872E+00        13
   2.855212E+02   3.112500E+04   1.361063E+00   1.361063E+00   3.021105E+00   1.879880E+00  -1.059549E+01   3.541333E+00  -4.853872E+00        13
   2.865212E+02   3.137500E+04   1.361063E+00   1.361063E+00   3.021105E+00   1.879880E+00  -1.060244E+01   3.539596E+00  -4.853872E+00        13
   2.875212E+02   3.162600E+04   1.361063E+00   1.361063E+00   3.021105E+00   1.879880E+00  -1.060936E+01   3.537866E+00  -4.853872E+00        13
   2.885212E+02   3.187800E+04   1.361063E+00   1.361063E+00   3.021105E+00   1.879880E+00  -1.061625E+01   3.536142E+00  -4.853872E+00        13
   2.895212E+02   3.213100E+04   1.361063E+00   1.361063E+00   3.021105E+00   1.879880E+00  -1.062312E+01   3.534426E+00  -4.853872E+00        13
   2.905212E+02   3.238500E+04   1.361063E+00   1.361063E+00   3.021105E+00   1.879880E+00  -1.062996E+01   3.532716E+00  -4.853872E+00        13
   2.915212E+02   3.264000E+04   1.361063E+00   1.361063E+00   3.021105E+00   1.879880E+00  -1.063677E+01   3.531013E+00  -4.853872E+00        13
   2.925212E+02   3.289600E+04   1.361063E+00   1.361063E+00   3.021105E+00   1.879880E+00  -1.064356E+01   3.529316E+00  -4.853872E+00        13
   2.935212E+02   3.315300E+04   1.361063E+00   1.361063E+00   3.021105E+00   1.879880E+00  -1.065032E+01   3.527626E+00  -4.853872E+00        13
   2.945212E+02   3.341100E+04   1.361063E+00   1.361063E+00   3.021105E+00   1.879880E+00  -1.065705E+01   3.525943E+00  -4.853872E+00        13
   2.955212E+02   3.367000E+04   1.361063E+00   1.361063E+00   3.021105E+00   1.879880E+00  -1.066376E+01   3.524266E+00  -4.853872E+00        13
   2.965212E+02   3.393000E+04   1.361063E+00   1.361063E+00   3.021105E+00   1.879880E+00  -1.067044E+01   3.522596E+00  -4.853872E+00        13
   2.975212E+02   3.419100E+04   1.361063E+00   1.361063E+00   3.021105E+00   1.879880E+00  -1.067710E+01   3.520932E+00  -4.853872E+00        13
   2.985212E+02   3.445300E+04   1.361063E+00   1.361063E+00   3.021105E+00   1.879880E+00  -1.068373E+01   3.519274E+00  -4.853872E+00        13
   2.995212E+02   3.471600E+04   1.361063E+00   1.361063E+00   3.021105E+00   1.879880E+00  -1.069033E+01   3.517623E+00  -4.853872E+00        13
   3.005212E+02   3.498000E+04   1.361063E+00   1.361063E+00   3.021105E+00   1.879880E+00  -1.069691E+01   3.515978E+00  -4.853872E+00        13
   3.015212E+02   3.524500E+04   1.361063E+00   1.361063E+00   3.021105E+00   1.879880E+00  -1.070347E+01   3.514339E+00  -4.853872E+00        13
   3.025212E+02   3.551100E+04   1.361063E+00   1.361063E+00   3.021105E+00   1.879880E+00  -1.071000E+01   3.512706E+00  -4.853872E+00        13
   3.035212E+02   3.577800E+04   1.361063E+00   1.361063E+00   3.021105E+00   1.879880E+00  -1.071650E+01   3.511080E+00  -4.853872E+00        13
   3.045212E+02   3.604600E+04   1.361063E+00   1.361063E+00   3.021105E+00   1.879880E+00  -1.072299E+01   3.509459E+00  -4.853872E+00        13
   3.055212E+02   3.631500E+04   1.361063E+00   1.361063E+00   3.021105E+00   1.879880E+00  -1.072944E+01   3.507845E+00  -4.853872E+00        13
   3.065212E+02   3.658500E+04   1.361063E+00   1.361063E+00   3.021105E+00   1.879880E+00  -1.073588E+01   3.506236E+00  -4.853872E+00        13
   3.075212E+02   3.685600E+04   1.361063E+00   1.361063E+00   3.021105E+00   1.879880E+00  -1.074229E+01   3.504634E+00  -4.853872E+00        13
   3.085212E+02   3.712800E+04   1.361063E+00   1.361063E+00   3.021105E+00   1.879880E+00  -1.074867E+01   3.503037E+00  -4.853872E+00        13
   3.095212E+02   3.740100E+04   1.361063E+00   1.361063E+00   3.021105E+00   1.879880E+00  -1.075504E+01   3.501446E+00  -4.853872E+00        13
   3.105212E+02   3.767500E+04   1.361063E+00   1.361063E+00   3.021105E+00   1.879880E+00  -1.076138E+01   3.499861E+00  -4.853872E+00        13
   3.115212E+02   3.795000E+04   1.361063E+00   1.361063E+00   3.021105E+00   1.879880E+00  -1.076770E+01   3.498282E+00  -4.853872E+00        13
   3.125212E+02   3.822600E+04   1.361063E+00   1.361063E+00   3.021105E+00   1.879880E+00  -1.077399E+01   3.496708E+00  -4.853872E+00        13
   3.135212E+02   3.850300E+04   1.361063E+00   1.361063E+00   3.021105E+00   1.879880E+00  -1.078026E+01   3.495140E+00  -4.853872E+00        13
   3.145212E+02   3.878100E+04   1.361063E+00   1.361063E+00   3.021105E+00   1.879880E+00  -1.078651E+01   3.493578E+00  -4.853872E+00        13
   3.155212E+02   3.906000E+04   1.361063E+00   1.361063E+00   3.021105E+00   1.879880E+00  -1.079274E+01   3.492022E+00  -4.853872E+00        13
   3.165212E+02   3.934000E+04   1.361063E+00   1.361063E+00   3.021105E+00   1.879880E+00  -1.079894E+01   3.490471E+00  -4.853872E+00        13
   3.175212E+02   3.962100E+04   1.361063E+00   1.361063E+00   3.021105E+00   1.879880E+00  -1.080512E+01   3.488925E+00  -4.853872E+00        13
   3.185212E+02   3.990300E+04   1.361063E+00   1.361063E+00   3.021105E+00   1.879880E+00  -1.081128E+01   3.487385E+00  -4.853872E+00        13
   3.195212E+02   4.018600E+04   1.361063E+00   1.361063E+00   3.021105E+00   1.879880E+00  -1.081742E+01   3.485850E+00  -4.853872E+00        13
   3.205212E+02   4.047000E+04   1.361063E+00   1.361063E+00   3.021105E+00   1.879880E+00  -1.082354E+01   3.484321E+00  -4.853872E+00        13
   3.215212E+02   4.075500E+04   1.361063E+00   1.361063E+00   3.021105E+00   1.879880E+00  -1.082963E+01   3.482797E+00  -4.853872E+00        13
   3.225212E+02   4.104100E+04   1.361063E+00   1.361063E+00   3.021105E+00   1.879880E+00  -1.083571E+01   3.481279E+00  -4.853872E+00        13
   3.235212E+02   4.132800E+04   1.361063E+00   1.361063E+00   3.021105E+00   1.879880E+00  -1.084176E+01   3.479766E+00  -4.853872E+00        13
   3.245212E+02   4.161600E+04   1.361063E+00   1.361063E+00   3.021105E+00   1.879880E+00  -1.084779E+01   3.478258E+00  -4.853872E+00        13
   3.255212E+02   4.190500E+04   1.361063E+00   1.361063E+00   3.021105E+00   1.879880E+00  -1.085380E+01   3.476755E+00  -4.853872E+00        13
   3.265212E+02   4.219500E+04   1.361063E+00   1.361063E+00   3.021105E+00   1.879880E+00  -1.085979E+01   3.475257E+00  -4.853872E+00        13
   3.275212E+02   4.248600E+04   1.361063E+00   1.361063E+00   3.021105E+00   1.879880E+00  -1.086576E+01   3.473765E+00  -4.853872E+00        13
   3.285212E+02   4.277800E+04   1.361063E+00   1.361063E+00   3.021105E+00   1.879880E+00  -1.087171E+01   3.472277E+00  -4.853872E+00        13
   3.295212E+02   4.307100E+04   1.361063E+00   1.361063E+00   3.021105E+00   1.879880E+00  -1.087764E+01   3.470795E+00  -4.853872E+00        13
   3.305212E+02   4.336500E+04   1.361063E+00   1.361063E+00   3.021105E+00   1.879880E+00  -1.088355E+01   3.469318E+00  -4.853872E+00        13
   3.315212E+02   4.366000E+04   1.361063E+00   1.361063E+00   3.021105E+00   1.879880E+00  -1.088944E+01   3.467846E+00  -4.853872E+00        13
   3.325212E+02   4.395600E+04   1.361063E+00   1.361063E+00   3.021105E+00   1.879880E+00  -1.089531E+01   3.466379E+00  -4.853872E+00        13
   3.335212E+02   4.425300E+04   1.361063E+00   1.361063E+00   3.021105E+00   1.879880E+00  -1.090116E+01   3.464916E+00  -4.853872E+00        13
   3.345212E+02   4.455100E+04   1.361063E+00   1.361063E+00   3.021105E+00   1.879880E+00  -1.090699E+01   3.463459E+00  -4.853872E+00        13
   3.355212E+02   4.485000E+04   1.361063E+00   1.361063E+00   3.021105E+00   1.879880E+00  -1.091280E+01   3.462006E+00  -4.853872E+00        13
   3.365212E+02   4.515000E+04   1.361063E+00   1.361063E+00   3.021105E+00   1.879880E+00  -1.091859E+01   3.460559E+00  -4.853872E+00        13
   3.375212E+02   4.545100E+04   1.361063E+00   1.361063E+00   3.021105E+00   1.879880E+00  -1.092436E+01   3.459116E+00  -4.853872E+00        13
   3.385212E+02   4.575300E+04   1.361063E+00   1.361063E+00   3.021105E+00   1.879880E+00  -1.093011E+01   3.457678E+00  -4.853872E+00        13
   3.395212E+02   4.605600E+04   1.361063E+00   1.361063E+00   3.021105E+00   1.879880E+00  -1.093584E+01   3.456245E+00  -4.853872E+00        13
   3.405212E+02   4.636000E+04   1.361063E+00   1.361063E+00   3.021105E+00   1.879880E+00  -1.094156E+01   3.454816E+00  -4.853872E+00        13
   3.415212E+02   4.666500E+04   1.361063E+00   1.361063E+00   3.021105E+00   1.879880E+00  -1.094725E+01   3.453392E+00  -4.853872E+00        13
   3.425212E+02   4.697100E+04   1.361063E+00   1.361063E+00   3.021105E+00   1.879880E+00  -1.095293E+01   3.451973E+00  -4.853872E+00        13
   3.435212E+02   4.727800E+04   1.361063E+00   1.361063E+00   3.021105E+00   1.879880E+00  -1.095859E+01   3.450558E+00  -4.853872E+00        13
   3.445212E+02   4.758600E+04   1.361063E+00   1.361063E+00   3.021105E+00   1.879880E+00  -1.096423E+01   3.449148E+00  -4.853872E+00        13
   3.455212E+02   4.789500E+04   1.361063E+00   1.361063E+00   3.021105E+00   1.879880E+00  -1.096985E+01   3.447743E+00  -4.853872E+00        13
   3.465212E+02   4.820500E+04   1.361063E+00   1.361063E+00   3.021105E+00   1.879880E+00  -1.097546E+01   3.446342E+00  -4.853872E+00        13
   3.475212E+02   4.851600E+04   1.361063E+00   1.361063E+00   3.021105E+00   1.879880E+00  -1.098104E+01   3.444945E+00  -4.853872E+00        13
   3.485212E+02   4.882800E+04   1.361063E+00   1.361063E+00   3.021105E+00   1.879880E+00  -1.098661E+01   3.443553E+00  -4.853872E+00        13
   3.495212E+02   4.914100E+04   1.361063E+00   1.361063E+00   3.021105E+00   1.879880E+00  -1.099216E+01   3.442166E+00  -4.853872E+00        13
   3.505212E+02   4.945500E+04   1.361063E+00   1.361063E+00   3.021105E+00   1.879880E+00  -1.099769E+01   3.440783E+00  -4.853872E+00        13
   3.515212E+02   4.977000E+04   1.361063E+00   1.361063E+00   3.021105E+00   1.879880E+00  -1.100321E+01   3.439404E+00  -4.853872E+00        13
   3.525212E+02   5.008600E+04   1.361063E+00   1.361063E+00   3.021105E+00   1.879880E+00  -1.100870E+01   3.438030E+00  -4.853872E+00        13
   3.535212E+02   5.040300E+04   1.361063E+00   1.361063E+00   3.021105E+00   1.879880E+00  -1.101418E+01   3.436660E+00  -4.853872E+00        13
   3.545212E+02   5.072100E+04   1.361063E+00   1.361063E+00   3.021105E+00   1.879880E+00  -1.101965E+01   3.435294E+00  -4.853872E+00        13
   3.555212E+02   5.104000E+04   1.361063E+00   1.361063E+00   3.021105E+00   1.879880E+00  -1.102509E+01   3.433932E+00  -4.853872E+00        13
   3.565212E+02   5.136000E+04   1.361063E+00   1.361063E+00   3.021105E+00   1.879880E+00  -1.103052E+01   3.432575E+00  -4.853872E+00        13
   3.575212E+02   5.168100E+04   1.361063E+00   1.361063E+00   3.021105E+00   1.879880E+00  -1.103593E+01   3.431222E+00  -4.853872E+00        13
   3.585212E+02   5.200300E+04   1.361063E+00   1.361063E+00   3.021105E+00   1.879880E+00  -1.104133E+01   3.429873E+00  -4.853872E+00        13
   3.595212E+02   5.232600E+04   1.361063E+00   1.361063E+00   3.021105E+00   1.879880E+00  -1.104671E+01   3.428529E+00  -4.853872E+00        13
   3.605212E+02   5.265000E+04   1.361063E+00   1.361063E+00   3.021105E+00   1.879880E+00  -1.105207E+01   3.427189E+00  -4.853872E+00        13
   3.615212E+02   5.297500E+04   1.361063E+00   1.361063E+00   3.021105E+00   1.879880E+00  -1.105741E+01   3.425852E+00  -4.853872E+00        13
   3.625212E+02   5.330100E+04   1.361063E+00   1.361063E+00   3.021105E+00   1.879880E+00  -1.106274E+01   3.424520E+00  -4.853872E+00        13
   3.635212E+02   5.362800E+04   1.361063E+00   1.361063E+00   3.021105E+00   1.879880E+00  -1.106805E+01   3.423192E+00  -4.853872E+00        13
   3.645212E+02   5.395600E+04   1.361063E+00   1.361063E+00   3.021105E+00   1.879880E+00  -1.107335E+01   3.421868E+00  -4.853872E+00        13
   3.655212E+02   5.428500E+04   1.361063E+00   1.361063E+00   3.021105E+00   1.879880E+00  -1.107863E+01   3.420548E+00  -4.853872E+00        13
   3.665212E+02   5.461500E+04   1.361063E+00   1.361063E+00   3.021105E+00   1.879880E+00  -1.108390E+01   3.419232E+00  -4.853872E+00        13
   3.675212E+02   5.494600E+04   1.361063E+00   1.361063E+00   3.021105E+00   1.879880E+00  -1.108914E+01   3.417920E+00  -4.853872E+00        13
   3.685212E+02   5.527800E+04   1.361063E+00   1.361063E+00   3.021105E+00   1.879880E+00  -1.109438E+01   3.416612E+00  -4.853872E+00        13
   3.695212E+02   5.561100E+04   1.361063E+00   1.361063E+00   3.021105E+00   1.879880E+00  -1.109959E+01   3.415307E+00  -4.853872E+00        13
   3.705212E+02   5.594500E+04   1.361063E+00   1.361063E+00   3.021105E+00   1.879880E+00  -1.110479E+01   3.414007E+00  -4.853872E+00        13
   3.715212E+02   5.628000E+04   1.361063E+00   1.361063E+00   3.021105E+00   1.879880E+00  -1.110998E+01   3.412711E+00  -4.853872E+00        13
   3.725212E+02   5.661600E+04   1.361063E+00   1.361063E+00   3.021105E+00   1.879880E+00  -1.111515E+01   3.411418E+00  -4.853872E+00        13
   3.735212E+02   5.695300E+04   1.361063E+00   1.361063E+00   3.021105E+00   1.879880E+00  -1.112030E+01   3.410129E+00  -4.853872E+00        13
   3.745212E+02   5.729100E+04   1.361063E+00   1.361063E+00   3.021105E+00   1.879880E+00  -1.112544E+01   3.408844E+00  -4.853872E+00        13
   3.755212E+02   5.763000E+04   1.361063E+00   1.361063E+00   3.021105E+00   1.879880E+00  -1.113057E+01   3.407563E+00  -4.853872E+00        13
   3.765212E+02   5.797000E+04   1.361063E+00   1.361063E+00   3.021105E+00   1.879880E+00  -1.113568E+01   3.406286E+00  -4.853872E+00        13
   3.775212E+02   5.831100E+04   1.361063E+00   1.361063E+00   3.021105E+00   1.879880E+00  -1.114077E+01   3.405012E+00  -4.853872E+00        13
   3.785212E+02   5.865300E+04   1.361063E+00   1.361063E+00   3.021105E+00   1.879880E+00  -1.114585E+01   3.403743E+00  -4.853872E+00        13
   3.795212E+02   5.899600E+04   1.361063E+00   1.361063E+00   3.021105E+00   1.879880E+00  -1.115092E+01   3.402476E+00  -4.853872E+00        13
   3.805212E+02   5.934000E+04   1.361063E+00   1.361063E+00   3.021105E+00   1.879880E+00  -1.115597E+01   3.401214E+00  -4.853872E+00        13
   3.815212E+02   5.968500E+04   1.361063E+00   1.361063E+00   3.021105E+00   1.879880E+00  -1.116100E+01   3.399955E+00  -4.853872E+00        13
   3.825212E+02   6.003100E+04   1.361063E+00   1.361063E+00   3.021105E+00   1.879880E+00  -1.116602E+01   3.398700E+00  -4.853872E+00        13
   3.835212E+02   6.037800E+04   1.361063E+00   1.361063E+00   3.021105E+00   1.879880E+00  -1.117103E+01   3.397448E+00  -4.853872E+00        13
   3.845212E+02   6.072600E+04   1.361063E+00   1.361063E+00   3.021105E+00   1.879880E+00  -1.117602E+01   3.396200E+00  -4.853872E+00        13
   3.855212E+02   6.107500E+04   1.361063E+00   1.361063E+00   3.021105E+00   1.879880E+00  -1.118100E+01   3.394956E+00  -4.853872E+00        13
   3.865212E+02   6.142500E+04   1.361063E+00   1.361063E+00   3.021105E+00   1.879880E+00  -1.118596E+01   3.393715E+00  -4.853872E+00        13
   3.875212E+02   6.177600E+04   1.361063E+00   1.361063E+00   3.021105E+00   1.879880E+00  -1.119091E+01   3.392478E+00  -4.853872E+00        13
   3.885212E+02   6.212800E+04   1.361063E+00   1.361063E+00   3.021105E+00   1.879880E+00  -1.119585E+01   3.391244E+00  -4.853872E+00        13
   3.895212E+02   6.248100E+04   1.361063E+00   1.361063E+00   3.021105E+00   1.879880E+00  -1.120077E+01   3.390014E+00  -4.853872E+00        13
   3.905212E+02   6.283500E+04   1.361063E+00   1.361063E+00   3.021105E+00   1.879880E+00  -1.120567E+01   3.388787E+00  -4.853872E+00        13
   3.915212E+02   6.319000E+04   1.361063E+00   1.361063E+00   3.021105E+00   1.879880E+00  -1.121057E+01   3.387564E+00  -4.853872E+00        13
   3.925212E+02   6.354600E+04   1.361063E+00   1.361063E+00   3.021105E+00   1.879880E+00  -1.121545E+01   3.386344E+00  -4.853872E+00        13
   3.935212E+02   6.390300E+04   1.361063E+00   1.361063E+00   3.021105E+00   1.879880E+00  -1.122031E+01   3.385127E+00  -4.853872E+00        13
   3.945212E+02   6.426100E+04   1.361063E+00   1.361063E+00   3.021105E+00   1.879880E+00  -1.122517E+01   3.383914E+00  -4.853872E+00        13
   3.955212E+02   6.462000E+04   1.361063E+00   1.361063E+00   3.021105E+00   1.879880E+00  -1.123001E+01   3.382704E+00  -4.853872E+00        13
   3.965212E+02   6.498000E+04   1.361063E+00   1.361063E+00   3.021105E+00   1.879880E+00  -1.123483E+01   3.381498E+00  -4.853872E+00        13
   3.975212E+02   6.534100E+04   1.361063E+00   1.361063E+00   3.021105E+00   1.879880E+00  -1.123964E+01   3.380295E+00  -4.853872E+00        13
   3.985212E+02   6.570300E+04   1.361063E+00   1.361063E+00   3.021105E+00   1.879880E+00  -1.124444E+01   3.379095E+00  -4.853872E+00        13
   3.995212E+02   6.606600E+04   1.361063E+00   1.361063E+00   3.021105E+00   1.879880E+00  -1.124923E+01   3.377899E+00  -4.853872E+00        13
   4.005212E+02   6.643000E+04   1.361063E+00   1.361063E+00   3.021105E+00   1.879880E+00  -1.125400E+01   3.376706E+00  -4.853872E+00        13
   4.015212E+02   6.679500E+04   1.361063E+00   1.361063E+00   3.021105E+00   1.879880E+00  -1.125876E+01   3.375516E+00  -4.853872E+00        13
   4.025212E+02   6.716100E+04   1.361063E+00   1.361063E+00   3.021105E+00   1.879880E+00  -1.126351E+01   3.374329E+00  -4.853872E+00        13
   4.035212E+02   6.752800E+04   1.361063E+00   1.361063E+00   3.021105E+00   1.879880E+00  -1.126824E+01   3.373146E+00  -4.853872E+00        13
   4.045212E+02   6.789600E+04   1.361063E+00   1.361063E+00   3.021105E+00   1.879880E+00  -1.127296E+01   3.371966E+00  -4.853872E+00        13
   4.055212E+02   6.826500E+04   1.361063E+00   1.361063E+00   3.021105E+00   1.879880E+00  -1.127767E+01   3.370789E+00  -4.853872E+00        13
   4.065212E+02   6.863500E+04   1.361063E+00   1.361063E+00   3.021105E+00   1.879880E+00  -1.128236E+01   3.369615E+00  -4.853872E+00        13
   4.075212E+02   6.900600E+04   1.361063E+00   1.361063E+00   3.021105E+00   1.879880E+00  -1.128705E+01   3.368444E+00  -4.853872E+00        13
   4.085212E+02   6.937800E+04   1.361063E+00   1.361063E+00   3.021105E+00   1.879880E+00  -1.129172E+01   3.367277E+00  -4.853872E+00        13
   4.095212E+02   6.975100E+04   1.361063E+00   1.361063E+00   3.021105E+00   1.879880E+00  -1.129637E+01   3.366112E+00  -4.853872E+00        13
   4.105212E+02   7.012500E+04   1.361063E+00   1.361063E+00   3.021105E+00   1.879880E+00  -1.130102E+01   3.364951E+00  -4.853872E+00        13
   4.115212E+02   7.050000E+04   1.361063E+00   1.361063E+00   3.021105E+00   1.879880E+00  -1.130565E+01   3.363793E+00  -4.853872E+00        13
   4.125212E+02   7.087600E+04   1.361063E+00   1.361063E+00   3.021105E+00   1.879880E+00  -1.131027E+01   3.362638E+00  -4.853872E+00        13
   4.135212E+02   7.125300E+04   1.361063E+00   1.361063E+00   3.021105E+00   1.879880E+00  -1.131488E+01   3.361486E+00  -4.853872E+00        13
   4.145212E+02   7.163100E+04   1.361063E+00   1.361063E+00   3.021105E+00   1.879880E+00  -1.131947E+01   3.360337E+00  -4.853872E+00        13
   4.155212E+02   7.201000E+04   1.361063E+00   1.361063E+00   3.021105E+00   1.879880E+00  -1.132406E+01   3.359191E+00  -4.853872E+00        13
   4.165212E+02   7.239000E+04   1.361063E+00   1.361063E+00   3.021105E+00   1.879880E+00  -1.132863E+01   3.358048E+00  -4.853872E+00        13
   4.175212E+02   7.277100E+04   1.361063E+00   1.361063E+00   3.021105E+00   1.879880E+00  -1.133319E+01   3.356909E+00  -4.853872E+00        13
   4.185212E+02   7.315300E+04   1.361063E+00   1.361063E+00   3.021105E+00   1.879880E+00  -1.133774E+01   3.355772E+00  -4.853872E+00        13
   4.195212E+02   7.353600E+04   1.361063E+00   1.361063E+00   3.021105E+00   1.879880E+00  -1.134227E+01   3.354638E+00  -4.853872E+00        13
   4.205212E+02   7.392000E+04   1.361063E+00   1.361063E+00   3.021105E+00   1.879880E+00  -1.134680E+01   3.353507E+00  -4.853872E+00        13
   4.215212E+02   7.430500E+04   1.361063E+00   1.361063E+00   3.021105E+00   1.879880E+00  -1.135131E+01   3.352379E+00  -4.853872E+00        13
   4.225212E+02   7.469100E+04   1.361063E+00   1.361063E+00   3.021105E+00   1.879880E+00  -1.135581E+01   3.351254E+00  -4.853872E+00        13
   4.235212E+02   7.507800E+04   1.361063E+00   1.361063E+00   3.021105E+00   1.879880E+00  -1.136030E+01   3.350131E+00  -4.853872E+00        13
   4.245212E+02   7.546600E+04   1.361063E+00   1.361063E+00   3.021105E+00   1.879880E+00  -1.136477E+01   3.349012E+00  -4.853872E+00        13
   4.255212E+02   7.585500E+04   1.361063E+00   1.361063E+00   3.021105E+00   1.879880E+00  -1.136924E+01   3.347896E+00  -4.853872E+00        13
   4.265212E+02   7.624500E+04   1.361063E+00   1.361063E+00   3.021105E+00   1.879880E+00  -1.137369E+01   3.346782E+00  -4.853872E+00        13
   4.275212E+02   7.663600E+04   1.361063E+00   1.361063E+00   3.021105E+00   1.879880E+00  -1.137814E+01   3.345671E+00  -4.853872E+00        13
   4.285212E+02   7.702800E+04   1.361063E+00   1.361063E+00   3.021105E+00   1.879880E+00  -1.138257E+01   3.344563E+00  -4.853872E+00        13
   4.295212E+02   7.742100E+04   1.361063E+00   1.361063E+00   3.021105E+00   1.879880E+00  -1.138699E+01   3.343458E+00  -4.853872E+00        13
   4.305212E+02   7.781500E+04   1.361063E+00   1.361063E+00   3.021105E+00   1.879880E+00  -1.139140E+01   3.342356E+00  -4.853872E+00        13
   4.315212E+02   7.821000E+04   1.361063E+00   1.361063E+00   3.021105E+00   1.879880E+00  -1.139580E+01   3.341257E+00  -4.853872E+00        13
   4.325212E+02   7.860600E+04   1.361063E+00   1.361063E+00   3.021105E+00   1.879880E+00  -1.140018E+01   3.340160E+00  -4.853872E+00        13
   4.335212E+02   7.900300E+04   1.361063E+00   1.361063E+00   3.021105E+00   1.879880E+00  -1.140456E+01   3.339066E+00  -4.853872E+00        13
   4.345212E+02   7.940100E+04   1.361063E+00   1.361063E+00   3.021105E+00   1.879880E+00  -1.140892E+01   3.337975E+00  -4.853872E+00        13
   4.355212E+02   7.980000E+04   1.361063E+00   1.361063E+00   3.021105E+00   1.879880E+00  -1.141328E+01   3.336886E+00  -4.853872E+00        13
   4.365212E+02   8.020000E+04   1.361063E+00   1.361063E+00   3.021105E+00   1.879880E+00  -1.141762E+01   3.335801E+00  -4.853872E+00        13
   4.375212E+02   8.060100E+04   1.361063E+00   1.361063E+00   3.021105E+00   1.879880E+00  -1.142195E+01   3.334717E+00  -4.853872E+00        13
   4.385212E+02   8.100300E+04   1.361063E+00   1.361063E+00   3.021105E+00   1.879880E+00  -1.142627E+01   3.333637E+00  -4.853872E+00        13
   4.395212E+02   8.140600E+04   1.361063E+00   1.361063E+00   3.021105E+00   1.879880E+00  -1.143058E+01   3.332559E+00  -4.853872E+00        13
   4.405212E+02   8.181000E+04   1.361063E+00   1.361063E+00   3.021105E+00   1.879880E+00  -1.143488E+01   3.331484E+00  -4.853872E+00        13
   4.415212E+02   8.221500E+04   1.361063E+00   1.361063E+00   3.021105E+00   1.879880E+00  -1.143917E+01   3.330412E+00  -4.853872E+00        13
   4.425212E+02   8.262100E+04   1.361063E+00   1.361063E+00   3.021105E+00   1.879880E+00  -1.144345E+01   3.329342E+00  -4.853872E+00        13
   4.435212E+02   8.302800E+04   1.361063E+00   1.361063E+00   3.021105E+00   1.879880E+00  -1.144772E+01   3.328275E+00  -4.853872E+00        13
   4.445212E+02   8.343600E+04   1.361063E+00   1.361063E+00   3.021105E+00   1.879880E+00  -1.145198E+01   3.327211E+00  -4.853872E+00        13
   4.455212E+02   8.384500E+04   1.361063E+00   1.361063E+00   3.021105E+00   1.879880E+00  -1.145623E+01   3.326149E+00  -4.853872E+00        13
   4.465212E+02   8.425500E+04   1.361063E+00   1.361063E+00   3.021105E+00   1.879880E+00  -1.146046E+01   3.325090E+00  -4.853872E+00        13
   4.475212E+02   8.466600E+04   1.361063E+00   1.361063E+00   3.021105E+00   1.879880E+00  -1.146469E+01   3.324033E+00  -4.853872E+00        13
   4.485212E+02   8.507800E+04   1.361063E+00   1.361063E+00   3.021105E+00   1.879880E+00  -1.146891E+01   3.322979E+00  -4.853872E+00        13
   4.495212E+02   8.549100E+04   1.361063E+00   1.361063E+00   3.021105E+00   1.879880E+00  -1.147311E+01   3.321927E+00  -4.853872E+00        13
   4.505212E+02   8.590500E+04   1.361063E+00   1.361063E+00   3.021105E+00   1.879880E+00  -1.147731E+01   3.320878E+00  -4.853872E+00        13
   4.515212E+02   8.632000E+04   1.361063E+00   1.361063E+00   3.021105E+00   1.879880E+00  -1.148149E+01   3.319832E+00  -4.853872E+00        13
   4.525212E+02   8.673600E+04   1.361063E+00   1.361063E+00   3.021105E+00   1.879880E+00  -1.148567E+01   3.318788E+00  -4.853872E+00        13
   4.535212E+02   8.715300E+04   1.361063E+00   1.361063E+00   3.021105E+00   1.879880E+00  -1.148984E+01   3.317747E+00  -4.853872E+00        13
   4.545212E+02   8.757100E+04   1.361063E+00   1.361063E+00   3.021105E+00   1.879880E+00  -1.149399E+01   3.316708E+00  -4.853872E+00        13
   4.555212E+02   8.799000E+04   1.361063E+00   1.361063E+00   3.021105E+00   1.879880E+00  -1.149814E+01   3.315671E+00  -4.853872E+00        13
   4.565212E+02   8.841000E+04   1.361063E+00   1.361063E+00   3.021105E+00   1.879880E+00  -1.150227E+01   3.314637E+00  -4.853872E+00        13
   4.575212E+02   8.883100E+04   1.361063E+00   1.361063E+00   3.021105E+00   1.879880E+00  -1.150640E+01   3.313605E+00  -4.853872E+00        13
   4.585212E+02   8.925300E+04   1.361063E+00   1.361063E+00   3.021105E+00   1.879880E+00  -1.151052E+01   3.312576E+00  -4.853872E+00        13
   4.595212E+02   8.967600E+04   1.361063E+00   1.361063E+00   3.021105E+00   1.879880E+00  -1.151462E+01   3.311550E+00  -4.853872E+00        13
   4.605212E+02   9.010000E+04   1.361063E+00   1.361063E+00   3.021105E+00   1.879880E+00  -1.151872E+01   3.310525E+00  -4.853872E+00        13
   4.615212E+02   9.052500E+04   1.361063E+00   1.361063E+00   3.021105E+00   1.879880E+00  -1.152281E+01   3.309503E+00  -4.853872E+00        13
   4.625212E+02   9.095100E+04   1.361063E+00   1.361063E+00   3.021105E+00   1.879880E+00  -1.152689E+01   3.308484E+00  -4.853872E+00        13
   4.635212E+02   9.137800E+04   1.361063E+00   1.361063E+00   3.021105E+00   1.879880E+00  -1.153095E+01   3.307467E+00  -4.853872E+00        13
   4.645212E+02   9.180600E+04   1.361063E+00   1.361063E+00   3.021105E+00   1.879880E+00  -1.153501E+01   3.306452E+00  -4.853872E+00        13
   4.655212E+02   9.223500E+04   1.361063E+00   1.361063E+00   3.021105E+00   1.879880E+00  -1.153906E+01   3.305440E+00  -4.853872E+00        13
   4.665212E+02   9.266500E+04   1.361063E+00   1.361063E+00   3.021105E+00   1.879880E+00  -1.154310E+01   3.304430E+00  -4.853872E+00        13
   4.675212E+02   9.309600E+04   1.361063E+00   1.361063E+00   3.021105E+00   1.879880E+00  -1.154713E+01   3.303422E+00  -4.853872E+00        13
   4.685212E+02   9.352800E+04   1.361063E+00   1.361063E+00   3.021105E+00   1.879880E+00  -1.155115E+01   3.302417E+00  -4.853872E+00        13
   4.695212E+02   9.396100E+04   1.361063E+00   1.361063E+00   3.021105E+00   1.879880E+00  -1.155517E+01   3.301414E+00  -4.853872E+00        13
   4.705212E+02   9.439500E+04   1.361063E+00   1.361063E+00   3.021105E+00   1.879880E+00  -1.155917E+01   3.300413E+00  -4.853872E+00        13
   4.715212E+02   9.483000E+04   1.361063E+00   1.361063E+00   3.021105E+00   1.879880E+00  -1.156316E+01   3.299415E+00  -4.853872E+00        13
   4.725212E+02   9.526600E+04   1.361063E+00   1.361063E+00   3.021105E+00   1.879880E+00  -1.156715E+01   3.298419E+00  -4.853872E+00        13
   4.735212E+02   9.570300E+04   1.361063E+00   1.361063E+00   3.021105E+00   1.879880E+00  -1.157112E+01   3.297425E+00  -4.853872E+00        13
   4.745212E+02   9.614100E+04   1.361063E+00   1.361063E+00   3.021105E+00   1.879880E+00  -1.157509E+01   3.296433E+00  -4.853872E+00        13
   4.755212E+02   9.658000E+04   1.361063E+00   1.361063E+00   3.021105E+00   1.879880E+00  -1.157905E+01   3.295444E+00  -4.853872E+00        13
   4.765212E+02   9.702000E+04   1.361063E+00   1.361063E+00   3.021105E+00   1.879880E+00  -1.158299E+01   3.294457E+00  -4.853872E+00        13
   4.775212E+02   9.746100E+04   1.361063E+00   1.361063E+00   3.021105E+00   1.879880E+00  -1.158693E+01   3.293472E+00  -4.853872E+00        13
   4.785212E+02   9.790300E+04   1.361063E+00   1.361063E+00   3.021105E+00   1.879880E+00  -1.159086E+01   3.292490E+00  -4.853872E+00        13
   4.795212E+02   9.834600E+04   1.361063E+00   1.361063E+00   3.021105E+00   1.879880E+00  -1.159478E+01   3.291509E+00  -4.853872E+00        13
   4.805212E+02   9.879000E+04   1.361063E+00   1.361063E+00   3.021105E+00   1.879880E+00  -1.159870E+01   3.290531E+00  -4.853872E+00        13
   4.815212E+02   9.923500E+04   1.361063E+00   1.361063E+00   3.021105E+00   1.879880E+00  -1.160260E+01   3.289555E+00  -4.853872E+00        13
   4.825212E+02   9.968100E+04   1.361063E+00   1.361063E+00   3.021105E+00   1.879880E+00  -1.160650E+01   3.288582E+00  -4.853872E+00        13
   4.835212E+02   1.001280E+05   1.361063E+00   1.361063E+00   3.021105E+00   1.879880E+00  -1.161038E+01   3.287610E+00  -4.853872E+00        13
   4.845212E+02   1.005760E+05   1.361063E+00   1.361063E+00   3.021105E+00   1.879880E+00  -1.161426E+01   3.286641E+00  -4.853872E+00        13
   4.855212E+02   1.010250E+05   1.361063E+00   1.361063E+00   3.021105E+00   1.879880E+00  -1.161813E+01   3.285673E+00  -4.853872E+00        13
   4.865212E+02   1.014750E+05   1.361063E+00   1.361063E+00   3.021105E+00   1.879880E+00  -1.162199E+01   3.284708E+00  -4.853872E+00        13
   4.875212E+02   1.019260E+05   1.361063E+00   1.361063E+00   3.021105E+00   1.879880E+00  -1.162584E+01   3.283745E+00  -4.853872E+00        13
   4.885212E+02   1.023780E+05   1.361063E+00   1.361063E+00   3.021105E+00   1.879880E+00  -1.162968E+01   3.282784E+00  -4.853872E+00        13
   4.895212E+02   1.028310E+05   1.361063E+00   1.361063E+00   3.021105E+00   1.879880E+00  -1.163352E+01   3.281826E+00  -4.853872E+00        13
   4.905212E+02   1.032850E+05   1.361063E+00   1.361063E+00   3.021105E+00   1.879880E+00  -1.163735E+01   3.280869E+00  -4.853872E+00        13
   4.915212E+02   1.037400E+05   1.361063E+00   1.361063E+00   3.021105E+00   1.879880E+00  -1.164116E+01   3.279915E+00  -4.853872E+00        13
   4.925212E+02   1.041960E+05   1.361063E+00   1.361063E+00   3.021105E+00   1.879880E+00  -1.164497E+01   3.278962E+00  -4.853872E+00        13
   4.935212E+02   1.046530E+05   1.361063E+00   1.361063E+00   3.021105E+00   1.879880E+00  -1.164877E+01   3.278012E+00  -4.853872E+00        13
   4.945212E+02   1.051110E+05   1.361063E+00   1.361063E+00   3.021105E+00   1.879880E+00  -1.165257E+01   3.277064E+00  -4.853872E+00        13
   4.955212E+02   1.055700E+05   1.361063E+00   1.361063E+00   3.021105E+00   1.879880E+00  -1.165635E+01   3.276117E+00  -4.853872E+00        13
   4.965212E+02   1.060300E+05   1.361063E+00   1.361063E+00   3.021105E+00   1.879880E+00  -1.166013E+01   3.275173E+00  -4.853872E+00        13
   4.975212E+02   1.064910E+05   1.361063E+00   1.361063E+00   3.021105E+00   1.879880E+00  -1.166390E+01   3.274231E+00  -4.853872E+00        13
   4.985212E+02   1.069530E+05   1.361063E+00   1.361063E+00   3.021105E+00   1.879880E+00  -1.166766E+01   3.273291E+00  -4.853872E+00        13
   4.995212E+02   1.074160E+05   1.361063E+00   1.361063E+00   3.021105E+00   1.879880E+00  -1.167141E+01   3.272353E+00  -4.853872E+00        13
   5.005212E+02   1.078800E+05   1.361063E+00   1.361063E+00   3.021105E+00   1.879880E+00  -1.167515E+01   3.271417E+00  -4.853872E+00        13
   5.015212E+02   1.083450E+05   1.361063E+00   1.361063E+00   3.021105E+00   1.879880E+00  -1.167889E+01   3.270483E+00  -4.853872E+00        13
   5.025212E+02   1.088110E+05   1.361063E+00   1.361063E+00   3.021105E+00   1.879880E+00  -1.168262E+01   3.269551E+00  -4.853872E+00        13
   5.035212E+02   1.092780E+05   1.361063E+00   1.361063E+00   3.021105E+00   1.879880E+00  -1.168634E+01   3.268621E+00  -4.853872E+00        13
   5.045212E+02   1.097460E+05   1.361063E+00   1.361063E+00   3.021105E+00   1.879880E+00  -1.169005E+01   3.267693E+00  -4.853872E+00        13
   5.055212E+02   1.102150E+05   1.361063E+00   1.361063E+00   3.021105E+00   1.879880E+00  -1.169375E+01   3.266767E+00  -4.853872E+00        13
   5.065212E+02   1.106850E+05   1.361063E+00   1.361063E+00   3.021105E+00   1.879880E+00  -1.169745E+01   3.265843E+00  -4.853872E+00        13
   5.075212E+02   1.111560E+05   1.361063E+00   1.361063E+00   3.021105E+00   1.879880E+00  -1.170114E+01   3.264921E+00  -4.853872E+00        13
   5.085212E+02   1.116280E+05   1.361063E+00   1.361063E+00   3.021105E+00   1.879880E+00  -1.170482E+01   3.264001E+00  -4.853872E+00        13
   5.095212E+02   1.121010E+05   1.361063E+00   1.361063E+00   3.021105E+00   1.879880E+00  -1.170849E+01   3.263083E+00  -4.853872E+00        13
   5.105212E+02   1.125750E+05   1.361063E+00   1.361063E+00   3.021105E+00   1.879880E+00  -1.171216E+01   3.262167E+00  -4.853872E+00        13
   5.115212E+02   1.130500E+05   1.361063E+00   1.361063E+00   3.021105E+00   1.879880E+00  -1.171581E+01   3.261252E+00  -4.853872E+00        13
   5.125212E+02   1.135260E+05   1.361063E+00   1.361063E+00   3.021105E+00   1.879880E+00  -1.171946E+01   3.260340E+00  -4.853872E+00        13
   5.135212E+02   1.140030E+05   1.361063E+00   1.361063E+00   3.021105E+00   1.879880E+00  -1.172310E+01   3.259430E+00  -4.853872E+00        13
   5.145212E+02   1.144810E+05   1.361063E+00   1.361063E+00   3.021105E+00   1.879880E+00  -1.172674E+01   3.258521E+00  -4.853872E+00        13
   5.155212E+02   1.149600E+05   1.361063E+00   1.361063E+00   3.021105E+00   1.879880E+00  -1.173037E+01   3.257614E+00  -4.853872E+00        13
   5.165212E+02   1.154400E+05   1.361063E+00   1.361063E+00   3.021105E+00   1.879880E+00  -1.173398E+01   3.256710E+00  -4.853872E+00        13
   5.175212E+02   1.159210E+05   1.361063E+00   1.361063E+00   3.021105E+00   1.879880E+00  -1.173760E+01   3.255807E+00  -4.853872E+00        13
   5.185212E+02   1.164030E+05   1.361063E+00   1.361063E+00   3.021105E+00   1.879880E+00  -1.174120E+01   3.254906E+00  -4.853872E+00        13
   5.195212E+02   1.168860E+05   1.361063E+00   1.361063E+00   3.021105E+00   1.879880E+00  -1.174480E+01   3.254006E+00  -4.853872E+00        13
   5.205212E+02   1.173700E+05   1.361063E+00   1.361063E+00   3.021105E+00   1.879880E+00  -1.174839E+01   3.253109E+00  -4.853872E+00        13
   5.215212E+02   1.178550E+05   1.361063E+00   1.361063E+00   3.021105E+00   1.879880E+00  -1.175197E+01   3.252214E+00  -4.853872E+00        13
   5.225212E+02   1.183410E+05   1.361063E+00   1.361063E+00   3.021105E+00   1.879880E+00  -1.175554E+01   3.251320E+00  -4.853872E+00        13
   5.235212E+02   1.188280E+05   1.361063E+00   1.361063E+00   3.021105E+00   1.879880E+00  -1.175911E+01   3.250428E+00  -4.853872E+00        13
   5.245212E+02   1.193160E+05   1.361063E+00   1.361063E+00   3.021105E+00   1.879880E+00  -1.176267E+01   3.249538E+00  -4.853872E+00        13
   5.255212E+02   1.198050E+05   1.361063E+00   1.361063E+00   3.021105E+00   1.879880E+00  -1.176622E+01   3.248650E+00  -4.853872E+00        13
   5.265212E+02   1.202950E+05   1.361063E+00   1.361063E+00   3.021105E+00   1.879880E+00  -1.176977E+01   3.247764E+00  -4.853872E+00        13
   5.275212E+02   1.207860E+05   1.361063E+00   1.361063E+00   3.021105E+00   1.879880E+00  -1.177330E+01   3.246879E+00  -4.853872E+00        13
   5.285212E+02   1.212780E+05   1.361063E+00   1.361063E+00   3.021105E+00   1.879880E+00  -1.177684E+01   3.245997E+00  -4.853872E+00        13
   5.295212E+02   1.217710E+05   1.361063E+00   1.361063E+00   3.021105E+00   1.879880E+00  -1.178036E+01   3.245116E+00  -4.853872E+00        13
   5.305212E+02   1.222650E+05   1.361063E+00   1.361063E+00   3.021105E+00   1.879880E+00  -1.178388E+01   3.244237E+00  -4.853872E+00        13
   5.315212E+02   1.227600E+05   1.361063E+00   1.361063E+00   3.021105E+00   1.879880E+00  -1.178739E+01   3.243359E+00  -4.853872E+00        13
   5.325212E+02   1.232560E+05   1.361063E+00   1.361063E+00   3.021105E+00   1.879880E+00  -1.179089E+01   3.242484E+00  -4.853872E+00        13
   5.335212E+02   1.237530E+05   1.361063E+00   1.361063E+00   3.021105E+00   1.879880E+00  -1.179438E+01   3.241610E+00  -4.853872E+00        13
   5.345212E+02   1.242510E+05   1.361063E+00   1.361063E+00   3.021105E+00   1.879880E+00  -1.179787E+01   3.240738E+00  -4.853872E+00        13
   5.355212E+02   1.247500E+05   1.361063E+00   1.361063E+00   3.021105E+00   1.879880E+00  -1.180135E+01   3.239867E+00  -4.853872E+00        13
   5.365212E+02   1.252500E+05   1.361063E+00   1.361063E+00   3.021105E+00   1.879880E+00  -1.180483E+01   3.238999E+00  -4.853872E+00        13
   5.375212E+02   1.257510E+05   1.361063E+00   1.361063E+00   3.021105E+00   1.879880E+00  -1.180829E+01   3.238132E+00  -4.853872E+00        13
   5.385212E+02   1.262530E+05   1.361063E+00   1.361063E+00   3.021105E+00   1.879880E+00  -1.181176E+01   3.237267E+00  -4.853872E+00        13
   5.395212E+02   1.267560E+05   1.361063E+00   1.361063E+00   3.021105E+00   1.879880E+00  -1.181521E+01   3.236403E+00  -4.853872E+00        13
   5.405212E+02   1.272600E+05   1.361063E+00   1.361063E+00   3.021105E+00   1.879880E+00  -1.181866E+01   3.235542E+00  -4.853872E+00        13
   5.415212E+02   1.277650E+05   1.361063E+00   1.361063E+00   3.021105E+00   1.879880E+00  -1.182210E+01   3.234682E+00  -4.853872E+00        13
   5.425212E+02   1.282710E+05   1.361063E+00   1.361063E+00   3.021105E+00   1.879880E+00  -1.182553E+01   3.233823E+00  -4.853872E+00        13
   5.435212E+02   1.287780E+05   1.361063E+00   1.361063E+00   3.021105E+00   1.879880E+00  -1.182895E+01   3.232967E+00  -4.853872E+00        13
   5.445212E+02   1.292860E+05   1.361063E+00   1.361063E+00   3.021105E+00   1.879880E+00  -1.183237E+01   3.232112E+00  -4.853872E+00        13
   5.455212E+02   1.297950E+05   1.361063E+00   1.361063E+00   3.021105E+00   1.879880E+00  -1.183579E+01   3.231259E+00  -4.853872E+00        13
   5.465212E+02   1.303050E+05   1.361063E+00   1.361063E+00   3.021105E+00   1.879880E+00  -1.183919E+01   3.230407E+00  -4.853872E+00        13
   5.475212E+02   1.308160E+05   1.361063E+00   1.361063E+00   3.021105E+00   1.879880E+00  -1.184259E+01   3.229557E+00  -4.853872E+00        13
   5.485212E+02   1.313280E+05   1.361063E+00   1.361063E+00   3.021105E+00   1.879880E+00  -1.184599E+01   3.228709E+00  -4.853872E+00        13
   5.495212E+02   1.318410E+05   1.361063E+00   1.361063E+00   3.021105E+00   1.879880E+00  -1.184937E+01   3.227862E+00  -4.853872E+00        13
   5.505212E+02   1.323550E+05   1.361063E+00   1.361063E+00   3.021105E+00   1.879880E+00  -1.185275E+01   3.227018E+00  -4.853872E+00        13
   5.515212E+02   1.328700E+05   1.361063E+00   1.361063E+00   3.021105E+00   1.879880E+00  -1.185613E+01   3.226174E+00  -4.853872E+00        13
   5.525212E+02   1.333860E+05   1.361063E+00   1.361063E+00   3.021105E+00   1.879880E+00  -1.185949E+01   3.225333E+00  -4.853872E+00        13
   5.535212E+02   1.339030E+05   1.361063E+00   1.361063E+00   3.021105E+00   1.879880E+00  -1.186285E+01   3.224493E+00  -4.853872E+00        13
   5.545212E+02   1.344210E+05   1.361063E+00   1.361063E+00   3.021105E+00   1.879880E+00  -1.186621E+01   3.223654E+00  -4.853872E+00        13
   5.555212E+02   1.349400E+05   1.361063E+00   1.361063E+00   3.021105E+00   1.879880E+00  -1.186955E+01   3.222817E+00  -4.853872E+00        13
   5.565212E+02   1.354600E+05   1.361063E+00   1.361063E+00   3.021105E+00   1.879880E+00  -1.187289E+01   3.221982E+00  -4.853872E+00        13
   5.575212E+02   1.359810E+05   1.361063E+00   1.361063E+00   3.021105E+00   1.879880E+00  -1.187623E+01   3.221149E+00  -4.853872E+00        13
   5.585212E+02   1.365030E+05   1.361063E+00   1.361063E+00   3.021105E+00   1.879880E+00  -1.187956E+01   3.220317E+00  -4.853872E+00        13
   5.595212E+02   1.370260E+05   1.361063E+00   1.361063E+00   3.021105E+00   1.879880E+00  -1.188288E+01   3.219486E+00  -4.853872E+00        13
   5.605212E+02   1.375500E+05   1.361063E+00   1.361063E+00   3.021105E+00   1.879880E+00  -1.188619E+01   3.218657E+00  -4.853872E+00        13
   5.615212E+02   1.380750E+05   1.361063E+00   1.361063E+00   3.021105E+00   1.879880E+00  -1.188950E+01   3.217830E+00  -4.853872E+00        13
   5.625212E+02   1.386010E+05   1.361063E+00   1.361063E+00   3.021105E+00   1.879880E+00  -1.189280E+01   3.217005E+00  -4.853872E+00        13
   5.635212E+02   1.391280E+05   1.361063E+00   1.361063E+00   3.021105E+00   1.879880E+00  -1.189610E+01   3.216180E+00  -4.853872E+00        13
   5.645212E+02   1.396560E+05   1.361063E+00   1.361063E+00   3.021105E+00   1.879880E+00  -1.189939E+01   3.215358E+00  -4.853872E+00        13
   5.655212E+02   1.401850E+05   1.361063E+00   1.361063E+00   3.021105E+00   1.879880E+00  -1.190267E+01   3.214537E+00  -4.853872E+00        13
   5.665212E+02   1.407150E+05   1.361063E+00   1.361063E+00   3.021105E+00   1.879880E+00  -1.190595E+01   3.213717E+00  -4.853872E+00        13
   5.675212E+02   1.412460E+05   1.361063E+00   1.361063E+00   3.021105E+00   1.879880E+00  -1.190922E+01   3.212900E+00  -4.853872E+00        13
   5.685212E+02   1.417780E+05   1.361063E+00   1.361063E+00   3.021105E+00   1.879880E+00  -1.191249E+01   3.212083E+00  -4.853872E+00        13
   5.695212E+02   1.423110E+05   1.361063E+00   1.361063E+00   3.021105E+00   1.879880E+00  -1.191575E+01   3.211268E+00  -4.853872E+00        13
   5.705212E+02   1.428450E+05   1.361063E+00   1.361063E+00   3.021105E+00   1.879880E+00  -1.191900E+01   3.210455E+00  -4.853872E+00        13
   5.715212E+02   1.433800E+05   1.361063E+00   1.361063E+00   3.021105E+00   1.879880E+00  -1.192225E+01   3.209643E+00  -4.853872E+00        13
   5.725212E+02   1.439160E+05   1.361063E+00   1.361063E+00   3.021105E+00   1.879880E+00  -1.192549E+01   3.208833E+00  -4.853872E+00        13
   5.735212E+02   1.444530E+05   1.361063E+00   1.361063E+00   3.021105E+00   1.879880E+00  -1.192872E+01   3.208024E+00  -4.853872E+00        13
   5.745212E+02   1.449910E+05   1.361063E+00   1.361063E+00   3.021105E+00   1.879880E+00  -1.193195E+01   3.207217E+00  -4.853872E+00        13
   5.755212E+02   1.455300E+05   1.361063E+00   1.361063E+00   3.021105E+00   1.879880E+00  -1.193518E+01   3.206411E+00  -4.853872E+00        13
   5.765212E+02   1.460700E+05   1.361063E+00   1.361063E+00   3.021105E+00   1.879880E+00  -1.193839E+01   3.205607E+00  -4.853872E+00        13
   5.775212E+02   1.466110E+05   1.361063E+00   1.361063E+00   3.021105E+00   1.879880E+00  -1.194160E+01   3.204804E+00  -4.853872E+00        13
   5.785212E+02   1.471530E+05   1.361063E+00   1.361063E+00   3.021105E+00   1.879880E+00  -1.194481E+01   3.204003E+00  -4.853872E+00        13
   5.795212E+02   1.476960E+05   1.361063E+00   1.361063E+00   3.021105E+00   1.879880E+00  -1.194801E+01   3.203203E+00  -4.853872E+00        13
   5.805212E+02   1.482400E+05   1.361063E+00   1.361063E+00   3.021105E+00   1.879880E+00  -1.195120E+01   3.202405E+00  -4.853872E+00        13
   5.815212E+02   1.487850E+05   1.361063E+00   1.361063E+00   3.021105E+00   1.879880E+00  -1.195439E+01   3.201608E+00  -4.853872E+00        13
   5.825212E+02   1.493310E+05   1.361063E+00   1.361063E+00   3.021105E+00   1.879880E+00  -1.195757E+01   3.200813E+00  -4.853872E+00        13
   5.835212E+02   1.498780E+05   1.361063E+00   1.361063E+00   3.021105E+00   1.879880E+00  -1.196075E+01   3.200019E+00  -4.853872E+00        13
   5.845212E+02   1.504260E+05   1.361063E+00   1.361063E+00   3.021105E+00   1.879880E+00  -1.196392E+01   3.199226E+00  -4.853872E+00        13
   5.855212E+02   1.509750E+05   1.361063E+00   1.361063E+00   3.021105E+00   1.879880E+00  -1.196708E+01   3.198435E+00  -4.853872E+00        13
   5.865212E+02   1.515250E+05   1.361063E+00   1.361063E+00   3.021105E+00   1.879880E+00  -1.197024E+01   3.197646E+00  -4.853872E+00        13
   5.875212E+02   1.520760E+05   1.361063E+00   1.361063E+00   3.021105E+00   1.879880E+00  -1.197339E+01   3.196857E+00  -4.853872E+00        13
   5.885212E+02   1.526280E+05   1.361063E+00   1.361063E+00   3.021105E+00   1.879880E+00  -1.197654E+01   3.196071E+00  -4.853872E+00        13
   5.895212E+02   1.531810E+05   1.361063E+00   1.361063E+00   3.021105E+00   1.879880E+00  -1.197968E+01   3.195285E+00  -4.853872E+00        13
   5.905212E+02   1.537350E+05   1.361063E+00   1.361063E+00   3.021105E+00   1.879880E+00  -1.198282E+01   3.194501E+00  -4.853872E+00        13
   5.915212E+02   1.542900E+05   1.361063E+00   1.361063E+00   3.021105E+00   1.879880E+00  -1.198595E+01   3.193719E+00  -4.853872E+00        13
   5.925212E+02   1.548460E+05   1.361063E+00   1.361063E+00   3.021105E+00   1.879880E+00  -1.198907E+01   3.192938E+00  -4.853872E+00        13
   5.935212E+02   1.554030E+05   1.361063E+00   1.361063E+00   3.021105E+00   1.879880E+00  -1.199219E+01   3.192158E+00  -4.853872E+00        13
   5.945212E+02   1.559610E+05   1.361063E+00   1.361063E+00   3.021105E+00   1.879880E+00  -1.199530E+01   3.191380E+00  -4.853872E+00        13
   5.955212E+02   1.565200E+05   1.361063E+00   1.361063E+00   3.021105E+00   1.879880E+00  -1.199841E+01   3.190603E+00  -4.853872E+00        13
   5.965212E+02   1.570800E+05   1.361063E+00   1.361063E+00   3.021105E+00   1.879880E+00  -1.200151E+01   3.189827E+00  -4.853872E+00        13
   5.975212E+02   1.576410E+05   1.361063E+00   1.361063E+00   3.021105E+00   1.879880E+00  -1.200461E+01   3.189053E+00  -4.853872E+00        13
   5.985212E+02   1.582030E+05   1.361063E+00   1.361063E+00   3.021105E+00   1.879880E+00  -1.200770E+01   3.188280E+00  -4.853872E+00        13
   5.995212E+02   1.587660E+05   1.361063E+00   1.361063E+00   3.021105E+00   1.879880E+00  -1.201079E+01   3.187509E+00  -4.853872E+00        13
   6.005212E+02   1.593300E+05   1.361063E+00   1.361063E+00   3.021105E+00   1.879880E+00  -1.201387E+01   3.186739E+00  -4.853872E+00        13
   6.015212E+02   1.598950E+05   1.361063E+00   1.361063E+00   3.021105E+00   1.879880E+00  -1.201694E+01   3.185970E+00  -4.853872E+00        13
   6.025212E+02   1.604610E+05   1.361063E+00   1.361063E+00   3.021105E+00   1.879880E+00  -1.202001E+01   3.185203E+00  -4.853872E+00        13
   6.035212E+02   1.610280E+05   1.361063E+00   1.361063E+00   3.021105E+00   1.879880E+00  -1.202307E+01   3.184437E+00  -4.853872E+00        13
   6.045212E+02   1.615960E+05   1.361063E+00   1.361063E+00   3.021105E+00   1.879880E+00  -1.202613E+01   3.183672E+00  -4.853872E+00        13
   6.055212E+02   1.621650E+05   1.361063E+00   1.361063E+00   3.021105E+00   1.879880E+00  -1.202919E+01   3.182909E+00  -4.853872E+00        13
   6.065212E+02   1.627350E+05   1.361063E+00   1.361063E+00   3.021105E+00   1.879880E+00  -1.203223E+01   3.182147E+00  -4.853872E+00        13
   6.075212E+02   1.633060E+05   1.361063E+00   1.361063E+00   3.021105E+00   1.879880E+00  -1.203528E+01   3.181387E+00  -4.853872E+00        13
   6.085212E+02   1.638780E+05   1.361063E+00   1.361063E+00   3.021105E+00   1.879880E+00  -1.203831E+01   3.180627E+00  -4.853872E+00        13
   6.095212E+02   1.644510E+05   1.361063E+00   1.361063E+00   3.021105E+00   1.879880E+00  -1.204134E+01   3.179869E+00  -4.853872E+00        13
   6.105212E+02   1.650250E+05   1.361063E+00   1.361063E+00   3.021105E+00   1.879880E+00  -1.204437E+01   3.179113E+00  -4.853872E+00        13
   6.115212E+02   1.656000E+05   1.361063E+00   1.361063E+00   3.021105E+00   1.879880E+00  -1.204739E+01   3.178358E+00  -4.853872E+00        13
   6.125212E+02   1.661760E+05   1.361063E+00   1.361063E+00   3.021105E+00   1.879880E+00  -1.205041E+01   3.177604E+00  -4.853872E+00        13
   6.135212E+02   1.667530E+05   1.361063E+00   1.361063E+00   3.021105E+00   1.879880E+00  -1.205342E+01   3.176851E+00  -4.853872E+00        13
   6.145212E+02   1.673310E+05   1.361063E+00   1.361063E+00   3.021105E+00   1.879880E+00  -1.205642E+01   3.176099E+00  -4.853872E+00        13
   6.155212E+02   1.679100E+05   1.361063E+00   1.361063E+00   3.021105E+00   1.879880E+00  -1.205942E+01   3.175349E+00  -4.853872E+00        13
   6.165212E+02   1.684900E+05   1.361063E+00   1.361063E+00   3.021105E+00   1.879880E+00  -1.206242E+01   3.174601E+00  -4.853872E+00        13
   6.175212E+02   1.690710E+05   1.361063E+00   1.361063E+00   3.021105E+00   1.879880E+00  -1.206541E+01   3.173853E+00  -4.853872E+00        13
   6.185212E+02   1.696530E+05   1.361063E+00   1.361063E+00   3.021105E+00   1.879880E+00  -1.206839E+01   3.173107E+00  -4.853872E+00        13
   6.195212E+02   1.702360E+05   1.361063E+00   1.361063E+00   3.021105E+00   1.879880E+00  -1.207137E+01   3.172362E+00  -4.853872E+00        13
   6.205212E+02   1.708200E+05   1.361063E+00   1.361063E+00   3.021105E+00   1.879880E+00  -1.207435E+01   3.171618E+00  -4.853872E+00        13
   6.215212E+02   1.714050E+05   1.361063E+00   1.361063E+00   3.021105E+00   1.879880E+00  -1.207732E+01   3.170876E+00  -4.853872E+00        13
   6.225212E+02   1.719910E+05   1.361063E+00   1.361063E+00   3.021105E+00   1.879880E+00  -1.208028E+01   3.170135E+00  -4.853872E+00        13
   6.235212E+02   1.725780E+05   1.361063E+00   1.361063E+00   3.021105E+00   1.879880E+00  -1.208324E+01   3.169395E+00  -4.853872E+00        13
   6.245212E+02   1.731660E+05   1.361063E+00   1.361063E+00   3.021105E+00   1.879880E+00  -1.208620E+01   3.168656E+00  -4.853872E+00        13
   6.255212E+02   1.737550E+05   1.361063E+00   1.361063E+00   3.021105E+00   1.879880E+00  -1.208915E+01   3.167919E+00  -4.853872E+00        13
   6.265212E+02   1.743450E+05   1.361063E+00   1.361063E+00   3.021105E+00   1.879880E+00  -1.209209E+01   3.167183E+00  -4.853872E+00        13
   6.275212E+02   1.749360E+05   1.361063E+00   1.361063E+00   3.021105E+00   1.879880E+00  -1.209503E+01   3.166448E+00  -4.853872E+00        13
   6.285212E+02   1.755280E+05   1.361063E+00   1.361063E+00   3.021105E+00   1.879880E+00  -1.209796E+01   3.165714E+00  -4.853872E+00        13
   6.295212E+02   1.761210E+05   1.361063E+00   1.361063E+00   3.021105E+00   1.879880E+00  -1.210089E+01   3.164982E+00  -4.853872E+00        13
   6.305212E+02   1.767150E+05   1.361063E+00   1.361063E+00   3.021105E+00   1.879880E+00  -1.210382E+01   3.164251E+00  -4.853872E+00        13
   6.315212E+02   1.773100E+05   1.361063E+00   1.361063E+00   3.021105E+00   1.879880E+00  -1.210674E+01   3.163521E+00  -4.853872E+00        13
   6.325212E+02   1.779060E+05   1.361063E+00   1.361063E+00   3.021105E+00   1.879880E+00  -1.210965E+01   3.162792E+00  -4.853872E+00        13
   6.335212E+02   1.785030E+05   1.361063E+00   1.361063E+00   3.021105E+00   1.879880E+00  -1.211256E+01   3.162065E+00  -4.853872E+00        13
   6.345212E+02   1.791010E+05   1.361063E+00   1.361063E+00   3.021105E+00   1.879880E+00  -1.211547E+01   3.161339E+00  -4.853872E+00        13
   6.355212E+02   1.797000E+05   1.361063E+00   1.361063E+00   3.021105E+00   1.879880E+00  -1.211837E+01   3.160614E+00  -4.853872E+00        13
   6.365212E+02   1.803000E+05   1.361063E+00   1.361063E+00   3.021105E+00   1.879880E+00  -1.212126E+01   3.159890E+00  -4.853872E+00        13
   6.375212E+02   1.809010E+05   1.361063E+00   1.361063E+00   3.021105E+00   1.879880E+00  -1.212415E+01   3.159167E+00  -4.853872E+00        13
   6.385212E+02   1.815030E+05   1.361063E+00   1.361063E+00   3.021105E+00   1.879880E+00  -1.212704E+01   3.158446E+00  -4.853872E+00        13
   6.395212E+02   1.821060E+05   1.361063E+00   1.361063E+00   3.021105E+00   1.879880E+00  -1.212992E+01   3.157726E+00  -4.853872E+00        13
   6.405212E+02   1.827100E+05   1.361063E+00   1.361063E+00   3.021105E+00   1.879880E+00  -1.213280E+01   3.157007E+00  -4.853872E+00        13
   6.415212E+02   1.833150E+05   1.361063E+00   1.361063E+00   3.021105E+00   1.879880E+00  -1.213567E+01   3.156289E+00  -4.853872E+00        13
   6.425212E+02   1.839210E+05   1.361063E+00   1.361063E+00   3.021105E+00   1.879880E+00  -1.213853E+01   3.155572E+00  -4.853872E+00        13
   6.435212E+02   1.845280E+05   1.361063E+00   1.361063E+00   3.021105E+00   1.879880E+00  -1.214140E+01   3.154857E+00  -4.853872E+00        13
   6.445212E+02   1.851360E+05   1.361063E+00   1.361063E+00   3.021105E+00   1.879880E+00  -1.214425E+01   3.154142E+00  -4.853872E+00        13
   6.455212E+02   1.857450E+05   1.361063E+00   1.361063E+00   3.021105E+00   1.879880E+00  -1.214711E+01   3.153429E+00  -4.853872E+00        13
   6.465212E+02   1.863550E+05   1.361063E+00   1.361063E+00   3.021105E+00   1.879880E+00  -1.214995E+01   3.152717E+00  -4.853872E+00        13
   6.475212E+02   1.869660E+05   1.361063E+00   1.361063E+00   3.021105E+00   1.879880E+00  -1.215280E+01   3.152006E+00  -4.853872E+00        13
   6.485212E+02   1.875780E+05   1.361063E+00   1.361063E+00   3.021105E+00   1.879880E+00  -1.215564E+01   3.151297E+00  -4.853872E+00        13
   6.495212E+02   1.881910E+05   1.361063E+00   1.361063E+00   3.021105E+00   1.879880E+00  -1.215847E+01   3.150588E+00  -4.853872E+00        13
   6.505212E+02   1.888050E+05   1.361063E+00   1.361063E+00   3.021105E+00   1.879880E+00  -1.216130E+01   3.149881E+00  -4.853872E+00        13
   6.515212E+02   1.894200E+05   1.361063E+00   1.361063E+00   3.021105E+00   1.879880E+00  -1.216412E+01   3.149175E+00  -4.853872E+00        13
   6.525212E+02   1.900360E+05   1.361063E+00   1.361063E+00   3.021105E+00   1.879880E+00  -1.216694E+01   3.148470E+00  -4.853872E+00        13
   6.535212E+02   1.906530E+05   1.361063E+00   1.361063E+00   3.021105E+00   1.879880E+00  -1.216976E+01   3.147766E+00  -4.853872E+00        13
   6.545212E+02   1.912710E+05   1.361063E+00   1.361063E+00   3.021105E+00   1.879880E+00  -1.217257E+01   3.147063E+00  -4.853872E+00        13
   6.555212E+02   1.918900E+05   1.361063E+00   1.361063E+00   3.021105E+00   1.879880E+00  -1.217538E+01   3.146362E+00  -4.853872E+00        13
   6.565212E+02   1.925100E+05   1.361063E+00   1.361063E+00   3.021105E+00   1.879880E+00  -1.217818E+01   3.145661E+00  -4.853872E+00        13
   6.575212E+02   1.931310E+05   1.361063E+00   1.361063E+00   3.021105E+00   1.879880E+00  -1.218098E+01   3.144962E+00  -4.853872E+00        13
   6.585212E+02   1.937530E+05   1.361063E+00   1.361063E+00   3.021105E+00   1.879880E+00  -1.218377E+01   3.144263E+00  -4.853872E+00        13
   6.595212E+02   1.943760E+05   1.361063E+00   1.361063E+00   3.021105E+00   1.879880E+00  -1.218656E+01   3.143566E+00  -4.853872E+00        13
   6.605212E+02   1.950000E+05   1.361063E+00   1.361063E+00   3.021105E+00   1.879880E+00  -1.218934E+01   3.142870E+00  -4.853872E+00        13
   6.615212E+02   1.956250E+05   1.361063E+00   1.361063E+00   3.021105E+00   1.879880E+00  -1.219212E+01   3.142176E+00  -4.853872E+00        13
   6.625212E+02   1.962510E+05   1.361063E+00   1.361063E+00   3.021105E+00   1.879880E+00  -1.219490E+01   3.141482E+00  -4.853872E+00        13
   6.635212E+02   1.968780E+05   1.361063E+00   1.361063E+00   3.021105E+00   1.879880E+00  -1.219767E+01   3.140789E+00  -4.853872E+00        13
   6.645212E+02   1.975060E+05   1.361063E+00   1.361063E+00   3.021105E+00   1.879880E+00  -1.220043E+01   3.140098E+00  -4.853872E+00        13
   6.655212E+02   1.981350E+05   1.361063E+00   1.361063E+00   3.021105E+00   1.879880E+00  -1.220319E+01   3.139407E+00  -4.853872E+00        13
   6.665212E+02   1.987650E+05   1.361063E+00   1.361063E+00   3.021105E+00   1.879880E+00  -1.220595E+01   3.138718E+00  -4.853872E+00        13
   6.675212E+02   1.993960E+05   1.361063E+00   1.361063E+00   3.021105E+00   1.879880E+00  -1.220870E+01   3.138029E+00  -4.853872E+00        13
   6.685212E+02   2.000280E+05   1.361063E+00   1.361063E+00   3.021105E+00   1.879880E+00  -1.221145E+01   3.137342E+00  -4.853872E+00        13
   6.695212E+02   2.006610E+05   1.361063E+00   1.361063E+00   3.021105E+00   1.879880E+00  -1.221420E+01   3.136656E+00  -4.853872E+00        13
   6.705212E+02   2.012950E+05   1.361063E+00   1.361063E+00   3.021105E+00   1.879880E+00  -1.221694E+01   3.135971E+00  -4.853872E+00        13
   6.715212E+02   2.019300E+05   1.361063E+00   1.361063E+00   3.021105E+00   1.879880E+00  -1.221967E+01   3.135287E+00  -4.853872E+00        13
   6.725212E+02   2.025660E+05   1.361063E+00   1.361063E+00   3.021105E+00   1.879880E+00  -1.222240E+01   3.134604E+00  -4.853872E+00        13
   6.735212E+02   2.032030E+05   1.361063E+00   1.361063E+00   3.021105E+00   1.879880E+00  -1.222513E+01   3.133923E+00  -4.853872E+00        13
   6.745212E+02   2.038410E+05   1.361063E+00   1.361063E+00   3.021105E+00   1.879880E+00  -1.222785E+01   3.133242E+00  -4.853872E+00        13
   6.755212E+02   2.044800E+05   1.361063E+00   1.361063E+00   3.021105E+00   1.879880E+00  -1.223057E+01   3.132562E+00  -4.853872E+00        13
   6.765212E+02   2.051200E+05   1.361063E+00   1.361063E+00   3.021105E+00   1.879880E+00  -1.223329E+01   3.131884E+00  -4.853872E+00        13
   6.775212E+02   2.057610E+05   1.361063E+00   1.361063E+00   3.021105E+00   1.879880E+00  -1.223600E+01   3.131206E+00  -4.853872E+00        13
   6.785212E+02   2.064030E+05   1.361063E+00   1.361063E+00   3.021105E+00   1.879880E+00  -1.223870E+01   3.130530E+00  -4.853872E+00        13
   6.795212E+02   2.070460E+05   1.361063E+00   1.361063E+00   3.021105E+00   1.879880E+00  -1.224141E+01   3.129854E+00  -4.853872E+00        13
   6.805212E+02   2.076900E+05   1.361063E+00   1.361063E+00   3.021105E+00   1.879880E+00  -1.224410E+01   3.129180E+00  -4.853872E+00        13
   6.815212E+02   2.083350E+05   1.361063E+00   1.361063E+00   3.021105E+00   1.879880E+00  -1.224680E+01   3.128507E+00  -4.853872E+00        13
   6.825212E+02   2.089810E+05   1.361063E+00   1.361063E+00   3.021105E+00   1.879880E+00  -1.224949E+01   3.127834E+00  -4.853872E+00        13
   6.835212E+02   2.096280E+05   1.361063E+00   1.361063E+00   3.021105E+00   1.879880E+00  -1.225217E+01   3.127163E+00  -4.853872E+00        13
   6.845212E+02   2.102760E+05   1.361063E+00   1.361063E+00   3.021105E+00   1.879880E+00  -1.225485E+01   3.126493E+00  -4.853872E+00        13
   6.855212E+02   2.109250E+05   1.361063E+00   1.361063E+00   3.021105E+00   1.879880E+00  -1.225753E+01   3.125824E+00  -4.853872E+00        13
   6.865212E+02   2.115750E+05   1.361063E+00   1.361063E+00   3.021105E+00   1.879880E+00  -1.226020E+01   3.125156E+00  -4.853872E+00        13
   6.875212E+02   2.122260E+05   1.361063E+00   1.361063E+00   3.021105E+00   1.879880E+00  -1.226287E+01   3.124488E+00  -4.853872E+00        13
   6.885212E+02   2.128780E+05   1.361063E+00   1.361063E+00   3.021105E+00   1.879880E+00  -1.226553E+01   3.123822E+00  -4.853872E+00        13
   6.895212E+02   2.135310E+05   1.361063E+00   1.361063E+00   3.021105E+00   1.879880E+00  -1.226819E+01   3.123157E+00  -4.853872E+00        13
   6.905212E+02   2.141850E+05   1.361063E+00   1.361063E+00   3.021105E+00   1.879880E+00  -1.227085E+01   3.122493E+00  -4.853872E+00        13
   6.915212E+02   2.148400E+05   1.361063E+00   1.361063E+00   3.021105E+00   1.879880E+00  -1.227350E+01   3.121830E+00  -4.853872E+00        13
   6.925212E+02   2.154960E+05   1.361063E+00   1.361063E+00   3.021105E+00   1.879880E+00  -1.227615E+01   3.121168E+00  -4.853872E+00        13
   6.935212E+02   2.161530E+05   1.361063E+00   1.361063E+00   3.021105E+00   1.879880E+00  -1.227879E+01   3.120507E+00  -4.853872E+00        13
   6.945212E+02   2.168110E+05   1.361063E+00   1.361063E+00   3.021105E+00   1.879880E+00  -1.228143E+01   3.119847E+00  -4.853872E+00        13
   6.955212E+02   2.174700E+05   1.361063E+00   1.361063E+00   3.021105E+00   1.879880E+00  -1.228407E+01   3.119188E+00  -4.853872E+00        13
   6.965212E+02   2.181300E+05   1.361063E+00   1.361063E+00   3.021105E+00   1.879880E+00  -1.228670E+01   3.118530E+00  -4.853872E+00        13
   6.975212E+02   2.187910E+05   1.361063E+00   1.361063E+00   3.021105E+00   1.879880E+00  -1.228933E+01   3.117873E+00  -4.853872E+00        13
   6.985212E+02   2.194530E+05   1.361063E+00   1.361063E+00   3.021105E+00   1.879880E+00  -1.229195E+01   3.117217E+00  -4.853872E+00        13
   6.995212E+02   2.201160E+05   1.361063E+00   1.361063E+00   3.021105E+00   1.879880E+00  -1.229457E+01   3.116562E+00  -4.853872E+00        13
   7.005212E+02   2.207800E+05   1.361063E+00   1.361063E+00   3.021105E+00   1.879880E+00  -1.229719E+01   3.115908E+00  -4.853872E+00        13
   7.015212E+02   2.214450E+05   1.361063E+00   1.361063E+00   3.021105E+00   1.879880E+00  -1.229980E+01   3.115255E+00  -4.853872E+00        13
   7.025212E+02   2.221110E+05   1.361063E+00   1.361063E+00   3.021105E+00   1.879880E+00  -1.230241E+01   3.114603E+00  -4.853872E+00        13
   7.035212E+02   2.227780E+05   1.361063E+00   1.361063E+00   3.021105E+00   1.879880E+00  -1.230502E+01   3.113952E+00  -4.853872E+00        13
   7.045212E+02   2.234460E+05   1.361063E+00   1.361063E+00   3.021105E+00   1.879880E+00  -1.230762E+01   3.113301E+00  -4.853872E+00        13
   7.055212E+02   2.241150E+05   1.361063E+00   1.361063E+00   3.021105E+00   1.879880E+00  -1.231021E+01   3.112652E+00  -4.853872E+00        13
   7.065212E+02   2.247850E+05   1.361063E+00   1.361063E+00   3.021105E+00   1.879880E+00  -1.231281E+01   3.112004E+00  -4.853872E+00        13
   7.075212E+02   2.254560E+05   1.361063E+00   1.361063E+00   3.021105E+00   1.879880E+00  -1.231540E+01   3.111357E+00  -4.853872E+00        13
   7.085212E+02   2.261280E+05   1.361063E+00   1.361063E+00   3.021105E+00   1.879880E+00  -1.231798E+01   3.110711E+00  -4.853872E+00        13
   7.095212E+02   2.268010E+05   1.361063E+00   1.361063E+00   3.021105E+00   1.879880E+00  -1.232056E+01   3.110065E+00  -4.853872E+00        13
   7.105212E+02   2.274750E+05   1.361063E+00   1.361063E+00   3.021105E+00   1.879880E+00  -1.232314E+01   3.109421E+00  -4.853872E+00        13
   7.115212E+02   2.281500E+05   1.361063E+00   1.361063E+00   3.021105E+00   1.879880E+00  -1.232571E+01   3.108777E+00  -4.853872E+00        13
   7.125212E+02   2.288260E+05   1.361063E+00   1.361063E+00   3.021105E+00   1.879880E+00  -1.232828E+01   3.108135E+00  -4.853872E+00        13
   7.135212E+02   2.295030E+05   1.361063E+00   1.361063E+00   3.021105E+00   1.879880E+00  -1.233085E+01   3.107494E+00  -4.853872E+00        13
   7.145212E+02   2.301810E+05   1.361063E+00   1.361063E+00   3.021105E+00   1.879880E+00  -1.233341E+01   3.106853E+00  -4.853872E+00        13
   7.155212E+02   2.308600E+05   1.361063E+00   1.361063E+00   3.021105E+00   1.879880E+00  -1.233597E+01   3.106213E+00  -4.853872E+00        13
   7.165212E+02   2.315400E+05   1.361063E+00   1.361063E+00   3.021105E+00   1.879880E+00  -1.233852E+01   3.105575E+00  -4.853872E+00        13
   7.175212E+02   2.322210E+05   1.361063E+00   1.361063E+00   3.021105E+00   1.879880E+00  -1.234107E+01   3.104937E+00  -4.853872E+00        13
   7.185212E+02   2.329030E+05   1.361063E+00   1.361063E+00   3.021105E+00   1.879880E+00  -1.234362E+01   3.104300E+00  -4.853872E+00        13
   7.195212E+02   2.335860E+05   1.361063E+00   1.361063E+00   3.021105E+00   1.879880E+00  -1.234617E+01   3.103664E+00  -4.853872E+00        13
   7.205212E+02   2.342700E+05   1.361063E+00   1.361063E+00   3.021105E+00   1.879880E+00  -1.234870E+01   3.103029E+00  -4.853872E+00        13
   7.215212E+02   2.349550E+05   1.361063E+00   1.361063E+00   3.021105E+00   1.879880E+00  -1.235124E+01   3.102395E+00  -4.853872E+00        13
   7.225212E+02   2.356410E+05   1.361063E+00   1.361063E+00   3.021105E+00   1.879880E+00  -1.235377E+01   3.101762E+00  -4.853872E+00        13
   7.235212E+02   2.363280E+05   1.361063E+00   1.361063E+00   3.021105E+00   1.879880E+00  -1.235630E+01   3.101130E+00  -4.853872E+00        13
   7.245212E+02   2.370160E+05   1.361063E+00   1.361063E+00   3.021105E+00   1.879880E+00  -1.235883E+01   3.100499E+00  -4.853872E+00        13
   7.255212E+02   2.377050E+05   1.361063E+00   1.361063E+00   3.021105E+00   1.879880E+00  -1.236135E+01   3.099869E+00  -4.853872E+00        13
   7.265212E+02   2.383950E+05   1.361063E+00   1.361063E+00   3.021105E+00   1.879880E+00  -1.236387E+01   3.099239E+00  -4.853872E+00        13
   7.275212E+02   2.390860E+05   1.361063E+00   1.361063E+00   3.021105E+00   1.879880E+00  -1.236638E+01   3.098611E+00  -4.853872E+00        13
   7.285212E+02   2.397780E+05   1.361063E+00   1.361063E+00   3.021105E+00   1.879880E+00  -1.236889E+01   3.097983E+00  -4.853872E+00        13
   7.295212E+02   2.404710E+05   1.361063E+00   1.361063E+00   3.021105E+00   1.879880E+00  -1.237140E+01   3.097356E+00  -4.853872E+00        13
   7.305212E+02   2.411650E+05   1.361063E+00   1.361063E+00   3.021105E+00   1.879880E+00  -1.237390E+01   3.096731E+00  -4.853872E+00        13
   7.315212E+02   2.418600E+05   1.361063E+00   1.361063E+00   3.021105E+00   1.879880E+00  -1.237640E+01   3.096106E+00  -4.853872E+00        13
   7.325212E+02   2.425560E+05   1.361063E+00   1.361063E+00   3.021105E+00   1.879880E+00  -1.237890E+01   3.095482E+00  -4.853872E+00        13
   7.335212E+02   2.432530E+05   1.361063E+00   1.361063E+00   3.021105E+00   1.879880E+00  -1.238139E+01   3.094859E+00  -4.853872E+00        13
   7.345212E+02   2.439510E+05   1.361063E+00   1.361063E+00   3.021105E+00   1.879880E+00  -1.238388E+01   3.094236E+00  -4.853872E+00        13
   7.355212E+02   2.446500E+05   1.361063E+00   1.361063E+00   3.021105E+00   1.879880E+00  -1.238636E+01   3.093615E+00  -4.853872E+00        13
   7.365212E+02   2.453500E+05   1.361063E+00   1.361063E+00   3.021105E+00   1.879880E+00  -1.238884E+01   3.092995E+00  -4.853872E+00        13
   7.375212E+02   2.460510E+05   1.361063E+00   1.361063E+00   3.021105E+00   1.879880E+00  -1.239132E+01   3.092375E+00  -4.853872E+00        13
   7.385212E+02   2.467530E+05   1.361063E+00   1.361063E+00   3.021105E+00   1.879880E+00  -1.239380E+01   3.091756E+00  -4.853872E+00        13
   7.395212E+02   2.474560E+05   1.361063E+00   1.361063E+00   3.021105E+00   1.879880E+00  -1.239627E+01   3.091139E+00  -4.853872E+00        13
   7.405212E+02   2.481600E+05   1.361063E+00   1.361063E+00   3.021105E+00   1.879880E+00  -1.239874E+01   3.090522E+00  -4.853872E+00        13
   7.415212E+02   2.488650E+05   1.361063E+00   1.361063E+00   3.021105E+00   1.879880E+00  -1.240120E+01   3.089906E+00  -4.853872E+00        13
   7.425212E+02   2.495710E+05   1.361063E+00   1.361063E+00   3.021105E+00   1.879880E+00  -1.240366E+01   3.089291E+00  -4.853872E+00        13
   7.435212E+02   2.502780E+05   1.361063E+00   1.361063E+00   3.021105E+00   1.879880E+00  -1.240612E+01   3.088676E+00  -4.853872E+00        13
   7.445212E+02   2.509860E+05   1.361063E+00   1.361063E+00   3.021105E+00   1.879880E+00  -1.240857E+01   3.088063E+00  -4.853872E+00        13
   7.455212E+02   2.516950E+05   1.361063E+00   1.361063E+00   3.021105E+00   1.879880E+00  -1.241102E+01   3.087450E+00  -4.853872E+00        13
   7.465212E+02   2.524050E+05   1.361063E+00   1.361063E+00   3.021105E+00   1.879880E+00  -1.241347E+01   3.086839E+00  -4.853872E+00        13
   7.475212E+02   2.531160E+05   1.361063E+00   1.361063E+00   3.021105E+00   1.879880E+00  -1.241591E+01   3.086228E+00  -4.853872E+00        13
   7.485212E+02   2.538280E+05   1.361063E+00   1.361063E+00   3.021105E+00   1.879880E+00  -1.241835E+01   3.085618E+00  -4.853872E+00        13
   7.495212E+02   2.545410E+05   1.361063E+00   1.361063E+00   3.021105E+00   1.879880E+00  -1.242079E+01   3.085009E+00  -4.853872E+00        13
   7.505212E+02   2.552550E+05   1.361063E+00   1.361063E+00   3.021105E+00   1.879880E+00  -1.242322E+01   3.084401E+00  -4.853872E+00        13
   7.515212E+02   2.559700E+05   1.361063E+00   1.361063E+00   3.021105E+00   1.879880E+00  -1.242565E+01   3.083793E+00  -4.853872E+00        13
   7.525212E+02   2.566860E+05   1.361063E+00   1.361063E+00   3.021105E+00   1.879880E+00  -1.242808E+01   3.083187E+00  -4.853872E+00        13
   7.535212E+02   2.574030E+05   1.361063E+00   1.361063E+00   3.021105E+00   1.879880E+00  -1.243050E+01   3.082581E+00  -4.853872E+00        13
   7.545212E+02   2.581210E+05   1.361063E+00   1.361063E+00   3.021105E+00   1.879880E+00  -1.243292E+01   3.081976E+00  -4.853872E+00        13
   7.555212E+02   2.588400E+05   1.361063E+00   1.361063E+00   3.021105E+00   1.879880E+00  -1.243533E+01   3.081372E+00  -4.853872E+00        13
   7.565212E+02   2.595600E+05   1.361063E+00   1.361063E+00   3.021105E+00   1.879880E+00  -1.243775E+01   3.080769E+00  -4.853872E+00        13
   7.575212E+02   2.602810E+05   1.361063E+00   1.361063E+00   3.021105E+00   1.879880E+00  -1.244016E+01   3.080166E+00  -4.853872E+00        13
   7.585212E+02   2.610030E+05   1.361063E+00   1.361063E+00   3.021105E+00   1.879880E+00  -1.244256E+01   3.079565E+00  -4.853872E+00        13
   7.595212E+02   2.617260E+05   1.361063E+00   1.361063E+00   3.021105E+00   1.879880E+00  -1.244497E+01   3.078964E+00  -4.853872E+00        13
   7.605212E+02   2.624500E+05   1.361063E+00   1.361063E+00   3.021105E+00   1.879880E+00  -1.244736E+01   3.078364E+00  -4.853872E+00        13
   7.615212E+02   2.631750E+05   1.361063E+00   1.361063E+00   3.021105E+00   1.879880E+00  -1.244976E+01   3.077765E+00  -4.853872E+00        13
   7.625212E+02   2.639010E+05   1.361063E+00   1.361063E+00   3.021105E+00   1.879880E+00  -1.245215E+01   3.077167E+00  -4.853872E+00        13
   7.635212E+02   2.646280E+05   1.361063E+00   1.361063E+00   3.021105E+00   1.879880E+00  -1.245454E+01   3.076570E+00  -4.853872E+00        13
   7.645212E+02   2.653560E+05   1.361063E+00   1.361063E+00   3.021105E+00   1.879880E+00  -1.245693E+01   3.075973E+00  -4.853872E+00        13
   7.655212E+02   2.660850E+05   1.361063E+00   1.361063E+00   3.021105E+00   1.879880E+00  -1.245931E+01   3.075377E+00  -4.853872E+00        13
   7.665212E+02   2.668150E+05   1.361063E+00   1.361063E+00   3.021105E+00   1.879880E+00  -1.246169E+01   3.074783E+00  -4.853872E+00        13
   7.675212E+02   2.675460E+05   1.361063E+00   1.361063E+00   3.021105E+00   1.879880E+00  -1.246407E+01   3.074188E+00  -4.853872E+00        13
   7.685212E+02   2.682780E+05   1.361063E+00   1.361063E+00   3.021105E+00   1.879880E+00  -1.246644E+01   3.073595E+00  -4.853872E+00        13
   7.695212E+02   2.690110E+05   1.361063E+00   1.361063E+00   3.021105E+00   1.879880E+00  -1.246881E+01   3.073003E+00  -4.853872E+00        13
   7.705212E+02   2.697450E+05   1.361063E+00   1.361063E+00   3.021105E+00   1.879880E+00  -1.247118E+01   3.072411E+00  -4.853872E+00        13
   7.715212E+02   2.704800E+05   1.361063E+00   1.361063E+00   3.021105E+00   1.879880E+00  -1.247354E+01   3.071820E+00  -4.853872E+00        13
   7.725212E+02   2.712160E+05   1.361063E+00   1.361063E+00   3.021105E+00   1.879880E+00  -1.247590E+01   3.071230E+00  -4.853872E+00        13
   7.735212E+02   2.719530E+05   1.361063E+00   1.361063E+00   3.021105E+00   1.879880E+00  -1.247826E+01   3.070641E+00  -4.853872E+00        13
   7.745212E+02   2.726910E+05   1.361063E+00   1.361063E+00   3.021105E+00   1.879880E+00  -1.248061E+01   3.070052E+00  -4.853872E+00        13
   7.755212E+02   2.734300E+05   1.361063E+00   1.361063E+00   3.021105E+00   1.879880E+00  -1.248296E+01   3.069465E+00  -4.853872E+00        13
   7.765212E+02   2.741700E+05   1.361063E+00   1.361063E+00   3.021105E+00   1.879880E+00  -1.248531E+01   3.068878E+00  -4.853872E+00        13
   7.775212E+02   2.749110E+05   1.361063E+00   1.361063E+00   3.021105E+00   1.879880E+00  -1.248766E+01   3.068292E+00  -4.853872E+00        13
   7.785212E+02   2.756530E+05   1.361063E+00   1.361063E+00   3.021105E+00   1.879880E+00  -1.249000E+01   3.067706E+00  -4.853872E+00        13
   7.795212E+02   2.763960E+05   1.361063E+00   1.361063E+00   3.021105E+00   1.879880E+00  -1.249234E+01   3.067122E+00  -4.853872E+00        13
   7.805212E+02   2.771400E+05   1.361063E+00   1.361063E+00   3.021105E+00   1.879880E+00  -1.249467E+01   3.066538E+00  -4.853872E+00        13
   7.815212E+02   2.778850E+05   1.361063E+00   1.361063E+00   3.021105E+00   1.879880E+00  -1.249700E+01   3.065955E+00  -4.853872E+00        13
   7.825212E+02   2.786310E+05   1.361063E+00   1.361063E+00   3.021105E+00   1.879880E+00  -1.249933E+01   3.065373E+00  -4.853872E+00        13
   7.835212E+02   2.793780E+05   1.361063E+00   1.361063E+00   3.021105E+00   1.879880E+00  -1.250166E+01   3.064792E+00  -4.853872E+00        13
   7.845212E+02   2.801260E+05   1.361063E+00   1.361063E+00   3.021105E+00   1.879880E+00  -1.250398E+01   3.064211E+00  -4.853872E+00        13
   7.855212E+02   2.808750E+05   1.361063E+00   1.361063E+00   3.021105E+00   1.879880E+00  -1.250630E+01   3.063631E+00  -4.853872E+00        13
   7.865212E+02   2.816250E+05   1.361063E+00   1.361063E+00   3.021105E+00   1.879880E+00  -1.250861E+01   3.063052E+00  -4.853872E+00        13
   7.875212E+02   2.823760E+05   1.361063E+00   1.361063E+00   3.021105E+00   1.879880E+00  -1.251093E+01   3.062474E+00  -4.853872E+00        13
   7.885212E+02   2.831280E+05   1.361063E+00   1.361063E+00   3.021105E+00   1.879880E+00  -1.251324E+01   3.061896E+00  -4.853872E+00        13
   7.895212E+02   2.838810E+05   1.361063E+00   1.361063E+00   3.021105E+00   1.879880E+00  -1.251554E+01   3.061320E+00  -4.853872E+00        13
   7.905212E+02   2.846350E+05   1.361063E+00   1.361063E+00   3.021105E+00   1.879880E+00  -1.251785E+01   3.060744E+00  -4.853872E+00        13
   7.915212E+02   2.853900E+05   1.361063E+00   1.361063E+00   3.021105E+00   1.879880E+00  -1.252015E+01   3.060168E+00  -4.853872E+00        13
   7.925212E+02   2.861460E+05   1.361063E+00   1.361063E+00   3.021105E+00   1.879880E+00  -1.252245E+01   3.059594E+00  -4.853872E+00        13
   7.935212E+02   2.869030E+05   1.361063E+00   1.361063E+00   3.021105E+00   1.879880E+00  -1.252474E+01   3.059020E+00  -4.853872E+00        13
   7.945212E+02   2.876610E+05   1.361063E+00   1.361063E+00   3.021105E+00   1.879880E+00  -1.252703E+01   3.058447E+00  -4.853872E+00        13
   7.955212E+02   2.884200E+05   1.361063E+00   1.361063E+00   3.021105E+00   1.879880E+00  -1.252932E+01   3.057875E+00  -4.853872E+00        13
   7.965212E+02   2.891800E+05   1.361063E+00   1.361063E+00   3.021105E+00   1.879880E+00  -1.253161E+01   3.057304E+00  -4.853872E+00        13
   7.975212E+02   2.899410E+05   1.361063E+00   1.361063E+00   3.021105E+00   1.879880E+00  -1.253389E+01   3.056733E+00  -4.853872E+00        13
   7.985212E+02   2.907030E+05   1.361063E+00   1.361063E+00   3.021105E+00   1.879880E+00  -1.253617E+01   3.056163E+00  -4.853872E+00        13
   7.995212E+02   2.914660E+05   1.361063E+00   1.361063E+00   3.021105E+00   1.879880E+00  -1.253845E+01   3.055594E+00  -4.853872E+00        13
   8.005212E+02   2.922300E+05   1.361063E+00   1.361063E+00   3.021105E+00   1.879880E+00  -1.254072E+01   3.055025E+00  -4.853872E+00        13
   8.015212E+02   2.929950E+05   1.361063E+00   1.361063E+00   3.021105E+00   1.879880E+00  -1.254299E+01   3.054458E+00  -4.853872E+00        13
   8.025212E+02   2.937610E+05   1.361063E+00   1.361063E+00   3.021105E+00   1.879880E+00  -1.254526E+01   3.053891E+00  -4.853872E+00        13
   8.035212E+02   2.945280E+05   1.361063E+00   1.361063E+00   3.021105E+00   1.879880E+00  -1.254752E+01   3.053324E+00  -4.853872E+00        13
   8.045212E+02   2.952960E+05   1.361063E+00   1.361063E+00   3.021105E+00   1.879880E+00  -1.254979E+01   3.052759E+00  -4.853872E+00        13
   8.055212E+02   2.960650E+05   1.361063E+00   1.361063E+00   3.021105E+00   1.879880E+00  -1.255205E+01   3.052194E+00  -4.853872E+00        13
   8.065212E+02   2.968350E+05   1.361063E+00   1.361063E+00   3.021105E+00   1.879880E+00  -1.255430E+01   3.051630E+00  -4.853872E+00        13
   8.075212E+02   2.976060E+05   1.361063E+00   1.361063E+00   3.021105E+00   1.879880E+00  -1.255655E+01   3.051067E+00  -4.853872E+00        13
   8.085212E+02   2.983780E+05   1.361063E+00   1.361063E+00   3.021105E+00   1.879880E+00  -1.255881E+01   3.050504E+00  -4.853872E+00        13
   8.095212E+02   2.991510E+05   1.361063E+00   1.361063E+00   3.021105E+00   1.879880E+00  -1.256105E+01   3.049942E+00  -4.853872E+00        13
   8.105212E+02   2.999250E+05   1.361063E+00   1.361063E+00   3.021105E+00   1.879880E+00  -1.256330E+01   3.049381E+00  -4.853872E+00        13
   8.115212E+02   3.007000E+05   1.361063E+00   1.361063E+00   3.021105E+00   1.879880E+00  -1.256554E+01   3.048821E+00  -4.853872E+00        13
   8.125212E+02   3.014760E+05   1.361063E+00   1.361063E+00   3.021105E+00   1.879880E+00  -1.256778E+01   3.048261E+00  -4.853872E+00        13
   8.135212E+02   3.022530E+05   1.361063E+00   1.361063E+00   3.021105E+00   1.879880E+00  -1.257001E+01   3.047702E+00  -4.853872E+00        13
   8.145212E+02   3.030310E+05   1.361063E+00   1.361063E+00   3.021105E+00   1.879880E+00  -1.257225E+01   3.047144E+00  -4.853872E+00        13
   8.155212E+02   3.038100E+05   1.361063E+00   1.361063E+00   3.021105E+00   1.879880E+00  -1.257448E+01   3.046587E+00  -4.853872E+00        13
   8.165212E+02   3.045900E+05   1.361063E+00   1.361063E+00   3.021105E+00   1.879880E+00  -1.257670E+01   3.046030E+00  -4.853872E+00        13
   8.175212E+02   3.053710E+05   1.361063E+00   1.361063E+00   3.021105E+00   1.879880E+00  -1.257893E+01   3.045474E+00  -4.853872E+00        13
   8.185212E+02   3.061530E+05   1.361063E+00   1.361063E+00   3.021105E+00   1.879880E+00  -1.258115E+01   3.044918E+00  -4.853872E+00        13
   8.195212E+02   3.069360E+05   1.361063E+00   1.361063E+00   3.021105E+00   1.879880E+00  -1.258337E+01   3.044364E+00  -4.853872E+00        13
   8.205212E+02   3.077200E+05   1.361063E+00   1.361063E+00   3.021105E+00   1.879880E+00  -1.258558E+01   3.043810E+00  -4.853872E+00        13
   8.215212E+02   3.085050E+05   1.361063E+00   1.361063E+00   3.021105E+00   1.879880E+00  -1.258780E+01   3.043257E+00  -4.853872E+00        13
   8.225212E+02   3.092910E+05   1.361063E+00   1.361063E+00   3.021105E+00   1.879880E+00  -1.259001E+01   3.042704E+00  -4.853872E+00        13
   8.235212E+02   3.100780E+05   1.361063E+00   1.361063E+00   3.021105E+00   1.879880E+00  -1.259221E+01   3.042152E+00  -4.853872E+00        13
   8.245212E+02   3.108660E+05   1.361063E+00   1.361063E+00   3.021105E+00   1.879880E+00  -1.259442E+01   3.041601E+00  -4.853872E+00        13
   8.255212E+02   3.116550E+05   1.361063E+00   1.361063E+00   3.021105E+00   1.879880E+00  -1.259662E+01   3.041051E+00  -4.853872E+00        13
   8.265212E+02   3.124450E+05   1.361063E+00   1.361063E+00   3.021105E+00   1.879880E+00  -1.259882E+01   3.040501E+00  -4.853872E+00        13
   8.275212E+02   3.132360E+05   1.361063E+00   1.361063E+00   3.021105E+00   1.879880E+00  -1.260101E+01   3.039952E+00  -4.853872E+00        13
   8.285212E+02   3.140280E+05   1.361063E+00   1.361063E+00   3.021105E+00   1.879880E+00  -1.260321E+01   3.039404E+00  -4.853872E+00        13
   8.295212E+02   3.148210E+05   1.361063E+00   1.361063E+00   3.021105E+00   1.879880E+00  -1.260540E+01   3.038856E+00  -4.853872E+00        13
   8.305212E+02   3.156150E+05   1.361063E+00   1.361063E+00   3.021105E+00   1.879880E+00  -1.260759E+01   3.038309E+00  -4.853872E+00        13
   8.315212E+02   3.164100E+05   1.361063E+00   1.361063E+00   3.021105E+00   1.879880E+00  -1.260977E+01   3.037763E+00  -4.853872E+00        13
   8.325212E+02   3.172060E+05   1.361063E+00   1.361063E+00   3.021105E+00   1.879880E+00  -1.261195E+01   3.037217E+00  -4.853872E+00        13
   8.335212E+02   3.180030E+05   1.361063E+00   1.361063E+00   3.021105E+00   1.879880E+00  -1.261413E+01   3.036672E+00  -4.853872E+00        13
   8.345212E+02   3.188010E+05   1.361063E+00   1.361063E+00   3.021105E+00   1.879880E+00  -1.261631E+01   3.036128E+00  -4.853872E+00        13
   8.355212E+02   3.196000E+05   1.361063E+00   1.361063E+00   3.021105E+00   1.879880E+00  -1.261849E+01   3.035584E+00  -4.853872E+00        13
   8.365212E+02   3.204000E+05   1.361063E+00   1.361063E+00   3.021105E+00   1.879880E+00  -1.262066E+01   3.035041E+00  -4.853872E+00        13
   8.375212E+02   3.212010E+05   1.361063E+00   1.361063E+00   3.021105E+00   1.879880E+00  -1.262283E+01   3.034499E+00  -4.853872E+00        13
   8.385212E+02   3.220030E+05   1.361063E+00   1.361063E+00   3.021105E+00   1.879880E+00  -1.262499E+01   3.033958E+00  -4.853872E+00        13
   8.395212E+02   3.228060E+05   1.361063E+00   1.361063E+00   3.021105E+00   1.879880E+00  -1.262715E+01   3.033417E+00  -4.853872E+00        13
   8.405212E+02   3.236100E+05   1.361063E+00   1.361063E+00   3.021105E+00   1.879880E+00  -1.262932E+01   3.032877E+00  -4.853872E+00        13
   8.415212E+02   3.244150E+05   1.361063E+00   1.361063E+00   3.021105E+00   1.879880E+00  -1.263147E+01   3.032337E+00  -4.853872E+00        13
   8.425212E+02   3.252210E+05   1.361063E+00   1.361063E+00   3.021105E+00   1.879880E+00  -1.263363E+01   3.031798E+00  -4.853872E+00        13
   8.435212E+02   3.260280E+05   1.361063E+00   1.361063E+00   3.021105E+00   1.879880E+00  -1.263578E+01   3.031260E+00  -4.853872E+00        13
   8.445212E+02   3.268360E+05   1.361063E+00   1.361063E+00   3.021105E+00   1.879880E+00  -1.263793E+01   3.030723E+00  -4.853872E+00        13
   8.455212E+02   3.276450E+05   1.361063E+00   1.361063E+00   3.021105E+00   1.879880E+00  -1.264008E+01   3.030186E+00  -4.853872E+00        13
   8.465212E+02   3.284550E+05   1.361063E+00   1.361063E+00   3.021105E+00   1.879880E+00  -1.264222E+01   3.029650E+00  -4.853872E+00        13
   8.475212E+02   3.292660E+05   1.361063E+00   1.361063E+00   3.021105E+00   1.879880E+00  -1.264437E+01   3.029114E+00  -4.853872E+00        13
   8.485212E+02   3.300780E+05   1.361063E+00   1.361063E+00   3.021105E+00   1.879880E+00  -1.264650E+01   3.028579E+00  -4.853872E+00        13
   8.495212E+02   3.308910E+05   1.361063E+00   1.361063E+00   3.021105E+00   1.879880E+00  -1.264864E+01   3.028045E+00  -4.853872E+00        13
   8.505212E+02   3.317050E+05   1.361063E+00   1.361063E+00   3.021105E+00   1.879880E+00  -1.265078E+01   3.027512E+00  -4.853872E+00        13
   8.515212E+02   3.325200E+05   1.361063E+00   1.361063E+00   3.021105E+00   1.879880E+00  -1.265291E+01   3.026979E+00  -4.853872E+00        13
   8.525212E+02   3.333360E+05   1.361063E+00   1.361063E+00   3.021105E+00   1.879880E+00  -1.265504E+01   3.026447E+00  -4.853872E+00        13
   8.535212E+02   3.341530E+05   1.361063E+00   1.361063E+00   3.021105E+00   1.879880E+00  -1.265716E+01   3.025915E+00  -4.853872E+00        13
   8.545212E+02   3.349710E+05   1.361063E+00   1.361063E+00   3.021105E+00   1.879880E+00  -1.265929E+01   3.025384E+00  -4.853872E+00        13
   8.555212E+02   3.357900E+05   1.361063E+00   1.361063E+00   3.021105E+00   1.879880E+00  -1.266141E+01   3.024854E+00  -4.853872E+00        13
   8.565212E+02   3.366100E+05   1.361063E+00   1.361063E+00   3.021105E+00   1.879880E+00  -1.266353E+01   3.024324E+00  -4.853872E+00        13
   8.575212E+02   3.374310E+05   1.361063E+00   1.361063E+00   3.021105E+00   1.879880E+00  -1.266564E+01   3.023795E+00  -4.853872E+00        13
   8.585212E+02   3.382530E+05   1.361063E+00   1.361063E+00   3.021105E+00   1.879880E+00  -1.266775E+01   3.023267E+00  -4.853872E+00        13
   8.595212E+02   3.390760E+05   1.361063E+00   1.361063E+00   3.021105E+00   1.879880E+00  -1.266987E+01   3.022739E+00  -4.853872E+00        13
   8.605212E+02   3.399000E+05   1.361063E+00   1.361063E+00   3.021105E+00   1.879880E+00  -1.267197E+01   3.022212E+00  -4.853872E+00        13
   8.615212E+02   3.407250E+05   1.361063E+00   1.361063E+00   3.021105E+00   1.879880E+00  -1.267408E+01   3.021686E+00  -4.853872E+00        13
   8.625212E+02   3.415510E+05   1.361063E+00   1.361063E+00   3.021105E+00   1.879880E+00  -1.267618E+01   3.021160E+00  -4.853872E+00        13
   8.635212E+02   3.423780E+05   1.361063E+00   1.361063E+00   3.021105E+00   1.879880E+00  -1.267828E+01   3.020635E+00  -4.853872E+00        13
   8.645212E+02   3.432060E+05   1.361063E+00   1.361063E+00   3.021105E+00   1.879880E+00  -1.268038E+01   3.020110E+00  -4.853872E+00        13
   8.655212E+02   3.440350E+05   1.361063E+00   1.361063E+00   3.021105E+00   1.879880E+00  -1.268248E+01   3.019586E+00  -4.853872E+00        13
   8.665212E+02   3.448650E+05   1.361063E+00   1.361063E+00   3.021105E+00   1.879880E+00  -1.268457E+01   3.019063E+00  -4.853872E+00        13
   8.675212E+02   3.456960E+05   1.361063E+00   1.361063E+00   3.021105E+00   1.879880E+00  -1.268666E+01   3.018541E+00  -4.853872E+00        13
   8.685212E+02   3.465280E+05   1.361063E+00   1.361063E+00   3.021105E+00   1.879880E+00  -1.268875E+01   3.018019E+00  -4.853872E+00        13
   8.695212E+02   3.473610E+05   1.361063E+00   1.361063E+00   3.021105E+00   1.879880E+00  -1.269083E+01   3.017497E+00  -4.853872E+00        13
   8.705212E+02   3.481950E+05   1.361063E+00   1.361063E+00   3.021105E+00   1.879880E+00  -1.269292E+01   3.016976E+00  -4.853872E+00        13
   8.715212E+02   3.490300E+05   1.361063E+00   1.361063E+00   3.021105E+00   1.879880E+00  -1.269500E+01   3.016456E+00  -4.853872E+00        13
   8.725212E+02   3.498660E+05   1.361063E+00   1.361063E+00   3.021105E+00   1.879880E+00  -1.269708E+01   3.015937E+00  -4.853872E+00        13
   8.735212E+02   3.507030E+05   1.361063E+00   1.361063E+00   3.021105E+00   1.879880E+00  -1.269915E+01   3.015418E+00  -4.853872E+00        13
   8.745212E+02   3.515410E+05   1.361063E+00   1.361063E+00   3.021105E+00   1.879880E+00  -1.270122E+01   3.014900E+00  -4.853872E+00        13
   8.755212E+02   3.523800E+05   1.361063E+00   1.361063E+00   3.021105E+00   1.879880E+00  -1.270329E+01   3.014382E+00  -4.853872E+00        13
   8.765212E+02   3.532200E+05   1.361063E+00   1.361063E+00   3.021105E+00   1.879880E+00  -1.270536E+01   3.013865E+00  -4.853872E+00        13
   8.775212E+02   3.540610E+05   1.361063E+00   1.361063E+00   3.021105E+00   1.879880E+00  -1.270743E+01   3.013349E+00  -4.853872E+00        13
   8.785212E+02   3.549030E+05   1.361063E+00   1.361063E+00   3.021105E+00   1.879880E+00  -1.270949E+01   3.012833E+00  -4.853872E+00        13
   8.795212E+02   3.557460E+05   1.361063E+00   1.361063E+00   3.021105E+00   1.879880E+00  -1.271155E+01   3.012318E+00  -4.853872E+00        13
   8.805212E+02   3.565900E+05   1.361063E+00   1.361063E+00   3.021105E+00   1.879880E+00  -1.271361E+01   3.011803E+00  -4.853872E+00        13
   8.815212E+02   3.574350E+05   1.361063E+00   1.361063E+00   3.021105E+00   1.879880E+00  -1.271567E+01   3.011289E+00  -4.853872E+00        13
   8.825212E+02   3.582810E+05   1.361063E+00   1.361063E+00   3.021105E+00   1.879880E+00  -1.271772E+01   3.010776E+00  -4.853872E+00        13
   8.835212E+02   3.591280E+05   1.361063E+00   1.361063E+00   3.021105E+00   1.879880E+00  -1.271977E+01   3.010263E+00  -4.853872E+00        13
   8.845212E+02   3.599760E+05   1.361063E+00   1.361063E+00   3.021105E+00   1.879880E+00  -1.272182E+01   3.009751E+00  -4.853872E+00        13
   8.855212E+02   3.608250E+05   1.361063E+00   1.361063E+00   3.021105E+00   1.879880E+00  -1.272386E+01   3.009239E+00  -4.853872E+00        13
   8.865212E+02   3.616750E+05   1.361063E+00   1.361063E+00   3.021105E+00   1.879880E+00  -1.272591E+01   3.008728E+00  -4.853872E+00        13
   8.875212E+02   3.625260E+05   1.361063E+00   1.361063E+00   3.021105E+00   1.879880E+00  -1.272795E+01   3.008218E+00  -4.853872E+00        13
   8.885212E+02   3.633780E+05   1.361063E+00   1.361063E+00   3.021105E+00   1.879880E+00  -1.272999E+01   3.007708E+00  -4.853872E+00        13
   8.895212E+02   3.642310E+05   1.361063E+00   1.361063E+00   3.021105E+00   1.879880E+00  -1.273203E+01   3.007199E+00  -4.853872E+00        13
   8.905212E+02   3.650850E+05   1.361063E+00   1.361063E+00   3.021105E+00   1.879880E+00  -1.273406E+01   3.006691E+00  -4.853872E+00        13
   8.915212E+02   3.659400E+05   1.361063E+00   1.361063E+00   3.021105E+00   1.879880E+00  -1.273609E+01   3.006183E+00  -4.853872E+00        13
   8.925212E+02   3.667960E+05   1.361063E+00   1.361063E+00   3.021105E+00   1.879880E+00  -1.273812E+01   3.005675E+00  -4.853872E+00        13
   8.935212E+02   3.676530E+05   1.361063E+00   1.361063E+00   3.021105E+00   1.879880E+00  -1.274015E+01   3.005169E+00  -4.853872E+00        13
   8.945212E+02   3.685110E+05   1.361063E+00   1.361063E+00   3.021105E+00   1.879880E+00  -1.274217E+01   3.004662E+00  -4.853872E+00        13
   8.955212E+02   3.693700E+05   1.361063E+00   1.361063E+00   3.021105E+00   1.879880E+00  -1.274419E+01   3.004157E+00  -4.853872E+00        13
   8.965212E+02   3.702300E+05   1.361063E+00   1.361063E+00   3.021105E+00   1.879880E+00  -1.274621E+01   3.003652E+00  -4.853872E+00        13
   8.975212E+02   3.710910E+05   1.361063E+00   1.361063E+00   3.021105E+00   1.879880E+00  -1.274823E+01   3.003147E+00  -4.853872E+00        13
   8.985212E+02   3.719530E+05   1.361063E+00   1.361063E+00   3.021105E+00   1.879880E+00  -1.275025E+01   3.002644E+00  -4.853872E+00        13
   8.995212E+02   3.728160E+05   1.361063E+00   1.361063E+00   3.021105E+00   1.879880E+00  -1.275226E+01   3.002140E+00  -4.853872E+00        13
   9.005212E+02   3.736800E+05   1.361063E+00   1.361063E+00   3.021105E+00   1.879880E+00  -1.275427E+01   3.001638E+00  -4.853872E+00        13
   9.015212E+02   3.745450E+05   1.361063E+00   1.361063E+00   3.021105E+00   1.879880E+00  -1.275628E+01   3.001136E+00  -4.853872E+00        13
   9.025212E+02   3.754110E+05   1.361063E+00   1.361063E+00   3.021105E+00   1.879880E+00  -1.275829E+01   3.000634E+00  -4.853872E+00        13
   9.035212E+02   3.762780E+05   1.361063E+00   1.361063E+00   3.021105E+00   1.879880E+00  -1.276029E+01   3.000133E+00  -4.853872E+00        13
   9.045212E+02   3.771460E+05   1.361063E+00   1.361063E+00   3.021105E+00   1.879880E+00  -1.276229E+01   2.999633E+00  -4.853872E+00        13
   9.055212E+02   3.780150E+05   1.361063E+00   1.361063E+00   3.021105E+00   1.879880E+00  -1.276429E+01   2.999133E+00  -4.853872E+00        13
   9.065212E+02   3.788850E+05   1.361063E+00   1.361063E+00   3.021105E+00   1.879880E+00  -1.276629E+01   2.998634E+00  -4.853872E+00        13
   9.075212E+02   3.797560E+05   1.361063E+00   1.361063E+00   3.021105E+00   1.879880E+00  -1.276828E+01   2.998135E+00  -4.853872E+00        13
   9.085212E+02   3.806280E+05   1.361063E+00   1.361063E+00   3.021105E+00   1.879880E+00  -1.277027E+01   2.997637E+00  -4.853872E+00        13
   9.095212E+02   3.815010E+05   1.361063E+00   1.361063E+00   3.021105E+00   1.879880E+00  -1.277226E+01   2.997140E+00  -4.853872E+00        13
   9.105212E+02   3.823750E+05   1.361063E+00   1.361063E+00   3.021105E+00   1.879880E+00  -1.277425E+01   2.996643E+00  -4.853872E+00        13
   9.115212E+02   3.832500E+05   1.361063E+00   1.361063E+00   3.021105E+00   1.879880E+00  -1.277624E+01   2.996147E+00  -4.853872E+00        13
   9.125212E+02   3.841260E+05   1.361063E+00   1.361063E+00   3.021105E+00   1.879880E+00  -1.277822E+01   2.995651E+00  -4.853872E+00        13
   9.135212E+02   3.850030E+05   1.361063E+00   1.361063E+00   3.021105E+00   1.879880E+00  -1.278020E+01   2.995156E+00  -4.853872E+00        13
   9.145212E+02   3.858810E+05   1.361063E+00   1.361063E+00   3.021105E+00   1.879880E+00  -1.278218E+01   2.994661E+00  -4.853872E+00        13
   9.155212E+02   3.867600E+05   1.361063E+00   1.361063E+00   3.021105E+00   1.879880E+00  -1.278415E+01   2.994167E+00  -4.853872E+00        13
   9.165212E+02   3.876400E+05   1.361063E+00   1.361063E+00   3.021105E+00   1.879880E+00  -1.278613E+01   2.993673E+00  -4.853872E+00        13
   9.175212E+02   3.885210E+05   1.361063E+00   1.361063E+00   3.021105E+00   1.879880E+00  -1.278810E+01   2.993180E+00  -4.853872E+00        13
   9.185212E+02   3.894030E+05   1.361063E+00   1.361063E+00   3.021105E+00   1.879880E+00  -1.279007E+01   2.992688E+00  -4.853872E+00        13
   9.195212E+02   3.902860E+05   1.361063E+00   1.361063E+00   3.021105E+00   1.879880E+00  -1.279204E+01   2.992196E+00  -4.853872E+00        13
   9.205212E+02   3.911700E+05   1.361063E+00   1.361063E+00   3.021105E+00   1.879880E+00  -1.279400E+01   2.991705E+00  -4.853872E+00        13
   9.215212E+02   3.920550E+05   1.361063E+00   1.361063E+00   3.021105E+00   1.879880E+00  -1.279597E+01   2.991214E+00  -4.853872E+00        13
   9.225212E+02   3.929410E+05   1.361063E+00   1.361063E+00   3.021105E+00   1.879880E+00  -1.279793E+01   2.990724E+00  -4.853872E+00        13
   9.235212E+02   3.938280E+05   1.361063E+00   1.361063E+00   3.021105E+00   1.879880E+00  -1.279988E+01   2.990234E+00  -4.853872E+00        13
   9.245212E+02   3.947160E+05   1.361063E+00   1.361063E+00   3.021105E+00   1.879880E+00  -1.280184E+01   2.989745E+00  -4.853872E+00        13
   9.255212E+02   3.956050E+05   1.361063E+00   1.361063E+00   3.021105E+00   1.879880E+00  -1.280380E+01   2.989257E+00  -4.853872E+00        13
   9.265212E+02   3.964950E+05   1.361063E+00   1.361063E+00   3.021105E+00   1.879880E+00  -1.280575E+01   2.988769E+00  -4.853872E+00        13
   9.275212E+02   3.973860E+05   1.361063E+00   1.361063E+00   3.021105E+00   1.879880E+00  -1.280770E+01   2.988281E+00  -4.853872E+00        13
   9.285212E+02   3.982780E+05   1.361063E+00   1.361063E+00   3.021105E+00   1.879880E+00  -1.280964E+01   2.987795E+00  -4.853872E+00        13
   9.295212E+02   3.991710E+05   1.361063E+00   1.361063E+00   3.021105E+00   1.879880E+00  -1.281159E+01   2.987308E+00  -4.853872E+00        13
   9.305212E+02   4.000650E+05   1.361063E+00   1.361063E+00   3.021105E+00   1.879880E+00  -1.281353E+01   2.986822E+00  -4.853872E+00        13
   9.315212E+02   4.009600E+05   1.361063E+00   1.361063E+00   3.021105E+00   1.879880E+00  -1.281547E+01   2.986337E+00  -4.853872E+00        13
   9.325212E+02   4.018560E+05   1.361063E+00   1.361063E+00   3.021105E+00   1.879880E+00  -1.281741E+01   2.985852E+00  -4.853872E+00        13
   9.335212E+02   4.027530E+05   1.361063E+00   1.361063E+00   3.021105E+00   1.879880E+00  -1.281935E+01   2.985368E+00  -4.853872E+00        13
   9.345212E+02   4.036510E+05   1.361063E+00   1.361063E+00   3.021105E+00   1.879880E+00  -1.282128E+01   2.984885E+00  -4.853872E+00        13
   9.355212E+02   4.045500E+05   1.361063E+00   1.361063E+00   3.021105E+00   1.879880E+00  -1.282322E+01   2.984402E+00  -4.853872E+00        13
   9.365212E+02   4.054500E+05   1.361063E+00   1.361063E+00   3.021105E+00   1.879880E+00  -1.282515E+01   2.983919E+00  -4.853872E+00        13
   9.375212E+02   4.063510E+05   1.361063E+00   1.361063E+00   3.021105E+00   1.879880E+00  -1.282707E+01   2.983437E+00  -4.853872E+00        13
   9.385212E+02   4.072530E+05   1.361063E+00   1.361063E+00   3.021105E+00   1.879880E+00  -1.282900E+01   2.982956E+00  -4.853872E+00        13
   9.395212E+02   4.081560E+05   1.361063E+00   1.361063E+00   3.021105E+00   1.879880E+00  -1.283092E+01   2.982475E+00  -4.853872E+00        13
   9.405212E+02   4.090600E+05   1.361063E+00   1.361063E+00   3.021105E+00   1.879880E+00  -1.283285E+01   2.981994E+00  -4.853872E+00        13
   9.415212E+02   4.099650E+05   1.361063E+00   1.361063E+00   3.021105E+00   1.879880E+00  -1.283477E+01   2.981514E+00  -4.853872E+00        13
   9.425212E+02   4.108710E+05   1.361063E+00   1.361063E+00   3.021105E+00   1.879880E+00  -1.283668E+01   2.981035E+00  -4.853872E+00        13
   9.435212E+02   4.117780E+05   1.361063E+00   1.361063E+00   3.021105E+00   1.879880E+00  -1.283860E+01   2.980556E+00  -4.853872E+00        13
   9.445212E+02   4.126860E+05   1.361063E+00   1.361063E+00   3.021105E+00   1.879880E+00  -1.284051E+01   2.980078E+00  -4.853872E+00        13
   9.455212E+02   4.135950E+05   1.361063E+00   1.361063E+00   3.021105E+00   1.879880E+00  -1.284242E+01   2.979600E+00  -4.853872E+00        13
   9.465212E+02   4.145050E+05   1.361063E+00   1.361063E+00   3.021105E+00   1.879880E+00  -1.284433E+01   2.979123E+00  -4.853872E+00        13
   9.475212E+02   4.154160E+05   1.361063E+00   1.361063E+00   3.021105E+00   1.879880E+00  -1.284624E+01   2.978646E+00  -4.853872E+00        13
   9.485212E+02   4.163280E+05   1.361063E+00   1.361063E+00   3.021105E+00   1.879880E+00  -1.284814E+01   2.978170E+00  -4.853872E+00        13
   9.495212E+02   4.172410E+05   1.361063E+00   1.361063E+00   3.021105E+00   1.879880E+00  -1.285005E+01   2.977694E+00  -4.853872E+00        13
   9.505212E+02   4.181550E+05   1.361063E+00   1.361063E+00   3.021105E+00   1.879880E+00  -1.285195E+01   2.977219E+00  -4.853872E+00        13
   9.515212E+02   4.190700E+05   1.361063E+00   1.361063E+00   3.021105E+00   1.879880E+00  -1.285384E+01   2.976744E+00  -4.853872E+00        13
   9.525212E+02   4.199860E+05   1.361063E+00   1.361063E+00   3.021105E+00   1.879880E+00  -1.285574E+01   2.976270E+00  -4.853872E+00        13
   9.535212E+02   4.209030E+05   1.361063E+00   1.361063E+00   3.021105E+00   1.879880E+00  -1.285764E+01   2.975797E+00  -4.853872E+00        13
   9.545212E+02   4.218210E+05   1.361063E+00   1.361063E+00   3.021105E+00   1.879880E+00  -1.285953E+01   2.975324E+00  -4.853872E+00        13
   9.555212E+02   4.227400E+05   1.361063E+00   1.361063E+00   3.021105E+00   1.879880E+00  -1.286142E+01   2.974851E+00  -4.853872E+00        13
   9.565212E+02   4.236600E+05   1.361063E+00   1.361063E+00   3.021105E+00   1.879880E+00  -1.286331E+01   2.974379E+00  -4.853872E+00        13
   9.575212E+02   4.245810E+05   1.361063E+00   1.361063E+00   3.021105E+00   1.879880E+00  -1.286519E+01   2.973907E+00  -4.853872E+00        13
   9.585212E+02   4.255030E+05   1.361063E+00   1.361063E+00   3.021105E+00   1.879880E+00  -1.286708E+01   2.973436E+00  -4.853872E+00        13
   9.595212E+02   4.264260E+05   1.361063E+00   1.361063E+00   3.021105E+00   1.879880E+00  -1.286896E+01   2.972966E+00  -4.853872E+00        13
   9.605212E+02   4.273500E+05   1.361063E+00   1.361063E+00   3.021105E+00   1.879880E+00  -1.287084E+01   2.972496E+00  -4.853872E+00        13
   9.615212E+02   4.282750E+05   1.361063E+00   1.361063E+00   3.021105E+00   1.879880E+00  -1.287272E+01   2.972026E+00  -4.853872E+00        13
   9.625212E+02   4.292010E+05   1.361063E+00   1.361063E+00   3.021105E+00   1.879880E+00  -1.287459E+01   2.971557E+00  -4.853872E+00        13
   9.635212E+02   4.301280E+05   1.361063E+00   1.361063E+00   3.021105E+00   1.879880E+00  -1.287647E+01   2.971089E+00  -4.853872E+00        13
   9.645212E+02   4.310560E+05   1.361063E+00   1.361063E+00   3.021105E+00   1.879880E+00  -1.287834E+01   2.970621E+00  -4.853872E+00        13
   9.655212E+02   4.319850E+05   1.361063E+00   1.361063E+00   3.021105E+00   1.879880E+00  -1.288021E+01   2.970153E+00  -4.853872E+00        13
   9.665212E+02   4.329150E+05   1.361063E+00   1.361063E+00   3.021105E+00   1.879880E+00  -1.288208E+01   2.969686E+00  -4.853872E+00        13
   9.675212E+02   4.338460E+05   1.361063E+00   1.361063E+00   3.021105E+00   1.879880E+00  -1.288394E+01   2.969220E+00  -4.853872E+00        13
   9.685212E+02   4.347780E+05   1.361063E+00   1.361063E+00   3.021105E+00   1.879880E+00  -1.288581E+01   2.968754E+00  -4.853872E+00        13
   9.695212E+02   4.357110E+05   1.361063E+00   1.361063E+00   3.021105E+00   1.879880E+00  -1.288767E+01   2.968288E+00  -4.853872E+00        13
   9.705212E+02   4.366450E+05   1.361063E+00   1.361063E+00   3.021105E+00   1.879880E+00  -1.288953E+01   2.967823E+00  -4.853872E+00        13
   9.715212E+02   4.375800E+05   1.361063E+00   1.361063E+00   3.021105E+00   1.879880E+00  -1.289139E+01   2.967359E+00  -4.853872E+00        13
   9.725212E+02   4.385160E+05   1.361063E+00   1.361063E+00   3.021105E+00   1.879880E+00  -1.289324E+01   2.966895E+00  -4.853872E+00        13
   9.735212E+02   4.394530E+05   1.361063E+00   1.361063E+00   3.021105E+00   1.879880E+00  -1.289510E+01   2.966431E+00  -4.853872E+00        13
   9.745212E+02   4.403910E+05   1.361063E+00   1.361063E+00   3.021105E+00   1.879880E+00  -1.289695E+01   2.965968E+00  -4.853872E+00        13
   9.755212E+02   4.413300E+05   1.361063E+00   1.361063E+00   3.021105E+00   1.879880E+00  -1.289880E+01   2.965506E+00  -4.853872E+00        13
   9.765212E+02   4.422700E+05   1.361063E+00   1.361063E+00   3.021105E+00   1.879880E+00  -1.290065E+01   2.965044E+00  -4.853872E+00        13
   9.775212E+02   4.432110E+05   1.361063E+00   1.361063E+00   3.021105E+00   1.879880E+00  -1.290249E+01   2.964582E+00  -4.853872E+00        13
   9.785212E+02   4.441530E+05   1.361063E+00   1.361063E+00   3.021105E+00   1.879880E+00  -1.290434E+01   2.964121E+00  -4.853872E+00        13
   9.795212E+02   4.450960E+05   1.361063E+00   1.361063E+00   3.021105E+00   1.879880E+00  -1.290618E+01   2.963661E+00  -4.853872E+00        13
   9.805212E+02   4.460400E+05   1.361063E+00   1.361063E+00   3.021105E+00   1.879880E+00  -1.290802E+01   2.963201E+00  -4.853872E+00        13
   9.815212E+02   4.469850E+05   1.361063E+00   1.361063E+00   3.021105E+00   1.879880E+00  -1.290986E+01   2.962741E+00  -4.853872E+00        13
   9.825212E+02   4.479310E+05   1.361063E+00   1.361063E+00   3.021105E+00   1.879880E+00  -1.291169E+01   2.962282E+00  -4.853872E+00        13
   9.835212E+02   4.488780E+05   1.361063E+00   1.361063E+00   3.021105E+00   1.879880E+00  -1.291353E+01   2.961824E+00  -4.853872E+00        13
   9.845212E+02   4.498260E+05   1.361063E+00   1.361063E+00   3.021105E+00   1.879880E+00  -1.291536E+01   2.961365E+00  -4.853872E+00        13
   9.855212E+02   4.507750E+05   1.361063E+00   1.361063E+00   3.021105E+00   1.879880E+00  -1.291719E+01   2.960908E+00  -4.853872E+00        13
   9.865212E+02   4.517250E+05   1.361063E+00   1.361063E+00   3.021105E+00   1.879880E+00  -1.291902E+01   2.960451E+00  -4.853872E+00        13
   9.875212E+02   4.526760E+05   1.361063E+00   1.361063E+00   3.021105E+00   1.879880E+00  -1.292085E+01   2.959994E+00  -4.853872E+00        13
   9.885212E+02   4.536280E+05   1.361063E+00   1.361063E+00   3.021105E+00   1.879880E+00  -1.292267E+01   2.959538E+00  -4.853872E+00        13
   9.895212E+02   4.545810E+05   1.361063E+00   1.361063E+00   3.021105E+00   1.879880E+00  -1.292449E+01   2.959082E+00  -4.853872E+00        13
   9.905212E+02   4.555350E+05   1.361063E+00   1.361063E+00   3.021105E+00   1.879880E+00  -1.292632E+01   2.958627E+00  -4.853872E+00        13
   9.915212E+02   4.564900E+05   1.361063E+00   1.361063E+00   3.021105E+00   1.879880E+00  -1.292813E+01   2.958172E+00  -4.853872E+00        13
   9.925212E+02   4.574460E+05   1.361063E+00   1.361063E+00   3.021105E+00   1.879880E+00  -1.292995E+01   2.957718E+00  -4.853872E+00        13
   9.935212E+02   4.584030E+05   1.361063E+00   1.361063E+00   3.021105E+00   1.879880E+00  -1.293177E+01   2.957264E+00  -4.853872E+00        13
   9.945212E+02   4.593610E+05   1.361063E+00   1.361063E+00   3.021105E+00   1.879880E+00  -1.293358E+01   2.956811E+00  -4.853872E+00        13
   9.955212E+02   4.603200E+05   1.361063E+00   1.361063E+00   3.021105E+00   1.879880E+00  -1.293539E+01   2.956358E+00  -4.853872E+00        13
   9.965212E+02   4.612800E+05   1.361063E+00   1.361063E+00   3.021105E+00   1.879880E+00  -1.293720E+01   2.955905E+00  -4.853872E+00        13
   9.975212E+02   4.622410E+05   1.361063E+00   1.361063E+00   3.021105E+00   1.879880E+00  -1.293901E+01   2.955453E+00  -4.853872E+00        13
   9.985212E+02   4.632030E+05   1.361063E+00   1.361063E+00   3.021105E+00   1.879880E+00  -1.294081E+01   2.955002E+00  -4.853872E+00        13
   9.995212E+02   4.641660E+05   1.361063E+00   1.361063E+00   3.021105E+00   1.879880E+00  -1.294262E+01   2.954551E+00  -4.853872E+00        13
   1.000521E+03   4.651300E+05   1.361063E+00   1.361063E+00   3.021105E+00   1.879880E+00  -1.294442E+01   2.954101E+00  -4.853872E+00        13
   1.001521E+03   4.660950E+05   1.361063E+00   1.361063E+00   3.021105E+00   1.879880E+00  -1.294622E+01   2.953650E+00  -4.853872E+00        13
   1.002521E+03   4.670610E+05   1.361063E+00   1.361063E+00   3.021105E+00   1.879880E+00  -1.294802E+01   2.953201E+00  -4.853872E+00        13
   1.003521E+03   4.680280E+05   1.361063E+00   1.361063E+00   3.021105E+00   1.879880E+00  -1.294982E+01   2.952752E+00  -4.853872E+00        13
   1.004521E+03   4.689960E+05   1.361063E+00   1.361063E+00   3.021105E+00   1.879880E+00  -1.295161E+01   2.952303E+00  -4.853872E+00        13
   1.005521E+03   4.699650E+05   1.361063E+00   1.361063E+00   3.021105E+00   1.879880E+00  -1.295340E+01   2.951855E+00  -4.853872E+00        13
   1.006521E+03   4.709350E+05   1.361063E+00   1.361063E+00   3.021105E+00   1.879880E+00  -1.295519E+01   2.951407E+00  -4.853872E+00        13
   1.007521E+03   4.719060E+05   1.361063E+00   1.361063E+00   3.021105E+00   1.879880E+00  -1.295698E+01   2.950960E+00  -4.853872E+00        13
   1.008521E+03   4.728780E+05   1.361063E+00   1.361063E+00   3.021105E+00   1.879880E+00  -1.295877E+01   2.950513E+00  -4.853872E+00        13
   1.009521E+03   4.738510E+05   1.361063E+00   1.361063E+00   3.021105E+00   1.879880E+00  -1.296056E+01   2.950067E+00  -4.853872E+00        13
   1.010521E+03   4.748250E+05   1.361063E+00   1.361063E+00   3.021105E+00   1.879880E+00  -1.296234E+01   2.949621E+00  -4.853872E+00        13
   1.011521E+03   4.758000E+05   1.361063E+00   1.361063E+00   3.021105E+00   1.879880E+00  -1.296412E+01   2.949175E+00  -4.853872E+00        13
   1.012521E+03   4.767760E+05   1.361063E+00   1.361063E+00   3.021105E+00   1.879880E+00  -1.296590E+01   2.948731E+00  -4.853872E+00        13
   1.013521E+03   4.777530E+05   1.361063E+00   1.361063E+00   3.021105E+00   1.879880E+00  -1.296768E+01   2.948286E+00  -4.853872E+00        13
   1.014521E+03   4.787310E+05   1.361063E+00   1.361063E+00   3.021105E+00   1.879880E+00  -1.296945E+01   2.947842E+00  -4.853872E+00        13
   1.015521E+03   4.797100E+05   1.361063E+00   1.361063E+00   3.021105E+00   1.879880E+00  -1.297123E+01   2.947398E+00  -4.853872E+00        13
   1.016521E+03   4.806900E+05   1.361063E+00   1.361063E+00   3.021105E+00   1.879880E+00  -1.297300E+01   2.946955E+00  -4.853872E+00        13
   1.017521E+03   4.816710E+05   1.361063E+00   1.361063E+00   3.021105E+00   1.879880E+00  -1.297477E+01   2.946512E+00  -4.853872E+00        13
   1.018521E+03   4.826530E+05   1.361063E+00   1.361063E+00   3.021105E+00   1.879880E+00  -1.297654E+01   2.946070E+00  -4.853872E+00        13
   1.019521E+03   4.836360E+05   1.361063E+00   1.361063E+00   3.021105E+00   1.879880E+00  -1.297831E+01   2.945628E+00  -4.853872E+00        13
   1.020521E+03   4.846200E+05   1.361063E+00   1.361063E+00   3.021105E+00   1.879880E+00  -1.298007E+01   2.945187E+00  -4.853872E+00        13
   1.021521E+03   4.856050E+05   1.361063E+00   1.361063E+00   3.021105E+00   1.879880E+00  -1.298184E+01   2.944746E+00  -4.853872E+00        13
   1.022521E+03   4.865910E+05   1.361063E+00   1.361063E+00   3.021105E+00   1.879880E+00  -1.298360E+01   2.944306E+00  -4.853872E+00        13
   1.023521E+03   4.875780E+05   1.361063E+00   1.361063E+00   3.021105E+00   1.879880E+00  -1.298536E+01   2.943866E+00  -4.853872E+00        13
   1.024521E+03   4.885660E+05   1.361063E+00   1.361063E+00   3.021105E+00   1.879880E+00  -1.298712E+01   2.943426E+00  -4.853872E+00        13
   1.025521E+03   4.895550E+05   1.361063E+00   1.361063E+00   3.021105E+00   1.879880E+00  -1.298887E+01   2.942987E+00  -4.853872E+00        13
   1.026521E+03   4.905450E+05   1.361063E+00   1.361063E+00   3.021105E+00   1.879880E+00  -1.299063E+01   2.942548E+00  -4.853872E+00        13
   1.027521E+03   4.915360E+05   1.361063E+00   1.361063E+00   3.021105E+00   1.879880E+00  -1.299238E+01   2.942110E+00  -4.853872E+00        13
   1.028521E+03   4.925280E+05   1.361063E+00   1.361063E+00   3.021105E+00   1.879880E+00  -1.299413E+01   2.941672E+00  -4.853872E+00        13
   1.029521E+03   4.935210E+05   1.361063E+00   1.361063E+00   3.021105E+00   1.879880E+00  -1.299588E+01   2.941235E+00  -4.853872E+00        13
   1.030521E+03   4.945150E+05   1.361063E+00   1.361063E+00   3.021105E+00   1.879880E+00  -1.299763E+01   2.940798E+00  -4.853872E+00        13
   1.031521E+03   4.955100E+05   1.361063E+00   1.361063E+00   3.021105E+00   1.879880E+00  -1.299938E+01   2.940361E+00  -4.853872E+00        13
   1.032521E+03   4.965060E+05   1.361063E+00   1.361063E+00   3.021105E+00   1.879880E+00  -1.300112E+01   2.939925E+00  -4.853872E+00        13
   1.033521E+03   4.975030E+05   1.361063E+00   1.361063E+00   3.021105E+00   1.879880E+00  -1.300286E+01   2.939490E+00  -4.853872E+00        13
   1.034521E+03   4.985010E+05   1.361063E+00   1.361063E+00   3.021105E+00   1.879880E+00  -1.300460E+01   2.939055E+00  -4.853872E+00        13
   1.035521E+03   4.995000E+05   1.361063E+00   1.361063E+00   3.021105E+00   1.879880E+00  -1.300634E+01   2.938620E+00  -4.853872E+00        13
   1.036521E+03   5.005000E+05   1.361063E+00   1.361063E+00   3.021105E+00   1.879880E+00  -1.300808E+01   2.938186E+00  -4.853872E+00        13
   1.037521E+03   5.015010E+05   1.361063E+00   1.361063E+00   3.021105E+00   1.879880E+00  -1.300982E+01   2.937752E+00  -4.853872E+00        13
   1.038521E+03   5.025030E+05   1.361063E+00   1.361063E+00   3.021105E+00   1.879880E+00  -1.301155E+01   2.937318E+00  -4.853872E+00        13
   1.039521E+03   5.035060E+05   1.361063E+00   1.361063E+00   3.021105E+00   1.879880E+00  -1.301328E+01   2.936885E+00  -4.853872E+00        13
   1.040521E+03   5.045100E+05   1.361063E+00   1.361063E+00   3.021105E+00   1.879880E+00  -1.301501E+01   2.936453E+00  -4.853872E+00        13
   1.041521E+03   5.055150E+05   1.361063E+00   1.361063E+00   3.021105E+00   1.879880E+00  -1.301674E+01   2.936021E+00  -4.853872E+00        13
   1.042521E+03   5.065210E+05   1.361063E+00   1.361063E+00   3.021105E+00   1.879880E+00  -1.301847E+01   2.935589E+00  -4.853872E+00        13
   1.043521E+03   5.075280E+05   1.361063E+00   1.361063E+00   3.021105E+00   1.879880E+00  -1.302019E+01   2.935158E+00  -4.853872E+00        13
   1.044521E+03   5.085360E+05   1.361063E+00   1.361063E+00   3.021105E+00   1.879880E+00  -1.302191E+01   2.934727E+00  -4.853872E+00        13
   1.045521E+03   5.095450E+05   1.361063E+00   1.361063E+00   3.021105E+00   1.879880E+00  -1.302364E+01   2.934296E+00  -4.853872E+00        13
   1.046521E+03   5.105550E+05   1.361063E+00   1.361063E+00   3.021105E+00   1.879880E+00  -1.302536E+01   2.933866E+00  -4.853872E+00        13
   1.047521E+03   5.115660E+05   1.361063E+00   1.361063E+00   3.021105E+00   1.879880E+00  -1.302707E+01   2.933437E+00  -4.853872E+00        13
   1.048521E+03   5.125780E+05   1.361063E+00   1.361063E+00   3.021105E+00   1.879880E+00  -1.302879E+01   2.933008E+00  -4.853872E+00        13
   1.049521E+03   5.135910E+05   1.361063E+00   1.361063E+00   3.021105E+00   1.879880E+00  -1.303051E+01   2.932579E+00  -4.853872E+00        13
   1.050521E+03   5.146050E+05   1.361063E+00   1.361063E+00   3.021105E+00   1.879880E+00  -1.303222E+01   2.932151E+00  -4.853872E+00        13
   1.051521E+03   5.156200E+05   1.361063E+00   1.361063E+00   3.021105E+00   1.879880E+00  -1.303393E+01   2.931723E+00  -4.853872E+00        13
   1.052521E+03   5.166360E+05   1.361063E+00   1.361063E+00   3.021105E+00   1.879880E+00  -1.303564E+01   2.931295E+00  -4.853872E+00        13
   1.053521E+03   5.176530E+05   1.361063E+00   1.361063E+00   3.021105E+00   1.879880E+00  -1.303735E+01   2.930868E+00  -4.853872E+00        13
   1.054521E+03   5.186710E+05   1.361063E+00   1.361063E+00   3.021105E+00   1.879880E+00  -1.303906E+01   2.930442E+00  -4.853872E+00        13
   1.055521E+03   5.196900E+05   1.361063E+00   1.361063E+00   3.021105E+00   1.879880E+00  -1.304076E+01   2.930016E+00  -4.853872E+00        13
   1.056521E+03   5.207100E+05   1.361063E+00   1.361063E+00   3.021105E+00   1.879880E+00  -1.304246E+01   2.929590E+00  -4.853872E+00        13
   1.057521E+03   5.217310E+05   1.361063E+00   1.361063E+00   3.021105E+00   1.879880E+00  -1.304416E+01   2.929164E+00  -4.853872E+00        13
   1.058521E+03   5.227530E+05   1.361063E+00   1.361063E+00   3.021105E+00   1.879880E+00  -1.304586E+01   2.928739E+00  -4.853872E+00        13
   1.059521E+03   5.237760E+05   1.361063E+00   1.361063E+00   3.021105E+00   1.879880E+00  -1.304756E+01   2.928315E+00  -4.853872E+00        13
   1.060521E+03   5.248000E+05   1.361063E+00   1.361063E+00   3.021105E+00   1.879880E+00  -1.304926E+01   2.927891E+00  -4.853872E+00        13
   1.061521E+03   5.258250E+05   1.361063E+00   1.361063E+00   3.021105E+00   1.879880E+00  -1.305095E+01   2.927467E+00  -4.853872E+00        13
   1.062521E+03   5.268510E+05   1.361063E+00   1.361063E+00   3.021105E+00   1.879880E+00  -1.305265E+01   2.927044E+00  -4.853872E+00        13
   1.063521E+03   5.278780E+05   1.361063E+00   1.361063E+00   3.021105E+00   1.879880E+00  -1.305434E+01   2.926621E+00  -4.853872E+00        13
   1.064521E+03   5.289060E+05   1.361063E+00   1.361063E+00   3.021105E+00   1.879880E+00  -1.305603E+01   2.926198E+00  -4.853872E+00        13
   1.065521E+03   5.299350E+05   1.361063E+00   1.361063E+00   3.021105E+00   1.879880E+00  -1.305772E+01   2.925776E+00  -4.853872E+00        13
   1.066521E+03   5.309650E+05   1.361063E+00   1.361063E+00   3.021105E+00   1.879880E+00  -1.305940E+01   2.925355E+00  -4.853872E+00        13
   1.067521E+03   5.319960E+05   1.361063E+00   1.361063E+00   3.021105E+00   1.879880E+00  -1.306109E+01   2.924934E+00  -4.853872E+00        13
   1.068521E+03   5.330280E+05   1.361063E+00   1.361063E+00   3.021105E+00   1.879880E+00  -1.306277E+01   2.924513E+00  -4.853872E+00        13
   1.069521E+03   5.340610E+05   1.361063E+00   1.361063E+00   3.021105E+00   1.879880E+00  -1.306445E+01   2.924092E+00  -4.853872E+00        13
   1.070521E+03   5.350950E+05   1.361063E+00   1.361063E+00   3.021105E+00   1.879880E+00  -1.306613E+01   2.923672E+00  -4.853872E+00        13
   1.071521E+03   5.361300E+05   1.361063E+00   1.361063E+00   3.021105E+00   1.879880E+00  -1.306781E+01   2.923253E+00  -4.853872E+00        13
   1.072521E+03   5.371660E+05   1.361063E+00   1.361063E+00   3.021105E+00   1.879880E+00  -1.306949E+01   2.922833E+00  -4.853872E+00        13
   1.073521E+03   5.382030E+05   1.361063E+00   1.361063E+00   3.021105E+00   1.879880E+00  -1.307116E+01   2.922415E+00  -4.853872E+00        13
   1.074521E+03   5.392410E+05   1.361063E+00   1.361063E+00   3.021105E+00   1.879880E+00  -1.307284E+01   2.921996E+00  -4.853872E+00        13
   1.075521E+03   5.402800E+05   1.361063E+00   1.361063E+00   3.021105E+00   1.879880E+00  -1.307451E+01   2.921578E+00  -4.853872E+00        13
   1.076521E+03   5.413200E+05   1.361063E+00   1.361063E+00   3.021105E+00   1.879880E+00  -1.307618E+01   2.921161E+00  -4.853872E+00        13
   1.077521E+03   5.423610E+05   1.361063E+00   1.361063E+00   3.021105E+00   1.879880E+00  -1.307785E+01   2.920743E+00  -4.853872E+00        13
   1.078521E+03   5.434030E+05   1.361063E+00   1.361063E+00   3.021105E+00   1.879880E+00  -1.307952E+01   2.920327E+00  -4.853872E+00        13
   1.079521E+03   5.444460E+05   1.361063E+00   1.361063E+00   3.021105E+00   1.879880E+00  -1.308118E+01   2.919910E+00  -4.853872E+00        13
   1.080521E+03   5.454900E+05   1.361063E+00   1.361063E+00   3.021105E+00   1.879880E+00  -1.308285E+01   2.919494E+00  -4.853872E+00        13
   1.081521E+03   5.465350E+05   1.361063E+00   1.361063E+00   3.021105E+00   1.879880E+00  -1.308451E+01   2.919079E+00  -4.853872E+00        13
   1.082521E+03   5.475810E+05   1.361063E+00   1.361063E+00   3.021105E+00   1.879880E+00  -1.308617E+01   2.918664E+00  -4.853872E+00        13
   1.083521E+03   5.486280E+05   1.361063E+00   1.361063E+00   3.021105E+00   1.879880E+00  -1.308783E+01   2.918249E+00  -4.853872E+00        13
   1.084521E+03   5.496760E+05   1.361063E+00   1.361063E+00   3.021105E+00   1.879880E+00  -1.308949E+01   2.917834E+00  -4.853872E+00        13
   1.085521E+03   5.507250E+05   1.361063E+00   1.361063E+00   3.021105E+00   1.879880E+00  -1.309114E+01   2.917420E+00  -4.853872E+00        13
   1.086521E+03   5.517750E+05   1.361063E+00   1.361063E+00   3.021105E+00   1.879880E+00  -1.309280E+01   2.917007E+00  -4.853872E+00        13
   1.087521E+03   5.528260E+05   1.361063E+00   1.361063E+00   3.021105E+00   1.879880E+00  -1.309445E+01   2.916593E+00  -4.853872E+00        13
   1.088521E+03   5.538780E+05   1.361063E+00   1.361063E+00   3.021105E+00   1.879880E+00  -1.309610E+01   2.916181E+00  -4.853872E+00        13
   1.089521E+03   5.549310E+05   1.361063E+00   1.361063E+00   3.021105E+00   1.879880E+00  -1.309775E+01   2.915768E+00  -4.853872E+00        13
   1.090521E+03   5.559850E+05   1.361063E+00   1.361063E+00   3.021105E+00   1.879880E+00  -1.309940E+01   2.915356E+00  -4.853872E+00        13
   1.091521E+03   5.570400E+05   1.361063E+00   1.361063E+00   3.021105E+00   1.879880E+00  -1.310104E+01   2.914945E+00  -4.853872E+00        13
   1.092521E+03   5.580960E+05   1.361063E+00   1.361063E+00   3.021105E+00   1.879880E+00  -1.310269E+01   2.914533E+00  -4.853872E+00        13
   1.093521E+03   5.591530E+05   1.361063E+00   1.361063E+00   3.021105E+00   1.879880E+00  -1.310433E+01   2.914122E+00  -4.853872E+00        13
   1.094521E+03   5.602110E+05   1.361063E+00   1.361063E+00   3.021105E+00   1.879880E+00  -1.310597E+01   2.913712E+00  -4.853872E+00        13
   1.095521E+03   5.612700E+05   1.361063E+00   1.361063E+00   3.021105E+00   1.879880E+00  -1.310762E+01   2.913302E+00  -4.853872E+00        13
   1.096521E+03   5.623300E+05   1.361063E+00   1.361063E+00   3.021105E+00   1.879880E+00  -1.310925E+01   2.912892E+00  -4.853872E+00        13
   1.097521E+03   5.633910E+05   1.361063E+00   1.361063E+00   3.021105E+00   1.879880E+00  -1.311089E+01   2.912483E+00  -4.853872E+00        13
   1.098521E+03   5.644530E+05   1.361063E+00   1.361063E+00   3.021105E+00   1.879880E+00  -1.311253E+01   2.912074E+00  -4.853872E+00        13
   1.099521E+03   5.655160E+05   1.361063E+00   1.361063E+00   3.021105E+00   1.879880E+00  -1.311416E+01   2.911665E+00  -4.853872E+00        13
   1.100521E+03   5.665800E+05   1.361063E+00   1.361063E+00   3.021105E+00   1.879880E+00  -1.311579E+01   2.911257E+00  -4.853872E+00        13
   1.101521E+03   5.676450E+05   1.361063E+00   1.361063E+00   3.021105E+00   1.879880E+00  -1.311743E+01   2.910849E+00  -4.853872E+00        13
   1.102521E+03   5.687110E+05   1.361063E+00   1.361063E+00   3.021105E+00   1.879880E+00  -1.311905E+01   2.910442E+00  -4.853872E+00        13
   1.103521E+03   5.697780E+05   1.361063E+00   1.361063E+00   3.021105E+00   1.879880E+00  -1.312068E+01   2.910035E+00  -4.853872E+00        13
   1.104521E+03   5.708460E+05   1.361063E+00   1.361063E+00   3.021105E+00   1.879880E+00  -1.312231E+01   2.909628E+00  -4.853872E+00        13
   1.105521E+03   5.719150E+05   1.361063E+00   1.361063E+00   3.021105E+00   1.879880E+00  -1.312393E+01   2.909222E+00  -4.853872E+00        13
   1.106521E+03   5.729850E+05   1.361063E+00   1.361063E+00   3.021105E+00   1.879880E+00  -1.312556E+01   2.908816E+00  -4.853872E+00        13
   1.107521E+03   5.740560E+05   1.361063E+00   1.361063E+00   3.021105E+00   1.879880E+00  -1.312718E+01   2.908411E+00  -4.853872E+00        13
   1.108521E+03   5.751280E+05   1.361063E+00   1.361063E+00   3.021105E+00   1.879880E+00  -1.312880E+01   2.908005E+00  -4.853872E+00        13
   1.109521E+03   5.762010E+05   1.361063E+00   1.361063E+00   3.021105E+00   1.879880E+00  -1.313042E+01   2.907601E+00  -4.853872E+00        13
   1.110521E+03   5.772750E+05   1.361063E+00   1.361063E+00   3.021105E+00   1.879880E+00  -1.313204E+01   2.907196E+00  -4.853872E+00        13
   1.111521E+03   5.783500E+05   1.361063E+00   1.361063E+00   3.021105E+00   1.879880E+00  -1.313365E+01   2.906792E+00  -4.853872E+00        13
   1.112521E+03   5.794260E+05   1.361063E+00   1.361063E+00   3.021105E+00   1.879880E+00  -1.313527E+01   2.906389E+00  -4.853872E+00        13
   1.113521E+03   5.805030E+05   1.361063E+00   1.361063E+00   3.021105E+00   1.879880E+00  -1.313688E+01   2.905985E+00  -4.853872E+00        13
   1.114521E+03   5.815810E+05   1.361063E+00   1.361063E+00   3.021105E+00   1.879880E+00  -1.313849E+01   2.905583E+00  -4.853872E+00        13
   1.115521E+03   5.826600E+05   1.361063E+00   1.361063E+00   3.021105E+00   1.879880E+00  -1.314010E+01   2.905180E+00  -4.853872E+00        13
   1.116521E+03   5.837400E+05   1.361063E+00   1.361063E+00   3.021105E+00   1.879880E+00  -1.314171E+01   2.904778E+00  -4.853872E+00        13
   1.117521E+03   5.848210E+05   1.361063E+00   1.361063E+00   3.021105E+00   1.879880E+00  -1.314332E+01   2.904376E+00  -4.853872E+00        13
   1.118521E+03   5.859030E+05   1.361063E+00   1.361063E+00   3.021105E+00   1.879880E+00  -1.314492E+01   2.903975E+00  -4.853872E+00        13
   1.119521E+03   5.869860E+05   1.361063E+00   1.361063E+00   3.021105E+00   1.879880E+00  -1.314653E+01   2.903574E+00  -4.853872E+00        13
   1.120521E+03   5.880700E+05   1.361063E+00   1.361063E+00   3.021105E+00   1.879880E+00  -1.314813E+01   2.903173E+00  -4.853872E+00        13
   1.121521E+03   5.891550E+05   1.361063E+00   1.361063E+00   3.021105E+00   1.879880E+00  -1.314973E+01   2.902773E+00  -4.853872E+00        13
   1.122521E+03   5.902410E+05   1.361063E+00   1.361063E+00   3.021105E+00   1.879880E+00  -1.315133E+01   2.902373E+00  -4.853872E+00        13
   1.123521E+03   5.913280E+05   1.361063E+00   1.361063E+00   3.021105E+00   1.879880E+00  -1.315293E+01   2.901973E+00  -4.853872E+00        13
   1.124521E+03   5.924160E+05   1.361063E+00   1.361063E+00   3.021105E+00   1.879880E+00  -1.315453E+01   2.901574E+00  -4.853872E+00        13
   1.125521E+03   5.935050E+05   1.361063E+00   1.361063E+00   3.021105E+00   1.879880E+00  -1.315612E+01   2.901176E+00  -4.853872E+00        13
   1.126521E+03   5.945950E+05   1.361063E+00   1.361063E+00   3.021105E+00   1.879880E+00  -1.315771E+01   2.900777E+00  -4.853872E+00        13
   1.127521E+03   5.956860E+05   1.361063E+00   1.361063E+00   3.021105E+00   1.879880E+00  -1.315931E+01   2.900379E+00  -4.853872E+00        13
   1.128521E+03   5.967780E+05   1.361063E+00   1.361063E+00   3.021105E+00   1.879880E+00  -1.316090E+01   2.899981E+00  -4.853872E+00        13
   1.129521E+03   5.978710E+05   1.361063E+00   1.361063E+00   3.021105E+00   1.879880E+00  -1.316249E+01   2.899584E+00  -4.853872E+00        13
   1.130521E+03   5.989650E+05   1.361063E+00   1.361063E+00   3.021105E+00   1.879880E+00  -1.316407E+01   2.899187E+00  -4.853872E+00        13
   1.131521E+03   6.000600E+05   1.361063E+00   1.361063E+00   3.021105E+00   1.879880E+00  -1.316566E+01   2.898790E+00  -4.853872E+00        13
   1.132521E+03   6.011560E+05   1.361063E+00   1.361063E+00   3.021105E+00   1.879880E+00  -1.316725E+01   2.898394E+00  -4.853872E+00        13
   1.133521E+03   6.022530E+05   1.361063E+00   1.361063E+00   3.021105E+00   1.879880E+00  -1.316883E+01   2.897998E+00  -4.853872E+00        13
   1.134521E+03   6.033510E+05   1.361063E+00   1.361063E+00   3.021105E+00   1.879880E+00  -1.317041E+01   2.897603E+00  -4.853872E+00        13
   1.135521E+03   6.044500E+05   1.361063E+00   1.361063E+00   3.021105E+00   1.879880E+00  -1.317199E+01   2.897208E+00  -4.853872E+00        13
   1.136521E+03   6.055500E+05   1.361063E+00   1.361063E+00   3.021105E+00   1.879880E+00  -1.317357E+01   2.896813E+00  -4.853872E+00        13
   1.137521E+03   6.066510E+05   1.361063E+00   1.361063E+00   3.021105E+00   1.879880E+00  -1.317515E+01   2.896418E+00  -4.853872E+00        13
   1.138521E+03   6.077530E+05   1.361063E+00   1.361063E+00   3.021105E+00   1.879880E+00  -1.317673E+01   2.896024E+00  -4.853872E+00        13
   1.139521E+03   6.088560E+05   1.361063E+00   1.361063E+00   3.021105E+00   1.879880E+00  -1.317830E+01   2.895630E+00  -4.853872E+00        13
   1.140521E+03   6.099600E+05   1.361063E+00   1.361063E+00   3.021105E+00   1.879880E+00  -1.317987E+01   2.895237E+00  -4.853872E+00        13
   1.141521E+03   6.110650E+05   1.361063E+00   1.361063E+00   3.021105E+00   1.879880E+00  -1.318145E+01   2.894844E+00  -4.853872E+00        13
   1.142521E+03   6.121710E+05   1.361063E+00   1.361063E+00   3.021105E+00   1.879880E+00  -1.318302E+01   2.894451E+00  -4.853872E+00        13
   1.143521E+03   6.132780E+05   1.361063E+00   1.361063E+00   3.021105E+00   1.879880E+00  -1.318459E+01   2.894059E+00  -4.853872E+00        13
   1.144521E+03   6.143860E+05   1.361063E+00   1.361063E+00   3.021105E+00   1.879880E+00  -1.318615E+01   2.893667E+00  -4.853872E+00        13
   1.145521E+03   6.154950E+05   1.361063E+00   1.361063E+00   3.021105E+00   1.879880E+00  -1.318772E+01   2.893275E+00  -4.853872E+00        13
   1.146521E+03   6.166050E+05   1.361063E+00   1.361063E+00   3.021105E+00   1.879880E+00  -1.318929E+01   2.892884E+00  -4.853872E+00        13
   1.147521E+03   6.177160E+05   1.361063E+00   1.361063E+00   3.021105E+00   1.879880E+00  -1.319085E+01   2.892493E+00  -4.853872E+00        13
   1.148521E+03   6.188280E+05   1.361063E+00   1.361063E+00   3.021105E+00   1.879880E+00  -1.319241E+01   2.892103E+00  -4.853872E+00        13
   1.149521E+03   6.199410E+05   1.361063E+00   1.361063E+00   3.021105E+00   1.879880E+00  -1.319397E+01   2.891713E+00  -4.853872E+00        13
   1.150521E+03   6.210550E+05   1.361063E+00   1.361063E+00   3.021105E+00   1.879880E+00  -1.319553E+01   2.891323E+00  -4.853872E+00        13
   1.151521E+03   6.221700E+05   1.361063E+00   1.361063E+00   3.021105E+00   1.879880E+00  -1.319709E+01   2.890933E+00  -4.853872E+00        13
   1.152521E+03   6.232860E+05   1.361063E+00   1.361063E+00   3.021105E+00   1.879880E+00  -1.319865E+01   2.890544E+00  -4.853872E+00        13
   1.153521E+03   6.244030E+05   1.361063E+00   1.361063E+00   3.021105E+00   1.879880E+00  -1.320020E+01   2.890155E+00  -4.853872E+00        13
   1.154521E+03   6.255210E+05   1.361063E+00   1.361063E+00   3.021105E+00   1.879880E+00  -1.320176E+01   2.889767E+00  -4.853872E+00        13
   1.155521E+03   6.266400E+05   1.361063E+00   1.361063E+00   3.021105E+00   1.879880E+00  -1.320331E+01   2.889379E+00  -4.853872E+00        13
   1.156521E+03   6.277600E+05   1.361063E+00   1.361063E+00   3.021105E+00   1.879880E+00  -1.320486E+01   2.888991E+00  -4.853872E+00        13
   1.157521E+03   6.288810E+05   1.361063E+00   1.361063E+00   3.021105E+00   1.879880E+00  -1.320641E+01   2.888603E+00  -4.853872E+00        13
   1.158521E+03   6.300030E+05   1.361063E+00   1.361063E+00   3.021105E+00   1.879880E+00  -1.320796E+01   2.888216E+00  -4.853872E+00        13
   1.159521E+03   6.311260E+05   1.361063E+00   1.361063E+00   3.021105E+00   1.879880E+00  -1.320950E+01   2.887830E+00  -4.853872E+00        13
   1.160521E+03   6.322500E+05   1.361063E+00   1.361063E+00   3.021105E+00   1.879880E+00  -1.321105E+01   2.887443E+00  -4.853872E+00        13
   1.161521E+03   6.333750E+05   1.361063E+00   1.361063E+00   3.021105E+00   1.879880E+00  -1.321259E+01   2.887057E+00  -4.853872E+00        13
   1.162521E+03   6.345010E+05   1.361063E+00   1.361063E+00   3.021105E+00   1.879880E+00  -1.321414E+01   2.886672E+00  -4.853872E+00        13
   1.163521E+03   6.356280E+05   1.361063E+00   1.361063E+00   3.021105E+00   1.879880E+00  -1.321568E+01   2.886286E+00  -4.853872E+00        13
   1.164521E+03   6.367560E+05   1.361063E+00   1.361063E+00   3.021105E+00   1.879880E+00  -1.321722E+01   2.885901E+00  -4.853872E+00        13
   1.165521E+03   6.378850E+05   1.361063E+00   1.361063E+00   3.021105E+00   1.879880E+00  -1.321876E+01   2.885517E+00  -4.853872E+00        13
   1.166521E+03   6.390150E+05   1.361063E+00   1.361063E+00   3.021105E+00   1.879880E+00  -1.322029E+01   2.885132E+00  -4.853872E+00        13
   1.167521E+03   6.401460E+05   1.361063E+00   1.361063E+00   3.021105E+00   1.879880E+00  -1.322183E+01   2.884748E+00  -4.853872E+00        13
   1.168521E+03   6.412780E+05   1.361063E+00   1.361063E+00   3.021105E+00   1.879880E+00  -1.322336E+01   2.884365E+00  -4.853872E+00        13
   1.169521E+03   6.424110E+05   1.361063E+00   1.361063E+00   3.021105E+00   1.879880E+00  -1.322490E+01   2.883981E+00  -4.853872E+00        13
   1.170521E+03   6.435450E+05   1.361063E+00   1.361063E+00   3.021105E+00   1.879880E+00  -1.322643E+01   2.883598E+00  -4.853872E+00        13
   1.171521E+03   6.446800E+05   1.361063E+00   1.361063E+00   3.021105E+00   1.879880E+00  -1.322796E+01   2.883216E+00  -4.853872E+00        13
   1.172521E+03   6.458160E+05   1.361063E+00   1.361063E+00   3.021105E+00   1.879880E+00  -1.322949E+01   2.882833E+00  -4.853872E+00        13
   1.173521E+03   6.469530E+05   1.361063E+00   1.361063E+00   3.021105E+00   1.879880E+00  -1.323102E+01   2.882451E+00  -4.853872E+00        13
   1.174521E+03   6.480910E+05   1.361063E+00   1.361063E+00   3.021105E+00   1.879880E+00  -1.323254E+01   2.882070E+00  -4.853872E+00        13
   1.175521E+03   6.492300E+05   1.361063E+00   1.361063E+00   3.021105E+00   1.879880E+00  -1.323407E+01   2.881688E+00  -4.853872E+00        13
   1.176521E+03   6.503700E+05   1.361063E+00   1.361063E+00   3.021105E+00   1.879880E+00  -1.323559E+01   2.881307E+00  -4.853872E+00        13
   1.177521E+03   6.515110E+05   1.361063E+00   1.361063E+00   3.021105E+00   1.879880E+00  -1.323712E+01   2.880927E+00  -4.853872E+00        13
   1.178521E+03   6.526530E+05   1.361063E+00   1.361063E+00   3.021105E+00   1.879880E+00  -1.323864E+01   2.880547E+00  -4.853872E+00        13
   1.179521E+03   6.537960E+05   1.361063E+00   1.361063E+00   3.021105E+00   1.879880E+00  -1.324016E+01   2.880167E+00  -4.853872E+00        13
   1.180521E+03   6.549400E+05   1.361063E+00   1.361063E+00   3.021105E+00   1.879880E+00  -1.324167E+01   2.879787E+00  -4.853872E+00        13
   1.181521E+03   6.560850E+05   1.361063E+00   1.361063E+00   3.021105E+00   1.879880E+00  -1.324319E+01   2.879408E+00  -4.853872E+00        13
   1.182521E+03   6.572310E+05   1.361063E+00   1.361063E+00   3.021105E+00   1.879880E+00  -1.324471E+01   2.879029E+00  -4.853872E+00        13
   1.183521E+03   6.583780E+05   1.361063E+00   1.361063E+00   3.021105E+00   1.879880E+00  -1.324622E+01   2.878650E+00  -4.853872E+00        13
   1.184521E+03   6.595260E+05   1.361063E+00   1.361063E+00   3.021105E+00   1.879880E+00  -1.324774E+01   2.878272E+00  -4.853872E+00        13
   1.185521E+03   6.606750E+05   1.361063E+00   1.361063E+00   3.021105E+00   1.879880E+00  -1.324925E+01   2.877894E+00  -4.853872E+00        13
   1.186521E+03   6.618250E+05   1.361063E+00   1.361063E+00   3.021105E+00   1.879880E+00  -1.325076E+01   2.877516E+00  -4.853872E+00        13
   1.187521E+03   6.629760E+05   1.361063E+00   1.361063E+00   3.021105E+00   1.879880E+00  -1.325227E+01   2.877139E+00  -4.853872E+00        13
   1.188521E+03   6.641280E+05   1.361063E+00   1.361063E+00   3.021105E+00   1.879880E+00  -1.325378E+01   2.876762E+00  -4.853872E+00        13
   1.189521E+03   6.652810E+05   1.361063E+00   1.361063E+00   3.021105E+00   1.879880E+00  -1.325528E+01   2.876385E+00  -4.853872E+00        13
   1.190521E+03   6.664350E+05   1.361063E+00   1.361063E+00   3.021105E+00   1.879880E+00  -1.325679E+01   2.876009E+00  -4.853872E+00        13
   1.191521E+03   6.675900E+05   1.361063E+00   1.361063E+00   3.021105E+00   1.879880E+00  -1.325829E+01   2.875633E+00  -4.853872E+00        13
   1.192521E+03   6.687460E+05   1.361063E+00   1.361063E+00   3.021105E+00   1.879880E+00  -1.325979E+01   2.875257E+00  -4.853872E+00        13
   1.193521E+03   6.699030E+05   1.361063E+00   1.361063E+00   3.021105E+00   1.879880E+00  -1.326130E+01   2.874882E+00  -4.853872E+00        13
   1.194521E+03   6.710610E+05   1.361063E+00   1.361063E+00   3.021105E+00   1.879880E+00  -1.326280E+01   2.874507E+00  -4.853872E+00        13
   1.195521E+03   6.722200E+05   1.361063E+00   1.361063E+00   3.021105E+00   1.879880E+00  -1.326429E+01   2.874132E+00  -4.853872E+00        13
   1.196521E+03   6.733800E+05   1.361063E+00   1.361063E+00   3.021105E+00   1.879880E+00  -1.326579E+01   2.873758E+00  -4.853872E+00        13
   1.197521E+03   6.745410E+05   1.361063E+00   1.361063E+00   3.021105E+00   1.879880E+00  -1.326729E+01   2.873384E+00  -4.853872E+00        13
   1.198521E+03   6.757030E+05   1.361063E+00   1.361063E+00   3.021105E+00   1.879880E+00  -1.326878E+01   2.873010E+00  -4.853872E+00        13
   1.199521E+03   6.768660E+05   1.361063E+00   1.361063E+00   3.021105E+00   1.879880E+00  -1.327028E+01   2.872636E+00  -4.853872E+00        13
   1.200521E+03   6.780300E+05   1.361063E+00   1.361063E+00   3.021105E+00   1.879880E+00  -1.327177E+01   2.872263E+00  -4.853872E+00        13
   1.201521E+03   6.791950E+05   1.361063E+00   1.361063E+00   3.021105E+00   1.879880E+00  -1.327326E+01   2.871890E+00  -4.853872E+00        13
   1.202521E+03   6.803610E+05   1.361063E+00   1.361063E+00   3.021105E+00   1.879880E+00  -1.327475E+01   2.871518E+00  -4.853872E+00        13
   1.203521E+03   6.815280E+05   1.361063E+00   1.361063E+00   3.021105E+00   1.879880E+00  -1.327624E+01   2.871146E+00  -4.853872E+00        13
   1.204521E+03   6.826960E+05   1.361063E+00   1.361063E+00   3.021105E+00   1.879880E+00  -1.327773E+01   2.870774E+00  -4.853872E+00        13
   1.205521E+03   6.838650E+05   1.361063E+00   1.361063E+00   3.021105E+00   1.879880E+00  -1.327921E+01   2.870403E+00  -4.853872E+00        13
   1.206521E+03   6.850350E+05   1.361063E+00   1.361063E+00   3.021105E+00   1.879880E+00  -1.328070E+01   2.870031E+00  -4.853872E+00        13
   1.207521E+03   6.862060E+05   1.361063E+00   1.361063E+00   3.021105E+00   1.879880E+00  -1.328218E+01   2.869660E+00  -4.853872E+00        13
   1.208521E+03   6.873780E+05   1.361063E+00   1.361063E+00   3.021105E+00   1.879880E+00  -1.328366E+01   2.869290E+00  -4.853872E+00        13
   1.209521E+03   6.885510E+05   1.361063E+00   1.361063E+00   3.021105E+00   1.879880E+00  -1.328514E+01   2.868920E+00  -4.853872E+00        13
   1.210521E+03   6.897250E+05   1.361063E+00   1.361063E+00   3.021105E+00   1.879880E+00  -1.328662E+01   2.868550E+00  -4.853872E+00        13
   1.211521E+03   6.909000E+05   1.361063E+00   1.361063E+00   3.021105E+00   1.879880E+00  -1.328810E+01   2.868180E+00  -4.853872E+00        13
   1.212521E+03   6.920760E+05   1.361063E+00   1.361063E+00   3.021105E+00   1.879880E+00  -1.328958E+01   2.867811E+00  -4.853872E+00        13
   1.213521E+03   6.932530E+05   1.361063E+00   1.361063E+00   3.021105E+00   1.879880E+00  -1.329106E+01   2.867442E+00  -4.853872E+00        13
   1.214521E+03   6.944310E+05   1.361063E+00   1.361063E+00   3.021105E+00   1.879880E+00  -1.329253E+01   2.867073E+00  -4.853872E+00        13
   1.215521E+03   6.956100E+05   1.361063E+00   1.361063E+00   3.021105E+00   1.879880E+00  -1.329400E+01   2.866705E+00  -4.853872E+00        13
   1.216521E+03   6.967900E+05   1.361063E+00   1.361063E+00   3.021105E+00   1.879880E+00  -1.329548E+01   2.866337E+00  -4.853872E+00        13
   1.217521E+03   6.979710E+05   1.361063E+00   1.361063E+00   3.021105E+00   1.879880E+00  -1.329695E+01   2.865969E+00  -4.853872E+00        13
   1.218521E+03   6.991530E+05   1.361063E+00   1.361063E+00   3.021105E+00   1.879880E+00  -1.329842E+01   2.865602E+00  -4.853872E+00        13
   1.219521E+03   7.003360E+05   1.361063E+00   1.361063E+00   3.021105E+00   1.879880E+00  -1.329988E+01   2.865234E+00  -4.853872E+00        13
   1.220521E+03   7.015200E+05   1.361063E+00   1.361063E+00   3.021105E+00   1.879880E+00  -1.330135E+01   2.864868E+00  -4.853872E+00        13
   1.221521E+03   7.027050E+05   1.361063E+00   1.361063E+00   3.021105E+00   1.879880E+00  -1.330282E+01   2.864501E+00  -4.853872E+00        13
   1.222521E+03   7.038910E+05   1.361063E+00   1.361063E+00   3.021105E+00   1.879880E+00  -1.330428E+01   2.864135E+00  -4.853872E+00        13
   1.223521E+03   7.050780E+05   1.361063E+00   1.361063E+00   3.021105E+00   1.879880E+00  -1.330575E+01   2.863769E+00  -4.853872E+00        13
   1.224521E+03   7.062660E+05   1.361063E+00   1.361063E+00   3.021105E+00   1.879880E+00  -1.330721E+01   2.863404E+00  -4.853872E+00        13
   1.225521E+03   7.074550E+05   1.361063E+00   1.361063E+00   3.021105E+00   1.879880E+00  -1.330867E+01   2.863038E+00  -4.853872E+00        13
   1.226521E+03   7.086450E+05   1.361063E+00   1.361063E+00   3.021105E+00   1.879880E+00  -1.331013E+01   2.862673E+00  -4.853872E+00        13
   1.227521E+03   7.098360E+05   1.361063E+00   1.361063E+00   3.021105E+00   1.879880E+00  -1.331159E+01   2.862309E+00  -4.853872E+00        13
   1.228521E+03   7.110280E+05   1.361063E+00   1.361063E+00   3.021105E+00   1.879880E+00  -1.331304E+01   2.861944E+00  -4.853872E+00        13
   1.229521E+03   7.122210E+05   1.361063E+00   1.361063E+00   3.021105E+00   1.879880E+00  -1.331450E+01   2.861580E+00  -4.853872E+00        13
   1.230521E+03   7.134150E+05   1.361063E+00   1.361063E+00   3.021105E+00   1.879880E+00  -1.331596E+01   2.861217E+00  -4.853872E+00        13
   1.231521E+03   7.146100E+05   1.361063E+00   1.361063E+00   3.021105E+00   1.879880E+00  -1.331741E+01   2.860853E+00  -4.853872E+00        13
   1.232521E+03   7.158060E+05   1.361063E+00   1.361063E+00   3.021105E+00   1.879880E+00  -1.331886E+01   2.860490E+00  -4.853872E+00        13
   1.233521E+03   7.170030E+05   1.361063E+00   1.361063E+00   3.021105E+00   1.879880E+00  -1.332031E+01   2.860127E+00  -4.853872E+00        13
   1.234521E+03   7.182010E+05   1.361063E+00   1.361063E+00   3.021105E+00   1.879880E+00  -1.332176E+01   2.859765E+00  -4.853872E+00        13
   1.235521E+03   7.194000E+05   1.361063E+00   1.361063E+00   3.021105E+00   1.879880E+00  -1.332321E+01   2.859402E+00  -4.853872E+00        13
   1.236521E+03   7.206000E+05   1.361063E+00   1.361063E+00   3.021105E+00   1.879880E+00  -1.332466E+01   2.859041E+00  -4.853872E+00        13
   1.237521E+03   7.218010E+05   1.361063E+00   1.361063E+00   3.021105E+00   1.879880E+00  -1.332611E+01   2.858679E+00  -4.853872E+00        13
   1.238521E+03   7.230030E+05   1.361063E+00   1.361063E+00   3.021105E+00   1.879880E+00  -1.332755E+01   2.858318E+00  -4.853872E+00        13
   1.239521E+03   7.242060E+05   1.361063E+00   1.361063E+00   3.021105E+00   1.879880E+00  -1.332900E+01   2.857957E+00  -4.853872E+00        13
   1.240521E+03   7.254100E+05   1.361063E+00   1.361063E+00   3.021105E+00   1.879880E+00  -1.333044E+01   2.857596E+00  -4.853872E+00        13
   1.241521E+03   7.266150E+05   1.361063E+00   1.361063E+00   3.021105E+00   1.879880E+00  -1.333188E+01   2.857236E+00  -4.853872E+00        13
   1.242521E+03   7.278210E+05   1.361063E+00   1.361063E+00   3.021105E+00   1.879880E+00  -1.333332E+01   2.856875E+00  -4.853872E+00        13
   1.243521E+03   7.290280E+05   1.361063E+00   1.361063E+00   3.021105E+00   1.879880E+00  -1.333476E+01   2.856516E+00  -4.853872E+00        13
   1.244521E+03   7.302360E+05   1.361063E+00   1.361063E+00   3.021105E+00   1.879880E+00  -1.333620E+01   2.856156E+00  -4.853872E+00        13
   1.245521E+03   7.314450E+05   1.361063E+00   1.361063E+00   3.021105E+00   1.879880E+00  -1.333763E+01   2.855797E+00  -4.853872E+00        13
   1.246521E+03   7.326550E+05   1.361063E+00   1.361063E+00   3.021105E+00   1.879880E+00  -1.333907E+01   2.855438E+00  -4.853872E+00        13
   1.247521E+03   7.338660E+05   1.361063E+00   1.361063E+00   3.021105E+00   1.879880E+00  -1.334051E+01   2.855079E+00  -4.853872E+00        13
   1.248521E+03   7.350780E+05   1.361063E+00   1.361063E+00   3.021105E+00   1.879880E+00  -1.334194E+01   2.854721E+00  -4.853872E+00        13
   1.249521E+03   7.362910E+05   1.361063E+00   1.361063E+00   3.021105E+00   1.879880E+00  -1.334337E+01   2.854363E+00  -4.853872E+00        13
   1.250521E+03   7.375050E+05   1.361063E+00   1.361063E+00   3.021105E+00   1.879880E+00  -1.334480E+01   2.854005E+00  -4.853872E+00        13
   1.251521E+03   7.387200E+05   1.361063E+00   1.361063E+00   3.021105E+00   1.879880E+00  -1.334623E+01   2.853648E+00  -4.853872E+00        13
   1.252521E+03   7.399360E+05   1.361063E+00   1.361063E+00   3.021105E+00   1.879880E+00  -1.334766E+01   2.853291E+00  -4.853872E+00        13
   1.253521E+03   7.411530E+05   1.361063E+00   1.361063E+00   3.021105E+00   1.879880E+00  -1.334909E+01   2.852934E+00  -4.853872E+00        13
   1.254521E+03   7.423710E+05   1.361063E+00   1.361063E+00   3.021105E+00   1.879880E+00  -1.335051E+01   2.852577E+00  -4.853872E+00        13
   1.255521E+03   7.435900E+05   1.361063E+00   1.361063E+00   3.021105E+00   1.879880E+00  -1.335194E+01   2.852221E+00  -4.853872E+00        13
   1.256521E+03   7.448100E+05   1.361063E+00   1.361063E+00   3.021105E+00   1.879880E+00  -1.335336E+01   2.851865E+00  -4.853872E+00        13
   1.257521E+03   7.460310E+05   1.361063E+00   1.361063E+00   3.021105E+00   1.879880E+00  -1.335479E+01   2.851509E+00  -4.853872E+00        13
   1.258521E+03   7.472530E+05   1.361063E+00   1.361063E+00   3.021105E+00   1.879880E+00  -1.335621E+01   2.851154E+00  -4.853872E+00        13
   1.259521E+03   7.484760E+05   1.361063E+00   1.361063E+00   3.021105E+00   1.879880E+00  -1.335763E+01   2.850799E+00  -4.853872E+00        13
   1.260521E+03   7.497000E+05   1.361063E+00   1.361063E+00   3.021105E+00   1.879880E+00  -1.335905E+01   2.850444E+00  -4.853872E+00        13
   1.261521E+03   7.509250E+05   1.361063E+00   1.361063E+00   3.021105E+00   1.879880E+00  -1.336046E+01   2.850089E+00  -4.853872E+00        13
   1.262521E+03   7.521510E+05   1.361063E+00   1.361063E+00   3.021105E+00   1.879880E+00  -1.336188E+01   2.849735E+00  -4.853872E+00        13
   1.263521E+03   7.533780E+05   1.361063E+00   1.361063E+00   3.021105E+00   1.879880E+00  -1.336330E+01   2.849381E+00  -4.853872E+00        13
   1.264521E+03   7.546060E+05   1.361063E+00   1.361063E+00   3.021105E+00   1.879880E+00  -1.336471E+01   2.849028E+00  -4.853872E+00        13
   1.265521E+03   7.558350E+05   1.361063E+00   1.361063E+00   3.021105E+00   1.879880E+00  -1.336613E+01   2.848674E+00  -4.853872E+00        13
   1.266521E+03   7.570650E+05   1.361063E+00   1.361063E+00   3.021105E+00   1.879880E+00  -1.336754E+01   2.848321E+00  -4.853872E+00        13
   1.267521E+03   7.582960E+05   1.361063E+00   1.361063E+00   3.021105E+00   1.879880E+00  -1.336895E+01   2.847968E+00  -4.853872E+00        13
   1.268521E+03   7.595280E+05   1.361063E+00   1.361063E+00   3.021105E+00   1.879880E+00  -1.337036E+01   2.847616E+00  -4.853872E+00        13
   1.269521E+03   7.607610E+05   1.361063E+00   1.361063E+00   3.021105E+00   1.879880E+00  -1.337177E+01   2.847264E+00  -4.853872E+00        13
   1.270521E+03   7.619950E+05   1.361063E+00   1.361063E+00   3.021105E+00   1.879880E+00  -1.337318E+01   2.846912E+00  -4.853872E+00        13
   1.271521E+03   7.632300E+05   1.361063E+00   1.361063E+00   3.021105E+00   1.879880E+00  -1.337458E+01   2.846560E+00  -4.853872E+00        13
   1.272521E+03   7.644660E+05   1.361063E+00   1.361063E+00   3.021105E+00   1.879880E+00  -1.337599E+01   2.846209E+00  -4.853872E+00        13
   1.273521E+03   7.657030E+05   1.361063E+00   1.361063E+00   3.021105E+00   1.879880E+00  -1.337739E+01   2.845858E+00  -4.853872E+00        13
   1.274521E+03   7.669410E+05   1.361063E+00   1.361063E+00   3.021105E+00   1.879880E+00  -1.337880E+01   2.845507E+00  -4.853872E+00        13
   1.275521E+03   7.681800E+05   1.361063E+00   1.361063E+00   3.021105E+00   1.879880E+00  -1.338020E+01   2.845156E+00  -4.853872E+00        13
   1.276521E+03   7.694200E+05   1.361063E+00   1.361063E+00   3.021105E+00   1.879880E+00  -1.338160E+01   2.844806E+00  -4.853872E+00        13
   1.277521E+03   7.706610E+05   1.361063E+00   1.361063E+00   3.021105E+00   1.879880E+00  -1.338300E+01   2.844456E+00  -4.853872E+00        13
   1.278521E+03   7.719030E+05   1.361063E+00   1.361063E+00   3.021105E+00   1.879880E+00  -1.338440E+01   2.844106E+00  -4.853872E+00        13
   1.279521E+03   7.731460E+05   1.361063E+00   1.361063E+00   3.021105E+00   1.879880E+00  -1.338579E+01   2.843757E+00  -4.853872E+00        13
   1.280521E+03   7.743900E+05   1.361063E+00   1.361063E+00   3.021105E+00   1.879880E+00  -1.338719E+01   2.843408E+00  -4.853872E+00        13
   1.281521E+03   7.756350E+05   1.361063E+00   1.361063E+00   3.021105E+00   1.879880E+00  -1.338859E+01   2.843059E+00  -4.853872E+00        13
   1.282521E+03   7.768810E+05   1.361063E+00   1.361063E+00   3.021105E+00   1.879880E+00  -1.338998E+01   2.842710E+00  -4.853872E+00        13
   1.283521E+03   7.781280E+05   1.361063E+00   1.361063E+00   3.021105E+00   1.879880E+00  -1.339137E+01   2.842362E+00  -4.853872E+00        13
   1.284521E+03   7.793760E+05   1.361063E+00   1.361063E+00   3.021105E+00   1.879880E+00  -1.339277E+01   2.842014E+00  -4.853872E+00        13
   1.285521E+03   7.806250E+05   1.361063E+00   1.361063E+00   3.021105E+00   1.879880E+00  -1.339416E+01   2.841666E+00  -4.853872E+00        13
   1.286521E+03   7.818750E+05   1.361063E+00   1.361063E+00   3.021105E+00   1.879880E+00  -1.339555E+01   2.841319E+00  -4.853872E+00        13
   1.287521E+03   7.831260E+05   1.361063E+00   1.361063E+00   3.021105E+00   1.879880E+00  -1.339693E+01   2.840972E+00  -4.853872E+00        13
   1.288521E+03   7.843780E+05   1.361063E+00   1.361063E+00   3.021105E+00   1.879880E+00  -1.339832E+01   2.840625E+00  -4.853872E+00        13
   1.289521E+03   7.856310E+05   1.361063E+00   1.361063E+00   3.021105E+00   1.879880E+00  -1.339971E+01   2.840278E+00  -4.853872E+00        13
   1.290521E+03   7.868850E+05   1.361063E+00   1.361063E+00   3.021105E+00   1.879880E+00  -1.340109E+01   2.839932E+00  -4.853872E+00        13
   1.291521E+03   7.881400E+05   1.361063E+00   1.361063E+00   3.021105E+00   1.879880E+00  -1.340248E+01   2.839586E+00  -4.853872E+00        13
   1.292521E+03   7.893960E+05   1.361063E+00   1.361063E+00   3.021105E+00   1.879880E+00  -1.340386E+01   2.839240E+00  -4.853872E+00        13
   1.293521E+03   7.906530E+05   1.361063E+00   1.361063E+00   3.021105E+00   1.879880E+00  -1.340524E+01   2.838895E+00  -4.853872E+00        13
   1.294521E+03   7.919110E+05   1.361063E+00   1.361063E+00   3.021105E+00   1.879880E+00  -1.340662E+01   2.838550E+00  -4.853872E+00        13
   1.295521E+03   7.931700E+05   1.361063E+00   1.361063E+00   3.021105E+00   1.879880E+00  -1.340800E+01   2.838205E+00  -4.853872E+00        13
   1.296521E+03   7.944300E+05   1.361063E+00   1.361063E+00   3.021105E+00   1.879880E+00  -1.340938E+01   2.837860E+00  -4.853872E+00        13
   1.297521E+03   7.956910E+05   1.361063E+00   1.361063E+00   3.021105E+00   1.879880E+00  -1.341076E+01   2.837515E+00  -4.853872E+00        13
   1.298521E+03   7.969530E+05   1.361063E+00   1.361063E+00   3.021105E+00   1.879880E+00  -1.341214E+01   2.837171E+00  -4.853872E+00        13
   1.299521E+03   7.982160E+05   1.361063E+00   1.361063E+00   3.021105E+00   1.879880E+00  -1.341351E+01   2.836827E+00  -4.853872E+00        13
   1.300521E+03   7.994800E+05   1.361063E+00   1.361063E+00   3.021105E+00   1.879880E+00  -1.341489E+01   2.836484E+00  -4.853872E+00        13
   1.301521E+03   8.007450E+05   1.361063E+00   1.361063E+00   3.021105E+00   1.879880E+00  -1.341626E+01   2.836141E+00  -4.853872E+00        13
   1.302521E+03   8.020110E+05   1.361063E+00   1.361063E+00   3.021105E+00   1.879880E+00  -1.341763E+01   2.835798E+00  -4.853872E+00        13
   1.303521E+03   8.032780E+05   1.361063E+00   1.361063E+00   3.021105E+00   1.879880E+00  -1.341900E+01   2.835455E+00  -4.853872E+00        13
   1.304521E+03   8.045460E+05   1.361063E+00   1.361063E+00   3.021105E+00   1.879880E+00  -1.342037E+01   2.835112E+00  -4.853872E+00        13
   1.305521E+03   8.058150E+05   1.361063E+00   1.361063E+00   3.021105E+00   1.879880E+00  -1.342174E+01   2.834770E+00  -4.853872E+00        13
   1.306521E+03   8.070850E+05   1.361063E+00   1.361063E+00   3.021105E+00   1.879880E+00  -1.342311E+01   2.834428E+00  -4.853872E+00        13
   1.307521E+03   8.083560E+05   1.361063E+00   1.361063E+00   3.021105E+00   1.879880E+00  -1.342448E+01   2.834086E+00  -4.853872E+00        13
   1.308521E+03   8.096280E+05   1.361063E+00   1.361063E+00   3.021105E+00   1.879880E+00  -1.342584E+01   2.833745E+00  -4.853872E+00        13
   1.309521E+03   8.109010E+05   1.361063E+00   1.361063E+00   3.021105E+00   1.879880E+00  -1.342721E+01   2.833404E+00  -4.853872E+00        13
   1.310521E+03   8.121750E+05   1.361063E+00   1.361063E+00   3.021105E+00   1.879880E+00  -1.342857E+01   2.833063E+00  -4.853872E+00        13
   1.311521E+03   8.134500E+05   1.361063E+00   1.361063E+00   3.021105E+00   1.879880E+00  -1.342993E+01   2.832722E+00  -4.853872E+00        13
   1.312521E+03   8.147260E+05   1.361063E+00   1.361063E+00   3.021105E+00   1.879880E+00  -1.343129E+01   2.832382E+00  -4.853872E+00        13
   1.313521E+03   8.160030E+05   1.361063E+00   1.361063E+00   3.021105E+00   1.879880E+00  -1.343266E+01   2.832042E+00  -4.853872E+00        13
   1.314521E+03   8.172810E+05   1.361063E+00   1.361063E+00   3.021105E+00   1.879880E+00  -1.343401E+01   2.831702E+00  -4.853872E+00        13
   1.315521E+03   8.185600E+05   1.361063E+00   1.361063E+00   3.021105E+00   1.879880E+00  -1.343537E+01   2.831362E+00  -4.853872E+00        13
   1.316521E+03   8.198400E+05   1.361063E+00   1.361063E+00   3.021105E+00   1.879880E+00  -1.343673E+01   2.831023E+00  -4.853872E+00        13
   1.317521E+03   8.211210E+05   1.361063E+00   1.361063E+00   3.021105E+00   1.879880E+00  -1.343809E+01   2.830684E+00  -4.853872E+00        13
   1.318521E+03   8.224030E+05   1.361063E+00   1.361063E+00   3.021105E+00   1.879880E+00  -1.343944E+01   2.830345E+00  -4.853872E+00        13
   1.319521E+03   8.236860E+05   1.361063E+00   1.361063E+00   3.021105E+00   1.879880E+00  -1.344079E+01   2.830007E+00  -4.853872E+00        13
   1.320521E+03   8.249700E+05   1.361063E+00   1.361063E+00   3.021105E+00   1.879880E+00  -1.344215E+01   2.829669E+00  -4.853872E+00        13
   1.321521E+03   8.262550E+05   1.361063E+00   1.361063E+00   3.021105E+00   1.879880E+00  -1.344350E+01   2.829331E+00  -4.853872E+00        13
   1.322521E+03   8.275410E+05   1.361063E+00   1.361063E+00   3.021105E+00   1.879880E+00  -1.344485E+01   2.828993E+00  -4.853872E+00        13
   1.323521E+03   8.288280E+05   1.361063E+00   1.361063E+00   3.021105E+00   1.879880E+00  -1.344620E+01   2.828655E+00  -4.853872E+00        13
   1.324521E+03   8.301160E+05   1.361063E+00   1.361063E+00   3.021105E+00   1.879880E+00  -1.344755E+01   2.828318E+00  -4.853872E+00        13
   1.325521E+03   8.314050E+05   1.361063E+00   1.361063E+00   3.021105E+00   1.879880E+00  -1.344890E+01   2.827981E+00  -4.853872E+00        13
   1.326521E+03   8.326950E+05   1.361063E+00   1.361063E+00   3.021105E+00   1.879880E+00  -1.345024E+01   2.827645E+00  -4.853872E+00        13
   1.327521E+03   8.339860E+05   1.361063E+00   1.361063E+00   3.021105E+00   1.879880E+00  -1.345159E+01   2.827308E+00  -4.853872E+00        13
   1.328521E+03   8.352780E+05   1.361063E+00   1.361063E+00   3.021105E+00   1.879880E+00  -1.345293E+01   2.826972E+00  -4.853872E+00        13
   1.329521E+03   8.365710E+05   1.361063E+00   1.361063E+00   3.021105E+00   1.879880E+00  -1.345428E+01   2.826636E+00  -4.853872E+00        13
   1.330521E+03   8.378650E+05   1.361063E+00   1.361063E+00   3.021105E+00   1.879880E+00  -1.345562E+01   2.826301E+00  -4.853872E+00        13
   1.331521E+03   8.391600E+05   1.361063E+00   1.361063E+00   3.021105E+00   1.879880E+00  -1.345696E+01   2.825965E+00  -4.853872E+00        13
   1.332521E+03   8.404560E+05   1.361063E+00   1.361063E+00   3.021105E+00   1.879880E+00  -1.345830E+01   2.825630E+00  -4.853872E+00        13
   1.333521E+03   8.417530E+05   1.361063E+00   1.361063E+00   3.021105E+00   1.879880E+00  -1.345964E+01   2.825295E+00  -4.853872E+00        13
   1.334521E+03   8.430510E+05   1.361063E+00   1.361063E+00   3.021105E+00   1.879880E+00  -1.346098E+01   2.824961E+00  -4.853872E+00        13
   1.335521E+03   8.443500E+05   1.361063E+00   1.361063E+00   3.021105E+00   1.879880E+00  -1.346232E+01   2.824626E+00  -4.853872E+00        13
   1.336521E+03   8.456500E+05   1.361063E+00   1.361063E+00   3.021105E+00   1.879880E+00  -1.346365E+01   2.824292E+00  -4.853872E+00        13
   1.337521E+03   8.469510E+05   1.361063E+00   1.361063E+00   3.021105E+00   1.879880E+00  -1.346499E+01   2.823959E+00  -4.853872E+00        13
   1.338521E+03   8.482530E+05   1.361063E+00   1.361063E+00   3.021105E+00   1.879880E+00  -1.346632E+01   2.823625E+00  -4.853872E+00        13
   1.339521E+03   8.495560E+05   1.361063E+00   1.361063E+00   3.021105E+00   1.879880E+00  -1.346766E+01   2.823292E+00  -4.853872E+00        13
   1.340521E+03   8.508600E+05   1.361063E+00   1.361063E+00   3.021105E+00   1.879880E+00  -1.346899E+01   2.822959E+00  -4.853872E+00        13
   1.341521E+03   8.521650E+05   1.361063E+00   1.361063E+00   3.021105E+00   1.879880E+00  -1.347032E+01   2.822626E+00  -4.853872E+00        13
   1.342521E+03   8.534710E+05   1.361063E+00   1.361063E+00   3.021105E+00   1.879880E+00  -1.347165E+01   2.822293E+00  -4.853872E+00        13
   1.343521E+03   8.547780E+05   1.361063E+00   1.361063E+00   3.021105E+00   1.879880E+00  -1.347298E+01   2.821961E+00  -4.853872E+00        13
   1.344521E+03   8.560860E+05   1.361063E+00   1.361063E+00   3.021105E+00   1.879880E+00  -1.347431E+01   2.821629E+00  -4.853872E+00        13
   1.345521E+03   8.573950E+05   1.361063E+00   1.361063E+00   3.021105E+00   1.879880E+00  -1.347563E+01   2.821297E+00  -4.853872E+00        13
   1.346521E+03   8.587050E+05   1.361063E+00   1.361063E+00   3.021105E+00   1.879880E+00  -1.347696E+01   2.820966E+00  -4.853872E+00        13
   1.347521E+03   8.600160E+05   1.361063E+00   1.361063E+00   3.021105E+00   1.879880E+00  -1.347828E+01   2.820634E+00  -4.853872E+00        13
   1.348521E+03   8.613280E+05   1.361063E+00   1.361063E+00   3.021105E+00   1.879880E+00  -1.347961E+01   2.820303E+00  -4.853872E+00        13
   1.349521E+03   8.626410E+05   1.361063E+00   1.361063E+00   3.021105E+00   1.879880E+00  -1.348093E+01   2.819973E+00  -4.853872E+00        13
   1.350521E+03   8.639550E+05   1.361063E+00   1.361063E+00   3.021105E+00   1.879880E+00  -1.348225E+01   2.819642E+00  -4.853872E+00        13
   1.351521E+03   8.652700E+05   1.361063E+00   1.361063E+00   3.021105E+00   1.879880E+00  -1.348357E+01   2.819312E+00  -4.853872E+00        13
   1.352521E+03   8.665860E+05   1.361063E+00   1.361063E+00   3.021105E+00   1.879880E+00  -1.348489E+01   2.818982E+00  -4.853872E+00        13
   1.353521E+03   8.679030E+05   1.361063E+00   1.361063E+00   3.021105E+00   1.879880E+00  -1.348621E+01   2.818652E+00  -4.853872E+00        13
   1.354521E+03   8.692210E+05   1.361063E+00   1.361063E+00   3.021105E+00   1.879880E+00  -1.348753E+01   2.818323E+00  -4.853872E+00        13
   1.355521E+03   8.705400E+05   1.361063E+00   1.361063E+00   3.021105E+00   1.879880E+00  -1.348885E+01   2.817993E+00  -4.853872E+00        13
   1.356521E+03   8.718600E+05   1.361063E+00   1.361063E+00   3.021105E+00   1.879880E+00  -1.349017E+01   2.817664E+00  -4.853872E+00        13
   1.357521E+03   8.731810E+05   1.361063E+00   1.361063E+00   3.021105E+00   1.879880E+00  -1.349148E+01   2.817336E+00  -4.853872E+00        13
   1.358521E+03   8.745030E+05   1.361063E+00   1.361063E+00   3.021105E+00   1.879880E+00  -1.349279E+01   2.817007E+00  -4.853872E+00        13
   1.359521E+03   8.758260E+05   1.361063E+00   1.361063E+00   3.021105E+00   1.879880E+00  -1.349411E+01   2.816679E+00  -4.853872E+00        13
   1.360521E+03   8.771500E+05   1.361063E+00   1.361063E+00   3.021105E+00   1.879880E+00  -1.349542E+01   2.816351E+00  -4.853872E+00        13
   1.361521E+03   8.784750E+05   1.361063E+00   1.361063E+00   3.021105E+00   1.879880E+00  -1.349673E+01   2.816023E+00  -4.853872E+00        13
   1.362521E+03   8.798010E+05   1.361063E+00   1.361063E+00   3.021105E+00   1.879880E+00  -1.349804E+01   2.815695E+00  -4.853872E+00        13
   1.363521E+03   8.811280E+05   1.361063E+00   1.361063E+00   3.021105E+00   1.879880E+00  -1.349935E+01   2.815368E+00  -4.853872E+00        13
   1.364521E+03   8.824560E+05   1.361063E+00   1.361063E+00   3.021105E+00   1.879880E+00  -1.350066E+01   2.815041E+00  -4.853872E+00        13
   1.365521E+03   8.837850E+05   1.361063E+00   1.361063E+00   3.021105E+00   1.879880E+00  -1.350196E+01   2.814714E+00  -4.853872E+00        13
   1.366521E+03   8.851150E+05   1.361063E+00   1.361063E+00   3.021105E+00   1.879880E+00  -1.350327E+01   2.814388E+00  -4.853872E+00        13
   1.367521E+03   8.864460E+05   1.361063E+00   1.361063E+00   3.021105E+00   1.879880E+00  -1.350458E+01   2.814062E+00  -4.853872E+00        13
   1.368521E+03   8.877780E+05   1.361063E+00   1.361063E+00   3.021105E+00   1.879880E+00  -1.350588E+01   2.813736E+00  -4.853872E+00        13
   1.369521E+03   8.891110E+05   1.361063E+00   1.361063E+00   3.021105E+00   1.879880E+00  -1.350718E+01   2.813410E+00  -4.853872E+00        13
   1.370521E+03   8.904450E+05   1.361063E+00   1.361063E+00   3.021105E+00   1.879880E+00  -1.350849E+01   2.813084E+00  -4.853872E+00        13
   1.371521E+03   8.917800E+05   1.361063E+00   1.361063E+00   3.021105E+00   1.879880E+00  -1.350979E+01   2.812759E+00  -4.853872E+00        13
   1.372521E+03   8.931160E+05   1.361063E+00   1.361063E+00   3.021105E+00   1.879880E+00  -1.351109E+01   2.812434E+00  -4.853872E+00        13
   1.373521E+03   8.944530E+05   1.361063E+00   1.361063E+00   3.021105E+00   1.879880E+00  -1.351239E+01   2.812109E+00  -4.853872E+00        13
   1.374521E+03   8.957910E+05   1.361063E+00   1.361063E+00   3.021105E+00   1.879880E+00  -1.351368E+01   2.811784E+00  -4.853872E+00        13
   1.375521E+03   8.971300E+05   1.361063E+00   1.361063E+00   3.021105E+00   1.879880E+00  -1.351498E+01   2.811460E+00  -4.853872E+00        13
   1.376521E+03   8.984700E+05   1.361063E+00   1.361063E+00   3.021105E+00   1.879880E+00  -1.351628E+01   2.811136E+00  -4.853872E+00        13
   1.377521E+03   8.998110E+05   1.361063E+00   1.361063E+00   3.021105E+00   1.879880E+00  -1.351757E+01   2.810812E+00  -4.853872E+00        13
   1.378521E+03   9.011530E+05   1.361063E+00   1.361063E+00   3.021105E+00   1.879880E+00  -1.351887E+01   2.810488E+00  -4.853872E+00        13
   1.379521E+03   9.024960E+05   1.361063E+00   1.361063E+00   3.021105E+00   1.879880E+00  -1.352016E+01   2.810165E+00  -4.853872E+00        13
   1.380521E+03   9.038400E+05   1.361063E+00   1.361063E+00   3.021105E+00   1.879880E+00  -1.352145E+01   2.809842E+00  -4.853872E+00        13
   1.381521E+03   9.051850E+05   1.361063E+00   1.361063E+00   3.021105E+00   1.879880E+00  -1.352275E+01   2.809519E+00  -4.853872E+00        13
   1.382521E+03   9.065310E+05   1.361063E+00   1.361063E+00   3.021105E+00   1.879880E+00  -1.352404E+01   2.809196E+00  -4.853872E+00        13
   1.383521E+03   9.078780E+05   1.361063E+00   1.361063E+00   3.021105E+00   1.879880E+00  -1.352533E+01   2.808874E+00  -4.853872E+00        13
   1.384521E+03   9.092260E+05   1.361063E+00   1.361063E+00   3.021105E+00   1.879880E+00  -1.352662E+01   2.808552E+00  -4.853872E+00        13
   1.385521E+03   9.105750E+05   1.361063E+00   1.361063E+00   3.021105E+00   1.879880E+00  -1.352790E+01   2.808230E+00  -4.853872E+00        13
   1.386521E+03   9.119250E+05   1.361063E+00   1.361063E+00   3.021105E+00   1.879880E+00  -1.352919E+01   2.807908E+00  -4.853872E+00        13
   1.387521E+03   9.132760E+05   1.361063E+00   1.361063E+00   3.021105E+00   1.879880E+00  -1.353048E+01   2.807587E+00  -4.853872E+00        13
   1.388521E+03   9.146280E+05   1.361063E+00   1.361063E+00   3.021105E+00   1.879880E+00  -1.353176E+01   2.807265E+00  -4.853872E+00        13
   1.389521E+03   9.159810E+05   1.361063E+00   1.361063E+00   3.021105E+00   1.879880E+00  -1.353304E+01   2.806944E+00  -4.853872E+00        13
   1.390521E+03   9.173350E+05   1.361063E+00   1.361063E+00   3.021105E+00   1.879880E+00  -1.353433E+01   2.806624E+00  -4.853872E+00        13
   1.391521E+03   9.186900E+05   1.361063E+00   1.361063E+00   3.021105E+00   1.879880E+00  -1.353561E+01   2.806303E+00  -4.853872E+00        13
   1.392521E+03   9.200460E+05   1.361063E+00   1.361063E+00   3.021105E+00   1.879880E+00  -1.353689E+01   2.805983E+00  -4.853872E+00        13
   1.393521E+03   9.214030E+05   1.361063E+00   1.361063E+00   3.021105E+00   1.879880E+00  -1.353817E+01   2.805663E+00  -4.853872E+00        13
   1.394521E+03   9.227610E+05   1.361063E+00   1.361063E+00   3.021105E+00   1.879880E+00  -1.353945E+01   2.805343E+00  -4.853872E+00        13
   1.395521E+03   9.241200E+05   1.361063E+00   1.361063E+00   3.021105E+00   1.879880E+00  -1.354073E+01   2.805024E+00  -4.853872E+00        13
   1.396521E+03   9.254800E+05   1.361063E+00   1.361063E+00   3.021105E+00   1.879880E+00  -1.354201E+01   2.804704E+00  -4.853872E+00        13
   1.397521E+03   9.268410E+05   1.361063E+00   1.361063E+00   3.021105E+00   1.879880E+00  -1.354328E+01   2.804385E+00  -4.853872E+00        13
   1.398521E+03   9.282030E+05   1.361063E+00   1.361063E+00   3.021105E+00   1.879880E+00  -1.354456E+01   2.804066E+00  -4.853872E+00        13
   1.399521E+03   9.295660E+05   1.361063E+00   1.361063E+00   3.021105E+00   1.879880E+00  -1.354583E+01   2.803748E+00  -4.853872E+00        13
   1.400521E+03   9.309300E+05   1.361063E+00   1.361063E+00   3.021105E+00   1.879880E+00  -1.354711E+01   2.803429E+00  -4.853872E+00        13
   1.401521E+03   9.322950E+05   1.361063E+00   1.361063E+00   3.021105E+00   1.879880E+00  -1.354838E+01   2.803111E+00  -4.853872E+00        13
   1.402521E+03   9.336610E+05   1.361063E+00   1.361063E+00   3.021105E+00   1.879880E+00  -1.354965E+01   2.802793E+00  -4.853872E+00        13
   1.403521E+03   9.350280E+05   1.361063E+00   1.361063E+00   3.021105E+00   1.879880E+00  -1.355092E+01   2.802475E+00  -4.853872E+00        13
   1.404521E+03   9.363960E+05   1.361063E+00   1.361063E+00   3.021105E+00   1.879880E+00  -1.355219E+01   2.802158E+00  -4.853872E+00        13
   1.405521E+03   9.377650E+05   1.361063E+00   1.361063E+00   3.021105E+00   1.879880E+00  -1.355346E+01   2.801841E+00  -4.853872E+00        13
   1.406521E+03   9.391350E+05   1.361063E+00   1.361063E+00   3.021105E+00   1.879880E+00  -1.355473E+01   2.801524E+00  -4.853872E+00        13
   1.407521E+03   9.405060E+05   1.361063E+00   1.361063E+00   3.021105E+00   1.879880E+00  -1.355599E+01   2.801207E+00  -4.853872E+00        13
   1.408521E+03   9.418780E+05   1.361063E+00   1.361063E+00   3.021105E+00   1.879880E+00  -1.355726E+01   2.800890E+00  -4.853872E+00        13
   1.409521E+03   9.432510E+05   1.361063E+00   1.361063E+00   3.021105E+00   1.879880E+00  -1.355853E+01   2.800574E+00  -4.853872E+00        13
   1.410521E+03   9.446250E+05   1.361063E+00   1.361063E+00   3.021105E+00   1.879880E+00  -1.355979E+01   2.800258E+00  -4.853872E+00        13
   1.411521E+03   9.460000E+05   1.361063E+00   1.361063E+00   3.021105E+00   1.879880E+00  -1.356105E+01   2.799942E+00  -4.853872E+00        13
   1.412521E+03   9.473760E+05   1.361063E+00   1.361063E+00   3.021105E+00   1.879880E+00  -1.356232E+01   2.799627E+00  -4.853872E+00        13
   1.413521E+03   9.487530E+05   1.361063E+00   1.361063E+00   3.021105E+00   1.879880E+00  -1.356358E+01   2.799311E+00  -4.853872E+00        13
   1.414521E+03   9.501310E+05   1.361063E+00   1.361063E+00   3.021105E+00   1.879880E+00  -1.356484E+01   2.798996E+00  -4.853872E+00        13
   1.415521E+03   9.515100E+05   1.361063E+00   1.361063E+00   3.021105E+00   1.879880E+00  -1.356610E+01   2.798681E+00  -4.853872E+00        13
   1.416521E+03   9.528900E+05   1.361063E+00   1.361063E+00   3.021105E+00   1.879880E+00  -1.356736E+01   2.798366E+00  -4.853872E+00        13
   1.417521E+03   9.542710E+05   1.361063E+00   1.361063E+00   3.021105E+00   1.879880E+00  -1.356862E+01   2.798052E+00  -4.853872E+00        13
   1.418521E+03   9.556530E+05   1.361063E+00   1.361063E+00   3.021105E+00   1.879880E+00  -1.356987E+01   2.797738E+00  -4.853872E+00        13
   1.419521E+03   9.570360E+05   1.361063E+00   1.361063E+00   3.021105E+00   1.879880E+00  -1.357113E+01   2.797424E+00  -4.853872E+00        13
   1.420521E+03   9.584200E+05   1.361063E+00   1.361063E+00   3.021105E+00   1.879880E+00  -1.357238E+01   2.797110E+00  -4.853872E+00        13
   1.421521E+03   9.598050E+05   1.361063E+00   1.361063E+00   3.021105E+00   1.879880E+00  -1.357364E+01   2.796796E+00  -4.853872E+00        13
   1.422521E+03   9.611910E+05   1.361063E+00   1.361063E+00   3.021105E+00   1.879880E+00  -1.357489E+01   2.796483E+00  -4.853872E+00        13
   1.423521E+03   9.625780E+05   1.361063E+00   1.361063E+00   3.021105E+00   1.879880E+00  -1.357614E+01   2.796170E+00  -4.853872E+00        13
   1.424521E+03   9.639660E+05   1.361063E+00   1.361063E+00   3.021105E+00   1.879880E+00  -1.357740E+01   2.795857E+00  -4.853872E+00        13
   1.425521E+03   9.653550E+05   1.361063E+00   1.361063E+00   3.021105E+00   1.879880E+00  -1.357865E+01   2.795544E+00  -4.853872E+00        13
   1.426521E+03   9.667450E+05   1.361063E+00   1.361063E+00   3.021105E+00   1.879880E+00  -1.357990E+01   2.795232E+00  -4.853872E+00        13
   1.427521E+03   9.681360E+05   1.361063E+00   1.361063E+00   3.021105E+00   1.879880E+00  -1.358114E+01   2.794920E+00  -4.853872E+00        13
   1.428521E+03   9.695280E+05   1.361063E+00   1.361063E+00   3.021105E+00   1.879880E+00  -1.358239E+01   2.794608E+00  -4.853872E+00        13
   1.429521E+03   9.709210E+05   1.361063E+00   1.361063E+00   3.021105E+00   1.879880E+00  -1.358364E+01   2.794296E+00  -4.853872E+00        13
   1.430521E+03   9.723150E+05   1.361063E+00   1.361063E+00   3.021105E+00   1.879880E+00  -1.358489E+01   2.793984E+00  -4.853872E+00        13
   1.431521E+03   9.737100E+05   1.361063E+00   1.361063E+00   3.021105E+00   1.879880E+00  -1.358613E+01   2.793673E+00  -4.853872E+00        13
   1.432521E+03   9.751060E+05   1.361063E+00   1.361063E+00   3.021105E+00   1.879880E+00  -1.358738E+01   2.793362E+00  -4.853872E+00        13
   1.433521E+03   9.765030E+05   1.361063E+00   1.361063E+00   3.021105E+00   1.879880E+00  -1.358862E+01   2.793051E+00  -4.853872E+00        13
   1.434521E+03   9.779010E+05   1.361063E+00   1.361063E+00   3.021105E+00   1.879880E+00  -1.358986E+01   2.792740E+00  -4.853872E+00        13
   1.435521E+03   9.793000E+05   1.361063E+00   1.361063E+00   3.021105E+00   1.879880E+00  -1.359110E+01   2.792430E+00  -4.853872E+00        13
   1.436521E+03   9.807000E+05   1.361063E+00   1.361063E+00   3.021105E+00   1.879880E+00  -1.359234E+01   2.792120E+00  -4.853872E+00        13
   1.437521E+03   9.821010E+05   1.361063E+00   1.361063E+00   3.021105E+00   1.879880E+00  -1.359358E+01   2.791810E+00  -4.853872E+00        13
   1.438521E+03   9.835030E+05   1.361063E+00   1.361063E+00   3.021105E+00   1.879880E+00  -1.359482E+01   2.791500E+00  -4.853872E+00        13
   1.439521E+03   9.849060E+05   1.361063E+00   1.361063E+00   3.021105E+00   1.879880E+00  -1.359606E+01   2.791190E+00  -4.853872E+00        13
   1.440521E+03   9.863100E+05   1.361063E+00   1.361063E+00   3.021105E+00   1.879880E+00  -1.359730E+01   2.790881E+00  -4.853872E+00        13
   1.441521E+03   9.877150E+05   1.361063E+00   1.361063E+00   3.021105E+00   1.879880E+00  -1.359853E+01   2.790572E+00  -4.853872E+00        13
   1.442521E+03   9.891210E+05   1.361063E+00   1.361063E+00   3.021105E+00   1.879880E+00  -1.359977E+01   2.790263E+00  -4.853872E+00        13
   1.443521E+03   9.905280E+05   1.361063E+00   1.361063E+00   3.021105E+00   1.879880E+00  -1.360101E+01   2.789954E+00  -4.853872E+00        13
   1.444521E+03   9.919360E+05   1.361063E+00   1.361063E+00   3.021105E+00   1.879880E+00  -1.360224E+01   2.789646E+00  -4.853872E+00        13
   1.445521E+03   9.933450E+05   1.361063E+00   1.361063E+00   3.021105E+00   1.879880E+00  -1.360347E+01   2.789338E+00  -4.853872E+00        13
   1.446521E+03   9.947550E+05   1.361063E+00   1.361063E+00   3.021105E+00   1.879880E+00  -1.360470E+01   2.789030E+00  -4.853872E+00        13
   1.447521E+03   9.961660E+05   1.361063E+00   1.361063E+00   3.021105E+00   1.879880E+00  -1.360594E+01   2.788722E+00  -4.853872E+00        13
   1.448521E+03   9.975780E+05   1.361063E+00   1.361063E+00   3.021105E+00   1.879880E+00  -1.360717E+01   2.788414E+00  -4.853872E+00        13
   1.449521E+03   9.989910E+05   1.361063E+00   1.361063E+00   3.021105E+00   1.879880E+00  -1.360839E+01   2.788107E+00  -4.853872E+00        13
   1.450521E+03   1.000405E+06   1.361063E+00   1.361063E+00   3.021105E+00   1.879880E+00  -1.360962E+01   2.787800E+00  -4.853872E+00        13
   1.451521E+03   1.001820E+06   1.361063E+00   1.361063E+00   3.021105E+00   1.879880E+00  -1.361085E+01   2.787493E+00  -4.853872E+00        13
   1.452521E+03   1.003236E+06   1.361063E+00   1.361063E+00   3.021105E+00   1.879880E+00  -1.361208E+01   2.787186E+00  -4.853872E+00        13
   1.453521E+03   1.004653E+06   1.361063E+00   1.361063E+00   3.021105E+00   1.879880E+00  -1.361330E+01   2.786880E+00  -4.853872E+00        13
   1.454521E+03   1.006071E+06   1.361063E+00   1.361063E+00   3.021105E+00   1.879880E+00  -1.361453E+01   2.786573E+00  -4.853872E+00        13
   1.455521E+03   1.007490E+06   1.361063E+00   1.361063E+00   3.021105E+00   1.879880E+00  -1.361575E+01   2.786267E+00  -4.853872E+00        13
   1.456521E+03   1.008910E+06   1.361063E+00   1.361063E+00   3.021105E+00   1.879880E+00  -1.361698E+01   2.785961E+00  -4.853872E+00        13
   1.457521E+03   1.010331E+06   1.361063E+00   1.361063E+00   3.021105E+00   1.879880E+00  -1.361820E+01   2.785656E+00  -4.853872E+00        13
   1.458521E+03   1.011753E+06   1.361063E+00   1.361063E+00   3.021105E+00   1.879880E+00  -1.361942E+01   2.785350E+00  -4.853872E+00        13
   1.459521E+03   1.013176E+06   1.361063E+00   1.361063E+00   3.021105E+00   1.879880E+00  -1.362064E+01   2.785045E+00  -4.853872E+00        13
   1.460521E+03   1.014600E+06   1.361063E+00   1.361063E+00   3.021105E+00   1.879880E+00  -1.362186E+01   2.784740E+00  -4.853872E+00        13
   1.461521E+03   1.016025E+06   1.361063E+00   1.361063E+00   3.021105E+00   1.879880E+00  -1.362308E+01   2.784435E+00  -4.853872E+00        13
   1.462521E+03   1.017451E+06   1.361063E+00   1.361063E+00   3.021105E+00   1.879880E+00  -1.362430E+01   2.784131E+00  -4.853872E+00        13
   1.463521E+03   1.018878E+06   1.361063E+00   1.361063E+00   3.021105E+00   1.879880E+00  -1.362552E+01   2.783827E+00  -4.853872E+00        13
   1.464521E+03   1.020306E+06   1.361063E+00   1.361063E+00   3.021105E+00   1.879880E+00  -1.362673E+01   2.783522E+00  -4.853872E+00        13
   1.465521E+03   1.021735E+06   1.361063E+00   1.361063E+00   3.021105E+00   1.879880E+00  -1.362795E+01   2.783219E+00  -4.853872E+00        13
   1.466521E+03   1.023165E+06   1.361063E+00   1.361063E+00   3.021105E+00   1.879880E+00  -1.362916E+01   2.782915E+00  -4.853872E+00        13
   1.467521E+03   1.024596E+06   1.361063E+00   1.361063E+00   3.021105E+00   1.879880E+00  -1.363038E+01   2.782611E+00  -4.853872E+00        13
   1.468521E+03   1.026028E+06   1.361063E+00   1.361063E+00   3.021105E+00   1.879880E+00  -1.363159E+01   2.782308E+00  -4.853872E+00        13
   1.469521E+03   1.027461E+06   1.361063E+00   1.361063E+00   3.021105E+00   1.879880E+00  -1.363280E+01   2.782005E+00  -4.853872E+00        13
   1.470521E+03   1.028895E+06   1.361063E+00   1.361063E+00   3.021105E+00   1.879880E+00  -1.363401E+01   2.781702E+00  -4.853872E+00        13
   1.471521E+03   1.030330E+06   1.361063E+00   1.361063E+00   3.021105E+00   1.879880E+00  -1.363522E+01   2.781400E+00  -4.853872E+00        13
   1.472521E+03   1.031766E+06   1.361063E+00   1.361063E+00   3.021105E+00   1.879880E+00  -1.363643E+01   2.781097E+00  -4.853872E+00        13
   1.473521E+03   1.033203E+06   1.361063E+00   1.361063E+00   3.021105E+00   1.879880E+00  -1.363764E+01   2.780795E+00  -4.853872E+00        13
   1.474521E+03   1.034641E+06   1.361063E+00   1.361063E+00   3.021105E+00   1.879880E+00  -1.363885E+01   2.780493E+00  -4.853872E+00        13
   1.475521E+03   1.036080E+06   1.361063E+00   1.361063E+00   3.021105E+00   1.879880E+00  -1.364006E+01   2.780191E+00  -4.853872E+00        13
   1.476521E+03   1.037520E+06   1.361063E+00   1.361063E+00   3.021105E+00   1.879880E+00  -1.364126E+01   2.779889E+00  -4.853872E+00        13
   1.477521E+03   1.038961E+06   1.361063E+00   1.361063E+00   3.021105E+00   1.879880E+00  -1.364247E+01   2.779588E+00  -4.853872E+00        13
   1.478521E+03   1.040403E+06   1.361063E+00   1.361063E+00   3.021105E+00   1.879880E+00  -1.364367E+01   2.779287E+00  -4.853872E+00        13
   1.479521E+03   1.041846E+06   1.361063E+00   1.361063E+00   3.021105E+00   1.879880E+00  -1.364488E+01   2.778986E+00  -4.853872E+00        13
   1.480521E+03   1.043290E+06   1.361063E+00   1.361063E+00   3.021105E+00   1.879880E+00  -1.364608E+01   2.778685E+00  -4.853872E+00        13
   1.481521E+03   1.044735E+06   1.361063E+00   1.361063E+00   3.021105E+00   1.879880E+00  -1.364728E+01   2.778385E+00  -4.853872E+00        13
   1.482521E+03   1.046181E+06   1.361063E+00   1.361063E+00   3.021105E+00   1.879880E+00  -1.364849E+01   2.778084E+00  -4.853872E+00        13
   1.483521E+03   1.047628E+06   1.361063E+00   1.361063E+00   3.021105E+00   1.879880E+00  -1.364969E+01   2.777784E+00  -4.853872E+00        13
   1.484521E+03   1.049076E+06   1.361063E+00   1.361063E+00   3.021105E+00   1.879880E+00  -1.365089E+01   2.777484E+00  -4.853872E+00        13
   1.485521E+03   1.050525E+06   1.361063E+00   1.361063E+00   3.021105E+00   1.879880E+00  -1.365208E+01   2.777185E+00  -4.853872E+00        13
   1.486521E+03   1.051975E+06   1.361063E+00   1.361063E+00   3.021105E+00   1.879880E+00  -1.365328E+01   2.776885E+00  -4.853872E+00        13
   1.487521E+03   1.053426E+06   1.361063E+00   1.361063E+00   3.021105E+00   1.879880E+00  -1.365448E+01   2.776586E+00  -4.853872E+00        13
   1.488521E+03   1.054878E+06   1.361063E+00   1.361063E+00   3.021105E+00   1.879880E+00  -1.365568E+01   2.776287E+00  -4.853872E+00        13
   1.489521E+03   1.056331E+06   1.361063E+00   1.361063E+00   3.021105E+00   1.879880E+00  -1.365687E+01   2.775988E+00  -4.853872E+00        13
   1.490521E+03   1.057785E+06   1.361063E+00   1.361063E+00   3.021105E+00   1.879880E+00  -1.365807E+01   2.775689E+00  -4.853872E+00        13
   1.491521E+03   1.059240E+06   1.361063E+00   1.361063E+00   3.021105E+00   1.879880E+00  -1.365926E+01   2.775391E+00  -4.853872E+00        13
   1.492521E+03   1.060696E+06   1.361063E+00   1.361063E+00   3.021105E+00   1.879880E+00  -1.366045E+01   2.775092E+00  -4.853872E+00        13
   1.493521E+03   1.062153E+06   1.361063E+00   1.361063E+00   3.021105E+00   1.879880E+00  -1.366165E+01   2.774794E+00  -4.853872E+00        13
   1.494521E+03   1.063611E+06   1.361063E+00   1.361063E+00   3.021105E+00   1.879880E+00  -1.366284E+01   2.774496E+00  -4.853872E+00        13
   1.495521E+03   1.065070E+06   1.361063E+00   1.361063E+00   3.021105E+00   1.879880E+00  -1.366403E+01   2.774199E+00  -4.853872E+00        13
   1.496521E+03   1.066530E+06   1.361063E+00   1.361063E+00   3.021105E+00   1.879880E+00  -1.366522E+01   2.773901E+00  -4.853872E+00        13
   1.497521E+03   1.067991E+06   1.361063E+00   1.361063E+00   3.021105E+00   1.879880E+00  -1.366641E+01   2.773604E+00  -4.853872E+00        13
   1.498521E+03   1.069453E+06   1.361063E+00   1.361063E+00   3.021105E+00   1.879880E+00  -1.366759E+01   2.773307E+00  -4.853872E+00        13
   1.499521E+03   1.070916E+06   1.361063E+00   1.361063E+00   3.021105E+00   1.879880E+00  -1.366878E+01   2.773010E+00  -4.853872E+00        13
   1.500521E+03   1.072380E+06   1.361063E+00   1.361063E+00   3.021105E+00   1.879880E+00  -1.366997E+01   2.772713E+00  -4.853872E+00        13
   1.501521E+03   1.073845E+06   1.361063E+00   1.361063E+00   3.021105E+00   1.879880E+00  -1.367115E+01   2.772417E+00  -4.853872E+00        13
   1.502521E+03   1.075311E+06   1.361063E+00   1.361063E+00   3.021105E+00   1.879880E+00  -1.367234E+01   2.772121E+00  -4.853872E+00        13
   1.503521E+03   1.076778E+06   1.361063E+00   1.361063E+00   3.021105E+00   1.879880E+00  -1.367352E+01   2.771825E+00  -4.853872E+00        13
   1.504521E+03   1.078246E+06   1.361063E+00   1.361063E+00   3.021105E+00   1.879880E+00  -1.367471E+01   2.771529E+00  -4.853872E+00        13
   1.505521E+03   1.079715E+06   1.361063E+00   1.361063E+00   3.021105E+00   1.879880E+00  -1.367589E+01   2.771233E+00  -4.853872E+00        13
   1.506521E+03   1.081185E+06   1.361063E+00   1.361063E+00   3.021105E+00   1.879880E+00  -1.367707E+01   2.770938E+00  -4.853872E+00        13
   1.507521E+03   1.082656E+06   1.361063E+00   1.361063E+00   3.021105E+00   1.879880E+00  -1.367825E+01   2.770642E+00  -4.853872E+00        13
   1.508521E+03   1.084128E+06   1.361063E+00   1.361063E+00   3.021105E+00   1.879880E+00  -1.367943E+01   2.770347E+00  -4.853872E+00        13
   1.509521E+03   1.085601E+06   1.361063E+00   1.361063E+00   3.021105E+00   1.879880E+00  -1.368061E+01   2.770053E+00  -4.853872E+00        13
   1.510521E+03   1.087075E+06   1.361063E+00   1.361063E+00   3.021105E+00   1.879880E+00  -1.368179E+01   2.769758E+00  -4.853872E+00        13
   1.511521E+03   1.088550E+06   1.361063E+00   1.361063E+00   3.021105E+00   1.879880E+00  -1.368297E+01   2.769464E+00  -4.853872E+00        13
   1.512521E+03   1.090026E+06   1.361063E+00   1.361063E+00   3.021105E+00   1.879880E+00  -1.368415E+01   2.769169E+00  -4.853872E+00        13
   1.513521E+03   1.091503E+06   1.361063E+00   1.361063E+00   3.021105E+00   1.879880E+00  -1.368532E+01   2.768875E+00  -4.853872E+00        13
   1.514521E+03   1.092981E+06   1.361063E+00   1.361063E+00   3.021105E+00   1.879880E+00  -1.368650E+01   2.768581E+00  -4.853872E+00        13
   1.515521E+03   1.094460E+06   1.361063E+00   1.361063E+00   3.021105E+00   1.879880E+00  -1.368767E+01   2.768288E+00  -4.853872E+00        13
   1.516521E+03   1.095940E+06   1.361063E+00   1.361063E+00   3.021105E+00   1.879880E+00  -1.368885E+01   2.767994E+00  -4.853872E+00        13
   1.517521E+03   1.097421E+06   1.361063E+00   1.361063E+00   3.021105E+00   1.879880E+00  -1.369002E+01   2.767701E+00  -4.853872E+00        13
   1.518521E+03   1.098903E+06   1.361063E+00   1.361063E+00   3.021105E+00   1.879880E+00  -1.369119E+01   2.767408E+00  -4.853872E+00        13
   1.519521E+03   1.100386E+06   1.361063E+00   1.361063E+00   3.021105E+00   1.879880E+00  -1.369236E+01   2.767115E+00  -4.853872E+00        13
   1.520521E+03   1.101870E+06   1.361063E+00   1.361063E+00   3.021105E+00   1.879880E+00  -1.369353E+01   2.766823E+00  -4.853872E+00        13
   1.521521E+03   1.103355E+06   1.361063E+00   1.361063E+00   3.021105E+00   1.879880E+00  -1.369470E+01   2.766530E+00  -4.853872E+00        13
   1.522521E+03   1.104841E+06   1.361063E+00   1.361063E+00   3.021105E+00   1.879880E+00  -1.369587E+01   2.766238E+00  -4.853872E+00        13
   1.523521E+03   1.106328E+06   1.361063E+00   1.361063E+00   3.021105E+00   1.879880E+00  -1.369704E+01   2.765946E+00  -4.853872E+00        13
   1.524521E+03   1.107816E+06   1.361063E+00   1.361063E+00   3.021105E+00   1.879880E+00  -1.369821E+01   2.765654E+00  -4.853872E+00        13
   1.525521E+03   1.109305E+06   1.361063E+00   1.361063E+00   3.021105E+00   1.879880E+00  -1.369937E+01   2.765362E+00  -4.853872E+00        13
   1.526521E+03   1.110795E+06   1.361063E+00   1.361063E+00   3.021105E+00   1.879880E+00  -1.370054E+01   2.765071E+00  -4.853872E+00        13
   1.527521E+03   1.112286E+06   1.361063E+00   1.361063E+00   3.021105E+00   1.879880E+00  -1.370170E+01   2.764779E+00  -4.853872E+00        13
   1.528521E+03   1.113778E+06   1.361063E+00   1.361063E+00   3.021105E+00   1.879880E+00  -1.370287E+01   2.764488E+00  -4.853872E+00        13
   1.529521E+03   1.115271E+06   1.361063E+00   1.361063E+00   3.021105E+00   1.879880E+00  -1.370403E+01   2.764197E+00  -4.853872E+00        13
   1.530521E+03   1.116765E+06   1.361063E+00   1.361063E+00   3.021105E+00   1.879880E+00  -1.370520E+01   2.763907E+00  -4.853872E+00        13
   1.531521E+03   1.118260E+06   1.361063E+00   1.361063E+00   3.021105E+00   1.879880E+00  -1.370636E+01   2.763616E+00  -4.853872E+00        13
   1.532521E+03   1.119756E+06   1.361063E+00   1.361063E+00   3.021105E+00   1.879880E+00  -1.370752E+01   2.763326E+00  -4.853872E+00        13
   1.533521E+03   1.121253E+06   1.361063E+00   1.361063E+00   3.021105E+00   1.879880E+00  -1.370868E+01   2.763036E+00  -4.853872E+00        13
   1.534521E+03   1.122751E+06   1.361063E+00   1.361063E+00   3.021105E+00   1.879880E+00  -1.370984E+01   2.762746E+00  -4.853872E+00        13
   1.535521E+03   1.124250E+06   1.361063E+00   1.361063E+00   3.021105E+00   1.879880E+00  -1.371100E+01   2.762456E+00  -4.853872E+00        13
   1.536521E+03   1.125750E+06   1.361063E+00   1.361063E+00   3.021105E+00   1.879880E+00  -1.371216E+01   2.762167E+00  -4.853872E+00        13
   1.537521E+03   1.127251E+06   1.361063E+00   1.361063E+00   3.021105E+00   1.879880E+00  -1.371331E+01   2.761877E+00  -4.853872E+00        13
   1.538521E+03   1.128753E+06   1.361063E+00   1.361063E+00   3.021105E+00   1.879880E+00  -1.371447E+01   2.761588E+00  -4.853872E+00        13
   1.539521E+03   1.130256E+06   1.361063E+00   1.361063E+00   3.021105E+00   1.879880E+00  -1.371563E+01   2.761299E+00  -4.853872E+00        13
   1.540521E+03   1.131760E+06   1.361063E+00   1.361063E+00   3.021105E+00   1.879880E+00  -1.371678E+01   2.761011E+00  -4.853872E+00        13
   1.541521E+03   1.133265E+06   1.361063E+00   1.361063E+00   3.021105E+00   1.879880E+00  -1.371793E+01   2.760722E+00  -4.853872E+00        13
   1.542521E+03   1.134771E+06   1.361063E+00   1.361063E+00   3.021105E+00   1.879880E+00  -1.371909E+01   2.760434E+00  -4.853872E+00        13
   1.543521E+03   1.136278E+06   1.361063E+00   1.361063E+00   3.021105E+00   1.879880E+00  -1.372024E+01   2.760145E+00  -4.853872E+00        13
   1.544521E+03   1.137786E+06   1.361063E+00   1.361063E+00   3.021105E+00   1.879880E+00  -1.372139E+01   2.759857E+00  -4.853872E+00        13
   1.545521E+03   1.139295E+06   1.361063E+00   1.361063E+00   3.021105E+00   1.879880E+00  -1.372254E+01   2.759570E+00  -4.853872E+00        13
   1.546521E+03   1.140805E+06   1.361063E+00   1.361063E+00   3.021105E+00   1.879880E+00  -1.372369E+01   2.759282E+00  -4.853872E+00        13
   1.547521E+03   1.142316E+06   1.361063E+00   1.361063E+00   3.021105E+00   1.879880E+00  -1.372484E+01   2.758995E+00  -4.853872E+00        13
   1.548521E+03   1.143828E+06   1.361063E+00   1.361063E+00   3.021105E+00   1.879880E+00  -1.372599E+01   2.758707E+00  -4.853872E+00        13
   1.549521E+03   1.145341E+06   1.361063E+00   1.361063E+00   3.021105E+00   1.879880E+00  -1.372714E+01   2.758420E+00  -4.853872E+00        13
   1.550521E+03   1.146855E+06   1.361063E+00   1.361063E+00   3.021105E+00   1.879880E+00  -1.372829E+01   2.758133E+00  -4.853872E+00        13
   1.551521E+03   1.148370E+06   1.361063E+00   1.361063E+00   3.021105E+00   1.879880E+00  -1.372944E+01   2.757847E+00  -4.853872E+00        13
   1.552521E+03   1.149886E+06   1.361063E+00   1.361063E+00   3.021105E+00   1.879880E+00  -1.373058E+01   2.757560E+00  -4.853872E+00        13
   1.553521E+03   1.151403E+06   1.361063E+00   1.361063E+00   3.021105E+00   1.879880E+00  -1.373173E+01   2.757274E+00  -4.853872E+00        13
   1.554521E+03   1.152921E+06   1.361063E+00   1.361063E+00   3.021105E+00   1.879880E+00  -1.373287E+01   2.756988E+00  -4.853872E+00        13
   1.555521E+03   1.154440E+06   1.361063E+00   1.361063E+00   3.021105E+00   1.879880E+00  -1.373401E+01   2.756702E+00  -4.853872E+00        13
   1.556521E+03   1.155960E+06   1.361063E+00   1.361063E+00   3.021105E+00   1.879880E+00  -1.373516E+01   2.756416E+00  -4.853872E+00        13
   1.557521E+03   1.157481E+06   1.361063E+00   1.361063E+00   3.021105E+00   1.879880E+00  -1.373630E+01   2.756131E+00  -4.853872E+00        13
   1.558521E+03   1.159003E+06   1.361063E+00   1.361063E+00   3.021105E+00   1.879880E+00  -1.373744E+01   2.755845E+00  -4.853872E+00        13
   1.559521E+03   1.160526E+06   1.361063E+00   1.361063E+00   3.021105E+00   1.879880E+00  -1.373858E+01   2.755560E+00  -4.853872E+00        13
   1.560521E+03   1.162050E+06   1.361063E+00   1.361063E+00   3.021105E+00   1.879880E+00  -1.373972E+01   2.755275E+00  -4.853872E+00        13
   1.561521E+03   1.163575E+06   1.361063E+00   1.361063E+00   3.021105E+00   1.879880E+00  -1.374086E+01   2.754991E+00  -4.853872E+00        13
   1.562521E+03   1.165101E+06   1.361063E+00   1.361063E+00   3.021105E+00   1.879880E+00  -1.374200E+01   2.754706E+00  -4.853872E+00        13
   1.563521E+03   1.166628E+06   1.361063E+00   1.361063E+00   3.021105E+00   1.879880E+00  -1.374314E+01   2.754421E+00  -4.853872E+00        13
   1.564521E+03   1.168156E+06   1.361063E+00   1.361063E+00   3.021105E+00   1.879880E+00  -1.374427E+01   2.754137E+00  -4.853872E+00        13
   1.565521E+03   1.169685E+06   1.361063E+00   1.361063E+00   3.021105E+00   1.879880E+00  -1.374541E+01   2.753853E+00  -4.853872E+00        13
   1.566521E+03   1.171215E+06   1.361063E+00   1.361063E+00   3.021105E+00   1.879880E+00  -1.374654E+01   2.753569E+00  -4.853872E+00        13
   1.567521E+03   1.172746E+06   1.361063E+00   1.361063E+00   3.021105E+00   1.879880E+00  -1.374768E+01   2.753286E+00  -4.853872E+00        13
   1.568521E+03   1.174278E+06   1.361063E+00   1.361063E+00   3.021105E+00   1.879880E+00  -1.374881E+01   2.753002E+00  -4.853872E+00        13
   1.569521E+03   1.175811E+06   1.361063E+00   1.361063E+00   3.021105E+00   1.879880E+00  -1.374995E+01   2.752719E+00  -4.853872E+00        13
   1.570521E+03   1.177345E+06   1.361063E+00   1.361063E+00   3.021105E+00   1.879880E+00  -1.375108E+01   2.752436E+00  -4.853872E+00        13
   1.571521E+03   1.178880E+06   1.361063E+00   1.361063E+00   3.021105E+00   1.879880E+00  -1.375221E+01   2.752153E+00  -4.853872E+00        13
   1.572521E+03   1.180416E+06   1.361063E+00   1.361063E+00   3.021105E+00   1.879880E+00  -1.375334E+01   2.751870E+00  -4.853872E+00        13
   1.573521E+03   1.181953E+06   1.361063E+00   1.361063E+00   3.021105E+00   1.879880E+00  -1.375447E+01   2.751588E+00  -4.853872E+00        13
   1.574521E+03   1.183491E+06   1.361063E+00   1.361063E+00   3.021105E+00   1.879880E+00  -1.375560E+01   2.751305E+00  -4.853872E+00        13
   1.575521E+03   1.185030E+06   1.361063E+00   1.361063E+00   3.021105E+00   1.879880E+00  -1.375673E+01   2.751023E+00  -4.853872E+00        13
   1.576521E+03   1.186570E+06   1.361063E+00   1.361063E+00   3.021105E+00   1.879880E+00  -1.375786E+01   2.750741E+00  -4.853872E+00        13
   1.577521E+03   1.188111E+06   1.361063E+00   1.361063E+00   3.021105E+00   1.879880E+00  -1.375899E+01   2.750459E+00  -4.853872E+00        13
   1.578521E+03   1.189653E+06   1.361063E+00   1.361063E+00   3.021105E+00   1.879880E+00  -1.376011E+01   2.750178E+00  -4.853872E+00        13
   1.579521E+03   1.191196E+06   1.361063E+00   1.361063E+00   3.021105E+00   1.879880E+00  -1.376124E+01   2.749896E+00  -4.853872E+00        13
   1.580521E+03   1.192740E+06   1.361063E+00   1.361063E+00   3.021105E+00   1.879880E+00  -1.376236E+01   2.749615E+00  -4.853872E+00        13
   1.581521E+03   1.194285E+06   1.361063E+00   1.361063E+00   3.021105E+00   1.879880E+00  -1.376349E+01   2.749334E+00  -4.853872E+00        13
   1.582521E+03   1.195831E+06   1.361063E+00   1.361063E+00   3.021105E+00   1.879880E+00  -1.376461E+01   2.749053E+00  -4.853872E+00        13
   1.583521E+03   1.197378E+06   1.361063E+00   1.361063E+00   3.021105E+00   1.879880E+00  -1.376573E+01   2.748772E+00  -4.853872E+00        13
   1.584521E+03   1.198926E+06   1.361063E+00   1.361063E+00   3.021105E+00   1.879880E+00  -1.376686E+01   2.748492E+00  -4.853872E+00        13
   1.585521E+03   1.200475E+06   1.361063E+00   1.361063E+00   3.021105E+00   1.879880E+00  -1.376798E+01   2.748211E+00  -4.853872E+00        13
   1.586521E+03   1.202025E+06   1.361063E+00   1.361063E+00   3.021105E+00   1.879880E+00  -1.376910E+01   2.747931E+00  -4.853872E+00        13
   1.587521E+03   1.203576E+06   1.361063E+00   1.361063E+00   3.021105E+00   1.879880E+00  -1.377022E+01   2.747651E+00  -4.853872E+00        13
   1.588521E+03   1.205128E+06   1.361063E+00   1.361063E+00   3.021105E+00   1.879880E+00  -1.377134E+01   2.747371E+00  -4.853872E+00        13
   1.589521E+03   1.206681E+06   1.361063E+00   1.361063E+00   3.021105E+00   1.879880E+00  -1.377246E+01   2.747091E+00  -4.853872E+00        13
   1.590521E+03   1.208235E+06   1.361063E+00   1.361063E+00   3.021105E+00   1.879880E+00  -1.377357E+01   2.746812E+00  -4.853872E+00        13
   1.591521E+03   1.209790E+06   1.361063E+00   1.361063E+00   3.021105E+00   1.879880E+00  -1.377469E+01   2.746533E+00  -4.853872E+00        13
   1.592521E+03   1.211346E+06   1.361063E+00   1.361063E+00   3.021105E+00   1.879880E+00  -1.377581E+01   2.746254E+00  -4.853872E+00        13
   1.593521E+03   1.212903E+06   1.361063E+00   1.361063E+00   3.021105E+00   1.879880E+00  -1.377692E+01   2.745975E+00  -4.853872E+00        13
   1.594521E+03   1.214461E+06   1.361063E+00   1.361063E+00   3.021105E+00   1.879880E+00  -1.377804E+01   2.745696E+00  -4.853872E+00        13
   1.595521E+03   1.216020E+06   1.361063E+00   1.361063E+00   3.021105E+00   1.879880E+00  -1.377915E+01   2.745417E+00  -4.853872E+00        13
   1.596521E+03   1.217580E+06   1.361063E+00   1.361063E+00   3.021105E+00   1.879880E+00  -1.378027E+01   2.745139E+00  -4.853872E+00        13
   1.597521E+03   1.219141E+06   1.361063E+00   1.361063E+00   3.021105E+00   1.879880E+00  -1.378138E+01   2.744861E+00  -4.853872E+00        13
   1.598521E+03   1.220703E+06   1.361063E+00   1.361063E+00   3.021105E+00   1.879880E+00  -1.378249E+01   2.744583E+00  -4.853872E+00        13
   1.599521E+03   1.222266E+06   1.361063E+00   1.361063E+00   3.021105E+00   1.879880E+00  -1.378360E+01   2.744305E+00  -4.853872E+00        13
   1.600521E+03   1.223830E+06   1.361063E+00   1.361063E+00   3.021105E+00   1.879880E+00  -1.378471E+01   2.744027E+00  -4.853872E+00        13
   1.601521E+03   1.225395E+06   1.361063E+00   1.361063E+00   3.021105E+00   1.879880E+00  -1.378582E+01   2.743750E+00  -4.853872E+00        13
   1.602521E+03   1.226961E+06   1.361063E+00   1.361063E+00   3.021105E+00   1.879880E+00  -1.378693E+01   2.743472E+00  -4.853872E+00        13
   1.603521E+03   1.228528E+06   1.361063E+00   1.361063E+00   3.021105E+00   1.879880E+00  -1.378804E+01   2.743195E+00  -4.853872E+00        13
   1.604521E+03   1.230096E+06   1.361063E+00   1.361063E+00   3.021105E+00   1.879880E+00  -1.378915E+01   2.742918E+00  -4.853872E+00        13
   1.605521E+03   1.231665E+06   1.361063E+00   1.361063E+00   3.021105E+00   1.879880E+00  -1.379026E+01   2.742641E+00  -4.853872E+00        13
   1.606521E+03   1.233235E+06   1.361063E+00   1.361063E+00   3.021105E+00   1.879880E+00  -1.379136E+01   2.742365E+00  -4.853872E+00        13
   1.607521E+03   1.234806E+06   1.361063E+00   1.361063E+00   3.021105E+00   1.879880E+00  -1.379247E+01   2.742088E+00  -4.853872E+00        13
   1.608521E+03   1.236378E+06   1.361063E+00   1.361063E+00   3.021105E+00   1.879880E+00  -1.379357E+01   2.741812E+00  -4.853872E+00        13
   1.609521E+03   1.237951E+06   1.361063E+00   1.361063E+00   3.021105E+00   1.879880E+00  -1.379468E+01   2.741536E+00  -4.853872E+00        13
   1.610521E+03   1.239525E+06   1.361063E+00   1.361063E+00   3.021105E+00   1.879880E+00  -1.379578E+01   2.741260E+00  -4.853872E+00        13
   1.611521E+03   1.241100E+06   1.361063E+00   1.361063E+00   3.021105E+00   1.879880E+00  -1.379689E+01   2.740984E+00  -4.853872E+00        13
   1.612521E+03   1.242676E+06   1.361063E+00   1.361063E+00   3.021105E+00   1.879880E+00  -1.379799E+01   2.740709E+00  -4.853872E+00        13
   1.613521E+03   1.244253E+06   1.361063E+00   1.361063E+00   3.021105E+00   1.879880E+00  -1.379909E+01   2.740433E+00  -4.853872E+00        13
   1.614521E+03   1.245831E+06   1.361063E+00   1.361063E+00   3.021105E+00   1.879880E+00  -1.380019E+01   2.740158E+00  -4.853872E+00        13
   1.615521E+03   1.247410E+06   1.361063E+00   1.361063E+00   3.021105E+00   1.879880E+00  -1.380129E+01   2.739883E+00  -4.853872E+00        13
   1.616521E+03   1.248990E+06   1.361063E+00   1.361063E+00   3.021105E+00   1.879880E+00  -1.380239E+01   2.739608E+00  -4.853872E+00        13
   1.617521E+03   1.250571E+06   1.361063E+00   1.361063E+00   3.021105E+00   1.879880E+00  -1.380349E+01   2.739334E+00  -4.853872E+00        13
   1.618521E+03   1.252153E+06   1.361063E+00   1.361063E+00   3.021105E+00   1.879880E+00  -1.380459E+01   2.739059E+00  -4.853872E+00        13
   1.619521E+03   1.253736E+06   1.361063E+00   1.361063E+00   3.021105E+00   1.879880E+00  -1.380568E+01   2.738785E+00  -4.853872E+00        13
   1.620521E+03   1.255320E+06   1.361063E+00   1.361063E+00   3.021105E+00   1.879880E+00  -1.380678E+01   2.738510E+00  -4.853872E+00        13
   1.621521E+03   1.256905E+06   1.361063E+00   1.361063E+00   3.021105E+00   1.879880E+00  -1.380788E+01   2.738236E+00  -4.853872E+00        13
   1.622521E+03   1.258491E+06   1.361063E+00   1.361063E+00   3.021105E+00   1.879880E+00  -1.380897E+01   2.737963E+00  -4.853872E+00        13
   1.623521E+03   1.260078E+06   1.361063E+00   1.361063E+00   3.021105E+00   1.879880E+00  -1.381007E+01   2.737689E+00  -4.853872E+00        13
   1.624521E+03   1.261666E+06   1.361063E+00   1.361063E+00   3.021105E+00   1.879880E+00  -1.381116E+01   2.737415E+00  -4.853872E+00        13
   1.625521E+03   1.263255E+06   1.361063E+00   1.361063E+00   3.021105E+00   1.879880E+00  -1.381225E+01   2.737142E+00  -4.853872E+00        13
   1.626521E+03   1.264845E+06   1.361063E+00   1.361063E+00   3.021105E+00   1.879880E+00  -1.381335E+01   2.736869E+00  -4.853872E+00        13
   1.627521E+03   1.266436E+06   1.361063E+00   1.361063E+00   3.021105E+00   1.879880E+00  -1.381444E+01   2.736596E+00  -4.853872E+00        13
   1.628521E+03   1.268028E+06   1.361063E+00   1.361063E+00   3.021105E+00   1.879880E+00  -1.381553E+01   2.736323E+00  -4.853872E+00        13
   1.629521E+03   1.269621E+06   1.361063E+00   1.361063E+00   3.021105E+00   1.879880E+00  -1.381662E+01   2.736051E+00  -4.853872E+00        13
   1.630521E+03   1.271215E+06   1.361063E+00   1.361063E+00   3.021105E+00   1.879880E+00  -1.381771E+01   2.735778E+00  -4.853872E+00        13
   1.631521E+03   1.272810E+06   1.361063E+00   1.361063E+00   3.021105E+00   1.879880E+00  -1.381880E+01   2.735506E+00  -4.853872E+00        13
   1.632521E+03   1.274406E+06   1.361063E+00   1.361063E+00   3.021105E+00   1.879880E+00  -1.381989E+01   2.735234E+00  -4.853872E+00        13
   1.633521E+03   1.276003E+06   1.361063E+00   1.361063E+00   3.021105E+00   1.879880E+00  -1.382097E+01   2.734962E+00  -4.853872E+00        13
   1.634521E+03   1.277601E+06   1.361063E+00   1.361063E+00   3.021105E+00   1.879880E+00  -1.382206E+01   2.734690E+00  -4.853872E+00        13
   1.635521E+03   1.279200E+06   1.361063E+00   1.361063E+00   3.021105E+00   1.879880E+00  -1.382315E+01   2.734418E+00  -4.853872E+00        13
   1.636521E+03   1.280800E+06   1.361063E+00   1.361063E+00   3.021105E+00   1.879880E+00  -1.382423E+01   2.734147E+00  -4.853872E+00        13
   1.637521E+03   1.282401E+06   1.361063E+00   1.361063E+00   3.021105E+00   1.879880E+00  -1.382532E+01   2.733876E+00  -4.853872E+00        13
   1.638521E+03   1.284003E+06   1.361063E+00   1.361063E+00   3.021105E+00   1.879880E+00  -1.382640E+01   2.733605E+00  -4.853872E+00        13
   1.639521E+03   1.285606E+06   1.361063E+00   1.361063E+00   3.021105E+00   1.879880E+00  -1.382749E+01   2.733334E+00  -4.853872E+00        13
   1.640521E+03   1.287210E+06   1.361063E+00   1.361063E+00   3.021105E+00   1.879880E+00  -1.382857E+01   2.733063E+00  -4.853872E+00        13
   1.641521E+03   1.288815E+06   1.361063E+00   1.361063E+00   3.021105E+00   1.879880E+00  -1.382965E+01   2.732792E+00  -4.853872E+00        13
   1.642521E+03   1.290421E+06   1.361063E+00   1.361063E+00   3.021105E+00   1.879880E+00  -1.383073E+01   2.732522E+00  -4.853872E+00        13
   1.643521E+03   1.292028E+06   1.361063E+00   1.361063E+00   3.021105E+00   1.879880E+00  -1.383182E+01   2.732252E+00  -4.853872E+00        13
   1.644521E+03   1.293636E+06   1.361063E+00   1.361063E+00   3.021105E+00   1.879880E+00  -1.383290E+01   2.731982E+00  -4.853872E+00        13
   1.645521E+03   1.295245E+06   1.361063E+00   1.361063E+00   3.021105E+00   1.879880E+00  -1.383398E+01   2.731712E+00  -4.853872E+00        13
   1.646521E+03   1.296855E+06   1.361063E+00   1.361063E+00   3.021105E+00   1.879880E+00  -1.383505E+01   2.731442E+00  -4.853872E+00        13
   1.647521E+03   1.298466E+06   1.361063E+00   1.361063E+00   3.021105E+00   1.879880E+00  -1.383613E+01   2.731172E+00  -4.853872E+00        13
   1.648521E+03   1.300078E+06   1.361063E+00   1.361063E+00   3.021105E+00   1.879880E+00  -1.383721E+01   2.730903E+00  -4.853872E+00        13
   1.649521E+03   1.301691E+06   1.361063E+00   1.361063E+00   3.021105E+00   1.879880E+00  -1.383829E+01   2.730634E+00  -4.853872E+00        13
   1.650521E+03   1.303305E+06   1.361063E+00   1.361063E+00   3.021105E+00   1.879880E+00  -1.383936E+01   2.730365E+00  -4.853872E+00        13
   1.651521E+03   1.304920E+06   1.361063E+00   1.361063E+00   3.021105E+00   1.879880E+00  -1.384044E+01   2.730096E+00  -4.853872E+00        13
   1.652521E+03   1.306536E+06   1.361063E+00   1.361063E+00   3.021105E+00   1.879880E+00  -1.384151E+01   2.729827E+00  -4.853872E+00        13
   1.653521E+03   1.308153E+06   1.361063E+00   1.361063E+00   3.021105E+00   1.879880E+00  -1.384259E+01   2.729558E+00  -4.853872E+00        13
   1.654521E+03   1.309771E+06   1.361063E+00   1.361063E+00   3.021105E+00   1.879880E+00  -1.384366E+01   2.729290E+00  -4.853872E+00        13
   1.655521E+03   1.311390E+06   1.361063E+00   1.361063E+00   3.021105E+00   1.879880E+00  -1.384474E+01   2.729022E+00  -4.853872E+00        13
   1.656521E+03   1.313010E+06   1.361063E+00   1.361063E+00   3.021105E+00   1.879880E+00  -1.384581E+01   2.728754E+00  -4.853872E+00        13
   1.657521E+03   1.314631E+06   1.361063E+00   1.361063E+00   3.021105E+00   1.879880E+00  -1.384688E+01   2.728486E+00  -4.853872E+00        13
   1.658521E+03   1.316253E+06   1.361063E+00   1.361063E+00   3.021105E+00   1.879880E+00  -1.384795E+01   2.728218E+00  -4.853872E+00        13
   1.659521E+03   1.317876E+06   1.361063E+00   1.361063E+00   3.021105E+00   1.879880E+00  -1.384902E+01   2.727950E+00  -4.853872E+00        13
   1.660521E+03   1.319500E+06   1.361063E+00   1.361063E+00   3.021105E+00   1.879880E+00  -1.385009E+01   2.727683E+00  -4.853872E+00        13
   1.661521E+03   1.321125E+06   1.361063E+00   1.361063E+00   3.021105E+00   1.879880E+00  -1.385116E+01   2.727416E+00  -4.853872E+00        13
   1.662521E+03   1.322751E+06   1.361063E+00   1.361063E+00   3.021105E+00   1.879880E+00  -1.385223E+01   2.727149E+00  -4.853872E+00        13
   1.663521E+03   1.324378E+06   1.361063E+00   1.361063E+00   3.021105E+00   1.879880E+00  -1.385330E+01   2.726882E+00  -4.853872E+00        13
   1.664521E+03   1.326006E+06   1.361063E+00   1.361063E+00   3.021105E+00   1.879880E+00  -1.385436E+01   2.726615E+00  -4.853872E+00        13
   1.665521E+03   1.327635E+06   1.361063E+00   1.361063E+00   3.021105E+00   1.879880E+00  -1.385543E+01   2.726348E+00  -4.853872E+00        13
   1.666521E+03   1.329265E+06   1.361063E+00   1.361063E+00   3.021105E+00   1.879880E+00  -1.385649E+01   2.726082E+00  -4.853872E+00        13
   1.667521E+03   1.330896E+06   1.361063E+00   1.361063E+00   3.021105E+00   1.879880E+00  -1.385756E+01   2.725816E+00  -4.853872E+00        13
   1.668521E+03   1.332528E+06   1.361063E+00   1.361063E+00   3.021105E+00   1.879880E+00  -1.385862E+01   2.725550E+00  -4.853872E+00        13
   1.669521E+03   1.334161E+06   1.361063E+00   1.361063E+00   3.021105E+00   1.879880E+00  -1.385969E+01   2.725284E+00  -4.853872E+00        13
   1.670521E+03   1.335795E+06   1.361063E+00   1.361063E+00   3.021105E+00   1.879880E+00  -1.386075E+01   2.725018E+00  -4.853872E+00        13
   1.671521E+03   1.337430E+06   1.361063E+00   1.361063E+00   3.021105E+00   1.879880E+00  -1.386181E+01   2.724752E+00  -4.853872E+00        13
   1.672521E+03   1.339066E+06   1.361063E+00   1.361063E+00   3.021105E+00   1.879880E+00  -1.386288E+01   2.724487E+00  -4.853872E+00        13
   1.673521E+03   1.340703E+06   1.361063E+00   1.361063E+00   3.021105E+00   1.879880E+00  -1.386394E+01   2.724221E+00  -4.853872E+00        13
   1.674521E+03   1.342341E+06   1.361063E+00   1.361063E+00   3.021105E+00   1.879880E+00  -1.386500E+01   2.723956E+00  -4.853872E+00        13
   1.675521E+03   1.343980E+06   1.361063E+00   1.361063E+00   3.021105E+00   1.879880E+00  -1.386606E+01   2.723691E+00  -4.853872E+00        13
   1.676521E+03   1.345620E+06   1.361063E+00   1.361063E+00   3.021105E+00   1.879880E+00  -1.386712E+01   2.723426E+00  -4.853872E+00        13
   1.677521E+03   1.347261E+06   1.361063E+00   1.361063E+00   3.021105E+00   1.879880E+00  -1.386818E+01   2.723162E+00  -4.853872E+00        13
   1.678521E+03   1.348903E+06   1.361063E+00   1.361063E+00   3.021105E+00   1.879880E+00  -1.386923E+01   2.722897E+00  -4.853872E+00        13
   1.679521E+03   1.350546E+06   1.361063E+00   1.361063E+00   3.021105E+00   1.879880E+00  -1.387029E+01   2.722633E+00  -4.853872E+00        13
   1.680521E+03   1.352190E+06   1.361063E+00   1.361063E+00   3.021105E+00   1.879880E+00  -1.387135E+01   2.722369E+00  -4.853872E+00        13
   1.681521E+03   1.353835E+06   1.361063E+00   1.361063E+00   3.021105E+00   1.879880E+00  -1.387240E+01   2.722105E+00  -4.853872E+00        13
   1.682521E+03   1.355481E+06   1.361063E+00   1.361063E+00   3.021105E+00   1.879880E+00  -1.387346E+01   2.721841E+00  -4.853872E+00        13
   1.683521E+03   1.357128E+06   1.361063E+00   1.361063E+00   3.021105E+00   1.879880E+00  -1.387451E+01   2.721577E+00  -4.853872E+00        13
   1.684521E+03   1.358776E+06   1.361063E+00   1.361063E+00   3.021105E+00   1.879880E+00  -1.387557E+01   2.721314E+00  -4.853872E+00        13
   1.685521E+03   1.360425E+06   1.361063E+00   1.361063E+00   3.021105E+00   1.879880E+00  -1.387662E+01   2.721050E+00  -4.853872E+00        13
   1.686521E+03   1.362075E+06   1.361063E+00   1.361063E+00   3.021105E+00   1.879880E+00  -1.387767E+01   2.720787E+00  -4.853872E+00        13
   1.687521E+03   1.363726E+06   1.361063E+00   1.361063E+00   3.021105E+00   1.879880E+00  -1.387873E+01   2.720524E+00  -4.853872E+00        13
   1.688521E+03   1.365378E+06   1.361063E+00   1.361063E+00   3.021105E+00   1.879880E+00  -1.387978E+01   2.720261E+00  -4.853872E+00        13
   1.689521E+03   1.367031E+06   1.361063E+00   1.361063E+00   3.021105E+00   1.879880E+00  -1.388083E+01   2.719999E+00  -4.853872E+00        13
   1.690521E+03   1.368685E+06   1.361063E+00   1.361063E+00   3.021105E+00   1.879880E+00  -1.388188E+01   2.719736E+00  -4.853872E+00        13
   1.691521E+03   1.370340E+06   1.361063E+00   1.361063E+00   3.021105E+00   1.879880E+00  -1.388293E+01   2.719474E+00  -4.853872E+00        13
   1.692521E+03   1.371996E+06   1.361063E+00   1.361063E+00   3.021105E+00   1.879880E+00  -1.388398E+01   2.719211E+00  -4.853872E+00        13
   1.693521E+03   1.373653E+06   1.361063E+00   1.361063E+00   3.021105E+00   1.879880E+00  -1.388503E+01   2.718949E+00  -4.853872E+00        13
   1.694521E+03   1.375311E+06   1.361063E+00   1.361063E+00   3.021105E+00   1.879880E+00  -1.388607E+01   2.718687E+00  -4.853872E+00        13
   1.695521E+03   1.376970E+06   1.361063E+00   1.361063E+00   3.021105E+00   1.879880E+00  -1.388712E+01   2.718425E+00  -4.853872E+00        13
   1.696521E+03   1.378630E+06   1.361063E+00   1.361063E+00   3.021105E+00   1.879880E+00  -1.388817E+01   2.718164E+00  -4.853872E+00        13
   1.697521E+03   1.380291E+06   1.361063E+00   1.361063E+00   3.021105E+00   1.879880E+00  -1.388921E+01   2.717902E+00  -4.853872E+00        13
   1.698521E+03   1.381953E+06   1.361063E+00   1.361063E+00   3.021105E+00   1.879880E+00  -1.389026E+01   2.717641E+00  -4.853872E+00        13
   1.699521E+03   1.383616E+06   1.361063E+00   1.361063E+00   3.021105E+00   1.879880E+00  -1.389130E+01   2.717380E+00  -4.853872E+00        13
   1.700521E+03   1.385280E+06   1.361063E+00   1.361063E+00   3.021105E+00   1.879880E+00  -1.389235E+01   2.717119E+00  -4.853872E+00        13
   1.701521E+03   1.386945E+06   1.361063E+00   1.361063E+00   3.021105E+00   1.879880E+00  -1.389339E+01   2.716858E+00  -4.853872E+00        13
   1.702521E+03   1.388611E+06   1.361063E+00   1.361063E+00   3.021105E+00   1.879880E+00  -1.389443E+01   2.716597E+00  -4.853872E+00        13
   1.703521E+03   1.390278E+06   1.361063E+00   1.361063E+00   3.021105E+00   1.879880E+00  -1.389547E+01   2.716337E+00  -4.853872E+00        13
   1.704521E+03   1.391946E+06   1.361063E+00   1.361063E+00   3.021105E+00   1.879880E+00  -1.389652E+01   2.716077E+00  -4.853872E+00        13
   1.705521E+03   1.393615E+06   1.361063E+00   1.361063E+00   3.021105E+00   1.879880E+00  -1.389756E+01   2.715816E+00  -4.853872E+00        13
   1.706521E+03   1.395285E+06   1.361063E+00   1.361063E+00   3.021105E+00   1.879880E+00  -1.389860E+01   2.715556E+00  -4.853872E+00        13
   1.707521E+03   1.396956E+06   1.361063E+00   1.361063E+00   3.021105E+00   1.879880E+00  -1.389964E+01   2.715296E+00  -4.853872E+00        13
   1.708521E+03   1.398628E+06   1.361063E+00   1.361063E+00   3.021105E+00   1.879880E+00  -1.390068E+01   2.715037E+00  -4.853872E+00        13
   1.709521E+03   1.400301E+06   1.361063E+00   1.361063E+00   3.021105E+00   1.879880E+00  -1.390171E+01   2.714777E+00  -4.853872E+00        13
   1.710521E+03   1.401975E+06   1.361063E+00   1.361063E+00   3.021105E+00   1.879880E+00  -1.390275E+01   2.714518E+00  -4.853872E+00        13
   1.711521E+03   1.403650E+06   1.361063E+00   1.361063E+00   3.021105E+00   1.879880E+00  -1.390379E+01   2.714258E+00  -4.853872E+00        13
   1.712521E+03   1.405326E+06   1.361063E+00   1.361063E+00   3.021105E+00   1.879880E+00  -1.390483E+01   2.713999E+00  -4.853872E+00        13
   1.713521E+03   1.407003E+06   1.361063E+00   1.361063E+00   3.021105E+00   1.879880E+00  -1.390586E+01   2.713740E+00  -4.853872E+00        13
   1.714521E+03   1.408681E+06   1.361063E+00   1.361063E+00   3.021105E+00   1.879880E+00  -1.390690E+01   2.713481E+00  -4.853872E+00        13
   1.715521E+03   1.410360E+06   1.361063E+00   1.361063E+00   3.021105E+00   1.879880E+00  -1.390793E+01   2.713223E+00  -4.853872E+00        13
   1.716521E+03   1.412040E+06   1.361063E+00   1.361063E+00   3.021105E+00   1.879880E+00  -1.390897E+01   2.712964E+00  -4.853872E+00        13
   1.717521E+03   1.413721E+06   1.361063E+00   1.361063E+00   3.021105E+00   1.879880E+00  -1.391000E+01   2.712706E+00  -4.853872E+00        13
   1.718521E+03   1.415403E+06   1.361063E+00   1.361063E+00   3.021105E+00   1.879880E+00  -1.391103E+01   2.712448E+00  -4.853872E+00        13
   1.719521E+03   1.417086E+06   1.361063E+00   1.361063E+00   3.021105E+00   1.879880E+00  -1.391206E+01   2.712190E+00  -4.853872E+00        13
   1.720521E+03   1.418770E+06   1.361063E+00   1.361063E+00   3.021105E+00   1.879880E+00  -1.391310E+01   2.711932E+00  -4.853872E+00        13
   1.721521E+03   1.420455E+06   1.361063E+00   1.361063E+00   3.021105E+00   1.879880E+00  -1.391413E+01   2.711674E+00  -4.853872E+00        13
   1.722521E+03   1.422141E+06   1.361063E+00   1.361063E+00   3.021105E+00   1.879880E+00  -1.391516E+01   2.711416E+00  -4.853872E+00        13
   1.723521E+03   1.423828E+06   1.361063E+00   1.361063E+00   3.021105E+00   1.879880E+00  -1.391619E+01   2.711159E+00  -4.853872E+00        13
   1.724521E+03   1.425516E+06   1.361063E+00   1.361063E+00   3.021105E+00   1.879880E+00  -1.391722E+01   2.710902E+00  -4.853872E+00        13
   1.725521E+03   1.427205E+06   1.361063E+00   1.361063E+00   3.021105E+00   1.879880E+00  -1.391824E+01   2.710645E+00  -4.853872E+00        13
   1.726521E+03   1.428895E+06   1.361063E+00   1.361063E+00   3.021105E+00   1.879880E+00  -1.391927E+01   2.710388E+00  -4.853872E+00        13
   1.727521E+03   1.430586E+06   1.361063E+00   1.361063E+00   3.021105E+00   1.879880E+00  -1.392030E+01   2.710131E+00  -4.853872E+00        13
   1.728521E+03   1.432278E+06   1.361063E+00   1.361063E+00   3.021105E+00   1.879880E+00  -1.392133E+01   2.709874E+00  -4.853872E+00        13
   1.729521E+03   1.433971E+06   1.361063E+00   1.361063E+00   3.021105E+00   1.879880E+00  -1.392235E+01   2.709618E+00  -4.853872E+00        13
   1.730521E+03   1.435665E+06   1.361063E+00   1.361063E+00   3.021105E+00   1.879880E+00  -1.392338E+01   2.709361E+00  -4.853872E+00        13
   1.731521E+03   1.437360E+06   1.361063E+00   1.361063E+00   3.021105E+00   1.879880E+00  -1.392440E+01   2.709105E+00  -4.853872E+00        13
   1.732521E+03   1.439056E+06   1.361063E+00   1.361063E+00   3.021105E+00   1.879880E+00  -1.392543E+01   2.708849E+00  -4.853872E+00        13
   1.733521E+03   1.440753E+06   1.361063E+00   1.361063E+00   3.021105E+00   1.879880E+00  -1.392645E+01   2.708593E+00  -4.853872E+00        13
   1.734521E+03   1.442451E+06   1.361063E+00   1.361063E+00   3.021105E+00   1.879880E+00  -1.392747E+01   2.708337E+00  -4.853872E+00        13
   1.735521E+03   1.444150E+06   1.361063E+00   1.361063E+00   3.021105E+00   1.879880E+00  -1.392850E+01   2.708082E+00  -4.853872E+00        13
   1.736521E+03   1.445850E+06   1.361063E+00   1.361063E+00   3.021105E+00   1.879880E+00  -1.392952E+01   2.707826E+00  -4.853872E+00        13
   1.737521E+03   1.447551E+06   1.361063E+00   1.361063E+00   3.021105E+00   1.879880E+00  -1.393054E+01   2.707571E+00  -4.853872E+00        13
   1.738521E+03   1.449253E+06   1.361063E+00   1.361063E+00   3.021105E+00   1.879880E+00  -1.393156E+01   2.707316E+00  -4.853872E+00        13
   1.739521E+03   1.450956E+06   1.361063E+00   1.361063E+00   3.021105E+00   1.879880E+00  -1.393258E+01   2.707061E+00  -4.853872E+00        13
   1.740521E+03   1.452660E+06   1.361063E+00   1.361063E+00   3.021105E+00   1.879880E+00  -1.393360E+01   2.706806E+00  -4.853872E+00        13
   1.741521E+03   1.454365E+06   1.361063E+00   1.361063E+00   3.021105E+00   1.879880E+00  -1.393462E+01   2.706551E+00  -4.853872E+00        13
   1.742521E+03   1.456071E+06   1.361063E+00   1.361063E+00   3.021105E+00   1.879880E+00  -1.393564E+01   2.706296E+00  -4.853872E+00        13
   1.743521E+03   1.457778E+06   1.361063E+00   1.361063E+00   3.021105E+00   1.879880E+00  -1.393665E+01   2.706042E+00  -4.853872E+00        13
   1.744521E+03   1.459486E+06   1.361063E+00   1.361063E+00   3.021105E+00   1.879880E+00  -1.393767E+01   2.705788E+00  -4.853872E+00        13
   1.745521E+03   1.461195E+06   1.361063E+00   1.361063E+00   3.021105E+00   1.879880E+00  -1.393869E+01   2.705534E+00  -4.853872E+00        13
   1.746521E+03   1.462905E+06   1.361063E+00   1.361063E+00   3.021105E+00   1.879880E+00  -1.393970E+01   2.705280E+00  -4.853872E+00        13
   1.747521E+03   1.464616E+06   1.361063E+00   1.361063E+00   3.021105E+00   1.879880E+00  -1.394072E+01   2.705026E+00  -4.853872E+00        13
   1.748521E+03   1.466328E+06   1.361063E+00   1.361063E+00   3.021105E+00   1.879880E+00  -1.394173E+01   2.704772E+00  -4.853872E+00        13
   1.749521E+03   1.468041E+06   1.361063E+00   1.361063E+00   3.021105E+00   1.879880E+00  -1.394275E+01   2.704519E+00  -4.853872E+00        13
   1.750521E+03   1.469755E+06   1.361063E+00   1.361063E+00   3.021105E+00   1.879880E+00  -1.394376E+01   2.704265E+00  -4.853872E+00        13
   1.751521E+03   1.471470E+06   1.361063E+00   1.361063E+00   3.021105E+00   1.879880E+00  -1.394477E+01   2.704012E+00  -4.853872E+00        13
   1.752521E+03   1.473186E+06   1.361063E+00   1.361063E+00   3.021105E+00   1.879880E+00  -1.394579E+01   2.703759E+00  -4.853872E+00        13
   1.753521E+03   1.474903E+06   1.361063E+00   1.361063E+00   3.021105E+00   1.879880E+00  -1.394680E+01   2.703506E+00  -4.853872E+00        13
   1.754521E+03   1.476621E+06   1.361063E+00   1.361063E+00   3.021105E+00   1.879880E+00  -1.394781E+01   2.703253E+00  -4.853872E+00        13
   1.755521E+03   1.478340E+06   1.361063E+00   1.361063E+00   3.021105E+00   1.879880E+00  -1.394882E+01   2.703001E+00  -4.853872E+00        13
   1.756521E+03   1.480060E+06   1.361063E+00   1.361063E+00   3.021105E+00   1.879880E+00  -1.394983E+01   2.702748E+00  -4.853872E+00        13
   1.757521E+03   1.481781E+06   1.361063E+00   1.361063E+00   3.021105E+00   1.879880E+00  -1.395084E+01   2.702496E+00  -4.853872E+00        13
   1.758521E+03   1.483503E+06   1.361063E+00   1.361063E+00   3.021105E+00   1.879880E+00  -1.395185E+01   2.702243E+00  -4.853872E+00        13
   1.759521E+03   1.485226E+06   1.361063E+00   1.361063E+00   3.021105E+00   1.879880E+00  -1.395286E+01   2.701991E+00  -4.853872E+00        13
   1.760521E+03   1.486950E+06   1.361063E+00   1.361063E+00   3.021105E+00   1.879880E+00  -1.395386E+01   2.701740E+00  -4.853872E+00        13
   1.761521E+03   1.488675E+06   1.361063E+00   1.361063E+00   3.021105E+00   1.879880E+00  -1.395487E+01   2.701488E+00  -4.853872E+00        13
   1.762521E+03   1.490401E+06   1.361063E+00   1.361063E+00   3.021105E+00   1.879880E+00  -1.395588E+01   2.701236E+00  -4.853872E+00        13
   1.763521E+03   1.492128E+06   1.361063E+00   1.361063E+00   3.021105E+00   1.879880E+00  -1.395688E+01   2.700985E+00  -4.853872E+00        13
   1.764521E+03   1.493856E+06   1.361063E+00   1.361063E+00   3.021105E+00   1.879880E+00  -1.395789E+01   2.700733E+00  -4.853872E+00        13
   1.765521E+03   1.495585E+06   1.361063E+00   1.361063E+00   3.021105E+00   1.879880E+00  -1.395889E+01   2.700482E+00  -4.853872E+00        13
   1.766521E+03   1.497315E+06   1.361063E+00   1.361063E+00   3.021105E+00   1.879880E+00  -1.395990E+01   2.700231E+00  -4.853872E+00        13
   1.767521E+03   1.499046E+06   1.361063E+00   1.361063E+00   3.021105E+00   1.879880E+00  -1.396090E+01   2.699980E+00  -4.853872E+00        13
   1.768521E+03   1.500778E+06   1.361063E+00   1.361063E+00   3.021105E+00   1.879880E+00  -1.396190E+01   2.699729E+00  -4.853872E+00        13
   1.769521E+03   1.502511E+06   1.361063E+00   1.361063E+00   3.021105E+00   1.879880E+00  -1.396291E+01   2.699479E+00  -4.853872E+00        13
   1.770521E+03   1.504245E+06   1.361063E+00   1.361063E+00   3.021105E+00   1.879880E+00  -1.396391E+01   2.699228E+00  -4.853872E+00        13
   1.771521E+03   1.505980E+06   1.361063E+00   1.361063E+00   3.021105E+00   1.879880E+00  -1.396491E+01   2.698978E+00  -4.853872E+00        13
   1.772521E+03   1.507716E+06   1.361063E+00   1.361063E+00   3.021105E+00   1.879880E+00  -1.396591E+01   2.698728E+00  -4.853872E+00        13
   1.773521E+03   1.509453E+06   1.361063E+00   1.361063E+00   3.021105E+00   1.879880E+00  -1.396691E+01   2.698478E+00  -4.853872E+00        13
   1.774521E+03   1.511191E+06   1.361063E+00   1.361063E+00   3.021105E+00   1.879880E+00  -1.396791E+01   2.698228E+00  -4.853872E+00        13
   1.775521E+03   1.512930E+06   1.361063E+00   1.361063E+00   3.021105E+00   1.879880E+00  -1.396891E+01   2.697978E+00  -4.853872E+00        13
   1.776521E+03   1.514670E+06   1.361063E+00   1.361063E+00   3.021105E+00   1.879880E+00  -1.396991E+01   2.697729E+00  -4.853872E+00        13
   1.777521E+03   1.516411E+06   1.361063E+00   1.361063E+00   3.021105E+00   1.879880E+00  -1.397091E+01   2.697479E+00  -4.853872E+00        13
   1.778521E+03   1.518153E+06   1.361063E+00   1.361063E+00   3.021105E+00   1.879880E+00  -1.397190E+01   2.697230E+00  -4.853872E+00        13
   1.779521E+03   1.519896E+06   1.361063E+00   1.361063E+00   3.021105E+00   1.879880E+00  -1.397290E+01   2.696981E+00  -4.853872E+00        13
   1.780521E+03   1.521640E+06   1.361063E+00   1.361063E+00   3.021105E+00   1.879880E+00  -1.397390E+01   2.696732E+00  -4.853872E+00        13
   1.781521E+03   1.523385E+06   1.361063E+00   1.361063E+00   3.021105E+00   1.879880E+00  -1.397489E+01   2.696483E+00  -4.853872E+00        13
   1.782521E+03   1.525131E+06   1.361063E+00   1.361063E+00   3.021105E+00   1.879880E+00  -1.397589E+01   2.696234E+00  -4.853872E+00        13
   1.783521E+03   1.526878E+06   1.361063E+00   1.361063E+00   3.021105E+00   1.879880E+00  -1.397688E+01   2.695986E+00  -4.853872E+00        13
   1.784521E+03   1.528626E+06   1.361063E+00   1.361063E+00   3.021105E+00   1.879880E+00  -1.397787E+01   2.695737E+00  -4.853872E+00        13
   1.785521E+03   1.530375E+06   1.361063E+00   1.361063E+00   3.021105E+00   1.879880E+00  -1.397887E+01   2.695489E+00  -4.853872E+00        13
   1.786521E+03   1.532125E+06   1.361063E+00   1.361063E+00   3.021105E+00   1.879880E+00  -1.397986E+01   2.695241E+00  -4.853872E+00        13
   1.787521E+03   1.533876E+06   1.361063E+00   1.361063E+00   3.021105E+00   1.879880E+00  -1.398085E+01   2.694993E+00  -4.853872E+00        13
   1.788521E+03   1.535628E+06   1.361063E+00   1.361063E+00   3.021105E+00   1.879880E+00  -1.398184E+01   2.694745E+00  -4.853872E+00        13
   1.789521E+03   1.537381E+06   1.361063E+00   1.361063E+00   3.021105E+00   1.879880E+00  -1.398283E+01   2.694497E+00  -4.853872E+00        13
   1.790521E+03   1.539135E+06   1.361063E+00   1.361063E+00   3.021105E+00   1.879880E+00  -1.398383E+01   2.694249E+00  -4.853872E+00        13
   1.791521E+03   1.540890E+06   1.361063E+00   1.361063E+00   3.021105E+00   1.879880E+00  -1.398481E+01   2.694002E+00  -4.853872E+00        13
   1.792521E+03   1.542646E+06   1.361063E+00   1.361063E+00   3.021105E+00   1.879880E+00  -1.398580E+01   2.693755E+00  -4.853872E+00        13
   1.793521E+03   1.544403E+06   1.361063E+00   1.361063E+00   3.021105E+00   1.879880E+00  -1.398679E+01   2.693507E+00  -4.853872E+00        13
   1.794521E+03   1.546161E+06   1.361063E+00   1.361063E+00   3.021105E+00   1.879880E+00  -1.398778E+01   2.693260E+00  -4.853872E+00        13
   1.795521E+03   1.547920E+06   1.361063E+00   1.361063E+00   3.021105E+00   1.879880E+00  -1.398877E+01   2.693013E+00  -4.853872E+00        13
   1.796521E+03   1.549680E+06   1.361063E+00   1.361063E+00   3.021105E+00   1.879880E+00  -1.398976E+01   2.692767E+00  -4.853872E+00        13
   1.797521E+03   1.551441E+06   1.361063E+00   1.361063E+00   3.021105E+00   1.879880E+00  -1.399074E+01   2.692520E+00  -4.853872E+00        13
   1.798521E+03   1.553203E+06   1.361063E+00   1.361063E+00   3.021105E+00   1.879880E+00  -1.399173E+01   2.692274E+00  -4.853872E+00        13
   1.799521E+03   1.554966E+06   1.361063E+00   1.361063E+00   3.021105E+00   1.879880E+00  -1.399271E+01   2.692027E+00  -4.853872E+00        13
   1.800521E+03   1.556730E+06   1.361063E+00   1.361063E+00   3.021105E+00   1.879880E+00  -1.399370E+01   2.691781E+00  -4.853872E+00        13
   1.801521E+03   1.558495E+06   1.361063E+00   1.361063E+00   3.021105E+00   1.879880E+00  -1.399468E+01   2.691535E+00  -4.853872E+00        13
   1.802521E+03   1.560261E+06   1.361063E+00   1.361063E+00   3.021105E+00   1.879880E+00  -1.399567E+01   2.691289E+00  -4.853872E+00        13
   1.803521E+03   1.562028E+06   1.361063E+00   1.361063E+00   3.021105E+00   1.879880E+00  -1.399665E+01   2.691043E+00  -4.853872E+00        13
   1.804521E+03   1.563796E+06   1.361063E+00   1.361063E+00   3.021105E+00   1.879880E+00  -1.399763E+01   2.690798E+00  -4.853872E+00        13
   1.805521E+03   1.565565E+06   1.361063E+00   1.361063E+00   3.021105E+00   1.879880E+00  -1.399861E+01   2.690552E+00  -4.853872E+00        13
   1.806521E+03   1.567335E+06   1.361063E+00   1.361063E+00   3.021105E+00   1.879880E+00  -1.399960E+01   2.690307E+00  -4.853872E+00        13
   1.807521E+03   1.569106E+06   1.361063E+00   1.361063E+00   3.021105E+00   1.879880E+00  -1.400058E+01   2.690062E+00  -4.853872E+00        13
   1.808521E+03   1.570878E+06   1.361063E+00   1.361063E+00   3.021105E+00   1.879880E+00  -1.400156E+01   2.689816E+00  -4.853872E+00        13
   1.809521E+03   1.572651E+06   1.361063E+00   1.361063E+00   3.021105E+00   1.879880E+00  -1.400254E+01   2.689572E+00  -4.853872E+00        13
   1.810521E+03   1.574425E+06   1.361063E+00   1.361063E+00   3.021105E+00   1.879880E+00  -1.400352E+01   2.689327E+00  -4.853872E+00        13
   1.811521E+03   1.576200E+06   1.361063E+00   1.361063E+00   3.021105E+00   1.879880E+00  -1.400449E+01   2.689082E+00  -4.853872E+00        13
   1.812521E+03   1.577976E+06   1.361063E+00   1.361063E+00   3.021105E+00   1.879880E+00  -1.400547E+01   2.688837E+00  -4.853872E+00        13
   1.813521E+03   1.579753E+06   1.361063E+00   1.361063E+00   3.021105E+00   1.879880E+00  -1.400645E+01   2.688593E+00  -4.853872E+00        13
   1.814521E+03   1.581531E+06   1.361063E+00   1.361063E+00   3.021105E+00   1.879880E+00  -1.400743E+01   2.688349E+00  -4.853872E+00        13
   1.815521E+03   1.583310E+06   1.361063E+00   1.361063E+00   3.021105E+00   1.879880E+00  -1.400840E+01   2.688105E+00  -4.853872E+00        13
   1.816521E+03   1.585090E+06   1.361063E+00   1.361063E+00   3.021105E+00   1.879880E+00  -1.400938E+01   2.687861E+00  -4.853872E+00        13
   1.817521E+03   1.586871E+06   1.361063E+00   1.361063E+00   3.021105E+00   1.879880E+00  -1.401035E+01   2.687617E+00  -4.853872E+00        13
   1.818521E+03   1.588653E+06   1.361063E+00   1.361063E+00   3.021105E+00   1.879880E+00  -1.401133E+01   2.687373E+00  -4.853872E+00        13
   1.819521E+03   1.590436E+06   1.361063E+00   1.361063E+00   3.021105E+00   1.879880E+00  -1.401230E+01   2.687130E+00  -4.853872E+00        13
   1.820521E+03   1.592220E+06   1.361063E+00   1.361063E+00   3.021105E+00   1.879880E+00  -1.401328E+01   2.686886E+00  -4.853872E+00        13
   1.821521E+03   1.594005E+06   1.361063E+00   1.361063E+00   3.021105E+00   1.879880E+00  -1.401425E+01   2.686643E+00  -4.853872E+00        13
   1.822521E+03   1.595791E+06   1.361063E+00   1.361063E+00   3.021105E+00   1.879880E+00  -1.401522E+01   2.686400E+00  -4.853872E+00        13
   1.823521E+03   1.597578E+06   1.361063E+00   1.361063E+00   3.021105E+00   1.879880E+00  -1.401620E+01   2.686157E+00  -4.853872E+00        13
   1.824521E+03   1.599366E+06   1.361063E+00   1.361063E+00   3.021105E+00   1.879880E+00  -1.401717E+01   2.685914E+00  -4.853872E+00        13
   1.825521E+03   1.601155E+06   1.361063E+00   1.361063E+00   3.021105E+00   1.879880E+00  -1.401814E+01   2.685671E+00  -4.853872E+00        13
   1.826521E+03   1.602945E+06   1.361063E+00   1.361063E+00   3.021105E+00   1.879880E+00  -1.401911E+01   2.685428E+00  -4.853872E+00        13
   1.827521E+03   1.604736E+06   1.361063E+00   1.361063E+00   3.021105E+00   1.879880E+00  -1.402008E+01   2.685186E+00  -4.853872E+00        13
   1.828521E+03   1.606528E+06   1.361063E+00   1.361063E+00   3.021105E+00   1.879880E+00  -1.402105E+01   2.684944E+00  -4.853872E+00        13
   1.829521E+03   1.608321E+06   1.361063E+00   1.361063E+00   3.021105E+00   1.879880E+00  -1.402202E+01   2.684701E+00  -4.853872E+00        13
   1.830521E+03   1.610115E+06   1.361063E+00   1.361063E+00   3.021105E+00   1.879880E+00  -1.402299E+01   2.684459E+00  -4.853872E+00        13
   1.831521E+03   1.611910E+06   1.361063E+00   1.361063E+00   3.021105E+00   1.879880E+00  -1.402395E+01   2.684217E+00  -4.853872E+00        13
   1.832521E+03   1.613706E+06   1.361063E+00   1.361063E+00   3.021105E+00   1.879880E+00  -1.402492E+01   2.683975E+00  -4.853872E+00        13
   1.833521E+03   1.615503E+06   1.361063E+00   1.361063E+00   3.021105E+00   1.879880E+00  -1.402589E+01   2.683734E+00  -4.853872E+00        13
   1.834521E+03   1.617301E+06   1.361063E+00   1.361063E+00   3.021105E+00   1.879880E+00  -1.402685E+01   2.683492E+00  -4.853872E+00        13
   1.835521E+03   1.619100E+06   1.361063E+00   1.361063E+00   3.021105E+00   1.879880E+00  -1.402782E+01   2.683251E+00  -4.853872E+00        13
   1.836521E+03   1.620900E+06   1.361063E+00   1.361063E+00   3.021105E+00   1.879880E+00  -1.402878E+01   2.683010E+00  -4.853872E+00        13
   1.837521E+03   1.622701E+06   1.361063E+00   1.361063E+00   3.021105E+00   1.879880E+00  -1.402975E+01   2.682768E+00  -4.853872E+00        13
   1.838521E+03   1.624503E+06   1.361063E+00   1.361063E+00   3.021105E+00   1.879880E+00  -1.403071E+01   2.682527E+00  -4.853872E+00        13
   1.839521E+03   1.626306E+06   1.361063E+00   1.361063E+00   3.021105E+00   1.879880E+00  -1.403168E+01   2.682287E+00  -4.853872E+00        13
   1.840521E+03   1.628110E+06   1.361063E+00   1.361063E+00   3.021105E+00   1.879880E+00  -1.403264E+01   2.682046E+00  -4.853872E+00        13
   1.841521E+03   1.629915E+06   1.361063E+00   1.361063E+00   3.021105E+00   1.879880E+00  -1.403360E+01   2.681805E+00  -4.853872E+00        13
   1.842521E+03   1.631721E+06   1.361063E+00   1.361063E+00   3.021105E+00   1.879880E+00  -1.403456E+01   2.681565E+00  -4.853872E+00        13
   1.843521E+03   1.633528E+06   1.361063E+00   1.361063E+00   3.021105E+00   1.879880E+00  -1.403552E+01   2.681324E+00  -4.853872E+00        13
   1.844521E+03   1.635336E+06   1.361063E+00   1.361063E+00   3.021105E+00   1.879880E+00  -1.403649E+01   2.681084E+00  -4.853872E+00        13
   1.845521E+03   1.637145E+06   1.361063E+00   1.361063E+00   3.021105E+00   1.879880E+00  -1.403745E+01   2.680844E+00  -4.853872E+00        13
   1.846521E+03   1.638955E+06   1.361063E+00   1.361063E+00   3.021105E+00   1.879880E+00  -1.403841E+01   2.680604E+00  -4.853872E+00        13
   1.847521E+03   1.640766E+06   1.361063E+00   1.361063E+00   3.021105E+00   1.879880E+00  -1.403936E+01   2.680364E+00  -4.853872E+00        13
   1.848521E+03   1.642578E+06   1.361063E+00   1.361063E+00   3.021105E+00   1.879880E+00  -1.404032E+01   2.680125E+00  -4.853872E+00        13
   1.849521E+03   1.644391E+06   1.361063E+00   1.361063E+00   3.021105E+00   1.879880E+00  -1.404128E+01   2.679885E+00  -4.853872E+00        13
   1.850521E+03   1.646205E+06   1.361063E+00   1.361063E+00   3.021105E+00   1.879880E+00  -1.404224E+01   2.679646E+00  -4.853872E+00        13
   1.851521E+03   1.648020E+06   1.361063E+00   1.361063E+00   3.021105E+00   1.879880E+00  -1.404320E+01   2.679406E+00  -4.853872E+00        13
   1.852521E+03   1.649836E+06   1.361063E+00   1.361063E+00   3.021105E+00   1.879880E+00  -1.404415E+01   2.679167E+00  -4.853872E+00        13
   1.853521E+03   1.651653E+06   1.361063E+00   1.361063E+00   3.021105E+00   1.879880E+00  -1.404511E+01   2.678928E+00  -4.853872E+00        13
   1.854521E+03   1.653471E+06   1.361063E+00   1.361063E+00   3.021105E+00   1.879880E+00  -1.404606E+01   2.678689E+00  -4.853872E+00        13
   1.855521E+03   1.655290E+06   1.361063E+00   1.361063E+00   3.021105E+00   1.879880E+00  -1.404702E+01   2.678451E+00  -4.853872E+00        13
   1.856521E+03   1.657110E+06   1.361063E+00   1.361063E+00   3.021105E+00   1.879880E+00  -1.404797E+01   2.678212E+00  -4.853872E+00        13
   1.857521E+03   1.658931E+06   1.361063E+00   1.361063E+00   3.021105E+00   1.879880E+00  -1.404893E+01   2.677974E+00  -4.853872E+00        13
   1.858521E+03   1.660753E+06   1.361063E+00   1.361063E+00   3.021105E+00   1.879880E+00  -1.404988E+01   2.677735E+00  -4.853872E+00        13
   1.859521E+03   1.662576E+06   1.361063E+00   1.361063E+00   3.021105E+00   1.879880E+00  -1.405083E+01   2.677497E+00  -4.853872E+00        13
   1.860521E+03   1.664400E+06   1.361063E+00   1.361063E+00   3.021105E+00   1.879880E+00  -1.405179E+01   2.677259E+00  -4.853872E+00        13
   1.861521E+03   1.666225E+06   1.361063E+00   1.361063E+00   3.021105E+00   1.879880E+00  -1.405274E+01   2.677021E+00  -4.853872E+00        13
   1.862521E+03   1.668051E+06   1.361063E+00   1.361063E+00   3.021105E+00   1.879880E+00  -1.405369E+01   2.676783E+00  -4.853872E+00        13
   1.863521E+03   1.669878E+06   1.361063E+00   1.361063E+00   3.021105E+00   1.879880E+00  -1.405464E+01   2.676545E+00  -4.853872E+00        13
   1.864521E+03   1.671706E+06   1.361063E+00   1.361063E+00   3.021105E+00   1.879880E+00  -1.405559E+01   2.676308E+00  -4.853872E+00        13
   1.865521E+03   1.673535E+06   1.361063E+00   1.361063E+00   3.021105E+00   1.879880E+00  -1.405654E+01   2.676070E+00  -4.853872E+00        13
   1.866521E+03   1.675365E+06   1.361063E+00   1.361063E+00   3.021105E+00   1.879880E+00  -1.405749E+01   2.675833E+00  -4.853872E+00        13
   1.867521E+03   1.677196E+06   1.361063E+00   1.361063E+00   3.021105E+00   1.879880E+00  -1.405844E+01   2.675596E+00  -4.853872E+00        13
   1.868521E+03   1.679028E+06   1.361063E+00   1.361063E+00   3.021105E+00   1.879880E+00  -1.405939E+01   2.675359E+00  -4.853872E+00        13
   1.869521E+03   1.680861E+06   1.361063E+00   1.361063E+00   3.021105E+00   1.879880E+00  -1.406034E+01   2.675122E+00  -4.853872E+00        13
   1.870521E+03   1.682695E+06   1.361063E+00   1.361063E+00   3.021105E+00   1.879880E+00  -1.406128E+01   2.674885E+00  -4.853872E+00        13
   1.871521E+03   1.684530E+06   1.361063E+00   1.361063E+00   3.021105E+00   1.879880E+00  -1.406223E+01   2.674648E+00  -4.853872E+00        13
   1.872521E+03   1.686366E+06   1.361063E+00   1.361063E+00   3.021105E+00   1.879880E+00  -1.406318E+01   2.674412E+00  -4.853872E+00        13
   1.873521E+03   1.688203E+06   1.361063E+00   1.361063E+00   3.021105E+00   1.879880E+00  -1.406412E+01   2.674175E+00  -4.853872E+00        13
   1.874521E+03   1.690041E+06   1.361063E+00   1.361063E+00   3.021105E+00   1.879880E+00  -1.406507E+01   2.673939E+00  -4.853872E+00        13
   1.875521E+03   1.691880E+06   1.361063E+00   1.361063E+00   3.021105E+00   1.879880E+00  -1.406601E+01   2.673703E+00  -4.853872E+00        13
   1.876521E+03   1.693720E+06   1.361063E+00   1.361063E+00   3.021105E+00   1.879880E+00  -1.406695E+01   2.673467E+00  -4.853872E+00        13
   1.877521E+03   1.695561E+06   1.361063E+00   1.361063E+00   3.021105E+00   1.879880E+00  -1.406790E+01   2.673231E+00  -4.853872E+00        13
   1.878521E+03   1.697403E+06   1.361063E+00   1.361063E+00   3.021105E+00   1.879880E+00  -1.406884E+01   2.672995E+00  -4.853872E+00        13
   1.879521E+03   1.699246E+06   1.361063E+00   1.361063E+00   3.021105E+00   1.879880E+00  -1.406978E+01   2.672760E+00  -4.853872E+00        13
   1.880521E+03   1.701090E+06   1.361063E+00   1.361063E+00   3.021105E+00   1.879880E+00  -1.407073E+01   2.672524E+00  -4.853872E+00        13
   1.881521E+03   1.702935E+06   1.361063E+00   1.361063E+00   3.021105E+00   1.879880E+00  -1.407167E+01   2.672289E+00  -4.853872E+00        13
   1.882521E+03   1.704781E+06   1.361063E+00   1.361063E+00   3.021105E+00   1.879880E+00  -1.407261E+01   2.672053E+00  -4.853872E+00        13
   1.883521E+03   1.706628E+06   1.361063E+00   1.361063E+00   3.021105E+00   1.879880E+00  -1.407355E+01   2.671818E+00  -4.853872E+00        13
   1.884521E+03   1.708476E+06   1.361063E+00   1.361063E+00   3.021105E+00   1.879880E+00  -1.407449E+01   2.671583E+00  -4.853872E+00        13
   1.885521E+03   1.710325E+06   1.361063E+00   1.361063E+00   3.021105E+00   1.879880E+00  -1.407543E+01   2.671348E+00  -4.853872E+00        13
   1.886521E+03   1.712175E+06   1.361063E+00   1.361063E+00   3.021105E+00   1.879880E+00  -1.407637E+01   2.671114E+00  -4.853872E+00        13
   1.887521E+03   1.714026E+06   1.361063E+00   1.361063E+00   3.021105E+00   1.879880E+00  -1.407731E+01   2.670879E+00  -4.853872E+00        13
   1.888521E+03   1.715878E+06   1.361063E+00   1.361063E+00   3.021105E+00   1.879880E+00  -1.407824E+01   2.670644E+00  -4.853872E+00        13
   1.889521E+03   1.717731E+06   1.361063E+00   1.361063E+00   3.021105E+00   1.879880E+00  -1.407918E+01   2.670410E+00  -4.853872E+00        13
   1.890521E+03   1.719585E+06   1.361063E+00   1.361063E+00   3.021105E+00   1.879880E+00  -1.408012E+01   2.670176E+00  -4.853872E+00        13
   1.891521E+03   1.721440E+06   1.361063E+00   1.361063E+00   3.021105E+00   1.879880E+00  -1.408106E+01   2.669942E+00  -4.853872E+00        13
   1.892521E+03   1.723296E+06   1.361063E+00   1.361063E+00   3.021105E+00   1.879880E+00  -1.408199E+01   2.669708E+00  -4.853872E+00        13
   1.893521E+03   1.725153E+06   1.361063E+00   1.361063E+00   3.021105E+00   1.879880E+00  -1.408293E+01   2.669474E+00  -4.853872E+00        13
   1.894521E+03   1.727011E+06   1.361063E+00   1.361063E+00   3.021105E+00   1.879880E+00  -1.408386E+01   2.669240E+00  -4.853872E+00        13
   1.895521E+03   1.728870E+06   1.361063E+00   1.361063E+00   3.021105E+00   1.879880E+00  -1.408480E+01   2.669007E+00  -4.853872E+00        13
   1.896521E+03   1.730730E+06   1.361063E+00   1.361063E+00   3.021105E+00   1.879880E+00  -1.408573E+01   2.668773E+00  -4.853872E+00        13
   1.897521E+03   1.732591E+06   1.361063E+00   1.361063E+00   3.021105E+00   1.879880E+00  -1.408666E+01   2.668540E+00  -4.853872E+00        13
   1.898521E+03   1.734453E+06   1.361063E+00   1.361063E+00   3.021105E+00   1.879880E+00  -1.408760E+01   2.668306E+00  -4.853872E+00        13
   1.899521E+03   1.736316E+06   1.361063E+00   1.361063E+00   3.021105E+00   1.879880E+00  -1.408853E+01   2.668073E+00  -4.853872E+00        13
   1.900521E+03   1.738180E+06   1.361063E+00   1.361063E+00   3.021105E+00   1.879880E+00  -1.408946E+01   2.667840E+00  -4.853872E+00        13
   1.901521E+03   1.740045E+06   1.361063E+00   1.361063E+00   3.021105E+00   1.879880E+00  -1.409039E+01   2.667607E+00  -4.853872E+00        13
   1.902521E+03   1.741911E+06   1.361063E+00   1.361063E+00   3.021105E+00   1.879880E+00  -1.409132E+01   2.667375E+00  -4.853872E+00        13
   1.903521E+03   1.743778E+06   1.361063E+00   1.361063E+00   3.021105E+00   1.879880E+00  -1.409225E+01   2.667142E+00  -4.853872E+00        13
   1.904521E+03   1.745646E+06   1.361063E+00   1.361063E+00   3.021105E+00   1.879880E+00  -1.409318E+01   2.666910E+00  -4.853872E+00        13
   1.905521E+03   1.747515E+06   1.361063E+00   1.361063E+00   3.021105E+00   1.879880E+00  -1.409411E+01   2.666677E+00  -4.853872E+00        13
   1.906521E+03   1.749385E+06   1.361063E+00   1.361063E+00   3.021105E+00   1.879880E+00  -1.409504E+01   2.666445E+00  -4.853872E+00        13
   1.907521E+03   1.751256E+06   1.361063E+00   1.361063E+00   3.021105E+00   1.879880E+00  -1.409597E+01   2.666213E+00  -4.853872E+00        13
   1.908521E+03   1.753128E+06   1.361063E+00   1.361063E+00   3.021105E+00   1.879880E+00  -1.409690E+01   2.665981E+00  -4.853872E+00        13
   1.909521E+03   1.755001E+06   1.361063E+00   1.361063E+00   3.021105E+00   1.879880E+00  -1.409783E+01   2.665749E+00  -4.853872E+00        13
   1.910521E+03   1.756875E+06   1.361063E+00   1.361063E+00   3.021105E+00   1.879880E+00  -1.409875E+01   2.665517E+00  -4.853872E+00        13
   1.911521E+03   1.758750E+06   1.361063E+00   1.361063E+00   3.021105E+00   1.879880E+00  -1.409968E+01   2.665286E+00  -4.853872E+00        13
   1.912521E+03   1.760626E+06   1.361063E+00   1.361063E+00   3.021105E+00   1.879880E+00  -1.410061E+01   2.665054E+00  -4.853872E+00        13
   1.913521E+03   1.762503E+06   1.361063E+00   1.361063E+00   3.021105E+00   1.879880E+00  -1.410153E+01   2.664823E+00  -4.853872E+00        13
   1.914521E+03   1.764381E+06   1.361063E+00   1.361063E+00   3.021105E+00   1.879880E+00  -1.410246E+01   2.664592E+00  -4.853872E+00        13
   1.915521E+03   1.766260E+06   1.361063E+00   1.361063E+00   3.021105E+00   1.879880E+00  -1.410338E+01   2.664360E+00  -4.853872E+00        13
   1.916521E+03   1.768140E+06   1.361063E+00   1.361063E+00   3.021105E+00   1.879880E+00  -1.410430E+01   2.664129E+00  -4.853872E+00        13
   1.917521E+03   1.770021E+06   1.361063E+00   1.361063E+00   3.021105E+00   1.879880E+00  -1.410523E+01   2.663898E+00  -4.853872E+00        13
   1.918521E+03   1.771903E+06   1.361063E+00   1.361063E+00   3.021105E+00   1.879880E+00  -1.410615E+01   2.663668E+00  -4.853872E+00        13
   1.919521E+03   1.773786E+06   1.361063E+00   1.361063E+00   3.021105E+00   1.879880E+00  -1.410707E+01   2.663437E+00  -4.853872E+00        13
   1.920521E+03   1.775670E+06   1.361063E+00   1.361063E+00   3.021105E+00   1.879880E+00  -1.410800E+01   2.663207E+00  -4.853872E+00        13
   1.921521E+03   1.777555E+06   1.361063E+00   1.361063E+00   3.021105E+00   1.879880E+00  -1.410892E+01   2.662976E+00  -4.853872E+00        13
   1.922521E+03   1.779441E+06   1.361063E+00   1.361063E+00   3.021105E+00   1.879880E+00  -1.410984E+01   2.662746E+00  -4.853872E+00        13
   1.923521E+03   1.781328E+06   1.361063E+00   1.361063E+00   3.021105E+00   1.879880E+00  -1.411076E+01   2.662516E+00  -4.853872E+00        13
   1.924521E+03   1.783216E+06   1.361063E+00   1.361063E+00   3.021105E+00   1.879880E+00  -1.411168E+01   2.662286E+00  -4.853872E+00        13
   1.925521E+03   1.785105E+06   1.361063E+00   1.361063E+00   3.021105E+00   1.879880E+00  -1.411260E+01   2.662056E+00  -4.853872E+00        13
   1.926521E+03   1.786995E+06   1.361063E+00   1.361063E+00   3.021105E+00   1.879880E+00  -1.411352E+01   2.661826E+00  -4.853872E+00        13
   1.927521E+03   1.788886E+06   1.361063E+00   1.361063E+00   3.021105E+00   1.879880E+00  -1.411444E+01   2.661596E+00  -4.853872E+00        13
   1.928521E+03   1.790778E+06   1.361063E+00   1.361063E+00   3.021105E+00   1.879880E+00  -1.411536E+01   2.661367E+00  -4.853872E+00        13
   1.929521E+03   1.792671E+06   1.361063E+00   1.361063E+00   3.021105E+00   1.879880E+00  -1.411627E+01   2.661137E+00  -4.853872E+00        13
   1.930521E+03   1.794565E+06   1.361063E+00   1.361063E+00   3.021105E+00   1.879880E+00  -1.411719E+01   2.660908E+00  -4.853872E+00        13
   1.931521E+03   1.796460E+06   1.361063E+00   1.361063E+00   3.021105E+00   1.879880E+00  -1.411811E+01   2.660679E+00  -4.853872E+00        13
   1.932521E+03   1.798356E+06   1.361063E+00   1.361063E+00   3.021105E+00   1.879880E+00  -1.411902E+01   2.660450E+00  -4.853872E+00        13
   1.933521E+03   1.800253E+06   1.361063E+00   1.361063E+00   3.021105E+00   1.879880E+00  -1.411994E+01   2.660221E+00  -4.853872E+00        13
   1.934521E+03   1.802151E+06   1.361063E+00   1.361063E+00   3.021105E+00   1.879880E+00  -1.412085E+01   2.659992E+00  -4.853872E+00        13
   1.935521E+03   1.804050E+06   1.361063E+00   1.361063E+00   3.021105E+00   1.879880E+00  -1.412177E+01   2.659763E+00  -4.853872E+00        13
   1.936521E+03   1.805950E+06   1.361063E+00   1.361063E+00   3.021105E+00   1.879880E+00  -1.412268E+01   2.659535E+00  -4.853872E+00        13
   1.937521E+03   1.807851E+06   1.361063E+00   1.361063E+00   3.021105E+00   1.879880E+00  -1.412360E+01   2.659306E+00  -4.853872E+00        13
   1.938521E+03   1.809753E+06   1.361063E+00   1.361063E+00   3.021105E+00   1.879880E+00  -1.412451E+01   2.659078E+00  -4.853872E+00        13
   1.939521E+03   1.811656E+06   1.361063E+00   1.361063E+00   3.021105E+00   1.879880E+00  -1.412542E+01   2.658850E+00  -4.853872E+00        13
   1.940521E+03   1.813560E+06   1.361063E+00   1.361063E+00   3.021105E+00   1.879880E+00  -1.412634E+01   2.658622E+00  -4.853872E+00        13
   1.941521E+03   1.815465E+06   1.361063E+00   1.361063E+00   3.021105E+00   1.879880E+00  -1.412725E+01   2.658394E+00  -4.853872E+00        13
   1.942521E+03   1.817371E+06   1.361063E+00   1.361063E+00   3.021105E+00   1.879880E+00  -1.412816E+01   2.658166E+00  -4.853872E+00        13
   1.943521E+03   1.819278E+06   1.361063E+00   1.361063E+00   3.021105E+00   1.879880E+00  -1.412907E+01   2.657938E+00  -4.853872E+00        13
   1.944521E+03   1.821186E+06   1.361063E+00   1.361063E+00   3.021105E+00   1.879880E+00  -1.412998E+01   2.657711E+00  -4.853872E+00        13
   1.945521E+03   1.823095E+06   1.361063E+00   1.361063E+00   3.021105E+00   1.879880E+00  -1.413089E+01   2.657483E+00  -4.853872E+00        13
   1.946521E+03   1.825005E+06   1.361063E+00   1.361063E+00   3.021105E+00   1.879880E+00  -1.413180E+01   2.657256E+00  -4.853872E+00        13
   1.947521E+03   1.826916E+06   1.361063E+00   1.361063E+00   3.021105E+00   1.879880E+00  -1.413271E+01   2.657028E+00  -4.853872E+00        13
   1.948521E+03   1.828828E+06   1.361063E+00   1.361063E+00   3.021105E+00   1.879880E+00  -1.413362E+01   2.656801E+00  -4.853872E+00        13
   1.949521E+03   1.830741E+06   1.361063E+00   1.361063E+00   3.021105E+00   1.879880E+00  -1.413453E+01   2.656574E+00  -4.853872E+00        13
   1.950521E+03   1.832655E+06   1.361063E+00   1.361063E+00   3.021105E+00   1.879880E+00  -1.413543E+01   2.656347E+00  -4.853872E+00        13
   1.951521E+03   1.834570E+06   1.361063E+00   1.361063E+00   3.021105E+00   1.879880E+00  -1.413634E+01   2.656121E+00  -4.853872E+00        13
   1.952521E+03   1.836486E+06   1.361063E+00   1.361063E+00   3.021105E+00   1.879880E+00  -1.413725E+01   2.655894E+00  -4.853872E+00        13
   1.953521E+03   1.838403E+06   1.361063E+00   1.361063E+00   3.021105E+00   1.879880E+00  -1.413815E+01   2.655667E+00  -4.853872E+00        13
   1.954521E+03   1.840321E+06   1.361063E+00   1.361063E+00   3.021105E+00   1.879880E+00  -1.413906E+01   2.655441E+00  -4.853872E+00        13
   1.955521E+03   1.842240E+06   1.361063E+00   1.361063E+00   3.021105E+00   1.879880E+00  -1.413996E+01   2.655215E+00  -4.853872E+00        13
   1.956521E+03   1.844160E+06   1.361063E+00   1.361063E+00   3.021105E+00   1.879880E+00  -1.414087E+01   2.654988E+00  -4.853872E+00        13
   1.957521E+03   1.846081E+06   1.361063E+00   1.361063E+00   3.021105E+00   1.879880E+00  -1.414177E+01   2.654762E+00  -4.853872E+00        13
   1.958521E+03   1.848003E+06   1.361063E+00   1.361063E+00   3.021105E+00   1.879880E+00  -1.414268E+01   2.654536E+00  -4.853872E+00        13
   1.959521E+03   1.849926E+06   1.361063E+00   1.361063E+00   3.021105E+00   1.879880E+00  -1.414358E+01   2.654311E+00  -4.853872E+00        13
   1.960521E+03   1.851850E+06   1.361063E+00   1.361063E+00   3.021105E+00   1.879880E+00  -1.414448E+01   2.654085E+00  -4.853872E+00        13
   1.961521E+03   1.853775E+06   1.361063E+00   1.361063E+00   3.021105E+00   1.879880E+00  -1.414539E+01   2.653859E+00  -4.853872E+00        13
   1.962521E+03   1.855701E+06   1.361063E+00   1.361063E+00   3.021105E+00   1.879880E+00  -1.414629E+01   2.653634E+00  -4.853872E+00        13
   1.963521E+03   1.857628E+06   1.361063E+00   1.361063E+00   3.021105E+00   1.879880E+00  -1.414719E+01   2.653408E+00  -4.853872E+00        13
   1.964521E+03   1.859556E+06   1.361063E+00   1.361063E+00   3.021105E+00   1.879880E+00  -1.414809E+01   2.653183E+00  -4.853872E+00        13
   1.965521E+03   1.861485E+06   1.361063E+00   1.361063E+00   3.021105E+00   1.879880E+00  -1.414899E+01   2.652958E+00  -4.853872E+00        13
   1.966521E+03   1.863415E+06   1.361063E+00   1.361063E+00   3.021105E+00   1.879880E+00  -1.414989E+01   2.652733E+00  -4.853872E+00        13
   1.967521E+03   1.865346E+06   1.361063E+00   1.361063E+00   3.021105E+00   1.879880E+00  -1.415079E+01   2.652508E+00  -4.853872E+00        13
   1.968521E+03   1.867278E+06   1.361063E+00   1.361063E+00   3.021105E+00   1.879880E+00  -1.415169E+01   2.652283E+00  -4.853872E+00        13
   1.969521E+03   1.869211E+06   1.361063E+00   1.361063E+00   3.021105E+00   1.879880E+00  -1.415259E+01   2.652059E+00  -4.853872E+00        13
   1.970521E+03   1.871145E+06   1.361063E+00   1.361063E+00   3.021105E+00   1.879880E+00  -1.415349E+01   2.651834E+00  -4.853872E+00        13
   1.971521E+03   1.873080E+06   1.361063E+00   1.361063E+00   3.021105E+00   1.879880E+00  -1.415438E+01   2.651610E+00  -4.853872E+00        13
   1.972521E+03   1.875016E+06   1.361063E+00   1.361063E+00   3.021105E+00   1.879880E+00  -1.415528E+01   2.651385E+00  -4.853872E+00        13
   1.973521E+03   1.876953E+06   1.361063E+00   1.361063E+00   3.021105E+00   1.879880E+00  -1.415618E+01   2.651161E+00  -4.853872E+00        13
   1.974521E+03   1.878891E+06   1.361063E+00   1.361063E+00   3.021105E+00   1.879880E+00  -1.415707E+01   2.650937E+00  -4.853872E+00        13
   1.975521E+03   1.880830E+06   1.361063E+00   1.361063E+00   3.021105E+00   1.879880E+00  -1.415797E+01   2.650713E+00  -4.853872E+00        13
   1.976521E+03   1.882770E+06   1.361063E+00   1.361063E+00   3.021105E+00   1.879880E+00  -1.415887E+01   2.650489E+00  -4.853872E+00        13
   1.977521E+03   1.884711E+06   1.361063E+00   1.361063E+00   3.021105E+00   1.879880E+00  -1.415976E+01   2.650265E+00  -4.853872E+00        13
   1.978521E+03   1.886653E+06   1.361063E+00   1.361063E+00   3.021105E+00   1.879880E+00  -1.416066E+01   2.650042E+00  -4.853872E+00        13
   1.979521E+03   1.888596E+06   1.361063E+00   1.361063E+00   3.021105E+00   1.879880E+00  -1.416155E+01   2.649818E+00  -4.853872E+00        13
   1.980521E+03   1.890540E+06   1.361063E+00   1.361063E+00   3.021105E+00   1.879880E+00  -1.416244E+01   2.649595E+00  -4.853872E+00        13
   1.981521E+03   1.892485E+06   1.361063E+00   1.361063E+00   3.021105E+00   1.879880E+00  -1.416334E+01   2.649371E+00  -4.853872E+00        13
   1.982521E+03   1.894431E+06   1.361063E+00   1.361063E+00   3.021105E+00   1.879880E+00  -1.416423E+01   2.649148E+00  -4.853872E+00        13
   1.983521E+03   1.896378E+06   1.361063E+00   1.361063E+00   3.021105E+00   1.879880E+00  -1.416512E+01   2.648925E+00  -4.853872E+00        13
   1.984521E+03   1.898326E+06   1.361063E+00   1.361063E+00   3.021105E+00   1.879880E+00  -1.416601E+01   2.648702E+00  -4.853872E+00        13
   1.985521E+03   1.900275E+06   1.361063E+00   1.361063E+00   3.021105E+00   1.879880E+00  -1.416690E+01   2.648479E+00  -4.853872E+00        13
   1.986521E+03   1.902225E+06   1.361063E+00   1.361063E+00   3.021105E+00   1.879880E+00  -1.416780E+01   2.648257E+00  -4.853872E+00        13
   1.987521E+03   1.904176E+06   1.361063E+00   1.361063E+00   3.021105E+00   1.879880E+00  -1.416869E+01   2.648034E+00  -4.853872E+00        13
   1.988521E+03   1.906128E+06   1.361063E+00   1.361063E+00   3.021105E+00   1.879880E+00  -1.416958E+01   2.647812E+00  -4.853872E+00        13
   1.989521E+03   1.908081E+06   1.361063E+00   1.361063E+00   3.021105E+00   1.879880E+00  -1.417047E+01   2.647589E+00  -4.853872E+00        13
   1.990521E+03   1.910035E+06   1.361063E+00   1.361063E+00   3.021105E+00   1.879880E+00  -1.417135E+01   2.647367E+00  -4.853872E+00        13
   1.991521E+03   1.911990E+06   1.361063E+00   1.361063E+00   3.021105E+00   1.879880E+00  -1.417224E+01   2.647145E+00  -4.853872E+00        13
   1.992521E+03   1.913946E+06   1.361063E+00   1.361063E+00   3.021105E+00   1.879880E+00  -1.417313E+01   2.646923E+00  -4.853872E+00        13
   1.993521E+03   1.915903E+06   1.361063E+00   1.361063E+00   3.021105E+00   1.879880E+00  -1.417402E+01   2.646701E+00  -4.853872E+00        13
   1.994521E+03   1.917861E+06   1.361063E+00   1.361063E+00   3.021105E+00   1.879880E+00  -1.417491E+01   2.646479E+00  -4.853872E+00        13
   1.995521E+03   1.919820E+06   1.361063E+00   1.361063E+00   3.021105E+00   1.879880E+00  -1.417579E+01   2.646257E+00  -4.853872E+00        13
   1.996521E+03   1.921780E+06   1.361063E+00   1.361063E+00   3.021105E+00   1.879880E+00  -1.417668E+01   2.646036E+00  -4.853872E+00        13
   1.997521E+03   1.923741E+06   1.361063E+00   1.361063E+00   3.021105E+00   1.879880E+00  -1.417756E+01   2.645814E+00  -4.853872E+00        13
   1.998521E+03   1.925703E+06   1.361063E+00   1.361063E+00   3.021105E+00   1.879880E+00  -1.417845E+01   2.645593E+00  -4.853872E+00        13
   1.999521E+03   1.927666E+06   1.361063E+00   1.361063E+00   3.021105E+00   1.879880E+00  -1.417934E+01   2.645372E+00  -4.853872E+00        13
   2.000521E+03   1.929630E+06   1.361063E+00   1.361063E+00   3.021105E+00   1.879880E+00  -1.418022E+01   2.645151E+00  -4.853872E+00        13
   2.001521E+03   1.931595E+06   1.361063E+00   1.361063E+00   3.021105E+00   1.879880E+00  -1.418110E+01   2.644930E+00  -4.853872E+00        13
   2.002521E+03   1.933561E+06   1.361063E+00   1.361063E+00   3.021105E+00   1.879880E+00  -1.418199E+01   2.644709E+00  -4.853872E+00        13
   2.003521E+03   1.935528E+06   1.361063E+00   1.361063E+00   3.021105E+00   1.879880E+00  -1.418287E+01   2.644488E+00  -4.853872E+00        13
   2.004521E+03   1.937496E+06   1.361063E+00   1.361063E+00   3.021105E+00   1.879880E+00  -1.418375E+01   2.644267E+00  -4.853872E+00        13
   2.005521E+03   1.939465E+06   1.361063E+00   1.361063E+00   3.021105E+00   1.879880E+00  -1.418464E+01   2.644047E+00  -4.853872E+00        13
   2.006521E+03   1.941435E+06   1.361063E+00   1.361063E+00   3.021105E+00   1.879880E+00  -1.418552E+01   2.643826E+00  -4.853872E+00        13
   2.007521E+03   1.943406E+06   1.361063E+00   1.361063E+00   3.021105E+00   1.879880E+00  -1.418640E+01   2.643606E+00  -4.853872E+00        13
   2.008521E+03   1.945378E+06   1.361063E+00   1.361063E+00   3.021105E+00   1.879880E+00  -1.418728E+01   2.643386E+00  -4.853872E+00        13
   2.009521E+03   1.947351E+06   1.361063E+00   1.361063E+00   3.021105E+00   1.879880E+00  -1.418816E+01   2.643166E+00  -4.853872E+00        13
   2.010521E+03   1.949325E+06   1.361063E+00   1.361063E+00   3.021105E+00   1.879880E+00  -1.418904E+01   2.642946E+00  -4.853872E+00        13
   2.011521E+03   1.951300E+06   1.361063E+00   1.361063E+00   3.021105E+00   1.879880E+00  -1.418992E+01   2.642726E+00  -4.853872E+00        13
   2.012521E+03   1.953276E+06   1.361063E+00   1.361063E+00   3.021105E+00   1.879880E+00  -1.419080E+01   2.642506E+00  -4.853872E+00        13
   2.013521E+03   1.955253E+06   1.361063E+00   1.361063E+00   3.021105E+00   1.879880E+00  -1.419168E+01   2.642286E+00  -4.853872E+00        13
   2.014521E+03   1.957231E+06   1.361063E+00   1.361063E+00   3.021105E+00   1.879880E+00  -1.419256E+01   2.642067E+00  -4.853872E+00        13
   2.015521E+03   1.959210E+06   1.361063E+00   1.361063E+00   3.021105E+00   1.879880E+00  -1.419343E+01   2.641847E+00  -4.853872E+00        13
   2.016521E+03   1.961190E+06   1.361063E+00   1.361063E+00   3.021105E+00   1.879880E+00  -1.419431E+01   2.641628E+00  -4.853872E+00        13
   2.017521E+03   1.963171E+06   1.361063E+00   1.361063E+00   3.021105E+00   1.879880E+00  -1.419519E+01   2.641409E+00  -4.853872E+00        13
   2.018521E+03   1.965153E+06   1.361063E+00   1.361063E+00   3.021105E+00   1.879880E+00  -1.419606E+01   2.641190E+00  -4.853872E+00        13
   2.019521E+03   1.967136E+06   1.361063E+00   1.361063E+00   3.021105E+00   1.879880E+00  -1.419694E+01   2.640971E+00  -4.853872E+00        13
   2.020521E+03   1.969120E+06   1.361063E+00   1.361063E+00   3.021105E+00   1.879880E+00  -1.419782E+01   2.640752E+00  -4.853872E+00        13
   2.021521E+03   1.971105E+06   1.361063E+00   1.361063E+00   3.021105E+00   1.879880E+00  -1.419869E+01   2.640533E+00  -4.853872E+00        13
   2.022521E+03   1.973091E+06   1.361063E+00   1.361063E+00   3.021105E+00   1.879880E+00  -1.419957E+01   2.640314E+00  -4.853872E+00        13
   2.023521E+03   1.975078E+06   1.361063E+00   1.361063E+00   3.021105E+00   1.879880E+00  -1.420044E+01   2.640096E+00  -4.853872E+00        13
   2.024521E+03   1.977066E+06   1.361063E+00   1.361063E+00   3.021105E+00   1.879880E+00  -1.420131E+01   2.639877E+00  -4.853872E+00        13
   2.025521E+03   1.979055E+06   1.361063E+00   1.361063E+00   3.021105E+00   1.879880E+00  -1.420219E+01   2.639659E+00  -4.853872E+00        13
   2.026521E+03   1.981045E+06   1.361063E+00   1.361063E+00   3.021105E+00   1.879880E+00  -1.420306E+01   2.639441E+00  -4.853872E+00        13
   2.027521E+03   1.983036E+06   1.361063E+00   1.361063E+00   3.021105E+00   1.879880E+00  -1.420393E+01   2.639222E+00  -4.853872E+00        13
   2.028521E+03   1.985028E+06   1.361063E+00   1.361063E+00   3.021105E+00   1.879880E+00  -1.420480E+01   2.639004E+00  -4.853872E+00        13
   2.029521E+03   1.987021E+06   1.361063E+00   1.361063E+00   3.021105E+00   1.879880E+00  -1.420568E+01   2.638786E+00  -4.853872E+00        13
   2.030521E+03   1.989015E+06   1.361063E+00   1.361063E+00   3.021105E+00   1.879880E+00  -1.420655E+01   2.638569E+00  -4.853872E+00        13
   2.031521E+03   1.991010E+06   1.361063E+00   1.361063E+00   3.021105E+00   1.879880E+00  -1.420742E+01   2.638351E+00  -4.853872E+00        13
   2.032521E+03   1.993006E+06   1.361063E+00   1.361063E+00   3.021105E+00   1.879880E+00  -1.420829E+01   2.638133E+00  -4.853872E+00        13
   2.033521E+03   1.995003E+06   1.361063E+00   1.361063E+00   3.021105E+00   1.879880E+00  -1.420916E+01   2.637916E+00  -4.853872E+00        13
   2.034521E+03   1.997001E+06   1.361063E+00   1.361063E+00   3.021105E+00   1.879880E+00  -1.421003E+01   2.637699E+00  -4.853872E+00        13
   2.035521E+03   1.999000E+06   1.361063E+00   1.361063E+00   3.021105E+00   1.879880E+00  -1.421090E+01   2.637481E+00  -4.853872E+00        13
   2.036521E+03   2.001000E+06   1.361063E+00   1.361063E+00   3.021105E+00   1.879880E+00  -1.421177E+01   2.637264E+00  -4.853872E+00        13
   2.037521E+03   2.003001E+06   1.361063E+00   1.361063E+00   3.021105E+00   1.879880E+00  -1.421263E+01   2.637047E+00  -4.853872E+00        13
   2.038521E+03   2.005003E+06   1.361063E+00   1.361063E+00   3.021105E+00   1.879880E+00  -1.421350E+01   2.636830E+00  -4.853872E+00        13
   2.039521E+03   2.007006E+06   1.361063E+00   1.361063E+00   3.021105E+00   1.879880E+00  -1.421437E+01   2.636613E+00  -4.853872E+00        13
   2.040521E+03   2.009010E+06   1.361063E+00   1.361063E+00   3.021105E+00   1.879880E+00  -1.421524E+01   2.636397E+00  -4.853872E+00        13
   2.041521E+03   2.011015E+06   1.361063E+00   1.361063E+00   3.021105E+00   1.879880E+00  -1.421610E+01   2.636180E+00  -4.853872E+00        13
   2.042521E+03   2.013021E+06   1.361063E+00   1.361063E+00   3.021105E+00   1.879880E+00  -1.421697E+01   2.635964E+00  -4.853872E+00        13
   2.043521E+03   2.015028E+06   1.361063E+00   1.361063E+00   3.021105E+00   1.879880E+00  -1.421783E+01   2.635747E+00  -4.853872E+00        13
   2.044521E+03   2.017036E+06   1.361063E+00   1.361063E+00   3.021105E+00   1.879880E+00  -1.421870E+01   2.635531E+00  -4.853872E+00        13
   2.045521E+03   2.019045E+06   1.361063E+00   1.361063E+00   3.021105E+00   1.879880E+00  -1.421956E+01   2.635315E+00  -4.853872E+00        13
   2.046521E+03   2.021055E+06   1.361063E+00   1.361063E+00   3.021105E+00   1.879880E+00  -1.422043E+01   2.635099E+00  -4.853872E+00        13
   2.047521E+03   2.023066E+06   1.361063E+00   1.361063E+00   3.021105E+00   1.879880E+00  -1.422129E+01   2.634883E+00  -4.853872E+00        13
   2.048521E+03   2.025078E+06   1.361063E+00   1.361063E+00   3.021105E+00   1.879880E+00  -1.422216E+01   2.634667E+00  -4.853872E+00        13
   2.049521E+03   2.027091E+06   1.361063E+00   1.361063E+00   3.021105E+00   1.879880E+00  -1.422302E+01   2.634451E+00  -4.853872E+00        13
   2.050521E+03   2.029105E+06   1.361063E+00   1.361063E+00   3.021105E+00   1.879880E+00  -1.422388E+01   2.634235E+00  -4.853872E+00        13
   2.051521E+03   2.031120E+06   1.361063E+00   1.361063E+00   3.021105E+00   1.879880E+00  -1.422474E+01   2.634020E+00  -4.853872E+00        13
   2.052521E+03   2.033136E+06   1.361063E+00   1.361063E+00   3.021105E+00   1.879880E+00  -1.422560E+01   2.633804E+00  -4.853872E+00        13
   2.053521E+03   2.035153E+06   1.361063E+00   1.361063E+00   3.021105E+00   1.879880E+00  -1.422647E+01   2.633589E+00  -4.853872E+00        13
   2.054521E+03   2.037171E+06   1.361063E+00   1.361063E+00   3.021105E+00   1.879880E+00  -1.422733E+01   2.633374E+00  -4.853872E+00        13
   2.055521E+03   2.039190E+06   1.361063E+00   1.361063E+00   3.021105E+00   1.879880E+00  -1.422819E+01   2.633159E+00  -4.853872E+00        13
   2.056521E+03   2.041210E+06   1.361063E+00   1.361063E+00   3.021105E+00   1.879880E+00  -1.422905E+01   2.632944E+00  -4.853872E+00        13
   2.057521E+03   2.043231E+06   1.361063E+00   1.361063E+00   3.021105E+00   1.879880E+00  -1.422991E+01   2.632729E+00  -4.853872E+00        13
   2.058521E+03   2.045253E+06   1.361063E+00   1.361063E+00   3.021105E+00   1.879880E+00  -1.423077E+01   2.632514E+00  -4.853872E+00        13
   2.059521E+03   2.047276E+06   1.361063E+00   1.361063E+00   3.021105E+00   1.879880E+00  -1.423162E+01   2.632299E+00  -4.853872E+00        13
   2.060521E+03   2.049300E+06   1.361063E+00   1.361063E+00   3.021105E+00   1.879880E+00  -1.423248E+01   2.632085E+00  -4.853872E+00        13
   2.061521E+03   2.051325E+06   1.361063E+00   1.361063E+00   3.021105E+00   1.879880E+00  -1.423334E+01   2.631870E+00  -4.853872E+00        13
   2.062521E+03   2.053351E+06   1.361063E+00   1.361063E+00   3.021105E+00   1.879880E+00  -1.423420E+01   2.631656E+00  -4.853872E+00        13
   2.063521E+03   2.055378E+06   1.361063E+00   1.361063E+00   3.021105E+00   1.879880E+00  -1.423505E+01   2.631442E+00  -4.853872E+00        13
   2.064521E+03   2.057406E+06   1.361063E+00   1.361063E+00   3.021105E+00   1.879880E+00  -1.423591E+01   2.631228E+00  -4.853872E+00        13
   2.065521E+03   2.059435E+06   1.361063E+00   1.361063E+00   3.021105E+00   1.879880E+00  -1.423677E+01   2.631014E+00  -4.853872E+00        13
   2.066521E+03   2.061465E+06   1.361063E+00   1.361063E+00   3.021105E+00   1.879880E+00  -1.423762E+01   2.630800E+00  -4.853872E+00        13
   2.067521E+03   2.063496E+06   1.361063E+00   1.361063E+00   3.021105E+00   1.879880E+00  -1.423848E+01   2.630586E+00  -4.853872E+00        13
   2.068521E+03   2.065528E+06   1.361063E+00   1.361063E+00   3.021105E+00   1.879880E+00  -1.423933E+01   2.630372E+00  -4.853872E+00        13
   2.069521E+03   2.067561E+06   1.361063E+00   1.361063E+00   3.021105E+00   1.879880E+00  -1.424019E+01   2.630159E+00  -4.853872E+00        13
   2.070521E+03   2.069595E+06   1.361063E+00   1.361063E+00   3.021105E+00   1.879880E+00  -1.424104E+01   2.629945E+00  -4.853872E+00        13
   2.071521E+03   2.071630E+06   1.361063E+00   1.361063E+00   3.021105E+00   1.879880E+00  -1.424190E+01   2.629732E+00  -4.853872E+00        13
   2.072521E+03   2.073666E+06   1.361063E+00   1.361063E+00   3.021105E+00   1.879880E+00  -1.424275E+01   2.629518E+00  -4.853872E+00        13
   2.073521E+03   2.075703E+06   1.361063E+00   1.361063E+00   3.021105E+00   1.879880E+00  -1.424360E+01   2.629305E+00  -4.853872E+00        13
   2.074521E+03   2.077741E+06   1.361063E+00   1.361063E+00   3.021105E+00   1.879880E+00  -1.424445E+01   2.629092E+00  -4.853872E+00        13
   2.075521E+03   2.079780E+06   1.361063E+00   1.361063E+00   3.021105E+00   1.879880E+00  -1.424531E+01   2.628879E+00  -4.853872E+00        13
   2.076521E+03   2.081820E+06   1.361063E+00   1.361063E+00   3.021105E+00   1.879880E+00  -1.424616E+01   2.628666E+00  -4.853872E+00        13
   2.077521E+03   2.083861E+06   1.361063E+00   1.361063E+00   3.021105E+00   1.879880E+00  -1.424701E+01   2.628453E+00  -4.853872E+00        13
   2.078521E+03   2.085903E+06   1.361063E+00   1.361063E+00   3.021105E+00   1.879880E+00  -1.424786E+01   2.628241E+00  -4.853872E+00        13
   2.079521E+03   2.087946E+06   1.361063E+00   1.361063E+00   3.021105E+00   1.879880E+00  -1.424871E+01   2.628028E+00  -4.853872E+00        13
   2.080521E+03   2.089990E+06   1.361063E+00   1.361063E+00   3.021105E+00   1.879880E+00  -1.424956E+01   2.627816E+00  -4.853872E+00        13
   2.081521E+03   2.092035E+06   1.361063E+00   1.361063E+00   3.021105E+00   1.879880E+00  -1.425041E+01   2.627603E+00  -4.853872E+00        13
   2.082521E+03   2.094081E+06   1.361063E+00   1.361063E+00   3.021105E+00   1.879880E+00  -1.425126E+01   2.627391E+00  -4.853872E+00        13
   2.083521E+03   2.096128E+06   1.361063E+00   1.361063E+00   3.021105E+00   1.879880E+00  -1.425211E+01   2.627179E+00  -4.853872E+00        13
   2.084521E+03   2.098176E+06   1.361063E+00   1.361063E+00   3.021105E+00   1.879880E+00  -1.425296E+01   2.626967E+00  -4.853872E+00        13
   2.085521E+03   2.100225E+06   1.361063E+00   1.361063E+00   3.021105E+00   1.879880E+00  -1.425380E+01   2.626755E+00  -4.853872E+00        13
   2.086521E+03   2.102275E+06   1.361063E+00   1.361063E+00   3.021105E+00   1.879880E+00  -1.425465E+01   2.626543E+00  -4.853872E+00        13
   2.087521E+03   2.104326E+06   1.361063E+00   1.361063E+00   3.021105E+00   1.879880E+00  -1.425550E+01   2.626331E+00  -4.853872E+00        13
   2.088521E+03   2.106378E+06   1.361063E+00   1.361063E+00   3.021105E+00   1.879880E+00  -1.425634E+01   2.626120E+00  -4.853872E+00        13
   2.089521E+03   2.108431E+06   1.361063E+00   1.361063E+00   3.021105E+00   1.879880E+00  -1.425719E+01   2.625908E+00  -4.853872E+00        13
   2.090521E+03   2.110485E+06   1.361063E+00   1.361063E+00   3.021105E+00   1.879880E+00  -1.425804E+01   2.625697E+00  -4.853872E+00        13
   2.091521E+03   2.112540E+06   1.361063E+00   1.361063E+00   3.021105E+00   1.879880E+00  -1.425888E+01   2.625485E+00  -4.853872E+00        13
   2.092521E+03   2.114596E+06   1.361063E+00   1.361063E+00   3.021105E+00   1.879880E+00  -1.425973E+01   2.625274E+00  -4.853872E+00        13
   2.093521E+03   2.116653E+06   1.361063E+00   1.361063E+00   3.021105E+00   1.879880E+00  -1.426057E+01   2.625063E+00  -4.853872E+00        13
   2.094521E+03   2.118711E+06   1.361063E+00   1.361063E+00   3.021105E+00   1.879880E+00  -1.426142E+01   2.624852E+00  -4.853872E+00        13
   2.095521E+03   2.120770E+06   1.361063E+00   1.361063E+00   3.021105E+00   1.879880E+00  -1.426226E+01   2.624641E+00  -4.853872E+00        13
   2.096521E+03   2.122830E+06   1.361063E+00   1.361063E+00   3.021105E+00   1.879880E+00  -1.426310E+01   2.624430E+00  -4.853872E+00        13
   2.097521E+03   2.124891E+06   1.361063E+00   1.361063E+00   3.021105E+00   1.879880E+00  -1.426394E+01   2.624219E+00  -4.853872E+00        13
   2.098521E+03   2.126953E+06   1.361063E+00   1.361063E+00   3.021105E+00   1.879880E+00  -1.426479E+01   2.624009E+00  -4.853872E+00        13
   2.099521E+03   2.129016E+06   1.361063E+00   1.361063E+00   3.021105E+00   1.879880E+00  -1.426563E+01   2.623798E+00  -4.853872E+00        13
   2.100521E+03   2.131080E+06   1.361063E+00   1.361063E+00   3.021105E+00   1.879880E+00  -1.426647E+01   2.623588E+00  -4.853872E+00        13
   2.101521E+03   2.133145E+06   1.361063E+00   1.361063E+00   3.021105E+00   1.879880E+00  -1.426731E+01   2.623378E+00  -4.853872E+00        13
   2.102521E+03   2.135211E+06   1.361063E+00   1.361063E+00   3.021105E+00   1.879880E+00  -1.426815E+01   2.623167E+00  -4.853872E+00        13
   2.103521E+03   2.137278E+06   1.361063E+00   1.361063E+00   3.021105E+00   1.879880E+00  -1.426899E+01   2.622957E+00  -4.853872E+00        13
   2.104521E+03   2.139346E+06   1.361063E+00   1.361063E+00   3.021105E+00   1.879880E+00  -1.426983E+01   2.622747E+00  -4.853872E+00        13
   2.105521E+03   2.141415E+06   1.361063E+00   1.361063E+00   3.021105E+00   1.879880E+00  -1.427067E+01   2.622537E+00  -4.853872E+00        13
   2.106521E+03   2.143485E+06   1.361063E+00   1.361063E+00   3.021105E+00   1.879880E+00  -1.427151E+01   2.622327E+00  -4.853872E+00        13
   2.107521E+03   2.145556E+06   1.361063E+00   1.361063E+00   3.021105E+00   1.879880E+00  -1.427235E+01   2.622118E+00  -4.853872E+00        13
   2.108521E+03   2.147628E+06   1.361063E+00   1.361063E+00   3.021105E+00   1.879880E+00  -1.427319E+01   2.621908E+00  -4.853872E+00        13
   2.109521E+03   2.149701E+06   1.361063E+00   1.361063E+00   3.021105E+00   1.879880E+00  -1.427403E+01   2.621699E+00  -4.853872E+00        13
   2.110521E+03   2.151775E+06   1.361063E+00   1.361063E+00   3.021105E+00   1.879880E+00  -1.427487E+01   2.621489E+00  -4.853872E+00        13
   2.111521E+03   2.153850E+06   1.361063E+00   1.361063E+00   3.021105E+00   1.879880E+00  -1.427570E+01   2.621280E+00  -4.853872E+00        13
   2.112521E+03   2.155926E+06   1.361063E+00   1.361063E+00   3.021105E+00   1.879880E+00  -1.427654E+01   2.621071E+00  -4.853872E+00        13
   2.113521E+03   2.158003E+06   1.361063E+00   1.361063E+00   3.021105E+00   1.879880E+00  -1.427738E+01   2.620862E+00  -4.853872E+00        13
