           time            age           mass      core_mass        He_core        CO_core          log_L       log_Teff     log_radius     phase
   0.000000E+00   0.000000E+00   2.570396E+01   0.000000E+00   0.000000E+00   0.000000E+00   4.927056E+00   4.583150E+00   8.204872E-01         1
   3.461495E-01   3.461495E-01   2.566249E+01   0.000000E+00   0.000000E+00   0.000000E+00   4.939444E+00   4.578905E+00   8.351709E-01         1
   6.922990E-01   6.922990E-01   2.561881E+01   0.000000E+00   0.000000E+00   0.000000E+00   4.952646E+00   4.576249E+00   8.470843E-01         1
   1.038448E+00   1.038448E+00   2.557227E+01   0.000000E+00   0.000000E+00   0.000000E+00   4.966424E+00   4.574023E+00   8.584249E-01         1
   1.384598E+00   1.384598E+00   2.552257E+01   0.000000E+00   0.000000E+00   0.000000E+00   4.980748E+00   4.571879E+00   8.698743E-01         1
   1.730747E+00   1.730747E+00   2.546934E+01   0.000000E+00   0.000000E+00   0.000000E+00   4.995593E+00   4.569629E+00   8.817963E-01         1
   2.076897E+00   2.076897E+00   2.541224E+01   0.000000E+00   0.000000E+00   0.000000E+00   5.010910E+00   4.567157E+00   8.943999E-01         1
   2.423046E+00   2.423046E+00   2.535093E+01   0.000000E+00   0.000000E+00   0.000000E+00   5.026744E+00   4.564341E+00   9.079487E-01         1
   2.769196E+00   2.769196E+00   2.528492E+01   0.000000E+00   0.000000E+00   0.000000E+00   5.043186E+00   4.561054E+00   9.227434E-01         1
   3.115345E+00   3.115345E+00   2.521392E+01   0.000000E+00   0.000000E+00   0.000000E+00   5.060308E+00   4.557161E+00   9.390913E-01         1
   3.461495E+00   3.461495E+00   2.513748E+01   0.000000E+00   0.000000E+00   0.000000E+00   5.078237E+00   4.552475E+00   9.574265E-01         1
   3.807644E+00   3.807644E+00   2.505520E+01   0.000000E+00   0.000000E+00   0.000000E+00   5.097122E+00   4.546751E+00   9.783171E-01         1
   4.153794E+00   4.153794E+00   2.496681E+01   0.000000E+00   0.000000E+00   0.000000E+00   5.117110E+00   4.539684E+00   1.002447E+00         1
   4.499943E+00   4.499943E+00   2.487228E+01   0.000000E+00   0.000000E+00   0.000000E+00   5.138062E+00   4.530967E+00   1.030357E+00         1
   4.846093E+00   4.846093E+00   2.477212E+01   0.000000E+00   0.000000E+00   0.000000E+00   5.160109E+00   4.520115E+00   1.063083E+00         1
   5.192242E+00   5.192242E+00   2.466736E+01   0.000000E+00   0.000000E+00   0.000000E+00   5.183679E+00   4.506131E+00   1.102837E+00         1
   5.538392E+00   5.538392E+00   2.456066E+01   0.000000E+00   0.000000E+00   0.000000E+00   5.209270E+00   4.487533E+00   1.152828E+00         1
   5.884541E+00   5.884541E+00   2.445717E+01   0.000000E+00   0.000000E+00   0.000000E+00   5.237521E+00   4.461590E+00   1.218810E+00         1
   6.230691E+00   6.230691E+00   2.436622E+01   0.000000E+00   0.000000E+00   0.000000E+00   5.268679E+00   4.424082E+00   1.309435E+00         1
   6.576840E+00   6.576840E+00   2.361267E+01   0.000000E+00   0.000000E+00   0.000000E+00   5.294549E+00   4.353164E+00   1.464269E+00         1
   6.580302E+00   6.580302E+00   2.360273E+01   0.000000E+00   0.000000E+00   0.000000E+00   5.294817E+00   4.352183E+00   1.466366E+00         1
   6.583763E+00   6.583763E+00   2.359280E+01   0.000000E+00   0.000000E+00   0.000000E+00   5.295088E+00   4.351190E+00   1.468489E+00         1
   6.587225E+00   6.587225E+00   2.358287E+01   0.000000E+00   0.000000E+00   0.000000E+00   5.295358E+00   4.350196E+00   1.470612E+00         1
   6.590686E+00   6.590686E+00   2.357295E+01   0.000000E+00   0.000000E+00   0.000000E+00   5.295628E+00   4.349202E+00   1.472736E+00         1
   6.594148E+00   6.594148E+00   2.356302E+01   0.000000E+00   0.000000E+00   0.000000E+00   5.295899E+00   4.348209E+00   1.474859E+00         1
   6.597609E+00   6.597609E+00   2.355310E+01   0.000000E+00   0.000000E+00   0.000000E+00   5.296172E+00   4.347198E+00   1.477017E+00         1
   6.601071E+00   6.601071E+00   2.354320E+01   0.000000E+00   0.000000E+00   0.000000E+00   5.296448E+00   4.346169E+00   1.479214E+00         1
   6.604532E+00   6.604532E+00   2.353330E+01   0.000000E+00   0.000000E+00   0.000000E+00   5.296723E+00   4.345140E+00   1.481411E+00         1
   6.607994E+00   6.607994E+00   2.352339E+01   0.000000E+00   0.000000E+00   0.000000E+00   5.296999E+00   4.344111E+00   1.483607E+00         1
   6.611455E+00   6.611455E+00   2.351349E+01   0.000000E+00   0.000000E+00   0.000000E+00   5.297275E+00   4.343082E+00   1.485804E+00         1
   6.614917E+00   6.614917E+00   2.350359E+01   0.000000E+00   0.000000E+00   0.000000E+00   5.297552E+00   4.342043E+00   1.488022E+00         1
   6.618378E+00   6.618378E+00   2.349371E+01   0.000000E+00   0.000000E+00   0.000000E+00   5.297832E+00   4.340990E+00   1.490268E+00         1
   6.621840E+00   6.621840E+00   2.348382E+01   0.000000E+00   0.000000E+00   0.000000E+00   5.298111E+00   4.339938E+00   1.492513E+00         1
   6.625301E+00   6.625301E+00   2.347394E+01   0.000000E+00   0.000000E+00   0.000000E+00   5.298390E+00   4.338885E+00   1.494759E+00         1
   6.628763E+00   6.628763E+00   2.346405E+01   0.000000E+00   0.000000E+00   0.000000E+00   5.298670E+00   4.337833E+00   1.497004E+00         1
   6.632224E+00   6.632224E+00   2.345419E+01   0.000000E+00   0.000000E+00   0.000000E+00   5.298953E+00   4.336759E+00   1.499294E+00         1
   6.635686E+00   6.635686E+00   2.344435E+01   0.000000E+00   0.000000E+00   0.000000E+00   5.299241E+00   4.335666E+00   1.501626E+00         1
   6.639147E+00   6.639147E+00   2.343451E+01   0.000000E+00   0.000000E+00   0.000000E+00   5.299529E+00   4.334572E+00   1.503959E+00         1
   6.642609E+00   6.642609E+00   2.342467E+01   0.000000E+00   0.000000E+00   0.000000E+00   5.299817E+00   4.333478E+00   1.506291E+00         1
   6.646070E+00   6.646070E+00   2.341482E+01   0.000000E+00   0.000000E+00   0.000000E+00   5.300105E+00   4.332384E+00   1.508624E+00         1
   6.649532E+00   6.649532E+00   2.340500E+01   0.000000E+00   0.000000E+00   0.000000E+00   5.300396E+00   4.331274E+00   1.510990E+00         1
   6.652993E+00   6.652993E+00   2.339518E+01   0.000000E+00   0.000000E+00   0.000000E+00   5.300689E+00   4.330159E+00   1.513368E+00         1
   6.656455E+00   6.656455E+00   2.338536E+01   0.000000E+00   0.000000E+00   0.000000E+00   5.300981E+00   4.329043E+00   1.515745E+00         1
   6.659916E+00   6.659916E+00   2.337554E+01   0.000000E+00   0.000000E+00   0.000000E+00   5.301273E+00   4.327928E+00   1.518123E+00         1
   6.663378E+00   6.663378E+00   2.336572E+01   0.000000E+00   0.000000E+00   0.000000E+00   5.301565E+00   4.326810E+00   1.520505E+00         1
   6.666839E+00   6.666839E+00   2.335593E+01   0.000000E+00   0.000000E+00   0.000000E+00   5.301863E+00   4.325665E+00   1.522946E+00         1
   6.670301E+00   6.670301E+00   2.334614E+01   0.000000E+00   0.000000E+00   0.000000E+00   5.302161E+00   4.324520E+00   1.525386E+00         1
   6.673762E+00   6.673762E+00   2.333635E+01   0.000000E+00   0.000000E+00   0.000000E+00   5.302459E+00   4.323374E+00   1.527827E+00         1
   6.677224E+00   6.677224E+00   2.332656E+01   0.000000E+00   0.000000E+00   0.000000E+00   5.302757E+00   4.322229E+00   1.530267E+00         1
   6.680685E+00   6.680685E+00   2.331679E+01   0.000000E+00   0.000000E+00   0.000000E+00   5.303059E+00   4.321067E+00   1.532742E+00         1
   6.684147E+00   6.684147E+00   2.330704E+01   0.000000E+00   0.000000E+00   0.000000E+00   5.303364E+00   4.319890E+00   1.535250E+00         1
   6.687608E+00   6.687608E+00   2.329729E+01   0.000000E+00   0.000000E+00   0.000000E+00   5.303670E+00   4.318714E+00   1.537757E+00         1
   6.691070E+00   6.691070E+00   2.328754E+01   0.000000E+00   0.000000E+00   0.000000E+00   5.303976E+00   4.317537E+00   1.540264E+00         1
   6.694531E+00   6.694531E+00   2.327780E+01   0.000000E+00   0.000000E+00   0.000000E+00   5.304282E+00   4.316359E+00   1.542773E+00         1
   6.697993E+00   6.697993E+00   2.326806E+01   0.000000E+00   0.000000E+00   0.000000E+00   5.304591E+00   4.315171E+00   1.545306E+00         1
   6.701454E+00   6.701454E+00   2.325833E+01   0.000000E+00   0.000000E+00   0.000000E+00   5.304900E+00   4.313982E+00   1.547839E+00         1
   6.704916E+00   6.704916E+00   2.324860E+01   0.000000E+00   0.000000E+00   0.000000E+00   5.305209E+00   4.312793E+00   1.550372E+00         1
   6.708377E+00   6.708377E+00   2.323886E+01   0.000000E+00   0.000000E+00   0.000000E+00   5.305518E+00   4.311604E+00   1.552904E+00         1
   6.711839E+00   6.711839E+00   2.322917E+01   0.000000E+00   0.000000E+00   0.000000E+00   5.305835E+00   4.310384E+00   1.555505E+00         1
   6.715300E+00   6.715300E+00   2.321949E+01   0.000000E+00   0.000000E+00   0.000000E+00   5.306156E+00   4.309148E+00   1.558138E+00         1
   6.718762E+00   6.718762E+00   2.320982E+01   0.000000E+00   0.000000E+00   0.000000E+00   5.306477E+00   4.307913E+00   1.560770E+00         1
   6.722223E+00   6.722223E+00   2.320014E+01   0.000000E+00   0.000000E+00   0.000000E+00   5.306798E+00   4.306677E+00   1.563403E+00         1
   6.725685E+00   6.725685E+00   2.319047E+01   0.000000E+00   0.000000E+00   0.000000E+00   5.307120E+00   4.305435E+00   1.566049E+00         1
   6.729146E+00   6.729146E+00   2.318081E+01   0.000000E+00   0.000000E+00   0.000000E+00   5.307445E+00   4.304185E+00   1.568713E+00         1
   6.732607E+00   6.732607E+00   2.317115E+01   0.000000E+00   0.000000E+00   0.000000E+00   5.307769E+00   4.302934E+00   1.571376E+00         1
   6.736069E+00   6.736069E+00   2.316149E+01   0.000000E+00   0.000000E+00   0.000000E+00   5.308094E+00   4.301684E+00   1.574040E+00         1
   6.739530E+00   6.739530E+00   2.315184E+01   0.000000E+00   0.000000E+00   0.000000E+00   5.308421E+00   4.300421E+00   1.576730E+00         1
   6.742992E+00   6.742992E+00   2.314223E+01   0.000000E+00   0.000000E+00   0.000000E+00   5.308756E+00   4.299123E+00   1.579494E+00         1
   6.746453E+00   6.746453E+00   2.313261E+01   0.000000E+00   0.000000E+00   0.000000E+00   5.309091E+00   4.297826E+00   1.582259E+00         1
   6.749915E+00   6.749915E+00   2.312300E+01   0.000000E+00   0.000000E+00   0.000000E+00   5.309427E+00   4.296528E+00   1.585023E+00         1
   6.753376E+00   6.753376E+00   2.311339E+01   0.000000E+00   0.000000E+00   0.000000E+00   5.309764E+00   4.295227E+00   1.587794E+00         1
   6.756838E+00   6.756838E+00   2.310380E+01   0.000000E+00   0.000000E+00   0.000000E+00   5.310106E+00   4.293916E+00   1.590587E+00         1
   6.760299E+00   6.760299E+00   2.309422E+01   0.000000E+00   0.000000E+00   0.000000E+00   5.310448E+00   4.292606E+00   1.593379E+00         1
   6.763761E+00   6.763761E+00   2.308463E+01   0.000000E+00   0.000000E+00   0.000000E+00   5.310790E+00   4.291296E+00   1.596172E+00         1
   6.767222E+00   6.767222E+00   2.307505E+01   0.000000E+00   0.000000E+00   0.000000E+00   5.311135E+00   4.289981E+00   1.598975E+00         1
   6.770684E+00   6.770684E+00   2.306550E+01   0.000000E+00   0.000000E+00   0.000000E+00   5.311488E+00   4.288652E+00   1.601810E+00         1
   6.774145E+00   6.774145E+00   2.305596E+01   0.000000E+00   0.000000E+00   0.000000E+00   5.311841E+00   4.287323E+00   1.604646E+00         1
   6.777607E+00   6.777607E+00   2.304641E+01   0.000000E+00   0.000000E+00   0.000000E+00   5.312194E+00   4.285993E+00   1.607481E+00         1
   6.781068E+00   6.781068E+00   2.303687E+01   0.000000E+00   0.000000E+00   0.000000E+00   5.312551E+00   4.284659E+00   1.610330E+00         1
   6.784530E+00   6.784530E+00   2.302736E+01   0.000000E+00   0.000000E+00   0.000000E+00   5.312915E+00   4.283313E+00   1.613204E+00         1
   6.787991E+00   6.787991E+00   2.301785E+01   0.000000E+00   0.000000E+00   0.000000E+00   5.313279E+00   4.281967E+00   1.616079E+00         1
   6.791453E+00   6.791453E+00   2.300833E+01   0.000000E+00   0.000000E+00   0.000000E+00   5.313644E+00   4.280621E+00   1.618953E+00         1
   6.794914E+00   6.794914E+00   2.299884E+01   0.000000E+00   0.000000E+00   0.000000E+00   5.314013E+00   4.279268E+00   1.621845E+00         1
   6.798376E+00   6.798376E+00   2.298935E+01   0.000000E+00   0.000000E+00   0.000000E+00   5.314389E+00   4.277907E+00   1.624756E+00         1
   6.801837E+00   6.801837E+00   2.297987E+01   0.000000E+00   0.000000E+00   0.000000E+00   5.314764E+00   4.276545E+00   1.627667E+00         1
   6.805299E+00   6.805299E+00   2.297039E+01   0.000000E+00   0.000000E+00   0.000000E+00   5.315140E+00   4.275184E+00   1.630579E+00         1
   6.808760E+00   6.808760E+00   2.296093E+01   0.000000E+00   0.000000E+00   0.000000E+00   5.315528E+00   4.273838E+00   1.633465E+00         1
   6.812222E+00   6.812222E+00   2.295149E+01   0.000000E+00   0.000000E+00   0.000000E+00   5.315922E+00   4.272500E+00   1.636339E+00         1
   6.815683E+00   6.815683E+00   2.294204E+01   0.000000E+00   0.000000E+00   0.000000E+00   5.316317E+00   4.271162E+00   1.639214E+00         1
   6.819145E+00   6.819145E+00   2.293260E+01   0.000000E+00   0.000000E+00   0.000000E+00   5.316711E+00   4.269824E+00   1.642088E+00         1
   6.822606E+00   6.822606E+00   2.292318E+01   0.000000E+00   0.000000E+00   0.000000E+00   5.317116E+00   4.268499E+00   1.644942E+00         1
   6.826068E+00   6.826068E+00   2.291376E+01   0.000000E+00   0.000000E+00   0.000000E+00   5.317523E+00   4.267176E+00   1.647793E+00         1
   6.829529E+00   6.829529E+00   2.290433E+01   0.000000E+00   0.000000E+00   0.000000E+00   5.317930E+00   4.265853E+00   1.650643E+00         1
   6.832991E+00   6.832991E+00   2.289492E+01   0.000000E+00   0.000000E+00   0.000000E+00   5.318337E+00   4.264533E+00   1.653489E+00         1
   6.836452E+00   6.836452E+00   2.288553E+01   0.000000E+00   0.000000E+00   0.000000E+00   5.318780E+00   4.263317E+00   1.656144E+00         1
   6.839914E+00   6.839914E+00   2.287614E+01   0.000000E+00   0.000000E+00   0.000000E+00   5.319222E+00   4.262101E+00   1.658799E+00         1
   6.843375E+00   6.843375E+00   2.286676E+01   0.000000E+00   0.000000E+00   0.000000E+00   5.319665E+00   4.260885E+00   1.661454E+00         1
   6.846837E+00   6.846837E+00   2.285737E+01   1.487589E-02   1.487589E-02   0.000000E+00   5.320109E+00   4.259673E+00   1.664102E+00         1
   6.850298E+00   6.850298E+00   2.284799E+01   3.335422E-01   3.335422E-01   0.000000E+00   5.320575E+00   4.258538E+00   1.666606E+00         1
   6.853760E+00   6.853760E+00   2.283862E+01   6.522084E-01   6.522084E-01   0.000000E+00   5.321041E+00   4.257403E+00   1.669109E+00         1
   6.857221E+00   6.857221E+00   2.282924E+01   9.708747E-01   9.708747E-01   0.000000E+00   5.321507E+00   4.256268E+00   1.671613E+00         1
   6.860683E+00   6.860683E+00   2.281987E+01   1.289541E+00   1.289541E+00   0.000000E+00   5.321974E+00   4.255134E+00   1.674116E+00         1
   6.864144E+00   6.864144E+00   2.281049E+01   3.044362E+00   3.044362E+00   0.000000E+00   5.322498E+00   4.254222E+00   1.676203E+00         1
   6.867606E+00   6.867606E+00   2.280112E+01   4.854464E+00   4.854464E+00   0.000000E+00   5.323025E+00   4.253319E+00   1.678273E+00         1
   6.871067E+00   6.871067E+00   2.279175E+01   6.664567E+00   6.664567E+00   0.000000E+00   5.323551E+00   4.252416E+00   1.680343E+00         1
   6.874529E+00   6.874529E+00   2.278238E+01   8.474669E+00   8.474669E+00   0.000000E+00   5.324078E+00   4.251514E+00   1.682413E+00         1
   6.877990E+00   6.877990E+00   2.277298E+01   9.313872E+00   9.313872E+00   0.000000E+00   5.324672E+00   4.250879E+00   1.683969E+00         1
   6.881452E+00   6.881452E+00   2.276356E+01   9.495538E+00   9.495538E+00   0.000000E+00   5.325313E+00   4.250427E+00   1.685176E+00         1
   6.884913E+00   6.884913E+00   2.275414E+01   9.677204E+00   9.677204E+00   0.000000E+00   5.325954E+00   4.249974E+00   1.686384E+00         1
   6.888375E+00   6.888375E+00   2.274472E+01   9.858870E+00   9.858870E+00   0.000000E+00   5.326595E+00   4.249522E+00   1.687591E+00         1
   6.891836E+00   6.891836E+00   2.273526E+01   9.989877E+00   9.989877E+00   0.000000E+00   5.327301E+00   4.249346E+00   1.688277E+00         1
   6.895298E+00   6.895298E+00   2.272573E+01   1.000504E+01   1.000504E+01   0.000000E+00   5.328159E+00   4.249802E+00   1.687770E+00         1
   6.898759E+00   6.898759E+00   2.271619E+01   1.002020E+01   1.002020E+01   0.000000E+00   5.329016E+00   4.250259E+00   1.687262E+00         1
   6.902221E+00   6.902221E+00   2.270661E+01   1.003361E+01   1.003361E+01   0.000000E+00   5.329987E+00   4.251139E+00   1.685974E+00         1
   6.905682E+00   6.905682E+00   2.269694E+01   1.004382E+01   1.004382E+01   0.000000E+00   5.331166E+00   4.252791E+00   1.683259E+00         1
   6.909144E+00   6.909144E+00   2.268720E+01   1.004813E+01   1.004813E+01   0.000000E+00   5.332527E+00   4.255117E+00   1.679313E+00         1
   6.912605E+00   6.912605E+00   2.267738E+01   1.004866E+01   1.004866E+01   0.000000E+00   5.334228E+00   4.258449E+00   1.673542E+00         1
   6.916067E+00   6.916067E+00   2.266734E+01   1.005175E+01   1.005175E+01   0.000000E+00   5.337668E+00   4.266183E+00   1.659845E+00         1
   6.919528E+00   6.919528E+00   2.265715E+01   1.005690E+01   1.005690E+01   0.000000E+00   5.342452E+00   4.277307E+00   1.640013E+00         1
   6.922990E+00   6.922990E+00   2.264572E+01   1.005984E+01   1.005984E+01   0.000000E+00   5.356449E+00   4.287537E+00   1.626409E+00         2
   6.923077E+00   6.923077E+00   2.264541E+01   1.005984E+01   1.005984E+01   0.000000E+00   5.357632E+00   4.288606E+00   1.624864E+00         2
   6.923165E+00   6.923165E+00   2.264510E+01   1.005984E+01   1.005984E+01   0.000000E+00   5.358816E+00   4.289674E+00   1.623319E+00         2
   6.923253E+00   6.923253E+00   2.264479E+01   1.005984E+01   1.005984E+01   0.000000E+00   5.360003E+00   4.290748E+00   1.621763E+00         2
   6.923341E+00   6.923341E+00   2.264447E+01   1.005984E+01   1.005984E+01   0.000000E+00   5.361196E+00   4.291835E+00   1.620186E+00         2
   6.923429E+00   6.923429E+00   2.264416E+01   1.005984E+01   1.005984E+01   0.000000E+00   5.362389E+00   4.292922E+00   1.618609E+00         2
   6.923517E+00   6.923517E+00   2.264384E+01   1.005984E+01   1.005984E+01   0.000000E+00   5.363614E+00   4.294078E+00   1.616910E+00         2
   6.923605E+00   6.923605E+00   2.264352E+01   1.005984E+01   1.005984E+01   0.000000E+00   5.364852E+00   4.295259E+00   1.615166E+00         2
   6.923693E+00   6.923693E+00   2.264320E+01   1.005984E+01   1.005984E+01   0.000000E+00   5.366092E+00   4.296452E+00   1.613400E+00         2
   6.923780E+00   6.923780E+00   2.264287E+01   1.005984E+01   1.005984E+01   0.000000E+00   5.367335E+00   4.297665E+00   1.611597E+00         2
   6.923868E+00   6.923868E+00   2.264254E+01   1.005984E+01   1.005984E+01   0.000000E+00   5.368560E+00   4.298865E+00   1.609808E+00         2
   6.923956E+00   6.923956E+00   2.264220E+01   1.005984E+01   1.005984E+01   0.000000E+00   5.369642E+00   4.299968E+00   1.608144E+00         2
   6.924044E+00   6.924044E+00   2.264186E+01   1.005984E+01   1.005984E+01   0.000000E+00   5.370724E+00   4.301071E+00   1.606479E+00         2
   6.924132E+00   6.924132E+00   2.264152E+01   1.005984E+01   1.005984E+01   0.000000E+00   5.371694E+00   4.302086E+00   1.604933E+00         2
   6.924220E+00   6.924220E+00   2.264118E+01   1.005984E+01   1.005984E+01   0.000000E+00   5.372628E+00   4.303075E+00   1.603424E+00         2
   6.924308E+00   6.924308E+00   2.264083E+01   1.005984E+01   1.005984E+01   0.000000E+00   5.373499E+00   4.304010E+00   1.601989E+00         2
   6.924396E+00   6.924396E+00   2.264048E+01   1.005984E+01   1.005984E+01   0.000000E+00   5.374230E+00   4.304826E+00   1.600722E+00         2
   6.924483E+00   6.924483E+00   2.264013E+01   1.005984E+01   1.005984E+01   0.000000E+00   5.374960E+00   4.305642E+00   1.599455E+00         2
   6.924571E+00   6.924571E+00   2.263977E+01   1.005984E+01   1.005984E+01   0.000000E+00   5.375500E+00   4.306274E+00   1.598461E+00         2
   6.924659E+00   6.924659E+00   2.263941E+01   1.005984E+01   1.005984E+01   0.000000E+00   5.375942E+00   4.306811E+00   1.597607E+00         2
   6.924747E+00   6.924747E+00   2.263905E+01   1.005984E+01   1.005984E+01   0.000000E+00   5.376384E+00   4.307349E+00   1.596753E+00         2
   6.924835E+00   6.924835E+00   2.263869E+01   1.005984E+01   1.005984E+01   0.000000E+00   5.376612E+00   4.307647E+00   1.596271E+00         2
   6.924923E+00   6.924923E+00   2.263833E+01   1.005984E+01   1.005984E+01   0.000000E+00   5.376737E+00   4.307829E+00   1.595970E+00         2
   6.925011E+00   6.925011E+00   2.263797E+01   1.005984E+01   1.005984E+01   0.000000E+00   5.376861E+00   4.308010E+00   1.595669E+00         2
   6.925099E+00   6.925099E+00   2.263760E+01   1.006019E+01   1.006019E+01   0.000000E+00   5.376907E+00   4.308096E+00   1.595521E+00         2
   6.925187E+00   6.925187E+00   2.263724E+01   1.006170E+01   1.006170E+01   0.000000E+00   5.376687E+00   4.307855E+00   1.595892E+00         2
   6.925274E+00   6.925274E+00   2.263688E+01   1.006322E+01   1.006322E+01   0.000000E+00   5.376467E+00   4.307614E+00   1.596264E+00         2
   6.925362E+00   6.925362E+00   2.263652E+01   1.006473E+01   1.006473E+01   0.000000E+00   5.376247E+00   4.307374E+00   1.596635E+00         2
   6.925450E+00   6.925450E+00   2.263616E+01   1.006624E+01   1.006624E+01   0.000000E+00   5.375944E+00   4.307000E+00   1.597230E+00         2
   6.925538E+00   6.925538E+00   2.263580E+01   1.006772E+01   1.006772E+01   0.000000E+00   5.375424E+00   4.306279E+00   1.598413E+00         2
   6.925626E+00   6.925626E+00   2.263544E+01   1.006921E+01   1.006921E+01   0.000000E+00   5.374904E+00   4.305557E+00   1.599596E+00         2
   6.925714E+00   6.925714E+00   2.263508E+01   1.007069E+01   1.007069E+01   0.000000E+00   5.374384E+00   4.304836E+00   1.600779E+00         2
   6.925802E+00   6.925802E+00   2.263472E+01   1.007196E+01   1.007196E+01   0.000000E+00   5.373829E+00   4.304045E+00   1.602083E+00         2
   6.925890E+00   6.925890E+00   2.263437E+01   1.007196E+01   1.007196E+01   0.000000E+00   5.373073E+00   4.302849E+00   1.604098E+00         2
   6.925977E+00   6.925977E+00   2.263402E+01   1.007197E+01   1.007197E+01   0.000000E+00   5.372318E+00   4.301652E+00   1.606113E+00         2
   6.926065E+00   6.926065E+00   2.263367E+01   1.007198E+01   1.007198E+01   0.000000E+00   5.371562E+00   4.300456E+00   1.608128E+00         2
   6.926153E+00   6.926153E+00   2.263332E+01   1.007220E+01   1.007220E+01   0.000000E+00   5.370759E+00   4.299091E+00   1.610456E+00         2
   6.926241E+00   6.926241E+00   2.263297E+01   1.007289E+01   1.007289E+01   0.000000E+00   5.369854E+00   4.297362E+00   1.613463E+00         2
   6.926329E+00   6.926329E+00   2.263263E+01   1.007359E+01   1.007359E+01   0.000000E+00   5.368949E+00   4.295632E+00   1.616470E+00         2
   6.926417E+00   6.926417E+00   2.263229E+01   1.007433E+01   1.007433E+01   0.000000E+00   5.368043E+00   4.293896E+00   1.619488E+00         2
   6.926505E+00   6.926505E+00   2.263195E+01   1.007875E+01   1.007875E+01   0.000000E+00   5.367010E+00   4.291717E+00   1.623331E+00         2
   6.926593E+00   6.926593E+00   2.263162E+01   1.008317E+01   1.008317E+01   0.000000E+00   5.365978E+00   4.289537E+00   1.627173E+00         2
   6.926680E+00   6.926680E+00   2.263129E+01   1.008707E+01   1.008707E+01   0.000000E+00   5.364931E+00   4.287288E+00   1.631148E+00         2
   6.926768E+00   6.926768E+00   2.263097E+01   1.008747E+01   1.008747E+01   0.000000E+00   5.363790E+00   4.284567E+00   1.636020E+00         2
   6.926856E+00   6.926856E+00   2.263064E+01   1.008788E+01   1.008788E+01   0.000000E+00   5.362649E+00   4.281846E+00   1.640892E+00         2
   6.926944E+00   6.926944E+00   2.263032E+01   1.008802E+01   1.008802E+01   0.000000E+00   5.361470E+00   4.278780E+00   1.646433E+00         2
   6.927032E+00   6.927032E+00   2.263001E+01   1.008803E+01   1.008803E+01   0.000000E+00   5.360270E+00   4.275531E+00   1.652331E+00         2
   6.927120E+00   6.927120E+00   2.262970E+01   1.008803E+01   1.008803E+01   0.000000E+00   5.359063E+00   4.272004E+00   1.658782E+00         2
   6.927208E+00   6.927208E+00   2.262940E+01   1.008803E+01   1.008803E+01   0.000000E+00   5.357849E+00   4.268185E+00   1.665812E+00         2
   6.927296E+00   6.927296E+00   2.262910E+01   1.008807E+01   1.008807E+01   0.000000E+00   5.356644E+00   4.264042E+00   1.673497E+00         2
   6.927383E+00   6.927383E+00   2.262880E+01   1.008812E+01   1.008812E+01   0.000000E+00   5.355445E+00   4.259673E+00   1.681635E+00         2
   6.927471E+00   6.927471E+00   2.262851E+01   1.009115E+01   1.009115E+01   0.000000E+00   5.354281E+00   4.254753E+00   1.690893E+00         2
   6.927559E+00   6.927559E+00   2.262822E+01   1.009600E+01   1.009600E+01   0.000000E+00   5.353140E+00   4.249522E+00   1.700786E+00         2
   6.927647E+00   6.927647E+00   2.262794E+01   1.010297E+01   1.010297E+01   0.000000E+00   5.352033E+00   4.243885E+00   1.711505E+00         2
   6.927735E+00   6.927735E+00   2.262767E+01   1.010413E+01   1.010413E+01   0.000000E+00   5.350963E+00   4.237898E+00   1.722943E+00         2
   6.927823E+00   6.927823E+00   2.262740E+01   1.010441E+01   1.010441E+01   0.000000E+00   5.349947E+00   4.231373E+00   1.735485E+00         2
   6.927911E+00   6.927911E+00   2.262713E+01   1.010441E+01   1.010441E+01   0.000000E+00   5.348972E+00   4.224419E+00   1.748907E+00         2
   6.927999E+00   6.927999E+00   2.262688E+01   1.010442E+01   1.010442E+01   0.000000E+00   5.348039E+00   4.217054E+00   1.763170E+00         2
   6.928086E+00   6.928086E+00   2.262662E+01   1.010443E+01   1.010443E+01   0.000000E+00   5.347151E+00   4.209303E+00   1.778228E+00         2
   6.928174E+00   6.928174E+00   2.262638E+01   1.010671E+01   1.010671E+01   0.000000E+00   5.346305E+00   4.201152E+00   1.794108E+00         2
   6.928262E+00   6.928262E+00   2.262614E+01   1.011278E+01   1.011278E+01   0.000000E+00   5.345495E+00   4.192480E+00   1.811047E+00         2
   6.928350E+00   6.928350E+00   2.262590E+01   1.011627E+01   1.011627E+01   0.000000E+00   5.344716E+00   4.183275E+00   1.829066E+00         2
   6.928438E+00   6.928438E+00   2.262568E+01   1.011659E+01   1.011659E+01   0.000000E+00   5.343964E+00   4.173694E+00   1.847854E+00         2
   6.928526E+00   6.928526E+00   2.262546E+01   1.011930E+01   1.011930E+01   0.000000E+00   5.343236E+00   4.163660E+00   1.867558E+00         2
   6.928614E+00   6.928614E+00   2.262524E+01   1.012513E+01   1.012513E+01   0.000000E+00   5.342509E+00   4.152930E+00   1.888654E+00         2
   6.928702E+00   6.928702E+00   2.262503E+01   1.012624E+01   1.012624E+01   0.000000E+00   5.341783E+00   4.141572E+00   1.911005E+00         2
   6.928789E+00   6.928789E+00   2.262483E+01   1.012622E+01   1.012622E+01   0.000000E+00   5.341048E+00   4.129771E+00   1.934241E+00         2
   6.928877E+00   6.928877E+00   2.262464E+01   1.012862E+01   1.012862E+01   0.000000E+00   5.340267E+00   4.116816E+00   1.959761E+00         2
   6.928965E+00   6.928965E+00   2.262445E+01   1.013770E+01   1.013770E+01   0.000000E+00   5.339450E+00   4.102705E+00   1.987573E+00         2
   6.929053E+00   6.929053E+00   2.262427E+01   1.013779E+01   1.013779E+01   0.000000E+00   5.338566E+00   4.087379E+00   2.017784E+00         2
   6.929141E+00   6.929141E+00   2.262410E+01   1.013779E+01   1.013779E+01   0.000000E+00   5.337613E+00   4.070815E+00   2.050435E+00         2
   6.929229E+00   6.929229E+00   2.262393E+01   1.013774E+01   1.013774E+01   0.000000E+00   5.336579E+00   4.053551E+00   2.084447E+00         2
   6.929317E+00   6.929317E+00   2.262377E+01   1.013772E+01   1.013772E+01   0.000000E+00   5.335370E+00   4.034415E+00   2.122115E+00         2
   6.929405E+00   6.929405E+00   2.262358E+01   1.015078E+01   1.015078E+01   0.000000E+00   5.334082E+00   4.014898E+00   2.160504E+00         2
   6.929492E+00   6.929492E+00   2.262330E+01   1.015234E+01   1.015234E+01   0.000000E+00   5.332566E+00   3.994513E+00   2.200516E+00         2
   6.929580E+00   6.929580E+00   2.262297E+01   1.015234E+01   1.015234E+01   0.000000E+00   5.330889E+00   3.973790E+00   2.241133E+00         2
   6.929668E+00   6.929668E+00   2.262260E+01   1.015234E+01   1.015234E+01   0.000000E+00   5.329300E+00   3.955801E+00   2.276326E+00         2
   6.929756E+00   6.929756E+00   2.262221E+01   1.015233E+01   1.015233E+01   0.000000E+00   5.327470E+00   3.940602E+00   2.305802E+00         2
   6.929844E+00   6.929844E+00   2.262181E+01   1.015247E+01   1.015247E+01   0.000000E+00   5.325171E+00   3.925615E+00   2.334618E+00         2
   6.929932E+00   6.929932E+00   2.262138E+01   1.016446E+01   1.016446E+01   0.000000E+00   5.322033E+00   3.907894E+00   2.368484E+00         2
   6.930020E+00   6.930020E+00   2.262093E+01   1.016750E+01   1.016750E+01   0.000000E+00   5.317406E+00   3.883385E+00   2.415177E+00         2
   6.930108E+00   6.930108E+00   2.262043E+01   1.016749E+01   1.016749E+01   0.000000E+00   5.311173E+00   3.850571E+00   2.477672E+00         2
   6.930195E+00   6.930195E+00   2.261988E+01   1.016744E+01   1.016744E+01   0.000000E+00   5.305811E+00   3.819659E+00   2.536821E+00         2
   6.930283E+00   6.930283E+00   2.261928E+01   1.016989E+01   1.016989E+01   0.000000E+00   5.302549E+00   3.800317E+00   2.573881E+00         2
   6.930371E+00   6.930371E+00   2.261865E+01   1.018221E+01   1.018221E+01   0.000000E+00   5.298602E+00   3.787613E+00   2.597318E+00         2
   6.930459E+00   6.930459E+00   2.261800E+01   1.018324E+01   1.018324E+01   0.000000E+00   5.290517E+00   3.771384E+00   2.625738E+00         2
   6.930547E+00   6.930547E+00   2.261733E+01   1.018319E+01   1.018319E+01   0.000000E+00   5.278396E+00   3.750026E+00   2.662399E+00         2
   6.930635E+00   6.930635E+00   2.261664E+01   1.018318E+01   1.018318E+01   0.000000E+00   5.264635E+00   3.727323E+00   2.700926E+00         2
   6.930723E+00   6.930723E+00   2.261592E+01   1.018321E+01   1.018321E+01   0.000000E+00   5.250275E+00   3.706242E+00   2.735913E+00         2
   6.930811E+00   6.930811E+00   2.261519E+01   1.019094E+01   1.019094E+01   0.000000E+00   5.236174E+00   3.687984E+00   2.765379E+00         2
   6.930898E+00   6.930898E+00   2.261445E+01   1.019892E+01   1.019892E+01   0.000000E+00   5.221154E+00   3.670307E+00   2.793222E+00         2
   6.930986E+00   6.930986E+00   2.261371E+01   1.019888E+01   1.019888E+01   0.000000E+00   5.205702E+00   3.651709E+00   2.822692E+00         2
   6.931074E+00   6.931074E+00   2.261296E+01   1.019889E+01   1.019889E+01   0.000000E+00   5.194553E+00   3.633963E+00   2.852610E+00         2
   6.931162E+00   6.931162E+00   2.261218E+01   1.019894E+01   1.019894E+01   0.000000E+00   5.192921E+00   3.617568E+00   2.884583E+00         2
   6.931250E+00   6.931250E+00   2.261135E+01   1.021252E+01   1.021252E+01   0.000000E+00   5.210324E+00   3.601236E+00   2.925949E+00         2
   6.931338E+00   6.931338E+00   2.261036E+01   1.021335E+01   1.021335E+01   0.000000E+00   5.249327E+00   3.585464E+00   2.976995E+00         2
   6.931426E+00   6.931426E+00   2.260913E+01   1.021335E+01   1.021335E+01   0.000000E+00   5.300988E+00   3.571595E+00   3.030562E+00         2
   6.931514E+00   6.931514E+00   2.260750E+01   1.021335E+01   1.021335E+01   0.000000E+00   5.351049E+00   3.560467E+00   3.077847E+00         2
   6.931601E+00   6.931601E+00   2.260548E+01   1.021558E+01   1.021558E+01   0.000000E+00   5.383661E+00   3.554026E+00   3.105830E+00         2
   6.931689E+00   6.931689E+00   2.260316E+01   1.023027E+01   1.023027E+01   0.000000E+00   5.406557E+00   3.551104E+00   3.117279E+00         2
   6.931777E+00   6.931777E+00   2.260064E+01   1.023023E+01   1.023023E+01   0.000000E+00   5.424600E+00   3.550011E+00   3.126300E+00         2
   6.931777E+00   6.931777E+00   2.260064E+01   1.023023E+01   1.023023E+01   0.000000E+00   5.424600E+00   3.550011E+00   3.126300E+00         4
   6.936976E+00   6.936976E+00   2.241200E+01   1.040719E+01   1.040719E+01   0.000000E+00   5.534063E+00   3.626233E+00   3.037819E+00         4
   6.942175E+00   6.942175E+00   2.222265E+01   1.055354E+01   1.055354E+01   0.000000E+00   5.538002E+00   3.617754E+00   3.056731E+00         4
   6.947374E+00   6.947374E+00   2.202782E+01   1.069169E+01   1.069169E+01   0.000000E+00   5.543949E+00   3.618222E+00   3.058796E+00         4
   6.952573E+00   6.952573E+00   2.183181E+01   1.079861E+01   1.079861E+01   0.000000E+00   5.544094E+00   3.614607E+00   3.066114E+00         4
   6.957772E+00   6.957772E+00   2.163392E+01   1.088477E+01   1.088477E+01   0.000000E+00   5.540532E+00   3.617402E+00   3.058773E+00         4
   6.962971E+00   6.962971E+00   2.143603E+01   1.097093E+01   1.097093E+01   0.000000E+00   5.536970E+00   3.620196E+00   3.051432E+00         4
   6.968169E+00   6.968169E+00   2.124637E+01   1.104618E+01   1.104618E+01   0.000000E+00   5.533311E+00   3.627991E+00   3.033979E+00         4
   6.973368E+00   6.973368E+00   2.106082E+01   1.111524E+01   1.111524E+01   0.000000E+00   5.529783E+00   3.635492E+00   3.017166E+00         4
   6.978567E+00   6.978567E+00   2.088168E+01   1.117244E+01   1.117244E+01   0.000000E+00   5.527026E+00   3.633832E+00   3.019107E+00         4
   6.983766E+00   6.983766E+00   2.070253E+01   1.122963E+01   1.122963E+01   0.000000E+00   5.524269E+00   3.632172E+00   3.021049E+00         4
   6.988965E+00   6.988965E+00   2.052472E+01   1.128399E+01   1.128399E+01   0.000000E+00   5.521483E+00   3.630797E+00   3.022407E+00         4
   6.994164E+00   6.994164E+00   2.035087E+01   1.132992E+01   1.132992E+01   0.000000E+00   5.518613E+00   3.630268E+00   3.022030E+00         4
   6.999363E+00   6.999363E+00   2.017703E+01   1.137585E+01   1.137585E+01   0.000000E+00   5.515743E+00   3.629739E+00   3.021653E+00         4
   7.004562E+00   7.004562E+00   2.000393E+01   1.142066E+01   1.142066E+01   0.000000E+00   5.512891E+00   3.629213E+00   3.021279E+00         4
   7.009761E+00   7.009761E+00   1.983599E+01   1.145779E+01   1.145779E+01   0.000000E+00   5.510167E+00   3.628709E+00   3.020924E+00         4
   7.014960E+00   7.014960E+00   1.966805E+01   1.149491E+01   1.149491E+01   0.000000E+00   5.507443E+00   3.628205E+00   3.020570E+00         4
   7.020158E+00   7.020158E+00   1.950011E+01   1.153204E+01   1.153204E+01   0.000000E+00   5.504719E+00   3.627701E+00   3.020215E+00         4
   7.025357E+00   7.025357E+00   1.933665E+01   1.156844E+01   1.156844E+01   0.000000E+00   5.502053E+00   3.627762E+00   3.018760E+00         4
   7.030556E+00   7.030556E+00   1.917547E+01   1.160064E+01   1.160064E+01   0.000000E+00   5.499787E+00   3.629146E+00   3.014857E+00         4
   7.035755E+00   7.035755E+00   1.901556E+01   1.163024E+01   1.163024E+01   0.000000E+00   5.497768E+00   3.631338E+00   3.009465E+00         4
   7.040954E+00   7.040954E+00   1.885611E+01   1.165966E+01   1.165966E+01   0.000000E+00   5.495669E+00   3.632981E+00   3.005128E+00         4
   7.046153E+00   7.046153E+00   1.870003E+01   1.168760E+01   1.168760E+01   0.000000E+00   5.492973E+00   3.630521E+00   3.008702E+00         4
   7.051352E+00   7.051352E+00   1.854712E+01   1.171336E+01   1.171336E+01   0.000000E+00   5.490968E+00   3.631936E+00   3.004869E+00         4
   7.056551E+00   7.056551E+00   1.839459E+01   1.173885E+01   1.173885E+01   0.000000E+00   5.489048E+00   3.633823E+00   3.000134E+00         4
   7.061750E+00   7.061750E+00   1.824506E+01   1.176273E+01   1.176273E+01   0.000000E+00   5.487052E+00   3.635217E+00   2.996349E+00         4
   7.066949E+00   7.066949E+00   1.809746E+01   1.178553E+01   1.178553E+01   0.000000E+00   5.485169E+00   3.636763E+00   2.992323E+00         4
   7.072147E+00   7.072147E+00   1.795256E+01   1.180662E+01   1.180662E+01   0.000000E+00   5.484163E+00   3.640612E+00   2.984161E+00         4
   7.077346E+00   7.077346E+00   1.780957E+01   1.182688E+01   1.182688E+01   0.000000E+00   5.482641E+00   3.642846E+00   2.978963E+00         4
   7.082545E+00   7.082545E+00   1.766848E+01   1.184632E+01   1.184632E+01   0.000000E+00   5.480603E+00   3.643457E+00   2.976742E+00         4
   7.087744E+00   7.087744E+00   1.752749E+01   1.186572E+01   1.186572E+01   0.000000E+00   5.478588E+00   3.644105E+00   2.974461E+00         4
   7.092943E+00   7.092943E+00   1.738964E+01   1.188389E+01   1.188389E+01   0.000000E+00   5.477412E+00   3.646070E+00   2.970036E+00         4
   7.098142E+00   7.098142E+00   1.725231E+01   1.190192E+01   1.190192E+01   0.000000E+00   5.476176E+00   3.647730E+00   2.966176E+00         4
   7.103341E+00   7.103341E+00   1.711802E+01   1.191891E+01   1.191891E+01   0.000000E+00   5.474781E+00   3.648418E+00   2.964108E+00         4
   7.108540E+00   7.108540E+00   1.698648E+01   1.193388E+01   1.193388E+01   0.000000E+00   5.474002E+00   3.651398E+00   2.957755E+00         4
   7.113739E+00   7.113739E+00   1.685494E+01   1.194885E+01   1.194885E+01   0.000000E+00   5.473223E+00   3.654378E+00   2.951403E+00         4
   7.118938E+00   7.118938E+00   1.672340E+01   1.196382E+01   1.196382E+01   0.000000E+00   5.472444E+00   3.657358E+00   2.945051E+00         4
   7.124136E+00   7.124136E+00   1.659410E+01   1.197794E+01   1.197794E+01   0.000000E+00   5.471719E+00   3.660196E+00   2.938999E+00         4
   7.129335E+00   7.129335E+00   1.647070E+01   1.198983E+01   1.198983E+01   0.000000E+00   5.471134E+00   3.662659E+00   2.933737E+00         4
   7.134534E+00   7.134534E+00   1.634730E+01   1.200171E+01   1.200171E+01   0.000000E+00   5.470549E+00   3.665123E+00   2.928474E+00         4
   7.139733E+00   7.139733E+00   1.622389E+01   1.201360E+01   1.201360E+01   0.000000E+00   5.469963E+00   3.667587E+00   2.923212E+00         4
   7.144932E+00   7.144932E+00   1.610049E+01   1.202549E+01   1.202549E+01   0.000000E+00   5.469378E+00   3.670051E+00   2.917949E+00         4
   7.150131E+00   7.150131E+00   1.597709E+01   1.203737E+01   1.203737E+01   0.000000E+00   5.468793E+00   3.672515E+00   2.912686E+00         4
   7.155330E+00   7.155330E+00   1.585368E+01   1.204926E+01   1.204926E+01   0.000000E+00   5.468207E+00   3.674978E+00   2.907424E+00         4
   7.160529E+00   7.160529E+00   1.573673E+01   1.205963E+01   1.205963E+01   0.000000E+00   5.467970E+00   3.677625E+00   2.901995E+00         4
   7.165728E+00   7.165728E+00   1.562465E+01   1.206887E+01   1.206887E+01   0.000000E+00   5.467996E+00   3.680408E+00   2.896440E+00         4
   7.170927E+00   7.170927E+00   1.551258E+01   1.207811E+01   1.207811E+01   0.000000E+00   5.468022E+00   3.683192E+00   2.890886E+00         4
   7.176125E+00   7.176125E+00   1.540050E+01   1.208735E+01   1.208735E+01   0.000000E+00   5.468048E+00   3.685976E+00   2.885331E+00         4
   7.181324E+00   7.181324E+00   1.528842E+01   1.209658E+01   1.209658E+01   0.000000E+00   5.468074E+00   3.688760E+00   2.879776E+00         4
   7.186523E+00   7.186523E+00   1.517634E+01   1.210582E+01   1.210582E+01   0.000000E+00   5.468100E+00   3.691544E+00   2.874222E+00         4
   7.191722E+00   7.191722E+00   1.506427E+01   1.211506E+01   1.211506E+01   0.000000E+00   5.468126E+00   3.694327E+00   2.868667E+00         4
   7.196921E+00   7.196921E+00   1.495219E+01   1.212429E+01   1.212429E+01   0.000000E+00   5.468152E+00   3.697111E+00   2.863112E+00         4
   7.202120E+00   7.202120E+00   1.484011E+01   1.213353E+01   1.213353E+01   0.000000E+00   5.468178E+00   3.699895E+00   2.857558E+00         4
   7.207319E+00   7.207319E+00   1.473361E+01   1.214107E+01   1.214107E+01   0.000000E+00   5.468504E+00   3.702983E+00   2.851545E+00         4
   7.212518E+00   7.212518E+00   1.463023E+01   1.214765E+01   1.214765E+01   0.000000E+00   5.469000E+00   3.706242E+00   2.845275E+00         4
   7.217717E+00   7.217717E+00   1.452685E+01   1.215423E+01   1.215423E+01   0.000000E+00   5.469495E+00   3.709500E+00   2.839006E+00         4
   7.222916E+00   7.222916E+00   1.442348E+01   1.216081E+01   1.216081E+01   0.000000E+00   5.469991E+00   3.712759E+00   2.832736E+00         4
   7.228114E+00   7.228114E+00   1.432010E+01   1.216739E+01   1.216739E+01   0.000000E+00   5.470487E+00   3.716018E+00   2.826466E+00         4
   7.233313E+00   7.233313E+00   1.421673E+01   1.217397E+01   1.217397E+01   0.000000E+00   5.470982E+00   3.719277E+00   2.820196E+00         4
   7.238512E+00   7.238512E+00   1.411335E+01   1.218055E+01   1.218055E+01   0.000000E+00   5.471478E+00   3.722536E+00   2.813927E+00         4
   7.243711E+00   7.243711E+00   1.401016E+01   1.218714E+01   1.218714E+01   0.000000E+00   5.471979E+00   3.725950E+00   2.807349E+00         4
   7.248910E+00   7.248910E+00   1.391466E+01   1.219397E+01   1.219397E+01   0.000000E+00   5.472738E+00   3.735871E+00   2.787886E+00         4
   7.254109E+00   7.254109E+00   1.381917E+01   1.220081E+01   1.220081E+01   0.000000E+00   5.473497E+00   3.745792E+00   2.768424E+00         4
   7.259308E+00   7.259308E+00   1.372719E+01   1.220631E+01   1.220631E+01   0.000000E+00   5.474282E+00   3.756943E+00   2.746513E+00         4
   7.264507E+00   7.264507E+00   1.363923E+01   1.221029E+01   1.221029E+01   0.000000E+00   5.475095E+00   3.769500E+00   2.721807E+00         4
   7.269706E+00   7.269706E+00   1.355442E+01   1.221528E+01   1.221528E+01   0.000000E+00   5.475926E+00   3.785324E+00   2.690573E+00         4
   7.274905E+00   7.274905E+00   1.347465E+01   1.222115E+01   1.222115E+01   0.000000E+00   5.476784E+00   3.807350E+00   2.646950E+00         4
   7.280103E+00   7.280103E+00   1.340262E+01   1.222684E+01   1.222684E+01   0.000000E+00   5.477672E+00   3.845048E+00   2.571999E+00         4
   7.285302E+00   7.285302E+00   1.334174E+01   1.222970E+01   1.222970E+01   0.000000E+00   5.478513E+00   3.883930E+00   2.494656E+00         4
   7.290501E+00   7.290501E+00   1.328789E+01   1.223473E+01   1.223473E+01   0.000000E+00   5.479268E+00   3.910135E+00   2.442623E+00         4
   7.295700E+00   7.295700E+00   1.324529E+01   1.224157E+01   1.224157E+01   0.000000E+00   5.480140E+00   4.105494E+00   2.052342E+00         4
   7.300899E+00   7.300899E+00   1.319635E+01   1.224537E+01   1.224537E+01   0.000000E+00   5.480786E+00   4.438798E+00   1.386056E+00         4
   7.306098E+00   7.306098E+00   1.318539E+01   1.224962E+01   1.224962E+01   0.000000E+00   5.481778E+00   4.479296E+00   1.305555E+00         4
   7.311297E+00   7.311297E+00   1.317063E+01   1.225327E+01   1.225327E+01   0.000000E+00   5.482731E+00   4.526585E+00   1.211454E+00         4
   7.316496E+00   7.316496E+00   1.314851E+01   1.225835E+01   1.225835E+01   0.000000E+00   5.483381E+00   4.633376E+00   9.981967E-01         4
   7.321695E+00   7.321695E+00   1.311622E+01   1.226268E+01   1.226268E+01   0.000000E+00   5.482349E+00   4.842179E+00   5.800745E-01         4
   7.326894E+00   7.326894E+00   1.307508E+01   1.226515E+01   1.226515E+01   0.000000E+00   5.480548E+00   4.855123E+00   5.532858E-01         4
   7.332092E+00   7.332092E+00   1.303391E+01   1.226763E+01   1.226763E+01   0.000000E+00   5.478773E+00   4.867992E+00   5.266603E-01         4
   7.337291E+00   7.337291E+00   1.299216E+01   1.227003E+01   1.227003E+01   0.000000E+00   5.477381E+00   4.879757E+00   5.024361E-01         4
   7.342490E+00   7.342490E+00   1.295042E+01   1.227243E+01   1.227243E+01   0.000000E+00   5.475990E+00   4.891521E+00   4.782120E-01         4
   7.347689E+00   7.347689E+00   1.290783E+01   1.227410E+01   1.227410E+01   0.000000E+00   5.475149E+00   4.902537E+00   4.557598E-01         4
   7.352888E+00   7.352888E+00   1.286517E+01   1.227571E+01   1.227571E+01   0.000000E+00   5.474356E+00   4.913487E+00   4.334625E-01         4
   7.358087E+00   7.358087E+00   1.282180E+01   1.227631E+01   1.227631E+01   0.000000E+00   5.473952E+00   4.924388E+00   4.114589E-01         4
   7.363286E+00   7.363286E+00   1.277798E+01   1.227630E+01   1.227630E+01   0.000000E+00   5.473790E+00   4.935258E+00   3.896379E-01         4
   7.368485E+00   7.368485E+00   1.273376E+01   1.227629E+01   1.227629E+01   1.441617E+00   5.473759E+00   4.946474E+00   3.671914E-01         4
   7.373684E+00   7.373684E+00   1.268861E+01   1.227628E+01   1.227628E+01   6.276337E+00   5.474036E+00   4.958502E+00   3.432728E-01         4
   7.378883E+00   7.378883E+00   1.264314E+01   1.227668E+01   1.227668E+01   1.013360E+01   5.474348E+00   4.971118E+00   3.181973E-01         4
   7.384082E+00   7.384082E+00   1.259644E+01   1.227864E+01   1.227864E+01   1.014650E+01   5.474799E+00   4.986043E+00   2.885714E-01         4
   7.389280E+00   7.389280E+00   1.254868E+01   1.227844E+01   1.227844E+01   1.015280E+01   5.475221E+00   5.003384E+00   2.541017E-01         4
   7.394479E+00   7.394479E+00   1.249921E+01   1.227670E+01   1.227670E+01   1.015305E+01   5.475560E+00   5.024298E+00   2.124459E-01         4
   7.399678E+00   7.399678E+00   1.244636E+01   1.227670E+01   1.227670E+01   1.015562E+01   5.475602E+00   5.050683E+00   1.597121E-01         4
   7.404877E+00   7.404877E+00   1.238726E+01   1.227784E+01   1.227784E+01   1.016031E+01   5.474959E+00   5.081063E+00   9.865118E-02         4
   7.410076E+00   7.410076E+00   1.231665E+01   1.225752E+01   1.225752E+01   1.016031E+01   5.473202E+00   5.100907E+00   5.812165E-02         4
   7.415275E+00   7.415275E+00   1.224039E+01   1.221897E+01   1.221897E+01   1.016031E+01   5.470974E+00   5.112244E+00   3.438562E-02         4
   7.420474E+00   3.817401E-01   1.234605E+01   0.000000E+00   1.234605E+01   0.000000E+00   5.492255E+00   5.151346E+00  -3.002550E-02         7
   7.440875E+00   4.021414E-01   1.212649E+01   5.656652E+00   1.212649E+01   5.656652E+00   5.495934E+00   5.175296E+00  -7.608498E-02         7
   7.446761E+00   0.000000E+00   1.079691E+01   1.079691E+01   1.199656E+01   9.776807E+00  -1.000000E+01   3.432937E+00  -4.339335E+00        14
   1.744676E+01   1.701833E+01   1.079691E+01   1.079691E+01   1.199656E+01   9.776807E+00  -1.000000E+01   3.432937E+00  -4.339335E+00        14
   2.744676E+01   4.403666E+01   1.079691E+01   1.079691E+01   1.199656E+01   9.776807E+00  -1.000000E+01   3.432937E+00  -4.339335E+00        14
   3.744676E+01   8.105500E+01   1.079691E+01   1.079691E+01   1.199656E+01   9.776807E+00  -1.000000E+01   3.432937E+00  -4.339335E+00        14
   4.744676E+01   1.280733E+02   1.079691E+01   1.079691E+01   1.199656E+01   9.776807E+00  -1.000000E+01   3.432937E+00  -4.339335E+00        14
   5.744676E+01   1.850917E+02   1.079691E+01   1.079691E+01   1.199656E+01   9.776807E+00  -1.000000E+01   3.432937E+00  -4.339335E+00        14
   6.744676E+01   2.521100E+02   1.079691E+01   1.079691E+01   1.199656E+01   9.776807E+00  -1.000000E+01   3.432937E+00  -4.339335E+00        14
   7.744676E+01   3.291283E+02   1.079691E+01   1.079691E+01   1.199656E+01   9.776807E+00  -1.000000E+01   3.432937E+00  -4.339335E+00        14
   8.744676E+01   4.161467E+02   1.079691E+01   1.079691E+01   1.199656E+01   9.776807E+00  -1.000000E+01   3.432937E+00  -4.339335E+00        14
   9.744676E+01   5.131650E+02   1.079691E+01   1.079691E+01   1.199656E+01   9.776807E+00  -1.000000E+01   3.432937E+00  -4.339335E+00        14
   1.074468E+02   6.201833E+02   1.079691E+01   1.079691E+01   1.199656E+01   9.776807E+00  -1.000000E+01   3.432937E+00  -4.339335E+00        14
   1.174468E+02   7.372017E+02   1.079691E+01   1.079691E+01   1.199656E+01   9.776807E+00  -1.000000E+01   3.432937E+00  -4.339335E+00        14
   1.274468E+02   8.642200E+02   1.079691E+01   1.079691E+01   1.199656E+01   9.776807E+00  -1.000000E+01   3.432937E+00  -4.339335E+00        14
   1.374468E+02   1.001238E+03   1.079691E+01   1.079691E+01   1.199656E+01   9.776807E+00  -1.000000E+01   3.432937E+00  -4.339335E+00        14
   1.474468E+02   1.148257E+03   1.079691E+01   1.079691E+01   1.199656E+01   9.776807E+00  -1.000000E+01   3.432937E+00  -4.339335E+00        14
   1.574468E+02   1.305275E+03   1.079691E+01   1.079691E+01   1.199656E+01   9.776807E+00  -1.000000E+01   3.432937E+00  -4.339335E+00        14
   1.674468E+02   1.472293E+03   1.079691E+01   1.079691E+01   1.199656E+01   9.776807E+00  -1.000000E+01   3.432937E+00  -4.339335E+00        14
   1.774468E+02   1.649312E+03   1.079691E+01   1.079691E+01   1.199656E+01   9.776807E+00  -1.000000E+01   3.432937E+00  -4.339335E+00        14
   1.874468E+02   1.836330E+03   1.079691E+01   1.079691E+01   1.199656E+01   9.776807E+00  -1.000000E+01   3.432937E+00  -4.339335E+00        14
   1.974468E+02   2.033348E+03   1.079691E+01   1.079691E+01   1.199656E+01   9.776807E+00  -1.000000E+01   3.432937E+00  -4.339335E+00        14
   2.074468E+02   2.240367E+03   1.079691E+01   1.079691E+01   1.199656E+01   9.776807E+00  -1.000000E+01   3.432937E+00  -4.339335E+00        14
   2.174468E+02   2.457385E+03   1.079691E+01   1.079691E+01   1.199656E+01   9.776807E+00  -1.000000E+01   3.432937E+00  -4.339335E+00        14
   2.274468E+02   2.684403E+03   1.079691E+01   1.079691E+01   1.199656E+01   9.776807E+00  -1.000000E+01   3.432937E+00  -4.339335E+00        14
   2.374468E+02   2.921422E+03   1.079691E+01   1.079691E+01   1.199656E+01   9.776807E+00  -1.000000E+01   3.432937E+00  -4.339335E+00        14
   2.474468E+02   3.168440E+03   1.079691E+01   1.079691E+01   1.199656E+01   9.776807E+00  -1.000000E+01   3.432937E+00  -4.339335E+00        14
   2.574468E+02   3.425458E+03   1.079691E+01   1.079691E+01   1.199656E+01   9.776807E+00  -1.000000E+01   3.432937E+00  -4.339335E+00        14
   2.674468E+02   3.692477E+03   1.079691E+01   1.079691E+01   1.199656E+01   9.776807E+00  -1.000000E+01   3.432937E+00  -4.339335E+00        14
   2.774468E+02   3.969495E+03   1.079691E+01   1.079691E+01   1.199656E+01   9.776807E+00  -1.000000E+01   3.432937E+00  -4.339335E+00        14
   2.874468E+02   4.256513E+03   1.079691E+01   1.079691E+01   1.199656E+01   9.776807E+00  -1.000000E+01   3.432937E+00  -4.339335E+00        14
   2.974468E+02   4.553532E+03   1.079691E+01   1.079691E+01   1.199656E+01   9.776807E+00  -1.000000E+01   3.432937E+00  -4.339335E+00        14
   3.074468E+02   4.860550E+03   1.079691E+01   1.079691E+01   1.199656E+01   9.776807E+00  -1.000000E+01   3.432937E+00  -4.339335E+00        14
   3.174468E+02   5.177568E+03   1.079691E+01   1.079691E+01   1.199656E+01   9.776807E+00  -1.000000E+01   3.432937E+00  -4.339335E+00        14
   3.274468E+02   5.504587E+03   1.079691E+01   1.079691E+01   1.199656E+01   9.776807E+00  -1.000000E+01   3.432937E+00  -4.339335E+00        14
   3.374468E+02   5.841605E+03   1.079691E+01   1.079691E+01   1.199656E+01   9.776807E+00  -1.000000E+01   3.432937E+00  -4.339335E+00        14
   3.474468E+02   6.188623E+03   1.079691E+01   1.079691E+01   1.199656E+01   9.776807E+00  -1.000000E+01   3.432937E+00  -4.339335E+00        14
   3.574468E+02   6.545642E+03   1.079691E+01   1.079691E+01   1.199656E+01   9.776807E+00  -1.000000E+01   3.432937E+00  -4.339335E+00        14
   3.674468E+02   6.912660E+03   1.079691E+01   1.079691E+01   1.199656E+01   9.776807E+00  -1.000000E+01   3.432937E+00  -4.339335E+00        14
   3.774468E+02   7.289678E+03   1.079691E+01   1.079691E+01   1.199656E+01   9.776807E+00  -1.000000E+01   3.432937E+00  -4.339335E+00        14
   3.874468E+02   7.676697E+03   1.079691E+01   1.079691E+01   1.199656E+01   9.776807E+00  -1.000000E+01   3.432937E+00  -4.339335E+00        14
   3.974468E+02   8.073715E+03   1.079691E+01   1.079691E+01   1.199656E+01   9.776807E+00  -1.000000E+01   3.432937E+00  -4.339335E+00        14
   4.074468E+02   8.480733E+03   1.079691E+01   1.079691E+01   1.199656E+01   9.776807E+00  -1.000000E+01   3.432937E+00  -4.339335E+00        14
   4.174468E+02   8.897752E+03   1.079691E+01   1.079691E+01   1.199656E+01   9.776807E+00  -1.000000E+01   3.432937E+00  -4.339335E+00        14
   4.274468E+02   9.324770E+03   1.079691E+01   1.079691E+01   1.199656E+01   9.776807E+00  -1.000000E+01   3.432937E+00  -4.339335E+00        14
   4.374468E+02   9.761788E+03   1.079691E+01   1.079691E+01   1.199656E+01   9.776807E+00  -1.000000E+01   3.432937E+00  -4.339335E+00        14
   4.474468E+02   1.020881E+04   1.079691E+01   1.079691E+01   1.199656E+01   9.776807E+00  -1.000000E+01   3.432937E+00  -4.339335E+00        14
   4.574468E+02   1.066582E+04   1.079691E+01   1.079691E+01   1.199656E+01   9.776807E+00  -1.000000E+01   3.432937E+00  -4.339335E+00        14
   4.674468E+02   1.113284E+04   1.079691E+01   1.079691E+01   1.199656E+01   9.776807E+00  -1.000000E+01   3.432937E+00  -4.339335E+00        14
   4.774468E+02   1.160986E+04   1.079691E+01   1.079691E+01   1.199656E+01   9.776807E+00  -1.000000E+01   3.432937E+00  -4.339335E+00        14
   4.874468E+02   1.209688E+04   1.079691E+01   1.079691E+01   1.199656E+01   9.776807E+00  -1.000000E+01   3.432937E+00  -4.339335E+00        14
   4.974468E+02   1.259390E+04   1.079691E+01   1.079691E+01   1.199656E+01   9.776807E+00  -1.000000E+01   3.432937E+00  -4.339335E+00        14
   5.074468E+02   1.310092E+04   1.079691E+01   1.079691E+01   1.199656E+01   9.776807E+00  -1.000000E+01   3.432937E+00  -4.339335E+00        14
   5.174468E+02   1.361793E+04   1.079691E+01   1.079691E+01   1.199656E+01   9.776807E+00  -1.000000E+01   3.432937E+00  -4.339335E+00        14
   5.274468E+02   1.414495E+04   1.079691E+01   1.079691E+01   1.199656E+01   9.776807E+00  -1.000000E+01   3.432937E+00  -4.339335E+00        14
   5.374468E+02   1.468197E+04   1.079691E+01   1.079691E+01   1.199656E+01   9.776807E+00  -1.000000E+01   3.432937E+00  -4.339335E+00        14
   5.474468E+02   1.522899E+04   1.079691E+01   1.079691E+01   1.199656E+01   9.776807E+00  -1.000000E+01   3.432937E+00  -4.339335E+00        14
   5.574468E+02   1.578601E+04   1.079691E+01   1.079691E+01   1.199656E+01   9.776807E+00  -1.000000E+01   3.432937E+00  -4.339335E+00        14
   5.674468E+02   1.635303E+04   1.079691E+01   1.079691E+01   1.199656E+01   9.776807E+00  -1.000000E+01   3.432937E+00  -4.339335E+00        14
   5.774468E+02   1.693004E+04   1.079691E+01   1.079691E+01   1.199656E+01   9.776807E+00  -1.000000E+01   3.432937E+00  -4.339335E+00        14
   5.874468E+02   1.751706E+04   1.079691E+01   1.079691E+01   1.199656E+01   9.776807E+00  -1.000000E+01   3.432937E+00  -4.339335E+00        14
   5.974468E+02   1.811408E+04   1.079691E+01   1.079691E+01   1.199656E+01   9.776807E+00  -1.000000E+01   3.432937E+00  -4.339335E+00        14
   6.074468E+02   1.872110E+04   1.079691E+01   1.079691E+01   1.199656E+01   9.776807E+00  -1.000000E+01   3.432937E+00  -4.339335E+00        14
   6.174468E+02   1.933812E+04   1.079691E+01   1.079691E+01   1.199656E+01   9.776807E+00  -1.000000E+01   3.432937E+00  -4.339335E+00        14
   6.274468E+02   1.996514E+04   1.079691E+01   1.079691E+01   1.199656E+01   9.776807E+00  -1.000000E+01   3.432937E+00  -4.339335E+00        14
   6.374468E+02   2.060215E+04   1.079691E+01   1.079691E+01   1.199656E+01   9.776807E+00  -1.000000E+01   3.432937E+00  -4.339335E+00        14
   6.474468E+02   2.124917E+04   1.079691E+01   1.079691E+01   1.199656E+01   9.776807E+00  -1.000000E+01   3.432937E+00  -4.339335E+00        14
   6.574468E+02   2.190619E+04   1.079691E+01   1.079691E+01   1.199656E+01   9.776807E+00  -1.000000E+01   3.432937E+00  -4.339335E+00        14
   6.674468E+02   2.257321E+04   1.079691E+01   1.079691E+01   1.199656E+01   9.776807E+00  -1.000000E+01   3.432937E+00  -4.339335E+00        14
   6.774468E+02   2.325023E+04   1.079691E+01   1.079691E+01   1.199656E+01   9.776807E+00  -1.000000E+01   3.432937E+00  -4.339335E+00        14
   6.874468E+02   2.393725E+04   1.079691E+01   1.079691E+01   1.199656E+01   9.776807E+00  -1.000000E+01   3.432937E+00  -4.339335E+00        14
   6.974468E+02   2.463426E+04   1.079691E+01   1.079691E+01   1.199656E+01   9.776807E+00  -1.000000E+01   3.432937E+00  -4.339335E+00        14
   7.074468E+02   2.534128E+04   1.079691E+01   1.079691E+01   1.199656E+01   9.776807E+00  -1.000000E+01   3.432937E+00  -4.339335E+00        14
   7.174468E+02   2.605830E+04   1.079691E+01   1.079691E+01   1.199656E+01   9.776807E+00  -1.000000E+01   3.432937E+00  -4.339335E+00        14
   7.274468E+02   2.678532E+04   1.079691E+01   1.079691E+01   1.199656E+01   9.776807E+00  -1.000000E+01   3.432937E+00  -4.339335E+00        14
   7.374468E+02   2.752234E+04   1.079691E+01   1.079691E+01   1.199656E+01   9.776807E+00  -1.000000E+01   3.432937E+00  -4.339335E+00        14
   7.474468E+02   2.826936E+04   1.079691E+01   1.079691E+01   1.199656E+01   9.776807E+00  -1.000000E+01   3.432937E+00  -4.339335E+00        14
   7.574468E+02   2.902637E+04   1.079691E+01   1.079691E+01   1.199656E+01   9.776807E+00  -1.000000E+01   3.432937E+00  -4.339335E+00        14
   7.674468E+02   2.979339E+04   1.079691E+01   1.079691E+01   1.199656E+01   9.776807E+00  -1.000000E+01   3.432937E+00  -4.339335E+00        14
   7.774468E+02   3.057041E+04   1.079691E+01   1.079691E+01   1.199656E+01   9.776807E+00  -1.000000E+01   3.432937E+00  -4.339335E+00        14
   7.874468E+02   3.135743E+04   1.079691E+01   1.079691E+01   1.199656E+01   9.776807E+00  -1.000000E+01   3.432937E+00  -4.339335E+00        14
   7.974468E+02   3.215445E+04   1.079691E+01   1.079691E+01   1.199656E+01   9.776807E+00  -1.000000E+01   3.432937E+00  -4.339335E+00        14
   8.074468E+02   3.296147E+04   1.079691E+01   1.079691E+01   1.199656E+01   9.776807E+00  -1.000000E+01   3.432937E+00  -4.339335E+00        14
   8.174468E+02   3.377848E+04   1.079691E+01   1.079691E+01   1.199656E+01   9.776807E+00  -1.000000E+01   3.432937E+00  -4.339335E+00        14
   8.274468E+02   3.460550E+04   1.079691E+01   1.079691E+01   1.199656E+01   9.776807E+00  -1.000000E+01   3.432937E+00  -4.339335E+00        14
   8.374468E+02   3.544252E+04   1.079691E+01   1.079691E+01   1.199656E+01   9.776807E+00  -1.000000E+01   3.432937E+00  -4.339335E+00        14
   8.474468E+02   3.628954E+04   1.079691E+01   1.079691E+01   1.199656E+01   9.776807E+00  -1.000000E+01   3.432937E+00  -4.339335E+00        14
   8.574468E+02   3.714656E+04   1.079691E+01   1.079691E+01   1.199656E+01   9.776807E+00  -1.000000E+01   3.432937E+00  -4.339335E+00        14
   8.674468E+02   3.801358E+04   1.079691E+01   1.079691E+01   1.199656E+01   9.776807E+00  -1.000000E+01   3.432937E+00  -4.339335E+00        14
   8.774468E+02   3.889059E+04   1.079691E+01   1.079691E+01   1.199656E+01   9.776807E+00  -1.000000E+01   3.432937E+00  -4.339335E+00        14
   8.874468E+02   3.977761E+04   1.079691E+01   1.079691E+01   1.199656E+01   9.776807E+00  -1.000000E+01   3.432937E+00  -4.339335E+00        14
   8.974468E+02   4.067463E+04   1.079691E+01   1.079691E+01   1.199656E+01   9.776807E+00  -1.000000E+01   3.432937E+00  -4.339335E+00        14
   9.074468E+02   4.158165E+04   1.079691E+01   1.079691E+01   1.199656E+01   9.776807E+00  -1.000000E+01   3.432937E+00  -4.339335E+00        14
   9.174468E+02   4.249867E+04   1.079691E+01   1.079691E+01   1.199656E+01   9.776807E+00  -1.000000E+01   3.432937E+00  -4.339335E+00        14
   9.274468E+02   4.342569E+04   1.079691E+01   1.079691E+01   1.199656E+01   9.776807E+00  -1.000000E+01   3.432937E+00  -4.339335E+00        14
   9.374468E+02   4.436270E+04   1.079691E+01   1.079691E+01   1.199656E+01   9.776807E+00  -1.000000E+01   3.432937E+00  -4.339335E+00        14
   9.474468E+02   4.530972E+04   1.079691E+01   1.079691E+01   1.199656E+01   9.776807E+00  -1.000000E+01   3.432937E+00  -4.339335E+00        14
   9.574468E+02   4.626674E+04   1.079691E+01   1.079691E+01   1.199656E+01   9.776807E+00  -1.000000E+01   3.432937E+00  -4.339335E+00        14
   9.674468E+02   4.723376E+04   1.079691E+01   1.079691E+01   1.199656E+01   9.776807E+00  -1.000000E+01   3.432937E+00  -4.339335E+00        14
   9.774468E+02   4.821078E+04   1.079691E+01   1.079691E+01   1.199656E+01   9.776807E+00  -1.000000E+01   3.432937E+00  -4.339335E+00        14
   9.874468E+02   4.919780E+04   1.079691E+01   1.079691E+01   1.199656E+01   9.776807E+00  -1.000000E+01   3.432937E+00  -4.339335E+00        14
   9.974468E+02   5.019481E+04   1.079691E+01   1.079691E+01   1.199656E+01   9.776807E+00  -1.000000E+01   3.432937E+00  -4.339335E+00        14
   1.007447E+03   5.120183E+04   1.079691E+01   1.079691E+01   1.199656E+01   9.776807E+00  -1.000000E+01   3.432937E+00  -4.339335E+00        14
   1.017447E+03   5.221885E+04   1.079691E+01   1.079691E+01   1.199656E+01   9.776807E+00  -1.000000E+01   3.432937E+00  -4.339335E+00        14
   1.027447E+03   5.324587E+04   1.079691E+01   1.079691E+01   1.199656E+01   9.776807E+00  -1.000000E+01   3.432937E+00  -4.339335E+00        14
   1.037447E+03   5.428289E+04   1.079691E+01   1.079691E+01   1.199656E+01   9.776807E+00  -1.000000E+01   3.432937E+00  -4.339335E+00        14
   1.047447E+03   5.532991E+04   1.079691E+01   1.079691E+01   1.199656E+01   9.776807E+00  -1.000000E+01   3.432937E+00  -4.339335E+00        14
   1.057447E+03   5.638692E+04   1.079691E+01   1.079691E+01   1.199656E+01   9.776807E+00  -1.000000E+01   3.432937E+00  -4.339335E+00        14
   1.067447E+03   5.745394E+04   1.079691E+01   1.079691E+01   1.199656E+01   9.776807E+00  -1.000000E+01   3.432937E+00  -4.339335E+00        14
   1.077447E+03   5.853096E+04   1.079691E+01   1.079691E+01   1.199656E+01   9.776807E+00  -1.000000E+01   3.432937E+00  -4.339335E+00        14
   1.087447E+03   5.961798E+04   1.079691E+01   1.079691E+01   1.199656E+01   9.776807E+00  -1.000000E+01   3.432937E+00  -4.339335E+00        14
   1.097447E+03   6.071500E+04   1.079691E+01   1.079691E+01   1.199656E+01   9.776807E+00  -1.000000E+01   3.432937E+00  -4.339335E+00        14
   1.107447E+03   6.182202E+04   1.079691E+01   1.079691E+01   1.199656E+01   9.776807E+00  -1.000000E+01   3.432937E+00  -4.339335E+00        14
   1.117447E+03   6.293903E+04   1.079691E+01   1.079691E+01   1.199656E+01   9.776807E+00  -1.000000E+01   3.432937E+00  -4.339335E+00        14
   1.127447E+03   6.406605E+04   1.079691E+01   1.079691E+01   1.199656E+01   9.776807E+00  -1.000000E+01   3.432937E+00  -4.339335E+00        14
   1.137447E+03   6.520307E+04   1.079691E+01   1.079691E+01   1.199656E+01   9.776807E+00  -1.000000E+01   3.432937E+00  -4.339335E+00        14
   1.147447E+03   6.635009E+04   1.079691E+01   1.079691E+01   1.199656E+01   9.776807E+00  -1.000000E+01   3.432937E+00  -4.339335E+00        14
   1.157447E+03   6.750711E+04   1.079691E+01   1.079691E+01   1.199656E+01   9.776807E+00  -1.000000E+01   3.432937E+00  -4.339335E+00        14
   1.167447E+03   6.867413E+04   1.079691E+01   1.079691E+01   1.199656E+01   9.776807E+00  -1.000000E+01   3.432937E+00  -4.339335E+00        14
   1.177447E+03   6.985114E+04   1.079691E+01   1.079691E+01   1.199656E+01   9.776807E+00  -1.000000E+01   3.432937E+00  -4.339335E+00        14
   1.187447E+03   7.103816E+04   1.079691E+01   1.079691E+01   1.199656E+01   9.776807E+00  -1.000000E+01   3.432937E+00  -4.339335E+00        14
   1.197447E+03   7.223518E+04   1.079691E+01   1.079691E+01   1.199656E+01   9.776807E+00  -1.000000E+01   3.432937E+00  -4.339335E+00        14
   1.207447E+03   7.344220E+04   1.079691E+01   1.079691E+01   1.199656E+01   9.776807E+00  -1.000000E+01   3.432937E+00  -4.339335E+00        14
   1.217447E+03   7.465922E+04   1.079691E+01   1.079691E+01   1.199656E+01   9.776807E+00  -1.000000E+01   3.432937E+00  -4.339335E+00        14
   1.227447E+03   7.588624E+04   1.079691E+01   1.079691E+01   1.199656E+01   9.776807E+00  -1.000000E+01   3.432937E+00  -4.339335E+00        14
   1.237447E+03   7.712325E+04   1.079691E+01   1.079691E+01   1.199656E+01   9.776807E+00  -1.000000E+01   3.432937E+00  -4.339335E+00        14
   1.247447E+03   7.837027E+04   1.079691E+01   1.079691E+01   1.199656E+01   9.776807E+00  -1.000000E+01   3.432937E+00  -4.339335E+00        14
   1.257447E+03   7.962729E+04   1.079691E+01   1.079691E+01   1.199656E+01   9.776807E+00  -1.000000E+01   3.432937E+00  -4.339335E+00        14
   1.267447E+03   8.089431E+04   1.079691E+01   1.079691E+01   1.199656E+01   9.776807E+00  -1.000000E+01   3.432937E+00  -4.339335E+00        14
   1.277447E+03   8.217133E+04   1.079691E+01   1.079691E+01   1.199656E+01   9.776807E+00  -1.000000E+01   3.432937E+00  -4.339335E+00        14
   1.287447E+03   8.345835E+04   1.079691E+01   1.079691E+01   1.199656E+01   9.776807E+00  -1.000000E+01   3.432937E+00  -4.339335E+00        14
   1.297447E+03   8.475536E+04   1.079691E+01   1.079691E+01   1.199656E+01   9.776807E+00  -1.000000E+01   3.432937E+00  -4.339335E+00        14
   1.307447E+03   8.606238E+04   1.079691E+01   1.079691E+01   1.199656E+01   9.776807E+00  -1.000000E+01   3.432937E+00  -4.339335E+00        14
   1.317447E+03   8.737940E+04   1.079691E+01   1.079691E+01   1.199656E+01   9.776807E+00  -1.000000E+01   3.432937E+00  -4.339335E+00        14
   1.327447E+03   8.870642E+04   1.079691E+01   1.079691E+01   1.199656E+01   9.776807E+00  -1.000000E+01   3.432937E+00  -4.339335E+00        14
   1.337447E+03   9.004344E+04   1.079691E+01   1.079691E+01   1.199656E+01   9.776807E+00  -1.000000E+01   3.432937E+00  -4.339335E+00        14
   1.347447E+03   9.139046E+04   1.079691E+01   1.079691E+01   1.199656E+01   9.776807E+00  -1.000000E+01   3.432937E+00  -4.339335E+00        14
   1.357447E+03   9.274747E+04   1.079691E+01   1.079691E+01   1.199656E+01   9.776807E+00  -1.000000E+01   3.432937E+00  -4.339335E+00        14
   1.367447E+03   9.411449E+04   1.079691E+01   1.079691E+01   1.199656E+01   9.776807E+00  -1.000000E+01   3.432937E+00  -4.339335E+00        14
   1.377447E+03   9.549151E+04   1.079691E+01   1.079691E+01   1.199656E+01   9.776807E+00  -1.000000E+01   3.432937E+00  -4.339335E+00        14
   1.387447E+03   9.687853E+04   1.079691E+01   1.079691E+01   1.199656E+01   9.776807E+00  -1.000000E+01   3.432937E+00  -4.339335E+00        14
   1.397447E+03   9.827555E+04   1.079691E+01   1.079691E+01   1.199656E+01   9.776807E+00  -1.000000E+01   3.432937E+00  -4.339335E+00        14
   1.407447E+03   9.968257E+04   1.079691E+01   1.079691E+01   1.199656E+01   9.776807E+00  -1.000000E+01   3.432937E+00  -4.339335E+00        14
   1.417447E+03   1.010996E+05   1.079691E+01   1.079691E+01   1.199656E+01   9.776807E+00  -1.000000E+01   3.432937E+00  -4.339335E+00        14
   1.427447E+03   1.025266E+05   1.079691E+01   1.079691E+01   1.199656E+01   9.776807E+00  -1.000000E+01   3.432937E+00  -4.339335E+00        14
   1.437447E+03   1.039636E+05   1.079691E+01   1.079691E+01   1.199656E+01   9.776807E+00  -1.000000E+01   3.432937E+00  -4.339335E+00        14
   1.447447E+03   1.054106E+05   1.079691E+01   1.079691E+01   1.199656E+01   9.776807E+00  -1.000000E+01   3.432937E+00  -4.339335E+00        14
   1.457447E+03   1.068677E+05   1.079691E+01   1.079691E+01   1.199656E+01   9.776807E+00  -1.000000E+01   3.432937E+00  -4.339335E+00        14
   1.467447E+03   1.083347E+05   1.079691E+01   1.079691E+01   1.199656E+01   9.776807E+00  -1.000000E+01   3.432937E+00  -4.339335E+00        14
   1.477447E+03   1.098117E+05   1.079691E+01   1.079691E+01   1.199656E+01   9.776807E+00  -1.000000E+01   3.432937E+00  -4.339335E+00        14
   1.487447E+03   1.112987E+05   1.079691E+01   1.079691E+01   1.199656E+01   9.776807E+00  -1.000000E+01   3.432937E+00  -4.339335E+00        14
   1.497447E+03   1.127957E+05   1.079691E+01   1.079691E+01   1.199656E+01   9.776807E+00  -1.000000E+01   3.432937E+00  -4.339335E+00        14
   1.507447E+03   1.143027E+05   1.079691E+01   1.079691E+01   1.199656E+01   9.776807E+00  -1.000000E+01   3.432937E+00  -4.339335E+00        14
   1.517447E+03   1.158198E+05   1.079691E+01   1.079691E+01   1.199656E+01   9.776807E+00  -1.000000E+01   3.432937E+00  -4.339335E+00        14
   1.527447E+03   1.173468E+05   1.079691E+01   1.079691E+01   1.199656E+01   9.776807E+00  -1.000000E+01   3.432937E+00  -4.339335E+00        14
   1.537447E+03   1.188838E+05   1.079691E+01   1.079691E+01   1.199656E+01   9.776807E+00  -1.000000E+01   3.432937E+00  -4.339335E+00        14
   1.547447E+03   1.204308E+05   1.079691E+01   1.079691E+01   1.199656E+01   9.776807E+00  -1.000000E+01   3.432937E+00  -4.339335E+00        14
   1.557447E+03   1.219878E+05   1.079691E+01   1.079691E+01   1.199656E+01   9.776807E+00  -1.000000E+01   3.432937E+00  -4.339335E+00        14
   1.567447E+03   1.235549E+05   1.079691E+01   1.079691E+01   1.199656E+01   9.776807E+00  -1.000000E+01   3.432937E+00  -4.339335E+00        14
   1.577447E+03   1.251319E+05   1.079691E+01   1.079691E+01   1.199656E+01   9.776807E+00  -1.000000E+01   3.432937E+00  -4.339335E+00        14
   1.587447E+03   1.267189E+05   1.079691E+01   1.079691E+01   1.199656E+01   9.776807E+00  -1.000000E+01   3.432937E+00  -4.339335E+00        14
   1.597447E+03   1.283159E+05   1.079691E+01   1.079691E+01   1.199656E+01   9.776807E+00  -1.000000E+01   3.432937E+00  -4.339335E+00        14
   1.607447E+03   1.299229E+05   1.079691E+01   1.079691E+01   1.199656E+01   9.776807E+00  -1.000000E+01   3.432937E+00  -4.339335E+00        14
   1.617447E+03   1.315400E+05   1.079691E+01   1.079691E+01   1.199656E+01   9.776807E+00  -1.000000E+01   3.432937E+00  -4.339335E+00        14
   1.627447E+03   1.331670E+05   1.079691E+01   1.079691E+01   1.199656E+01   9.776807E+00  -1.000000E+01   3.432937E+00  -4.339335E+00        14
   1.637447E+03   1.348040E+05   1.079691E+01   1.079691E+01   1.199656E+01   9.776807E+00  -1.000000E+01   3.432937E+00  -4.339335E+00        14
   1.647447E+03   1.364510E+05   1.079691E+01   1.079691E+01   1.199656E+01   9.776807E+00  -1.000000E+01   3.432937E+00  -4.339335E+00        14
   1.657447E+03   1.381080E+05   1.079691E+01   1.079691E+01   1.199656E+01   9.776807E+00  -1.000000E+01   3.432937E+00  -4.339335E+00        14
   1.667447E+03   1.397750E+05   1.079691E+01   1.079691E+01   1.199656E+01   9.776807E+00  -1.000000E+01   3.432937E+00  -4.339335E+00        14
   1.677447E+03   1.414521E+05   1.079691E+01   1.079691E+01   1.199656E+01   9.776807E+00  -1.000000E+01   3.432937E+00  -4.339335E+00        14
   1.687447E+03   1.431391E+05   1.079691E+01   1.079691E+01   1.199656E+01   9.776807E+00  -1.000000E+01   3.432937E+00  -4.339335E+00        14
   1.697447E+03   1.448361E+05   1.079691E+01   1.079691E+01   1.199656E+01   9.776807E+00  -1.000000E+01   3.432937E+00  -4.339335E+00        14
   1.707447E+03   1.465431E+05   1.079691E+01   1.079691E+01   1.199656E+01   9.776807E+00  -1.000000E+01   3.432937E+00  -4.339335E+00        14
   1.717447E+03   1.482601E+05   1.079691E+01   1.079691E+01   1.199656E+01   9.776807E+00  -1.000000E+01   3.432937E+00  -4.339335E+00        14
   1.727447E+03   1.499872E+05   1.079691E+01   1.079691E+01   1.199656E+01   9.776807E+00  -1.000000E+01   3.432937E+00  -4.339335E+00        14
   1.737447E+03   1.517242E+05   1.079691E+01   1.079691E+01   1.199656E+01   9.776807E+00  -1.000000E+01   3.432937E+00  -4.339335E+00        14
   1.747447E+03   1.534712E+05   1.079691E+01   1.079691E+01   1.199656E+01   9.776807E+00  -1.000000E+01   3.432937E+00  -4.339335E+00        14
   1.757447E+03   1.552282E+05   1.079691E+01   1.079691E+01   1.199656E+01   9.776807E+00  -1.000000E+01   3.432937E+00  -4.339335E+00        14
   1.767447E+03   1.569952E+05   1.079691E+01   1.079691E+01   1.199656E+01   9.776807E+00  -1.000000E+01   3.432937E+00  -4.339335E+00        14
   1.777447E+03   1.587722E+05   1.079691E+01   1.079691E+01   1.199656E+01   9.776807E+00  -1.000000E+01   3.432937E+00  -4.339335E+00        14
   1.787447E+03   1.605593E+05   1.079691E+01   1.079691E+01   1.199656E+01   9.776807E+00  -1.000000E+01   3.432937E+00  -4.339335E+00        14
   1.797447E+03   1.623563E+05   1.079691E+01   1.079691E+01   1.199656E+01   9.776807E+00  -1.000000E+01   3.432937E+00  -4.339335E+00        14
   1.807447E+03   1.641633E+05   1.079691E+01   1.079691E+01   1.199656E+01   9.776807E+00  -1.000000E+01   3.432937E+00  -4.339335E+00        14
   1.817447E+03   1.659803E+05   1.079691E+01   1.079691E+01   1.199656E+01   9.776807E+00  -1.000000E+01   3.432937E+00  -4.339335E+00        14
   1.827447E+03   1.678073E+05   1.079691E+01   1.079691E+01   1.199656E+01   9.776807E+00  -1.000000E+01   3.432937E+00  -4.339335E+00        14
   1.837447E+03   1.696444E+05   1.079691E+01   1.079691E+01   1.199656E+01   9.776807E+00  -1.000000E+01   3.432937E+00  -4.339335E+00        14
   1.847447E+03   1.714914E+05   1.079691E+01   1.079691E+01   1.199656E+01   9.776807E+00  -1.000000E+01   3.432937E+00  -4.339335E+00        14
   1.857447E+03   1.733484E+05   1.079691E+01   1.079691E+01   1.199656E+01   9.776807E+00  -1.000000E+01   3.432937E+00  -4.339335E+00        14
   1.867447E+03   1.752154E+05   1.079691E+01   1.079691E+01   1.199656E+01   9.776807E+00  -1.000000E+01   3.432937E+00  -4.339335E+00        14
   1.877447E+03   1.770924E+05   1.079691E+01   1.079691E+01   1.199656E+01   9.776807E+00  -1.000000E+01   3.432937E+00  -4.339335E+00        14
   1.887447E+03   1.789794E+05   1.079691E+01   1.079691E+01   1.199656E+01   9.776807E+00  -1.000000E+01   3.432937E+00  -4.339335E+00        14
   1.897447E+03   1.808765E+05   1.079691E+01   1.079691E+01   1.199656E+01   9.776807E+00  -1.000000E+01   3.432937E+00  -4.339335E+00        14
   1.907447E+03   1.827835E+05   1.079691E+01   1.079691E+01   1.199656E+01   9.776807E+00  -1.000000E+01   3.432937E+00  -4.339335E+00        14
   1.917447E+03   1.847005E+05   1.079691E+01   1.079691E+01   1.199656E+01   9.776807E+00  -1.000000E+01   3.432937E+00  -4.339335E+00        14
   1.927447E+03   1.866275E+05   1.079691E+01   1.079691E+01   1.199656E+01   9.776807E+00  -1.000000E+01   3.432937E+00  -4.339335E+00        14
   1.937447E+03   1.885645E+05   1.079691E+01   1.079691E+01   1.199656E+01   9.776807E+00  -1.000000E+01   3.432937E+00  -4.339335E+00        14
   1.947447E+03   1.905116E+05   1.079691E+01   1.079691E+01   1.199656E+01   9.776807E+00  -1.000000E+01   3.432937E+00  -4.339335E+00        14
   1.957447E+03   1.924686E+05   1.079691E+01   1.079691E+01   1.199656E+01   9.776807E+00  -1.000000E+01   3.432937E+00  -4.339335E+00        14
   1.967447E+03   1.944356E+05   1.079691E+01   1.079691E+01   1.199656E+01   9.776807E+00  -1.000000E+01   3.432937E+00  -4.339335E+00        14
   1.977447E+03   1.964126E+05   1.079691E+01   1.079691E+01   1.199656E+01   9.776807E+00  -1.000000E+01   3.432937E+00  -4.339335E+00        14
   1.987447E+03   1.983996E+05   1.079691E+01   1.079691E+01   1.199656E+01   9.776807E+00  -1.000000E+01   3.432937E+00  -4.339335E+00        14
   1.997447E+03   2.003966E+05   1.079691E+01   1.079691E+01   1.199656E+01   9.776807E+00  -1.000000E+01   3.432937E+00  -4.339335E+00        14
   2.007447E+03   2.024037E+05   1.079691E+01   1.079691E+01   1.199656E+01   9.776807E+00  -1.000000E+01   3.432937E+00  -4.339335E+00        14
   2.017447E+03   2.044207E+05   1.079691E+01   1.079691E+01   1.199656E+01   9.776807E+00  -1.000000E+01   3.432937E+00  -4.339335E+00        14
   2.027447E+03   2.064477E+05   1.079691E+01   1.079691E+01   1.199656E+01   9.776807E+00  -1.000000E+01   3.432937E+00  -4.339335E+00        14
   2.037447E+03   2.084847E+05   1.079691E+01   1.079691E+01   1.199656E+01   9.776807E+00  -1.000000E+01   3.432937E+00  -4.339335E+00        14
   2.047447E+03   2.105317E+05   1.079691E+01   1.079691E+01   1.199656E+01   9.776807E+00  -1.000000E+01   3.432937E+00  -4.339335E+00        14
   2.057447E+03   2.125888E+05   1.079691E+01   1.079691E+01   1.199656E+01   9.776807E+00  -1.000000E+01   3.432937E+00  -4.339335E+00        14
   2.067447E+03   2.146558E+05   1.079691E+01   1.079691E+01   1.199656E+01   9.776807E+00  -1.000000E+01   3.432937E+00  -4.339335E+00        14
   2.077447E+03   2.167328E+05   1.079691E+01   1.079691E+01   1.199656E+01   9.776807E+00  -1.000000E+01   3.432937E+00  -4.339335E+00        14
   2.087447E+03   2.188198E+05   1.079691E+01   1.079691E+01   1.199656E+01   9.776807E+00  -1.000000E+01   3.432937E+00  -4.339335E+00        14
   2.097447E+03   2.209168E+05   1.079691E+01   1.079691E+01   1.199656E+01   9.776807E+00  -1.000000E+01   3.432937E+00  -4.339335E+00        14
   2.107447E+03   2.230238E+05   1.079691E+01   1.079691E+01   1.199656E+01   9.776807E+00  -1.000000E+01   3.432937E+00  -4.339335E+00        14
   2.117447E+03   2.251409E+05   1.079691E+01   1.079691E+01   1.199656E+01   9.776807E+00  -1.000000E+01   3.432937E+00  -4.339335E+00        14
   2.127447E+03   2.272679E+05   1.079691E+01   1.079691E+01   1.199656E+01   9.776807E+00  -1.000000E+01   3.432937E+00  -4.339335E+00        14
   2.137447E+03   2.294049E+05   1.079691E+01   1.079691E+01   1.199656E+01   9.776807E+00  -1.000000E+01   3.432937E+00  -4.339335E+00        14
   2.147447E+03   2.315519E+05   1.079691E+01   1.079691E+01   1.199656E+01   9.776807E+00  -1.000000E+01   3.432937E+00  -4.339335E+00        14
   2.157447E+03   2.337089E+05   1.079691E+01   1.079691E+01   1.199656E+01   9.776807E+00  -1.000000E+01   3.432937E+00  -4.339335E+00        14
   2.167447E+03   2.358760E+05   1.079691E+01   1.079691E+01   1.199656E+01   9.776807E+00  -1.000000E+01   3.432937E+00  -4.339335E+00        14
   2.177447E+03   2.380530E+05   1.079691E+01   1.079691E+01   1.199656E+01   9.776807E+00  -1.000000E+01   3.432937E+00  -4.339335E+00        14
   2.187447E+03   2.402400E+05   1.079691E+01   1.079691E+01   1.199656E+01   9.776807E+00  -1.000000E+01   3.432937E+00  -4.339335E+00        14
   2.197447E+03   2.424370E+05   1.079691E+01   1.079691E+01   1.199656E+01   9.776807E+00  -1.000000E+01   3.432937E+00  -4.339335E+00        14
   2.207447E+03   2.446440E+05   1.079691E+01   1.079691E+01   1.199656E+01   9.776807E+00  -1.000000E+01   3.432937E+00  -4.339335E+00        14
   2.217447E+03   2.468611E+05   1.079691E+01   1.079691E+01   1.199656E+01   9.776807E+00  -1.000000E+01   3.432937E+00  -4.339335E+00        14
   2.227447E+03   2.490881E+05   1.079691E+01   1.079691E+01   1.199656E+01   9.776807E+00  -1.000000E+01   3.432937E+00  -4.339335E+00        14
   2.237447E+03   2.513251E+05   1.079691E+01   1.079691E+01   1.199656E+01   9.776807E+00  -1.000000E+01   3.432937E+00  -4.339335E+00        14
   2.247447E+03   2.535721E+05   1.079691E+01   1.079691E+01   1.199656E+01   9.776807E+00  -1.000000E+01   3.432937E+00  -4.339335E+00        14
   2.257447E+03   2.558291E+05   1.079691E+01   1.079691E+01   1.199656E+01   9.776807E+00  -1.000000E+01   3.432937E+00  -4.339335E+00        14
   2.267447E+03   2.580961E+05   1.079691E+01   1.079691E+01   1.199656E+01   9.776807E+00  -1.000000E+01   3.432937E+00  -4.339335E+00        14
   2.277447E+03   2.603732E+05   1.079691E+01   1.079691E+01   1.199656E+01   9.776807E+00  -1.000000E+01   3.432937E+00  -4.339335E+00        14
   2.287447E+03   2.626602E+05   1.079691E+01   1.079691E+01   1.199656E+01   9.776807E+00  -1.000000E+01   3.432937E+00  -4.339335E+00        14
   2.297447E+03   2.649572E+05   1.079691E+01   1.079691E+01   1.199656E+01   9.776807E+00  -1.000000E+01   3.432937E+00  -4.339335E+00        14
   2.307447E+03   2.672642E+05   1.079691E+01   1.079691E+01   1.199656E+01   9.776807E+00  -1.000000E+01   3.432937E+00  -4.339335E+00        14
   2.317447E+03   2.695812E+05   1.079691E+01   1.079691E+01   1.199656E+01   9.776807E+00  -1.000000E+01   3.432937E+00  -4.339335E+00        14
   2.327447E+03   2.719083E+05   1.079691E+01   1.079691E+01   1.199656E+01   9.776807E+00  -1.000000E+01   3.432937E+00  -4.339335E+00        14
   2.337447E+03   2.742453E+05   1.079691E+01   1.079691E+01   1.199656E+01   9.776807E+00  -1.000000E+01   3.432937E+00  -4.339335E+00        14
   2.347447E+03   2.765923E+05   1.079691E+01   1.079691E+01   1.199656E+01   9.776807E+00  -1.000000E+01   3.432937E+00  -4.339335E+00        14
   2.357447E+03   2.789493E+05   1.079691E+01   1.079691E+01   1.199656E+01   9.776807E+00  -1.000000E+01   3.432937E+00  -4.339335E+00        14
   2.367447E+03   2.813163E+05   1.079691E+01   1.079691E+01   1.199656E+01   9.776807E+00  -1.000000E+01   3.432937E+00  -4.339335E+00        14
   2.377447E+03   2.836933E+05   1.079691E+01   1.079691E+01   1.199656E+01   9.776807E+00  -1.000000E+01   3.432937E+00  -4.339335E+00        14
   2.387447E+03   2.860804E+05   1.079691E+01   1.079691E+01   1.199656E+01   9.776807E+00  -1.000000E+01   3.432937E+00  -4.339335E+00        14
   2.397447E+03   2.884774E+05   1.079691E+01   1.079691E+01   1.199656E+01   9.776807E+00  -1.000000E+01   3.432937E+00  -4.339335E+00        14
   2.407447E+03   2.908844E+05   1.079691E+01   1.079691E+01   1.199656E+01   9.776807E+00  -1.000000E+01   3.432937E+00  -4.339335E+00        14
   2.417447E+03   2.933014E+05   1.079691E+01   1.079691E+01   1.199656E+01   9.776807E+00  -1.000000E+01   3.432937E+00  -4.339335E+00        14
   2.427447E+03   2.957284E+05   1.079691E+01   1.079691E+01   1.199656E+01   9.776807E+00  -1.000000E+01   3.432937E+00  -4.339335E+00        14
   2.437447E+03   2.981655E+05   1.079691E+01   1.079691E+01   1.199656E+01   9.776807E+00  -1.000000E+01   3.432937E+00  -4.339335E+00        14
   2.447447E+03   3.006125E+05   1.079691E+01   1.079691E+01   1.199656E+01   9.776807E+00  -1.000000E+01   3.432937E+00  -4.339335E+00        14
   2.457447E+03   3.030695E+05   1.079691E+01   1.079691E+01   1.199656E+01   9.776807E+00  -1.000000E+01   3.432937E+00  -4.339335E+00        14
   2.467447E+03   3.055365E+05   1.079691E+01   1.079691E+01   1.199656E+01   9.776807E+00  -1.000000E+01   3.432937E+00  -4.339335E+00        14
   2.477447E+03   3.080135E+05   1.079691E+01   1.079691E+01   1.199656E+01   9.776807E+00  -1.000000E+01   3.432937E+00  -4.339335E+00        14
   2.487447E+03   3.105005E+05   1.079691E+01   1.079691E+01   1.199656E+01   9.776807E+00  -1.000000E+01   3.432937E+00  -4.339335E+00        14
   2.497447E+03   3.129976E+05   1.079691E+01   1.079691E+01   1.199656E+01   9.776807E+00  -1.000000E+01   3.432937E+00  -4.339335E+00        14
   2.507447E+03   3.155046E+05   1.079691E+01   1.079691E+01   1.199656E+01   9.776807E+00  -1.000000E+01   3.432937E+00  -4.339335E+00        14
   2.517447E+03   3.180216E+05   1.079691E+01   1.079691E+01   1.199656E+01   9.776807E+00  -1.000000E+01   3.432937E+00  -4.339335E+00        14
   2.527447E+03   3.205486E+05   1.079691E+01   1.079691E+01   1.199656E+01   9.776807E+00  -1.000000E+01   3.432937E+00  -4.339335E+00        14
   2.537447E+03   3.230856E+05   1.079691E+01   1.079691E+01   1.199656E+01   9.776807E+00  -1.000000E+01   3.432937E+00  -4.339335E+00        14
   2.547447E+03   3.256327E+05   1.079691E+01   1.079691E+01   1.199656E+01   9.776807E+00  -1.000000E+01   3.432937E+00  -4.339335E+00        14
   2.557447E+03   3.281897E+05   1.079691E+01   1.079691E+01   1.199656E+01   9.776807E+00  -1.000000E+01   3.432937E+00  -4.339335E+00        14
   2.567447E+03   3.307567E+05   1.079691E+01   1.079691E+01   1.199656E+01   9.776807E+00  -1.000000E+01   3.432937E+00  -4.339335E+00        14
   2.577447E+03   3.333337E+05   1.079691E+01   1.079691E+01   1.199656E+01   9.776807E+00  -1.000000E+01   3.432937E+00  -4.339335E+00        14
   2.587447E+03   3.359207E+05   1.079691E+01   1.079691E+01   1.199656E+01   9.776807E+00  -1.000000E+01   3.432937E+00  -4.339335E+00        14
   2.597447E+03   3.385177E+05   1.079691E+01   1.079691E+01   1.199656E+01   9.776807E+00  -1.000000E+01   3.432937E+00  -4.339335E+00        14
   2.607447E+03   3.411248E+05   1.079691E+01   1.079691E+01   1.199656E+01   9.776807E+00  -1.000000E+01   3.432937E+00  -4.339335E+00        14
   2.617447E+03   3.437418E+05   1.079691E+01   1.079691E+01   1.199656E+01   9.776807E+00  -1.000000E+01   3.432937E+00  -4.339335E+00        14
   2.627447E+03   3.463688E+05   1.079691E+01   1.079691E+01   1.199656E+01   9.776807E+00  -1.000000E+01   3.432937E+00  -4.339335E+00        14
   2.637447E+03   3.490058E+05   1.079691E+01   1.079691E+01   1.199656E+01   9.776807E+00  -1.000000E+01   3.432937E+00  -4.339335E+00        14
   2.647447E+03   3.516528E+05   1.079691E+01   1.079691E+01   1.199656E+01   9.776807E+00  -1.000000E+01   3.432937E+00  -4.339335E+00        14
   2.657447E+03   3.543099E+05   1.079691E+01   1.079691E+01   1.199656E+01   9.776807E+00  -1.000000E+01   3.432937E+00  -4.339335E+00        14
   2.667447E+03   3.569769E+05   1.079691E+01   1.079691E+01   1.199656E+01   9.776807E+00  -1.000000E+01   3.432937E+00  -4.339335E+00        14
   2.677447E+03   3.596539E+05   1.079691E+01   1.079691E+01   1.199656E+01   9.776807E+00  -1.000000E+01   3.432937E+00  -4.339335E+00        14
   2.687447E+03   3.623409E+05   1.079691E+01   1.079691E+01   1.199656E+01   9.776807E+00  -1.000000E+01   3.432937E+00  -4.339335E+00        14
   2.697447E+03   3.650379E+05   1.079691E+01   1.079691E+01   1.199656E+01   9.776807E+00  -1.000000E+01   3.432937E+00  -4.339335E+00        14
   2.707447E+03   3.677449E+05   1.079691E+01   1.079691E+01   1.199656E+01   9.776807E+00  -1.000000E+01   3.432937E+00  -4.339335E+00        14
   2.717447E+03   3.704620E+05   1.079691E+01   1.079691E+01   1.199656E+01   9.776807E+00  -1.000000E+01   3.432937E+00  -4.339335E+00        14
   2.727447E+03   3.731890E+05   1.079691E+01   1.079691E+01   1.199656E+01   9.776807E+00  -1.000000E+01   3.432937E+00  -4.339335E+00        14
   2.737447E+03   3.759260E+05   1.079691E+01   1.079691E+01   1.199656E+01   9.776807E+00  -1.000000E+01   3.432937E+00  -4.339335E+00        14
   2.747447E+03   3.786730E+05   1.079691E+01   1.079691E+01   1.199656E+01   9.776807E+00  -1.000000E+01   3.432937E+00  -4.339335E+00        14
   2.757447E+03   3.814300E+05   1.079691E+01   1.079691E+01   1.199656E+01   9.776807E+00  -1.000000E+01   3.432937E+00  -4.339335E+00        14
   2.767447E+03   3.841971E+05   1.079691E+01   1.079691E+01   1.199656E+01   9.776807E+00  -1.000000E+01   3.432937E+00  -4.339335E+00        14
   2.777447E+03   3.869741E+05   1.079691E+01   1.079691E+01   1.199656E+01   9.776807E+00  -1.000000E+01   3.432937E+00  -4.339335E+00        14
   2.787447E+03   3.897611E+05   1.079691E+01   1.079691E+01   1.199656E+01   9.776807E+00  -1.000000E+01   3.432937E+00  -4.339335E+00        14
   2.797447E+03   3.925581E+05   1.079691E+01   1.079691E+01   1.199656E+01   9.776807E+00  -1.000000E+01   3.432937E+00  -4.339335E+00        14
   2.807447E+03   3.953651E+05   1.079691E+01   1.079691E+01   1.199656E+01   9.776807E+00  -1.000000E+01   3.432937E+00  -4.339335E+00        14
   2.817447E+03   3.981822E+05   1.079691E+01   1.079691E+01   1.199656E+01   9.776807E+00  -1.000000E+01   3.432937E+00  -4.339335E+00        14
   2.827447E+03   4.010092E+05   1.079691E+01   1.079691E+01   1.199656E+01   9.776807E+00  -1.000000E+01   3.432937E+00  -4.339335E+00        14
   2.837447E+03   4.038462E+05   1.079691E+01   1.079691E+01   1.199656E+01   9.776807E+00  -1.000000E+01   3.432937E+00  -4.339335E+00        14
   2.847447E+03   4.066932E+05   1.079691E+01   1.079691E+01   1.199656E+01   9.776807E+00  -1.000000E+01   3.432937E+00  -4.339335E+00        14
   2.857447E+03   4.095502E+05   1.079691E+01   1.079691E+01   1.199656E+01   9.776807E+00  -1.000000E+01   3.432937E+00  -4.339335E+00        14
   2.867447E+03   4.124172E+05   1.079691E+01   1.079691E+01   1.199656E+01   9.776807E+00  -1.000000E+01   3.432937E+00  -4.339335E+00        14
   2.877447E+03   4.152943E+05   1.079691E+01   1.079691E+01   1.199656E+01   9.776807E+00  -1.000000E+01   3.432937E+00  -4.339335E+00        14
   2.887447E+03   4.181813E+05   1.079691E+01   1.079691E+01   1.199656E+01   9.776807E+00  -1.000000E+01   3.432937E+00  -4.339335E+00        14
   2.897447E+03   4.210783E+05   1.079691E+01   1.079691E+01   1.199656E+01   9.776807E+00  -1.000000E+01   3.432937E+00  -4.339335E+00        14
   2.907447E+03   4.239853E+05   1.079691E+01   1.079691E+01   1.199656E+01   9.776807E+00  -1.000000E+01   3.432937E+00  -4.339335E+00        14
   2.917447E+03   4.269023E+05   1.079691E+01   1.079691E+01   1.199656E+01   9.776807E+00  -1.000000E+01   3.432937E+00  -4.339335E+00        14
   2.927447E+03   4.298294E+05   1.079691E+01   1.079691E+01   1.199656E+01   9.776807E+00  -1.000000E+01   3.432937E+00  -4.339335E+00        14
   2.937447E+03   4.327664E+05   1.079691E+01   1.079691E+01   1.199656E+01   9.776807E+00  -1.000000E+01   3.432937E+00  -4.339335E+00        14
   2.947447E+03   4.357134E+05   1.079691E+01   1.079691E+01   1.199656E+01   9.776807E+00  -1.000000E+01   3.432937E+00  -4.339335E+00        14
   2.957447E+03   4.386704E+05   1.079691E+01   1.079691E+01   1.199656E+01   9.776807E+00  -1.000000E+01   3.432937E+00  -4.339335E+00        14
   2.967447E+03   4.416374E+05   1.079691E+01   1.079691E+01   1.199656E+01   9.776807E+00  -1.000000E+01   3.432937E+00  -4.339335E+00        14
   2.977447E+03   4.446144E+05   1.079691E+01   1.079691E+01   1.199656E+01   9.776807E+00  -1.000000E+01   3.432937E+00  -4.339335E+00        14
   2.987447E+03   4.476015E+05   1.079691E+01   1.079691E+01   1.199656E+01   9.776807E+00  -1.000000E+01   3.432937E+00  -4.339335E+00        14
   2.997447E+03   4.505985E+05   1.079691E+01   1.079691E+01   1.199656E+01   9.776807E+00  -1.000000E+01   3.432937E+00  -4.339335E+00        14
   3.007447E+03   4.536055E+05   1.079691E+01   1.079691E+01   1.199656E+01   9.776807E+00  -1.000000E+01   3.432937E+00  -4.339335E+00        14
   3.017447E+03   4.566225E+05   1.079691E+01   1.079691E+01   1.199656E+01   9.776807E+00  -1.000000E+01   3.432937E+00  -4.339335E+00        14
   3.027447E+03   4.596495E+05   1.079691E+01   1.079691E+01   1.199656E+01   9.776807E+00  -1.000000E+01   3.432937E+00  -4.339335E+00        14
   3.037447E+03   4.626866E+05   1.079691E+01   1.079691E+01   1.199656E+01   9.776807E+00  -1.000000E+01   3.432937E+00  -4.339335E+00        14
   3.047447E+03   4.657336E+05   1.079691E+01   1.079691E+01   1.199656E+01   9.776807E+00  -1.000000E+01   3.432937E+00  -4.339335E+00        14
   3.057447E+03   4.687906E+05   1.079691E+01   1.079691E+01   1.199656E+01   9.776807E+00  -1.000000E+01   3.432937E+00  -4.339335E+00        14
   3.067447E+03   4.718576E+05   1.079691E+01   1.079691E+01   1.199656E+01   9.776807E+00  -1.000000E+01   3.432937E+00  -4.339335E+00        14
   3.077447E+03   4.749346E+05   1.079691E+01   1.079691E+01   1.199656E+01   9.776807E+00  -1.000000E+01   3.432937E+00  -4.339335E+00        14
   3.087447E+03   4.780216E+05   1.079691E+01   1.079691E+01   1.199656E+01   9.776807E+00  -1.000000E+01   3.432937E+00  -4.339335E+00        14
   3.097447E+03   4.811187E+05   1.079691E+01   1.079691E+01   1.199656E+01   9.776807E+00  -1.000000E+01   3.432937E+00  -4.339335E+00        14
   3.107447E+03   4.842257E+05   1.079691E+01   1.079691E+01   1.199656E+01   9.776807E+00  -1.000000E+01   3.432937E+00  -4.339335E+00        14
   3.117447E+03   4.873427E+05   1.079691E+01   1.079691E+01   1.199656E+01   9.776807E+00  -1.000000E+01   3.432937E+00  -4.339335E+00        14
   3.127447E+03   4.904697E+05   1.079691E+01   1.079691E+01   1.199656E+01   9.776807E+00  -1.000000E+01   3.432937E+00  -4.339335E+00        14
   3.137447E+03   4.936067E+05   1.079691E+01   1.079691E+01   1.199656E+01   9.776807E+00  -1.000000E+01   3.432937E+00  -4.339335E+00        14
   3.147447E+03   4.967538E+05   1.079691E+01   1.079691E+01   1.199656E+01   9.776807E+00  -1.000000E+01   3.432937E+00  -4.339335E+00        14
   3.157447E+03   4.999108E+05   1.079691E+01   1.079691E+01   1.199656E+01   9.776807E+00  -1.000000E+01   3.432937E+00  -4.339335E+00        14
   3.167447E+03   5.030778E+05   1.079691E+01   1.079691E+01   1.199656E+01   9.776807E+00  -1.000000E+01   3.432937E+00  -4.339335E+00        14
   3.177447E+03   5.062548E+05   1.079691E+01   1.079691E+01   1.199656E+01   9.776807E+00  -1.000000E+01   3.432937E+00  -4.339335E+00        14
   3.187447E+03   5.094418E+05   1.079691E+01   1.079691E+01   1.199656E+01   9.776807E+00  -1.000000E+01   3.432937E+00  -4.339335E+00        14
   3.197447E+03   5.126388E+05   1.079691E+01   1.079691E+01   1.199656E+01   9.776807E+00  -1.000000E+01   3.432937E+00  -4.339335E+00        14
   3.207447E+03   5.158459E+05   1.079691E+01   1.079691E+01   1.199656E+01   9.776807E+00  -1.000000E+01   3.432937E+00  -4.339335E+00        14
   3.217447E+03   5.190629E+05   1.079691E+01   1.079691E+01   1.199656E+01   9.776807E+00  -1.000000E+01   3.432937E+00  -4.339335E+00        14
   3.227447E+03   5.222899E+05   1.079691E+01   1.079691E+01   1.199656E+01   9.776807E+00  -1.000000E+01   3.432937E+00  -4.339335E+00        14
   3.237447E+03   5.255269E+05   1.079691E+01   1.079691E+01   1.199656E+01   9.776807E+00  -1.000000E+01   3.432937E+00  -4.339335E+00        14
   3.247447E+03   5.287739E+05   1.079691E+01   1.079691E+01   1.199656E+01   9.776807E+00  -1.000000E+01   3.432937E+00  -4.339335E+00        14
   3.257447E+03   5.320310E+05   1.079691E+01   1.079691E+01   1.199656E+01   9.776807E+00  -1.000000E+01   3.432937E+00  -4.339335E+00        14
   3.267447E+03   5.352980E+05   1.079691E+01   1.079691E+01   1.199656E+01   9.776807E+00  -1.000000E+01   3.432937E+00  -4.339335E+00        14
   3.277447E+03   5.385750E+05   1.079691E+01   1.079691E+01   1.199656E+01   9.776807E+00  -1.000000E+01   3.432937E+00  -4.339335E+00        14
   3.287447E+03   5.418620E+05   1.079691E+01   1.079691E+01   1.199656E+01   9.776807E+00  -1.000000E+01   3.432937E+00  -4.339335E+00        14
   3.297447E+03   5.451590E+05   1.079691E+01   1.079691E+01   1.199656E+01   9.776807E+00  -1.000000E+01   3.432937E+00  -4.339335E+00        14
   3.307447E+03   5.484660E+05   1.079691E+01   1.079691E+01   1.199656E+01   9.776807E+00  -1.000000E+01   3.432937E+00  -4.339335E+00        14
   3.317447E+03   5.517831E+05   1.079691E+01   1.079691E+01   1.199656E+01   9.776807E+00  -1.000000E+01   3.432937E+00  -4.339335E+00        14
   3.327447E+03   5.551101E+05   1.079691E+01   1.079691E+01   1.199656E+01   9.776807E+00  -1.000000E+01   3.432937E+00  -4.339335E+00        14
   3.337447E+03   5.584471E+05   1.079691E+01   1.079691E+01   1.199656E+01   9.776807E+00  -1.000000E+01   3.432937E+00  -4.339335E+00        14
   3.347447E+03   5.617941E+05   1.079691E+01   1.079691E+01   1.199656E+01   9.776807E+00  -1.000000E+01   3.432937E+00  -4.339335E+00        14
   3.357447E+03   5.651511E+05   1.079691E+01   1.079691E+01   1.199656E+01   9.776807E+00  -1.000000E+01   3.432937E+00  -4.339335E+00        14
   3.367447E+03   5.685182E+05   1.079691E+01   1.079691E+01   1.199656E+01   9.776807E+00  -1.000000E+01   3.432937E+00  -4.339335E+00        14
   3.377447E+03   5.718952E+05   1.079691E+01   1.079691E+01   1.199656E+01   9.776807E+00  -1.000000E+01   3.432937E+00  -4.339335E+00        14
   3.387447E+03   5.752822E+05   1.079691E+01   1.079691E+01   1.199656E+01   9.776807E+00  -1.000000E+01   3.432937E+00  -4.339335E+00        14
   3.397447E+03   5.786792E+05   1.079691E+01   1.079691E+01   1.199656E+01   9.776807E+00  -1.000000E+01   3.432937E+00  -4.339335E+00        14
   3.407447E+03   5.820862E+05   1.079691E+01   1.079691E+01   1.199656E+01   9.776807E+00  -1.000000E+01   3.432937E+00  -4.339335E+00        14
   3.417447E+03   5.855033E+05   1.079691E+01   1.079691E+01   1.199656E+01   9.776807E+00  -1.000000E+01   3.432937E+00  -4.339335E+00        14
   3.427447E+03   5.889303E+05   1.079691E+01   1.079691E+01   1.199656E+01   9.776807E+00  -1.000000E+01   3.432937E+00  -4.339335E+00        14
   3.437447E+03   5.923673E+05   1.079691E+01   1.079691E+01   1.199656E+01   9.776807E+00  -1.000000E+01   3.432937E+00  -4.339335E+00        14
   3.447447E+03   5.958143E+05   1.079691E+01   1.079691E+01   1.199656E+01   9.776807E+00  -1.000000E+01   3.432937E+00  -4.339335E+00        14
   3.457447E+03   5.992713E+05   1.079691E+01   1.079691E+01   1.199656E+01   9.776807E+00  -1.000000E+01   3.432937E+00  -4.339335E+00        14
   3.467447E+03   6.027383E+05   1.079691E+01   1.079691E+01   1.199656E+01   9.776807E+00  -1.000000E+01   3.432937E+00  -4.339335E+00        14
   3.477447E+03   6.062154E+05   1.079691E+01   1.079691E+01   1.199656E+01   9.776807E+00  -1.000000E+01   3.432937E+00  -4.339335E+00        14
   3.487447E+03   6.097024E+05   1.079691E+01   1.079691E+01   1.199656E+01   9.776807E+00  -1.000000E+01   3.432937E+00  -4.339335E+00        14
   3.497447E+03   6.131994E+05   1.079691E+01   1.079691E+01   1.199656E+01   9.776807E+00  -1.000000E+01   3.432937E+00  -4.339335E+00        14
   3.507447E+03   6.167064E+05   1.079691E+01   1.079691E+01   1.199656E+01   9.776807E+00  -1.000000E+01   3.432937E+00  -4.339335E+00        14
   3.517447E+03   6.202234E+05   1.079691E+01   1.079691E+01   1.199656E+01   9.776807E+00  -1.000000E+01   3.432937E+00  -4.339335E+00        14
   3.527447E+03   6.237505E+05   1.079691E+01   1.079691E+01   1.199656E+01   9.776807E+00  -1.000000E+01   3.432937E+00  -4.339335E+00        14
   3.537447E+03   6.272875E+05   1.079691E+01   1.079691E+01   1.199656E+01   9.776807E+00  -1.000000E+01   3.432937E+00  -4.339335E+00        14
   3.547447E+03   6.308345E+05   1.079691E+01   1.079691E+01   1.199656E+01   9.776807E+00  -1.000000E+01   3.432937E+00  -4.339335E+00        14
   3.557447E+03   6.343915E+05   1.079691E+01   1.079691E+01   1.199656E+01   9.776807E+00  -1.000000E+01   3.432937E+00  -4.339335E+00        14
   3.567447E+03   6.379585E+05   1.079691E+01   1.079691E+01   1.199656E+01   9.776807E+00  -1.000000E+01   3.432937E+00  -4.339335E+00        14
   3.577447E+03   6.415355E+05   1.079691E+01   1.079691E+01   1.199656E+01   9.776807E+00  -1.000000E+01   3.432937E+00  -4.339335E+00        14
   3.587447E+03   6.451226E+05   1.079691E+01   1.079691E+01   1.199656E+01   9.776807E+00  -1.000000E+01   3.432937E+00  -4.339335E+00        14
   3.597447E+03   6.487196E+05   1.079691E+01   1.079691E+01   1.199656E+01   9.776807E+00  -1.000000E+01   3.432937E+00  -4.339335E+00        14
   3.607447E+03   6.523266E+05   1.079691E+01   1.079691E+01   1.199656E+01   9.776807E+00  -1.000000E+01   3.432937E+00  -4.339335E+00        14
   3.617447E+03   6.559436E+05   1.079691E+01   1.079691E+01   1.199656E+01   9.776807E+00  -1.000000E+01   3.432937E+00  -4.339335E+00        14
   3.627447E+03   6.595706E+05   1.079691E+01   1.079691E+01   1.199656E+01   9.776807E+00  -1.000000E+01   3.432937E+00  -4.339335E+00        14
   3.637447E+03   6.632077E+05   1.079691E+01   1.079691E+01   1.199656E+01   9.776807E+00  -1.000000E+01   3.432937E+00  -4.339335E+00        14
   3.647447E+03   6.668547E+05   1.079691E+01   1.079691E+01   1.199656E+01   9.776807E+00  -1.000000E+01   3.432937E+00  -4.339335E+00        14
   3.657447E+03   6.705117E+05   1.079691E+01   1.079691E+01   1.199656E+01   9.776807E+00  -1.000000E+01   3.432937E+00  -4.339335E+00        14
   3.667447E+03   6.741787E+05   1.079691E+01   1.079691E+01   1.199656E+01   9.776807E+00  -1.000000E+01   3.432937E+00  -4.339335E+00        14
   3.677447E+03   6.778557E+05   1.079691E+01   1.079691E+01   1.199656E+01   9.776807E+00  -1.000000E+01   3.432937E+00  -4.339335E+00        14
   3.687447E+03   6.815427E+05   1.079691E+01   1.079691E+01   1.199656E+01   9.776807E+00  -1.000000E+01   3.432937E+00  -4.339335E+00        14
   3.697447E+03   6.852398E+05   1.079691E+01   1.079691E+01   1.199656E+01   9.776807E+00  -1.000000E+01   3.432937E+00  -4.339335E+00        14
   3.707447E+03   6.889468E+05   1.079691E+01   1.079691E+01   1.199656E+01   9.776807E+00  -1.000000E+01   3.432937E+00  -4.339335E+00        14
   3.717447E+03   6.926638E+05   1.079691E+01   1.079691E+01   1.199656E+01   9.776807E+00  -1.000000E+01   3.432937E+00  -4.339335E+00        14
   3.727447E+03   6.963908E+05   1.079691E+01   1.079691E+01   1.199656E+01   9.776807E+00  -1.000000E+01   3.432937E+00  -4.339335E+00        14
   3.737447E+03   7.001278E+05   1.079691E+01   1.079691E+01   1.199656E+01   9.776807E+00  -1.000000E+01   3.432937E+00  -4.339335E+00        14
   3.747447E+03   7.038749E+05   1.079691E+01   1.079691E+01   1.199656E+01   9.776807E+00  -1.000000E+01   3.432937E+00  -4.339335E+00        14
   3.757447E+03   7.076319E+05   1.079691E+01   1.079691E+01   1.199656E+01   9.776807E+00  -1.000000E+01   3.432937E+00  -4.339335E+00        14
   3.767447E+03   7.113989E+05   1.079691E+01   1.079691E+01   1.199656E+01   9.776807E+00  -1.000000E+01   3.432937E+00  -4.339335E+00        14
   3.777447E+03   7.151759E+05   1.079691E+01   1.079691E+01   1.199656E+01   9.776807E+00  -1.000000E+01   3.432937E+00  -4.339335E+00        14
   3.787447E+03   7.189629E+05   1.079691E+01   1.079691E+01   1.199656E+01   9.776807E+00  -1.000000E+01   3.432937E+00  -4.339335E+00        14
   3.797447E+03   7.227599E+05   1.079691E+01   1.079691E+01   1.199656E+01   9.776807E+00  -1.000000E+01   3.432937E+00  -4.339335E+00        14
   3.807447E+03   7.265670E+05   1.079691E+01   1.079691E+01   1.199656E+01   9.776807E+00  -1.000000E+01   3.432937E+00  -4.339335E+00        14
   3.817447E+03   7.303840E+05   1.079691E+01   1.079691E+01   1.199656E+01   9.776807E+00  -1.000000E+01   3.432937E+00  -4.339335E+00        14
   3.827447E+03   7.342110E+05   1.079691E+01   1.079691E+01   1.199656E+01   9.776807E+00  -1.000000E+01   3.432937E+00  -4.339335E+00        14
   3.837447E+03   7.380480E+05   1.079691E+01   1.079691E+01   1.199656E+01   9.776807E+00  -1.000000E+01   3.432937E+00  -4.339335E+00        14
   3.847447E+03   7.418950E+05   1.079691E+01   1.079691E+01   1.199656E+01   9.776807E+00  -1.000000E+01   3.432937E+00  -4.339335E+00        14
   3.857447E+03   7.457521E+05   1.079691E+01   1.079691E+01   1.199656E+01   9.776807E+00  -1.000000E+01   3.432937E+00  -4.339335E+00        14
   3.867447E+03   7.496191E+05   1.079691E+01   1.079691E+01   1.199656E+01   9.776807E+00  -1.000000E+01   3.432937E+00  -4.339335E+00        14
   3.877447E+03   7.534961E+05   1.079691E+01   1.079691E+01   1.199656E+01   9.776807E+00  -1.000000E+01   3.432937E+00  -4.339335E+00        14
   3.887447E+03   7.573831E+05   1.079691E+01   1.079691E+01   1.199656E+01   9.776807E+00  -1.000000E+01   3.432937E+00  -4.339335E+00        14
   3.897447E+03   7.612801E+05   1.079691E+01   1.079691E+01   1.199656E+01   9.776807E+00  -1.000000E+01   3.432937E+00  -4.339335E+00        14
   3.907447E+03   7.651871E+05   1.079691E+01   1.079691E+01   1.199656E+01   9.776807E+00  -1.000000E+01   3.432937E+00  -4.339335E+00        14
   3.917447E+03   7.691042E+05   1.079691E+01   1.079691E+01   1.199656E+01   9.776807E+00  -1.000000E+01   3.432937E+00  -4.339335E+00        14
   3.927447E+03   7.730312E+05   1.079691E+01   1.079691E+01   1.199656E+01   9.776807E+00  -1.000000E+01   3.432937E+00  -4.339335E+00        14
   3.937447E+03   7.769682E+05   1.079691E+01   1.079691E+01   1.199656E+01   9.776807E+00  -1.000000E+01   3.432937E+00  -4.339335E+00        14
   3.947447E+03   7.809152E+05   1.079691E+01   1.079691E+01   1.199656E+01   9.776807E+00  -1.000000E+01   3.432937E+00  -4.339335E+00        14
   3.957447E+03   7.848722E+05   1.079691E+01   1.079691E+01   1.199656E+01   9.776807E+00  -1.000000E+01   3.432937E+00  -4.339335E+00        14
   3.967447E+03   7.888393E+05   1.079691E+01   1.079691E+01   1.199656E+01   9.776807E+00  -1.000000E+01   3.432937E+00  -4.339335E+00        14
   3.977447E+03   7.928163E+05   1.079691E+01   1.079691E+01   1.199656E+01   9.776807E+00  -1.000000E+01   3.432937E+00  -4.339335E+00        14
   3.987447E+03   7.968033E+05   1.079691E+01   1.079691E+01   1.199656E+01   9.776807E+00  -1.000000E+01   3.432937E+00  -4.339335E+00        14
   3.997447E+03   8.008003E+05   1.079691E+01   1.079691E+01   1.199656E+01   9.776807E+00  -1.000000E+01   3.432937E+00  -4.339335E+00        14
   4.007447E+03   8.048073E+05   1.079691E+01   1.079691E+01   1.199656E+01   9.776807E+00  -1.000000E+01   3.432937E+00  -4.339335E+00        14
   4.017447E+03   8.088244E+05   1.079691E+01   1.079691E+01   1.199656E+01   9.776807E+00  -1.000000E+01   3.432937E+00  -4.339335E+00        14
   4.027447E+03   8.128514E+05   1.079691E+01   1.079691E+01   1.199656E+01   9.776807E+00  -1.000000E+01   3.432937E+00  -4.339335E+00        14
   4.037447E+03   8.168884E+05   1.079691E+01   1.079691E+01   1.199656E+01   9.776807E+00  -1.000000E+01   3.432937E+00  -4.339335E+00        14
   4.047447E+03   8.209354E+05   1.079691E+01   1.079691E+01   1.199656E+01   9.776807E+00  -1.000000E+01   3.432937E+00  -4.339335E+00        14
   4.057447E+03   8.249924E+05   1.079691E+01   1.079691E+01   1.199656E+01   9.776807E+00  -1.000000E+01   3.432937E+00  -4.339335E+00        14
   4.067447E+03   8.290594E+05   1.079691E+01   1.079691E+01   1.199656E+01   9.776807E+00  -1.000000E+01   3.432937E+00  -4.339335E+00        14
   4.077447E+03   8.331365E+05   1.079691E+01   1.079691E+01   1.199656E+01   9.776807E+00  -1.000000E+01   3.432937E+00  -4.339335E+00        14
   4.087447E+03   8.372235E+05   1.079691E+01   1.079691E+01   1.199656E+01   9.776807E+00  -1.000000E+01   3.432937E+00  -4.339335E+00        14
   4.097447E+03   8.413205E+05   1.079691E+01   1.079691E+01   1.199656E+01   9.776807E+00  -1.000000E+01   3.432937E+00  -4.339335E+00        14
   4.107447E+03   8.454275E+05   1.079691E+01   1.079691E+01   1.199656E+01   9.776807E+00  -1.000000E+01   3.432937E+00  -4.339335E+00        14
   4.117447E+03   8.495445E+05   1.079691E+01   1.079691E+01   1.199656E+01   9.776807E+00  -1.000000E+01   3.432937E+00  -4.339335E+00        14
   4.127447E+03   8.536716E+05   1.079691E+01   1.079691E+01   1.199656E+01   9.776807E+00  -1.000000E+01   3.432937E+00  -4.339335E+00        14
   4.137447E+03   8.578086E+05   1.079691E+01   1.079691E+01   1.199656E+01   9.776807E+00  -1.000000E+01   3.432937E+00  -4.339335E+00        14
   4.147447E+03   8.619556E+05   1.079691E+01   1.079691E+01   1.199656E+01   9.776807E+00  -1.000000E+01   3.432937E+00  -4.339335E+00        14
   4.157447E+03   8.661126E+05   1.079691E+01   1.079691E+01   1.199656E+01   9.776807E+00  -1.000000E+01   3.432937E+00  -4.339335E+00        14
   4.167447E+03   8.702796E+05   1.079691E+01   1.079691E+01   1.199656E+01   9.776807E+00  -1.000000E+01   3.432937E+00  -4.339335E+00        14
   4.177447E+03   8.744566E+05   1.079691E+01   1.079691E+01   1.199656E+01   9.776807E+00  -1.000000E+01   3.432937E+00  -4.339335E+00        14
   4.187447E+03   8.786437E+05   1.079691E+01   1.079691E+01   1.199656E+01   9.776807E+00  -1.000000E+01   3.432937E+00  -4.339335E+00        14
   4.197447E+03   8.828407E+05   1.079691E+01   1.079691E+01   1.199656E+01   9.776807E+00  -1.000000E+01   3.432937E+00  -4.339335E+00        14
   4.207447E+03   8.870477E+05   1.079691E+01   1.079691E+01   1.199656E+01   9.776807E+00  -1.000000E+01   3.432937E+00  -4.339335E+00        14
   4.217447E+03   8.912647E+05   1.079691E+01   1.079691E+01   1.199656E+01   9.776807E+00  -1.000000E+01   3.432937E+00  -4.339335E+00        14
   4.227447E+03   8.954917E+05   1.079691E+01   1.079691E+01   1.199656E+01   9.776807E+00  -1.000000E+01   3.432937E+00  -4.339335E+00        14
   4.237447E+03   8.997288E+05   1.079691E+01   1.079691E+01   1.199656E+01   9.776807E+00  -1.000000E+01   3.432937E+00  -4.339335E+00        14
   4.247447E+03   9.039758E+05   1.079691E+01   1.079691E+01   1.199656E+01   9.776807E+00  -1.000000E+01   3.432937E+00  -4.339335E+00        14
   4.257447E+03   9.082328E+05   1.079691E+01   1.079691E+01   1.199656E+01   9.776807E+00  -1.000000E+01   3.432937E+00  -4.339335E+00        14
   4.267447E+03   9.124998E+05   1.079691E+01   1.079691E+01   1.199656E+01   9.776807E+00  -1.000000E+01   3.432937E+00  -4.339335E+00        14
   4.277447E+03   9.167768E+05   1.079691E+01   1.079691E+01   1.199656E+01   9.776807E+00  -1.000000E+01   3.432937E+00  -4.339335E+00        14
   4.287447E+03   9.210638E+05   1.079691E+01   1.079691E+01   1.199656E+01   9.776807E+00  -1.000000E+01   3.432937E+00  -4.339335E+00        14
   4.297447E+03   9.253609E+05   1.079691E+01   1.079691E+01   1.199656E+01   9.776807E+00  -1.000000E+01   3.432937E+00  -4.339335E+00        14
   4.307447E+03   9.296679E+05   1.079691E+01   1.079691E+01   1.199656E+01   9.776807E+00  -1.000000E+01   3.432937E+00  -4.339335E+00        14
   4.317447E+03   9.339849E+05   1.079691E+01   1.079691E+01   1.199656E+01   9.776807E+00  -1.000000E+01   3.432937E+00  -4.339335E+00        14
   4.327447E+03   9.383119E+05   1.079691E+01   1.079691E+01   1.199656E+01   9.776807E+00  -1.000000E+01   3.432937E+00  -4.339335E+00        14
   4.337447E+03   9.426489E+05   1.079691E+01   1.079691E+01   1.199656E+01   9.776807E+00  -1.000000E+01   3.432937E+00  -4.339335E+00        14
   4.347447E+03   9.469960E+05   1.079691E+01   1.079691E+01   1.199656E+01   9.776807E+00  -1.000000E+01   3.432937E+00  -4.339335E+00        14
   4.357447E+03   9.513530E+05   1.079691E+01   1.079691E+01   1.199656E+01   9.776807E+00  -1.000000E+01   3.432937E+00  -4.339335E+00        14
   4.367447E+03   9.557200E+05   1.079691E+01   1.079691E+01   1.199656E+01   9.776807E+00  -1.000000E+01   3.432937E+00  -4.339335E+00        14
   4.377447E+03   9.600970E+05   1.079691E+01   1.079691E+01   1.199656E+01   9.776807E+00  -1.000000E+01   3.432937E+00  -4.339335E+00        14
   4.387447E+03   9.644840E+05   1.079691E+01   1.079691E+01   1.199656E+01   9.776807E+00  -1.000000E+01   3.432937E+00  -4.339335E+00        14
   4.397447E+03   9.688810E+05   1.079691E+01   1.079691E+01   1.199656E+01   9.776807E+00  -1.000000E+01   3.432937E+00  -4.339335E+00        14
   4.407447E+03   9.732881E+05   1.079691E+01   1.079691E+01   1.199656E+01   9.776807E+00  -1.000000E+01   3.432937E+00  -4.339335E+00        14
   4.417447E+03   9.777051E+05   1.079691E+01   1.079691E+01   1.199656E+01   9.776807E+00  -1.000000E+01   3.432937E+00  -4.339335E+00        14
   4.427447E+03   9.821321E+05   1.079691E+01   1.079691E+01   1.199656E+01   9.776807E+00  -1.000000E+01   3.432937E+00  -4.339335E+00        14
   4.437447E+03   9.865691E+05   1.079691E+01   1.079691E+01   1.199656E+01   9.776807E+00  -1.000000E+01   3.432937E+00  -4.339335E+00        14
   4.447447E+03   9.910161E+05   1.079691E+01   1.079691E+01   1.199656E+01   9.776807E+00  -1.000000E+01   3.432937E+00  -4.339335E+00        14
   4.457447E+03   9.954732E+05   1.079691E+01   1.079691E+01   1.199656E+01   9.776807E+00  -1.000000E+01   3.432937E+00  -4.339335E+00        14
   4.467447E+03   9.999402E+05   1.079691E+01   1.079691E+01   1.199656E+01   9.776807E+00  -1.000000E+01   3.432937E+00  -4.339335E+00        14
   4.477447E+03   1.004417E+06   1.079691E+01   1.079691E+01   1.199656E+01   9.776807E+00  -1.000000E+01   3.432937E+00  -4.339335E+00        14
   4.487447E+03   1.008904E+06   1.079691E+01   1.079691E+01   1.199656E+01   9.776807E+00  -1.000000E+01   3.432937E+00  -4.339335E+00        14
   4.497447E+03   1.013401E+06   1.079691E+01   1.079691E+01   1.199656E+01   9.776807E+00  -1.000000E+01   3.432937E+00  -4.339335E+00        14
   4.507447E+03   1.017908E+06   1.079691E+01   1.079691E+01   1.199656E+01   9.776807E+00  -1.000000E+01   3.432937E+00  -4.339335E+00        14
   4.517447E+03   1.022425E+06   1.079691E+01   1.079691E+01   1.199656E+01   9.776807E+00  -1.000000E+01   3.432937E+00  -4.339335E+00        14
   4.527447E+03   1.026952E+06   1.079691E+01   1.079691E+01   1.199656E+01   9.776807E+00  -1.000000E+01   3.432937E+00  -4.339335E+00        14
   4.537447E+03   1.031489E+06   1.079691E+01   1.079691E+01   1.199656E+01   9.776807E+00  -1.000000E+01   3.432937E+00  -4.339335E+00        14
   4.547447E+03   1.036036E+06   1.079691E+01   1.079691E+01   1.199656E+01   9.776807E+00  -1.000000E+01   3.432937E+00  -4.339335E+00        14
   4.557447E+03   1.040593E+06   1.079691E+01   1.079691E+01   1.199656E+01   9.776807E+00  -1.000000E+01   3.432937E+00  -4.339335E+00        14
   4.567447E+03   1.045160E+06   1.079691E+01   1.079691E+01   1.199656E+01   9.776807E+00  -1.000000E+01   3.432937E+00  -4.339335E+00        14
   4.577447E+03   1.049737E+06   1.079691E+01   1.079691E+01   1.199656E+01   9.776807E+00  -1.000000E+01   3.432937E+00  -4.339335E+00        14
   4.587447E+03   1.054324E+06   1.079691E+01   1.079691E+01   1.199656E+01   9.776807E+00  -1.000000E+01   3.432937E+00  -4.339335E+00        14
   4.597447E+03   1.058921E+06   1.079691E+01   1.079691E+01   1.199656E+01   9.776807E+00  -1.000000E+01   3.432937E+00  -4.339335E+00        14
   4.607447E+03   1.063528E+06   1.079691E+01   1.079691E+01   1.199656E+01   9.776807E+00  -1.000000E+01   3.432937E+00  -4.339335E+00        14
   4.617447E+03   1.068145E+06   1.079691E+01   1.079691E+01   1.199656E+01   9.776807E+00  -1.000000E+01   3.432937E+00  -4.339335E+00        14
   4.627447E+03   1.072772E+06   1.079691E+01   1.079691E+01   1.199656E+01   9.776807E+00  -1.000000E+01   3.432937E+00  -4.339335E+00        14
   4.637447E+03   1.077409E+06   1.079691E+01   1.079691E+01   1.199656E+01   9.776807E+00  -1.000000E+01   3.432937E+00  -4.339335E+00        14
   4.647447E+03   1.082057E+06   1.079691E+01   1.079691E+01   1.199656E+01   9.776807E+00  -1.000000E+01   3.432937E+00  -4.339335E+00        14
   4.657447E+03   1.086714E+06   1.079691E+01   1.079691E+01   1.199656E+01   9.776807E+00  -1.000000E+01   3.432937E+00  -4.339335E+00        14
   4.667447E+03   1.091381E+06   1.079691E+01   1.079691E+01   1.199656E+01   9.776807E+00  -1.000000E+01   3.432937E+00  -4.339335E+00        14
   4.677447E+03   1.096058E+06   1.079691E+01   1.079691E+01   1.199656E+01   9.776807E+00  -1.000000E+01   3.432937E+00  -4.339335E+00        14
   4.687447E+03   1.100745E+06   1.079691E+01   1.079691E+01   1.199656E+01   9.776807E+00  -1.000000E+01   3.432937E+00  -4.339335E+00        14
   4.697447E+03   1.105442E+06   1.079691E+01   1.079691E+01   1.199656E+01   9.776807E+00  -1.000000E+01   3.432937E+00  -4.339335E+00        14
   4.707447E+03   1.110149E+06   1.079691E+01   1.079691E+01   1.199656E+01   9.776807E+00  -1.000000E+01   3.432937E+00  -4.339335E+00        14
   4.717447E+03   1.114866E+06   1.079691E+01   1.079691E+01   1.199656E+01   9.776807E+00  -1.000000E+01   3.432937E+00  -4.339335E+00        14
   4.727447E+03   1.119593E+06   1.079691E+01   1.079691E+01   1.199656E+01   9.776807E+00  -1.000000E+01   3.432937E+00  -4.339335E+00        14
   4.737447E+03   1.124330E+06   1.079691E+01   1.079691E+01   1.199656E+01   9.776807E+00  -1.000000E+01   3.432937E+00  -4.339335E+00        14
   4.747447E+03   1.129077E+06   1.079691E+01   1.079691E+01   1.199656E+01   9.776807E+00  -1.000000E+01   3.432937E+00  -4.339335E+00        14
   4.757447E+03   1.133834E+06   1.079691E+01   1.079691E+01   1.199656E+01   9.776807E+00  -1.000000E+01   3.432937E+00  -4.339335E+00        14
   4.767447E+03   1.138601E+06   1.079691E+01   1.079691E+01   1.199656E+01   9.776807E+00  -1.000000E+01   3.432937E+00  -4.339335E+00        14
   4.777447E+03   1.143378E+06   1.079691E+01   1.079691E+01   1.199656E+01   9.776807E+00  -1.000000E+01   3.432937E+00  -4.339335E+00        14
   4.787447E+03   1.148165E+06   1.079691E+01   1.079691E+01   1.199656E+01   9.776807E+00  -1.000000E+01   3.432937E+00  -4.339335E+00        14
   4.797447E+03   1.152962E+06   1.079691E+01   1.079691E+01   1.199656E+01   9.776807E+00  -1.000000E+01   3.432937E+00  -4.339335E+00        14
   4.807447E+03   1.157769E+06   1.079691E+01   1.079691E+01   1.199656E+01   9.776807E+00  -1.000000E+01   3.432937E+00  -4.339335E+00        14
   4.817447E+03   1.162586E+06   1.079691E+01   1.079691E+01   1.199656E+01   9.776807E+00  -1.000000E+01   3.432937E+00  -4.339335E+00        14
   4.827447E+03   1.167413E+06   1.079691E+01   1.079691E+01   1.199656E+01   9.776807E+00  -1.000000E+01   3.432937E+00  -4.339335E+00        14
   4.837447E+03   1.172250E+06   1.079691E+01   1.079691E+01   1.199656E+01   9.776807E+00  -1.000000E+01   3.432937E+00  -4.339335E+00        14
   4.847447E+03   1.177097E+06   1.079691E+01   1.079691E+01   1.199656E+01   9.776807E+00  -1.000000E+01   3.432937E+00  -4.339335E+00        14
   4.857447E+03   1.181954E+06   1.079691E+01   1.079691E+01   1.199656E+01   9.776807E+00  -1.000000E+01   3.432937E+00  -4.339335E+00        14
   4.867447E+03   1.186821E+06   1.079691E+01   1.079691E+01   1.199656E+01   9.776807E+00  -1.000000E+01   3.432937E+00  -4.339335E+00        14
   4.877447E+03   1.191698E+06   1.079691E+01   1.079691E+01   1.199656E+01   9.776807E+00  -1.000000E+01   3.432937E+00  -4.339335E+00        14
   4.887447E+03   1.196585E+06   1.079691E+01   1.079691E+01   1.199656E+01   9.776807E+00  -1.000000E+01   3.432937E+00  -4.339335E+00        14
   4.897447E+03   1.201482E+06   1.079691E+01   1.079691E+01   1.199656E+01   9.776807E+00  -1.000000E+01   3.432937E+00  -4.339335E+00        14
   4.907447E+03   1.206389E+06   1.079691E+01   1.079691E+01   1.199656E+01   9.776807E+00  -1.000000E+01   3.432937E+00  -4.339335E+00        14
   4.917447E+03   1.211306E+06   1.079691E+01   1.079691E+01   1.199656E+01   9.776807E+00  -1.000000E+01   3.432937E+00  -4.339335E+00        14
   4.927447E+03   1.216233E+06   1.079691E+01   1.079691E+01   1.199656E+01   9.776807E+00  -1.000000E+01   3.432937E+00  -4.339335E+00        14
   4.937447E+03   1.221170E+06   1.079691E+01   1.079691E+01   1.199656E+01   9.776807E+00  -1.000000E+01   3.432937E+00  -4.339335E+00        14
   4.947447E+03   1.226117E+06   1.079691E+01   1.079691E+01   1.199656E+01   9.776807E+00  -1.000000E+01   3.432937E+00  -4.339335E+00        14
   4.957447E+03   1.231074E+06   1.079691E+01   1.079691E+01   1.199656E+01   9.776807E+00  -1.000000E+01   3.432937E+00  -4.339335E+00        14
   4.967447E+03   1.236041E+06   1.079691E+01   1.079691E+01   1.199656E+01   9.776807E+00  -1.000000E+01   3.432937E+00  -4.339335E+00        14
   4.977447E+03   1.241018E+06   1.079691E+01   1.079691E+01   1.199656E+01   9.776807E+00  -1.000000E+01   3.432937E+00  -4.339335E+00        14
   4.987447E+03   1.246005E+06   1.079691E+01   1.079691E+01   1.199656E+01   9.776807E+00  -1.000000E+01   3.432937E+00  -4.339335E+00        14
   4.997447E+03   1.251002E+06   1.079691E+01   1.079691E+01   1.199656E+01   9.776807E+00  -1.000000E+01   3.432937E+00  -4.339335E+00        14
   5.007447E+03   1.256009E+06   1.079691E+01   1.079691E+01   1.199656E+01   9.776807E+00  -1.000000E+01   3.432937E+00  -4.339335E+00        14
   5.017447E+03   1.261026E+06   1.079691E+01   1.079691E+01   1.199656E+01   9.776807E+00  -1.000000E+01   3.432937E+00  -4.339335E+00        14
   5.027447E+03   1.266053E+06   1.079691E+01   1.079691E+01   1.199656E+01   9.776807E+00  -1.000000E+01   3.432937E+00  -4.339335E+00        14
   5.037447E+03   1.271090E+06   1.079691E+01   1.079691E+01   1.199656E+01   9.776807E+00  -1.000000E+01   3.432937E+00  -4.339335E+00        14
   5.047447E+03   1.276137E+06   1.079691E+01   1.079691E+01   1.199656E+01   9.776807E+00  -1.000000E+01   3.432937E+00  -4.339335E+00        14
   5.057447E+03   1.281194E+06   1.079691E+01   1.079691E+01   1.199656E+01   9.776807E+00  -1.000000E+01   3.432937E+00  -4.339335E+00        14
   5.067447E+03   1.286261E+06   1.079691E+01   1.079691E+01   1.199656E+01   9.776807E+00  -1.000000E+01   3.432937E+00  -4.339335E+00        14
   5.077447E+03   1.291338E+06   1.079691E+01   1.079691E+01   1.199656E+01   9.776807E+00  -1.000000E+01   3.432937E+00  -4.339335E+00        14
   5.087447E+03   1.296425E+06   1.079691E+01   1.079691E+01   1.199656E+01   9.776807E+00  -1.000000E+01   3.432937E+00  -4.339335E+00        14
   5.097447E+03   1.301522E+06   1.079691E+01   1.079691E+01   1.199656E+01   9.776807E+00  -1.000000E+01   3.432937E+00  -4.339335E+00        14
   5.107447E+03   1.306629E+06   1.079691E+01   1.079691E+01   1.199656E+01   9.776807E+00  -1.000000E+01   3.432937E+00  -4.339335E+00        14
   5.117447E+03   1.311746E+06   1.079691E+01   1.079691E+01   1.199656E+01   9.776807E+00  -1.000000E+01   3.432937E+00  -4.339335E+00        14
   5.127447E+03   1.316873E+06   1.079691E+01   1.079691E+01   1.199656E+01   9.776807E+00  -1.000000E+01   3.432937E+00  -4.339335E+00        14
   5.137447E+03   1.322010E+06   1.079691E+01   1.079691E+01   1.199656E+01   9.776807E+00  -1.000000E+01   3.432937E+00  -4.339335E+00        14
   5.147447E+03   1.327157E+06   1.079691E+01   1.079691E+01   1.199656E+01   9.776807E+00  -1.000000E+01   3.432937E+00  -4.339335E+00        14
   5.157447E+03   1.332314E+06   1.079691E+01   1.079691E+01   1.199656E+01   9.776807E+00  -1.000000E+01   3.432937E+00  -4.339335E+00        14
   5.167447E+03   1.337481E+06   1.079691E+01   1.079691E+01   1.199656E+01   9.776807E+00  -1.000000E+01   3.432937E+00  -4.339335E+00        14
   5.177447E+03   1.342658E+06   1.079691E+01   1.079691E+01   1.199656E+01   9.776807E+00  -1.000000E+01   3.432937E+00  -4.339335E+00        14
   5.187447E+03   1.347845E+06   1.079691E+01   1.079691E+01   1.199656E+01   9.776807E+00  -1.000000E+01   3.432937E+00  -4.339335E+00        14
   5.197447E+03   1.353043E+06   1.079691E+01   1.079691E+01   1.199656E+01   9.776807E+00  -1.000000E+01   3.432937E+00  -4.339335E+00        14
   5.207447E+03   1.358250E+06   1.079691E+01   1.079691E+01   1.199656E+01   9.776807E+00  -1.000000E+01   3.432937E+00  -4.339335E+00        14
   5.217447E+03   1.363467E+06   1.079691E+01   1.079691E+01   1.199656E+01   9.776807E+00  -1.000000E+01   3.432937E+00  -4.339335E+00        14
   5.227447E+03   1.368694E+06   1.079691E+01   1.079691E+01   1.199656E+01   9.776807E+00  -1.000000E+01   3.432937E+00  -4.339335E+00        14
   5.237447E+03   1.373931E+06   1.079691E+01   1.079691E+01   1.199656E+01   9.776807E+00  -1.000000E+01   3.432937E+00  -4.339335E+00        14
   5.247447E+03   1.379178E+06   1.079691E+01   1.079691E+01   1.199656E+01   9.776807E+00  -1.000000E+01   3.432937E+00  -4.339335E+00        14
   5.257447E+03   1.384435E+06   1.079691E+01   1.079691E+01   1.199656E+01   9.776807E+00  -1.000000E+01   3.432937E+00  -4.339335E+00        14
   5.267447E+03   1.389702E+06   1.079691E+01   1.079691E+01   1.199656E+01   9.776807E+00  -1.000000E+01   3.432937E+00  -4.339335E+00        14
   5.277447E+03   1.394979E+06   1.079691E+01   1.079691E+01   1.199656E+01   9.776807E+00  -1.000000E+01   3.432937E+00  -4.339335E+00        14
   5.287447E+03   1.400266E+06   1.079691E+01   1.079691E+01   1.199656E+01   9.776807E+00  -1.000000E+01   3.432937E+00  -4.339335E+00        14
   5.297447E+03   1.405563E+06   1.079691E+01   1.079691E+01   1.199656E+01   9.776807E+00  -1.000000E+01   3.432937E+00  -4.339335E+00        14
   5.307447E+03   1.410870E+06   1.079691E+01   1.079691E+01   1.199656E+01   9.776807E+00  -1.000000E+01   3.432937E+00  -4.339335E+00        14
   5.317447E+03   1.416187E+06   1.079691E+01   1.079691E+01   1.199656E+01   9.776807E+00  -1.000000E+01   3.432937E+00  -4.339335E+00        14
   5.327447E+03   1.421514E+06   1.079691E+01   1.079691E+01   1.199656E+01   9.776807E+00  -1.000000E+01   3.432937E+00  -4.339335E+00        14
   5.337447E+03   1.426851E+06   1.079691E+01   1.079691E+01   1.199656E+01   9.776807E+00  -1.000000E+01   3.432937E+00  -4.339335E+00        14
   5.347447E+03   1.432198E+06   1.079691E+01   1.079691E+01   1.199656E+01   9.776807E+00  -1.000000E+01   3.432937E+00  -4.339335E+00        14
   5.357447E+03   1.437555E+06   1.079691E+01   1.079691E+01   1.199656E+01   9.776807E+00  -1.000000E+01   3.432937E+00  -4.339335E+00        14
   5.367447E+03   1.442922E+06   1.079691E+01   1.079691E+01   1.199656E+01   9.776807E+00  -1.000000E+01   3.432937E+00  -4.339335E+00        14
   5.377447E+03   1.448299E+06   1.079691E+01   1.079691E+01   1.199656E+01   9.776807E+00  -1.000000E+01   3.432937E+00  -4.339335E+00        14
   5.387447E+03   1.453686E+06   1.079691E+01   1.079691E+01   1.199656E+01   9.776807E+00  -1.000000E+01   3.432937E+00  -4.339335E+00        14
   5.397447E+03   1.459083E+06   1.079691E+01   1.079691E+01   1.199656E+01   9.776807E+00  -1.000000E+01   3.432937E+00  -4.339335E+00        14
   5.407447E+03   1.464490E+06   1.079691E+01   1.079691E+01   1.199656E+01   9.776807E+00  -1.000000E+01   3.432937E+00  -4.339335E+00        14
   5.417447E+03   1.469907E+06   1.079691E+01   1.079691E+01   1.199656E+01   9.776807E+00  -1.000000E+01   3.432937E+00  -4.339335E+00        14
   5.427447E+03   1.475334E+06   1.079691E+01   1.079691E+01   1.199656E+01   9.776807E+00  -1.000000E+01   3.432937E+00  -4.339335E+00        14
   5.437447E+03   1.480771E+06   1.079691E+01   1.079691E+01   1.199656E+01   9.776807E+00  -1.000000E+01   3.432937E+00  -4.339335E+00        14
   5.447447E+03   1.486218E+06   1.079691E+01   1.079691E+01   1.199656E+01   9.776807E+00  -1.000000E+01   3.432937E+00  -4.339335E+00        14
   5.457447E+03   1.491675E+06   1.079691E+01   1.079691E+01   1.199656E+01   9.776807E+00  -1.000000E+01   3.432937E+00  -4.339335E+00        14
   5.467447E+03   1.497142E+06   1.079691E+01   1.079691E+01   1.199656E+01   9.776807E+00  -1.000000E+01   3.432937E+00  -4.339335E+00        14
   5.477447E+03   1.502619E+06   1.079691E+01   1.079691E+01   1.199656E+01   9.776807E+00  -1.000000E+01   3.432937E+00  -4.339335E+00        14
   5.487447E+03   1.508106E+06   1.079691E+01   1.079691E+01   1.199656E+01   9.776807E+00  -1.000000E+01   3.432937E+00  -4.339335E+00        14
   5.497447E+03   1.513603E+06   1.079691E+01   1.079691E+01   1.199656E+01   9.776807E+00  -1.000000E+01   3.432937E+00  -4.339335E+00        14
   5.507447E+03   1.519110E+06   1.079691E+01   1.079691E+01   1.199656E+01   9.776807E+00  -1.000000E+01   3.432937E+00  -4.339335E+00        14
   5.517447E+03   1.524627E+06   1.079691E+01   1.079691E+01   1.199656E+01   9.776807E+00  -1.000000E+01   3.432937E+00  -4.339335E+00        14
   5.527447E+03   1.530154E+06   1.079691E+01   1.079691E+01   1.199656E+01   9.776807E+00  -1.000000E+01   3.432937E+00  -4.339335E+00        14
   5.537447E+03   1.535691E+06   1.079691E+01   1.079691E+01   1.199656E+01   9.776807E+00  -1.000000E+01   3.432937E+00  -4.339335E+00        14
   5.547447E+03   1.541238E+06   1.079691E+01   1.079691E+01   1.199656E+01   9.776807E+00  -1.000000E+01   3.432937E+00  -4.339335E+00        14
   5.557447E+03   1.546795E+06   1.079691E+01   1.079691E+01   1.199656E+01   9.776807E+00  -1.000000E+01   3.432937E+00  -4.339335E+00        14
   5.567447E+03   1.552362E+06   1.079691E+01   1.079691E+01   1.199656E+01   9.776807E+00  -1.000000E+01   3.432937E+00  -4.339335E+00        14
   5.577447E+03   1.557939E+06   1.079691E+01   1.079691E+01   1.199656E+01   9.776807E+00  -1.000000E+01   3.432937E+00  -4.339335E+00        14
   5.587447E+03   1.563526E+06   1.079691E+01   1.079691E+01   1.199656E+01   9.776807E+00  -1.000000E+01   3.432937E+00  -4.339335E+00        14
   5.597447E+03   1.569123E+06   1.079691E+01   1.079691E+01   1.199656E+01   9.776807E+00  -1.000000E+01   3.432937E+00  -4.339335E+00        14
   5.607447E+03   1.574730E+06   1.079691E+01   1.079691E+01   1.199656E+01   9.776807E+00  -1.000000E+01   3.432937E+00  -4.339335E+00        14
   5.617447E+03   1.580347E+06   1.079691E+01   1.079691E+01   1.199656E+01   9.776807E+00  -1.000000E+01   3.432937E+00  -4.339335E+00        14
   5.627447E+03   1.585974E+06   1.079691E+01   1.079691E+01   1.199656E+01   9.776807E+00  -1.000000E+01   3.432937E+00  -4.339335E+00        14
   5.637447E+03   1.591611E+06   1.079691E+01   1.079691E+01   1.199656E+01   9.776807E+00  -1.000000E+01   3.432937E+00  -4.339335E+00        14
   5.647447E+03   1.597258E+06   1.079691E+01   1.079691E+01   1.199656E+01   9.776807E+00  -1.000000E+01   3.432937E+00  -4.339335E+00        14
   5.657447E+03   1.602915E+06   1.079691E+01   1.079691E+01   1.199656E+01   9.776807E+00  -1.000000E+01   3.432937E+00  -4.339335E+00        14
   5.667447E+03   1.608582E+06   1.079691E+01   1.079691E+01   1.199656E+01   9.776807E+00  -1.000000E+01   3.432937E+00  -4.339335E+00        14
   5.677447E+03   1.614259E+06   1.079691E+01   1.079691E+01   1.199656E+01   9.776807E+00  -1.000000E+01   3.432937E+00  -4.339335E+00        14
   5.687447E+03   1.619946E+06   1.079691E+01   1.079691E+01   1.199656E+01   9.776807E+00  -1.000000E+01   3.432937E+00  -4.339335E+00        14
   5.697447E+03   1.625643E+06   1.079691E+01   1.079691E+01   1.199656E+01   9.776807E+00  -1.000000E+01   3.432937E+00  -4.339335E+00        14
   5.707447E+03   1.631350E+06   1.079691E+01   1.079691E+01   1.199656E+01   9.776807E+00  -1.000000E+01   3.432937E+00  -4.339335E+00        14
   5.717447E+03   1.637067E+06   1.079691E+01   1.079691E+01   1.199656E+01   9.776807E+00  -1.000000E+01   3.432937E+00  -4.339335E+00        14
   5.727447E+03   1.642794E+06   1.079691E+01   1.079691E+01   1.199656E+01   9.776807E+00  -1.000000E+01   3.432937E+00  -4.339335E+00        14
   5.737447E+03   1.648532E+06   1.079691E+01   1.079691E+01   1.199656E+01   9.776807E+00  -1.000000E+01   3.432937E+00  -4.339335E+00        14
   5.747447E+03   1.654279E+06   1.079691E+01   1.079691E+01   1.199656E+01   9.776807E+00  -1.000000E+01   3.432937E+00  -4.339335E+00        14
   5.757447E+03   1.660036E+06   1.079691E+01   1.079691E+01   1.199656E+01   9.776807E+00  -1.000000E+01   3.432937E+00  -4.339335E+00        14
   5.767447E+03   1.665803E+06   1.079691E+01   1.079691E+01   1.199656E+01   9.776807E+00  -1.000000E+01   3.432937E+00  -4.339335E+00        14
   5.777447E+03   1.671580E+06   1.079691E+01   1.079691E+01   1.199656E+01   9.776807E+00  -1.000000E+01   3.432937E+00  -4.339335E+00        14
   5.787447E+03   1.677367E+06   1.079691E+01   1.079691E+01   1.199656E+01   9.776807E+00  -1.000000E+01   3.432937E+00  -4.339335E+00        14
   5.797447E+03   1.683164E+06   1.079691E+01   1.079691E+01   1.199656E+01   9.776807E+00  -1.000000E+01   3.432937E+00  -4.339335E+00        14
   5.807447E+03   1.688971E+06   1.079691E+01   1.079691E+01   1.199656E+01   9.776807E+00  -1.000000E+01   3.432937E+00  -4.339335E+00        14
   5.817447E+03   1.694788E+06   1.079691E+01   1.079691E+01   1.199656E+01   9.776807E+00  -1.000000E+01   3.432937E+00  -4.339335E+00        14
   5.827447E+03   1.700615E+06   1.079691E+01   1.079691E+01   1.199656E+01   9.776807E+00  -1.000000E+01   3.432937E+00  -4.339335E+00        14
   5.837447E+03   1.706452E+06   1.079691E+01   1.079691E+01   1.199656E+01   9.776807E+00  -1.000000E+01   3.432937E+00  -4.339335E+00        14
   5.847447E+03   1.712299E+06   1.079691E+01   1.079691E+01   1.199656E+01   9.776807E+00  -1.000000E+01   3.432937E+00  -4.339335E+00        14
   5.857447E+03   1.718156E+06   1.079691E+01   1.079691E+01   1.199656E+01   9.776807E+00  -1.000000E+01   3.432937E+00  -4.339335E+00        14
   5.867447E+03   1.724023E+06   1.079691E+01   1.079691E+01   1.199656E+01   9.776807E+00  -1.000000E+01   3.432937E+00  -4.339335E+00        14
   5.877447E+03   1.729900E+06   1.079691E+01   1.079691E+01   1.199656E+01   9.776807E+00  -1.000000E+01   3.432937E+00  -4.339335E+00        14
   5.887447E+03   1.735787E+06   1.079691E+01   1.079691E+01   1.199656E+01   9.776807E+00  -1.000000E+01   3.432937E+00  -4.339335E+00        14
   5.897447E+03   1.741684E+06   1.079691E+01   1.079691E+01   1.199656E+01   9.776807E+00  -1.000000E+01   3.432937E+00  -4.339335E+00        14
   5.907447E+03   1.747591E+06   1.079691E+01   1.079691E+01   1.199656E+01   9.776807E+00  -1.000000E+01   3.432937E+00  -4.339335E+00        14
   5.917447E+03   1.753508E+06   1.079691E+01   1.079691E+01   1.199656E+01   9.776807E+00  -1.000000E+01   3.432937E+00  -4.339335E+00        14
   5.927447E+03   1.759435E+06   1.079691E+01   1.079691E+01   1.199656E+01   9.776807E+00  -1.000000E+01   3.432937E+00  -4.339335E+00        14
   5.937447E+03   1.765372E+06   1.079691E+01   1.079691E+01   1.199656E+01   9.776807E+00  -1.000000E+01   3.432937E+00  -4.339335E+00        14
   5.947447E+03   1.771319E+06   1.079691E+01   1.079691E+01   1.199656E+01   9.776807E+00  -1.000000E+01   3.432937E+00  -4.339335E+00        14
   5.957447E+03   1.777276E+06   1.079691E+01   1.079691E+01   1.199656E+01   9.776807E+00  -1.000000E+01   3.432937E+00  -4.339335E+00        14
   5.967447E+03   1.783243E+06   1.079691E+01   1.079691E+01   1.199656E+01   9.776807E+00  -1.000000E+01   3.432937E+00  -4.339335E+00        14
   5.977447E+03   1.789220E+06   1.079691E+01   1.079691E+01   1.199656E+01   9.776807E+00  -1.000000E+01   3.432937E+00  -4.339335E+00        14
   5.987447E+03   1.795207E+06   1.079691E+01   1.079691E+01   1.199656E+01   9.776807E+00  -1.000000E+01   3.432937E+00  -4.339335E+00        14
   5.997447E+03   1.801204E+06   1.079691E+01   1.079691E+01   1.199656E+01   9.776807E+00  -1.000000E+01   3.432937E+00  -4.339335E+00        14
   6.007447E+03   1.807211E+06   1.079691E+01   1.079691E+01   1.199656E+01   9.776807E+00  -1.000000E+01   3.432937E+00  -4.339335E+00        14
   6.017447E+03   1.813228E+06   1.079691E+01   1.079691E+01   1.199656E+01   9.776807E+00  -1.000000E+01   3.432937E+00  -4.339335E+00        14
   6.027447E+03   1.819255E+06   1.079691E+01   1.079691E+01   1.199656E+01   9.776807E+00  -1.000000E+01   3.432937E+00  -4.339335E+00        14
   6.037447E+03   1.825292E+06   1.079691E+01   1.079691E+01   1.199656E+01   9.776807E+00  -1.000000E+01   3.432937E+00  -4.339335E+00        14
   6.047447E+03   1.831339E+06   1.079691E+01   1.079691E+01   1.199656E+01   9.776807E+00  -1.000000E+01   3.432937E+00  -4.339335E+00        14
   6.057447E+03   1.837396E+06   1.079691E+01   1.079691E+01   1.199656E+01   9.776807E+00  -1.000000E+01   3.432937E+00  -4.339335E+00        14
   6.067447E+03   1.843463E+06   1.079691E+01   1.079691E+01   1.199656E+01   9.776807E+00  -1.000000E+01   3.432937E+00  -4.339335E+00        14
   6.077447E+03   1.849540E+06   1.079691E+01   1.079691E+01   1.199656E+01   9.776807E+00  -1.000000E+01   3.432937E+00  -4.339335E+00        14
   6.087447E+03   1.855627E+06   1.079691E+01   1.079691E+01   1.199656E+01   9.776807E+00  -1.000000E+01   3.432937E+00  -4.339335E+00        14
   6.097447E+03   1.861724E+06   1.079691E+01   1.079691E+01   1.199656E+01   9.776807E+00  -1.000000E+01   3.432937E+00  -4.339335E+00        14
   6.107447E+03   1.867831E+06   1.079691E+01   1.079691E+01   1.199656E+01   9.776807E+00  -1.000000E+01   3.432937E+00  -4.339335E+00        14
   6.117447E+03   1.873948E+06   1.079691E+01   1.079691E+01   1.199656E+01   9.776807E+00  -1.000000E+01   3.432937E+00  -4.339335E+00        14
   6.127447E+03   1.880075E+06   1.079691E+01   1.079691E+01   1.199656E+01   9.776807E+00  -1.000000E+01   3.432937E+00  -4.339335E+00        14
   6.137447E+03   1.886212E+06   1.079691E+01   1.079691E+01   1.199656E+01   9.776807E+00  -1.000000E+01   3.432937E+00  -4.339335E+00        14
   6.147447E+03   1.892359E+06   1.079691E+01   1.079691E+01   1.199656E+01   9.776807E+00  -1.000000E+01   3.432937E+00  -4.339335E+00        14
   6.157447E+03   1.898516E+06   1.079691E+01   1.079691E+01   1.199656E+01   9.776807E+00  -1.000000E+01   3.432937E+00  -4.339335E+00        14
   6.167447E+03   1.904683E+06   1.079691E+01   1.079691E+01   1.199656E+01   9.776807E+00  -1.000000E+01   3.432937E+00  -4.339335E+00        14
   6.177447E+03   1.910860E+06   1.079691E+01   1.079691E+01   1.199656E+01   9.776807E+00  -1.000000E+01   3.432937E+00  -4.339335E+00        14
   6.187447E+03   1.917047E+06   1.079691E+01   1.079691E+01   1.199656E+01   9.776807E+00  -1.000000E+01   3.432937E+00  -4.339335E+00        14
   6.197447E+03   1.923244E+06   1.079691E+01   1.079691E+01   1.199656E+01   9.776807E+00  -1.000000E+01   3.432937E+00  -4.339335E+00        14
   6.207447E+03   1.929451E+06   1.079691E+01   1.079691E+01   1.199656E+01   9.776807E+00  -1.000000E+01   3.432937E+00  -4.339335E+00        14
   6.217447E+03   1.935668E+06   1.079691E+01   1.079691E+01   1.199656E+01   9.776807E+00  -1.000000E+01   3.432937E+00  -4.339335E+00        14
   6.227447E+03   1.941895E+06   1.079691E+01   1.079691E+01   1.199656E+01   9.776807E+00  -1.000000E+01   3.432937E+00  -4.339335E+00        14
   6.237447E+03   1.948132E+06   1.079691E+01   1.079691E+01   1.199656E+01   9.776807E+00  -1.000000E+01   3.432937E+00  -4.339335E+00        14
   6.247447E+03   1.954379E+06   1.079691E+01   1.079691E+01   1.199656E+01   9.776807E+00  -1.000000E+01   3.432937E+00  -4.339335E+00        14
   6.257447E+03   1.960636E+06   1.079691E+01   1.079691E+01   1.199656E+01   9.776807E+00  -1.000000E+01   3.432937E+00  -4.339335E+00        14
   6.267447E+03   1.966903E+06   1.079691E+01   1.079691E+01   1.199656E+01   9.776807E+00  -1.000000E+01   3.432937E+00  -4.339335E+00        14
   6.277447E+03   1.973180E+06   1.079691E+01   1.079691E+01   1.199656E+01   9.776807E+00  -1.000000E+01   3.432937E+00  -4.339335E+00        14
   6.287447E+03   1.979468E+06   1.079691E+01   1.079691E+01   1.199656E+01   9.776807E+00  -1.000000E+01   3.432937E+00  -4.339335E+00        14
   6.297447E+03   1.985765E+06   1.079691E+01   1.079691E+01   1.199656E+01   9.776807E+00  -1.000000E+01   3.432937E+00  -4.339335E+00        14
   6.307447E+03   1.992072E+06   1.079691E+01   1.079691E+01   1.199656E+01   9.776807E+00  -1.000000E+01   3.432937E+00  -4.339335E+00        14
   6.317447E+03   1.998389E+06   1.079691E+01   1.079691E+01   1.199656E+01   9.776807E+00  -1.000000E+01   3.432937E+00  -4.339335E+00        14
   6.327447E+03   2.004716E+06   1.079691E+01   1.079691E+01   1.199656E+01   9.776807E+00  -1.000000E+01   3.432937E+00  -4.339335E+00        14
   6.337447E+03   2.011053E+06   1.079691E+01   1.079691E+01   1.199656E+01   9.776807E+00  -1.000000E+01   3.432937E+00  -4.339335E+00        14
   6.347447E+03   2.017400E+06   1.079691E+01   1.079691E+01   1.199656E+01   9.776807E+00  -1.000000E+01   3.432937E+00  -4.339335E+00        14
   6.357447E+03   2.023757E+06   1.079691E+01   1.079691E+01   1.199656E+01   9.776807E+00  -1.000000E+01   3.432937E+00  -4.339335E+00        14
   6.367447E+03   2.030124E+06   1.079691E+01   1.079691E+01   1.199656E+01   9.776807E+00  -1.000000E+01   3.432937E+00  -4.339335E+00        14
   6.377447E+03   2.036501E+06   1.079691E+01   1.079691E+01   1.199656E+01   9.776807E+00  -1.000000E+01   3.432937E+00  -4.339335E+00        14
   6.387447E+03   2.042888E+06   1.079691E+01   1.079691E+01   1.199656E+01   9.776807E+00  -1.000000E+01   3.432937E+00  -4.339335E+00        14
   6.397447E+03   2.049285E+06   1.079691E+01   1.079691E+01   1.199656E+01   9.776807E+00  -1.000000E+01   3.432937E+00  -4.339335E+00        14
   6.407447E+03   2.055692E+06   1.079691E+01   1.079691E+01   1.199656E+01   9.776807E+00  -1.000000E+01   3.432937E+00  -4.339335E+00        14
   6.417447E+03   2.062109E+06   1.079691E+01   1.079691E+01   1.199656E+01   9.776807E+00  -1.000000E+01   3.432937E+00  -4.339335E+00        14
   6.427447E+03   2.068536E+06   1.079691E+01   1.079691E+01   1.199656E+01   9.776807E+00  -1.000000E+01   3.432937E+00  -4.339335E+00        14
   6.437447E+03   2.074973E+06   1.079691E+01   1.079691E+01   1.199656E+01   9.776807E+00  -1.000000E+01   3.432937E+00  -4.339335E+00        14
   6.447447E+03   2.081420E+06   1.079691E+01   1.079691E+01   1.199656E+01   9.776807E+00  -1.000000E+01   3.432937E+00  -4.339335E+00        14
   6.457447E+03   2.087877E+06   1.079691E+01   1.079691E+01   1.199656E+01   9.776807E+00  -1.000000E+01   3.432937E+00  -4.339335E+00        14
   6.467447E+03   2.094344E+06   1.079691E+01   1.079691E+01   1.199656E+01   9.776807E+00  -1.000000E+01   3.432937E+00  -4.339335E+00        14
   6.477447E+03   2.100821E+06   1.079691E+01   1.079691E+01   1.199656E+01   9.776807E+00  -1.000000E+01   3.432937E+00  -4.339335E+00        14
   6.487447E+03   2.107308E+06   1.079691E+01   1.079691E+01   1.199656E+01   9.776807E+00  -1.000000E+01   3.432937E+00  -4.339335E+00        14
   6.497447E+03   2.113805E+06   1.079691E+01   1.079691E+01   1.199656E+01   9.776807E+00  -1.000000E+01   3.432937E+00  -4.339335E+00        14
   6.507447E+03   2.120312E+06   1.079691E+01   1.079691E+01   1.199656E+01   9.776807E+00  -1.000000E+01   3.432937E+00  -4.339335E+00        14
   6.517447E+03   2.126829E+06   1.079691E+01   1.079691E+01   1.199656E+01   9.776807E+00  -1.000000E+01   3.432937E+00  -4.339335E+00        14
   6.527447E+03   2.133356E+06   1.079691E+01   1.079691E+01   1.199656E+01   9.776807E+00  -1.000000E+01   3.432937E+00  -4.339335E+00        14
   6.537447E+03   2.139893E+06   1.079691E+01   1.079691E+01   1.199656E+01   9.776807E+00  -1.000000E+01   3.432937E+00  -4.339335E+00        14
   6.547447E+03   2.146440E+06   1.079691E+01   1.079691E+01   1.199656E+01   9.776807E+00  -1.000000E+01   3.432937E+00  -4.339335E+00        14
   6.557447E+03   2.152997E+06   1.079691E+01   1.079691E+01   1.199656E+01   9.776807E+00  -1.000000E+01   3.432937E+00  -4.339335E+00        14
   6.567447E+03   2.159564E+06   1.079691E+01   1.079691E+01   1.199656E+01   9.776807E+00  -1.000000E+01   3.432937E+00  -4.339335E+00        14
   6.577447E+03   2.166141E+06   1.079691E+01   1.079691E+01   1.199656E+01   9.776807E+00  -1.000000E+01   3.432937E+00  -4.339335E+00        14
   6.587447E+03   2.172728E+06   1.079691E+01   1.079691E+01   1.199656E+01   9.776807E+00  -1.000000E+01   3.432937E+00  -4.339335E+00        14
   6.597447E+03   2.179325E+06   1.079691E+01   1.079691E+01   1.199656E+01   9.776807E+00  -1.000000E+01   3.432937E+00  -4.339335E+00        14
   6.607447E+03   2.185932E+06   1.079691E+01   1.079691E+01   1.199656E+01   9.776807E+00  -1.000000E+01   3.432937E+00  -4.339335E+00        14
   6.617447E+03   2.192549E+06   1.079691E+01   1.079691E+01   1.199656E+01   9.776807E+00  -1.000000E+01   3.432937E+00  -4.339335E+00        14
   6.627447E+03   2.199176E+06   1.079691E+01   1.079691E+01   1.199656E+01   9.776807E+00  -1.000000E+01   3.432937E+00  -4.339335E+00        14
   6.637447E+03   2.205813E+06   1.079691E+01   1.079691E+01   1.199656E+01   9.776807E+00  -1.000000E+01   3.432937E+00  -4.339335E+00        14
   6.647447E+03   2.212460E+06   1.079691E+01   1.079691E+01   1.199656E+01   9.776807E+00  -1.000000E+01   3.432937E+00  -4.339335E+00        14
   6.657447E+03   2.219117E+06   1.079691E+01   1.079691E+01   1.199656E+01   9.776807E+00  -1.000000E+01   3.432937E+00  -4.339335E+00        14
   6.667447E+03   2.225784E+06   1.079691E+01   1.079691E+01   1.199656E+01   9.776807E+00  -1.000000E+01   3.432937E+00  -4.339335E+00        14
   6.677447E+03   2.232461E+06   1.079691E+01   1.079691E+01   1.199656E+01   9.776807E+00  -1.000000E+01   3.432937E+00  -4.339335E+00        14
   6.687447E+03   2.239148E+06   1.079691E+01   1.079691E+01   1.199656E+01   9.776807E+00  -1.000000E+01   3.432937E+00  -4.339335E+00        14
   6.697447E+03   2.245845E+06   1.079691E+01   1.079691E+01   1.199656E+01   9.776807E+00  -1.000000E+01   3.432937E+00  -4.339335E+00        14
   6.707447E+03   2.252552E+06   1.079691E+01   1.079691E+01   1.199656E+01   9.776807E+00  -1.000000E+01   3.432937E+00  -4.339335E+00        14
   6.717447E+03   2.259269E+06   1.079691E+01   1.079691E+01   1.199656E+01   9.776807E+00  -1.000000E+01   3.432937E+00  -4.339335E+00        14
   6.727447E+03   2.265996E+06   1.079691E+01   1.079691E+01   1.199656E+01   9.776807E+00  -1.000000E+01   3.432937E+00  -4.339335E+00        14
   6.737447E+03   2.272733E+06   1.079691E+01   1.079691E+01   1.199656E+01   9.776807E+00  -1.000000E+01   3.432937E+00  -4.339335E+00        14
   6.747447E+03   2.279480E+06   1.079691E+01   1.079691E+01   1.199656E+01   9.776807E+00  -1.000000E+01   3.432937E+00  -4.339335E+00        14
   6.757447E+03   2.286237E+06   1.079691E+01   1.079691E+01   1.199656E+01   9.776807E+00  -1.000000E+01   3.432937E+00  -4.339335E+00        14
   6.767447E+03   2.293004E+06   1.079691E+01   1.079691E+01   1.199656E+01   9.776807E+00  -1.000000E+01   3.432937E+00  -4.339335E+00        14
   6.777447E+03   2.299781E+06   1.079691E+01   1.079691E+01   1.199656E+01   9.776807E+00  -1.000000E+01   3.432937E+00  -4.339335E+00        14
   6.787447E+03   2.306568E+06   1.079691E+01   1.079691E+01   1.199656E+01   9.776807E+00  -1.000000E+01   3.432937E+00  -4.339335E+00        14
   6.797447E+03   2.313365E+06   1.079691E+01   1.079691E+01   1.199656E+01   9.776807E+00  -1.000000E+01   3.432937E+00  -4.339335E+00        14
   6.807447E+03   2.320172E+06   1.079691E+01   1.079691E+01   1.199656E+01   9.776807E+00  -1.000000E+01   3.432937E+00  -4.339335E+00        14
   6.817447E+03   2.326989E+06   1.079691E+01   1.079691E+01   1.199656E+01   9.776807E+00  -1.000000E+01   3.432937E+00  -4.339335E+00        14
   6.827447E+03   2.333817E+06   1.079691E+01   1.079691E+01   1.199656E+01   9.776807E+00  -1.000000E+01   3.432937E+00  -4.339335E+00        14
   6.837447E+03   2.340654E+06   1.079691E+01   1.079691E+01   1.199656E+01   9.776807E+00  -1.000000E+01   3.432937E+00  -4.339335E+00        14
   6.847447E+03   2.347501E+06   1.079691E+01   1.079691E+01   1.199656E+01   9.776807E+00  -1.000000E+01   3.432937E+00  -4.339335E+00        14
   6.857447E+03   2.354358E+06   1.079691E+01   1.079691E+01   1.199656E+01   9.776807E+00  -1.000000E+01   3.432937E+00  -4.339335E+00        14
   6.867447E+03   2.361225E+06   1.079691E+01   1.079691E+01   1.199656E+01   9.776807E+00  -1.000000E+01   3.432937E+00  -4.339335E+00        14
   6.877447E+03   2.368102E+06   1.079691E+01   1.079691E+01   1.199656E+01   9.776807E+00  -1.000000E+01   3.432937E+00  -4.339335E+00        14
   6.887447E+03   2.374989E+06   1.079691E+01   1.079691E+01   1.199656E+01   9.776807E+00  -1.000000E+01   3.432937E+00  -4.339335E+00        14
   6.897447E+03   2.381886E+06   1.079691E+01   1.079691E+01   1.199656E+01   9.776807E+00  -1.000000E+01   3.432937E+00  -4.339335E+00        14
   6.907447E+03   2.388793E+06   1.079691E+01   1.079691E+01   1.199656E+01   9.776807E+00  -1.000000E+01   3.432937E+00  -4.339335E+00        14
   6.917447E+03   2.395710E+06   1.079691E+01   1.079691E+01   1.199656E+01   9.776807E+00  -1.000000E+01   3.432937E+00  -4.339335E+00        14
   6.927447E+03   2.402637E+06   1.079691E+01   1.079691E+01   1.199656E+01   9.776807E+00  -1.000000E+01   3.432937E+00  -4.339335E+00        14
   6.937447E+03   2.409574E+06   1.079691E+01   1.079691E+01   1.199656E+01   9.776807E+00  -1.000000E+01   3.432937E+00  -4.339335E+00        14
   6.947447E+03   2.416521E+06   1.079691E+01   1.079691E+01   1.199656E+01   9.776807E+00  -1.000000E+01   3.432937E+00  -4.339335E+00        14
   6.957447E+03   2.423478E+06   1.079691E+01   1.079691E+01   1.199656E+01   9.776807E+00  -1.000000E+01   3.432937E+00  -4.339335E+00        14
   6.967447E+03   2.430445E+06   1.079691E+01   1.079691E+01   1.199656E+01   9.776807E+00  -1.000000E+01   3.432937E+00  -4.339335E+00        14
   6.977447E+03   2.437422E+06   1.079691E+01   1.079691E+01   1.199656E+01   9.776807E+00  -1.000000E+01   3.432937E+00  -4.339335E+00        14
   6.987447E+03   2.444409E+06   1.079691E+01   1.079691E+01   1.199656E+01   9.776807E+00  -1.000000E+01   3.432937E+00  -4.339335E+00        14
   6.997447E+03   2.451406E+06   1.079691E+01   1.079691E+01   1.199656E+01   9.776807E+00  -1.000000E+01   3.432937E+00  -4.339335E+00        14
   7.007447E+03   2.458413E+06   1.079691E+01   1.079691E+01   1.199656E+01   9.776807E+00  -1.000000E+01   3.432937E+00  -4.339335E+00        14
   7.017447E+03   2.465430E+06   1.079691E+01   1.079691E+01   1.199656E+01   9.776807E+00  -1.000000E+01   3.432937E+00  -4.339335E+00        14
   7.027447E+03   2.472457E+06   1.079691E+01   1.079691E+01   1.199656E+01   9.776807E+00  -1.000000E+01   3.432937E+00  -4.339335E+00        14
   7.037447E+03   2.479494E+06   1.079691E+01   1.079691E+01   1.199656E+01   9.776807E+00  -1.000000E+01   3.432937E+00  -4.339335E+00        14
   7.047447E+03   2.486541E+06   1.079691E+01   1.079691E+01   1.199656E+01   9.776807E+00  -1.000000E+01   3.432937E+00  -4.339335E+00        14
   7.057447E+03   2.493598E+06   1.079691E+01   1.079691E+01   1.199656E+01   9.776807E+00  -1.000000E+01   3.432937E+00  -4.339335E+00        14
   7.067447E+03   2.500665E+06   1.079691E+01   1.079691E+01   1.199656E+01   9.776807E+00  -1.000000E+01   3.432937E+00  -4.339335E+00        14
   7.077447E+03   2.507742E+06   1.079691E+01   1.079691E+01   1.199656E+01   9.776807E+00  -1.000000E+01   3.432937E+00  -4.339335E+00        14
   7.087447E+03   2.514829E+06   1.079691E+01   1.079691E+01   1.199656E+01   9.776807E+00  -1.000000E+01   3.432937E+00  -4.339335E+00        14
   7.097447E+03   2.521926E+06   1.079691E+01   1.079691E+01   1.199656E+01   9.776807E+00  -1.000000E+01   3.432937E+00  -4.339335E+00        14
   7.107447E+03   2.529033E+06   1.079691E+01   1.079691E+01   1.199656E+01   9.776807E+00  -1.000000E+01   3.432937E+00  -4.339335E+00        14
   7.117447E+03   2.536150E+06   1.079691E+01   1.079691E+01   1.199656E+01   9.776807E+00  -1.000000E+01   3.432937E+00  -4.339335E+00        14
   7.127447E+03   2.543277E+06   1.079691E+01   1.079691E+01   1.199656E+01   9.776807E+00  -1.000000E+01   3.432937E+00  -4.339335E+00        14
   7.137447E+03   2.550414E+06   1.079691E+01   1.079691E+01   1.199656E+01   9.776807E+00  -1.000000E+01   3.432937E+00  -4.339335E+00        14
   7.147447E+03   2.557561E+06   1.079691E+01   1.079691E+01   1.199656E+01   9.776807E+00  -1.000000E+01   3.432937E+00  -4.339335E+00        14
   7.157447E+03   2.564718E+06   1.079691E+01   1.079691E+01   1.199656E+01   9.776807E+00  -1.000000E+01   3.432937E+00  -4.339335E+00        14
   7.167447E+03   2.571885E+06   1.079691E+01   1.079691E+01   1.199656E+01   9.776807E+00  -1.000000E+01   3.432937E+00  -4.339335E+00        14
   7.177447E+03   2.579062E+06   1.079691E+01   1.079691E+01   1.199656E+01   9.776807E+00  -1.000000E+01   3.432937E+00  -4.339335E+00        14
   7.187447E+03   2.586249E+06   1.079691E+01   1.079691E+01   1.199656E+01   9.776807E+00  -1.000000E+01   3.432937E+00  -4.339335E+00        14
   7.197447E+03   2.593446E+06   1.079691E+01   1.079691E+01   1.199656E+01   9.776807E+00  -1.000000E+01   3.432937E+00  -4.339335E+00        14
   7.207447E+03   2.600653E+06   1.079691E+01   1.079691E+01   1.199656E+01   9.776807E+00  -1.000000E+01   3.432937E+00  -4.339335E+00        14
   7.217447E+03   2.607870E+06   1.079691E+01   1.079691E+01   1.199656E+01   9.776807E+00  -1.000000E+01   3.432937E+00  -4.339335E+00        14
   7.227447E+03   2.615097E+06   1.079691E+01   1.079691E+01   1.199656E+01   9.776807E+00  -1.000000E+01   3.432937E+00  -4.339335E+00        14
   7.237447E+03   2.622334E+06   1.079691E+01   1.079691E+01   1.199656E+01   9.776807E+00  -1.000000E+01   3.432937E+00  -4.339335E+00        14
   7.247447E+03   2.629581E+06   1.079691E+01   1.079691E+01   1.199656E+01   9.776807E+00  -1.000000E+01   3.432937E+00  -4.339335E+00        14
   7.257447E+03   2.636838E+06   1.079691E+01   1.079691E+01   1.199656E+01   9.776807E+00  -1.000000E+01   3.432937E+00  -4.339335E+00        14
   7.267447E+03   2.644105E+06   1.079691E+01   1.079691E+01   1.199656E+01   9.776807E+00  -1.000000E+01   3.432937E+00  -4.339335E+00        14
   7.277447E+03   2.651382E+06   1.079691E+01   1.079691E+01   1.199656E+01   9.776807E+00  -1.000000E+01   3.432937E+00  -4.339335E+00        14
   7.287447E+03   2.658669E+06   1.079691E+01   1.079691E+01   1.199656E+01   9.776807E+00  -1.000000E+01   3.432937E+00  -4.339335E+00        14
   7.297447E+03   2.665966E+06   1.079691E+01   1.079691E+01   1.199656E+01   9.776807E+00  -1.000000E+01   3.432937E+00  -4.339335E+00        14
   7.307447E+03   2.673273E+06   1.079691E+01   1.079691E+01   1.199656E+01   9.776807E+00  -1.000000E+01   3.432937E+00  -4.339335E+00        14
   7.317447E+03   2.680590E+06   1.079691E+01   1.079691E+01   1.199656E+01   9.776807E+00  -1.000000E+01   3.432937E+00  -4.339335E+00        14
   7.327447E+03   2.687917E+06   1.079691E+01   1.079691E+01   1.199656E+01   9.776807E+00  -1.000000E+01   3.432937E+00  -4.339335E+00        14
   7.337447E+03   2.695254E+06   1.079691E+01   1.079691E+01   1.199656E+01   9.776807E+00  -1.000000E+01   3.432937E+00  -4.339335E+00        14
   7.347447E+03   2.702601E+06   1.079691E+01   1.079691E+01   1.199656E+01   9.776807E+00  -1.000000E+01   3.432937E+00  -4.339335E+00        14
   7.357447E+03   2.709958E+06   1.079691E+01   1.079691E+01   1.199656E+01   9.776807E+00  -1.000000E+01   3.432937E+00  -4.339335E+00        14
   7.367447E+03   2.717325E+06   1.079691E+01   1.079691E+01   1.199656E+01   9.776807E+00  -1.000000E+01   3.432937E+00  -4.339335E+00        14
   7.377447E+03   2.724703E+06   1.079691E+01   1.079691E+01   1.199656E+01   9.776807E+00  -1.000000E+01   3.432937E+00  -4.339335E+00        14
   7.387447E+03   2.732090E+06   1.079691E+01   1.079691E+01   1.199656E+01   9.776807E+00  -1.000000E+01   3.432937E+00  -4.339335E+00        14
   7.397447E+03   2.739487E+06   1.079691E+01   1.079691E+01   1.199656E+01   9.776807E+00  -1.000000E+01   3.432937E+00  -4.339335E+00        14
   7.407447E+03   2.746894E+06   1.079691E+01   1.079691E+01   1.199656E+01   9.776807E+00  -1.000000E+01   3.432937E+00  -4.339335E+00        14
   7.417447E+03   2.754311E+06   1.079691E+01   1.079691E+01   1.199656E+01   9.776807E+00  -1.000000E+01   3.432937E+00  -4.339335E+00        14
   7.427447E+03   2.761738E+06   1.079691E+01   1.079691E+01   1.199656E+01   9.776807E+00  -1.000000E+01   3.432937E+00  -4.339335E+00        14
   7.437447E+03   2.769175E+06   1.079691E+01   1.079691E+01   1.199656E+01   9.776807E+00  -1.000000E+01   3.432937E+00  -4.339335E+00        14
   7.447447E+03   2.776622E+06   1.079691E+01   1.079691E+01   1.199656E+01   9.776807E+00  -1.000000E+01   3.432937E+00  -4.339335E+00        14
   7.457447E+03   2.784079E+06   1.079691E+01   1.079691E+01   1.199656E+01   9.776807E+00  -1.000000E+01   3.432937E+00  -4.339335E+00        14
   7.467447E+03   2.791546E+06   1.079691E+01   1.079691E+01   1.199656E+01   9.776807E+00  -1.000000E+01   3.432937E+00  -4.339335E+00        14
   7.477447E+03   2.799023E+06   1.079691E+01   1.079691E+01   1.199656E+01   9.776807E+00  -1.000000E+01   3.432937E+00  -4.339335E+00        14
   7.487447E+03   2.806510E+06   1.079691E+01   1.079691E+01   1.199656E+01   9.776807E+00  -1.000000E+01   3.432937E+00  -4.339335E+00        14
   7.497447E+03   2.814007E+06   1.079691E+01   1.079691E+01   1.199656E+01   9.776807E+00  -1.000000E+01   3.432937E+00  -4.339335E+00        14
   7.507447E+03   2.821514E+06   1.079691E+01   1.079691E+01   1.199656E+01   9.776807E+00  -1.000000E+01   3.432937E+00  -4.339335E+00        14
   7.517447E+03   2.829031E+06   1.079691E+01   1.079691E+01   1.199656E+01   9.776807E+00  -1.000000E+01   3.432937E+00  -4.339335E+00        14
   7.527447E+03   2.836558E+06   1.079691E+01   1.079691E+01   1.199656E+01   9.776807E+00  -1.000000E+01   3.432937E+00  -4.339335E+00        14
   7.537447E+03   2.844095E+06   1.079691E+01   1.079691E+01   1.199656E+01   9.776807E+00  -1.000000E+01   3.432937E+00  -4.339335E+00        14
   7.547447E+03   2.851642E+06   1.079691E+01   1.079691E+01   1.199656E+01   9.776807E+00  -1.000000E+01   3.432937E+00  -4.339335E+00        14
   7.557447E+03   2.859199E+06   1.079691E+01   1.079691E+01   1.199656E+01   9.776807E+00  -1.000000E+01   3.432937E+00  -4.339335E+00        14
   7.567447E+03   2.866766E+06   1.079691E+01   1.079691E+01   1.199656E+01   9.776807E+00  -1.000000E+01   3.432937E+00  -4.339335E+00        14
   7.577447E+03   2.874343E+06   1.079691E+01   1.079691E+01   1.199656E+01   9.776807E+00  -1.000000E+01   3.432937E+00  -4.339335E+00        14
   7.587447E+03   2.881930E+06   1.079691E+01   1.079691E+01   1.199656E+01   9.776807E+00  -1.000000E+01   3.432937E+00  -4.339335E+00        14
   7.597447E+03   2.889527E+06   1.079691E+01   1.079691E+01   1.199656E+01   9.776807E+00  -1.000000E+01   3.432937E+00  -4.339335E+00        14
   7.607447E+03   2.897134E+06   1.079691E+01   1.079691E+01   1.199656E+01   9.776807E+00  -1.000000E+01   3.432937E+00  -4.339335E+00        14
   7.617447E+03   2.904751E+06   1.079691E+01   1.079691E+01   1.199656E+01   9.776807E+00  -1.000000E+01   3.432937E+00  -4.339335E+00        14
   7.627447E+03   2.912378E+06   1.079691E+01   1.079691E+01   1.199656E+01   9.776807E+00  -1.000000E+01   3.432937E+00  -4.339335E+00        14
   7.637447E+03   2.920015E+06   1.079691E+01   1.079691E+01   1.199656E+01   9.776807E+00  -1.000000E+01   3.432937E+00  -4.339335E+00        14
   7.647447E+03   2.927662E+06   1.079691E+01   1.079691E+01   1.199656E+01   9.776807E+00  -1.000000E+01   3.432937E+00  -4.339335E+00        14
   7.657447E+03   2.935319E+06   1.079691E+01   1.079691E+01   1.199656E+01   9.776807E+00  -1.000000E+01   3.432937E+00  -4.339335E+00        14
   7.667447E+03   2.942986E+06   1.079691E+01   1.079691E+01   1.199656E+01   9.776807E+00  -1.000000E+01   3.432937E+00  -4.339335E+00        14
   7.677447E+03   2.950663E+06   1.079691E+01   1.079691E+01   1.199656E+01   9.776807E+00  -1.000000E+01   3.432937E+00  -4.339335E+00        14
   7.687447E+03   2.958350E+06   1.079691E+01   1.079691E+01   1.199656E+01   9.776807E+00  -1.000000E+01   3.432937E+00  -4.339335E+00        14
   7.697447E+03   2.966047E+06   1.079691E+01   1.079691E+01   1.199656E+01   9.776807E+00  -1.000000E+01   3.432937E+00  -4.339335E+00        14
   7.707447E+03   2.973754E+06   1.079691E+01   1.079691E+01   1.199656E+01   9.776807E+00  -1.000000E+01   3.432937E+00  -4.339335E+00        14
   7.717447E+03   2.981471E+06   1.079691E+01   1.079691E+01   1.199656E+01   9.776807E+00  -1.000000E+01   3.432937E+00  -4.339335E+00        14
   7.727447E+03   2.989198E+06   1.079691E+01   1.079691E+01   1.199656E+01   9.776807E+00  -1.000000E+01   3.432937E+00  -4.339335E+00        14
   7.737447E+03   2.996935E+06   1.079691E+01   1.079691E+01   1.199656E+01   9.776807E+00  -1.000000E+01   3.432937E+00  -4.339335E+00        14
   7.747447E+03   3.004682E+06   1.079691E+01   1.079691E+01   1.199656E+01   9.776807E+00  -1.000000E+01   3.432937E+00  -4.339335E+00        14
   7.757447E+03   3.012439E+06   1.079691E+01   1.079691E+01   1.199656E+01   9.776807E+00  -1.000000E+01   3.432937E+00  -4.339335E+00        14
   7.767447E+03   3.020206E+06   1.079691E+01   1.079691E+01   1.199656E+01   9.776807E+00  -1.000000E+01   3.432937E+00  -4.339335E+00        14
   7.777447E+03   3.027983E+06   1.079691E+01   1.079691E+01   1.199656E+01   9.776807E+00  -1.000000E+01   3.432937E+00  -4.339335E+00        14
   7.787447E+03   3.035770E+06   1.079691E+01   1.079691E+01   1.199656E+01   9.776807E+00  -1.000000E+01   3.432937E+00  -4.339335E+00        14
   7.797447E+03   3.043567E+06   1.079691E+01   1.079691E+01   1.199656E+01   9.776807E+00  -1.000000E+01   3.432937E+00  -4.339335E+00        14
   7.807447E+03   3.051374E+06   1.079691E+01   1.079691E+01   1.199656E+01   9.776807E+00  -1.000000E+01   3.432937E+00  -4.339335E+00        14
   7.817447E+03   3.059191E+06   1.079691E+01   1.079691E+01   1.199656E+01   9.776807E+00  -1.000000E+01   3.432937E+00  -4.339335E+00        14
   7.827447E+03   3.067018E+06   1.079691E+01   1.079691E+01   1.199656E+01   9.776807E+00  -1.000000E+01   3.432937E+00  -4.339335E+00        14
   7.837447E+03   3.074855E+06   1.079691E+01   1.079691E+01   1.199656E+01   9.776807E+00  -1.000000E+01   3.432937E+00  -4.339335E+00        14
   7.847447E+03   3.082702E+06   1.079691E+01   1.079691E+01   1.199656E+01   9.776807E+00  -1.000000E+01   3.432937E+00  -4.339335E+00        14
   7.857447E+03   3.090559E+06   1.079691E+01   1.079691E+01   1.199656E+01   9.776807E+00  -1.000000E+01   3.432937E+00  -4.339335E+00        14
   7.867447E+03   3.098426E+06   1.079691E+01   1.079691E+01   1.199656E+01   9.776807E+00  -1.000000E+01   3.432937E+00  -4.339335E+00        14
   7.877447E+03   3.106303E+06   1.079691E+01   1.079691E+01   1.199656E+01   9.776807E+00  -1.000000E+01   3.432937E+00  -4.339335E+00        14
   7.887447E+03   3.114190E+06   1.079691E+01   1.079691E+01   1.199656E+01   9.776807E+00  -1.000000E+01   3.432937E+00  -4.339335E+00        14
   7.897447E+03   3.122087E+06   1.079691E+01   1.079691E+01   1.199656E+01   9.776807E+00  -1.000000E+01   3.432937E+00  -4.339335E+00        14
   7.907447E+03   3.129994E+06   1.079691E+01   1.079691E+01   1.199656E+01   9.776807E+00  -1.000000E+01   3.432937E+00  -4.339335E+00        14
   7.917447E+03   3.137912E+06   1.079691E+01   1.079691E+01   1.199656E+01   9.776807E+00  -1.000000E+01   3.432937E+00  -4.339335E+00        14
   7.927447E+03   3.145839E+06   1.079691E+01   1.079691E+01   1.199656E+01   9.776807E+00  -1.000000E+01   3.432937E+00  -4.339335E+00        14
   7.937447E+03   3.153776E+06   1.079691E+01   1.079691E+01   1.199656E+01   9.776807E+00  -1.000000E+01   3.432937E+00  -4.339335E+00        14
   7.947447E+03   3.161723E+06   1.079691E+01   1.079691E+01   1.199656E+01   9.776807E+00  -1.000000E+01   3.432937E+00  -4.339335E+00        14
   7.957447E+03   3.169680E+06   1.079691E+01   1.079691E+01   1.199656E+01   9.776807E+00  -1.000000E+01   3.432937E+00  -4.339335E+00        14
   7.967447E+03   3.177647E+06   1.079691E+01   1.079691E+01   1.199656E+01   9.776807E+00  -1.000000E+01   3.432937E+00  -4.339335E+00        14
   7.977447E+03   3.185624E+06   1.079691E+01   1.079691E+01   1.199656E+01   9.776807E+00  -1.000000E+01   3.432937E+00  -4.339335E+00        14
   7.987447E+03   3.193611E+06   1.079691E+01   1.079691E+01   1.199656E+01   9.776807E+00  -1.000000E+01   3.432937E+00  -4.339335E+00        14
   7.997447E+03   3.201608E+06   1.079691E+01   1.079691E+01   1.199656E+01   9.776807E+00  -1.000000E+01   3.432937E+00  -4.339335E+00        14
   8.007447E+03   3.209615E+06   1.079691E+01   1.079691E+01   1.199656E+01   9.776807E+00  -1.000000E+01   3.432937E+00  -4.339335E+00        14
   8.017447E+03   3.217632E+06   1.079691E+01   1.079691E+01   1.199656E+01   9.776807E+00  -1.000000E+01   3.432937E+00  -4.339335E+00        14
   8.027447E+03   3.225659E+06   1.079691E+01   1.079691E+01   1.199656E+01   9.776807E+00  -1.000000E+01   3.432937E+00  -4.339335E+00        14
   8.037447E+03   3.233696E+06   1.079691E+01   1.079691E+01   1.199656E+01   9.776807E+00  -1.000000E+01   3.432937E+00  -4.339335E+00        14
   8.047447E+03   3.241743E+06   1.079691E+01   1.079691E+01   1.199656E+01   9.776807E+00  -1.000000E+01   3.432937E+00  -4.339335E+00        14
   8.057447E+03   3.249800E+06   1.079691E+01   1.079691E+01   1.199656E+01   9.776807E+00  -1.000000E+01   3.432937E+00  -4.339335E+00        14
   8.067447E+03   3.257867E+06   1.079691E+01   1.079691E+01   1.199656E+01   9.776807E+00  -1.000000E+01   3.432937E+00  -4.339335E+00        14
   8.077447E+03   3.265944E+06   1.079691E+01   1.079691E+01   1.199656E+01   9.776807E+00  -1.000000E+01   3.432937E+00  -4.339335E+00        14
   8.087447E+03   3.274031E+06   1.079691E+01   1.079691E+01   1.199656E+01   9.776807E+00  -1.000000E+01   3.432937E+00  -4.339335E+00        14
   8.097447E+03   3.282128E+06   1.079691E+01   1.079691E+01   1.199656E+01   9.776807E+00  -1.000000E+01   3.432937E+00  -4.339335E+00        14
   8.107447E+03   3.290235E+06   1.079691E+01   1.079691E+01   1.199656E+01   9.776807E+00  -1.000000E+01   3.432937E+00  -4.339335E+00        14
   8.117447E+03   3.298352E+06   1.079691E+01   1.079691E+01   1.199656E+01   9.776807E+00  -1.000000E+01   3.432937E+00  -4.339335E+00        14
   8.127447E+03   3.306479E+06   1.079691E+01   1.079691E+01   1.199656E+01   9.776807E+00  -1.000000E+01   3.432937E+00  -4.339335E+00        14
   8.137447E+03   3.314616E+06   1.079691E+01   1.079691E+01   1.199656E+01   9.776807E+00  -1.000000E+01   3.432937E+00  -4.339335E+00        14
   8.147447E+03   3.322763E+06   1.079691E+01   1.079691E+01   1.199656E+01   9.776807E+00  -1.000000E+01   3.432937E+00  -4.339335E+00        14
   8.157447E+03   3.330920E+06   1.079691E+01   1.079691E+01   1.199656E+01   9.776807E+00  -1.000000E+01   3.432937E+00  -4.339335E+00        14
   8.167447E+03   3.339087E+06   1.079691E+01   1.079691E+01   1.199656E+01   9.776807E+00  -1.000000E+01   3.432937E+00  -4.339335E+00        14
   8.177447E+03   3.347264E+06   1.079691E+01   1.079691E+01   1.199656E+01   9.776807E+00  -1.000000E+01   3.432937E+00  -4.339335E+00        14
   8.187447E+03   3.355451E+06   1.079691E+01   1.079691E+01   1.199656E+01   9.776807E+00  -1.000000E+01   3.432937E+00  -4.339335E+00        14
   8.197447E+03   3.363648E+06   1.079691E+01   1.079691E+01   1.199656E+01   9.776807E+00  -1.000000E+01   3.432937E+00  -4.339335E+00        14
   8.207447E+03   3.371855E+06   1.079691E+01   1.079691E+01   1.199656E+01   9.776807E+00  -1.000000E+01   3.432937E+00  -4.339335E+00        14
   8.217447E+03   3.380072E+06   1.079691E+01   1.079691E+01   1.199656E+01   9.776807E+00  -1.000000E+01   3.432937E+00  -4.339335E+00        14
   8.227447E+03   3.388299E+06   1.079691E+01   1.079691E+01   1.199656E+01   9.776807E+00  -1.000000E+01   3.432937E+00  -4.339335E+00        14
   8.237447E+03   3.396536E+06   1.079691E+01   1.079691E+01   1.199656E+01   9.776807E+00  -1.000000E+01   3.432937E+00  -4.339335E+00        14
   8.247447E+03   3.404783E+06   1.079691E+01   1.079691E+01   1.199656E+01   9.776807E+00  -1.000000E+01   3.432937E+00  -4.339335E+00        14
   8.257447E+03   3.413040E+06   1.079691E+01   1.079691E+01   1.199656E+01   9.776807E+00  -1.000000E+01   3.432937E+00  -4.339335E+00        14
   8.267447E+03   3.421307E+06   1.079691E+01   1.079691E+01   1.199656E+01   9.776807E+00  -1.000000E+01   3.432937E+00  -4.339335E+00        14
   8.277447E+03   3.429584E+06   1.079691E+01   1.079691E+01   1.199656E+01   9.776807E+00  -1.000000E+01   3.432937E+00  -4.339335E+00        14
   8.287447E+03   3.437871E+06   1.079691E+01   1.079691E+01   1.199656E+01   9.776807E+00  -1.000000E+01   3.432937E+00  -4.339335E+00        14
   8.297447E+03   3.446168E+06   1.079691E+01   1.079691E+01   1.199656E+01   9.776807E+00  -1.000000E+01   3.432937E+00  -4.339335E+00        14
   8.307447E+03   3.454475E+06   1.079691E+01   1.079691E+01   1.199656E+01   9.776807E+00  -1.000000E+01   3.432937E+00  -4.339335E+00        14
   8.317447E+03   3.462792E+06   1.079691E+01   1.079691E+01   1.199656E+01   9.776807E+00  -1.000000E+01   3.432937E+00  -4.339335E+00        14
   8.327447E+03   3.471119E+06   1.079691E+01   1.079691E+01   1.199656E+01   9.776807E+00  -1.000000E+01   3.432937E+00  -4.339335E+00        14
   8.337447E+03   3.479456E+06   1.079691E+01   1.079691E+01   1.199656E+01   9.776807E+00  -1.000000E+01   3.432937E+00  -4.339335E+00        14
   8.347447E+03   3.487803E+06   1.079691E+01   1.079691E+01   1.199656E+01   9.776807E+00  -1.000000E+01   3.432937E+00  -4.339335E+00        14
   8.357447E+03   3.496160E+06   1.079691E+01   1.079691E+01   1.199656E+01   9.776807E+00  -1.000000E+01   3.432937E+00  -4.339335E+00        14
   8.367447E+03   3.504527E+06   1.079691E+01   1.079691E+01   1.199656E+01   9.776807E+00  -1.000000E+01   3.432937E+00  -4.339335E+00        14
   8.377447E+03   3.512904E+06   1.079691E+01   1.079691E+01   1.199656E+01   9.776807E+00  -1.000000E+01   3.432937E+00  -4.339335E+00        14
   8.387447E+03   3.521291E+06   1.079691E+01   1.079691E+01   1.199656E+01   9.776807E+00  -1.000000E+01   3.432937E+00  -4.339335E+00        14
   8.397447E+03   3.529688E+06   1.079691E+01   1.079691E+01   1.199656E+01   9.776807E+00  -1.000000E+01   3.432937E+00  -4.339335E+00        14
   8.407447E+03   3.538095E+06   1.079691E+01   1.079691E+01   1.199656E+01   9.776807E+00  -1.000000E+01   3.432937E+00  -4.339335E+00        14
   8.417447E+03   3.546512E+06   1.079691E+01   1.079691E+01   1.199656E+01   9.776807E+00  -1.000000E+01   3.432937E+00  -4.339335E+00        14
   8.427447E+03   3.554939E+06   1.079691E+01   1.079691E+01   1.199656E+01   9.776807E+00  -1.000000E+01   3.432937E+00  -4.339335E+00        14
   8.437447E+03   3.563376E+06   1.079691E+01   1.079691E+01   1.199656E+01   9.776807E+00  -1.000000E+01   3.432937E+00  -4.339335E+00        14
   8.447447E+03   3.571823E+06   1.079691E+01   1.079691E+01   1.199656E+01   9.776807E+00  -1.000000E+01   3.432937E+00  -4.339335E+00        14
   8.457447E+03   3.580280E+06   1.079691E+01   1.079691E+01   1.199656E+01   9.776807E+00  -1.000000E+01   3.432937E+00  -4.339335E+00        14
   8.467447E+03   3.588748E+06   1.079691E+01   1.079691E+01   1.199656E+01   9.776807E+00  -1.000000E+01   3.432937E+00  -4.339335E+00        14
   8.477447E+03   3.597225E+06   1.079691E+01   1.079691E+01   1.199656E+01   9.776807E+00  -1.000000E+01   3.432937E+00  -4.339335E+00        14
   8.487447E+03   3.605712E+06   1.079691E+01   1.079691E+01   1.199656E+01   9.776807E+00  -1.000000E+01   3.432937E+00  -4.339335E+00        14
   8.497447E+03   3.614209E+06   1.079691E+01   1.079691E+01   1.199656E+01   9.776807E+00  -1.000000E+01   3.432937E+00  -4.339335E+00        14
   8.507447E+03   3.622716E+06   1.079691E+01   1.079691E+01   1.199656E+01   9.776807E+00  -1.000000E+01   3.432937E+00  -4.339335E+00        14
   8.517447E+03   3.631233E+06   1.079691E+01   1.079691E+01   1.199656E+01   9.776807E+00  -1.000000E+01   3.432937E+00  -4.339335E+00        14
   8.527447E+03   3.639760E+06   1.079691E+01   1.079691E+01   1.199656E+01   9.776807E+00  -1.000000E+01   3.432937E+00  -4.339335E+00        14
   8.537447E+03   3.648297E+06   1.079691E+01   1.079691E+01   1.199656E+01   9.776807E+00  -1.000000E+01   3.432937E+00  -4.339335E+00        14
   8.547447E+03   3.656844E+06   1.079691E+01   1.079691E+01   1.199656E+01   9.776807E+00  -1.000000E+01   3.432937E+00  -4.339335E+00        14
   8.557447E+03   3.665401E+06   1.079691E+01   1.079691E+01   1.199656E+01   9.776807E+00  -1.000000E+01   3.432937E+00  -4.339335E+00        14
   8.567447E+03   3.673968E+06   1.079691E+01   1.079691E+01   1.199656E+01   9.776807E+00  -1.000000E+01   3.432937E+00  -4.339335E+00        14
   8.577447E+03   3.682545E+06   1.079691E+01   1.079691E+01   1.199656E+01   9.776807E+00  -1.000000E+01   3.432937E+00  -4.339335E+00        14
   8.587447E+03   3.691132E+06   1.079691E+01   1.079691E+01   1.199656E+01   9.776807E+00  -1.000000E+01   3.432937E+00  -4.339335E+00        14
   8.597447E+03   3.699729E+06   1.079691E+01   1.079691E+01   1.199656E+01   9.776807E+00  -1.000000E+01   3.432937E+00  -4.339335E+00        14
   8.607447E+03   3.708336E+06   1.079691E+01   1.079691E+01   1.199656E+01   9.776807E+00  -1.000000E+01   3.432937E+00  -4.339335E+00        14
   8.617447E+03   3.716953E+06   1.079691E+01   1.079691E+01   1.199656E+01   9.776807E+00  -1.000000E+01   3.432937E+00  -4.339335E+00        14
   8.627447E+03   3.725580E+06   1.079691E+01   1.079691E+01   1.199656E+01   9.776807E+00  -1.000000E+01   3.432937E+00  -4.339335E+00        14
   8.637447E+03   3.734217E+06   1.079691E+01   1.079691E+01   1.199656E+01   9.776807E+00  -1.000000E+01   3.432937E+00  -4.339335E+00        14
   8.647447E+03   3.742864E+06   1.079691E+01   1.079691E+01   1.199656E+01   9.776807E+00  -1.000000E+01   3.432937E+00  -4.339335E+00        14
   8.657447E+03   3.751521E+06   1.079691E+01   1.079691E+01   1.199656E+01   9.776807E+00  -1.000000E+01   3.432937E+00  -4.339335E+00        14
   8.667447E+03   3.760188E+06   1.079691E+01   1.079691E+01   1.199656E+01   9.776807E+00  -1.000000E+01   3.432937E+00  -4.339335E+00        14
   8.677447E+03   3.768865E+06   1.079691E+01   1.079691E+01   1.199656E+01   9.776807E+00  -1.000000E+01   3.432937E+00  -4.339335E+00        14
   8.687447E+03   3.777552E+06   1.079691E+01   1.079691E+01   1.199656E+01   9.776807E+00  -1.000000E+01   3.432937E+00  -4.339335E+00        14
   8.697447E+03   3.786249E+06   1.079691E+01   1.079691E+01   1.199656E+01   9.776807E+00  -1.000000E+01   3.432937E+00  -4.339335E+00        14
   8.707447E+03   3.794956E+06   1.079691E+01   1.079691E+01   1.199656E+01   9.776807E+00  -1.000000E+01   3.432937E+00  -4.339335E+00        14
   8.717447E+03   3.803673E+06   1.079691E+01   1.079691E+01   1.199656E+01   9.776807E+00  -1.000000E+01   3.432937E+00  -4.339335E+00        14
   8.727447E+03   3.812400E+06   1.079691E+01   1.079691E+01   1.199656E+01   9.776807E+00  -1.000000E+01   3.432937E+00  -4.339335E+00        14
   8.737447E+03   3.821137E+06   1.079691E+01   1.079691E+01   1.199656E+01   9.776807E+00  -1.000000E+01   3.432937E+00  -4.339335E+00        14
   8.747447E+03   3.829884E+06   1.079691E+01   1.079691E+01   1.199656E+01   9.776807E+00  -1.000000E+01   3.432937E+00  -4.339335E+00        14
   8.757447E+03   3.838641E+06   1.079691E+01   1.079691E+01   1.199656E+01   9.776807E+00  -1.000000E+01   3.432937E+00  -4.339335E+00        14
   8.767447E+03   3.847408E+06   1.079691E+01   1.079691E+01   1.199656E+01   9.776807E+00  -1.000000E+01   3.432937E+00  -4.339335E+00        14
   8.777447E+03   3.856185E+06   1.079691E+01   1.079691E+01   1.199656E+01   9.776807E+00  -1.000000E+01   3.432937E+00  -4.339335E+00        14
   8.787447E+03   3.864972E+06   1.079691E+01   1.079691E+01   1.199656E+01   9.776807E+00  -1.000000E+01   3.432937E+00  -4.339335E+00        14
   8.797447E+03   3.873769E+06   1.079691E+01   1.079691E+01   1.199656E+01   9.776807E+00  -1.000000E+01   3.432937E+00  -4.339335E+00        14
   8.807447E+03   3.882576E+06   1.079691E+01   1.079691E+01   1.199656E+01   9.776807E+00  -1.000000E+01   3.432937E+00  -4.339335E+00        14
   8.817447E+03   3.891393E+06   1.079691E+01   1.079691E+01   1.199656E+01   9.776807E+00  -1.000000E+01   3.432937E+00  -4.339335E+00        14
   8.827447E+03   3.900220E+06   1.079691E+01   1.079691E+01   1.199656E+01   9.776807E+00  -1.000000E+01   3.432937E+00  -4.339335E+00        14
   8.837447E+03   3.909057E+06   1.079691E+01   1.079691E+01   1.199656E+01   9.776807E+00  -1.000000E+01   3.432937E+00  -4.339335E+00        14
   8.847447E+03   3.917904E+06   1.079691E+01   1.079691E+01   1.199656E+01   9.776807E+00  -1.000000E+01   3.432937E+00  -4.339335E+00        14
   8.857447E+03   3.926761E+06   1.079691E+01   1.079691E+01   1.199656E+01   9.776807E+00  -1.000000E+01   3.432937E+00  -4.339335E+00        14
   8.867447E+03   3.935628E+06   1.079691E+01   1.079691E+01   1.199656E+01   9.776807E+00  -1.000000E+01   3.432937E+00  -4.339335E+00        14
   8.877447E+03   3.944505E+06   1.079691E+01   1.079691E+01   1.199656E+01   9.776807E+00  -1.000000E+01   3.432937E+00  -4.339335E+00        14
   8.887447E+03   3.953392E+06   1.079691E+01   1.079691E+01   1.199656E+01   9.776807E+00  -1.000000E+01   3.432937E+00  -4.339335E+00        14
   8.897447E+03   3.962289E+06   1.079691E+01   1.079691E+01   1.199656E+01   9.776807E+00  -1.000000E+01   3.432937E+00  -4.339335E+00        14
   8.907447E+03   3.971196E+06   1.079691E+01   1.079691E+01   1.199656E+01   9.776807E+00  -1.000000E+01   3.432937E+00  -4.339335E+00        14
   8.917447E+03   3.980113E+06   1.079691E+01   1.079691E+01   1.199656E+01   9.776807E+00  -1.000000E+01   3.432937E+00  -4.339335E+00        14
   8.927447E+03   3.989040E+06   1.079691E+01   1.079691E+01   1.199656E+01   9.776807E+00  -1.000000E+01   3.432937E+00  -4.339335E+00        14
   8.937447E+03   3.997977E+06   1.079691E+01   1.079691E+01   1.199656E+01   9.776807E+00  -1.000000E+01   3.432937E+00  -4.339335E+00        14
   8.947447E+03   4.006924E+06   1.079691E+01   1.079691E+01   1.199656E+01   9.776807E+00  -1.000000E+01   3.432937E+00  -4.339335E+00        14
   8.957447E+03   4.015881E+06   1.079691E+01   1.079691E+01   1.199656E+01   9.776807E+00  -1.000000E+01   3.432937E+00  -4.339335E+00        14
   8.967447E+03   4.024848E+06   1.079691E+01   1.079691E+01   1.199656E+01   9.776807E+00  -1.000000E+01   3.432937E+00  -4.339335E+00        14
   8.977447E+03   4.033825E+06   1.079691E+01   1.079691E+01   1.199656E+01   9.776807E+00  -1.000000E+01   3.432937E+00  -4.339335E+00        14
   8.987447E+03   4.042812E+06   1.079691E+01   1.079691E+01   1.199656E+01   9.776807E+00  -1.000000E+01   3.432937E+00  -4.339335E+00        14
   8.997447E+03   4.051809E+06   1.079691E+01   1.079691E+01   1.199656E+01   9.776807E+00  -1.000000E+01   3.432937E+00  -4.339335E+00        14
   9.007447E+03   4.060816E+06   1.079691E+01   1.079691E+01   1.199656E+01   9.776807E+00  -1.000000E+01   3.432937E+00  -4.339335E+00        14
   9.017447E+03   4.069834E+06   1.079691E+01   1.079691E+01   1.199656E+01   9.776807E+00  -1.000000E+01   3.432937E+00  -4.339335E+00        14
   9.027447E+03   4.078861E+06   1.079691E+01   1.079691E+01   1.199656E+01   9.776807E+00  -1.000000E+01   3.432937E+00  -4.339335E+00        14
   9.037447E+03   4.087898E+06   1.079691E+01   1.079691E+01   1.199656E+01   9.776807E+00  -1.000000E+01   3.432937E+00  -4.339335E+00        14
   9.047447E+03   4.096945E+06   1.079691E+01   1.079691E+01   1.199656E+01   9.776807E+00  -1.000000E+01   3.432937E+00  -4.339335E+00        14
   9.057447E+03   4.106002E+06   1.079691E+01   1.079691E+01   1.199656E+01   9.776807E+00  -1.000000E+01   3.432937E+00  -4.339335E+00        14
   9.067447E+03   4.115069E+06   1.079691E+01   1.079691E+01   1.199656E+01   9.776807E+00  -1.000000E+01   3.432937E+00  -4.339335E+00        14
   9.077447E+03   4.124146E+06   1.079691E+01   1.079691E+01   1.199656E+01   9.776807E+00  -1.000000E+01   3.432937E+00  -4.339335E+00        14
   9.087447E+03   4.133233E+06   1.079691E+01   1.079691E+01   1.199656E+01   9.776807E+00  -1.000000E+01   3.432937E+00  -4.339335E+00        14
   9.097447E+03   4.142330E+06   1.079691E+01   1.079691E+01   1.199656E+01   9.776807E+00  -1.000000E+01   3.432937E+00  -4.339335E+00        14
   9.107447E+03   4.151437E+06   1.079691E+01   1.079691E+01   1.199656E+01   9.776807E+00  -1.000000E+01   3.432937E+00  -4.339335E+00        14
   9.117447E+03   4.160554E+06   1.079691E+01   1.079691E+01   1.199656E+01   9.776807E+00  -1.000000E+01   3.432937E+00  -4.339335E+00        14
   9.127447E+03   4.169681E+06   1.079691E+01   1.079691E+01   1.199656E+01   9.776807E+00  -1.000000E+01   3.432937E+00  -4.339335E+00        14
   9.137447E+03   4.178818E+06   1.079691E+01   1.079691E+01   1.199656E+01   9.776807E+00  -1.000000E+01   3.432937E+00  -4.339335E+00        14
   9.147447E+03   4.187965E+06   1.079691E+01   1.079691E+01   1.199656E+01   9.776807E+00  -1.000000E+01   3.432937E+00  -4.339335E+00        14
   9.157447E+03   4.197122E+06   1.079691E+01   1.079691E+01   1.199656E+01   9.776807E+00  -1.000000E+01   3.432937E+00  -4.339335E+00        14
   9.167447E+03   4.206289E+06   1.079691E+01   1.079691E+01   1.199656E+01   9.776807E+00  -1.000000E+01   3.432937E+00  -4.339335E+00        14
   9.177447E+03   4.215466E+06   1.079691E+01   1.079691E+01   1.199656E+01   9.776807E+00  -1.000000E+01   3.432937E+00  -4.339335E+00        14
   9.187447E+03   4.224653E+06   1.079691E+01   1.079691E+01   1.199656E+01   9.776807E+00  -1.000000E+01   3.432937E+00  -4.339335E+00        14
   9.197447E+03   4.233850E+06   1.079691E+01   1.079691E+01   1.199656E+01   9.776807E+00  -1.000000E+01   3.432937E+00  -4.339335E+00        14
   9.207447E+03   4.243057E+06   1.079691E+01   1.079691E+01   1.199656E+01   9.776807E+00  -1.000000E+01   3.432937E+00  -4.339335E+00        14
   9.217447E+03   4.252274E+06   1.079691E+01   1.079691E+01   1.199656E+01   9.776807E+00  -1.000000E+01   3.432937E+00  -4.339335E+00        14
   9.227447E+03   4.261501E+06   1.079691E+01   1.079691E+01   1.199656E+01   9.776807E+00  -1.000000E+01   3.432937E+00  -4.339335E+00        14
   9.237447E+03   4.270738E+06   1.079691E+01   1.079691E+01   1.199656E+01   9.776807E+00  -1.000000E+01   3.432937E+00  -4.339335E+00        14
   9.247447E+03   4.279985E+06   1.079691E+01   1.079691E+01   1.199656E+01   9.776807E+00  -1.000000E+01   3.432937E+00  -4.339335E+00        14
   9.257447E+03   4.289242E+06   1.079691E+01   1.079691E+01   1.199656E+01   9.776807E+00  -1.000000E+01   3.432937E+00  -4.339335E+00        14
   9.267447E+03   4.298509E+06   1.079691E+01   1.079691E+01   1.199656E+01   9.776807E+00  -1.000000E+01   3.432937E+00  -4.339335E+00        14
   9.277447E+03   4.307786E+06   1.079691E+01   1.079691E+01   1.199656E+01   9.776807E+00  -1.000000E+01   3.432937E+00  -4.339335E+00        14
   9.287447E+03   4.317073E+06   1.079691E+01   1.079691E+01   1.199656E+01   9.776807E+00  -1.000000E+01   3.432937E+00  -4.339335E+00        14
   9.297447E+03   4.326370E+06   1.079691E+01   1.079691E+01   1.199656E+01   9.776807E+00  -1.000000E+01   3.432937E+00  -4.339335E+00        14
   9.307447E+03   4.335677E+06   1.079691E+01   1.079691E+01   1.199656E+01   9.776807E+00  -1.000000E+01   3.432937E+00  -4.339335E+00        14
   9.317447E+03   4.344994E+06   1.079691E+01   1.079691E+01   1.199656E+01   9.776807E+00  -1.000000E+01   3.432937E+00  -4.339335E+00        14
   9.327447E+03   4.354321E+06   1.079691E+01   1.079691E+01   1.199656E+01   9.776807E+00  -1.000000E+01   3.432937E+00  -4.339335E+00        14
   9.337447E+03   4.363658E+06   1.079691E+01   1.079691E+01   1.199656E+01   9.776807E+00  -1.000000E+01   3.432937E+00  -4.339335E+00        14
   9.347447E+03   4.373005E+06   1.079691E+01   1.079691E+01   1.199656E+01   9.776807E+00  -1.000000E+01   3.432937E+00  -4.339335E+00        14
   9.357447E+03   4.382362E+06   1.079691E+01   1.079691E+01   1.199656E+01   9.776807E+00  -1.000000E+01   3.432937E+00  -4.339335E+00        14
   9.367447E+03   4.391729E+06   1.079691E+01   1.079691E+01   1.199656E+01   9.776807E+00  -1.000000E+01   3.432937E+00  -4.339335E+00        14
   9.377447E+03   4.401106E+06   1.079691E+01   1.079691E+01   1.199656E+01   9.776807E+00  -1.000000E+01   3.432937E+00  -4.339335E+00        14
   9.387447E+03   4.410493E+06   1.079691E+01   1.079691E+01   1.199656E+01   9.776807E+00  -1.000000E+01   3.432937E+00  -4.339335E+00        14
   9.397447E+03   4.419890E+06   1.079691E+01   1.079691E+01   1.199656E+01   9.776807E+00  -1.000000E+01   3.432937E+00  -4.339335E+00        14
   9.407447E+03   4.429297E+06   1.079691E+01   1.079691E+01   1.199656E+01   9.776807E+00  -1.000000E+01   3.432937E+00  -4.339335E+00        14
   9.417447E+03   4.438714E+06   1.079691E+01   1.079691E+01   1.199656E+01   9.776807E+00  -1.000000E+01   3.432937E+00  -4.339335E+00        14
   9.427447E+03   4.448141E+06   1.079691E+01   1.079691E+01   1.199656E+01   9.776807E+00  -1.000000E+01   3.432937E+00  -4.339335E+00        14
   9.437447E+03   4.457578E+06   1.079691E+01   1.079691E+01   1.199656E+01   9.776807E+00  -1.000000E+01   3.432937E+00  -4.339335E+00        14
   9.447447E+03   4.467025E+06   1.079691E+01   1.079691E+01   1.199656E+01   9.776807E+00  -1.000000E+01   3.432937E+00  -4.339335E+00        14
   9.457447E+03   4.476482E+06   1.079691E+01   1.079691E+01   1.199656E+01   9.776807E+00  -1.000000E+01   3.432937E+00  -4.339335E+00        14
   9.467447E+03   4.485949E+06   1.079691E+01   1.079691E+01   1.199656E+01   9.776807E+00  -1.000000E+01   3.432937E+00  -4.339335E+00        14
   9.477447E+03   4.495426E+06   1.079691E+01   1.079691E+01   1.199656E+01   9.776807E+00  -1.000000E+01   3.432937E+00  -4.339335E+00        14
   9.487447E+03   4.504913E+06   1.079691E+01   1.079691E+01   1.199656E+01   9.776807E+00  -1.000000E+01   3.432937E+00  -4.339335E+00        14
   9.497447E+03   4.514410E+06   1.079691E+01   1.079691E+01   1.199656E+01   9.776807E+00  -1.000000E+01   3.432937E+00  -4.339335E+00        14
   9.507447E+03   4.523917E+06   1.079691E+01   1.079691E+01   1.199656E+01   9.776807E+00  -1.000000E+01   3.432937E+00  -4.339335E+00        14
   9.517447E+03   4.533434E+06   1.079691E+01   1.079691E+01   1.199656E+01   9.776807E+00  -1.000000E+01   3.432937E+00  -4.339335E+00        14
   9.527447E+03   4.542961E+06   1.079691E+01   1.079691E+01   1.199656E+01   9.776807E+00  -1.000000E+01   3.432937E+00  -4.339335E+00        14
   9.537447E+03   4.552498E+06   1.079691E+01   1.079691E+01   1.199656E+01   9.776807E+00  -1.000000E+01   3.432937E+00  -4.339335E+00        14
   9.547447E+03   4.562045E+06   1.079691E+01   1.079691E+01   1.199656E+01   9.776807E+00  -1.000000E+01   3.432937E+00  -4.339335E+00        14
   9.557447E+03   4.571603E+06   1.079691E+01   1.079691E+01   1.199656E+01   9.776807E+00  -1.000000E+01   3.432937E+00  -4.339335E+00        14
   9.567447E+03   4.581170E+06   1.079691E+01   1.079691E+01   1.199656E+01   9.776807E+00  -1.000000E+01   3.432937E+00  -4.339335E+00        14
   9.577447E+03   4.590747E+06   1.079691E+01   1.079691E+01   1.199656E+01   9.776807E+00  -1.000000E+01   3.432937E+00  -4.339335E+00        14
   9.587447E+03   4.600334E+06   1.079691E+01   1.079691E+01   1.199656E+01   9.776807E+00  -1.000000E+01   3.432937E+00  -4.339335E+00        14
   9.597447E+03   4.609931E+06   1.079691E+01   1.079691E+01   1.199656E+01   9.776807E+00  -1.000000E+01   3.432937E+00  -4.339335E+00        14
   9.607447E+03   4.619538E+06   1.079691E+01   1.079691E+01   1.199656E+01   9.776807E+00  -1.000000E+01   3.432937E+00  -4.339335E+00        14
   9.617447E+03   4.629155E+06   1.079691E+01   1.079691E+01   1.199656E+01   9.776807E+00  -1.000000E+01   3.432937E+00  -4.339335E+00        14
   9.627447E+03   4.638782E+06   1.079691E+01   1.079691E+01   1.199656E+01   9.776807E+00  -1.000000E+01   3.432937E+00  -4.339335E+00        14
   9.637447E+03   4.648419E+06   1.079691E+01   1.079691E+01   1.199656E+01   9.776807E+00  -1.000000E+01   3.432937E+00  -4.339335E+00        14
   9.647447E+03   4.658066E+06   1.079691E+01   1.079691E+01   1.199656E+01   9.776807E+00  -1.000000E+01   3.432937E+00  -4.339335E+00        14
   9.657447E+03   4.667723E+06   1.079691E+01   1.079691E+01   1.199656E+01   9.776807E+00  -1.000000E+01   3.432937E+00  -4.339335E+00        14
   9.667447E+03   4.677390E+06   1.079691E+01   1.079691E+01   1.199656E+01   9.776807E+00  -1.000000E+01   3.432937E+00  -4.339335E+00        14
   9.677447E+03   4.687067E+06   1.079691E+01   1.079691E+01   1.199656E+01   9.776807E+00  -1.000000E+01   3.432937E+00  -4.339335E+00        14
   9.687447E+03   4.696754E+06   1.079691E+01   1.079691E+01   1.199656E+01   9.776807E+00  -1.000000E+01   3.432937E+00  -4.339335E+00        14
   9.697447E+03   4.706451E+06   1.079691E+01   1.079691E+01   1.199656E+01   9.776807E+00  -1.000000E+01   3.432937E+00  -4.339335E+00        14
   9.707447E+03   4.716158E+06   1.079691E+01   1.079691E+01   1.199656E+01   9.776807E+00  -1.000000E+01   3.432937E+00  -4.339335E+00        14
   9.717447E+03   4.725875E+06   1.079691E+01   1.079691E+01   1.199656E+01   9.776807E+00  -1.000000E+01   3.432937E+00  -4.339335E+00        14
   9.727447E+03   4.735602E+06   1.079691E+01   1.079691E+01   1.199656E+01   9.776807E+00  -1.000000E+01   3.432937E+00  -4.339335E+00        14
   9.737447E+03   4.745339E+06   1.079691E+01   1.079691E+01   1.199656E+01   9.776807E+00  -1.000000E+01   3.432937E+00  -4.339335E+00        14
   9.747447E+03   4.755086E+06   1.079691E+01   1.079691E+01   1.199656E+01   9.776807E+00  -1.000000E+01   3.432937E+00  -4.339335E+00        14
   9.757447E+03   4.764843E+06   1.079691E+01   1.079691E+01   1.199656E+01   9.776807E+00  -1.000000E+01   3.432937E+00  -4.339335E+00        14
   9.767447E+03   4.774610E+06   1.079691E+01   1.079691E+01   1.199656E+01   9.776807E+00  -1.000000E+01   3.432937E+00  -4.339335E+00        14
   9.777447E+03   4.784387E+06   1.079691E+01   1.079691E+01   1.199656E+01   9.776807E+00  -1.000000E+01   3.432937E+00  -4.339335E+00        14
   9.787447E+03   4.794174E+06   1.079691E+01   1.079691E+01   1.199656E+01   9.776807E+00  -1.000000E+01   3.432937E+00  -4.339335E+00        14
   9.797447E+03   4.803971E+06   1.079691E+01   1.079691E+01   1.199656E+01   9.776807E+00  -1.000000E+01   3.432937E+00  -4.339335E+00        14
   9.807447E+03   4.813778E+06   1.079691E+01   1.079691E+01   1.199656E+01   9.776807E+00  -1.000000E+01   3.432937E+00  -4.339335E+00        14
   9.817447E+03   4.823595E+06   1.079691E+01   1.079691E+01   1.199656E+01   9.776807E+00  -1.000000E+01   3.432937E+00  -4.339335E+00        14
   9.827447E+03   4.833422E+06   1.079691E+01   1.079691E+01   1.199656E+01   9.776807E+00  -1.000000E+01   3.432937E+00  -4.339335E+00        14
   9.837447E+03   4.843259E+06   1.079691E+01   1.079691E+01   1.199656E+01   9.776807E+00  -1.000000E+01   3.432937E+00  -4.339335E+00        14
   9.847447E+03   4.853106E+06   1.079691E+01   1.079691E+01   1.199656E+01   9.776807E+00  -1.000000E+01   3.432937E+00  -4.339335E+00        14
   9.857447E+03   4.862963E+06   1.079691E+01   1.079691E+01   1.199656E+01   9.776807E+00  -1.000000E+01   3.432937E+00  -4.339335E+00        14
   9.867447E+03   4.872830E+06   1.079691E+01   1.079691E+01   1.199656E+01   9.776807E+00  -1.000000E+01   3.432937E+00  -4.339335E+00        14
   9.877447E+03   4.882707E+06   1.079691E+01   1.079691E+01   1.199656E+01   9.776807E+00  -1.000000E+01   3.432937E+00  -4.339335E+00        14
   9.887447E+03   4.892594E+06   1.079691E+01   1.079691E+01   1.199656E+01   9.776807E+00  -1.000000E+01   3.432937E+00  -4.339335E+00        14
   9.897447E+03   4.902491E+06   1.079691E+01   1.079691E+01   1.199656E+01   9.776807E+00  -1.000000E+01   3.432937E+00  -4.339335E+00        14
   9.907447E+03   4.912398E+06   1.079691E+01   1.079691E+01   1.199656E+01   9.776807E+00  -1.000000E+01   3.432937E+00  -4.339335E+00        14
   9.917447E+03   4.922315E+06   1.079691E+01   1.079691E+01   1.199656E+01   9.776807E+00  -1.000000E+01   3.432937E+00  -4.339335E+00        14
   9.927447E+03   4.932242E+06   1.079691E+01   1.079691E+01   1.199656E+01   9.776807E+00  -1.000000E+01   3.432937E+00  -4.339335E+00        14
   9.937447E+03   4.942179E+06   1.079691E+01   1.079691E+01   1.199656E+01   9.776807E+00  -1.000000E+01   3.432937E+00  -4.339335E+00        14
   9.947447E+03   4.952126E+06   1.079691E+01   1.079691E+01   1.199656E+01   9.776807E+00  -1.000000E+01   3.432937E+00  -4.339335E+00        14
   9.957447E+03   4.962083E+06   1.079691E+01   1.079691E+01   1.199656E+01   9.776807E+00  -1.000000E+01   3.432937E+00  -4.339335E+00        14
   9.967447E+03   4.972050E+06   1.079691E+01   1.079691E+01   1.199656E+01   9.776807E+00  -1.000000E+01   3.432937E+00  -4.339335E+00        14
   9.977447E+03   4.982027E+06   1.079691E+01   1.079691E+01   1.199656E+01   9.776807E+00  -1.000000E+01   3.432937E+00  -4.339335E+00        14
   9.987447E+03   4.992014E+06   1.079691E+01   1.079691E+01   1.199656E+01   9.776807E+00  -1.000000E+01   3.432937E+00  -4.339335E+00        14
   9.997447E+03   5.002011E+06   1.079691E+01   1.079691E+01   1.199656E+01   9.776807E+00  -1.000000E+01   3.432937E+00  -4.339335E+00        14
   1.000745E+04   5.012018E+06   1.079691E+01   1.079691E+01   1.199656E+01   9.776807E+00  -1.000000E+01   3.432937E+00  -4.339335E+00        14
   1.001745E+04   5.022035E+06   1.079691E+01   1.079691E+01   1.199656E+01   9.776807E+00  -1.000000E+01   3.432937E+00  -4.339335E+00        14
   1.002745E+04   5.032062E+06   1.079691E+01   1.079691E+01   1.199656E+01   9.776807E+00  -1.000000E+01   3.432937E+00  -4.339335E+00        14
   1.003745E+04   5.042099E+06   1.079691E+01   1.079691E+01   1.199656E+01   9.776807E+00  -1.000000E+01   3.432937E+00  -4.339335E+00        14
   1.004745E+04   5.052146E+06   1.079691E+01   1.079691E+01   1.199656E+01   9.776807E+00  -1.000000E+01   3.432937E+00  -4.339335E+00        14
   1.005745E+04   5.062203E+06   1.079691E+01   1.079691E+01   1.199656E+01   9.776807E+00  -1.000000E+01   3.432937E+00  -4.339335E+00        14
   1.006745E+04   5.072270E+06   1.079691E+01   1.079691E+01   1.199656E+01   9.776807E+00  -1.000000E+01   3.432937E+00  -4.339335E+00        14
   1.007745E+04   5.082347E+06   1.079691E+01   1.079691E+01   1.199656E+01   9.776807E+00  -1.000000E+01   3.432937E+00  -4.339335E+00        14
   1.008745E+04   5.092434E+06   1.079691E+01   1.079691E+01   1.199656E+01   9.776807E+00  -1.000000E+01   3.432937E+00  -4.339335E+00        14
   1.009745E+04   5.102531E+06   1.079691E+01   1.079691E+01   1.199656E+01   9.776807E+00  -1.000000E+01   3.432937E+00  -4.339335E+00        14
   1.010745E+04   5.112639E+06   1.079691E+01   1.079691E+01   1.199656E+01   9.776807E+00  -1.000000E+01   3.432937E+00  -4.339335E+00        14
   1.011745E+04   5.122756E+06   1.079691E+01   1.079691E+01   1.199656E+01   9.776807E+00  -1.000000E+01   3.432937E+00  -4.339335E+00        14
   1.012745E+04   5.132883E+06   1.079691E+01   1.079691E+01   1.199656E+01   9.776807E+00  -1.000000E+01   3.432937E+00  -4.339335E+00        14
   1.013745E+04   5.143020E+06   1.079691E+01   1.079691E+01   1.199656E+01   9.776807E+00  -1.000000E+01   3.432937E+00  -4.339335E+00        14
   1.014745E+04   5.153167E+06   1.079691E+01   1.079691E+01   1.199656E+01   9.776807E+00  -1.000000E+01   3.432937E+00  -4.339335E+00        14
   1.015745E+04   5.163324E+06   1.079691E+01   1.079691E+01   1.199656E+01   9.776807E+00  -1.000000E+01   3.432937E+00  -4.339335E+00        14
   1.016745E+04   5.173491E+06   1.079691E+01   1.079691E+01   1.199656E+01   9.776807E+00  -1.000000E+01   3.432937E+00  -4.339335E+00        14
   1.017745E+04   5.183668E+06   1.079691E+01   1.079691E+01   1.199656E+01   9.776807E+00  -1.000000E+01   3.432937E+00  -4.339335E+00        14
   1.018745E+04   5.193855E+06   1.079691E+01   1.079691E+01   1.199656E+01   9.776807E+00  -1.000000E+01   3.432937E+00  -4.339335E+00        14
   1.019745E+04   5.204052E+06   1.079691E+01   1.079691E+01   1.199656E+01   9.776807E+00  -1.000000E+01   3.432937E+00  -4.339335E+00        14
   1.020745E+04   5.214259E+06   1.079691E+01   1.079691E+01   1.199656E+01   9.776807E+00  -1.000000E+01   3.432937E+00  -4.339335E+00        14
   1.021745E+04   5.224476E+06   1.079691E+01   1.079691E+01   1.199656E+01   9.776807E+00  -1.000000E+01   3.432937E+00  -4.339335E+00        14
   1.022745E+04   5.234703E+06   1.079691E+01   1.079691E+01   1.199656E+01   9.776807E+00  -1.000000E+01   3.432937E+00  -4.339335E+00        14
   1.023745E+04   5.244940E+06   1.079691E+01   1.079691E+01   1.199656E+01   9.776807E+00  -1.000000E+01   3.432937E+00  -4.339335E+00        14
   1.024745E+04   5.255187E+06   1.079691E+01   1.079691E+01   1.199656E+01   9.776807E+00  -1.000000E+01   3.432937E+00  -4.339335E+00        14
   1.025745E+04   5.265444E+06   1.079691E+01   1.079691E+01   1.199656E+01   9.776807E+00  -1.000000E+01   3.432937E+00  -4.339335E+00        14
   1.026745E+04   5.275711E+06   1.079691E+01   1.079691E+01   1.199656E+01   9.776807E+00  -1.000000E+01   3.432937E+00  -4.339335E+00        14
   1.027745E+04   5.285988E+06   1.079691E+01   1.079691E+01   1.199656E+01   9.776807E+00  -1.000000E+01   3.432937E+00  -4.339335E+00        14
   1.028745E+04   5.296275E+06   1.079691E+01   1.079691E+01   1.199656E+01   9.776807E+00  -1.000000E+01   3.432937E+00  -4.339335E+00        14
   1.029745E+04   5.306572E+06   1.079691E+01   1.079691E+01   1.199656E+01   9.776807E+00  -1.000000E+01   3.432937E+00  -4.339335E+00        14
   1.030745E+04   5.316879E+06   1.079691E+01   1.079691E+01   1.199656E+01   9.776807E+00  -1.000000E+01   3.432937E+00  -4.339335E+00        14
   1.031745E+04   5.327196E+06   1.079691E+01   1.079691E+01   1.199656E+01   9.776807E+00  -1.000000E+01   3.432937E+00  -4.339335E+00        14
   1.032745E+04   5.337523E+06   1.079691E+01   1.079691E+01   1.199656E+01   9.776807E+00  -1.000000E+01   3.432937E+00  -4.339335E+00        14
   1.033745E+04   5.347860E+06   1.079691E+01   1.079691E+01   1.199656E+01   9.776807E+00  -1.000000E+01   3.432937E+00  -4.339335E+00        14
   1.034745E+04   5.358207E+06   1.079691E+01   1.079691E+01   1.199656E+01   9.776807E+00  -1.000000E+01   3.432937E+00  -4.339335E+00        14
   1.035745E+04   5.368564E+06   1.079691E+01   1.079691E+01   1.199656E+01   9.776807E+00  -1.000000E+01   3.432937E+00  -4.339335E+00        14
   1.036745E+04   5.378931E+06   1.079691E+01   1.079691E+01   1.199656E+01   9.776807E+00  -1.000000E+01   3.432937E+00  -4.339335E+00        14
   1.037745E+04   5.389308E+06   1.079691E+01   1.079691E+01   1.199656E+01   9.776807E+00  -1.000000E+01   3.432937E+00  -4.339335E+00        14
   1.038745E+04   5.399695E+06   1.079691E+01   1.079691E+01   1.199656E+01   9.776807E+00  -1.000000E+01   3.432937E+00  -4.339335E+00        14
   1.039745E+04   5.410092E+06   1.079691E+01   1.079691E+01   1.199656E+01   9.776807E+00  -1.000000E+01   3.432937E+00  -4.339335E+00        14
   1.040745E+04   5.420499E+06   1.079691E+01   1.079691E+01   1.199656E+01   9.776807E+00  -1.000000E+01   3.432937E+00  -4.339335E+00        14
   1.041745E+04   5.430916E+06   1.079691E+01   1.079691E+01   1.199656E+01   9.776807E+00  -1.000000E+01   3.432937E+00  -4.339335E+00        14
   1.042745E+04   5.441343E+06   1.079691E+01   1.079691E+01   1.199656E+01   9.776807E+00  -1.000000E+01   3.432937E+00  -4.339335E+00        14
   1.043745E+04   5.451780E+06   1.079691E+01   1.079691E+01   1.199656E+01   9.776807E+00  -1.000000E+01   3.432937E+00  -4.339335E+00        14
   1.044745E+04   5.462227E+06   1.079691E+01   1.079691E+01   1.199656E+01   9.776807E+00  -1.000000E+01   3.432937E+00  -4.339335E+00        14
   1.045745E+04   5.472684E+06   1.079691E+01   1.079691E+01   1.199656E+01   9.776807E+00  -1.000000E+01   3.432937E+00  -4.339335E+00        14
   1.046745E+04   5.483151E+06   1.079691E+01   1.079691E+01   1.199656E+01   9.776807E+00  -1.000000E+01   3.432937E+00  -4.339335E+00        14
   1.047745E+04   5.493628E+06   1.079691E+01   1.079691E+01   1.199656E+01   9.776807E+00  -1.000000E+01   3.432937E+00  -4.339335E+00        14
   1.048745E+04   5.504115E+06   1.079691E+01   1.079691E+01   1.199656E+01   9.776807E+00  -1.000000E+01   3.432937E+00  -4.339335E+00        14
   1.049745E+04   5.514612E+06   1.079691E+01   1.079691E+01   1.199656E+01   9.776807E+00  -1.000000E+01   3.432937E+00  -4.339335E+00        14
   1.050745E+04   5.525119E+06   1.079691E+01   1.079691E+01   1.199656E+01   9.776807E+00  -1.000000E+01   3.432937E+00  -4.339335E+00        14
   1.051745E+04   5.535636E+06   1.079691E+01   1.079691E+01   1.199656E+01   9.776807E+00  -1.000000E+01   3.432937E+00  -4.339335E+00        14
   1.052745E+04   5.546163E+06   1.079691E+01   1.079691E+01   1.199656E+01   9.776807E+00  -1.000000E+01   3.432937E+00  -4.339335E+00        14
   1.053745E+04   5.556700E+06   1.079691E+01   1.079691E+01   1.199656E+01   9.776807E+00  -1.000000E+01   3.432937E+00  -4.339335E+00        14
   1.054745E+04   5.567247E+06   1.079691E+01   1.079691E+01   1.199656E+01   9.776807E+00  -1.000000E+01   3.432937E+00  -4.339335E+00        14
   1.055745E+04   5.577804E+06   1.079691E+01   1.079691E+01   1.199656E+01   9.776807E+00  -1.000000E+01   3.432937E+00  -4.339335E+00        14
   1.056745E+04   5.588371E+06   1.079691E+01   1.079691E+01   1.199656E+01   9.776807E+00  -1.000000E+01   3.432937E+00  -4.339335E+00        14
   1.057745E+04   5.598948E+06   1.079691E+01   1.079691E+01   1.199656E+01   9.776807E+00  -1.000000E+01   3.432937E+00  -4.339335E+00        14
   1.058745E+04   5.609535E+06   1.079691E+01   1.079691E+01   1.199656E+01   9.776807E+00  -1.000000E+01   3.432937E+00  -4.339335E+00        14
   1.059745E+04   5.620132E+06   1.079691E+01   1.079691E+01   1.199656E+01   9.776807E+00  -1.000000E+01   3.432937E+00  -4.339335E+00        14
   1.060745E+04   5.630739E+06   1.079691E+01   1.079691E+01   1.199656E+01   9.776807E+00  -1.000000E+01   3.432937E+00  -4.339335E+00        14
   1.061745E+04   5.641356E+06   1.079691E+01   1.079691E+01   1.199656E+01   9.776807E+00  -1.000000E+01   3.432937E+00  -4.339335E+00        14
   1.062745E+04   5.651983E+06   1.079691E+01   1.079691E+01   1.199656E+01   9.776807E+00  -1.000000E+01   3.432937E+00  -4.339335E+00        14
   1.063745E+04   5.662620E+06   1.079691E+01   1.079691E+01   1.199656E+01   9.776807E+00  -1.000000E+01   3.432937E+00  -4.339335E+00        14
   1.064745E+04   5.673268E+06   1.079691E+01   1.079691E+01   1.199656E+01   9.776807E+00  -1.000000E+01   3.432937E+00  -4.339335E+00        14
   1.065745E+04   5.683925E+06   1.079691E+01   1.079691E+01   1.199656E+01   9.776807E+00  -1.000000E+01   3.432937E+00  -4.339335E+00        14
   1.066745E+04   5.694592E+06   1.079691E+01   1.079691E+01   1.199656E+01   9.776807E+00  -1.000000E+01   3.432937E+00  -4.339335E+00        14
   1.067745E+04   5.705269E+06   1.079691E+01   1.079691E+01   1.199656E+01   9.776807E+00  -1.000000E+01   3.432937E+00  -4.339335E+00        14
   1.068745E+04   5.715956E+06   1.079691E+01   1.079691E+01   1.199656E+01   9.776807E+00  -1.000000E+01   3.432937E+00  -4.339335E+00        14
   1.069745E+04   5.726653E+06   1.079691E+01   1.079691E+01   1.199656E+01   9.776807E+00  -1.000000E+01   3.432937E+00  -4.339335E+00        14
   1.070745E+04   5.737360E+06   1.079691E+01   1.079691E+01   1.199656E+01   9.776807E+00  -1.000000E+01   3.432937E+00  -4.339335E+00        14
   1.071745E+04   5.748077E+06   1.079691E+01   1.079691E+01   1.199656E+01   9.776807E+00  -1.000000E+01   3.432937E+00  -4.339335E+00        14
   1.072745E+04   5.758804E+06   1.079691E+01   1.079691E+01   1.199656E+01   9.776807E+00  -1.000000E+01   3.432937E+00  -4.339335E+00        14
   1.073745E+04   5.769541E+06   1.079691E+01   1.079691E+01   1.199656E+01   9.776807E+00  -1.000000E+01   3.432937E+00  -4.339335E+00        14
   1.074745E+04   5.780288E+06   1.079691E+01   1.079691E+01   1.199656E+01   9.776807E+00  -1.000000E+01   3.432937E+00  -4.339335E+00        14
   1.075745E+04   5.791045E+06   1.079691E+01   1.079691E+01   1.199656E+01   9.776807E+00  -1.000000E+01   3.432937E+00  -4.339335E+00        14
   1.076745E+04   5.801812E+06   1.079691E+01   1.079691E+01   1.199656E+01   9.776807E+00  -1.000000E+01   3.432937E+00  -4.339335E+00        14
   1.077745E+04   5.812589E+06   1.079691E+01   1.079691E+01   1.199656E+01   9.776807E+00  -1.000000E+01   3.432937E+00  -4.339335E+00        14
   1.078745E+04   5.823376E+06   1.079691E+01   1.079691E+01   1.199656E+01   9.776807E+00  -1.000000E+01   3.432937E+00  -4.339335E+00        14
   1.079745E+04   5.834173E+06   1.079691E+01   1.079691E+01   1.199656E+01   9.776807E+00  -1.000000E+01   3.432937E+00  -4.339335E+00        14
   1.080745E+04   5.844980E+06   1.079691E+01   1.079691E+01   1.199656E+01   9.776807E+00  -1.000000E+01   3.432937E+00  -4.339335E+00        14
   1.081745E+04   5.855797E+06   1.079691E+01   1.079691E+01   1.199656E+01   9.776807E+00  -1.000000E+01   3.432937E+00  -4.339335E+00        14
   1.082745E+04   5.866624E+06   1.079691E+01   1.079691E+01   1.199656E+01   9.776807E+00  -1.000000E+01   3.432937E+00  -4.339335E+00        14
   1.083745E+04   5.877461E+06   1.079691E+01   1.079691E+01   1.199656E+01   9.776807E+00  -1.000000E+01   3.432937E+00  -4.339335E+00        14
   1.084745E+04   5.888308E+06   1.079691E+01   1.079691E+01   1.199656E+01   9.776807E+00  -1.000000E+01   3.432937E+00  -4.339335E+00        14
   1.085745E+04   5.899165E+06   1.079691E+01   1.079691E+01   1.199656E+01   9.776807E+00  -1.000000E+01   3.432937E+00  -4.339335E+00        14
   1.086745E+04   5.910032E+06   1.079691E+01   1.079691E+01   1.199656E+01   9.776807E+00  -1.000000E+01   3.432937E+00  -4.339335E+00        14
   1.087745E+04   5.920909E+06   1.079691E+01   1.079691E+01   1.199656E+01   9.776807E+00  -1.000000E+01   3.432937E+00  -4.339335E+00        14
   1.088745E+04   5.931796E+06   1.079691E+01   1.079691E+01   1.199656E+01   9.776807E+00  -1.000000E+01   3.432937E+00  -4.339335E+00        14
   1.089745E+04   5.942693E+06   1.079691E+01   1.079691E+01   1.199656E+01   9.776807E+00  -1.000000E+01   3.432937E+00  -4.339335E+00        14
   1.090745E+04   5.953600E+06   1.079691E+01   1.079691E+01   1.199656E+01   9.776807E+00  -1.000000E+01   3.432937E+00  -4.339335E+00        14
   1.091745E+04   5.964517E+06   1.079691E+01   1.079691E+01   1.199656E+01   9.776807E+00  -1.000000E+01   3.432937E+00  -4.339335E+00        14
   1.092745E+04   5.975444E+06   1.079691E+01   1.079691E+01   1.199656E+01   9.776807E+00  -1.000000E+01   3.432937E+00  -4.339335E+00        14
   1.093745E+04   5.986381E+06   1.079691E+01   1.079691E+01   1.199656E+01   9.776807E+00  -1.000000E+01   3.432937E+00  -4.339335E+00        14
   1.094745E+04   5.997328E+06   1.079691E+01   1.079691E+01   1.199656E+01   9.776807E+00  -1.000000E+01   3.432937E+00  -4.339335E+00        14
   1.095745E+04   6.008285E+06   1.079691E+01   1.079691E+01   1.199656E+01   9.776807E+00  -1.000000E+01   3.432937E+00  -4.339335E+00        14
   1.096745E+04   6.019252E+06   1.079691E+01   1.079691E+01   1.199656E+01   9.776807E+00  -1.000000E+01   3.432937E+00  -4.339335E+00        14
   1.097745E+04   6.030229E+06   1.079691E+01   1.079691E+01   1.199656E+01   9.776807E+00  -1.000000E+01   3.432937E+00  -4.339335E+00        14
   1.098745E+04   6.041216E+06   1.079691E+01   1.079691E+01   1.199656E+01   9.776807E+00  -1.000000E+01   3.432937E+00  -4.339335E+00        14
   1.099745E+04   6.052213E+06   1.079691E+01   1.079691E+01   1.199656E+01   9.776807E+00  -1.000000E+01   3.432937E+00  -4.339335E+00        14
   1.100745E+04   6.063220E+06   1.079691E+01   1.079691E+01   1.199656E+01   9.776807E+00  -1.000000E+01   3.432937E+00  -4.339335E+00        14
   1.101745E+04   6.074237E+06   1.079691E+01   1.079691E+01   1.199656E+01   9.776807E+00  -1.000000E+01   3.432937E+00  -4.339335E+00        14
   1.102745E+04   6.085264E+06   1.079691E+01   1.079691E+01   1.199656E+01   9.776807E+00  -1.000000E+01   3.432937E+00  -4.339335E+00        14
   1.103745E+04   6.096301E+06   1.079691E+01   1.079691E+01   1.199656E+01   9.776807E+00  -1.000000E+01   3.432937E+00  -4.339335E+00        14
   1.104745E+04   6.107348E+06   1.079691E+01   1.079691E+01   1.199656E+01   9.776807E+00  -1.000000E+01   3.432937E+00  -4.339335E+00        14
   1.105745E+04   6.118405E+06   1.079691E+01   1.079691E+01   1.199656E+01   9.776807E+00  -1.000000E+01   3.432937E+00  -4.339335E+00        14
   1.106745E+04   6.129472E+06   1.079691E+01   1.079691E+01   1.199656E+01   9.776807E+00  -1.000000E+01   3.432937E+00  -4.339335E+00        14
   1.107745E+04   6.140549E+06   1.079691E+01   1.079691E+01   1.199656E+01   9.776807E+00  -1.000000E+01   3.432937E+00  -4.339335E+00        14
   1.108745E+04   6.151636E+06   1.079691E+01   1.079691E+01   1.199656E+01   9.776807E+00  -1.000000E+01   3.432937E+00  -4.339335E+00        14
   1.109745E+04   6.162733E+06   1.079691E+01   1.079691E+01   1.199656E+01   9.776807E+00  -1.000000E+01   3.432937E+00  -4.339335E+00        14
   1.110745E+04   6.173840E+06   1.079691E+01   1.079691E+01   1.199656E+01   9.776807E+00  -1.000000E+01   3.432937E+00  -4.339335E+00        14
   1.111745E+04   6.184957E+06   1.079691E+01   1.079691E+01   1.199656E+01   9.776807E+00  -1.000000E+01   3.432937E+00  -4.339335E+00        14
   1.112745E+04   6.196084E+06   1.079691E+01   1.079691E+01   1.199656E+01   9.776807E+00  -1.000000E+01   3.432937E+00  -4.339335E+00        14
   1.113745E+04   6.207221E+06   1.079691E+01   1.079691E+01   1.199656E+01   9.776807E+00  -1.000000E+01   3.432937E+00  -4.339335E+00        14
   1.114745E+04   6.218368E+06   1.079691E+01   1.079691E+01   1.199656E+01   9.776807E+00  -1.000000E+01   3.432937E+00  -4.339335E+00        14
   1.115745E+04   6.229525E+06   1.079691E+01   1.079691E+01   1.199656E+01   9.776807E+00  -1.000000E+01   3.432937E+00  -4.339335E+00        14
   1.116745E+04   6.240692E+06   1.079691E+01   1.079691E+01   1.199656E+01   9.776807E+00  -1.000000E+01   3.432937E+00  -4.339335E+00        14
   1.117745E+04   6.251869E+06   1.079691E+01   1.079691E+01   1.199656E+01   9.776807E+00  -1.000000E+01   3.432937E+00  -4.339335E+00        14
   1.118745E+04   6.263056E+06   1.079691E+01   1.079691E+01   1.199656E+01   9.776807E+00  -1.000000E+01   3.432937E+00  -4.339335E+00        14
   1.119745E+04   6.274254E+06   1.079691E+01   1.079691E+01   1.199656E+01   9.776807E+00  -1.000000E+01   3.432937E+00  -4.339335E+00        14
   1.120745E+04   6.285461E+06   1.079691E+01   1.079691E+01   1.199656E+01   9.776807E+00  -1.000000E+01   3.432937E+00  -4.339335E+00        14
   1.121745E+04   6.296678E+06   1.079691E+01   1.079691E+01   1.199656E+01   9.776807E+00  -1.000000E+01   3.432937E+00  -4.339335E+00        14
   1.122745E+04   6.307905E+06   1.079691E+01   1.079691E+01   1.199656E+01   9.776807E+00  -1.000000E+01   3.432937E+00  -4.339335E+00        14
   1.123745E+04   6.319142E+06   1.079691E+01   1.079691E+01   1.199656E+01   9.776807E+00  -1.000000E+01   3.432937E+00  -4.339335E+00        14
   1.124745E+04   6.330389E+06   1.079691E+01   1.079691E+01   1.199656E+01   9.776807E+00  -1.000000E+01   3.432937E+00  -4.339335E+00        14
   1.125745E+04   6.341646E+06   1.079691E+01   1.079691E+01   1.199656E+01   9.776807E+00  -1.000000E+01   3.432937E+00  -4.339335E+00        14
   1.126745E+04   6.352913E+06   1.079691E+01   1.079691E+01   1.199656E+01   9.776807E+00  -1.000000E+01   3.432937E+00  -4.339335E+00        14
   1.127745E+04   6.364190E+06   1.079691E+01   1.079691E+01   1.199656E+01   9.776807E+00  -1.000000E+01   3.432937E+00  -4.339335E+00        14
   1.128745E+04   6.375477E+06   1.079691E+01   1.079691E+01   1.199656E+01   9.776807E+00  -1.000000E+01   3.432937E+00  -4.339335E+00        14
   1.129745E+04   6.386774E+06   1.079691E+01   1.079691E+01   1.199656E+01   9.776807E+00  -1.000000E+01   3.432937E+00  -4.339335E+00        14
   1.130745E+04   6.398081E+06   1.079691E+01   1.079691E+01   1.199656E+01   9.776807E+00  -1.000000E+01   3.432937E+00  -4.339335E+00        14
   1.131745E+04   6.409398E+06   1.079691E+01   1.079691E+01   1.199656E+01   9.776807E+00  -1.000000E+01   3.432937E+00  -4.339335E+00        14
   1.132745E+04   6.420725E+06   1.079691E+01   1.079691E+01   1.199656E+01   9.776807E+00  -1.000000E+01   3.432937E+00  -4.339335E+00        14
   1.133745E+04   6.432062E+06   1.079691E+01   1.079691E+01   1.199656E+01   9.776807E+00  -1.000000E+01   3.432937E+00  -4.339335E+00        14
   1.134745E+04   6.443409E+06   1.079691E+01   1.079691E+01   1.199656E+01   9.776807E+00  -1.000000E+01   3.432937E+00  -4.339335E+00        14
   1.135745E+04   6.454766E+06   1.079691E+01   1.079691E+01   1.199656E+01   9.776807E+00  -1.000000E+01   3.432937E+00  -4.339335E+00        14
   1.136745E+04   6.466133E+06   1.079691E+01   1.079691E+01   1.199656E+01   9.776807E+00  -1.000000E+01   3.432937E+00  -4.339335E+00        14
   1.137745E+04   6.477510E+06   1.079691E+01   1.079691E+01   1.199656E+01   9.776807E+00  -1.000000E+01   3.432937E+00  -4.339335E+00        14
   1.138745E+04   6.488897E+06   1.079691E+01   1.079691E+01   1.199656E+01   9.776807E+00  -1.000000E+01   3.432937E+00  -4.339335E+00        14
   1.139745E+04   6.500294E+06   1.079691E+01   1.079691E+01   1.199656E+01   9.776807E+00  -1.000000E+01   3.432937E+00  -4.339335E+00        14
   1.140745E+04   6.511701E+06   1.079691E+01   1.079691E+01   1.199656E+01   9.776807E+00  -1.000000E+01   3.432937E+00  -4.339335E+00        14
   1.141745E+04   6.523118E+06   1.079691E+01   1.079691E+01   1.199656E+01   9.776807E+00  -1.000000E+01   3.432937E+00  -4.339335E+00        14
   1.142745E+04   6.534545E+06   1.079691E+01   1.079691E+01   1.199656E+01   9.776807E+00  -1.000000E+01   3.432937E+00  -4.339335E+00        14
   1.143745E+04   6.545982E+06   1.079691E+01   1.079691E+01   1.199656E+01   9.776807E+00  -1.000000E+01   3.432937E+00  -4.339335E+00        14
   1.144745E+04   6.557429E+06   1.079691E+01   1.079691E+01   1.199656E+01   9.776807E+00  -1.000000E+01   3.432937E+00  -4.339335E+00        14
   1.145745E+04   6.568886E+06   1.079691E+01   1.079691E+01   1.199656E+01   9.776807E+00  -1.000000E+01   3.432937E+00  -4.339335E+00        14
   1.146745E+04   6.580353E+06   1.079691E+01   1.079691E+01   1.199656E+01   9.776807E+00  -1.000000E+01   3.432937E+00  -4.339335E+00        14
   1.147745E+04   6.591830E+06   1.079691E+01   1.079691E+01   1.199656E+01   9.776807E+00  -1.000000E+01   3.432937E+00  -4.339335E+00        14
   1.148745E+04   6.603317E+06   1.079691E+01   1.079691E+01   1.199656E+01   9.776807E+00  -1.000000E+01   3.432937E+00  -4.339335E+00        14
   1.149745E+04   6.614814E+06   1.079691E+01   1.079691E+01   1.199656E+01   9.776807E+00  -1.000000E+01   3.432937E+00  -4.339335E+00        14
   1.150745E+04   6.626321E+06   1.079691E+01   1.079691E+01   1.199656E+01   9.776807E+00  -1.000000E+01   3.432937E+00  -4.339335E+00        14
   1.151745E+04   6.637838E+06   1.079691E+01   1.079691E+01   1.199656E+01   9.776807E+00  -1.000000E+01   3.432937E+00  -4.339335E+00        14
   1.152745E+04   6.649365E+06   1.079691E+01   1.079691E+01   1.199656E+01   9.776807E+00  -1.000000E+01   3.432937E+00  -4.339335E+00        14
   1.153745E+04   6.660902E+06   1.079691E+01   1.079691E+01   1.199656E+01   9.776807E+00  -1.000000E+01   3.432937E+00  -4.339335E+00        14
   1.154745E+04   6.672449E+06   1.079691E+01   1.079691E+01   1.199656E+01   9.776807E+00  -1.000000E+01   3.432937E+00  -4.339335E+00        14
   1.155745E+04   6.684006E+06   1.079691E+01   1.079691E+01   1.199656E+01   9.776807E+00  -1.000000E+01   3.432937E+00  -4.339335E+00        14
   1.156745E+04   6.695573E+06   1.079691E+01   1.079691E+01   1.199656E+01   9.776807E+00  -1.000000E+01   3.432937E+00  -4.339335E+00        14
   1.157745E+04   6.707150E+06   1.079691E+01   1.079691E+01   1.199656E+01   9.776807E+00  -1.000000E+01   3.432937E+00  -4.339335E+00        14
   1.158745E+04   6.718737E+06   1.079691E+01   1.079691E+01   1.199656E+01   9.776807E+00  -1.000000E+01   3.432937E+00  -4.339335E+00        14
   1.159745E+04   6.730334E+06   1.079691E+01   1.079691E+01   1.199656E+01   9.776807E+00  -1.000000E+01   3.432937E+00  -4.339335E+00        14
   1.160745E+04   6.741941E+06   1.079691E+01   1.079691E+01   1.199656E+01   9.776807E+00  -1.000000E+01   3.432937E+00  -4.339335E+00        14
   1.161745E+04   6.753558E+06   1.079691E+01   1.079691E+01   1.199656E+01   9.776807E+00  -1.000000E+01   3.432937E+00  -4.339335E+00        14
   1.162745E+04   6.765185E+06   1.079691E+01   1.079691E+01   1.199656E+01   9.776807E+00  -1.000000E+01   3.432937E+00  -4.339335E+00        14
   1.163745E+04   6.776822E+06   1.079691E+01   1.079691E+01   1.199656E+01   9.776807E+00  -1.000000E+01   3.432937E+00  -4.339335E+00        14
   1.164745E+04   6.788469E+06   1.079691E+01   1.079691E+01   1.199656E+01   9.776807E+00  -1.000000E+01   3.432937E+00  -4.339335E+00        14
   1.165745E+04   6.800126E+06   1.079691E+01   1.079691E+01   1.199656E+01   9.776807E+00  -1.000000E+01   3.432937E+00  -4.339335E+00        14
   1.166745E+04   6.811793E+06   1.079691E+01   1.079691E+01   1.199656E+01   9.776807E+00  -1.000000E+01   3.432937E+00  -4.339335E+00        14
   1.167745E+04   6.823470E+06   1.079691E+01   1.079691E+01   1.199656E+01   9.776807E+00  -1.000000E+01   3.432937E+00  -4.339335E+00        14
   1.168745E+04   6.835157E+06   1.079691E+01   1.079691E+01   1.199656E+01   9.776807E+00  -1.000000E+01   3.432937E+00  -4.339335E+00        14
   1.169745E+04   6.846854E+06   1.079691E+01   1.079691E+01   1.199656E+01   9.776807E+00  -1.000000E+01   3.432937E+00  -4.339335E+00        14
   1.170745E+04   6.858561E+06   1.079691E+01   1.079691E+01   1.199656E+01   9.776807E+00  -1.000000E+01   3.432937E+00  -4.339335E+00        14
   1.171745E+04   6.870278E+06   1.079691E+01   1.079691E+01   1.199656E+01   9.776807E+00  -1.000000E+01   3.432937E+00  -4.339335E+00        14
   1.172745E+04   6.882005E+06   1.079691E+01   1.079691E+01   1.199656E+01   9.776807E+00  -1.000000E+01   3.432937E+00  -4.339335E+00        14
   1.173745E+04   6.893743E+06   1.079691E+01   1.079691E+01   1.199656E+01   9.776807E+00  -1.000000E+01   3.432937E+00  -4.339335E+00        14
   1.174745E+04   6.905490E+06   1.079691E+01   1.079691E+01   1.199656E+01   9.776807E+00  -1.000000E+01   3.432937E+00  -4.339335E+00        14
   1.175745E+04   6.917247E+06   1.079691E+01   1.079691E+01   1.199656E+01   9.776807E+00  -1.000000E+01   3.432937E+00  -4.339335E+00        14
   1.176745E+04   6.929014E+06   1.079691E+01   1.079691E+01   1.199656E+01   9.776807E+00  -1.000000E+01   3.432937E+00  -4.339335E+00        14
   1.177745E+04   6.940791E+06   1.079691E+01   1.079691E+01   1.199656E+01   9.776807E+00  -1.000000E+01   3.432937E+00  -4.339335E+00        14
   1.178745E+04   6.952578E+06   1.079691E+01   1.079691E+01   1.199656E+01   9.776807E+00  -1.000000E+01   3.432937E+00  -4.339335E+00        14
   1.179745E+04   6.964375E+06   1.079691E+01   1.079691E+01   1.199656E+01   9.776807E+00  -1.000000E+01   3.432937E+00  -4.339335E+00        14
   1.180745E+04   6.976182E+06   1.079691E+01   1.079691E+01   1.199656E+01   9.776807E+00  -1.000000E+01   3.432937E+00  -4.339335E+00        14
   1.181745E+04   6.987999E+06   1.079691E+01   1.079691E+01   1.199656E+01   9.776807E+00  -1.000000E+01   3.432937E+00  -4.339335E+00        14
   1.182745E+04   6.999826E+06   1.079691E+01   1.079691E+01   1.199656E+01   9.776807E+00  -1.000000E+01   3.432937E+00  -4.339335E+00        14
   1.183745E+04   7.011663E+06   1.079691E+01   1.079691E+01   1.199656E+01   9.776807E+00  -1.000000E+01   3.432937E+00  -4.339335E+00        14
   1.184745E+04   7.023510E+06   1.079691E+01   1.079691E+01   1.199656E+01   9.776807E+00  -1.000000E+01   3.432937E+00  -4.339335E+00        14
   1.185745E+04   7.035367E+06   1.079691E+01   1.079691E+01   1.199656E+01   9.776807E+00  -1.000000E+01   3.432937E+00  -4.339335E+00        14
   1.186745E+04   7.047234E+06   1.079691E+01   1.079691E+01   1.199656E+01   9.776807E+00  -1.000000E+01   3.432937E+00  -4.339335E+00        14
   1.187745E+04   7.059111E+06   1.079691E+01   1.079691E+01   1.199656E+01   9.776807E+00  -1.000000E+01   3.432937E+00  -4.339335E+00        14
   1.188745E+04   7.070998E+06   1.079691E+01   1.079691E+01   1.199656E+01   9.776807E+00  -1.000000E+01   3.432937E+00  -4.339335E+00        14
   1.189745E+04   7.082895E+06   1.079691E+01   1.079691E+01   1.199656E+01   9.776807E+00  -1.000000E+01   3.432937E+00  -4.339335E+00        14
   1.190745E+04   7.094802E+06   1.079691E+01   1.079691E+01   1.199656E+01   9.776807E+00  -1.000000E+01   3.432937E+00  -4.339335E+00        14
   1.191745E+04   7.106719E+06   1.079691E+01   1.079691E+01   1.199656E+01   9.776807E+00  -1.000000E+01   3.432937E+00  -4.339335E+00        14
   1.192745E+04   7.118646E+06   1.079691E+01   1.079691E+01   1.199656E+01   9.776807E+00  -1.000000E+01   3.432937E+00  -4.339335E+00        14
   1.193745E+04   7.130583E+06   1.079691E+01   1.079691E+01   1.199656E+01   9.776807E+00  -1.000000E+01   3.432937E+00  -4.339335E+00        14
   1.194745E+04   7.142530E+06   1.079691E+01   1.079691E+01   1.199656E+01   9.776807E+00  -1.000000E+01   3.432937E+00  -4.339335E+00        14
   1.195745E+04   7.154487E+06   1.079691E+01   1.079691E+01   1.199656E+01   9.776807E+00  -1.000000E+01   3.432937E+00  -4.339335E+00        14
   1.196745E+04   7.166454E+06   1.079691E+01   1.079691E+01   1.199656E+01   9.776807E+00  -1.000000E+01   3.432937E+00  -4.339335E+00        14
   1.197745E+04   7.178431E+06   1.079691E+01   1.079691E+01   1.199656E+01   9.776807E+00  -1.000000E+01   3.432937E+00  -4.339335E+00        14
   1.198745E+04   7.190418E+06   1.079691E+01   1.079691E+01   1.199656E+01   9.776807E+00  -1.000000E+01   3.432937E+00  -4.339335E+00        14
   1.199745E+04   7.202415E+06   1.079691E+01   1.079691E+01   1.199656E+01   9.776807E+00  -1.000000E+01   3.432937E+00  -4.339335E+00        14
   1.200745E+04   7.214422E+06   1.079691E+01   1.079691E+01   1.199656E+01   9.776807E+00  -1.000000E+01   3.432937E+00  -4.339335E+00        14
   1.201745E+04   7.226439E+06   1.079691E+01   1.079691E+01   1.199656E+01   9.776807E+00  -1.000000E+01   3.432937E+00  -4.339335E+00        14
   1.202745E+04   7.238466E+06   1.079691E+01   1.079691E+01   1.199656E+01   9.776807E+00  -1.000000E+01   3.432937E+00  -4.339335E+00        14
   1.203745E+04   7.250503E+06   1.079691E+01   1.079691E+01   1.199656E+01   9.776807E+00  -1.000000E+01   3.432937E+00  -4.339335E+00        14
   1.204745E+04   7.262550E+06   1.079691E+01   1.079691E+01   1.199656E+01   9.776807E+00  -1.000000E+01   3.432937E+00  -4.339335E+00        14
   1.205745E+04   7.274607E+06   1.079691E+01   1.079691E+01   1.199656E+01   9.776807E+00  -1.000000E+01   3.432937E+00  -4.339335E+00        14
   1.206745E+04   7.286674E+06   1.079691E+01   1.079691E+01   1.199656E+01   9.776807E+00  -1.000000E+01   3.432937E+00  -4.339335E+00        14
   1.207745E+04   7.298751E+06   1.079691E+01   1.079691E+01   1.199656E+01   9.776807E+00  -1.000000E+01   3.432937E+00  -4.339335E+00        14
   1.208745E+04   7.310838E+06   1.079691E+01   1.079691E+01   1.199656E+01   9.776807E+00  -1.000000E+01   3.432937E+00  -4.339335E+00        14
   1.209745E+04   7.322935E+06   1.079691E+01   1.079691E+01   1.199656E+01   9.776807E+00  -1.000000E+01   3.432937E+00  -4.339335E+00        14
   1.210745E+04   7.335042E+06   1.079691E+01   1.079691E+01   1.199656E+01   9.776807E+00  -1.000000E+01   3.432937E+00  -4.339335E+00        14
   1.211745E+04   7.347159E+06   1.079691E+01   1.079691E+01   1.199656E+01   9.776807E+00  -1.000000E+01   3.432937E+00  -4.339335E+00        14
   1.212745E+04   7.359286E+06   1.079691E+01   1.079691E+01   1.199656E+01   9.776807E+00  -1.000000E+01   3.432937E+00  -4.339335E+00        14
   1.213745E+04   7.371423E+06   1.079691E+01   1.079691E+01   1.199656E+01   9.776807E+00  -1.000000E+01   3.432937E+00  -4.339335E+00        14
   1.214745E+04   7.383570E+06   1.079691E+01   1.079691E+01   1.199656E+01   9.776807E+00  -1.000000E+01   3.432937E+00  -4.339335E+00        14
   1.215745E+04   7.395727E+06   1.079691E+01   1.079691E+01   1.199656E+01   9.776807E+00  -1.000000E+01   3.432937E+00  -4.339335E+00        14
   1.216745E+04   7.407894E+06   1.079691E+01   1.079691E+01   1.199656E+01   9.776807E+00  -1.000000E+01   3.432937E+00  -4.339335E+00        14
   1.217745E+04   7.420071E+06   1.079691E+01   1.079691E+01   1.199656E+01   9.776807E+00  -1.000000E+01   3.432937E+00  -4.339335E+00        14
   1.218745E+04   7.432258E+06   1.079691E+01   1.079691E+01   1.199656E+01   9.776807E+00  -1.000000E+01   3.432937E+00  -4.339335E+00        14
   1.219745E+04   7.444455E+06   1.079691E+01   1.079691E+01   1.199656E+01   9.776807E+00  -1.000000E+01   3.432937E+00  -4.339335E+00        14
   1.220745E+04   7.456662E+06   1.079691E+01   1.079691E+01   1.199656E+01   9.776807E+00  -1.000000E+01   3.432937E+00  -4.339335E+00        14
   1.221745E+04   7.468879E+06   1.079691E+01   1.079691E+01   1.199656E+01   9.776807E+00  -1.000000E+01   3.432937E+00  -4.339335E+00        14
   1.222745E+04   7.481106E+06   1.079691E+01   1.079691E+01   1.199656E+01   9.776807E+00  -1.000000E+01   3.432937E+00  -4.339335E+00        14
   1.223745E+04   7.493343E+06   1.079691E+01   1.079691E+01   1.199656E+01   9.776807E+00  -1.000000E+01   3.432937E+00  -4.339335E+00        14
   1.224745E+04   7.505590E+06   1.079691E+01   1.079691E+01   1.199656E+01   9.776807E+00  -1.000000E+01   3.432937E+00  -4.339335E+00        14
   1.225745E+04   7.517847E+06   1.079691E+01   1.079691E+01   1.199656E+01   9.776807E+00  -1.000000E+01   3.432937E+00  -4.339335E+00        14
   1.226745E+04   7.530114E+06   1.079691E+01   1.079691E+01   1.199656E+01   9.776807E+00  -1.000000E+01   3.432937E+00  -4.339335E+00        14
   1.227745E+04   7.542391E+06   1.079691E+01   1.079691E+01   1.199656E+01   9.776807E+00  -1.000000E+01   3.432937E+00  -4.339335E+00        14
   1.228745E+04   7.554679E+06   1.079691E+01   1.079691E+01   1.199656E+01   9.776807E+00  -1.000000E+01   3.432937E+00  -4.339335E+00        14
   1.229745E+04   7.566976E+06   1.079691E+01   1.079691E+01   1.199656E+01   9.776807E+00  -1.000000E+01   3.432937E+00  -4.339335E+00        14
   1.230745E+04   7.579283E+06   1.079691E+01   1.079691E+01   1.199656E+01   9.776807E+00  -1.000000E+01   3.432937E+00  -4.339335E+00        14
   1.231745E+04   7.591600E+06   1.079691E+01   1.079691E+01   1.199656E+01   9.776807E+00  -1.000000E+01   3.432937E+00  -4.339335E+00        14
   1.232745E+04   7.603927E+06   1.079691E+01   1.079691E+01   1.199656E+01   9.776807E+00  -1.000000E+01   3.432937E+00  -4.339335E+00        14
   1.233745E+04   7.616264E+06   1.079691E+01   1.079691E+01   1.199656E+01   9.776807E+00  -1.000000E+01   3.432937E+00  -4.339335E+00        14
   1.234745E+04   7.628611E+06   1.079691E+01   1.079691E+01   1.199656E+01   9.776807E+00  -1.000000E+01   3.432937E+00  -4.339335E+00        14
   1.235745E+04   7.640968E+06   1.079691E+01   1.079691E+01   1.199656E+01   9.776807E+00  -1.000000E+01   3.432937E+00  -4.339335E+00        14
   1.236745E+04   7.653335E+06   1.079691E+01   1.079691E+01   1.199656E+01   9.776807E+00  -1.000000E+01   3.432937E+00  -4.339335E+00        14
   1.237745E+04   7.665712E+06   1.079691E+01   1.079691E+01   1.199656E+01   9.776807E+00  -1.000000E+01   3.432937E+00  -4.339335E+00        14
   1.238745E+04   7.678099E+06   1.079691E+01   1.079691E+01   1.199656E+01   9.776807E+00  -1.000000E+01   3.432937E+00  -4.339335E+00        14
   1.239745E+04   7.690496E+06   1.079691E+01   1.079691E+01   1.199656E+01   9.776807E+00  -1.000000E+01   3.432937E+00  -4.339335E+00        14
   1.240745E+04   7.702903E+06   1.079691E+01   1.079691E+01   1.199656E+01   9.776807E+00  -1.000000E+01   3.432937E+00  -4.339335E+00        14
   1.241745E+04   7.715320E+06   1.079691E+01   1.079691E+01   1.199656E+01   9.776807E+00  -1.000000E+01   3.432937E+00  -4.339335E+00        14
   1.242745E+04   7.727747E+06   1.079691E+01   1.079691E+01   1.199656E+01   9.776807E+00  -1.000000E+01   3.432937E+00  -4.339335E+00        14
   1.243745E+04   7.740184E+06   1.079691E+01   1.079691E+01   1.199656E+01   9.776807E+00  -1.000000E+01   3.432937E+00  -4.339335E+00        14
   1.244745E+04   7.752631E+06   1.079691E+01   1.079691E+01   1.199656E+01   9.776807E+00  -1.000000E+01   3.432937E+00  -4.339335E+00        14
   1.245745E+04   7.765088E+06   1.079691E+01   1.079691E+01   1.199656E+01   9.776807E+00  -1.000000E+01   3.432937E+00  -4.339335E+00        14
   1.246745E+04   7.777555E+06   1.079691E+01   1.079691E+01   1.199656E+01   9.776807E+00  -1.000000E+01   3.432937E+00  -4.339335E+00        14
   1.247745E+04   7.790032E+06   1.079691E+01   1.079691E+01   1.199656E+01   9.776807E+00  -1.000000E+01   3.432937E+00  -4.339335E+00        14
   1.248745E+04   7.802519E+06   1.079691E+01   1.079691E+01   1.199656E+01   9.776807E+00  -1.000000E+01   3.432937E+00  -4.339335E+00        14
   1.249745E+04   7.815016E+06   1.079691E+01   1.079691E+01   1.199656E+01   9.776807E+00  -1.000000E+01   3.432937E+00  -4.339335E+00        14
   1.250745E+04   7.827523E+06   1.079691E+01   1.079691E+01   1.199656E+01   9.776807E+00  -1.000000E+01   3.432937E+00  -4.339335E+00        14
   1.251745E+04   7.840040E+06   1.079691E+01   1.079691E+01   1.199656E+01   9.776807E+00  -1.000000E+01   3.432937E+00  -4.339335E+00        14
   1.252745E+04   7.852567E+06   1.079691E+01   1.079691E+01   1.199656E+01   9.776807E+00  -1.000000E+01   3.432937E+00  -4.339335E+00        14
   1.253745E+04   7.865104E+06   1.079691E+01   1.079691E+01   1.199656E+01   9.776807E+00  -1.000000E+01   3.432937E+00  -4.339335E+00        14
   1.254745E+04   7.877651E+06   1.079691E+01   1.079691E+01   1.199656E+01   9.776807E+00  -1.000000E+01   3.432937E+00  -4.339335E+00        14
   1.255745E+04   7.890208E+06   1.079691E+01   1.079691E+01   1.199656E+01   9.776807E+00  -1.000000E+01   3.432937E+00  -4.339335E+00        14
   1.256745E+04   7.902775E+06   1.079691E+01   1.079691E+01   1.199656E+01   9.776807E+00  -1.000000E+01   3.432937E+00  -4.339335E+00        14
   1.257745E+04   7.915352E+06   1.079691E+01   1.079691E+01   1.199656E+01   9.776807E+00  -1.000000E+01   3.432937E+00  -4.339335E+00        14
   1.258745E+04   7.927939E+06   1.079691E+01   1.079691E+01   1.199656E+01   9.776807E+00  -1.000000E+01   3.432937E+00  -4.339335E+00        14
   1.259745E+04   7.940536E+06   1.079691E+01   1.079691E+01   1.199656E+01   9.776807E+00  -1.000000E+01   3.432937E+00  -4.339335E+00        14
   1.260745E+04   7.953143E+06   1.079691E+01   1.079691E+01   1.199656E+01   9.776807E+00  -1.000000E+01   3.432937E+00  -4.339335E+00        14
   1.261745E+04   7.965760E+06   1.079691E+01   1.079691E+01   1.199656E+01   9.776807E+00  -1.000000E+01   3.432937E+00  -4.339335E+00        14
   1.262745E+04   7.978387E+06   1.079691E+01   1.079691E+01   1.199656E+01   9.776807E+00  -1.000000E+01   3.432937E+00  -4.339335E+00        14
   1.263745E+04   7.991024E+06   1.079691E+01   1.079691E+01   1.199656E+01   9.776807E+00  -1.000000E+01   3.432937E+00  -4.339335E+00        14
   1.264745E+04   8.003671E+06   1.079691E+01   1.079691E+01   1.199656E+01   9.776807E+00  -1.000000E+01   3.432937E+00  -4.339335E+00        14
   1.265745E+04   8.016328E+06   1.079691E+01   1.079691E+01   1.199656E+01   9.776807E+00  -1.000000E+01   3.432937E+00  -4.339335E+00        14
   1.266745E+04   8.028995E+06   1.079691E+01   1.079691E+01   1.199656E+01   9.776807E+00  -1.000000E+01   3.432937E+00  -4.339335E+00        14
   1.267745E+04   8.041672E+06   1.079691E+01   1.079691E+01   1.199656E+01   9.776807E+00  -1.000000E+01   3.432937E+00  -4.339335E+00        14
   1.268745E+04   8.054359E+06   1.079691E+01   1.079691E+01   1.199656E+01   9.776807E+00  -1.000000E+01   3.432937E+00  -4.339335E+00        14
   1.269745E+04   8.067056E+06   1.079691E+01   1.079691E+01   1.199656E+01   9.776807E+00  -1.000000E+01   3.432937E+00  -4.339335E+00        14
   1.270745E+04   8.079763E+06   1.079691E+01   1.079691E+01   1.199656E+01   9.776807E+00  -1.000000E+01   3.432937E+00  -4.339335E+00        14
   1.271745E+04   8.092480E+06   1.079691E+01   1.079691E+01   1.199656E+01   9.776807E+00  -1.000000E+01   3.432937E+00  -4.339335E+00        14
   1.272745E+04   8.105207E+06   1.079691E+01   1.079691E+01   1.199656E+01   9.776807E+00  -1.000000E+01   3.432937E+00  -4.339335E+00        14
   1.273745E+04   8.117944E+06   1.079691E+01   1.079691E+01   1.199656E+01   9.776807E+00  -1.000000E+01   3.432937E+00  -4.339335E+00        14
   1.274745E+04   8.130691E+06   1.079691E+01   1.079691E+01   1.199656E+01   9.776807E+00  -1.000000E+01   3.432937E+00  -4.339335E+00        14
   1.275745E+04   8.143448E+06   1.079691E+01   1.079691E+01   1.199656E+01   9.776807E+00  -1.000000E+01   3.432937E+00  -4.339335E+00        14
   1.276745E+04   8.156215E+06   1.079691E+01   1.079691E+01   1.199656E+01   9.776807E+00  -1.000000E+01   3.432937E+00  -4.339335E+00        14
   1.277745E+04   8.168992E+06   1.079691E+01   1.079691E+01   1.199656E+01   9.776807E+00  -1.000000E+01   3.432937E+00  -4.339335E+00        14
   1.278745E+04   8.181779E+06   1.079691E+01   1.079691E+01   1.199656E+01   9.776807E+00  -1.000000E+01   3.432937E+00  -4.339335E+00        14
   1.279745E+04   8.194576E+06   1.079691E+01   1.079691E+01   1.199656E+01   9.776807E+00  -1.000000E+01   3.432937E+00  -4.339335E+00        14
   1.280745E+04   8.207383E+06   1.079691E+01   1.079691E+01   1.199656E+01   9.776807E+00  -1.000000E+01   3.432937E+00  -4.339335E+00        14
   1.281745E+04   8.220200E+06   1.079691E+01   1.079691E+01   1.199656E+01   9.776807E+00  -1.000000E+01   3.432937E+00  -4.339335E+00        14
   1.282745E+04   8.233028E+06   1.079691E+01   1.079691E+01   1.199656E+01   9.776807E+00  -1.000000E+01   3.432937E+00  -4.339335E+00        14
   1.283745E+04   8.245865E+06   1.079691E+01   1.079691E+01   1.199656E+01   9.776807E+00  -1.000000E+01   3.432937E+00  -4.339335E+00        14
   1.284745E+04   8.258712E+06   1.079691E+01   1.079691E+01   1.199656E+01   9.776807E+00  -1.000000E+01   3.432937E+00  -4.339335E+00        14
   1.285745E+04   8.271569E+06   1.079691E+01   1.079691E+01   1.199656E+01   9.776807E+00  -1.000000E+01   3.432937E+00  -4.339335E+00        14
   1.286745E+04   8.284436E+06   1.079691E+01   1.079691E+01   1.199656E+01   9.776807E+00  -1.000000E+01   3.432937E+00  -4.339335E+00        14
   1.287745E+04   8.297313E+06   1.079691E+01   1.079691E+01   1.199656E+01   9.776807E+00  -1.000000E+01   3.432937E+00  -4.339335E+00        14
   1.288745E+04   8.310200E+06   1.079691E+01   1.079691E+01   1.199656E+01   9.776807E+00  -1.000000E+01   3.432937E+00  -4.339335E+00        14
   1.289745E+04   8.323097E+06   1.079691E+01   1.079691E+01   1.199656E+01   9.776807E+00  -1.000000E+01   3.432937E+00  -4.339335E+00        14
   1.290745E+04   8.336004E+06   1.079691E+01   1.079691E+01   1.199656E+01   9.776807E+00  -1.000000E+01   3.432937E+00  -4.339335E+00        14
   1.291745E+04   8.348921E+06   1.079691E+01   1.079691E+01   1.199656E+01   9.776807E+00  -1.000000E+01   3.432937E+00  -4.339335E+00        14
   1.292745E+04   8.361848E+06   1.079691E+01   1.079691E+01   1.199656E+01   9.776807E+00  -1.000000E+01   3.432937E+00  -4.339335E+00        14
   1.293745E+04   8.374785E+06   1.079691E+01   1.079691E+01   1.199656E+01   9.776807E+00  -1.000000E+01   3.432937E+00  -4.339335E+00        14
   1.294745E+04   8.387732E+06   1.079691E+01   1.079691E+01   1.199656E+01   9.776807E+00  -1.000000E+01   3.432937E+00  -4.339335E+00        14
   1.295745E+04   8.400689E+06   1.079691E+01   1.079691E+01   1.199656E+01   9.776807E+00  -1.000000E+01   3.432937E+00  -4.339335E+00        14
   1.296745E+04   8.413656E+06   1.079691E+01   1.079691E+01   1.199656E+01   9.776807E+00  -1.000000E+01   3.432937E+00  -4.339335E+00        14
   1.297745E+04   8.426633E+06   1.079691E+01   1.079691E+01   1.199656E+01   9.776807E+00  -1.000000E+01   3.432937E+00  -4.339335E+00        14
   1.298745E+04   8.439620E+06   1.079691E+01   1.079691E+01   1.199656E+01   9.776807E+00  -1.000000E+01   3.432937E+00  -4.339335E+00        14
   1.299745E+04   8.452617E+06   1.079691E+01   1.079691E+01   1.199656E+01   9.776807E+00  -1.000000E+01   3.432937E+00  -4.339335E+00        14
   1.300745E+04   8.465624E+06   1.079691E+01   1.079691E+01   1.199656E+01   9.776807E+00  -1.000000E+01   3.432937E+00  -4.339335E+00        14
   1.301745E+04   8.478641E+06   1.079691E+01   1.079691E+01   1.199656E+01   9.776807E+00  -1.000000E+01   3.432937E+00  -4.339335E+00        14
   1.302745E+04   8.491668E+06   1.079691E+01   1.079691E+01   1.199656E+01   9.776807E+00  -1.000000E+01   3.432937E+00  -4.339335E+00        14
   1.303745E+04   8.504705E+06   1.079691E+01   1.079691E+01   1.199656E+01   9.776807E+00  -1.000000E+01   3.432937E+00  -4.339335E+00        14
   1.304745E+04   8.517752E+06   1.079691E+01   1.079691E+01   1.199656E+01   9.776807E+00  -1.000000E+01   3.432937E+00  -4.339335E+00        14
   1.305745E+04   8.530809E+06   1.079691E+01   1.079691E+01   1.199656E+01   9.776807E+00  -1.000000E+01   3.432937E+00  -4.339335E+00        14
   1.306745E+04   8.543876E+06   1.079691E+01   1.079691E+01   1.199656E+01   9.776807E+00  -1.000000E+01   3.432937E+00  -4.339335E+00        14
   1.307745E+04   8.556953E+06   1.079691E+01   1.079691E+01   1.199656E+01   9.776807E+00  -1.000000E+01   3.432937E+00  -4.339335E+00        14
   1.308745E+04   8.570040E+06   1.079691E+01   1.079691E+01   1.199656E+01   9.776807E+00  -1.000000E+01   3.432937E+00  -4.339335E+00        14
   1.309745E+04   8.583137E+06   1.079691E+01   1.079691E+01   1.199656E+01   9.776807E+00  -1.000000E+01   3.432937E+00  -4.339335E+00        14
   1.310745E+04   8.596244E+06   1.079691E+01   1.079691E+01   1.199656E+01   9.776807E+00  -1.000000E+01   3.432937E+00  -4.339335E+00        14
   1.311745E+04   8.609361E+06   1.079691E+01   1.079691E+01   1.199656E+01   9.776807E+00  -1.000000E+01   3.432937E+00  -4.339335E+00        14
   1.312745E+04   8.622488E+06   1.079691E+01   1.079691E+01   1.199656E+01   9.776807E+00  -1.000000E+01   3.432937E+00  -4.339335E+00        14
   1.313745E+04   8.635625E+06   1.079691E+01   1.079691E+01   1.199656E+01   9.776807E+00  -1.000000E+01   3.432937E+00  -4.339335E+00        14
   1.314745E+04   8.648772E+06   1.079691E+01   1.079691E+01   1.199656E+01   9.776807E+00  -1.000000E+01   3.432937E+00  -4.339335E+00        14
   1.315745E+04   8.661929E+06   1.079691E+01   1.079691E+01   1.199656E+01   9.776807E+00  -1.000000E+01   3.432937E+00  -4.339335E+00        14
   1.316745E+04   8.675096E+06   1.079691E+01   1.079691E+01   1.199656E+01   9.776807E+00  -1.000000E+01   3.432937E+00  -4.339335E+00        14
   1.317745E+04   8.688273E+06   1.079691E+01   1.079691E+01   1.199656E+01   9.776807E+00  -1.000000E+01   3.432937E+00  -4.339335E+00        14
   1.318745E+04   8.701460E+06   1.079691E+01   1.079691E+01   1.199656E+01   9.776807E+00  -1.000000E+01   3.432937E+00  -4.339335E+00        14
   1.319745E+04   8.714657E+06   1.079691E+01   1.079691E+01   1.199656E+01   9.776807E+00  -1.000000E+01   3.432937E+00  -4.339335E+00        14
   1.320745E+04   8.727864E+06   1.079691E+01   1.079691E+01   1.199656E+01   9.776807E+00  -1.000000E+01   3.432937E+00  -4.339335E+00        14
   1.321745E+04   8.741081E+06   1.079691E+01   1.079691E+01   1.199656E+01   9.776807E+00  -1.000000E+01   3.432937E+00  -4.339335E+00        14
   1.322745E+04   8.754308E+06   1.079691E+01   1.079691E+01   1.199656E+01   9.776807E+00  -1.000000E+01   3.432937E+00  -4.339335E+00        14
   1.323745E+04   8.767545E+06   1.079691E+01   1.079691E+01   1.199656E+01   9.776807E+00  -1.000000E+01   3.432937E+00  -4.339335E+00        14
   1.324745E+04   8.780792E+06   1.079691E+01   1.079691E+01   1.199656E+01   9.776807E+00  -1.000000E+01   3.432937E+00  -4.339335E+00        14
   1.325745E+04   8.794049E+06   1.079691E+01   1.079691E+01   1.199656E+01   9.776807E+00  -1.000000E+01   3.432937E+00  -4.339335E+00        14
   1.326745E+04   8.807316E+06   1.079691E+01   1.079691E+01   1.199656E+01   9.776807E+00  -1.000000E+01   3.432937E+00  -4.339335E+00        14
   1.327745E+04   8.820593E+06   1.079691E+01   1.079691E+01   1.199656E+01   9.776807E+00  -1.000000E+01   3.432937E+00  -4.339335E+00        14
   1.328745E+04   8.833880E+06   1.079691E+01   1.079691E+01   1.199656E+01   9.776807E+00  -1.000000E+01   3.432937E+00  -4.339335E+00        14
   1.329745E+04   8.847177E+06   1.079691E+01   1.079691E+01   1.199656E+01   9.776807E+00  -1.000000E+01   3.432937E+00  -4.339335E+00        14
   1.330745E+04   8.860484E+06   1.079691E+01   1.079691E+01   1.199656E+01   9.776807E+00  -1.000000E+01   3.432937E+00  -4.339335E+00        14
   1.331745E+04   8.873801E+06   1.079691E+01   1.079691E+01   1.199656E+01   9.776807E+00  -1.000000E+01   3.432937E+00  -4.339335E+00        14
   1.332745E+04   8.887128E+06   1.079691E+01   1.079691E+01   1.199656E+01   9.776807E+00  -1.000000E+01   3.432937E+00  -4.339335E+00        14
   1.333745E+04   8.900465E+06   1.079691E+01   1.079691E+01   1.199656E+01   9.776807E+00  -1.000000E+01   3.432937E+00  -4.339335E+00        14
   1.334745E+04   8.913812E+06   1.079691E+01   1.079691E+01   1.199656E+01   9.776807E+00  -1.000000E+01   3.432937E+00  -4.339335E+00        14
   1.335745E+04   8.927169E+06   1.079691E+01   1.079691E+01   1.199656E+01   9.776807E+00  -1.000000E+01   3.432937E+00  -4.339335E+00        14
   1.336745E+04   8.940536E+06   1.079691E+01   1.079691E+01   1.199656E+01   9.776807E+00  -1.000000E+01   3.432937E+00  -4.339335E+00        14
   1.337745E+04   8.953914E+06   1.079691E+01   1.079691E+01   1.199656E+01   9.776807E+00  -1.000000E+01   3.432937E+00  -4.339335E+00        14
   1.338745E+04   8.967301E+06   1.079691E+01   1.079691E+01   1.199656E+01   9.776807E+00  -1.000000E+01   3.432937E+00  -4.339335E+00        14
   1.339745E+04   8.980698E+06   1.079691E+01   1.079691E+01   1.199656E+01   9.776807E+00  -1.000000E+01   3.432937E+00  -4.339335E+00        14
   1.340745E+04   8.994105E+06   1.079691E+01   1.079691E+01   1.199656E+01   9.776807E+00  -1.000000E+01   3.432937E+00  -4.339335E+00        14
   1.341745E+04   9.007522E+06   1.079691E+01   1.079691E+01   1.199656E+01   9.776807E+00  -1.000000E+01   3.432937E+00  -4.339335E+00        14
   1.342745E+04   9.020949E+06   1.079691E+01   1.079691E+01   1.199656E+01   9.776807E+00  -1.000000E+01   3.432937E+00  -4.339335E+00        14
   1.343745E+04   9.034386E+06   1.079691E+01   1.079691E+01   1.199656E+01   9.776807E+00  -1.000000E+01   3.432937E+00  -4.339335E+00        14
   1.344745E+04   9.047833E+06   1.079691E+01   1.079691E+01   1.199656E+01   9.776807E+00  -1.000000E+01   3.432937E+00  -4.339335E+00        14
   1.345745E+04   9.061290E+06   1.079691E+01   1.079691E+01   1.199656E+01   9.776807E+00  -1.000000E+01   3.432937E+00  -4.339335E+00        14
   1.346745E+04   9.074757E+06   1.079691E+01   1.079691E+01   1.199656E+01   9.776807E+00  -1.000000E+01   3.432937E+00  -4.339335E+00        14
   1.347745E+04   9.088234E+06   1.079691E+01   1.079691E+01   1.199656E+01   9.776807E+00  -1.000000E+01   3.432937E+00  -4.339335E+00        14
   1.348745E+04   9.101721E+06   1.079691E+01   1.079691E+01   1.199656E+01   9.776807E+00  -1.000000E+01   3.432937E+00  -4.339335E+00        14
   1.349745E+04   9.115218E+06   1.079691E+01   1.079691E+01   1.199656E+01   9.776807E+00  -1.000000E+01   3.432937E+00  -4.339335E+00        14
   1.350745E+04   9.128725E+06   1.079691E+01   1.079691E+01   1.199656E+01   9.776807E+00  -1.000000E+01   3.432937E+00  -4.339335E+00        14
   1.351745E+04   9.142242E+06   1.079691E+01   1.079691E+01   1.199656E+01   9.776807E+00  -1.000000E+01   3.432937E+00  -4.339335E+00        14
   1.352745E+04   9.155769E+06   1.079691E+01   1.079691E+01   1.199656E+01   9.776807E+00  -1.000000E+01   3.432937E+00  -4.339335E+00        14
   1.353745E+04   9.169306E+06   1.079691E+01   1.079691E+01   1.199656E+01   9.776807E+00  -1.000000E+01   3.432937E+00  -4.339335E+00        14
   1.354745E+04   9.182853E+06   1.079691E+01   1.079691E+01   1.199656E+01   9.776807E+00  -1.000000E+01   3.432937E+00  -4.339335E+00        14
   1.355745E+04   9.196410E+06   1.079691E+01   1.079691E+01   1.199656E+01   9.776807E+00  -1.000000E+01   3.432937E+00  -4.339335E+00        14
   1.356745E+04   9.209977E+06   1.079691E+01   1.079691E+01   1.199656E+01   9.776807E+00  -1.000000E+01   3.432937E+00  -4.339335E+00        14
   1.357745E+04   9.223554E+06   1.079691E+01   1.079691E+01   1.199656E+01   9.776807E+00  -1.000000E+01   3.432937E+00  -4.339335E+00        14
   1.358745E+04   9.237141E+06   1.079691E+01   1.079691E+01   1.199656E+01   9.776807E+00  -1.000000E+01   3.432937E+00  -4.339335E+00        14
   1.359745E+04   9.250738E+06   1.079691E+01   1.079691E+01   1.199656E+01   9.776807E+00  -1.000000E+01   3.432937E+00  -4.339335E+00        14
   1.360745E+04   9.264345E+06   1.079691E+01   1.079691E+01   1.199656E+01   9.776807E+00  -1.000000E+01   3.432937E+00  -4.339335E+00        14
   1.361745E+04   9.277962E+06   1.079691E+01   1.079691E+01   1.199656E+01   9.776807E+00  -1.000000E+01   3.432937E+00  -4.339335E+00        14
   1.362745E+04   9.291589E+06   1.079691E+01   1.079691E+01   1.199656E+01   9.776807E+00  -1.000000E+01   3.432937E+00  -4.339335E+00        14
   1.363745E+04   9.305226E+06   1.079691E+01   1.079691E+01   1.199656E+01   9.776807E+00  -1.000000E+01   3.432937E+00  -4.339335E+00        14
   1.364745E+04   9.318873E+06   1.079691E+01   1.079691E+01   1.199656E+01   9.776807E+00  -1.000000E+01   3.432937E+00  -4.339335E+00        14
   1.365745E+04   9.332530E+06   1.079691E+01   1.079691E+01   1.199656E+01   9.776807E+00  -1.000000E+01   3.432937E+00  -4.339335E+00        14
   1.366745E+04   9.346197E+06   1.079691E+01   1.079691E+01   1.199656E+01   9.776807E+00  -1.000000E+01   3.432937E+00  -4.339335E+00        14
   1.367745E+04   9.359874E+06   1.079691E+01   1.079691E+01   1.199656E+01   9.776807E+00  -1.000000E+01   3.432937E+00  -4.339335E+00        14
   1.368745E+04   9.373561E+06   1.079691E+01   1.079691E+01   1.199656E+01   9.776807E+00  -1.000000E+01   3.432937E+00  -4.339335E+00        14
   1.369745E+04   9.387258E+06   1.079691E+01   1.079691E+01   1.199656E+01   9.776807E+00  -1.000000E+01   3.432937E+00  -4.339335E+00        14
   1.370745E+04   9.400965E+06   1.079691E+01   1.079691E+01   1.199656E+01   9.776807E+00  -1.000000E+01   3.432937E+00  -4.339335E+00        14
   1.371745E+04   9.414682E+06   1.079691E+01   1.079691E+01   1.199656E+01   9.776807E+00  -1.000000E+01   3.432937E+00  -4.339335E+00        14
   1.372745E+04   9.428409E+06   1.079691E+01   1.079691E+01   1.199656E+01   9.776807E+00  -1.000000E+01   3.432937E+00  -4.339335E+00        14
   1.373745E+04   9.442146E+06   1.079691E+01   1.079691E+01   1.199656E+01   9.776807E+00  -1.000000E+01   3.432937E+00  -4.339335E+00        14
   1.374745E+04   9.455893E+06   1.079691E+01   1.079691E+01   1.199656E+01   9.776807E+00  -1.000000E+01   3.432937E+00  -4.339335E+00        14
   1.375745E+04   9.469650E+06   1.079691E+01   1.079691E+01   1.199656E+01   9.776807E+00  -1.000000E+01   3.432937E+00  -4.339335E+00        14
   1.376745E+04   9.483417E+06   1.079691E+01   1.079691E+01   1.199656E+01   9.776807E+00  -1.000000E+01   3.432937E+00  -4.339335E+00        14
   1.377745E+04   9.497194E+06   1.079691E+01   1.079691E+01   1.199656E+01   9.776807E+00  -1.000000E+01   3.432937E+00  -4.339335E+00        14
   1.378745E+04   9.510981E+06   1.079691E+01   1.079691E+01   1.199656E+01   9.776807E+00  -1.000000E+01   3.432937E+00  -4.339335E+00        14
   1.379745E+04   9.524778E+06   1.079691E+01   1.079691E+01   1.199656E+01   9.776807E+00  -1.000000E+01   3.432937E+00  -4.339335E+00        14
   1.380745E+04   9.538585E+06   1.079691E+01   1.079691E+01   1.199656E+01   9.776807E+00  -1.000000E+01   3.432937E+00  -4.339335E+00        14
   1.381745E+04   9.552402E+06   1.079691E+01   1.079691E+01   1.199656E+01   9.776807E+00  -1.000000E+01   3.432937E+00  -4.339335E+00        14
   1.382745E+04   9.566229E+06   1.079691E+01   1.079691E+01   1.199656E+01   9.776807E+00  -1.000000E+01   3.432937E+00  -4.339335E+00        14
   1.383745E+04   9.580066E+06   1.079691E+01   1.079691E+01   1.199656E+01   9.776807E+00  -1.000000E+01   3.432937E+00  -4.339335E+00        14
   1.384745E+04   9.593913E+06   1.079691E+01   1.079691E+01   1.199656E+01   9.776807E+00  -1.000000E+01   3.432937E+00  -4.339335E+00        14
   1.385745E+04   9.607770E+06   1.079691E+01   1.079691E+01   1.199656E+01   9.776807E+00  -1.000000E+01   3.432937E+00  -4.339335E+00        14
   1.386745E+04   9.621637E+06   1.079691E+01   1.079691E+01   1.199656E+01   9.776807E+00  -1.000000E+01   3.432937E+00  -4.339335E+00        14
   1.387745E+04   9.635514E+06   1.079691E+01   1.079691E+01   1.199656E+01   9.776807E+00  -1.000000E+01   3.432937E+00  -4.339335E+00        14
   1.388745E+04   9.649401E+06   1.079691E+01   1.079691E+01   1.199656E+01   9.776807E+00  -1.000000E+01   3.432937E+00  -4.339335E+00        14
   1.389745E+04   9.663298E+06   1.079691E+01   1.079691E+01   1.199656E+01   9.776807E+00  -1.000000E+01   3.432937E+00  -4.339335E+00        14
   1.390745E+04   9.677205E+06   1.079691E+01   1.079691E+01   1.199656E+01   9.776807E+00  -1.000000E+01   3.432937E+00  -4.339335E+00        14
   1.391745E+04   9.691123E+06   1.079691E+01   1.079691E+01   1.199656E+01   9.776807E+00  -1.000000E+01   3.432937E+00  -4.339335E+00        14
   1.392745E+04   9.705050E+06   1.079691E+01   1.079691E+01   1.199656E+01   9.776807E+00  -1.000000E+01   3.432937E+00  -4.339335E+00        14
   1.393745E+04   9.718987E+06   1.079691E+01   1.079691E+01   1.199656E+01   9.776807E+00  -1.000000E+01   3.432937E+00  -4.339335E+00        14
   1.394745E+04   9.732934E+06   1.079691E+01   1.079691E+01   1.199656E+01   9.776807E+00  -1.000000E+01   3.432937E+00  -4.339335E+00        14
   1.395745E+04   9.746891E+06   1.079691E+01   1.079691E+01   1.199656E+01   9.776807E+00  -1.000000E+01   3.432937E+00  -4.339335E+00        14
   1.396745E+04   9.760858E+06   1.079691E+01   1.079691E+01   1.199656E+01   9.776807E+00  -1.000000E+01   3.432937E+00  -4.339335E+00        14
   1.397745E+04   9.774835E+06   1.079691E+01   1.079691E+01   1.199656E+01   9.776807E+00  -1.000000E+01   3.432937E+00  -4.339335E+00        14
   1.398745E+04   9.788822E+06   1.079691E+01   1.079691E+01   1.199656E+01   9.776807E+00  -1.000000E+01   3.432937E+00  -4.339335E+00        14
   1.399745E+04   9.802819E+06   1.079691E+01   1.079691E+01   1.199656E+01   9.776807E+00  -1.000000E+01   3.432937E+00  -4.339335E+00        14
   1.400745E+04   9.816826E+06   1.079691E+01   1.079691E+01   1.199656E+01   9.776807E+00  -1.000000E+01   3.432937E+00  -4.339335E+00        14
   1.401745E+04   9.830843E+06   1.079691E+01   1.079691E+01   1.199656E+01   9.776807E+00  -1.000000E+01   3.432937E+00  -4.339335E+00        14
   1.402745E+04   9.844870E+06   1.079691E+01   1.079691E+01   1.199656E+01   9.776807E+00  -1.000000E+01   3.432937E+00  -4.339335E+00        14
   1.403745E+04   9.858907E+06   1.079691E+01   1.079691E+01   1.199656E+01   9.776807E+00  -1.000000E+01   3.432937E+00  -4.339335E+00        14
   1.404745E+04   9.872954E+06   1.079691E+01   1.079691E+01   1.199656E+01   9.776807E+00  -1.000000E+01   3.432937E+00  -4.339335E+00        14
   1.405745E+04   9.887011E+06   1.079691E+01   1.079691E+01   1.199656E+01   9.776807E+00  -1.000000E+01   3.432937E+00  -4.339335E+00        14
   1.406745E+04   9.901078E+06   1.079691E+01   1.079691E+01   1.199656E+01   9.776807E+00  -1.000000E+01   3.432937E+00  -4.339335E+00        14
   1.407745E+04   9.915155E+06   1.079691E+01   1.079691E+01   1.199656E+01   9.776807E+00  -1.000000E+01   3.432937E+00  -4.339335E+00        14
   1.408745E+04   9.929242E+06   1.079691E+01   1.079691E+01   1.199656E+01   9.776807E+00  -1.000000E+01   3.432937E+00  -4.339335E+00        14
   1.409745E+04   9.943339E+06   1.079691E+01   1.079691E+01   1.199656E+01   9.776807E+00  -1.000000E+01   3.432937E+00  -4.339335E+00        14
   1.410745E+04   9.957446E+06   1.079691E+01   1.079691E+01   1.199656E+01   9.776807E+00  -1.000000E+01   3.432937E+00  -4.339335E+00        14
   1.411745E+04   9.971563E+06   1.079691E+01   1.079691E+01   1.199656E+01   9.776807E+00  -1.000000E+01   3.432937E+00  -4.339335E+00        14
   1.412745E+04   9.985690E+06   1.079691E+01   1.079691E+01   1.199656E+01   9.776807E+00  -1.000000E+01   3.432937E+00  -4.339335E+00        14
   1.413745E+04   9.999827E+06   1.079691E+01   1.079691E+01   1.199656E+01   9.776807E+00  -1.000000E+01   3.432937E+00  -4.339335E+00        14
   1.414745E+04   1.001397E+07   1.079691E+01   1.079691E+01   1.199656E+01   9.776807E+00  -1.000000E+01   3.432937E+00  -4.339335E+00        14
   1.415745E+04   1.002813E+07   1.079691E+01   1.079691E+01   1.199656E+01   9.776807E+00  -1.000000E+01   3.432937E+00  -4.339335E+00        14
   1.416745E+04   1.004230E+07   1.079691E+01   1.079691E+01   1.199656E+01   9.776807E+00  -1.000000E+01   3.432937E+00  -4.339335E+00        14
   1.417745E+04   1.005647E+07   1.079691E+01   1.079691E+01   1.199656E+01   9.776807E+00  -1.000000E+01   3.432937E+00  -4.339335E+00        14
   1.418745E+04   1.007066E+07   1.079691E+01   1.079691E+01   1.199656E+01   9.776807E+00  -1.000000E+01   3.432937E+00  -4.339335E+00        14
   1.419745E+04   1.008486E+07   1.079691E+01   1.079691E+01   1.199656E+01   9.776807E+00  -1.000000E+01   3.432937E+00  -4.339335E+00        14
   1.420745E+04   1.009907E+07   1.079691E+01   1.079691E+01   1.199656E+01   9.776807E+00  -1.000000E+01   3.432937E+00  -4.339335E+00        14
   1.421745E+04   1.011328E+07   1.079691E+01   1.079691E+01   1.199656E+01   9.776807E+00  -1.000000E+01   3.432937E+00  -4.339335E+00        14
   1.422745E+04   1.012751E+07   1.079691E+01   1.079691E+01   1.199656E+01   9.776807E+00  -1.000000E+01   3.432937E+00  -4.339335E+00        14
   1.423745E+04   1.014175E+07   1.079691E+01   1.079691E+01   1.199656E+01   9.776807E+00  -1.000000E+01   3.432937E+00  -4.339335E+00        14
   1.424745E+04   1.015599E+07   1.079691E+01   1.079691E+01   1.199656E+01   9.776807E+00  -1.000000E+01   3.432937E+00  -4.339335E+00        14
   1.425745E+04   1.017025E+07   1.079691E+01   1.079691E+01   1.199656E+01   9.776807E+00  -1.000000E+01   3.432937E+00  -4.339335E+00        14
   1.426745E+04   1.018452E+07   1.079691E+01   1.079691E+01   1.199656E+01   9.776807E+00  -1.000000E+01   3.432937E+00  -4.339335E+00        14
   1.427745E+04   1.019880E+07   1.079691E+01   1.079691E+01   1.199656E+01   9.776807E+00  -1.000000E+01   3.432937E+00  -4.339335E+00        14
   1.428745E+04   1.021308E+07   1.079691E+01   1.079691E+01   1.199656E+01   9.776807E+00  -1.000000E+01   3.432937E+00  -4.339335E+00        14
   1.429745E+04   1.022738E+07   1.079691E+01   1.079691E+01   1.199656E+01   9.776807E+00  -1.000000E+01   3.432937E+00  -4.339335E+00        14
   1.430745E+04   1.024169E+07   1.079691E+01   1.079691E+01   1.199656E+01   9.776807E+00  -1.000000E+01   3.432937E+00  -4.339335E+00        14
   1.431745E+04   1.025600E+07   1.079691E+01   1.079691E+01   1.199656E+01   9.776807E+00  -1.000000E+01   3.432937E+00  -4.339335E+00        14
   1.432745E+04   1.027033E+07   1.079691E+01   1.079691E+01   1.199656E+01   9.776807E+00  -1.000000E+01   3.432937E+00  -4.339335E+00        14
   1.433745E+04   1.028467E+07   1.079691E+01   1.079691E+01   1.199656E+01   9.776807E+00  -1.000000E+01   3.432937E+00  -4.339335E+00        14
   1.434745E+04   1.029901E+07   1.079691E+01   1.079691E+01   1.199656E+01   9.776807E+00  -1.000000E+01   3.432937E+00  -4.339335E+00        14
   1.435745E+04   1.031337E+07   1.079691E+01   1.079691E+01   1.199656E+01   9.776807E+00  -1.000000E+01   3.432937E+00  -4.339335E+00        14
   1.436745E+04   1.032774E+07   1.079691E+01   1.079691E+01   1.199656E+01   9.776807E+00  -1.000000E+01   3.432937E+00  -4.339335E+00        14
   1.437745E+04   1.034212E+07   1.079691E+01   1.079691E+01   1.199656E+01   9.776807E+00  -1.000000E+01   3.432937E+00  -4.339335E+00        14
   1.438745E+04   1.035650E+07   1.079691E+01   1.079691E+01   1.199656E+01   9.776807E+00  -1.000000E+01   3.432937E+00  -4.339335E+00        14
   1.439745E+04   1.037090E+07   1.079691E+01   1.079691E+01   1.199656E+01   9.776807E+00  -1.000000E+01   3.432937E+00  -4.339335E+00        14
   1.440745E+04   1.038531E+07   1.079691E+01   1.079691E+01   1.199656E+01   9.776807E+00  -1.000000E+01   3.432937E+00  -4.339335E+00        14
   1.441745E+04   1.039972E+07   1.079691E+01   1.079691E+01   1.199656E+01   9.776807E+00  -1.000000E+01   3.432937E+00  -4.339335E+00        14
   1.442745E+04   1.041415E+07   1.079691E+01   1.079691E+01   1.199656E+01   9.776807E+00  -1.000000E+01   3.432937E+00  -4.339335E+00        14
   1.443745E+04   1.042859E+07   1.079691E+01   1.079691E+01   1.199656E+01   9.776807E+00  -1.000000E+01   3.432937E+00  -4.339335E+00        14
   1.444745E+04   1.044303E+07   1.079691E+01   1.079691E+01   1.199656E+01   9.776807E+00  -1.000000E+01   3.432937E+00  -4.339335E+00        14
   1.445745E+04   1.045749E+07   1.079691E+01   1.079691E+01   1.199656E+01   9.776807E+00  -1.000000E+01   3.432937E+00  -4.339335E+00        14
   1.446745E+04   1.047196E+07   1.079691E+01   1.079691E+01   1.199656E+01   9.776807E+00  -1.000000E+01   3.432937E+00  -4.339335E+00        14
   1.447745E+04   1.048644E+07   1.079691E+01   1.079691E+01   1.199656E+01   9.776807E+00  -1.000000E+01   3.432937E+00  -4.339335E+00        14
   1.448745E+04   1.050092E+07   1.079691E+01   1.079691E+01   1.199656E+01   9.776807E+00  -1.000000E+01   3.432937E+00  -4.339335E+00        14
   1.449745E+04   1.051542E+07   1.079691E+01   1.079691E+01   1.199656E+01   9.776807E+00  -1.000000E+01   3.432937E+00  -4.339335E+00        14
   1.450745E+04   1.052993E+07   1.079691E+01   1.079691E+01   1.199656E+01   9.776807E+00  -1.000000E+01   3.432937E+00  -4.339335E+00        14
   1.451745E+04   1.054444E+07   1.079691E+01   1.079691E+01   1.199656E+01   9.776807E+00  -1.000000E+01   3.432937E+00  -4.339335E+00        14
   1.452745E+04   1.055897E+07   1.079691E+01   1.079691E+01   1.199656E+01   9.776807E+00  -1.000000E+01   3.432937E+00  -4.339335E+00        14
   1.453745E+04   1.057351E+07   1.079691E+01   1.079691E+01   1.199656E+01   9.776807E+00  -1.000000E+01   3.432937E+00  -4.339335E+00        14
   1.454745E+04   1.058805E+07   1.079691E+01   1.079691E+01   1.199656E+01   9.776807E+00  -1.000000E+01   3.432937E+00  -4.339335E+00        14
   1.455745E+04   1.060261E+07   1.079691E+01   1.079691E+01   1.199656E+01   9.776807E+00  -1.000000E+01   3.432937E+00  -4.339335E+00        14
   1.456745E+04   1.061718E+07   1.079691E+01   1.079691E+01   1.199656E+01   9.776807E+00  -1.000000E+01   3.432937E+00  -4.339335E+00        14
   1.457745E+04   1.063176E+07   1.079691E+01   1.079691E+01   1.199656E+01   9.776807E+00  -1.000000E+01   3.432937E+00  -4.339335E+00        14
   1.458745E+04   1.064634E+07   1.079691E+01   1.079691E+01   1.199656E+01   9.776807E+00  -1.000000E+01   3.432937E+00  -4.339335E+00        14
   1.459745E+04   1.066094E+07   1.079691E+01   1.079691E+01   1.199656E+01   9.776807E+00  -1.000000E+01   3.432937E+00  -4.339335E+00        14
   1.460745E+04   1.067555E+07   1.079691E+01   1.079691E+01   1.199656E+01   9.776807E+00  -1.000000E+01   3.432937E+00  -4.339335E+00        14
   1.461745E+04   1.069016E+07   1.079691E+01   1.079691E+01   1.199656E+01   9.776807E+00  -1.000000E+01   3.432937E+00  -4.339335E+00        14
   1.462745E+04   1.070479E+07   1.079691E+01   1.079691E+01   1.199656E+01   9.776807E+00  -1.000000E+01   3.432937E+00  -4.339335E+00        14
   1.463745E+04   1.071943E+07   1.079691E+01   1.079691E+01   1.199656E+01   9.776807E+00  -1.000000E+01   3.432937E+00  -4.339335E+00        14
   1.464745E+04   1.073407E+07   1.079691E+01   1.079691E+01   1.199656E+01   9.776807E+00  -1.000000E+01   3.432937E+00  -4.339335E+00        14
   1.465745E+04   1.074873E+07   1.079691E+01   1.079691E+01   1.199656E+01   9.776807E+00  -1.000000E+01   3.432937E+00  -4.339335E+00        14
   1.466745E+04   1.076340E+07   1.079691E+01   1.079691E+01   1.199656E+01   9.776807E+00  -1.000000E+01   3.432937E+00  -4.339335E+00        14
   1.467745E+04   1.077808E+07   1.079691E+01   1.079691E+01   1.199656E+01   9.776807E+00  -1.000000E+01   3.432937E+00  -4.339335E+00        14
   1.468745E+04   1.079276E+07   1.079691E+01   1.079691E+01   1.199656E+01   9.776807E+00  -1.000000E+01   3.432937E+00  -4.339335E+00        14
   1.469745E+04   1.080746E+07   1.079691E+01   1.079691E+01   1.199656E+01   9.776807E+00  -1.000000E+01   3.432937E+00  -4.339335E+00        14
   1.470745E+04   1.082217E+07   1.079691E+01   1.079691E+01   1.199656E+01   9.776807E+00  -1.000000E+01   3.432937E+00  -4.339335E+00        14
   1.471745E+04   1.083688E+07   1.079691E+01   1.079691E+01   1.199656E+01   9.776807E+00  -1.000000E+01   3.432937E+00  -4.339335E+00        14
   1.472745E+04   1.085161E+07   1.079691E+01   1.079691E+01   1.199656E+01   9.776807E+00  -1.000000E+01   3.432937E+00  -4.339335E+00        14
   1.473745E+04   1.086635E+07   1.079691E+01   1.079691E+01   1.199656E+01   9.776807E+00  -1.000000E+01   3.432937E+00  -4.339335E+00        14
   1.474745E+04   1.088110E+07   1.079691E+01   1.079691E+01   1.199656E+01   9.776807E+00  -1.000000E+01   3.432937E+00  -4.339335E+00        14
   1.475745E+04   1.089585E+07   1.079691E+01   1.079691E+01   1.199656E+01   9.776807E+00  -1.000000E+01   3.432937E+00  -4.339335E+00        14
   1.476745E+04   1.091062E+07   1.079691E+01   1.079691E+01   1.199656E+01   9.776807E+00  -1.000000E+01   3.432937E+00  -4.339335E+00        14
   1.477745E+04   1.092540E+07   1.079691E+01   1.079691E+01   1.199656E+01   9.776807E+00  -1.000000E+01   3.432937E+00  -4.339335E+00        14
   1.478745E+04   1.094018E+07   1.079691E+01   1.079691E+01   1.199656E+01   9.776807E+00  -1.000000E+01   3.432937E+00  -4.339335E+00        14
   1.479745E+04   1.095498E+07   1.079691E+01   1.079691E+01   1.199656E+01   9.776807E+00  -1.000000E+01   3.432937E+00  -4.339335E+00        14
   1.480745E+04   1.096979E+07   1.079691E+01   1.079691E+01   1.199656E+01   9.776807E+00  -1.000000E+01   3.432937E+00  -4.339335E+00        14
   1.481745E+04   1.098460E+07   1.079691E+01   1.079691E+01   1.199656E+01   9.776807E+00  -1.000000E+01   3.432937E+00  -4.339335E+00        14
   1.482745E+04   1.099943E+07   1.079691E+01   1.079691E+01   1.199656E+01   9.776807E+00  -1.000000E+01   3.432937E+00  -4.339335E+00        14
   1.483745E+04   1.101427E+07   1.079691E+01   1.079691E+01   1.199656E+01   9.776807E+00  -1.000000E+01   3.432937E+00  -4.339335E+00        14
   1.484745E+04   1.102912E+07   1.079691E+01   1.079691E+01   1.199656E+01   9.776807E+00  -1.000000E+01   3.432937E+00  -4.339335E+00        14
   1.485745E+04   1.104397E+07   1.079691E+01   1.079691E+01   1.199656E+01   9.776807E+00  -1.000000E+01   3.432937E+00  -4.339335E+00        14
   1.486745E+04   1.105884E+07   1.079691E+01   1.079691E+01   1.199656E+01   9.776807E+00  -1.000000E+01   3.432937E+00  -4.339335E+00        14
   1.487745E+04   1.107372E+07   1.079691E+01   1.079691E+01   1.199656E+01   9.776807E+00  -1.000000E+01   3.432937E+00  -4.339335E+00        14
   1.488745E+04   1.108860E+07   1.079691E+01   1.079691E+01   1.199656E+01   9.776807E+00  -1.000000E+01   3.432937E+00  -4.339335E+00        14
   1.489745E+04   1.110350E+07   1.079691E+01   1.079691E+01   1.199656E+01   9.776807E+00  -1.000000E+01   3.432937E+00  -4.339335E+00        14
   1.490745E+04   1.111841E+07   1.079691E+01   1.079691E+01   1.199656E+01   9.776807E+00  -1.000000E+01   3.432937E+00  -4.339335E+00        14
   1.491745E+04   1.113332E+07   1.079691E+01   1.079691E+01   1.199656E+01   9.776807E+00  -1.000000E+01   3.432937E+00  -4.339335E+00        14
   1.492745E+04   1.114825E+07   1.079691E+01   1.079691E+01   1.199656E+01   9.776807E+00  -1.000000E+01   3.432937E+00  -4.339335E+00        14
   1.493745E+04   1.116319E+07   1.079691E+01   1.079691E+01   1.199656E+01   9.776807E+00  -1.000000E+01   3.432937E+00  -4.339335E+00        14
   1.494745E+04   1.117814E+07   1.079691E+01   1.079691E+01   1.199656E+01   9.776807E+00  -1.000000E+01   3.432937E+00  -4.339335E+00        14
   1.495745E+04   1.119309E+07   1.079691E+01   1.079691E+01   1.199656E+01   9.776807E+00  -1.000000E+01   3.432937E+00  -4.339335E+00        14
   1.496745E+04   1.120806E+07   1.079691E+01   1.079691E+01   1.199656E+01   9.776807E+00  -1.000000E+01   3.432937E+00  -4.339335E+00        14
   1.497745E+04   1.122304E+07   1.079691E+01   1.079691E+01   1.199656E+01   9.776807E+00  -1.000000E+01   3.432937E+00  -4.339335E+00        14
   1.498745E+04   1.123802E+07   1.079691E+01   1.079691E+01   1.199656E+01   9.776807E+00  -1.000000E+01   3.432937E+00  -4.339335E+00        14
   1.499745E+04   1.125302E+07   1.079691E+01   1.079691E+01   1.199656E+01   9.776807E+00  -1.000000E+01   3.432937E+00  -4.339335E+00        14
   1.500745E+04   1.126803E+07   1.079691E+01   1.079691E+01   1.199656E+01   9.776807E+00  -1.000000E+01   3.432937E+00  -4.339335E+00        14
   1.501745E+04   1.128304E+07   1.079691E+01   1.079691E+01   1.199656E+01   9.776807E+00  -1.000000E+01   3.432937E+00  -4.339335E+00        14
   1.502745E+04   1.129807E+07   1.079691E+01   1.079691E+01   1.199656E+01   9.776807E+00  -1.000000E+01   3.432937E+00  -4.339335E+00        14
   1.503745E+04   1.131311E+07   1.079691E+01   1.079691E+01   1.199656E+01   9.776807E+00  -1.000000E+01   3.432937E+00  -4.339335E+00        14
   1.504745E+04   1.132816E+07   1.079691E+01   1.079691E+01   1.199656E+01   9.776807E+00  -1.000000E+01   3.432937E+00  -4.339335E+00        14
   1.505745E+04   1.134321E+07   1.079691E+01   1.079691E+01   1.199656E+01   9.776807E+00  -1.000000E+01   3.432937E+00  -4.339335E+00        14
   1.506745E+04   1.135828E+07   1.079691E+01   1.079691E+01   1.199656E+01   9.776807E+00  -1.000000E+01   3.432937E+00  -4.339335E+00        14
   1.507745E+04   1.137336E+07   1.079691E+01   1.079691E+01   1.199656E+01   9.776807E+00  -1.000000E+01   3.432937E+00  -4.339335E+00        14
   1.508745E+04   1.138844E+07   1.079691E+01   1.079691E+01   1.199656E+01   9.776807E+00  -1.000000E+01   3.432937E+00  -4.339335E+00        14
   1.509745E+04   1.140354E+07   1.079691E+01   1.079691E+01   1.199656E+01   9.776807E+00  -1.000000E+01   3.432937E+00  -4.339335E+00        14
   1.510745E+04   1.141865E+07   1.079691E+01   1.079691E+01   1.199656E+01   9.776807E+00  -1.000000E+01   3.432937E+00  -4.339335E+00        14
   1.511745E+04   1.143376E+07   1.079691E+01   1.079691E+01   1.199656E+01   9.776807E+00  -1.000000E+01   3.432937E+00  -4.339335E+00        14
   1.512745E+04   1.144889E+07   1.079691E+01   1.079691E+01   1.199656E+01   9.776807E+00  -1.000000E+01   3.432937E+00  -4.339335E+00        14
   1.513745E+04   1.146403E+07   1.079691E+01   1.079691E+01   1.199656E+01   9.776807E+00  -1.000000E+01   3.432937E+00  -4.339335E+00        14
   1.514745E+04   1.147918E+07   1.079691E+01   1.079691E+01   1.199656E+01   9.776807E+00  -1.000000E+01   3.432937E+00  -4.339335E+00        14
   1.515745E+04   1.149433E+07   1.079691E+01   1.079691E+01   1.199656E+01   9.776807E+00  -1.000000E+01   3.432937E+00  -4.339335E+00        14
   1.516745E+04   1.150950E+07   1.079691E+01   1.079691E+01   1.199656E+01   9.776807E+00  -1.000000E+01   3.432937E+00  -4.339335E+00        14
   1.517745E+04   1.152468E+07   1.079691E+01   1.079691E+01   1.199656E+01   9.776807E+00  -1.000000E+01   3.432937E+00  -4.339335E+00        14
   1.518745E+04   1.153986E+07   1.079691E+01   1.079691E+01   1.199656E+01   9.776807E+00  -1.000000E+01   3.432937E+00  -4.339335E+00        14
   1.519745E+04   1.155506E+07   1.079691E+01   1.079691E+01   1.199656E+01   9.776807E+00  -1.000000E+01   3.432937E+00  -4.339335E+00        14
   1.520745E+04   1.157027E+07   1.079691E+01   1.079691E+01   1.199656E+01   9.776807E+00  -1.000000E+01   3.432937E+00  -4.339335E+00        14
   1.521745E+04   1.158548E+07   1.079691E+01   1.079691E+01   1.199656E+01   9.776807E+00  -1.000000E+01   3.432937E+00  -4.339335E+00        14
   1.522745E+04   1.160071E+07   1.079691E+01   1.079691E+01   1.199656E+01   9.776807E+00  -1.000000E+01   3.432937E+00  -4.339335E+00        14
   1.523745E+04   1.161595E+07   1.079691E+01   1.079691E+01   1.199656E+01   9.776807E+00  -1.000000E+01   3.432937E+00  -4.339335E+00        14
   1.524745E+04   1.163120E+07   1.079691E+01   1.079691E+01   1.199656E+01   9.776807E+00  -1.000000E+01   3.432937E+00  -4.339335E+00        14
   1.525745E+04   1.164645E+07   1.079691E+01   1.079691E+01   1.199656E+01   9.776807E+00  -1.000000E+01   3.432937E+00  -4.339335E+00        14
   1.526745E+04   1.166172E+07   1.079691E+01   1.079691E+01   1.199656E+01   9.776807E+00  -1.000000E+01   3.432937E+00  -4.339335E+00        14
   1.527745E+04   1.167700E+07   1.079691E+01   1.079691E+01   1.199656E+01   9.776807E+00  -1.000000E+01   3.432937E+00  -4.339335E+00        14
   1.528745E+04   1.169228E+07   1.079691E+01   1.079691E+01   1.199656E+01   9.776807E+00  -1.000000E+01   3.432937E+00  -4.339335E+00        14
   1.529745E+04   1.170758E+07   1.079691E+01   1.079691E+01   1.199656E+01   9.776807E+00  -1.000000E+01   3.432937E+00  -4.339335E+00        14
   1.530745E+04   1.172289E+07   1.079691E+01   1.079691E+01   1.199656E+01   9.776807E+00  -1.000000E+01   3.432937E+00  -4.339335E+00        14
   1.531745E+04   1.173821E+07   1.079691E+01   1.079691E+01   1.199656E+01   9.776807E+00  -1.000000E+01   3.432937E+00  -4.339335E+00        14
   1.532745E+04   1.175353E+07   1.079691E+01   1.079691E+01   1.199656E+01   9.776807E+00  -1.000000E+01   3.432937E+00  -4.339335E+00        14
   1.533745E+04   1.176887E+07   1.079691E+01   1.079691E+01   1.199656E+01   9.776807E+00  -1.000000E+01   3.432937E+00  -4.339335E+00        14
   1.534745E+04   1.178422E+07   1.079691E+01   1.079691E+01   1.199656E+01   9.776807E+00  -1.000000E+01   3.432937E+00  -4.339335E+00        14
   1.535745E+04   1.179957E+07   1.079691E+01   1.079691E+01   1.199656E+01   9.776807E+00  -1.000000E+01   3.432937E+00  -4.339335E+00        14
   1.536745E+04   1.181494E+07   1.079691E+01   1.079691E+01   1.199656E+01   9.776807E+00  -1.000000E+01   3.432937E+00  -4.339335E+00        14
   1.537745E+04   1.183032E+07   1.079691E+01   1.079691E+01   1.199656E+01   9.776807E+00  -1.000000E+01   3.432937E+00  -4.339335E+00        14
   1.538745E+04   1.184570E+07   1.079691E+01   1.079691E+01   1.199656E+01   9.776807E+00  -1.000000E+01   3.432937E+00  -4.339335E+00        14
   1.539745E+04   1.186110E+07   1.079691E+01   1.079691E+01   1.199656E+01   9.776807E+00  -1.000000E+01   3.432937E+00  -4.339335E+00        14
   1.540745E+04   1.187651E+07   1.079691E+01   1.079691E+01   1.199656E+01   9.776807E+00  -1.000000E+01   3.432937E+00  -4.339335E+00        14
   1.541745E+04   1.189193E+07   1.079691E+01   1.079691E+01   1.199656E+01   9.776807E+00  -1.000000E+01   3.432937E+00  -4.339335E+00        14
   1.542745E+04   1.190735E+07   1.079691E+01   1.079691E+01   1.199656E+01   9.776807E+00  -1.000000E+01   3.432937E+00  -4.339335E+00        14
   1.543745E+04   1.192279E+07   1.079691E+01   1.079691E+01   1.199656E+01   9.776807E+00  -1.000000E+01   3.432937E+00  -4.339335E+00        14
   1.544745E+04   1.193824E+07   1.079691E+01   1.079691E+01   1.199656E+01   9.776807E+00  -1.000000E+01   3.432937E+00  -4.339335E+00        14
   1.545745E+04   1.195369E+07   1.079691E+01   1.079691E+01   1.199656E+01   9.776807E+00  -1.000000E+01   3.432937E+00  -4.339335E+00        14
   1.546745E+04   1.196916E+07   1.079691E+01   1.079691E+01   1.199656E+01   9.776807E+00  -1.000000E+01   3.432937E+00  -4.339335E+00        14
   1.547745E+04   1.198464E+07   1.079691E+01   1.079691E+01   1.199656E+01   9.776807E+00  -1.000000E+01   3.432937E+00  -4.339335E+00        14
   1.548745E+04   1.200012E+07   1.079691E+01   1.079691E+01   1.199656E+01   9.776807E+00  -1.000000E+01   3.432937E+00  -4.339335E+00        14
   1.549745E+04   1.201562E+07   1.079691E+01   1.079691E+01   1.199656E+01   9.776807E+00  -1.000000E+01   3.432937E+00  -4.339335E+00        14
   1.550745E+04   1.203113E+07   1.079691E+01   1.079691E+01   1.199656E+01   9.776807E+00  -1.000000E+01   3.432937E+00  -4.339335E+00        14
   1.551745E+04   1.204665E+07   1.079691E+01   1.079691E+01   1.199656E+01   9.776807E+00  -1.000000E+01   3.432937E+00  -4.339335E+00        14
   1.552745E+04   1.206217E+07   1.079691E+01   1.079691E+01   1.199656E+01   9.776807E+00  -1.000000E+01   3.432937E+00  -4.339335E+00        14
   1.553745E+04   1.207771E+07   1.079691E+01   1.079691E+01   1.199656E+01   9.776807E+00  -1.000000E+01   3.432937E+00  -4.339335E+00        14
   1.554745E+04   1.209326E+07   1.079691E+01   1.079691E+01   1.199656E+01   9.776807E+00  -1.000000E+01   3.432937E+00  -4.339335E+00        14
   1.555745E+04   1.210881E+07   1.079691E+01   1.079691E+01   1.199656E+01   9.776807E+00  -1.000000E+01   3.432937E+00  -4.339335E+00        14
   1.556745E+04   1.212438E+07   1.079691E+01   1.079691E+01   1.199656E+01   9.776807E+00  -1.000000E+01   3.432937E+00  -4.339335E+00        14
   1.557745E+04   1.213996E+07   1.079691E+01   1.079691E+01   1.199656E+01   9.776807E+00  -1.000000E+01   3.432937E+00  -4.339335E+00        14
   1.558745E+04   1.215554E+07   1.079691E+01   1.079691E+01   1.199656E+01   9.776807E+00  -1.000000E+01   3.432937E+00  -4.339335E+00        14
   1.559745E+04   1.217114E+07   1.079691E+01   1.079691E+01   1.199656E+01   9.776807E+00  -1.000000E+01   3.432937E+00  -4.339335E+00        14
   1.560745E+04   1.218675E+07   1.079691E+01   1.079691E+01   1.199656E+01   9.776807E+00  -1.000000E+01   3.432937E+00  -4.339335E+00        14
   1.561745E+04   1.220237E+07   1.079691E+01   1.079691E+01   1.199656E+01   9.776807E+00  -1.000000E+01   3.432937E+00  -4.339335E+00        14
   1.562745E+04   1.221799E+07   1.079691E+01   1.079691E+01   1.199656E+01   9.776807E+00  -1.000000E+01   3.432937E+00  -4.339335E+00        14
   1.563745E+04   1.223363E+07   1.079691E+01   1.079691E+01   1.199656E+01   9.776807E+00  -1.000000E+01   3.432937E+00  -4.339335E+00        14
   1.564745E+04   1.224928E+07   1.079691E+01   1.079691E+01   1.199656E+01   9.776807E+00  -1.000000E+01   3.432937E+00  -4.339335E+00        14
   1.565745E+04   1.226493E+07   1.079691E+01   1.079691E+01   1.199656E+01   9.776807E+00  -1.000000E+01   3.432937E+00  -4.339335E+00        14
   1.566745E+04   1.228060E+07   1.079691E+01   1.079691E+01   1.199656E+01   9.776807E+00  -1.000000E+01   3.432937E+00  -4.339335E+00        14
   1.567745E+04   1.229628E+07   1.079691E+01   1.079691E+01   1.199656E+01   9.776807E+00  -1.000000E+01   3.432937E+00  -4.339335E+00        14
   1.568745E+04   1.231196E+07   1.079691E+01   1.079691E+01   1.199656E+01   9.776807E+00  -1.000000E+01   3.432937E+00  -4.339335E+00        14
   1.569745E+04   1.232766E+07   1.079691E+01   1.079691E+01   1.199656E+01   9.776807E+00  -1.000000E+01   3.432937E+00  -4.339335E+00        14
   1.570745E+04   1.234337E+07   1.079691E+01   1.079691E+01   1.199656E+01   9.776807E+00  -1.000000E+01   3.432937E+00  -4.339335E+00        14
   1.571745E+04   1.235909E+07   1.079691E+01   1.079691E+01   1.199656E+01   9.776807E+00  -1.000000E+01   3.432937E+00  -4.339335E+00        14
   1.572745E+04   1.237481E+07   1.079691E+01   1.079691E+01   1.199656E+01   9.776807E+00  -1.000000E+01   3.432937E+00  -4.339335E+00        14
   1.573745E+04   1.239055E+07   1.079691E+01   1.079691E+01   1.199656E+01   9.776807E+00  -1.000000E+01   3.432937E+00  -4.339335E+00        14
   1.574745E+04   1.240630E+07   1.079691E+01   1.079691E+01   1.199656E+01   9.776807E+00  -1.000000E+01   3.432937E+00  -4.339335E+00        14
   1.575745E+04   1.242205E+07   1.079691E+01   1.079691E+01   1.199656E+01   9.776807E+00  -1.000000E+01   3.432937E+00  -4.339335E+00        14
   1.576745E+04   1.243782E+07   1.079691E+01   1.079691E+01   1.199656E+01   9.776807E+00  -1.000000E+01   3.432937E+00  -4.339335E+00        14
   1.577745E+04   1.245360E+07   1.079691E+01   1.079691E+01   1.199656E+01   9.776807E+00  -1.000000E+01   3.432937E+00  -4.339335E+00        14
   1.578745E+04   1.246938E+07   1.079691E+01   1.079691E+01   1.199656E+01   9.776807E+00  -1.000000E+01   3.432937E+00  -4.339335E+00        14
   1.579745E+04   1.248518E+07   1.079691E+01   1.079691E+01   1.199656E+01   9.776807E+00  -1.000000E+01   3.432937E+00  -4.339335E+00        14
   1.580745E+04   1.250099E+07   1.079691E+01   1.079691E+01   1.199656E+01   9.776807E+00  -1.000000E+01   3.432937E+00  -4.339335E+00        14
   1.581745E+04   1.251681E+07   1.079691E+01   1.079691E+01   1.199656E+01   9.776807E+00  -1.000000E+01   3.432937E+00  -4.339335E+00        14
   1.582745E+04   1.253263E+07   1.079691E+01   1.079691E+01   1.199656E+01   9.776807E+00  -1.000000E+01   3.432937E+00  -4.339335E+00        14
   1.583745E+04   1.254847E+07   1.079691E+01   1.079691E+01   1.199656E+01   9.776807E+00  -1.000000E+01   3.432937E+00  -4.339335E+00        14
   1.584745E+04   1.256432E+07   1.079691E+01   1.079691E+01   1.199656E+01   9.776807E+00  -1.000000E+01   3.432937E+00  -4.339335E+00        14
   1.585745E+04   1.258017E+07   1.079691E+01   1.079691E+01   1.199656E+01   9.776807E+00  -1.000000E+01   3.432937E+00  -4.339335E+00        14
   1.586745E+04   1.259604E+07   1.079691E+01   1.079691E+01   1.199656E+01   9.776807E+00  -1.000000E+01   3.432937E+00  -4.339335E+00        14
   1.587745E+04   1.261192E+07   1.079691E+01   1.079691E+01   1.199656E+01   9.776807E+00  -1.000000E+01   3.432937E+00  -4.339335E+00        14
   1.588745E+04   1.262781E+07   1.079691E+01   1.079691E+01   1.199656E+01   9.776807E+00  -1.000000E+01   3.432937E+00  -4.339335E+00        14
   1.589745E+04   1.264370E+07   1.079691E+01   1.079691E+01   1.199656E+01   9.776807E+00  -1.000000E+01   3.432937E+00  -4.339335E+00        14
   1.590745E+04   1.265961E+07   1.079691E+01   1.079691E+01   1.199656E+01   9.776807E+00  -1.000000E+01   3.432937E+00  -4.339335E+00        14
   1.591745E+04   1.267553E+07   1.079691E+01   1.079691E+01   1.199656E+01   9.776807E+00  -1.000000E+01   3.432937E+00  -4.339335E+00        14
   1.592745E+04   1.269145E+07   1.079691E+01   1.079691E+01   1.199656E+01   9.776807E+00  -1.000000E+01   3.432937E+00  -4.339335E+00        14
   1.593745E+04   1.270739E+07   1.079691E+01   1.079691E+01   1.199656E+01   9.776807E+00  -1.000000E+01   3.432937E+00  -4.339335E+00        14
   1.594745E+04   1.272334E+07   1.079691E+01   1.079691E+01   1.199656E+01   9.776807E+00  -1.000000E+01   3.432937E+00  -4.339335E+00        14
   1.595745E+04   1.273929E+07   1.079691E+01   1.079691E+01   1.199656E+01   9.776807E+00  -1.000000E+01   3.432937E+00  -4.339335E+00        14
   1.596745E+04   1.275526E+07   1.079691E+01   1.079691E+01   1.199656E+01   9.776807E+00  -1.000000E+01   3.432937E+00  -4.339335E+00        14
   1.597745E+04   1.277124E+07   1.079691E+01   1.079691E+01   1.199656E+01   9.776807E+00  -1.000000E+01   3.432937E+00  -4.339335E+00        14
   1.598745E+04   1.278723E+07   1.079691E+01   1.079691E+01   1.199656E+01   9.776807E+00  -1.000000E+01   3.432937E+00  -4.339335E+00        14
   1.599745E+04   1.280322E+07   1.079691E+01   1.079691E+01   1.199656E+01   9.776807E+00  -1.000000E+01   3.432937E+00  -4.339335E+00        14
   1.600745E+04   1.281923E+07   1.079691E+01   1.079691E+01   1.199656E+01   9.776807E+00  -1.000000E+01   3.432937E+00  -4.339335E+00        14
   1.601745E+04   1.283525E+07   1.079691E+01   1.079691E+01   1.199656E+01   9.776807E+00  -1.000000E+01   3.432937E+00  -4.339335E+00        14
   1.602745E+04   1.285127E+07   1.079691E+01   1.079691E+01   1.199656E+01   9.776807E+00  -1.000000E+01   3.432937E+00  -4.339335E+00        14
   1.603745E+04   1.286731E+07   1.079691E+01   1.079691E+01   1.199656E+01   9.776807E+00  -1.000000E+01   3.432937E+00  -4.339335E+00        14
   1.604745E+04   1.288336E+07   1.079691E+01   1.079691E+01   1.199656E+01   9.776807E+00  -1.000000E+01   3.432937E+00  -4.339335E+00        14
   1.605745E+04   1.289941E+07   1.079691E+01   1.079691E+01   1.199656E+01   9.776807E+00  -1.000000E+01   3.432937E+00  -4.339335E+00        14
   1.606745E+04   1.291548E+07   1.079691E+01   1.079691E+01   1.199656E+01   9.776807E+00  -1.000000E+01   3.432937E+00  -4.339335E+00        14
   1.607745E+04   1.293156E+07   1.079691E+01   1.079691E+01   1.199656E+01   9.776807E+00  -1.000000E+01   3.432937E+00  -4.339335E+00        14
   1.608745E+04   1.294765E+07   1.079691E+01   1.079691E+01   1.199656E+01   9.776807E+00  -1.000000E+01   3.432937E+00  -4.339335E+00        14
   1.609745E+04   1.296374E+07   1.079691E+01   1.079691E+01   1.199656E+01   9.776807E+00  -1.000000E+01   3.432937E+00  -4.339335E+00        14
   1.610745E+04   1.297985E+07   1.079691E+01   1.079691E+01   1.199656E+01   9.776807E+00  -1.000000E+01   3.432937E+00  -4.339335E+00        14
   1.611745E+04   1.299597E+07   1.079691E+01   1.079691E+01   1.199656E+01   9.776807E+00  -1.000000E+01   3.432937E+00  -4.339335E+00        14
   1.612745E+04   1.301209E+07   1.079691E+01   1.079691E+01   1.199656E+01   9.776807E+00  -1.000000E+01   3.432937E+00  -4.339335E+00        14
   1.613745E+04   1.302823E+07   1.079691E+01   1.079691E+01   1.199656E+01   9.776807E+00  -1.000000E+01   3.432937E+00  -4.339335E+00        14
   1.614745E+04   1.304438E+07   1.079691E+01   1.079691E+01   1.199656E+01   9.776807E+00  -1.000000E+01   3.432937E+00  -4.339335E+00        14
   1.615745E+04   1.306053E+07   1.079691E+01   1.079691E+01   1.199656E+01   9.776807E+00  -1.000000E+01   3.432937E+00  -4.339335E+00        14
   1.616745E+04   1.307670E+07   1.079691E+01   1.079691E+01   1.199656E+01   9.776807E+00  -1.000000E+01   3.432937E+00  -4.339335E+00        14
   1.617745E+04   1.309288E+07   1.079691E+01   1.079691E+01   1.199656E+01   9.776807E+00  -1.000000E+01   3.432937E+00  -4.339335E+00        14
   1.618745E+04   1.310907E+07   1.079691E+01   1.079691E+01   1.199656E+01   9.776807E+00  -1.000000E+01   3.432937E+00  -4.339335E+00        14
   1.619745E+04   1.312526E+07   1.079691E+01   1.079691E+01   1.199656E+01   9.776807E+00  -1.000000E+01   3.432937E+00  -4.339335E+00        14
   1.620745E+04   1.314147E+07   1.079691E+01   1.079691E+01   1.199656E+01   9.776807E+00  -1.000000E+01   3.432937E+00  -4.339335E+00        14
   1.621745E+04   1.315769E+07   1.079691E+01   1.079691E+01   1.199656E+01   9.776807E+00  -1.000000E+01   3.432937E+00  -4.339335E+00        14
   1.622745E+04   1.317391E+07   1.079691E+01   1.079691E+01   1.199656E+01   9.776807E+00  -1.000000E+01   3.432937E+00  -4.339335E+00        14
   1.623745E+04   1.319015E+07   1.079691E+01   1.079691E+01   1.199656E+01   9.776807E+00  -1.000000E+01   3.432937E+00  -4.339335E+00        14
   1.624745E+04   1.320640E+07   1.079691E+01   1.079691E+01   1.199656E+01   9.776807E+00  -1.000000E+01   3.432937E+00  -4.339335E+00        14
   1.625745E+04   1.322265E+07   1.079691E+01   1.079691E+01   1.199656E+01   9.776807E+00  -1.000000E+01   3.432937E+00  -4.339335E+00        14
   1.626745E+04   1.323892E+07   1.079691E+01   1.079691E+01   1.199656E+01   9.776807E+00  -1.000000E+01   3.432937E+00  -4.339335E+00        14
   1.627745E+04   1.325520E+07   1.079691E+01   1.079691E+01   1.199656E+01   9.776807E+00  -1.000000E+01   3.432937E+00  -4.339335E+00        14
   1.628745E+04   1.327149E+07   1.079691E+01   1.079691E+01   1.199656E+01   9.776807E+00  -1.000000E+01   3.432937E+00  -4.339335E+00        14
   1.629745E+04   1.328778E+07   1.079691E+01   1.079691E+01   1.199656E+01   9.776807E+00  -1.000000E+01   3.432937E+00  -4.339335E+00        14
   1.630745E+04   1.330409E+07   1.079691E+01   1.079691E+01   1.199656E+01   9.776807E+00  -1.000000E+01   3.432937E+00  -4.339335E+00        14
   1.631745E+04   1.332041E+07   1.079691E+01   1.079691E+01   1.199656E+01   9.776807E+00  -1.000000E+01   3.432937E+00  -4.339335E+00        14
   1.632745E+04   1.333673E+07   1.079691E+01   1.079691E+01   1.199656E+01   9.776807E+00  -1.000000E+01   3.432937E+00  -4.339335E+00        14
   1.633745E+04   1.335307E+07   1.079691E+01   1.079691E+01   1.199656E+01   9.776807E+00  -1.000000E+01   3.432937E+00  -4.339335E+00        14
   1.634745E+04   1.336942E+07   1.079691E+01   1.079691E+01   1.199656E+01   9.776807E+00  -1.000000E+01   3.432937E+00  -4.339335E+00        14
   1.635745E+04   1.338577E+07   1.079691E+01   1.079691E+01   1.199656E+01   9.776807E+00  -1.000000E+01   3.432937E+00  -4.339335E+00        14
   1.636745E+04   1.340214E+07   1.079691E+01   1.079691E+01   1.199656E+01   9.776807E+00  -1.000000E+01   3.432937E+00  -4.339335E+00        14
   1.637745E+04   1.341852E+07   1.079691E+01   1.079691E+01   1.199656E+01   9.776807E+00  -1.000000E+01   3.432937E+00  -4.339335E+00        14
   1.638745E+04   1.343491E+07   1.079691E+01   1.079691E+01   1.199656E+01   9.776807E+00  -1.000000E+01   3.432937E+00  -4.339335E+00        14
   1.639745E+04   1.345130E+07   1.079691E+01   1.079691E+01   1.199656E+01   9.776807E+00  -1.000000E+01   3.432937E+00  -4.339335E+00        14
   1.640745E+04   1.346771E+07   1.079691E+01   1.079691E+01   1.199656E+01   9.776807E+00  -1.000000E+01   3.432937E+00  -4.339335E+00        14
   1.641745E+04   1.348413E+07   1.079691E+01   1.079691E+01   1.199656E+01   9.776807E+00  -1.000000E+01   3.432937E+00  -4.339335E+00        14
   1.642745E+04   1.350055E+07   1.079691E+01   1.079691E+01   1.199656E+01   9.776807E+00  -1.000000E+01   3.432937E+00  -4.339335E+00        14
   1.643745E+04   1.351699E+07   1.079691E+01   1.079691E+01   1.199656E+01   9.776807E+00  -1.000000E+01   3.432937E+00  -4.339335E+00        14
   1.644745E+04   1.353344E+07   1.079691E+01   1.079691E+01   1.199656E+01   9.776807E+00  -1.000000E+01   3.432937E+00  -4.339335E+00        14
   1.645745E+04   1.354990E+07   1.079691E+01   1.079691E+01   1.199656E+01   9.776807E+00  -1.000000E+01   3.432937E+00  -4.339335E+00        14
   1.646745E+04   1.356636E+07   1.079691E+01   1.079691E+01   1.199656E+01   9.776807E+00  -1.000000E+01   3.432937E+00  -4.339335E+00        14
   1.647745E+04   1.358284E+07   1.079691E+01   1.079691E+01   1.199656E+01   9.776807E+00  -1.000000E+01   3.432937E+00  -4.339335E+00        14
   1.648745E+04   1.359933E+07   1.079691E+01   1.079691E+01   1.199656E+01   9.776807E+00  -1.000000E+01   3.432937E+00  -4.339335E+00        14
   1.649745E+04   1.361582E+07   1.079691E+01   1.079691E+01   1.199656E+01   9.776807E+00  -1.000000E+01   3.432937E+00  -4.339335E+00        14
   1.650745E+04   1.363233E+07   1.079691E+01   1.079691E+01   1.199656E+01   9.776807E+00  -1.000000E+01   3.432937E+00  -4.339335E+00        14
   1.651745E+04   1.364885E+07   1.079691E+01   1.079691E+01   1.199656E+01   9.776807E+00  -1.000000E+01   3.432937E+00  -4.339335E+00        14
   1.652745E+04   1.366537E+07   1.079691E+01   1.079691E+01   1.199656E+01   9.776807E+00  -1.000000E+01   3.432937E+00  -4.339335E+00        14
   1.653745E+04   1.368191E+07   1.079691E+01   1.079691E+01   1.199656E+01   9.776807E+00  -1.000000E+01   3.432937E+00  -4.339335E+00        14
   1.654745E+04   1.369846E+07   1.079691E+01   1.079691E+01   1.199656E+01   9.776807E+00  -1.000000E+01   3.432937E+00  -4.339335E+00        14
   1.655745E+04   1.371502E+07   1.079691E+01   1.079691E+01   1.199656E+01   9.776807E+00  -1.000000E+01   3.432937E+00  -4.339335E+00        14
   1.656745E+04   1.373158E+07   1.079691E+01   1.079691E+01   1.199656E+01   9.776807E+00  -1.000000E+01   3.432937E+00  -4.339335E+00        14
   1.657745E+04   1.374816E+07   1.079691E+01   1.079691E+01   1.199656E+01   9.776807E+00  -1.000000E+01   3.432937E+00  -4.339335E+00        14
   1.658745E+04   1.376475E+07   1.079691E+01   1.079691E+01   1.199656E+01   9.776807E+00  -1.000000E+01   3.432937E+00  -4.339335E+00        14
   1.659745E+04   1.378134E+07   1.079691E+01   1.079691E+01   1.199656E+01   9.776807E+00  -1.000000E+01   3.432937E+00  -4.339335E+00        14
   1.660745E+04   1.379795E+07   1.079691E+01   1.079691E+01   1.199656E+01   9.776807E+00  -1.000000E+01   3.432937E+00  -4.339335E+00        14
   1.661745E+04   1.381457E+07   1.079691E+01   1.079691E+01   1.199656E+01   9.776807E+00  -1.000000E+01   3.432937E+00  -4.339335E+00        14
   1.662745E+04   1.383119E+07   1.079691E+01   1.079691E+01   1.199656E+01   9.776807E+00  -1.000000E+01   3.432937E+00  -4.339335E+00        14
   1.663745E+04   1.384783E+07   1.079691E+01   1.079691E+01   1.199656E+01   9.776807E+00  -1.000000E+01   3.432937E+00  -4.339335E+00        14
   1.664745E+04   1.386448E+07   1.079691E+01   1.079691E+01   1.199656E+01   9.776807E+00  -1.000000E+01   3.432937E+00  -4.339335E+00        14
   1.665745E+04   1.388114E+07   1.079691E+01   1.079691E+01   1.199656E+01   9.776807E+00  -1.000000E+01   3.432937E+00  -4.339335E+00        14
   1.666745E+04   1.389780E+07   1.079691E+01   1.079691E+01   1.199656E+01   9.776807E+00  -1.000000E+01   3.432937E+00  -4.339335E+00        14
   1.667745E+04   1.391448E+07   1.079691E+01   1.079691E+01   1.199656E+01   9.776807E+00  -1.000000E+01   3.432937E+00  -4.339335E+00        14
   1.668745E+04   1.393117E+07   1.079691E+01   1.079691E+01   1.199656E+01   9.776807E+00  -1.000000E+01   3.432937E+00  -4.339335E+00        14
   1.669745E+04   1.394786E+07   1.079691E+01   1.079691E+01   1.199656E+01   9.776807E+00  -1.000000E+01   3.432937E+00  -4.339335E+00        14
   1.670745E+04   1.396457E+07   1.079691E+01   1.079691E+01   1.199656E+01   9.776807E+00  -1.000000E+01   3.432937E+00  -4.339335E+00        14
   1.671745E+04   1.398129E+07   1.079691E+01   1.079691E+01   1.199656E+01   9.776807E+00  -1.000000E+01   3.432937E+00  -4.339335E+00        14
   1.672745E+04   1.399801E+07   1.079691E+01   1.079691E+01   1.199656E+01   9.776807E+00  -1.000000E+01   3.432937E+00  -4.339335E+00        14
   1.673745E+04   1.401475E+07   1.079691E+01   1.079691E+01   1.199656E+01   9.776807E+00  -1.000000E+01   3.432937E+00  -4.339335E+00        14
   1.674745E+04   1.403150E+07   1.079691E+01   1.079691E+01   1.199656E+01   9.776807E+00  -1.000000E+01   3.432937E+00  -4.339335E+00        14
   1.675745E+04   1.404826E+07   1.079691E+01   1.079691E+01   1.199656E+01   9.776807E+00  -1.000000E+01   3.432937E+00  -4.339335E+00        14
   1.676745E+04   1.406502E+07   1.079691E+01   1.079691E+01   1.199656E+01   9.776807E+00  -1.000000E+01   3.432937E+00  -4.339335E+00        14
   1.677745E+04   1.408180E+07   1.079691E+01   1.079691E+01   1.199656E+01   9.776807E+00  -1.000000E+01   3.432937E+00  -4.339335E+00        14
   1.678745E+04   1.409859E+07   1.079691E+01   1.079691E+01   1.199656E+01   9.776807E+00  -1.000000E+01   3.432937E+00  -4.339335E+00        14
   1.679745E+04   1.411538E+07   1.079691E+01   1.079691E+01   1.199656E+01   9.776807E+00  -1.000000E+01   3.432937E+00  -4.339335E+00        14
   1.680745E+04   1.413219E+07   1.079691E+01   1.079691E+01   1.199656E+01   9.776807E+00  -1.000000E+01   3.432937E+00  -4.339335E+00        14
   1.681745E+04   1.414901E+07   1.079691E+01   1.079691E+01   1.199656E+01   9.776807E+00  -1.000000E+01   3.432937E+00  -4.339335E+00        14
   1.682745E+04   1.416583E+07   1.079691E+01   1.079691E+01   1.199656E+01   9.776807E+00  -1.000000E+01   3.432937E+00  -4.339335E+00        14
   1.683745E+04   1.418267E+07   1.079691E+01   1.079691E+01   1.199656E+01   9.776807E+00  -1.000000E+01   3.432937E+00  -4.339335E+00        14
   1.684745E+04   1.419952E+07   1.079691E+01   1.079691E+01   1.199656E+01   9.776807E+00  -1.000000E+01   3.432937E+00  -4.339335E+00        14
   1.685745E+04   1.421638E+07   1.079691E+01   1.079691E+01   1.199656E+01   9.776807E+00  -1.000000E+01   3.432937E+00  -4.339335E+00        14
   1.686745E+04   1.423324E+07   1.079691E+01   1.079691E+01   1.199656E+01   9.776807E+00  -1.000000E+01   3.432937E+00  -4.339335E+00        14
   1.687745E+04   1.425012E+07   1.079691E+01   1.079691E+01   1.199656E+01   9.776807E+00  -1.000000E+01   3.432937E+00  -4.339335E+00        14
   1.688745E+04   1.426701E+07   1.079691E+01   1.079691E+01   1.199656E+01   9.776807E+00  -1.000000E+01   3.432937E+00  -4.339335E+00        14
   1.689745E+04   1.428390E+07   1.079691E+01   1.079691E+01   1.199656E+01   9.776807E+00  -1.000000E+01   3.432937E+00  -4.339335E+00        14
   1.690745E+04   1.430081E+07   1.079691E+01   1.079691E+01   1.199656E+01   9.776807E+00  -1.000000E+01   3.432937E+00  -4.339335E+00        14
   1.691745E+04   1.431773E+07   1.079691E+01   1.079691E+01   1.199656E+01   9.776807E+00  -1.000000E+01   3.432937E+00  -4.339335E+00        14
   1.692745E+04   1.433466E+07   1.079691E+01   1.079691E+01   1.199656E+01   9.776807E+00  -1.000000E+01   3.432937E+00  -4.339335E+00        14
   1.693745E+04   1.435159E+07   1.079691E+01   1.079691E+01   1.199656E+01   9.776807E+00  -1.000000E+01   3.432937E+00  -4.339335E+00        14
   1.694745E+04   1.436854E+07   1.079691E+01   1.079691E+01   1.199656E+01   9.776807E+00  -1.000000E+01   3.432937E+00  -4.339335E+00        14
   1.695745E+04   1.438550E+07   1.079691E+01   1.079691E+01   1.199656E+01   9.776807E+00  -1.000000E+01   3.432937E+00  -4.339335E+00        14
   1.696745E+04   1.440246E+07   1.079691E+01   1.079691E+01   1.199656E+01   9.776807E+00  -1.000000E+01   3.432937E+00  -4.339335E+00        14
   1.697745E+04   1.441944E+07   1.079691E+01   1.079691E+01   1.199656E+01   9.776807E+00  -1.000000E+01   3.432937E+00  -4.339335E+00        14
   1.698745E+04   1.443643E+07   1.079691E+01   1.079691E+01   1.199656E+01   9.776807E+00  -1.000000E+01   3.432937E+00  -4.339335E+00        14
   1.699745E+04   1.445342E+07   1.079691E+01   1.079691E+01   1.199656E+01   9.776807E+00  -1.000000E+01   3.432937E+00  -4.339335E+00        14
   1.700745E+04   1.447043E+07   1.079691E+01   1.079691E+01   1.199656E+01   9.776807E+00  -1.000000E+01   3.432937E+00  -4.339335E+00        14
   1.701745E+04   1.448745E+07   1.079691E+01   1.079691E+01   1.199656E+01   9.776807E+00  -1.000000E+01   3.432937E+00  -4.339335E+00        14
   1.702745E+04   1.450448E+07   1.079691E+01   1.079691E+01   1.199656E+01   9.776807E+00  -1.000000E+01   3.432937E+00  -4.339335E+00        14
   1.703745E+04   1.452151E+07   1.079691E+01   1.079691E+01   1.199656E+01   9.776807E+00  -1.000000E+01   3.432937E+00  -4.339335E+00        14
   1.704745E+04   1.453856E+07   1.079691E+01   1.079691E+01   1.199656E+01   9.776807E+00  -1.000000E+01   3.432937E+00  -4.339335E+00        14
   1.705745E+04   1.455562E+07   1.079691E+01   1.079691E+01   1.199656E+01   9.776807E+00  -1.000000E+01   3.432937E+00  -4.339335E+00        14
   1.706745E+04   1.457268E+07   1.079691E+01   1.079691E+01   1.199656E+01   9.776807E+00  -1.000000E+01   3.432937E+00  -4.339335E+00        14
   1.707745E+04   1.458976E+07   1.079691E+01   1.079691E+01   1.199656E+01   9.776807E+00  -1.000000E+01   3.432937E+00  -4.339335E+00        14
   1.708745E+04   1.460685E+07   1.079691E+01   1.079691E+01   1.199656E+01   9.776807E+00  -1.000000E+01   3.432937E+00  -4.339335E+00        14
   1.709745E+04   1.462394E+07   1.079691E+01   1.079691E+01   1.199656E+01   9.776807E+00  -1.000000E+01   3.432937E+00  -4.339335E+00        14
   1.710745E+04   1.464105E+07   1.079691E+01   1.079691E+01   1.199656E+01   9.776807E+00  -1.000000E+01   3.432937E+00  -4.339335E+00        14
   1.711745E+04   1.465817E+07   1.079691E+01   1.079691E+01   1.199656E+01   9.776807E+00  -1.000000E+01   3.432937E+00  -4.339335E+00        14
   1.712745E+04   1.467530E+07   1.079691E+01   1.079691E+01   1.199656E+01   9.776807E+00  -1.000000E+01   3.432937E+00  -4.339335E+00        14
   1.713745E+04   1.469243E+07   1.079691E+01   1.079691E+01   1.199656E+01   9.776807E+00  -1.000000E+01   3.432937E+00  -4.339335E+00        14
   1.714745E+04   1.470958E+07   1.079691E+01   1.079691E+01   1.199656E+01   9.776807E+00  -1.000000E+01   3.432937E+00  -4.339335E+00        14
   1.715745E+04   1.472674E+07   1.079691E+01   1.079691E+01   1.199656E+01   9.776807E+00  -1.000000E+01   3.432937E+00  -4.339335E+00        14
   1.716745E+04   1.474390E+07   1.079691E+01   1.079691E+01   1.199656E+01   9.776807E+00  -1.000000E+01   3.432937E+00  -4.339335E+00        14
   1.717745E+04   1.476108E+07   1.079691E+01   1.079691E+01   1.199656E+01   9.776807E+00  -1.000000E+01   3.432937E+00  -4.339335E+00        14
   1.718745E+04   1.477827E+07   1.079691E+01   1.079691E+01   1.199656E+01   9.776807E+00  -1.000000E+01   3.432937E+00  -4.339335E+00        14
   1.719745E+04   1.479546E+07   1.079691E+01   1.079691E+01   1.199656E+01   9.776807E+00  -1.000000E+01   3.432937E+00  -4.339335E+00        14
   1.720745E+04   1.481267E+07   1.079691E+01   1.079691E+01   1.199656E+01   9.776807E+00  -1.000000E+01   3.432937E+00  -4.339335E+00        14
   1.721745E+04   1.482989E+07   1.079691E+01   1.079691E+01   1.199656E+01   9.776807E+00  -1.000000E+01   3.432937E+00  -4.339335E+00        14
   1.722745E+04   1.484712E+07   1.079691E+01   1.079691E+01   1.199656E+01   9.776807E+00  -1.000000E+01   3.432937E+00  -4.339335E+00        14
   1.723745E+04   1.486435E+07   1.079691E+01   1.079691E+01   1.199656E+01   9.776807E+00  -1.000000E+01   3.432937E+00  -4.339335E+00        14
   1.724745E+04   1.488160E+07   1.079691E+01   1.079691E+01   1.199656E+01   9.776807E+00  -1.000000E+01   3.432937E+00  -4.339335E+00        14
   1.725745E+04   1.489886E+07   1.079691E+01   1.079691E+01   1.199656E+01   9.776807E+00  -1.000000E+01   3.432937E+00  -4.339335E+00        14
   1.726745E+04   1.491612E+07   1.079691E+01   1.079691E+01   1.199656E+01   9.776807E+00  -1.000000E+01   3.432937E+00  -4.339335E+00        14
   1.727745E+04   1.493340E+07   1.079691E+01   1.079691E+01   1.199656E+01   9.776807E+00  -1.000000E+01   3.432937E+00  -4.339335E+00        14
   1.728745E+04   1.495069E+07   1.079691E+01   1.079691E+01   1.199656E+01   9.776807E+00  -1.000000E+01   3.432937E+00  -4.339335E+00        14
   1.729745E+04   1.496798E+07   1.079691E+01   1.079691E+01   1.199656E+01   9.776807E+00  -1.000000E+01   3.432937E+00  -4.339335E+00        14
   1.730745E+04   1.498529E+07   1.079691E+01   1.079691E+01   1.199656E+01   9.776807E+00  -1.000000E+01   3.432937E+00  -4.339335E+00        14
   1.731745E+04   1.500261E+07   1.079691E+01   1.079691E+01   1.199656E+01   9.776807E+00  -1.000000E+01   3.432937E+00  -4.339335E+00        14
   1.732745E+04   1.501994E+07   1.079691E+01   1.079691E+01   1.199656E+01   9.776807E+00  -1.000000E+01   3.432937E+00  -4.339335E+00        14
   1.733745E+04   1.503727E+07   1.079691E+01   1.079691E+01   1.199656E+01   9.776807E+00  -1.000000E+01   3.432937E+00  -4.339335E+00        14
   1.734745E+04   1.505462E+07   1.079691E+01   1.079691E+01   1.199656E+01   9.776807E+00  -1.000000E+01   3.432937E+00  -4.339335E+00        14
   1.735745E+04   1.507198E+07   1.079691E+01   1.079691E+01   1.199656E+01   9.776807E+00  -1.000000E+01   3.432937E+00  -4.339335E+00        14
   1.736745E+04   1.508934E+07   1.079691E+01   1.079691E+01   1.199656E+01   9.776807E+00  -1.000000E+01   3.432937E+00  -4.339335E+00        14
   1.737745E+04   1.510672E+07   1.079691E+01   1.079691E+01   1.199656E+01   9.776807E+00  -1.000000E+01   3.432937E+00  -4.339335E+00        14
   1.738745E+04   1.512411E+07   1.079691E+01   1.079691E+01   1.199656E+01   9.776807E+00  -1.000000E+01   3.432937E+00  -4.339335E+00        14
   1.739745E+04   1.514150E+07   1.079691E+01   1.079691E+01   1.199656E+01   9.776807E+00  -1.000000E+01   3.432937E+00  -4.339335E+00        14
   1.740745E+04   1.515891E+07   1.079691E+01   1.079691E+01   1.199656E+01   9.776807E+00  -1.000000E+01   3.432937E+00  -4.339335E+00        14
   1.741745E+04   1.517633E+07   1.079691E+01   1.079691E+01   1.199656E+01   9.776807E+00  -1.000000E+01   3.432937E+00  -4.339335E+00        14
   1.742745E+04   1.519376E+07   1.079691E+01   1.079691E+01   1.199656E+01   9.776807E+00  -1.000000E+01   3.432937E+00  -4.339335E+00        14
   1.743745E+04   1.521119E+07   1.079691E+01   1.079691E+01   1.199656E+01   9.776807E+00  -1.000000E+01   3.432937E+00  -4.339335E+00        14
   1.744745E+04   1.522864E+07   1.079691E+01   1.079691E+01   1.199656E+01   9.776807E+00  -1.000000E+01   3.432937E+00  -4.339335E+00        14
   1.745745E+04   1.524610E+07   1.079691E+01   1.079691E+01   1.199656E+01   9.776807E+00  -1.000000E+01   3.432937E+00  -4.339335E+00        14
   1.746745E+04   1.526356E+07   1.079691E+01   1.079691E+01   1.199656E+01   9.776807E+00  -1.000000E+01   3.432937E+00  -4.339335E+00        14
   1.747745E+04   1.528104E+07   1.079691E+01   1.079691E+01   1.199656E+01   9.776807E+00  -1.000000E+01   3.432937E+00  -4.339335E+00        14
   1.748745E+04   1.529853E+07   1.079691E+01   1.079691E+01   1.199656E+01   9.776807E+00  -1.000000E+01   3.432937E+00  -4.339335E+00        14
   1.749745E+04   1.531603E+07   1.079691E+01   1.079691E+01   1.199656E+01   9.776807E+00  -1.000000E+01   3.432937E+00  -4.339335E+00        14
   1.750745E+04   1.533353E+07   1.079691E+01   1.079691E+01   1.199656E+01   9.776807E+00  -1.000000E+01   3.432937E+00  -4.339335E+00        14
   1.751745E+04   1.535105E+07   1.079691E+01   1.079691E+01   1.199656E+01   9.776807E+00  -1.000000E+01   3.432937E+00  -4.339335E+00        14
   1.752745E+04   1.536858E+07   1.079691E+01   1.079691E+01   1.199656E+01   9.776807E+00  -1.000000E+01   3.432937E+00  -4.339335E+00        14
   1.753745E+04   1.538611E+07   1.079691E+01   1.079691E+01   1.199656E+01   9.776807E+00  -1.000000E+01   3.432937E+00  -4.339335E+00        14
   1.754745E+04   1.540366E+07   1.079691E+01   1.079691E+01   1.199656E+01   9.776807E+00  -1.000000E+01   3.432937E+00  -4.339335E+00        14
   1.755745E+04   1.542122E+07   1.079691E+01   1.079691E+01   1.199656E+01   9.776807E+00  -1.000000E+01   3.432937E+00  -4.339335E+00        14
   1.756745E+04   1.543878E+07   1.079691E+01   1.079691E+01   1.199656E+01   9.776807E+00  -1.000000E+01   3.432937E+00  -4.339335E+00        14
   1.757745E+04   1.545636E+07   1.079691E+01   1.079691E+01   1.199656E+01   9.776807E+00  -1.000000E+01   3.432937E+00  -4.339335E+00        14
   1.758745E+04   1.547395E+07   1.079691E+01   1.079691E+01   1.199656E+01   9.776807E+00  -1.000000E+01   3.432937E+00  -4.339335E+00        14
   1.759745E+04   1.549155E+07   1.079691E+01   1.079691E+01   1.199656E+01   9.776807E+00  -1.000000E+01   3.432937E+00  -4.339335E+00        14
   1.760745E+04   1.550915E+07   1.079691E+01   1.079691E+01   1.199656E+01   9.776807E+00  -1.000000E+01   3.432937E+00  -4.339335E+00        14
   1.761745E+04   1.552677E+07   1.079691E+01   1.079691E+01   1.199656E+01   9.776807E+00  -1.000000E+01   3.432937E+00  -4.339335E+00        14
   1.762745E+04   1.554440E+07   1.079691E+01   1.079691E+01   1.199656E+01   9.776807E+00  -1.000000E+01   3.432937E+00  -4.339335E+00        14
   1.763745E+04   1.556203E+07   1.079691E+01   1.079691E+01   1.199656E+01   9.776807E+00  -1.000000E+01   3.432937E+00  -4.339335E+00        14
   1.764745E+04   1.557968E+07   1.079691E+01   1.079691E+01   1.199656E+01   9.776807E+00  -1.000000E+01   3.432937E+00  -4.339335E+00        14
   1.765745E+04   1.559734E+07   1.079691E+01   1.079691E+01   1.199656E+01   9.776807E+00  -1.000000E+01   3.432937E+00  -4.339335E+00        14
   1.766745E+04   1.561500E+07   1.079691E+01   1.079691E+01   1.199656E+01   9.776807E+00  -1.000000E+01   3.432937E+00  -4.339335E+00        14
   1.767745E+04   1.563268E+07   1.079691E+01   1.079691E+01   1.199656E+01   9.776807E+00  -1.000000E+01   3.432937E+00  -4.339335E+00        14
   1.768745E+04   1.565037E+07   1.079691E+01   1.079691E+01   1.199656E+01   9.776807E+00  -1.000000E+01   3.432937E+00  -4.339335E+00        14
   1.769745E+04   1.566807E+07   1.079691E+01   1.079691E+01   1.199656E+01   9.776807E+00  -1.000000E+01   3.432937E+00  -4.339335E+00        14
   1.770745E+04   1.568577E+07   1.079691E+01   1.079691E+01   1.199656E+01   9.776807E+00  -1.000000E+01   3.432937E+00  -4.339335E+00        14
   1.771745E+04   1.570349E+07   1.079691E+01   1.079691E+01   1.199656E+01   9.776807E+00  -1.000000E+01   3.432937E+00  -4.339335E+00        14
   1.772745E+04   1.572122E+07   1.079691E+01   1.079691E+01   1.199656E+01   9.776807E+00  -1.000000E+01   3.432937E+00  -4.339335E+00        14
   1.773745E+04   1.573895E+07   1.079691E+01   1.079691E+01   1.199656E+01   9.776807E+00  -1.000000E+01   3.432937E+00  -4.339335E+00        14
   1.774745E+04   1.575670E+07   1.079691E+01   1.079691E+01   1.199656E+01   9.776807E+00  -1.000000E+01   3.432937E+00  -4.339335E+00        14
   1.775745E+04   1.577446E+07   1.079691E+01   1.079691E+01   1.199656E+01   9.776807E+00  -1.000000E+01   3.432937E+00  -4.339335E+00        14
   1.776745E+04   1.579222E+07   1.079691E+01   1.079691E+01   1.199656E+01   9.776807E+00  -1.000000E+01   3.432937E+00  -4.339335E+00        14
   1.777745E+04   1.581000E+07   1.079691E+01   1.079691E+01   1.199656E+01   9.776807E+00  -1.000000E+01   3.432937E+00  -4.339335E+00        14
   1.778745E+04   1.582779E+07   1.079691E+01   1.079691E+01   1.199656E+01   9.776807E+00  -1.000000E+01   3.432937E+00  -4.339335E+00        14
   1.779745E+04   1.584559E+07   1.079691E+01   1.079691E+01   1.199656E+01   9.776807E+00  -1.000000E+01   3.432937E+00  -4.339335E+00        14
   1.780745E+04   1.586339E+07   1.079691E+01   1.079691E+01   1.199656E+01   9.776807E+00  -1.000000E+01   3.432937E+00  -4.339335E+00        14
   1.781745E+04   1.588121E+07   1.079691E+01   1.079691E+01   1.199656E+01   9.776807E+00  -1.000000E+01   3.432937E+00  -4.339335E+00        14
   1.782745E+04   1.589904E+07   1.079691E+01   1.079691E+01   1.199656E+01   9.776807E+00  -1.000000E+01   3.432937E+00  -4.339335E+00        14
   1.783745E+04   1.591687E+07   1.079691E+01   1.079691E+01   1.199656E+01   9.776807E+00  -1.000000E+01   3.432937E+00  -4.339335E+00        14
   1.784745E+04   1.593472E+07   1.079691E+01   1.079691E+01   1.199656E+01   9.776807E+00  -1.000000E+01   3.432937E+00  -4.339335E+00        14
   1.785745E+04   1.595258E+07   1.079691E+01   1.079691E+01   1.199656E+01   9.776807E+00  -1.000000E+01   3.432937E+00  -4.339335E+00        14
   1.786745E+04   1.597044E+07   1.079691E+01   1.079691E+01   1.199656E+01   9.776807E+00  -1.000000E+01   3.432937E+00  -4.339335E+00        14
   1.787745E+04   1.598832E+07   1.079691E+01   1.079691E+01   1.199656E+01   9.776807E+00  -1.000000E+01   3.432937E+00  -4.339335E+00        14
   1.788745E+04   1.600621E+07   1.079691E+01   1.079691E+01   1.199656E+01   9.776807E+00  -1.000000E+01   3.432937E+00  -4.339335E+00        14
   1.789745E+04   1.602411E+07   1.079691E+01   1.079691E+01   1.199656E+01   9.776807E+00  -1.000000E+01   3.432937E+00  -4.339335E+00        14
   1.790745E+04   1.604201E+07   1.079691E+01   1.079691E+01   1.199656E+01   9.776807E+00  -1.000000E+01   3.432937E+00  -4.339335E+00        14
   1.791745E+04   1.605993E+07   1.079691E+01   1.079691E+01   1.199656E+01   9.776807E+00  -1.000000E+01   3.432937E+00  -4.339335E+00        14
   1.792745E+04   1.607786E+07   1.079691E+01   1.079691E+01   1.199656E+01   9.776807E+00  -1.000000E+01   3.432937E+00  -4.339335E+00        14
   1.793745E+04   1.609579E+07   1.079691E+01   1.079691E+01   1.199656E+01   9.776807E+00  -1.000000E+01   3.432937E+00  -4.339335E+00        14
   1.794745E+04   1.611374E+07   1.079691E+01   1.079691E+01   1.199656E+01   9.776807E+00  -1.000000E+01   3.432937E+00  -4.339335E+00        14
   1.795745E+04   1.613170E+07   1.079691E+01   1.079691E+01   1.199656E+01   9.776807E+00  -1.000000E+01   3.432937E+00  -4.339335E+00        14
   1.796745E+04   1.614966E+07   1.079691E+01   1.079691E+01   1.199656E+01   9.776807E+00  -1.000000E+01   3.432937E+00  -4.339335E+00        14
   1.797745E+04   1.616764E+07   1.079691E+01   1.079691E+01   1.199656E+01   9.776807E+00  -1.000000E+01   3.432937E+00  -4.339335E+00        14
   1.798745E+04   1.618563E+07   1.079691E+01   1.079691E+01   1.199656E+01   9.776807E+00  -1.000000E+01   3.432937E+00  -4.339335E+00        14
   1.799745E+04   1.620363E+07   1.079691E+01   1.079691E+01   1.199656E+01   9.776807E+00  -1.000000E+01   3.432937E+00  -4.339335E+00        14
   1.800745E+04   1.622163E+07   1.079691E+01   1.079691E+01   1.199656E+01   9.776807E+00  -1.000000E+01   3.432937E+00  -4.339335E+00        14
   1.801745E+04   1.623965E+07   1.079691E+01   1.079691E+01   1.199656E+01   9.776807E+00  -1.000000E+01   3.432937E+00  -4.339335E+00        14
   1.802745E+04   1.625768E+07   1.079691E+01   1.079691E+01   1.199656E+01   9.776807E+00  -1.000000E+01   3.432937E+00  -4.339335E+00        14
   1.803745E+04   1.627571E+07   1.079691E+01   1.079691E+01   1.199656E+01   9.776807E+00  -1.000000E+01   3.432937E+00  -4.339335E+00        14
   1.804745E+04   1.629376E+07   1.079691E+01   1.079691E+01   1.199656E+01   9.776807E+00  -1.000000E+01   3.432937E+00  -4.339335E+00        14
   1.805745E+04   1.631182E+07   1.079691E+01   1.079691E+01   1.199656E+01   9.776807E+00  -1.000000E+01   3.432937E+00  -4.339335E+00        14
   1.806745E+04   1.632989E+07   1.079691E+01   1.079691E+01   1.199656E+01   9.776807E+00  -1.000000E+01   3.432937E+00  -4.339335E+00        14
   1.807745E+04   1.634796E+07   1.079691E+01   1.079691E+01   1.199656E+01   9.776807E+00  -1.000000E+01   3.432937E+00  -4.339335E+00        14
   1.808745E+04   1.636605E+07   1.079691E+01   1.079691E+01   1.199656E+01   9.776807E+00  -1.000000E+01   3.432937E+00  -4.339335E+00        14
   1.809745E+04   1.638415E+07   1.079691E+01   1.079691E+01   1.199656E+01   9.776807E+00  -1.000000E+01   3.432937E+00  -4.339335E+00        14
   1.810745E+04   1.640225E+07   1.079691E+01   1.079691E+01   1.199656E+01   9.776807E+00  -1.000000E+01   3.432937E+00  -4.339335E+00        14
   1.811745E+04   1.642037E+07   1.079691E+01   1.079691E+01   1.199656E+01   9.776807E+00  -1.000000E+01   3.432937E+00  -4.339335E+00        14
   1.812745E+04   1.643850E+07   1.079691E+01   1.079691E+01   1.199656E+01   9.776807E+00  -1.000000E+01   3.432937E+00  -4.339335E+00        14
   1.813745E+04   1.645663E+07   1.079691E+01   1.079691E+01   1.199656E+01   9.776807E+00  -1.000000E+01   3.432937E+00  -4.339335E+00        14
   1.814745E+04   1.647478E+07   1.079691E+01   1.079691E+01   1.199656E+01   9.776807E+00  -1.000000E+01   3.432937E+00  -4.339335E+00        14
   1.815745E+04   1.649294E+07   1.079691E+01   1.079691E+01   1.199656E+01   9.776807E+00  -1.000000E+01   3.432937E+00  -4.339335E+00        14
   1.816745E+04   1.651111E+07   1.079691E+01   1.079691E+01   1.199656E+01   9.776807E+00  -1.000000E+01   3.432937E+00  -4.339335E+00        14
   1.817745E+04   1.652928E+07   1.079691E+01   1.079691E+01   1.199656E+01   9.776807E+00  -1.000000E+01   3.432937E+00  -4.339335E+00        14
   1.818745E+04   1.654747E+07   1.079691E+01   1.079691E+01   1.199656E+01   9.776807E+00  -1.000000E+01   3.432937E+00  -4.339335E+00        14
   1.819745E+04   1.656567E+07   1.079691E+01   1.079691E+01   1.199656E+01   9.776807E+00  -1.000000E+01   3.432937E+00  -4.339335E+00        14
   1.820745E+04   1.658387E+07   1.079691E+01   1.079691E+01   1.199656E+01   9.776807E+00  -1.000000E+01   3.432937E+00  -4.339335E+00        14
   1.821745E+04   1.660209E+07   1.079691E+01   1.079691E+01   1.199656E+01   9.776807E+00  -1.000000E+01   3.432937E+00  -4.339335E+00        14
   1.822745E+04   1.662032E+07   1.079691E+01   1.079691E+01   1.199656E+01   9.776807E+00  -1.000000E+01   3.432937E+00  -4.339335E+00        14
   1.823745E+04   1.663855E+07   1.079691E+01   1.079691E+01   1.199656E+01   9.776807E+00  -1.000000E+01   3.432937E+00  -4.339335E+00        14
   1.824745E+04   1.665680E+07   1.079691E+01   1.079691E+01   1.199656E+01   9.776807E+00  -1.000000E+01   3.432937E+00  -4.339335E+00        14
   1.825745E+04   1.667506E+07   1.079691E+01   1.079691E+01   1.199656E+01   9.776807E+00  -1.000000E+01   3.432937E+00  -4.339335E+00        14
   1.826745E+04   1.669333E+07   1.079691E+01   1.079691E+01   1.199656E+01   9.776807E+00  -1.000000E+01   3.432937E+00  -4.339335E+00        14
   1.827745E+04   1.671160E+07   1.079691E+01   1.079691E+01   1.199656E+01   9.776807E+00  -1.000000E+01   3.432937E+00  -4.339335E+00        14
   1.828745E+04   1.672989E+07   1.079691E+01   1.079691E+01   1.199656E+01   9.776807E+00  -1.000000E+01   3.432937E+00  -4.339335E+00        14
   1.829745E+04   1.674819E+07   1.079691E+01   1.079691E+01   1.199656E+01   9.776807E+00  -1.000000E+01   3.432937E+00  -4.339335E+00        14
   1.830745E+04   1.676649E+07   1.079691E+01   1.079691E+01   1.199656E+01   9.776807E+00  -1.000000E+01   3.432937E+00  -4.339335E+00        14
   1.831745E+04   1.678481E+07   1.079691E+01   1.079691E+01   1.199656E+01   9.776807E+00  -1.000000E+01   3.432937E+00  -4.339335E+00        14
   1.832745E+04   1.680314E+07   1.079691E+01   1.079691E+01   1.199656E+01   9.776807E+00  -1.000000E+01   3.432937E+00  -4.339335E+00        14
   1.833745E+04   1.682147E+07   1.079691E+01   1.079691E+01   1.199656E+01   9.776807E+00  -1.000000E+01   3.432937E+00  -4.339335E+00        14
   1.834745E+04   1.683982E+07   1.079691E+01   1.079691E+01   1.199656E+01   9.776807E+00  -1.000000E+01   3.432937E+00  -4.339335E+00        14
   1.835745E+04   1.685818E+07   1.079691E+01   1.079691E+01   1.199656E+01   9.776807E+00  -1.000000E+01   3.432937E+00  -4.339335E+00        14
   1.836745E+04   1.687655E+07   1.079691E+01   1.079691E+01   1.199656E+01   9.776807E+00  -1.000000E+01   3.432937E+00  -4.339335E+00        14
   1.837745E+04   1.689492E+07   1.079691E+01   1.079691E+01   1.199656E+01   9.776807E+00  -1.000000E+01   3.432937E+00  -4.339335E+00        14
   1.838745E+04   1.691331E+07   1.079691E+01   1.079691E+01   1.199656E+01   9.776807E+00  -1.000000E+01   3.432937E+00  -4.339335E+00        14
   1.839745E+04   1.693171E+07   1.079691E+01   1.079691E+01   1.199656E+01   9.776807E+00  -1.000000E+01   3.432937E+00  -4.339335E+00        14
   1.840745E+04   1.695011E+07   1.079691E+01   1.079691E+01   1.199656E+01   9.776807E+00  -1.000000E+01   3.432937E+00  -4.339335E+00        14
   1.841745E+04   1.696853E+07   1.079691E+01   1.079691E+01   1.199656E+01   9.776807E+00  -1.000000E+01   3.432937E+00  -4.339335E+00        14
   1.842745E+04   1.698696E+07   1.079691E+01   1.079691E+01   1.199656E+01   9.776807E+00  -1.000000E+01   3.432937E+00  -4.339335E+00        14
   1.843745E+04   1.700539E+07   1.079691E+01   1.079691E+01   1.199656E+01   9.776807E+00  -1.000000E+01   3.432937E+00  -4.339335E+00        14
   1.844745E+04   1.702384E+07   1.079691E+01   1.079691E+01   1.199656E+01   9.776807E+00  -1.000000E+01   3.432937E+00  -4.339335E+00        14
   1.845745E+04   1.704230E+07   1.079691E+01   1.079691E+01   1.199656E+01   9.776807E+00  -1.000000E+01   3.432937E+00  -4.339335E+00        14
   1.846745E+04   1.706077E+07   1.079691E+01   1.079691E+01   1.199656E+01   9.776807E+00  -1.000000E+01   3.432937E+00  -4.339335E+00        14
   1.847745E+04   1.707924E+07   1.079691E+01   1.079691E+01   1.199656E+01   9.776807E+00  -1.000000E+01   3.432937E+00  -4.339335E+00        14
   1.848745E+04   1.709773E+07   1.079691E+01   1.079691E+01   1.199656E+01   9.776807E+00  -1.000000E+01   3.432937E+00  -4.339335E+00        14
   1.849745E+04   1.711623E+07   1.079691E+01   1.079691E+01   1.199656E+01   9.776807E+00  -1.000000E+01   3.432937E+00  -4.339335E+00        14
   1.850745E+04   1.713473E+07   1.079691E+01   1.079691E+01   1.199656E+01   9.776807E+00  -1.000000E+01   3.432937E+00  -4.339335E+00        14
   1.851745E+04   1.715325E+07   1.079691E+01   1.079691E+01   1.199656E+01   9.776807E+00  -1.000000E+01   3.432937E+00  -4.339335E+00        14
   1.852745E+04   1.717178E+07   1.079691E+01   1.079691E+01   1.199656E+01   9.776807E+00  -1.000000E+01   3.432937E+00  -4.339335E+00        14
   1.853745E+04   1.719031E+07   1.079691E+01   1.079691E+01   1.199656E+01   9.776807E+00  -1.000000E+01   3.432937E+00  -4.339335E+00        14
   1.854745E+04   1.720886E+07   1.079691E+01   1.079691E+01   1.199656E+01   9.776807E+00  -1.000000E+01   3.432937E+00  -4.339335E+00        14
   1.855745E+04   1.722742E+07   1.079691E+01   1.079691E+01   1.199656E+01   9.776807E+00  -1.000000E+01   3.432937E+00  -4.339335E+00        14
   1.856745E+04   1.724599E+07   1.079691E+01   1.079691E+01   1.199656E+01   9.776807E+00  -1.000000E+01   3.432937E+00  -4.339335E+00        14
   1.857745E+04   1.726456E+07   1.079691E+01   1.079691E+01   1.199656E+01   9.776807E+00  -1.000000E+01   3.432937E+00  -4.339335E+00        14
   1.858745E+04   1.728315E+07   1.079691E+01   1.079691E+01   1.199656E+01   9.776807E+00  -1.000000E+01   3.432937E+00  -4.339335E+00        14
   1.859745E+04   1.730175E+07   1.079691E+01   1.079691E+01   1.199656E+01   9.776807E+00  -1.000000E+01   3.432937E+00  -4.339335E+00        14
   1.860745E+04   1.732035E+07   1.079691E+01   1.079691E+01   1.199656E+01   9.776807E+00  -1.000000E+01   3.432937E+00  -4.339335E+00        14
   1.861745E+04   1.733897E+07   1.079691E+01   1.079691E+01   1.199656E+01   9.776807E+00  -1.000000E+01   3.432937E+00  -4.339335E+00        14
   1.862745E+04   1.735760E+07   1.079691E+01   1.079691E+01   1.199656E+01   9.776807E+00  -1.000000E+01   3.432937E+00  -4.339335E+00        14
   1.863745E+04   1.737624E+07   1.079691E+01   1.079691E+01   1.199656E+01   9.776807E+00  -1.000000E+01   3.432937E+00  -4.339335E+00        14
   1.864745E+04   1.739488E+07   1.079691E+01   1.079691E+01   1.199656E+01   9.776807E+00  -1.000000E+01   3.432937E+00  -4.339335E+00        14
   1.865745E+04   1.741354E+07   1.079691E+01   1.079691E+01   1.199656E+01   9.776807E+00  -1.000000E+01   3.432937E+00  -4.339335E+00        14
   1.866745E+04   1.743221E+07   1.079691E+01   1.079691E+01   1.199656E+01   9.776807E+00  -1.000000E+01   3.432937E+00  -4.339335E+00        14
   1.867745E+04   1.745088E+07   1.079691E+01   1.079691E+01   1.199656E+01   9.776807E+00  -1.000000E+01   3.432937E+00  -4.339335E+00        14
   1.868745E+04   1.746957E+07   1.079691E+01   1.079691E+01   1.199656E+01   9.776807E+00  -1.000000E+01   3.432937E+00  -4.339335E+00        14
   1.869745E+04   1.748827E+07   1.079691E+01   1.079691E+01   1.199656E+01   9.776807E+00  -1.000000E+01   3.432937E+00  -4.339335E+00        14
   1.870745E+04   1.750697E+07   1.079691E+01   1.079691E+01   1.199656E+01   9.776807E+00  -1.000000E+01   3.432937E+00  -4.339335E+00        14
   1.871745E+04   1.752569E+07   1.079691E+01   1.079691E+01   1.199656E+01   9.776807E+00  -1.000000E+01   3.432937E+00  -4.339335E+00        14
   1.872745E+04   1.754442E+07   1.079691E+01   1.079691E+01   1.199656E+01   9.776807E+00  -1.000000E+01   3.432937E+00  -4.339335E+00        14
   1.873745E+04   1.756316E+07   1.079691E+01   1.079691E+01   1.199656E+01   9.776807E+00  -1.000000E+01   3.432937E+00  -4.339335E+00        14
   1.874745E+04   1.758190E+07   1.079691E+01   1.079691E+01   1.199656E+01   9.776807E+00  -1.000000E+01   3.432937E+00  -4.339335E+00        14
   1.875745E+04   1.760066E+07   1.079691E+01   1.079691E+01   1.199656E+01   9.776807E+00  -1.000000E+01   3.432937E+00  -4.339335E+00        14
   1.876745E+04   1.761943E+07   1.079691E+01   1.079691E+01   1.199656E+01   9.776807E+00  -1.000000E+01   3.432937E+00  -4.339335E+00        14
   1.877745E+04   1.763820E+07   1.079691E+01   1.079691E+01   1.199656E+01   9.776807E+00  -1.000000E+01   3.432937E+00  -4.339335E+00        14
   1.878745E+04   1.765699E+07   1.079691E+01   1.079691E+01   1.199656E+01   9.776807E+00  -1.000000E+01   3.432937E+00  -4.339335E+00        14
   1.879745E+04   1.767579E+07   1.079691E+01   1.079691E+01   1.199656E+01   9.776807E+00  -1.000000E+01   3.432937E+00  -4.339335E+00        14
   1.880745E+04   1.769459E+07   1.079691E+01   1.079691E+01   1.199656E+01   9.776807E+00  -1.000000E+01   3.432937E+00  -4.339335E+00        14
   1.881745E+04   1.771341E+07   1.079691E+01   1.079691E+01   1.199656E+01   9.776807E+00  -1.000000E+01   3.432937E+00  -4.339335E+00        14
   1.882745E+04   1.773224E+07   1.079691E+01   1.079691E+01   1.199656E+01   9.776807E+00  -1.000000E+01   3.432937E+00  -4.339335E+00        14
   1.883745E+04   1.775108E+07   1.079691E+01   1.079691E+01   1.199656E+01   9.776807E+00  -1.000000E+01   3.432937E+00  -4.339335E+00        14
   1.884745E+04   1.776992E+07   1.079691E+01   1.079691E+01   1.199656E+01   9.776807E+00  -1.000000E+01   3.432937E+00  -4.339335E+00        14
   1.885745E+04   1.778878E+07   1.079691E+01   1.079691E+01   1.199656E+01   9.776807E+00  -1.000000E+01   3.432937E+00  -4.339335E+00        14
   1.886745E+04   1.780765E+07   1.079691E+01   1.079691E+01   1.199656E+01   9.776807E+00  -1.000000E+01   3.432937E+00  -4.339335E+00        14
   1.887745E+04   1.782652E+07   1.079691E+01   1.079691E+01   1.199656E+01   9.776807E+00  -1.000000E+01   3.432937E+00  -4.339335E+00        14
   1.888745E+04   1.784541E+07   1.079691E+01   1.079691E+01   1.199656E+01   9.776807E+00  -1.000000E+01   3.432937E+00  -4.339335E+00        14
   1.889745E+04   1.786431E+07   1.079691E+01   1.079691E+01   1.199656E+01   9.776807E+00  -1.000000E+01   3.432937E+00  -4.339335E+00        14
   1.890745E+04   1.788321E+07   1.079691E+01   1.079691E+01   1.199656E+01   9.776807E+00  -1.000000E+01   3.432937E+00  -4.339335E+00        14
   1.891745E+04   1.790213E+07   1.079691E+01   1.079691E+01   1.199656E+01   9.776807E+00  -1.000000E+01   3.432937E+00  -4.339335E+00        14
   1.892745E+04   1.792106E+07   1.079691E+01   1.079691E+01   1.199656E+01   9.776807E+00  -1.000000E+01   3.432937E+00  -4.339335E+00        14
   1.893745E+04   1.794000E+07   1.079691E+01   1.079691E+01   1.199656E+01   9.776807E+00  -1.000000E+01   3.432937E+00  -4.339335E+00        14
   1.894745E+04   1.795894E+07   1.079691E+01   1.079691E+01   1.199656E+01   9.776807E+00  -1.000000E+01   3.432937E+00  -4.339335E+00        14
   1.895745E+04   1.797790E+07   1.079691E+01   1.079691E+01   1.199656E+01   9.776807E+00  -1.000000E+01   3.432937E+00  -4.339335E+00        14
   1.896745E+04   1.799687E+07   1.079691E+01   1.079691E+01   1.199656E+01   9.776807E+00  -1.000000E+01   3.432937E+00  -4.339335E+00        14
   1.897745E+04   1.801584E+07   1.079691E+01   1.079691E+01   1.199656E+01   9.776807E+00  -1.000000E+01   3.432937E+00  -4.339335E+00        14
   1.898745E+04   1.803483E+07   1.079691E+01   1.079691E+01   1.199656E+01   9.776807E+00  -1.000000E+01   3.432937E+00  -4.339335E+00        14
   1.899745E+04   1.805383E+07   1.079691E+01   1.079691E+01   1.199656E+01   9.776807E+00  -1.000000E+01   3.432937E+00  -4.339335E+00        14
   1.900745E+04   1.807283E+07   1.079691E+01   1.079691E+01   1.199656E+01   9.776807E+00  -1.000000E+01   3.432937E+00  -4.339335E+00        14
   1.901745E+04   1.809185E+07   1.079691E+01   1.079691E+01   1.199656E+01   9.776807E+00  -1.000000E+01   3.432937E+00  -4.339335E+00        14
   1.902745E+04   1.811088E+07   1.079691E+01   1.079691E+01   1.199656E+01   9.776807E+00  -1.000000E+01   3.432937E+00  -4.339335E+00        14
   1.903745E+04   1.812992E+07   1.079691E+01   1.079691E+01   1.199656E+01   9.776807E+00  -1.000000E+01   3.432937E+00  -4.339335E+00        14
   1.904745E+04   1.814896E+07   1.079691E+01   1.079691E+01   1.199656E+01   9.776807E+00  -1.000000E+01   3.432937E+00  -4.339335E+00        14
   1.905745E+04   1.816802E+07   1.079691E+01   1.079691E+01   1.199656E+01   9.776807E+00  -1.000000E+01   3.432937E+00  -4.339335E+00        14
   1.906745E+04   1.818709E+07   1.079691E+01   1.079691E+01   1.199656E+01   9.776807E+00  -1.000000E+01   3.432937E+00  -4.339335E+00        14
   1.907745E+04   1.820616E+07   1.079691E+01   1.079691E+01   1.199656E+01   9.776807E+00  -1.000000E+01   3.432937E+00  -4.339335E+00        14
   1.908745E+04   1.822525E+07   1.079691E+01   1.079691E+01   1.199656E+01   9.776807E+00  -1.000000E+01   3.432937E+00  -4.339335E+00        14
   1.909745E+04   1.824435E+07   1.079691E+01   1.079691E+01   1.199656E+01   9.776807E+00  -1.000000E+01   3.432937E+00  -4.339335E+00        14
   1.910745E+04   1.826346E+07   1.079691E+01   1.079691E+01   1.199656E+01   9.776807E+00  -1.000000E+01   3.432937E+00  -4.339335E+00        14
   1.911745E+04   1.828257E+07   1.079691E+01   1.079691E+01   1.199656E+01   9.776807E+00  -1.000000E+01   3.432937E+00  -4.339335E+00        14
   1.912745E+04   1.830170E+07   1.079691E+01   1.079691E+01   1.199656E+01   9.776807E+00  -1.000000E+01   3.432937E+00  -4.339335E+00        14
   1.913745E+04   1.832084E+07   1.079691E+01   1.079691E+01   1.199656E+01   9.776807E+00  -1.000000E+01   3.432937E+00  -4.339335E+00        14
   1.914745E+04   1.833998E+07   1.079691E+01   1.079691E+01   1.199656E+01   9.776807E+00  -1.000000E+01   3.432937E+00  -4.339335E+00        14
   1.915745E+04   1.835914E+07   1.079691E+01   1.079691E+01   1.199656E+01   9.776807E+00  -1.000000E+01   3.432937E+00  -4.339335E+00        14
   1.916745E+04   1.837831E+07   1.079691E+01   1.079691E+01   1.199656E+01   9.776807E+00  -1.000000E+01   3.432937E+00  -4.339335E+00        14
   1.917745E+04   1.839748E+07   1.079691E+01   1.079691E+01   1.199656E+01   9.776807E+00  -1.000000E+01   3.432937E+00  -4.339335E+00        14
   1.918745E+04   1.841667E+07   1.079691E+01   1.079691E+01   1.199656E+01   9.776807E+00  -1.000000E+01   3.432937E+00  -4.339335E+00        14
   1.919745E+04   1.843587E+07   1.079691E+01   1.079691E+01   1.199656E+01   9.776807E+00  -1.000000E+01   3.432937E+00  -4.339335E+00        14
   1.920745E+04   1.845508E+07   1.079691E+01   1.079691E+01   1.199656E+01   9.776807E+00  -1.000000E+01   3.432937E+00  -4.339335E+00        14
   1.921745E+04   1.847429E+07   1.079691E+01   1.079691E+01   1.199656E+01   9.776807E+00  -1.000000E+01   3.432937E+00  -4.339335E+00        14
   1.922745E+04   1.849352E+07   1.079691E+01   1.079691E+01   1.199656E+01   9.776807E+00  -1.000000E+01   3.432937E+00  -4.339335E+00        14
   1.923745E+04   1.851276E+07   1.079691E+01   1.079691E+01   1.199656E+01   9.776807E+00  -1.000000E+01   3.432937E+00  -4.339335E+00        14
   1.924745E+04   1.853200E+07   1.079691E+01   1.079691E+01   1.199656E+01   9.776807E+00  -1.000000E+01   3.432937E+00  -4.339335E+00        14
   1.925745E+04   1.855126E+07   1.079691E+01   1.079691E+01   1.199656E+01   9.776807E+00  -1.000000E+01   3.432937E+00  -4.339335E+00        14
   1.926745E+04   1.857053E+07   1.079691E+01   1.079691E+01   1.199656E+01   9.776807E+00  -1.000000E+01   3.432937E+00  -4.339335E+00        14
   1.927745E+04   1.858980E+07   1.079691E+01   1.079691E+01   1.199656E+01   9.776807E+00  -1.000000E+01   3.432937E+00  -4.339335E+00        14
   1.928745E+04   1.860909E+07   1.079691E+01   1.079691E+01   1.199656E+01   9.776807E+00  -1.000000E+01   3.432937E+00  -4.339335E+00        14
   1.929745E+04   1.862839E+07   1.079691E+01   1.079691E+01   1.199656E+01   9.776807E+00  -1.000000E+01   3.432937E+00  -4.339335E+00        14
   1.930745E+04   1.864770E+07   1.079691E+01   1.079691E+01   1.199656E+01   9.776807E+00  -1.000000E+01   3.432937E+00  -4.339335E+00        14
   1.931745E+04   1.866701E+07   1.079691E+01   1.079691E+01   1.199656E+01   9.776807E+00  -1.000000E+01   3.432937E+00  -4.339335E+00        14
   1.932745E+04   1.868634E+07   1.079691E+01   1.079691E+01   1.199656E+01   9.776807E+00  -1.000000E+01   3.432937E+00  -4.339335E+00        14
   1.933745E+04   1.870568E+07   1.079691E+01   1.079691E+01   1.199656E+01   9.776807E+00  -1.000000E+01   3.432937E+00  -4.339335E+00        14
   1.934745E+04   1.872502E+07   1.079691E+01   1.079691E+01   1.199656E+01   9.776807E+00  -1.000000E+01   3.432937E+00  -4.339335E+00        14
   1.935745E+04   1.874438E+07   1.079691E+01   1.079691E+01   1.199656E+01   9.776807E+00  -1.000000E+01   3.432937E+00  -4.339335E+00        14
   1.936745E+04   1.876375E+07   1.079691E+01   1.079691E+01   1.199656E+01   9.776807E+00  -1.000000E+01   3.432937E+00  -4.339335E+00        14
   1.937745E+04   1.878312E+07   1.079691E+01   1.079691E+01   1.199656E+01   9.776807E+00  -1.000000E+01   3.432937E+00  -4.339335E+00        14
   1.938745E+04   1.880251E+07   1.079691E+01   1.079691E+01   1.199656E+01   9.776807E+00  -1.000000E+01   3.432937E+00  -4.339335E+00        14
   1.939745E+04   1.882191E+07   1.079691E+01   1.079691E+01   1.199656E+01   9.776807E+00  -1.000000E+01   3.432937E+00  -4.339335E+00        14
   1.940745E+04   1.884132E+07   1.079691E+01   1.079691E+01   1.199656E+01   9.776807E+00  -1.000000E+01   3.432937E+00  -4.339335E+00        14
   1.941745E+04   1.886073E+07   1.079691E+01   1.079691E+01   1.199656E+01   9.776807E+00  -1.000000E+01   3.432937E+00  -4.339335E+00        14
   1.942745E+04   1.888016E+07   1.079691E+01   1.079691E+01   1.199656E+01   9.776807E+00  -1.000000E+01   3.432937E+00  -4.339335E+00        14
   1.943745E+04   1.889960E+07   1.079691E+01   1.079691E+01   1.199656E+01   9.776807E+00  -1.000000E+01   3.432937E+00  -4.339335E+00        14
   1.944745E+04   1.891904E+07   1.079691E+01   1.079691E+01   1.199656E+01   9.776807E+00  -1.000000E+01   3.432937E+00  -4.339335E+00        14
   1.945745E+04   1.893850E+07   1.079691E+01   1.079691E+01   1.199656E+01   9.776807E+00  -1.000000E+01   3.432937E+00  -4.339335E+00        14
   1.946745E+04   1.895797E+07   1.079691E+01   1.079691E+01   1.199656E+01   9.776807E+00  -1.000000E+01   3.432937E+00  -4.339335E+00        14
   1.947745E+04   1.897744E+07   1.079691E+01   1.079691E+01   1.199656E+01   9.776807E+00  -1.000000E+01   3.432937E+00  -4.339335E+00        14
   1.948745E+04   1.899693E+07   1.079691E+01   1.079691E+01   1.199656E+01   9.776807E+00  -1.000000E+01   3.432937E+00  -4.339335E+00        14
   1.949745E+04   1.901643E+07   1.079691E+01   1.079691E+01   1.199656E+01   9.776807E+00  -1.000000E+01   3.432937E+00  -4.339335E+00        14
   1.950745E+04   1.903594E+07   1.079691E+01   1.079691E+01   1.199656E+01   9.776807E+00  -1.000000E+01   3.432937E+00  -4.339335E+00        14
   1.951745E+04   1.905545E+07   1.079691E+01   1.079691E+01   1.199656E+01   9.776807E+00  -1.000000E+01   3.432937E+00  -4.339335E+00        14
   1.952745E+04   1.907498E+07   1.079691E+01   1.079691E+01   1.199656E+01   9.776807E+00  -1.000000E+01   3.432937E+00  -4.339335E+00        14
   1.953745E+04   1.909452E+07   1.079691E+01   1.079691E+01   1.199656E+01   9.776807E+00  -1.000000E+01   3.432937E+00  -4.339335E+00        14
   1.954745E+04   1.911406E+07   1.079691E+01   1.079691E+01   1.199656E+01   9.776807E+00  -1.000000E+01   3.432937E+00  -4.339335E+00        14
   1.955745E+04   1.913362E+07   1.079691E+01   1.079691E+01   1.199656E+01   9.776807E+00  -1.000000E+01   3.432937E+00  -4.339335E+00        14
   1.956745E+04   1.915319E+07   1.079691E+01   1.079691E+01   1.199656E+01   9.776807E+00  -1.000000E+01   3.432937E+00  -4.339335E+00        14
   1.957745E+04   1.917276E+07   1.079691E+01   1.079691E+01   1.199656E+01   9.776807E+00  -1.000000E+01   3.432937E+00  -4.339335E+00        14
   1.958745E+04   1.919235E+07   1.079691E+01   1.079691E+01   1.199656E+01   9.776807E+00  -1.000000E+01   3.432937E+00  -4.339335E+00        14
   1.959745E+04   1.921195E+07   1.079691E+01   1.079691E+01   1.199656E+01   9.776807E+00  -1.000000E+01   3.432937E+00  -4.339335E+00        14
   1.960745E+04   1.923156E+07   1.079691E+01   1.079691E+01   1.199656E+01   9.776807E+00  -1.000000E+01   3.432937E+00  -4.339335E+00        14
   1.961745E+04   1.925117E+07   1.079691E+01   1.079691E+01   1.199656E+01   9.776807E+00  -1.000000E+01   3.432937E+00  -4.339335E+00        14
   1.962745E+04   1.927080E+07   1.079691E+01   1.079691E+01   1.199656E+01   9.776807E+00  -1.000000E+01   3.432937E+00  -4.339335E+00        14
   1.963745E+04   1.929044E+07   1.079691E+01   1.079691E+01   1.199656E+01   9.776807E+00  -1.000000E+01   3.432937E+00  -4.339335E+00        14
   1.964745E+04   1.931008E+07   1.079691E+01   1.079691E+01   1.199656E+01   9.776807E+00  -1.000000E+01   3.432937E+00  -4.339335E+00        14
   1.965745E+04   1.932974E+07   1.079691E+01   1.079691E+01   1.199656E+01   9.776807E+00  -1.000000E+01   3.432937E+00  -4.339335E+00        14
   1.966745E+04   1.934941E+07   1.079691E+01   1.079691E+01   1.199656E+01   9.776807E+00  -1.000000E+01   3.432937E+00  -4.339335E+00        14
   1.967745E+04   1.936909E+07   1.079691E+01   1.079691E+01   1.199656E+01   9.776807E+00  -1.000000E+01   3.432937E+00  -4.339335E+00        14
   1.968745E+04   1.938877E+07   1.079691E+01   1.079691E+01   1.199656E+01   9.776807E+00  -1.000000E+01   3.432937E+00  -4.339335E+00        14
   1.969745E+04   1.940847E+07   1.079691E+01   1.079691E+01   1.199656E+01   9.776807E+00  -1.000000E+01   3.432937E+00  -4.339335E+00        14
   1.970745E+04   1.942818E+07   1.079691E+01   1.079691E+01   1.199656E+01   9.776807E+00  -1.000000E+01   3.432937E+00  -4.339335E+00        14
   1.971745E+04   1.944789E+07   1.079691E+01   1.079691E+01   1.199656E+01   9.776807E+00  -1.000000E+01   3.432937E+00  -4.339335E+00        14
   1.972745E+04   1.946762E+07   1.079691E+01   1.079691E+01   1.199656E+01   9.776807E+00  -1.000000E+01   3.432937E+00  -4.339335E+00        14
   1.973745E+04   1.948736E+07   1.079691E+01   1.079691E+01   1.199656E+01   9.776807E+00  -1.000000E+01   3.432937E+00  -4.339335E+00        14
   1.974745E+04   1.950710E+07   1.079691E+01   1.079691E+01   1.199656E+01   9.776807E+00  -1.000000E+01   3.432937E+00  -4.339335E+00        14
   1.975745E+04   1.952686E+07   1.079691E+01   1.079691E+01   1.199656E+01   9.776807E+00  -1.000000E+01   3.432937E+00  -4.339335E+00        14
   1.976745E+04   1.954663E+07   1.079691E+01   1.079691E+01   1.199656E+01   9.776807E+00  -1.000000E+01   3.432937E+00  -4.339335E+00        14
   1.977745E+04   1.956641E+07   1.079691E+01   1.079691E+01   1.199656E+01   9.776807E+00  -1.000000E+01   3.432937E+00  -4.339335E+00        14
   1.978745E+04   1.958619E+07   1.079691E+01   1.079691E+01   1.199656E+01   9.776807E+00  -1.000000E+01   3.432937E+00  -4.339335E+00        14
   1.979745E+04   1.960599E+07   1.079691E+01   1.079691E+01   1.199656E+01   9.776807E+00  -1.000000E+01   3.432937E+00  -4.339335E+00        14
   1.980745E+04   1.962580E+07   1.079691E+01   1.079691E+01   1.199656E+01   9.776807E+00  -1.000000E+01   3.432937E+00  -4.339335E+00        14
   1.981745E+04   1.964561E+07   1.079691E+01   1.079691E+01   1.199656E+01   9.776807E+00  -1.000000E+01   3.432937E+00  -4.339335E+00        14
   1.982745E+04   1.966544E+07   1.079691E+01   1.079691E+01   1.199656E+01   9.776807E+00  -1.000000E+01   3.432937E+00  -4.339335E+00        14
   1.983745E+04   1.968528E+07   1.079691E+01   1.079691E+01   1.199656E+01   9.776807E+00  -1.000000E+01   3.432937E+00  -4.339335E+00        14
   1.984745E+04   1.970512E+07   1.079691E+01   1.079691E+01   1.199656E+01   9.776807E+00  -1.000000E+01   3.432937E+00  -4.339335E+00        14
   1.985745E+04   1.972498E+07   1.079691E+01   1.079691E+01   1.199656E+01   9.776807E+00  -1.000000E+01   3.432937E+00  -4.339335E+00        14
   1.986745E+04   1.974485E+07   1.079691E+01   1.079691E+01   1.199656E+01   9.776807E+00  -1.000000E+01   3.432937E+00  -4.339335E+00        14
   1.987745E+04   1.976473E+07   1.079691E+01   1.079691E+01   1.199656E+01   9.776807E+00  -1.000000E+01   3.432937E+00  -4.339335E+00        14
   1.988745E+04   1.978461E+07   1.079691E+01   1.079691E+01   1.199656E+01   9.776807E+00  -1.000000E+01   3.432937E+00  -4.339335E+00        14
   1.989745E+04   1.980451E+07   1.079691E+01   1.079691E+01   1.199656E+01   9.776807E+00  -1.000000E+01   3.432937E+00  -4.339335E+00        14
   1.990745E+04   1.982442E+07   1.079691E+01   1.079691E+01   1.199656E+01   9.776807E+00  -1.000000E+01   3.432937E+00  -4.339335E+00        14
   1.991745E+04   1.984433E+07   1.079691E+01   1.079691E+01   1.199656E+01   9.776807E+00  -1.000000E+01   3.432937E+00  -4.339335E+00        14
   1.992745E+04   1.986426E+07   1.079691E+01   1.079691E+01   1.199656E+01   9.776807E+00  -1.000000E+01   3.432937E+00  -4.339335E+00        14
   1.993745E+04   1.988420E+07   1.079691E+01   1.079691E+01   1.199656E+01   9.776807E+00  -1.000000E+01   3.432937E+00  -4.339335E+00        14
   1.994745E+04   1.990414E+07   1.079691E+01   1.079691E+01   1.199656E+01   9.776807E+00  -1.000000E+01   3.432937E+00  -4.339335E+00        14
   1.995745E+04   1.992410E+07   1.079691E+01   1.079691E+01   1.199656E+01   9.776807E+00  -1.000000E+01   3.432937E+00  -4.339335E+00        14
   1.996745E+04   1.994407E+07   1.079691E+01   1.079691E+01   1.199656E+01   9.776807E+00  -1.000000E+01   3.432937E+00  -4.339335E+00        14
   1.997745E+04   1.996405E+07   1.079691E+01   1.079691E+01   1.199656E+01   9.776807E+00  -1.000000E+01   3.432937E+00  -4.339335E+00        14
   1.998745E+04   1.998403E+07   1.079691E+01   1.079691E+01   1.199656E+01   9.776807E+00  -1.000000E+01   3.432937E+00  -4.339335E+00        14
   1.999745E+04   2.000403E+07   1.079691E+01   1.079691E+01   1.199656E+01   9.776807E+00  -1.000000E+01   3.432937E+00  -4.339335E+00        14
   2.000000E+04   2.002404E+07   1.079691E+01   1.079691E+01   1.199656E+01   9.776807E+00  -1.000000E+01   3.432937E+00  -4.339335E+00        14
