           time            age           mass      core_mass        He_core        CO_core          log_L       log_Teff     log_radius     phase
   0.000000E+00   0.000000E+00   1.148154E+01   0.000000E+00   0.000000E+00   0.000000E+00   3.950398E+00   4.436502E+00   6.254540E-01         1
   1.008655E+00   1.008655E+00   1.148060E+01   0.000000E+00   0.000000E+00   0.000000E+00   3.963945E+00   4.433124E+00   6.389841E-01         1
   2.017309E+00   2.017309E+00   1.147963E+01   0.000000E+00   0.000000E+00   0.000000E+00   3.978607E+00   4.431091E+00   6.503793E-01         1
   3.025964E+00   3.025964E+00   1.147861E+01   0.000000E+00   0.000000E+00   0.000000E+00   3.994093E+00   4.429498E+00   6.613097E-01         1
   4.034618E+00   4.034618E+00   1.147751E+01   0.000000E+00   0.000000E+00   0.000000E+00   4.010372E+00   4.428072E+00   6.723018E-01         1
   5.043273E+00   5.043273E+00   1.147634E+01   0.000000E+00   0.000000E+00   0.000000E+00   4.027466E+00   4.426661E+00   6.836691E-01         1
   6.051927E+00   6.051927E+00   1.147507E+01   0.000000E+00   0.000000E+00   0.000000E+00   4.045348E+00   4.425169E+00   6.955959E-01         1
   7.060582E+00   7.060582E+00   1.147371E+01   0.000000E+00   0.000000E+00   0.000000E+00   4.064053E+00   4.423509E+00   7.082668E-01         1
   8.069237E+00   8.069237E+00   1.147090E+01   0.000000E+00   0.000000E+00   0.000000E+00   4.083548E+00   4.421568E+00   7.218971E-01         1
   9.077891E+00   9.077891E+00   1.146390E+01   0.000000E+00   0.000000E+00   0.000000E+00   4.103682E+00   4.419198E+00   7.367042E-01         1
   1.008655E+01   1.008655E+01   1.145497E+01   0.000000E+00   0.000000E+00   0.000000E+00   4.124853E+00   4.416324E+00   7.530375E-01         1
   1.109520E+01   1.109520E+01   1.144512E+01   0.000000E+00   0.000000E+00   0.000000E+00   4.147380E+00   4.412792E+00   7.713636E-01         1
   1.210385E+01   1.210385E+01   1.143420E+01   0.000000E+00   0.000000E+00   0.000000E+00   4.171481E+00   4.408388E+00   7.922237E-01         1
   1.311251E+01   1.311251E+01   1.141330E+01   0.000000E+00   0.000000E+00   0.000000E+00   4.196618E+00   4.402679E+00   8.162096E-01         1
   1.412116E+01   1.412116E+01   1.137891E+01   0.000000E+00   0.000000E+00   0.000000E+00   4.222392E+00   4.395377E+00   8.437007E-01         1
   1.512982E+01   1.512982E+01   1.134044E+01   0.000000E+00   0.000000E+00   0.000000E+00   4.249972E+00   4.386031E+00   8.761828E-01         1
   1.613847E+01   1.613847E+01   1.129686E+01   0.000000E+00   0.000000E+00   0.000000E+00   4.280056E+00   4.373629E+00   9.160281E-01         1
   1.714713E+01   1.714713E+01   1.124716E+01   0.000000E+00   0.000000E+00   0.000000E+00   4.313572E+00   4.356409E+00   9.672271E-01         1
   1.815578E+01   1.815578E+01   1.119005E+01   0.000000E+00   0.000000E+00   0.000000E+00   4.351461E+00   4.331342E+00   1.036306E+00         1
   1.916444E+01   1.916444E+01   1.112430E+01   0.000000E+00   0.000000E+00   0.000000E+00   4.394752E+00   4.293800E+00   1.133036E+00         1
   1.917452E+01   1.917452E+01   1.112359E+01   0.000000E+00   0.000000E+00   0.000000E+00   4.395224E+00   4.293344E+00   1.134183E+00         1
   1.918461E+01   1.918461E+01   1.112289E+01   0.000000E+00   0.000000E+00   0.000000E+00   4.395696E+00   4.292889E+00   1.135329E+00         1
   1.919470E+01   1.919470E+01   1.112218E+01   0.000000E+00   0.000000E+00   0.000000E+00   4.396168E+00   4.292433E+00   1.136476E+00         1
   1.920478E+01   1.920478E+01   1.112148E+01   0.000000E+00   0.000000E+00   0.000000E+00   4.396640E+00   4.291977E+00   1.137626E+00         1
   1.921487E+01   1.921487E+01   1.112077E+01   0.000000E+00   0.000000E+00   0.000000E+00   4.397120E+00   4.291512E+00   1.138795E+00         1
   1.922496E+01   1.922496E+01   1.112006E+01   0.000000E+00   0.000000E+00   0.000000E+00   4.397599E+00   4.291047E+00   1.139964E+00         1
   1.923504E+01   1.923504E+01   1.111935E+01   0.000000E+00   0.000000E+00   0.000000E+00   4.398078E+00   4.290582E+00   1.141134E+00         1
   1.924513E+01   1.924513E+01   1.111864E+01   0.000000E+00   0.000000E+00   0.000000E+00   4.398557E+00   4.290117E+00   1.142303E+00         1
   1.925522E+01   1.925522E+01   1.111793E+01   0.000000E+00   0.000000E+00   0.000000E+00   4.399037E+00   4.289652E+00   1.143473E+00         1
   1.926530E+01   1.926530E+01   1.111722E+01   0.000000E+00   0.000000E+00   0.000000E+00   4.399516E+00   4.289187E+00   1.144642E+00         1
   1.927539E+01   1.927539E+01   1.111650E+01   0.000000E+00   0.000000E+00   0.000000E+00   4.400000E+00   4.288718E+00   1.145823E+00         1
   1.928548E+01   1.928548E+01   1.111578E+01   0.000000E+00   0.000000E+00   0.000000E+00   4.400487E+00   4.288245E+00   1.147012E+00         1
   1.929556E+01   1.929556E+01   1.111507E+01   0.000000E+00   0.000000E+00   0.000000E+00   4.400975E+00   4.287772E+00   1.148201E+00         1
   1.930565E+01   1.930565E+01   1.111435E+01   0.000000E+00   0.000000E+00   0.000000E+00   4.401462E+00   4.287300E+00   1.149391E+00         1
   1.931574E+01   1.931574E+01   1.111363E+01   0.000000E+00   0.000000E+00   0.000000E+00   4.401950E+00   4.286827E+00   1.150580E+00         1
   1.932582E+01   1.932582E+01   1.111292E+01   0.000000E+00   0.000000E+00   0.000000E+00   4.402437E+00   4.286354E+00   1.151769E+00         1
   1.933591E+01   1.933591E+01   1.111220E+01   0.000000E+00   0.000000E+00   0.000000E+00   4.402926E+00   4.285880E+00   1.152961E+00         1
   1.934599E+01   1.934599E+01   1.111148E+01   0.000000E+00   0.000000E+00   0.000000E+00   4.403422E+00   4.285401E+00   1.154167E+00         1
   1.935608E+01   1.935608E+01   1.111075E+01   0.000000E+00   0.000000E+00   0.000000E+00   4.403919E+00   4.284922E+00   1.155373E+00         1
   1.936617E+01   1.936617E+01   1.111003E+01   0.000000E+00   0.000000E+00   0.000000E+00   4.404416E+00   4.284443E+00   1.156580E+00         1
   1.937625E+01   1.937625E+01   1.110931E+01   0.000000E+00   0.000000E+00   0.000000E+00   4.404912E+00   4.283965E+00   1.157786E+00         1
   1.938634E+01   1.938634E+01   1.110859E+01   0.000000E+00   0.000000E+00   0.000000E+00   4.405409E+00   4.283486E+00   1.158992E+00         1
   1.939643E+01   1.939643E+01   1.110786E+01   0.000000E+00   0.000000E+00   0.000000E+00   4.405906E+00   4.283007E+00   1.160198E+00         1
   1.940651E+01   1.940651E+01   1.110713E+01   0.000000E+00   0.000000E+00   0.000000E+00   4.406411E+00   4.282525E+00   1.161414E+00         1
   1.941660E+01   1.941660E+01   1.110641E+01   0.000000E+00   0.000000E+00   0.000000E+00   4.406918E+00   4.282043E+00   1.162631E+00         1
   1.942669E+01   1.942669E+01   1.110568E+01   0.000000E+00   0.000000E+00   0.000000E+00   4.407426E+00   4.281561E+00   1.163849E+00         1
   1.943677E+01   1.943677E+01   1.110495E+01   0.000000E+00   0.000000E+00   0.000000E+00   4.407933E+00   4.281079E+00   1.165067E+00         1
   1.944686E+01   1.944686E+01   1.110422E+01   0.000000E+00   0.000000E+00   0.000000E+00   4.408441E+00   4.280597E+00   1.166285E+00         1
   1.945695E+01   1.945695E+01   1.110349E+01   0.000000E+00   0.000000E+00   0.000000E+00   4.408948E+00   4.280115E+00   1.167502E+00         1
   1.946703E+01   1.946703E+01   1.110276E+01   0.000000E+00   0.000000E+00   0.000000E+00   4.409462E+00   4.279634E+00   1.168722E+00         1
   1.947712E+01   1.947712E+01   1.110202E+01   0.000000E+00   0.000000E+00   0.000000E+00   4.409983E+00   4.279154E+00   1.169943E+00         1
   1.948721E+01   1.948721E+01   1.110129E+01   0.000000E+00   0.000000E+00   0.000000E+00   4.410503E+00   4.278673E+00   1.171164E+00         1
   1.949729E+01   1.949729E+01   1.110055E+01   0.000000E+00   0.000000E+00   0.000000E+00   4.411023E+00   4.278193E+00   1.172384E+00         1
   1.950738E+01   1.950738E+01   1.109982E+01   0.000000E+00   0.000000E+00   0.000000E+00   4.411543E+00   4.277713E+00   1.173605E+00         1
   1.951747E+01   1.951747E+01   1.109908E+01   0.000000E+00   0.000000E+00   0.000000E+00   4.412064E+00   4.277232E+00   1.174826E+00         1
   1.952755E+01   1.952755E+01   1.109835E+01   0.000000E+00   0.000000E+00   0.000000E+00   4.412590E+00   4.276755E+00   1.176044E+00         1
   1.953764E+01   1.953764E+01   1.109761E+01   0.000000E+00   0.000000E+00   0.000000E+00   4.413126E+00   4.276283E+00   1.177256E+00         1
   1.954773E+01   1.954773E+01   1.109686E+01   0.000000E+00   0.000000E+00   0.000000E+00   4.413663E+00   4.275811E+00   1.178468E+00         1
   1.955781E+01   1.955781E+01   1.109612E+01   0.000000E+00   0.000000E+00   0.000000E+00   4.414199E+00   4.275340E+00   1.179679E+00         1
   1.956790E+01   1.956790E+01   1.109538E+01   0.000000E+00   0.000000E+00   0.000000E+00   4.414736E+00   4.274868E+00   1.180891E+00         1
   1.957799E+01   1.957799E+01   1.109464E+01   0.000000E+00   0.000000E+00   0.000000E+00   4.415272E+00   4.274396E+00   1.182103E+00         1
   1.958807E+01   1.958807E+01   1.109390E+01   0.000000E+00   0.000000E+00   0.000000E+00   4.415814E+00   4.273929E+00   1.183308E+00         1
   1.959816E+01   1.959816E+01   1.109315E+01   0.000000E+00   0.000000E+00   0.000000E+00   4.416373E+00   4.273479E+00   1.184488E+00         1
   1.960825E+01   1.960825E+01   1.109240E+01   0.000000E+00   0.000000E+00   0.000000E+00   4.416931E+00   4.273028E+00   1.185668E+00         1
   1.961833E+01   1.961833E+01   1.109165E+01   0.000000E+00   0.000000E+00   0.000000E+00   4.417490E+00   4.272578E+00   1.186849E+00         1
   1.962842E+01   1.962842E+01   1.109090E+01   0.000000E+00   0.000000E+00   0.000000E+00   4.418049E+00   4.272127E+00   1.188029E+00         1
   1.963850E+01   1.963850E+01   1.109016E+01   0.000000E+00   0.000000E+00   0.000000E+00   4.418608E+00   4.271677E+00   1.189209E+00         1
   1.964859E+01   1.964859E+01   1.108941E+01   0.000000E+00   0.000000E+00   0.000000E+00   4.419172E+00   4.271233E+00   1.190379E+00         1
   1.965868E+01   1.965868E+01   1.108865E+01   0.000000E+00   0.000000E+00   0.000000E+00   4.419760E+00   4.270822E+00   1.191496E+00         1
   1.966876E+01   1.966876E+01   1.108789E+01   0.000000E+00   0.000000E+00   0.000000E+00   4.420348E+00   4.270410E+00   1.192612E+00         1
   1.967885E+01   1.967885E+01   1.108713E+01   0.000000E+00   0.000000E+00   0.000000E+00   4.420936E+00   4.269999E+00   1.193728E+00         1
   1.968894E+01   1.968894E+01   1.108638E+01   0.000000E+00   0.000000E+00   0.000000E+00   4.421524E+00   4.269588E+00   1.194845E+00         1
   1.969902E+01   1.969902E+01   1.108562E+01   0.000000E+00   0.000000E+00   0.000000E+00   4.422113E+00   4.269177E+00   1.195961E+00         1
   1.970911E+01   1.970911E+01   1.108486E+01   0.000000E+00   0.000000E+00   0.000000E+00   4.422710E+00   4.268781E+00   1.197053E+00         1
   1.971920E+01   1.971920E+01   1.108409E+01   0.000000E+00   0.000000E+00   0.000000E+00   4.423336E+00   4.268431E+00   1.198065E+00         1
   1.972928E+01   1.972928E+01   1.108331E+01   0.000000E+00   0.000000E+00   0.000000E+00   4.423963E+00   4.268081E+00   1.199078E+00         1
   1.973937E+01   1.973937E+01   1.108254E+01   0.000000E+00   0.000000E+00   0.000000E+00   4.424589E+00   4.267732E+00   1.200090E+00         1
   1.974946E+01   1.974946E+01   1.108177E+01   0.000000E+00   0.000000E+00   0.000000E+00   4.425216E+00   4.267382E+00   1.201103E+00         1
   1.975954E+01   1.975954E+01   1.108100E+01   0.000000E+00   0.000000E+00   0.000000E+00   4.425842E+00   4.267032E+00   1.202115E+00         1
   1.976963E+01   1.976963E+01   1.108021E+01   0.000000E+00   0.000000E+00   0.000000E+00   4.426495E+00   4.266728E+00   1.203052E+00         1
   1.977972E+01   1.977972E+01   1.107942E+01   0.000000E+00   0.000000E+00   0.000000E+00   4.427166E+00   4.266452E+00   1.203937E+00         1
   1.978980E+01   1.978980E+01   1.107863E+01   0.000000E+00   0.000000E+00   0.000000E+00   4.427837E+00   4.266177E+00   1.204822E+00         1
   1.979989E+01   1.979989E+01   1.107784E+01   0.000000E+00   0.000000E+00   0.000000E+00   4.428507E+00   4.265902E+00   1.205708E+00         1
   1.980998E+01   1.980998E+01   1.107704E+01   0.000000E+00   0.000000E+00   0.000000E+00   4.429178E+00   4.265627E+00   1.206593E+00         1
   1.982006E+01   1.982006E+01   1.107623E+01   9.038107E-02   9.038107E-02   0.000000E+00   4.429872E+00   4.265389E+00   1.207417E+00         1
   1.983015E+01   1.983015E+01   1.107541E+01   2.828090E-01   2.828090E-01   0.000000E+00   4.430591E+00   4.265192E+00   1.208170E+00         1
   1.984024E+01   1.984024E+01   1.107459E+01   4.752370E-01   4.752370E-01   0.000000E+00   4.431311E+00   4.264995E+00   1.208924E+00         1
   1.985032E+01   1.985032E+01   1.107376E+01   6.676650E-01   6.676650E-01   0.000000E+00   4.432030E+00   4.264798E+00   1.209678E+00         1
   1.986041E+01   1.986041E+01   1.107294E+01   8.587832E-01   8.587832E-01   0.000000E+00   4.432750E+00   4.264602E+00   1.210430E+00         1
   1.987050E+01   1.987050E+01   1.107209E+01   9.441725E-01   9.441725E-01   0.000000E+00   4.433506E+00   4.264450E+00   1.211111E+00         1
   1.988058E+01   1.988058E+01   1.107124E+01   1.029562E+00   1.029562E+00   0.000000E+00   4.434261E+00   4.264299E+00   1.211792E+00         1
   1.989067E+01   1.989067E+01   1.107040E+01   1.114951E+00   1.114951E+00   0.000000E+00   4.435017E+00   4.264147E+00   1.212473E+00         1
   1.990075E+01   1.990075E+01   1.106955E+01   1.200340E+00   1.200340E+00   0.000000E+00   4.435772E+00   4.263995E+00   1.213154E+00         1
   1.991084E+01   1.991084E+01   1.106868E+01   1.208614E+00   1.208614E+00   0.000000E+00   4.436560E+00   4.263886E+00   1.213767E+00         1
   1.992093E+01   1.992093E+01   1.106782E+01   1.210614E+00   1.210614E+00   0.000000E+00   4.437350E+00   4.263780E+00   1.214375E+00         1
   1.993101E+01   1.993101E+01   1.106695E+01   1.212613E+00   1.212613E+00   0.000000E+00   4.438140E+00   4.263673E+00   1.214982E+00         1
   1.994110E+01   1.994110E+01   1.106609E+01   1.214543E+00   1.214543E+00   0.000000E+00   4.438934E+00   4.263571E+00   1.215583E+00         1
   1.995119E+01   1.995119E+01   1.106519E+01   1.215447E+00   1.215447E+00   0.000000E+00   4.439781E+00   4.263531E+00   1.216088E+00         1
   1.996127E+01   1.996127E+01   1.106430E+01   1.216350E+00   1.216350E+00   0.000000E+00   4.440627E+00   4.263490E+00   1.216592E+00         1
   1.997136E+01   1.997136E+01   1.106341E+01   1.217253E+00   1.217253E+00   0.000000E+00   4.441474E+00   4.263450E+00   1.217097E+00         1
   1.998145E+01   1.998145E+01   1.106251E+01   1.217961E+00   1.217961E+00   0.000000E+00   4.442346E+00   4.263450E+00   1.217533E+00         1
   1.999153E+01   1.999153E+01   1.106160E+01   1.218474E+00   1.218474E+00   0.000000E+00   4.443244E+00   4.263490E+00   1.217900E+00         1
   2.000162E+01   2.000162E+01   1.106070E+01   1.218987E+00   1.218987E+00   0.000000E+00   4.444142E+00   4.263531E+00   1.218267E+00         1
   2.001171E+01   2.001171E+01   1.105979E+01   1.219502E+00   1.219502E+00   0.000000E+00   4.445044E+00   4.263580E+00   1.218621E+00         1
   2.002179E+01   2.002179E+01   1.105887E+01   1.220033E+00   1.220033E+00   0.000000E+00   4.446003E+00   4.263744E+00   1.218773E+00         1
   2.003188E+01   2.003188E+01   1.105795E+01   1.220565E+00   1.220565E+00   0.000000E+00   4.446963E+00   4.263908E+00   1.218925E+00         1
   2.004197E+01   2.004197E+01   1.105704E+01   1.221097E+00   1.221097E+00   0.000000E+00   4.447922E+00   4.264071E+00   1.219077E+00         1
   2.005205E+01   2.005205E+01   1.105610E+01   1.221362E+00   1.221362E+00   0.000000E+00   4.449026E+00   4.264438E+00   1.218896E+00         1
   2.006214E+01   2.006214E+01   1.105515E+01   1.221538E+00   1.221538E+00   0.000000E+00   4.450177E+00   4.264871E+00   1.218604E+00         1
   2.007223E+01   2.007223E+01   1.105420E+01   1.222700E+00   1.222700E+00   0.000000E+00   4.451328E+00   4.265306E+00   1.218311E+00         1
   2.008231E+01   2.008231E+01   1.105323E+01   1.850857E+00   1.850857E+00   0.000000E+00   4.452742E+00   4.266236E+00   1.217157E+00         1
   2.009240E+01   2.009240E+01   1.105227E+01   2.479013E+00   2.479013E+00   0.000000E+00   4.454155E+00   4.267167E+00   1.216003E+00         1
   2.010249E+01   2.010249E+01   1.105130E+01   2.827339E+00   2.827339E+00   0.000000E+00   4.455833E+00   4.268595E+00   1.213986E+00         1
   2.011257E+01   2.011257E+01   1.105032E+01   3.048699E+00   3.048699E+00   0.000000E+00   4.457612E+00   4.270212E+00   1.211640E+00         1
   2.012266E+01   2.012266E+01   1.104934E+01   3.072441E+00   3.072441E+00   0.000000E+00   4.459566E+00   4.272157E+00   1.208727E+00         1
   2.013275E+01   2.013275E+01   1.104835E+01   3.079689E+00   3.079689E+00   0.000000E+00   4.462358E+00   4.275587E+00   1.203265E+00         1
   2.014283E+01   2.014283E+01   1.104735E+01   3.085465E+00   3.085465E+00   0.000000E+00   4.465821E+00   4.279055E+00   1.198059E+00         1
   2.015292E+01   2.015292E+01   1.104630E+01   3.089003E+00   3.089003E+00   0.000000E+00   4.472773E+00   4.282608E+00   1.194429E+00         1
   2.016301E+01   2.016301E+01   1.104524E+01   3.093087E+00   3.093087E+00   0.000000E+00   4.491715E+00   4.289251E+00   1.190615E+00         1
   2.017309E+01   2.017309E+01   1.104419E+01   3.097741E+00   3.097741E+00   0.000000E+00   4.518432E+00   4.297954E+00   1.186566E+00         2
   2.017326E+01   2.017326E+01   1.104419E+01   3.091500E+00   3.091500E+00   0.000000E+00   4.488818E+00   4.290159E+00   1.187351E+00         2
   2.017343E+01   2.017343E+01   1.104419E+01   3.089236E+00   3.089236E+00   0.000000E+00   4.501582E+00   4.306019E+00   1.162012E+00         2
   2.017360E+01   2.017360E+01   1.104408E+01   3.094017E+00   3.094017E+00   0.000000E+00   4.514225E+00   4.306632E+00   1.167108E+00         2
   2.017376E+01   2.017376E+01   1.104381E+01   3.096352E+00   3.096352E+00   0.000000E+00   4.505435E+00   4.294487E+00   1.187003E+00         2
   2.017393E+01   2.017393E+01   1.104379E+01   3.096538E+00   3.096538E+00   0.000000E+00   4.504360E+00   4.292973E+00   1.189494E+00         2
   2.017410E+01   2.017410E+01   1.104377E+01   3.096724E+00   3.096724E+00   0.000000E+00   4.503286E+00   4.291459E+00   1.191984E+00         2
   2.017427E+01   2.017427E+01   1.104374E+01   3.096910E+00   3.096910E+00   0.000000E+00   4.502211E+00   4.289945E+00   1.194475E+00         2
   2.017444E+01   2.017444E+01   1.104372E+01   3.097340E+00   3.097340E+00   0.000000E+00   4.501139E+00   4.288325E+00   1.197179E+00         2
   2.017461E+01   2.017461E+01   1.104370E+01   3.098036E+00   3.098036E+00   0.000000E+00   4.500068E+00   4.286589E+00   1.200115E+00         2
   2.017477E+01   2.017477E+01   1.104368E+01   3.098732E+00   3.098732E+00   0.000000E+00   4.498998E+00   4.284853E+00   1.203051E+00         2
   2.017494E+01   2.017494E+01   1.104366E+01   3.099428E+00   3.099428E+00   0.000000E+00   4.497928E+00   4.283118E+00   1.205988E+00         2
   2.017511E+01   2.017511E+01   1.104364E+01   3.100014E+00   3.100014E+00   0.000000E+00   4.496884E+00   4.281086E+00   1.209528E+00         2
   2.017528E+01   2.017528E+01   1.104362E+01   3.100548E+00   3.100548E+00   0.000000E+00   4.495852E+00   4.278918E+00   1.213348E+00         2
   2.017545E+01   2.017545E+01   1.104360E+01   3.101082E+00   3.101082E+00   0.000000E+00   4.494820E+00   4.276750E+00   1.217168E+00         2
   2.017561E+01   2.017561E+01   1.104358E+01   3.101440E+00   3.101440E+00   0.000000E+00   4.493817E+00   4.274489E+00   1.221189E+00         2
   2.017578E+01   2.017578E+01   1.104356E+01   3.101442E+00   3.101442E+00   0.000000E+00   4.492873E+00   4.272040E+00   1.225615E+00         2
   2.017595E+01   2.017595E+01   1.104354E+01   3.101444E+00   3.101444E+00   0.000000E+00   4.491929E+00   4.269591E+00   1.230042E+00         2
   2.017612E+01   2.017612E+01   1.104352E+01   3.101445E+00   3.101445E+00   0.000000E+00   4.490999E+00   4.267117E+00   1.234523E+00         2
   2.017629E+01   2.017629E+01   1.104350E+01   3.101445E+00   3.101445E+00   0.000000E+00   4.490117E+00   4.264556E+00   1.239205E+00         2
   2.017646E+01   2.017646E+01   1.104348E+01   3.101445E+00   3.101445E+00   0.000000E+00   4.489236E+00   4.261995E+00   1.243887E+00         2
   2.017662E+01   2.017662E+01   1.104346E+01   3.101447E+00   3.101447E+00   0.000000E+00   4.488373E+00   4.259401E+00   1.248643E+00         2
   2.017679E+01   2.017679E+01   1.104345E+01   3.101457E+00   3.101457E+00   0.000000E+00   4.487593E+00   4.256670E+00   1.253715E+00         2
   2.017696E+01   2.017696E+01   1.104343E+01   3.101467E+00   3.101467E+00   0.000000E+00   4.486812E+00   4.253939E+00   1.258787E+00         2
   2.017713E+01   2.017713E+01   1.104341E+01   3.101774E+00   3.101774E+00   0.000000E+00   4.486076E+00   4.251103E+00   1.264091E+00         2
   2.017730E+01   2.017730E+01   1.104339E+01   3.102792E+00   3.102792E+00   0.000000E+00   4.485446E+00   4.248014E+00   1.269953E+00         2
   2.017746E+01   2.017746E+01   1.104338E+01   3.103811E+00   3.103811E+00   0.000000E+00   4.484816E+00   4.244926E+00   1.275815E+00         2
   2.017763E+01   2.017763E+01   1.104336E+01   3.104633E+00   3.104633E+00   0.000000E+00   4.484275E+00   4.241659E+00   1.282079E+00         2
   2.017780E+01   2.017780E+01   1.104334E+01   3.105354E+00   3.105354E+00   0.000000E+00   4.483779E+00   4.238299E+00   1.288550E+00         2
   2.017797E+01   2.017797E+01   1.104333E+01   3.105986E+00   3.105986E+00   0.000000E+00   4.483300E+00   4.234916E+00   1.295076E+00         2
   2.017814E+01   2.017814E+01   1.104331E+01   3.106239E+00   3.106239E+00   0.000000E+00   4.482886E+00   4.231435E+00   1.301831E+00         2
   2.017831E+01   2.017831E+01   1.104329E+01   3.106491E+00   3.106491E+00   0.000000E+00   4.482473E+00   4.227954E+00   1.308586E+00         2
   2.017847E+01   2.017847E+01   1.104328E+01   3.106751E+00   3.106751E+00   0.000000E+00   4.482123E+00   4.224361E+00   1.315598E+00         2
   2.017864E+01   2.017864E+01   1.104326E+01   3.107012E+00   3.107012E+00   0.000000E+00   4.481790E+00   4.220739E+00   1.322676E+00         2
   2.017881E+01   2.017881E+01   1.104324E+01   3.107280E+00   3.107280E+00   0.000000E+00   4.481506E+00   4.216974E+00   1.330064E+00         2
   2.017898E+01   2.017898E+01   1.104323E+01   3.107556E+00   3.107556E+00   0.000000E+00   4.481277E+00   4.213052E+00   1.337794E+00         2
   2.017915E+01   2.017915E+01   1.104321E+01   3.107980E+00   3.107980E+00   0.000000E+00   4.481073E+00   4.209051E+00   1.345694E+00         2
   2.017931E+01   2.017931E+01   1.104320E+01   3.108731E+00   3.108731E+00   0.000000E+00   4.480923E+00   4.204876E+00   1.353968E+00         2
   2.017948E+01   2.017948E+01   1.104318E+01   3.109676E+00   3.109676E+00   0.000000E+00   4.480782E+00   4.200677E+00   1.362296E+00         2
   2.017965E+01   2.017965E+01   1.104317E+01   3.111168E+00   3.111168E+00   0.000000E+00   4.480669E+00   4.196408E+00   1.370778E+00         2
   2.017982E+01   2.017982E+01   1.104315E+01   3.112373E+00   3.112373E+00   0.000000E+00   4.480566E+00   4.192102E+00   1.379338E+00         2
   2.017999E+01   2.017999E+01   1.104314E+01   3.112725E+00   3.112725E+00   0.000000E+00   4.480491E+00   4.187688E+00   1.388128E+00         2
   2.018016E+01   2.018016E+01   1.104312E+01   3.113073E+00   3.113073E+00   0.000000E+00   4.480426E+00   4.183169E+00   1.397134E+00         2
   2.018032E+01   2.018032E+01   1.104311E+01   3.113416E+00   3.113416E+00   0.000000E+00   4.480382E+00   4.178406E+00   1.406637E+00         2
   2.018049E+01   2.018049E+01   1.104310E+01   3.113766E+00   3.113766E+00   0.000000E+00   4.480344E+00   4.173569E+00   1.416293E+00         2
   2.018066E+01   2.018066E+01   1.104308E+01   3.114123E+00   3.114123E+00   0.000000E+00   4.480312E+00   4.168651E+00   1.426112E+00         2
   2.018083E+01   2.018083E+01   1.104307E+01   3.114893E+00   3.114893E+00   0.000000E+00   4.480281E+00   4.163651E+00   1.436098E+00         2
   2.018100E+01   2.018100E+01   1.104305E+01   3.115828E+00   3.115828E+00   0.000000E+00   4.480249E+00   4.158617E+00   1.446150E+00         2
   2.018117E+01   2.018117E+01   1.104304E+01   3.117464E+00   3.117464E+00   0.000000E+00   4.480207E+00   4.153399E+00   1.456564E+00         2
   2.018133E+01   2.018133E+01   1.104303E+01   3.118824E+00   3.118824E+00   0.000000E+00   4.480156E+00   4.148082E+00   1.467173E+00         2
   2.018150E+01   2.018150E+01   1.104301E+01   3.119564E+00   3.119564E+00   0.000000E+00   4.480090E+00   4.142555E+00   1.478194E+00         2
   2.018167E+01   2.018167E+01   1.104300E+01   3.120104E+00   3.120104E+00   0.000000E+00   4.480008E+00   4.136940E+00   1.489383E+00         2
   2.018184E+01   2.018184E+01   1.104299E+01   3.120546E+00   3.120546E+00   0.000000E+00   4.479915E+00   4.131263E+00   1.500691E+00         2
   2.018201E+01   2.018201E+01   1.104298E+01   3.120886E+00   3.120886E+00   0.000000E+00   4.479797E+00   4.125446E+00   1.512265E+00         2
   2.018217E+01   2.018217E+01   1.104296E+01   3.121414E+00   3.121414E+00   0.000000E+00   4.479644E+00   4.119432E+00   1.524216E+00         2
   2.018234E+01   2.018234E+01   1.104295E+01   3.122242E+00   3.122242E+00   0.000000E+00   4.479464E+00   4.113287E+00   1.536416E+00         2
   2.018251E+01   2.018251E+01   1.104294E+01   3.123776E+00   3.123776E+00   0.000000E+00   4.479257E+00   4.107032E+00   1.548824E+00         2
   2.018268E+01   2.018268E+01   1.104293E+01   3.124766E+00   3.124766E+00   0.000000E+00   4.479013E+00   4.100621E+00   1.561523E+00         2
   2.018285E+01   2.018285E+01   1.104292E+01   3.125663E+00   3.125663E+00   0.000000E+00   4.478729E+00   4.094046E+00   1.574532E+00         2
   2.018302E+01   2.018302E+01   1.104291E+01   3.126564E+00   3.126564E+00   0.000000E+00   4.478399E+00   4.087288E+00   1.587883E+00         2
   2.018318E+01   2.018318E+01   1.104290E+01   3.127295E+00   3.127295E+00   0.000000E+00   4.478029E+00   4.080389E+00   1.601494E+00         2
   2.018335E+01   2.018335E+01   1.104288E+01   3.127564E+00   3.127564E+00   0.000000E+00   4.477601E+00   4.073278E+00   1.615503E+00         2
   2.018352E+01   2.018352E+01   1.104287E+01   3.127941E+00   3.127941E+00   0.000000E+00   4.477124E+00   4.066001E+00   1.629819E+00         2
   2.018369E+01   2.018369E+01   1.104286E+01   3.128973E+00   3.128973E+00   0.000000E+00   4.476589E+00   4.058523E+00   1.644508E+00         2
   2.018386E+01   2.018386E+01   1.104285E+01   3.130541E+00   3.130541E+00   0.000000E+00   4.475992E+00   4.050826E+00   1.659603E+00         2
   2.018402E+01   2.018402E+01   1.104284E+01   3.131289E+00   3.131289E+00   0.000000E+00   4.475339E+00   4.042952E+00   1.675025E+00         2
   2.018419E+01   2.018419E+01   1.104283E+01   3.131289E+00   3.131289E+00   0.000000E+00   4.474602E+00   4.034793E+00   1.690973E+00         2
   2.018436E+01   2.018436E+01   1.104282E+01   3.131289E+00   3.131289E+00   0.000000E+00   4.473798E+00   4.026423E+00   1.707311E+00         2
   2.018453E+01   2.018453E+01   1.104281E+01   3.131289E+00   3.131289E+00   0.000000E+00   4.472907E+00   4.017771E+00   1.724169E+00         2
   2.018470E+01   2.018470E+01   1.104280E+01   3.132058E+00   3.132058E+00   0.000000E+00   4.471923E+00   4.008834E+00   1.741552E+00         2
   2.018487E+01   2.018487E+01   1.104278E+01   3.136340E+00   3.136340E+00   0.000000E+00   4.470852E+00   3.999623E+00   1.759440E+00         2
   2.018503E+01   2.018503E+01   1.104276E+01   3.138510E+00   3.138510E+00   0.000000E+00   4.469673E+00   3.990075E+00   1.777946E+00         2
   2.018520E+01   2.018520E+01   1.104274E+01   3.138510E+00   3.138510E+00   0.000000E+00   4.468384E+00   3.980190E+00   1.797071E+00         2
   2.018537E+01   2.018537E+01   1.104272E+01   3.138510E+00   3.138510E+00   0.000000E+00   4.466980E+00   3.969952E+00   1.816845E+00         2
   2.018554E+01   2.018554E+01   1.104270E+01   3.138510E+00   3.138510E+00   0.000000E+00   4.465445E+00   3.959333E+00   1.837316E+00         2
   2.018571E+01   2.018571E+01   1.104268E+01   3.139484E+00   3.139484E+00   0.000000E+00   4.463773E+00   3.948330E+00   1.858485E+00         2
   2.018588E+01   2.018588E+01   1.104266E+01   3.141200E+00   3.141200E+00   0.000000E+00   4.461958E+00   3.936943E+00   1.880353E+00         2
   2.018604E+01   2.018604E+01   1.104264E+01   3.141437E+00   3.141437E+00   0.000000E+00   4.459944E+00   3.925057E+00   1.903118E+00         2
   2.018621E+01   2.018621E+01   1.104261E+01   3.144254E+00   3.144254E+00   0.000000E+00   4.457751E+00   3.912754E+00   1.926626E+00         2
   2.018638E+01   2.018638E+01   1.104259E+01   3.145634E+00   3.145634E+00   0.000000E+00   4.455334E+00   3.899994E+00   1.950939E+00         2
   2.018655E+01   2.018655E+01   1.104256E+01   3.145634E+00   3.145634E+00   0.000000E+00   4.452662E+00   3.886771E+00   1.976048E+00         2
   2.018672E+01   2.018672E+01   1.104253E+01   3.145994E+00   3.145994E+00   0.000000E+00   4.449709E+00   3.873073E+00   2.001968E+00         2
   2.018688E+01   2.018688E+01   1.104251E+01   3.148058E+00   3.148058E+00   0.000000E+00   4.446417E+00   3.858815E+00   2.028837E+00         2
   2.018705E+01   2.018705E+01   1.104248E+01   3.148326E+00   3.148326E+00   0.000000E+00   4.442695E+00   3.843851E+00   2.056905E+00         2
   2.018722E+01   2.018722E+01   1.104245E+01   3.150561E+00   3.150561E+00   0.000000E+00   4.438528E+00   3.828182E+00   2.086160E+00         2
   2.018739E+01   2.018739E+01   1.104241E+01   3.152307E+00   3.152307E+00   0.000000E+00   4.433770E+00   3.811692E+00   2.116760E+00         2
   2.018756E+01   2.018756E+01   1.104238E+01   3.152315E+00   3.152315E+00   0.000000E+00   4.428296E+00   3.794381E+00   2.148645E+00         2
   2.018773E+01   2.018773E+01   1.104235E+01   3.154123E+00   3.154123E+00   0.000000E+00   4.421962E+00   3.776225E+00   2.181790E+00         2
   2.018789E+01   2.018789E+01   1.104231E+01   3.154757E+00   3.154757E+00   0.000000E+00   4.414511E+00   3.757221E+00   2.216072E+00         2
   2.018806E+01   2.018806E+01   1.104227E+01   3.154848E+00   3.154848E+00   0.000000E+00   4.405739E+00   3.737372E+00   2.251383E+00         2
   2.018823E+01   2.018823E+01   1.104223E+01   3.158336E+00   3.158336E+00   0.000000E+00   4.395342E+00   3.716897E+00   2.287135E+00         2
   2.018840E+01   2.018840E+01   1.104219E+01   3.159115E+00   3.159115E+00   0.000000E+00   4.382800E+00   3.695840E+00   2.322978E+00         2
   2.018857E+01   2.018857E+01   1.104215E+01   3.161293E+00   3.161293E+00   0.000000E+00   4.367583E+00   3.674565E+00   2.357920E+00         2
   2.018873E+01   2.018873E+01   1.104210E+01   3.161310E+00   3.161310E+00   0.000000E+00   4.349128E+00   3.655216E+00   2.387391E+00         2
   2.018890E+01   2.018890E+01   1.104206E+01   3.161311E+00   3.161311E+00   0.000000E+00   4.327758E+00   3.639849E+00   2.407440E+00         2
   2.018907E+01   2.018907E+01   1.104202E+01   3.162407E+00   3.162407E+00   0.000000E+00   4.306444E+00   3.628884E+00   2.418713E+00         2
   2.018924E+01   2.018924E+01   1.104198E+01   3.165554E+00   3.165554E+00   0.000000E+00   4.293185E+00   3.622218E+00   2.425416E+00         2
   2.018941E+01   2.018941E+01   1.104194E+01   3.167313E+00   3.167313E+00   0.000000E+00   4.282275E+00   3.617077E+00   2.430242E+00         2
   2.018958E+01   2.018958E+01   1.104190E+01   3.167834E+00   3.167834E+00   0.000000E+00   4.272324E+00   3.612378E+00   2.434666E+00         2
   2.018974E+01   2.018974E+01   1.104186E+01   3.167986E+00   3.167986E+00   0.000000E+00   4.267009E+00   3.607568E+00   2.441627E+00         2
   2.018991E+01   2.018991E+01   1.104183E+01   3.167986E+00   3.167986E+00   0.000000E+00   4.264952E+00   3.602638E+00   2.450459E+00         2
   2.018991E+01   2.018991E+01   1.104183E+01   3.167986E+00   3.167986E+00   0.000000E+00   4.264952E+00   3.602638E+00   2.450459E+00         3
   2.019011E+01   2.019011E+01   1.104178E+01   3.172106E+00   3.172106E+00   0.000000E+00   4.285061E+00   3.595551E+00   2.474687E+00         3
   2.019031E+01   2.019031E+01   1.104173E+01   3.174426E+00   3.174426E+00   0.000000E+00   4.331212E+00   3.587005E+00   2.514855E+00         3
   2.019051E+01   2.019051E+01   1.104166E+01   3.174426E+00   3.174426E+00   0.000000E+00   4.403220E+00   3.577214E+00   2.570442E+00         3
   2.019071E+01   2.019071E+01   1.104157E+01   3.175143E+00   3.175143E+00   0.000000E+00   4.479761E+00   3.568028E+00   2.627082E+00         3
   2.019091E+01   2.019091E+01   1.104144E+01   3.178321E+00   3.178321E+00   0.000000E+00   4.539289E+00   3.561290E+00   2.670323E+00         3
   2.019111E+01   2.019111E+01   1.104127E+01   3.180966E+00   3.180966E+00   0.000000E+00   4.578417E+00   3.556892E+00   2.698684E+00         3
   2.019131E+01   2.019131E+01   1.104109E+01   3.180966E+00   3.180966E+00   0.000000E+00   4.604070E+00   3.554010E+00   2.716035E+00         3
   2.019151E+01   2.019151E+01   1.104088E+01   3.181762E+00   3.181762E+00   0.000000E+00   4.621666E+00   3.552052E+00   2.724833E+00         3
   2.019171E+01   2.019171E+01   1.104065E+01   3.184667E+00   3.184667E+00   0.000000E+00   4.634102E+00   3.550656E+00   2.731051E+00         3
   2.019191E+01   2.019191E+01   1.104041E+01   3.186589E+00   3.186589E+00   0.000000E+00   4.643554E+00   3.549585E+00   2.735777E+00         3
   2.019211E+01   2.019211E+01   1.104016E+01   3.187570E+00   3.187570E+00   0.000000E+00   4.651187E+00   3.548719E+00   2.739593E+00         3
   2.019230E+01   2.019230E+01   1.103991E+01   3.188681E+00   3.188681E+00   0.000000E+00   4.657730E+00   3.547979E+00   2.742865E+00         3
   2.019250E+01   2.019250E+01   1.103964E+01   3.190935E+00   3.190935E+00   0.000000E+00   4.663018E+00   3.547388E+00   2.745509E+00         3
   2.019270E+01   2.019270E+01   1.103937E+01   3.192960E+00   3.192960E+00   0.000000E+00   4.667885E+00   3.546841E+00   2.747942E+00         3
   2.019290E+01   2.019290E+01   1.103909E+01   3.194719E+00   3.194719E+00   0.000000E+00   4.672262E+00   3.546348E+00   2.750131E+00         3
   2.019310E+01   2.019310E+01   1.103881E+01   3.196427E+00   3.196427E+00   0.000000E+00   4.676461E+00   3.545877E+00   2.752231E+00         3
   2.019330E+01   2.019330E+01   1.103852E+01   3.198040E+00   3.198040E+00   0.000000E+00   4.680332E+00   3.545446E+00   2.754166E+00         3
   2.019350E+01   2.019350E+01   1.103823E+01   3.199659E+00   3.199659E+00   0.000000E+00   4.684188E+00   3.545017E+00   2.756094E+00         3
   2.019370E+01   2.019370E+01   1.103792E+01   3.201546E+00   3.201546E+00   0.000000E+00   4.687335E+00   3.544672E+00   2.757668E+00         3
   2.019390E+01   2.019390E+01   1.103761E+01   3.203433E+00   3.203433E+00   0.000000E+00   4.690482E+00   3.544327E+00   2.759241E+00         3
   2.019410E+01   2.019410E+01   1.103730E+01   3.205397E+00   3.205397E+00   0.000000E+00   4.693592E+00   3.543989E+00   2.760796E+00         3
   2.019430E+01   2.019430E+01   1.103697E+01   3.207571E+00   3.207571E+00   0.000000E+00   4.696601E+00   3.543668E+00   2.762300E+00         3
   2.019450E+01   2.019450E+01   1.103665E+01   3.209744E+00   3.209744E+00   0.000000E+00   4.699610E+00   3.543347E+00   2.763805E+00         3
   2.019470E+01   2.019470E+01   1.103632E+01   3.211886E+00   3.211886E+00   0.000000E+00   4.702601E+00   3.543031E+00   2.765301E+00         3
   2.019490E+01   2.019490E+01   1.103599E+01   3.213972E+00   3.213972E+00   0.000000E+00   4.705563E+00   3.542724E+00   2.766781E+00         3
   2.019510E+01   2.019510E+01   1.103565E+01   3.216058E+00   3.216058E+00   0.000000E+00   4.708525E+00   3.542416E+00   2.768262E+00         3
   2.019530E+01   2.019530E+01   1.103531E+01   3.218132E+00   3.218132E+00   0.000000E+00   4.711442E+00   3.542113E+00   2.769721E+00         3
   2.019549E+01   2.019549E+01   1.103496E+01   3.220183E+00   3.220183E+00   0.000000E+00   4.714280E+00   3.541820E+00   2.771140E+00         3
   2.019569E+01   2.019569E+01   1.103461E+01   3.222235E+00   3.222235E+00   0.000000E+00   4.717118E+00   3.541527E+00   2.772559E+00         3
   2.019589E+01   2.019589E+01   1.103426E+01   3.224290E+00   3.224290E+00   0.000000E+00   4.719950E+00   3.541235E+00   2.773975E+00         3
   2.019609E+01   2.019609E+01   1.103389E+01   3.226387E+00   3.226387E+00   0.000000E+00   4.722720E+00   3.540959E+00   2.775360E+00         3
   2.019629E+01   2.019629E+01   1.103352E+01   3.228485E+00   3.228485E+00   0.000000E+00   4.725489E+00   3.540683E+00   2.776745E+00         3
   2.019649E+01   2.019649E+01   1.103315E+01   3.230582E+00   3.230582E+00   0.000000E+00   4.728259E+00   3.540406E+00   2.778129E+00         3
   2.019669E+01   2.019669E+01   1.103278E+01   3.232568E+00   3.232568E+00   0.000000E+00   4.730934E+00   3.540141E+00   2.779467E+00         3
   2.019689E+01   2.019689E+01   1.103240E+01   3.234441E+00   3.234441E+00   0.000000E+00   4.733512E+00   3.539886E+00   2.780756E+00         3
   2.019709E+01   2.019709E+01   1.103202E+01   3.236314E+00   3.236314E+00   0.000000E+00   4.736090E+00   3.539631E+00   2.782045E+00         3
   2.019729E+01   2.019729E+01   1.103163E+01   3.238187E+00   3.238187E+00   0.000000E+00   4.738668E+00   3.539375E+00   2.783334E+00         3
   2.019749E+01   2.019749E+01   1.103124E+01   3.239953E+00   3.239953E+00   0.000000E+00   4.741087E+00   3.539135E+00   2.784543E+00         3
   2.019769E+01   2.019769E+01   1.103085E+01   3.241622E+00   3.241622E+00   0.000000E+00   4.743362E+00   3.538909E+00   2.785681E+00         3
   2.019789E+01   2.019789E+01   1.103045E+01   3.243292E+00   3.243292E+00   0.000000E+00   4.745638E+00   3.538682E+00   2.786819E+00         3
   2.019809E+01   2.019809E+01   1.103005E+01   3.244961E+00   3.244961E+00   0.000000E+00   4.747914E+00   3.538455E+00   2.787957E+00         3
   2.019829E+01   2.019829E+01   1.102966E+01   3.246630E+00   3.246630E+00   0.000000E+00   4.750190E+00   3.538229E+00   2.789095E+00         3
   2.019849E+01   2.019849E+01   1.102923E+01   3.248496E+00   3.248496E+00   0.000000E+00   4.751655E+00   3.538091E+00   2.789828E+00         3
   2.019869E+01   2.019869E+01   1.102880E+01   3.250372E+00   3.250372E+00   0.000000E+00   4.753073E+00   3.537958E+00   2.790536E+00         3
   2.019888E+01   2.019888E+01   1.102838E+01   3.252249E+00   3.252249E+00   0.000000E+00   4.754490E+00   3.537825E+00   2.791245E+00         3
   2.019908E+01   2.019908E+01   1.102795E+01   3.254126E+00   3.254126E+00   0.000000E+00   4.755907E+00   3.537692E+00   2.791954E+00         3
   2.019928E+01   2.019928E+01   1.102752E+01   3.256003E+00   3.256003E+00   0.000000E+00   4.757325E+00   3.537559E+00   2.792662E+00         3
   2.019948E+01   2.019948E+01   1.102710E+01   3.257880E+00   3.257880E+00   0.000000E+00   4.758742E+00   3.537426E+00   2.793371E+00         3
   2.019968E+01   2.019968E+01   1.102667E+01   3.259757E+00   3.259757E+00   0.000000E+00   4.760160E+00   3.537293E+00   2.794080E+00         3
   2.019988E+01   2.019988E+01   1.102621E+01   3.261380E+00   3.261380E+00   0.000000E+00   4.760818E+00   3.537233E+00   2.794409E+00         3
   2.020008E+01   2.020008E+01   1.102575E+01   3.262956E+00   3.262956E+00   0.000000E+00   4.761331E+00   3.537187E+00   2.794666E+00         3
   2.020028E+01   2.020028E+01   1.102529E+01   3.264532E+00   3.264532E+00   0.000000E+00   4.761845E+00   3.537141E+00   2.794923E+00         3
   2.020048E+01   2.020048E+01   1.102483E+01   3.266107E+00   3.266107E+00   0.000000E+00   4.762358E+00   3.537095E+00   2.795179E+00         3
   2.020068E+01   2.020068E+01   1.102437E+01   3.267683E+00   3.267683E+00   0.000000E+00   4.762872E+00   3.537049E+00   2.795436E+00         3
   2.020088E+01   2.020088E+01   1.102391E+01   3.269258E+00   3.269258E+00   0.000000E+00   4.763386E+00   3.537003E+00   2.795693E+00         3
   2.020108E+01   2.020108E+01   1.102345E+01   3.270834E+00   3.270834E+00   0.000000E+00   4.763899E+00   3.536957E+00   2.795950E+00         3
   2.020128E+01   2.020128E+01   1.102299E+01   3.272410E+00   3.272410E+00   0.000000E+00   4.764413E+00   3.536910E+00   2.796206E+00         3
   2.020148E+01   2.020148E+01   1.102253E+01   3.273985E+00   3.273985E+00   0.000000E+00   4.764926E+00   3.536864E+00   2.796463E+00         3
   2.020168E+01   2.020168E+01   1.102207E+01   3.275561E+00   3.275561E+00   0.000000E+00   4.765440E+00   3.536818E+00   2.796720E+00         3
   2.020188E+01   2.020188E+01   1.102161E+01   3.277136E+00   3.277136E+00   0.000000E+00   4.765953E+00   3.536772E+00   2.796977E+00         3
   2.020207E+01   2.020207E+01   1.102114E+01   3.278712E+00   3.278712E+00   0.000000E+00   4.766467E+00   3.536726E+00   2.797233E+00         3
   2.020227E+01   2.020227E+01   1.102068E+01   3.280288E+00   3.280288E+00   0.000000E+00   4.766980E+00   3.536680E+00   2.797490E+00         3
   2.020247E+01   2.020247E+01   1.102022E+01   3.281863E+00   3.281863E+00   0.000000E+00   4.767494E+00   3.536634E+00   2.797747E+00         3
   2.020267E+01   2.020267E+01   1.101976E+01   3.283439E+00   3.283439E+00   0.000000E+00   4.768007E+00   3.536588E+00   2.798004E+00         3
   2.020287E+01   2.020287E+01   1.101930E+01   3.285014E+00   3.285014E+00   0.000000E+00   4.768521E+00   3.536542E+00   2.798260E+00         3
   2.020307E+01   2.020307E+01   1.101884E+01   3.286590E+00   3.286590E+00   0.000000E+00   4.769034E+00   3.536496E+00   2.798517E+00         3
   2.020327E+01   2.020327E+01   1.101838E+01   3.288166E+00   3.288166E+00   0.000000E+00   4.769548E+00   3.536449E+00   2.798774E+00         3
   2.020347E+01   2.020347E+01   1.101792E+01   3.289703E+00   3.289703E+00   0.000000E+00   4.769967E+00   3.536412E+00   2.798984E+00         3
   2.020367E+01   2.020367E+01   1.101745E+01   3.291181E+00   3.291181E+00   0.000000E+00   4.770238E+00   3.536389E+00   2.799119E+00         3
   2.020387E+01   2.020387E+01   1.101698E+01   3.292659E+00   3.292659E+00   0.000000E+00   4.770509E+00   3.536366E+00   2.799255E+00         3
   2.020407E+01   2.020407E+01   1.101651E+01   3.294137E+00   3.294137E+00   0.000000E+00   4.770780E+00   3.536343E+00   2.799390E+00         3
   2.020427E+01   2.020427E+01   1.101604E+01   3.295615E+00   3.295615E+00   0.000000E+00   4.771051E+00   3.536320E+00   2.799526E+00         3
   2.020447E+01   2.020447E+01   1.101558E+01   3.297093E+00   3.297093E+00   0.000000E+00   4.771322E+00   3.536297E+00   2.799661E+00         3
   2.020467E+01   2.020467E+01   1.101511E+01   3.298571E+00   3.298571E+00   0.000000E+00   4.771593E+00   3.536274E+00   2.799797E+00         3
   2.020487E+01   2.020487E+01   1.101464E+01   3.300049E+00   3.300049E+00   0.000000E+00   4.771864E+00   3.536251E+00   2.799932E+00         3
   2.020507E+01   2.020507E+01   1.101417E+01   3.301527E+00   3.301527E+00   0.000000E+00   4.772135E+00   3.536227E+00   2.800068E+00         3
   2.020526E+01   2.020526E+01   1.101371E+01   3.303005E+00   3.303005E+00   0.000000E+00   4.772406E+00   3.536204E+00   2.800203E+00         3
   2.020546E+01   2.020546E+01   1.101324E+01   3.304483E+00   3.304483E+00   0.000000E+00   4.772677E+00   3.536181E+00   2.800339E+00         3
   2.020566E+01   2.020566E+01   1.101277E+01   3.305961E+00   3.305961E+00   0.000000E+00   4.772948E+00   3.536158E+00   2.800474E+00         3
   2.020586E+01   2.020586E+01   1.101230E+01   3.307439E+00   3.307439E+00   0.000000E+00   4.773219E+00   3.536135E+00   2.800610E+00         3
   2.020606E+01   2.020606E+01   1.101183E+01   3.308917E+00   3.308917E+00   0.000000E+00   4.773490E+00   3.536112E+00   2.800745E+00         3
   2.020626E+01   2.020626E+01   1.101137E+01   3.310395E+00   3.310395E+00   0.000000E+00   4.773761E+00   3.536089E+00   2.800881E+00         3
   2.020646E+01   2.020646E+01   1.101090E+01   3.311873E+00   3.311873E+00   0.000000E+00   4.774032E+00   3.536066E+00   2.801016E+00         3
   2.020666E+01   2.020666E+01   1.101043E+01   3.313351E+00   3.313351E+00   0.000000E+00   4.774303E+00   3.536043E+00   2.801152E+00         3
   2.020686E+01   2.020686E+01   1.100996E+01   3.314829E+00   3.314829E+00   0.000000E+00   4.774574E+00   3.536019E+00   2.801287E+00         3
   2.020706E+01   2.020706E+01   1.100949E+01   3.316307E+00   3.316307E+00   0.000000E+00   4.774845E+00   3.535996E+00   2.801423E+00         3
   2.020726E+01   2.020726E+01   1.100903E+01   3.317785E+00   3.317785E+00   0.000000E+00   4.775116E+00   3.535973E+00   2.801558E+00         3
   2.020746E+01   2.020746E+01   1.100856E+01   3.319263E+00   3.319263E+00   0.000000E+00   4.775387E+00   3.535950E+00   2.801694E+00         3
   2.020766E+01   2.020766E+01   1.100809E+01   3.320741E+00   3.320741E+00   0.000000E+00   4.775658E+00   3.535927E+00   2.801829E+00         3
   2.020786E+01   2.020786E+01   1.100762E+01   3.322219E+00   3.322219E+00   0.000000E+00   4.775929E+00   3.535904E+00   2.801965E+00         3
   2.020806E+01   2.020806E+01   1.100716E+01   3.323697E+00   3.323697E+00   0.000000E+00   4.776200E+00   3.535881E+00   2.802100E+00         3
   2.020826E+01   2.020826E+01   1.100669E+01   3.325175E+00   3.325175E+00   0.000000E+00   4.776471E+00   3.535858E+00   2.802236E+00         3
   2.020846E+01   2.020846E+01   1.100622E+01   3.326653E+00   3.326653E+00   0.000000E+00   4.776742E+00   3.535835E+00   2.802371E+00         3
   2.020865E+01   2.020865E+01   1.100575E+01   3.328131E+00   3.328131E+00   0.000000E+00   4.777013E+00   3.535811E+00   2.802507E+00         3
   2.020885E+01   2.020885E+01   1.100528E+01   3.329609E+00   3.329609E+00   0.000000E+00   4.777284E+00   3.535788E+00   2.802642E+00         3
   2.020905E+01   2.020905E+01   1.100482E+01   3.331087E+00   3.331087E+00   0.000000E+00   4.777556E+00   3.535765E+00   2.802778E+00         3
   2.020925E+01   2.020925E+01   1.100435E+01   3.332565E+00   3.332565E+00   0.000000E+00   4.777827E+00   3.535742E+00   2.802913E+00         3
   2.020945E+01   2.020945E+01   1.100388E+01   3.334043E+00   3.334043E+00   0.000000E+00   4.778098E+00   3.535719E+00   2.803049E+00         3
   2.020965E+01   2.020965E+01   1.100341E+01   3.335521E+00   3.335521E+00   0.000000E+00   4.778369E+00   3.535696E+00   2.803184E+00         3
   2.020985E+01   2.020985E+01   1.100295E+01   3.336999E+00   3.336999E+00   0.000000E+00   4.778640E+00   3.535673E+00   2.803320E+00         3
   2.020985E+01   2.020985E+01   1.100295E+01   3.336999E+00   3.336999E+00   0.000000E+00   4.778640E+00   3.535673E+00   2.803320E+00         4
   2.022279E+01   2.022279E+01   1.097187E+01   3.411506E+00   3.411506E+00   0.000000E+00   4.777420E+00   3.535728E+00   2.802710E+00         4
   2.023573E+01   2.023573E+01   1.094193E+01   3.471512E+00   3.471512E+00   0.000000E+00   4.776313E+00   3.535799E+00   2.802157E+00         4
   2.024867E+01   2.024867E+01   1.091222E+01   3.521333E+00   3.521333E+00   0.000000E+00   4.775434E+00   3.535819E+00   2.801717E+00         4
   2.026161E+01   2.026161E+01   1.088251E+01   3.566809E+00   3.566809E+00   0.000000E+00   4.773485E+00   3.535929E+00   2.800743E+00         4
   2.027455E+01   2.027455E+01   1.085319E+01   3.606422E+00   3.606422E+00   0.000000E+00   4.769889E+00   3.536223E+00   2.798945E+00         4
   2.028749E+01   2.028749E+01   1.082403E+01   3.644474E+00   3.644474E+00   0.000000E+00   4.765671E+00   3.536564E+00   2.796836E+00         4
   2.030043E+01   2.030043E+01   1.079534E+01   3.678732E+00   3.678732E+00   0.000000E+00   4.760911E+00   3.536944E+00   2.794456E+00         4
   2.031337E+01   2.031337E+01   1.076724E+01   3.710505E+00   3.710505E+00   0.000000E+00   4.755905E+00   3.537346E+00   2.791953E+00         4
   2.032631E+01   2.032631E+01   1.073974E+01   3.739990E+00   3.739990E+00   0.000000E+00   4.750740E+00   3.537783E+00   2.789370E+00         4
   2.033925E+01   2.033925E+01   1.071286E+01   3.767951E+00   3.767951E+00   0.000000E+00   4.745462E+00   3.538240E+00   2.786731E+00         4
   2.035219E+01   2.035219E+01   1.068659E+01   3.793981E+00   3.793981E+00   0.000000E+00   4.740097E+00   3.538683E+00   2.784049E+00         4
   2.036513E+01   2.036513E+01   1.066093E+01   3.818440E+00   3.818440E+00   0.000000E+00   4.734667E+00   3.539156E+00   2.781334E+00         4
   2.037807E+01   2.037807E+01   1.063587E+01   3.841532E+00   3.841532E+00   0.000000E+00   4.729187E+00   3.539643E+00   2.778594E+00         4
   2.039100E+01   2.039100E+01   1.061142E+01   3.863404E+00   3.863404E+00   0.000000E+00   4.723679E+00   3.540136E+00   2.775839E+00         4
   2.040394E+01   2.040394E+01   1.058755E+01   3.883775E+00   3.883775E+00   0.000000E+00   4.718166E+00   3.540645E+00   2.773083E+00         4
   2.041688E+01   2.041688E+01   1.056424E+01   3.903290E+00   3.903290E+00   0.000000E+00   4.712670E+00   3.541162E+00   2.770335E+00         4
   2.042982E+01   2.042982E+01   1.054148E+01   3.922544E+00   3.922544E+00   0.000000E+00   4.707197E+00   3.541680E+00   2.767599E+00         4
   2.044276E+01   2.044276E+01   1.051927E+01   3.939957E+00   3.939957E+00   0.000000E+00   4.701770E+00   3.542186E+00   2.764885E+00         4
   2.045570E+01   2.045570E+01   1.049757E+01   3.956319E+00   3.956319E+00   0.000000E+00   4.696412E+00   3.542694E+00   2.762206E+00         4
   2.046864E+01   2.046864E+01   1.047637E+01   3.972496E+00   3.972496E+00   0.000000E+00   4.691148E+00   3.543208E+00   2.759574E+00         4
   2.048158E+01   2.048158E+01   1.045565E+01   3.987779E+00   3.987779E+00   0.000000E+00   4.685994E+00   3.543718E+00   2.756997E+00         4
   2.049452E+01   2.049452E+01   1.043539E+01   4.002454E+00   4.002454E+00   0.000000E+00   4.680965E+00   3.544234E+00   2.754483E+00         4
   2.050746E+01   2.050746E+01   1.041556E+01   4.016954E+00   4.016954E+00   0.000000E+00   4.676085E+00   3.544743E+00   2.752043E+00         4
   2.052040E+01   2.052040E+01   1.039611E+01   4.029688E+00   4.029688E+00   0.000000E+00   4.671375E+00   3.545224E+00   2.749687E+00         4
   2.053334E+01   2.053334E+01   1.037706E+01   4.042578E+00   4.042578E+00   0.000000E+00   4.666802E+00   3.545720E+00   2.747401E+00         4
   2.054628E+01   2.054628E+01   1.035846E+01   4.055014E+00   4.055014E+00   0.000000E+00   4.662451E+00   3.546200E+00   2.745226E+00         4
   2.055922E+01   2.055922E+01   1.034017E+01   4.066823E+00   4.066823E+00   0.000000E+00   4.658286E+00   3.546668E+00   2.743143E+00         4
   2.057216E+01   2.057216E+01   1.032218E+01   4.077930E+00   4.077930E+00   0.000000E+00   4.654284E+00   3.547111E+00   2.741142E+00         4
   2.058510E+01   2.058510E+01   1.030446E+01   4.088602E+00   4.088602E+00   0.000000E+00   4.650439E+00   3.547532E+00   2.739220E+00         4
   2.059804E+01   2.059804E+01   1.028707E+01   4.099493E+00   4.099493E+00   0.000000E+00   4.646826E+00   3.547944E+00   2.737413E+00         4
   2.061098E+01   2.061098E+01   1.026996E+01   4.109310E+00   4.109310E+00   0.000000E+00   4.643418E+00   3.548337E+00   2.735709E+00         4
   2.062392E+01   2.062392E+01   1.025303E+01   4.118722E+00   4.118722E+00   0.000000E+00   4.640140E+00   3.548725E+00   2.734070E+00         4
   2.063686E+01   2.063686E+01   1.023641E+01   4.127963E+00   4.127963E+00   0.000000E+00   4.637104E+00   3.549118E+00   2.732552E+00         4
   2.064980E+01   2.064980E+01   1.021996E+01   4.137018E+00   4.137018E+00   0.000000E+00   4.634228E+00   3.549482E+00   2.731114E+00         4
   2.066274E+01   2.066274E+01   1.020368E+01   4.145904E+00   4.145904E+00   0.000000E+00   4.631497E+00   3.549817E+00   2.729748E+00         4
   2.067568E+01   2.067568E+01   1.018763E+01   4.154150E+00   4.154150E+00   0.000000E+00   4.628983E+00   3.550124E+00   2.728491E+00         4
   2.068862E+01   2.068862E+01   1.017169E+01   4.162077E+00   4.162077E+00   0.000000E+00   4.626577E+00   3.550416E+00   2.727289E+00         4
   2.070155E+01   2.070155E+01   1.015594E+01   4.169712E+00   4.169712E+00   0.000000E+00   4.624372E+00   3.550703E+00   2.726186E+00         4
   2.071449E+01   2.071449E+01   1.014032E+01   4.177141E+00   4.177141E+00   0.000000E+00   4.622309E+00   3.550986E+00   2.725154E+00         4
   2.072743E+01   2.072743E+01   1.012477E+01   4.184430E+00   4.184430E+00   0.000000E+00   4.620326E+00   3.551256E+00   2.724163E+00         4
   2.074037E+01   2.074037E+01   1.010947E+01   4.191247E+00   4.191247E+00   0.000000E+00   4.618615E+00   3.551484E+00   2.723307E+00         4
   2.075331E+01   2.075331E+01   1.009417E+01   4.198064E+00   4.198064E+00   0.000000E+00   4.616903E+00   3.551712E+00   2.722452E+00         4
   2.076625E+01   2.076625E+01   1.007899E+01   4.204550E+00   4.204550E+00   0.000000E+00   4.615378E+00   3.551922E+00   2.721689E+00         4
   2.077919E+01   2.077919E+01   1.006395E+01   4.210695E+00   4.210695E+00   0.000000E+00   4.614045E+00   3.552115E+00   2.721022E+00         4
   2.079213E+01   2.079213E+01   1.004890E+01   4.216840E+00   4.216840E+00   0.000000E+00   4.612712E+00   3.552308E+00   2.720356E+00         4
   2.080507E+01   2.080507E+01   1.003393E+01   4.222853E+00   4.222853E+00   0.000000E+00   4.611479E+00   3.552486E+00   2.719740E+00         4
   2.081801E+01   2.081801E+01   1.001916E+01   4.228501E+00   4.228501E+00   0.000000E+00   4.610528E+00   3.552623E+00   2.719264E+00         4
   2.083095E+01   2.083095E+01   1.000440E+01   4.234148E+00   4.234148E+00   0.000000E+00   4.609576E+00   3.552760E+00   2.718788E+00         4
   2.084389E+01   2.084389E+01   9.989635E+00   4.239796E+00   4.239796E+00   0.000000E+00   4.608625E+00   3.552897E+00   2.718313E+00         4
   2.085683E+01   2.085683E+01   9.975017E+00   4.245111E+00   4.245111E+00   0.000000E+00   4.607825E+00   3.553013E+00   2.717913E+00         4
   2.086977E+01   2.086977E+01   9.960596E+00   4.249978E+00   4.249978E+00   0.000000E+00   4.607229E+00   3.553100E+00   2.717615E+00         4
   2.088271E+01   2.088271E+01   9.946176E+00   4.254846E+00   4.254846E+00   0.000000E+00   4.606633E+00   3.553187E+00   2.717317E+00         4
   2.089565E+01   2.089565E+01   9.931755E+00   4.259714E+00   4.259714E+00   0.000000E+00   4.606037E+00   3.553274E+00   2.717019E+00         4
   2.090859E+01   2.090859E+01   9.917366E+00   4.264540E+00   4.264540E+00   0.000000E+00   4.605465E+00   3.553357E+00   2.716733E+00         4
   2.092153E+01   2.092153E+01   9.903352E+00   4.268864E+00   4.268864E+00   0.000000E+00   4.605188E+00   3.553384E+00   2.716594E+00         4
   2.093447E+01   2.093447E+01   9.889337E+00   4.273187E+00   4.273187E+00   0.000000E+00   4.604911E+00   3.553412E+00   2.716456E+00         4
   2.094741E+01   2.094741E+01   9.875323E+00   4.277511E+00   4.277511E+00   0.000000E+00   4.604634E+00   3.553439E+00   2.716317E+00         4
   2.096035E+01   2.096035E+01   9.861309E+00   4.281835E+00   4.281835E+00   0.000000E+00   4.604357E+00   3.553467E+00   2.716179E+00         4
   2.097329E+01   2.097329E+01   9.847440E+00   4.285902E+00   4.285902E+00   0.000000E+00   4.604227E+00   3.553470E+00   2.716114E+00         4
   2.098623E+01   2.098623E+01   9.833708E+00   4.289726E+00   4.289726E+00   0.000000E+00   4.604237E+00   3.553451E+00   2.716118E+00         4
   2.099916E+01   2.099916E+01   9.819976E+00   4.293550E+00   4.293550E+00   0.000000E+00   4.604246E+00   3.553431E+00   2.716123E+00         4
   2.101210E+01   2.101210E+01   9.806244E+00   4.297374E+00   4.297374E+00   0.000000E+00   4.604256E+00   3.553411E+00   2.716128E+00         4
   2.102504E+01   2.102504E+01   9.792518E+00   4.301120E+00   4.301120E+00   0.000000E+00   4.604297E+00   3.553386E+00   2.716149E+00         4
   2.103798E+01   2.103798E+01   9.778829E+00   4.304295E+00   4.304295E+00   0.000000E+00   4.604572E+00   3.553315E+00   2.716286E+00         4
   2.105092E+01   2.105092E+01   9.765140E+00   4.307469E+00   4.307469E+00   0.000000E+00   4.604847E+00   3.553244E+00   2.716423E+00         4
   2.106386E+01   2.106386E+01   9.751451E+00   4.310643E+00   4.310643E+00   0.000000E+00   4.605122E+00   3.553173E+00   2.716561E+00         4
   2.107680E+01   2.107680E+01   9.737749E+00   4.313814E+00   4.313814E+00   0.000000E+00   4.605430E+00   3.553095E+00   2.716715E+00         4
   2.108974E+01   2.108974E+01   9.723963E+00   4.316966E+00   4.316966E+00   0.000000E+00   4.605945E+00   3.552980E+00   2.716973E+00         4
   2.110268E+01   2.110268E+01   9.710177E+00   4.320118E+00   4.320118E+00   0.000000E+00   4.606460E+00   3.552864E+00   2.717230E+00         4
   2.111562E+01   2.111562E+01   9.696391E+00   4.323269E+00   4.323269E+00   0.000000E+00   4.606974E+00   3.552748E+00   2.717487E+00         4
   2.112856E+01   2.112856E+01   9.682491E+00   4.326228E+00   4.326228E+00   0.000000E+00   4.607631E+00   3.552597E+00   2.717815E+00         4
   2.114150E+01   2.114150E+01   9.668531E+00   4.329087E+00   4.329087E+00   0.000000E+00   4.608360E+00   3.552428E+00   2.718180E+00         4
   2.115444E+01   2.115444E+01   9.654571E+00   4.331945E+00   4.331945E+00   0.000000E+00   4.609090E+00   3.552258E+00   2.718545E+00         4
   2.116738E+01   2.116738E+01   9.640491E+00   4.334546E+00   4.334546E+00   0.000000E+00   4.609938E+00   3.552063E+00   2.718969E+00         4
   2.118032E+01   2.118032E+01   9.626332E+00   4.336976E+00   4.336976E+00   0.000000E+00   4.610867E+00   3.551850E+00   2.719434E+00         4
   2.119326E+01   2.119326E+01   9.612173E+00   4.339405E+00   4.339405E+00   0.000000E+00   4.611795E+00   3.551638E+00   2.719898E+00         4
   2.120620E+01   2.120620E+01   9.597804E+00   4.341983E+00   4.341983E+00   0.000000E+00   4.612893E+00   3.551397E+00   2.720446E+00         4
   2.121914E+01   2.121914E+01   9.583407E+00   4.344579E+00   4.344579E+00   0.000000E+00   4.614012E+00   3.551152E+00   2.721006E+00         4
   2.123208E+01   2.123208E+01   9.568907E+00   4.347114E+00   4.347114E+00   0.000000E+00   4.615215E+00   3.550898E+00   2.721607E+00         4
   2.124502E+01   2.124502E+01   9.554282E+00   4.349573E+00   4.349573E+00   0.000000E+00   4.616519E+00   3.550634E+00   2.722259E+00         4
   2.125796E+01   2.125796E+01   9.539602E+00   4.351985E+00   4.351985E+00   0.000000E+00   4.617866E+00   3.550359E+00   2.722933E+00         4
   2.127090E+01   2.127090E+01   9.524754E+00   4.354252E+00   4.354252E+00   0.000000E+00   4.619346E+00   3.550051E+00   2.723673E+00         4
   2.128384E+01   2.128384E+01   9.509851E+00   4.356447E+00   4.356447E+00   1.774300E-03   4.620868E+00   3.549740E+00   2.724434E+00         4
   2.129677E+01   2.129677E+01   9.494771E+00   4.358405E+00   4.358405E+00   9.293611E-03   4.622527E+00   3.549421E+00   2.725264E+00         4
   2.130971E+01   2.130971E+01   9.479595E+00   4.360653E+00   4.360653E+00   4.119940E-01   4.624259E+00   3.549091E+00   2.726130E+00         4
   2.132265E+01   2.132265E+01   9.464270E+00   4.363350E+00   4.363350E+00   1.427817E+00   4.626104E+00   3.548744E+00   2.727052E+00         4
   2.133559E+01   2.133559E+01   9.448778E+00   4.365389E+00   4.365389E+00   2.240085E+00   4.628085E+00   3.548376E+00   2.728042E+00         4
   2.134853E+01   2.134853E+01   9.433179E+00   4.367258E+00   4.367258E+00   2.857168E+00   4.630155E+00   3.547998E+00   2.729078E+00         4
   2.136147E+01   2.136147E+01   9.417374E+00   4.369743E+00   4.369743E+00   2.868892E+00   4.632406E+00   3.547604E+00   2.730203E+00         4
   2.137441E+01   2.137441E+01   9.401389E+00   4.371292E+00   4.371292E+00   2.876671E+00   4.634828E+00   3.547179E+00   2.731414E+00         4
   2.138735E+01   2.138735E+01   9.385220E+00   4.373276E+00   4.373276E+00   2.882843E+00   4.637422E+00   3.546730E+00   2.732711E+00         4
   2.140029E+01   2.140029E+01   9.368838E+00   4.375969E+00   4.375969E+00   2.888470E+00   4.640228E+00   3.546259E+00   2.734114E+00         4
   2.141323E+01   2.141323E+01   9.352232E+00   4.377927E+00   4.377927E+00   2.893132E+00   4.643310E+00   3.545764E+00   2.735655E+00         4
   2.142617E+01   2.142617E+01   9.335382E+00   4.380534E+00   4.380534E+00   2.897603E+00   4.646764E+00   3.545221E+00   2.737382E+00         4
   2.143911E+01   2.143911E+01   9.318248E+00   4.382732E+00   4.382732E+00   2.900317E+00   4.650735E+00   3.544574E+00   2.739368E+00         4
   2.145205E+01   2.145205E+01   9.300809E+00   4.385212E+00   4.385212E+00   2.902553E+00   4.655424E+00   3.543879E+00   2.741712E+00         4
   2.146499E+01   2.146499E+01   9.282922E+00   4.388030E+00   4.388030E+00   2.904179E+00   4.661396E+00   3.542993E+00   2.744698E+00         4
   2.147793E+01   2.147793E+01   9.264465E+00   4.390536E+00   4.390536E+00   2.904439E+00   4.669611E+00   3.541856E+00   2.748806E+00         4
   2.149087E+01   2.149087E+01   9.245043E+00   4.394153E+00   4.394153E+00   2.905068E+00   4.683686E+00   3.540008E+00   2.755843E+00         4
   2.150381E+01   2.150381E+01   9.223114E+00   4.398993E+00   4.398993E+00   2.905068E+00   4.736230E+00   3.533694E+00   2.782115E+00         4
   2.150381E+01   2.150381E+01   9.223114E+00   4.398993E+00   4.398993E+00   2.905068E+00   4.736230E+00   3.533694E+00   2.782115E+00         5
   2.150386E+01   2.150386E+01   9.223008E+00   4.399076E+00   4.399076E+00   2.905068E+00   4.736979E+00   3.533610E+00   2.782490E+00         5
   2.150391E+01   2.150391E+01   9.222903E+00   4.399158E+00   4.399158E+00   2.905068E+00   4.737728E+00   3.533525E+00   2.782864E+00         5
   2.150396E+01   2.150396E+01   9.222797E+00   4.399241E+00   4.399241E+00   2.905068E+00   4.738478E+00   3.533440E+00   2.783239E+00         5
   2.150402E+01   2.150402E+01   9.222692E+00   4.399323E+00   4.399323E+00   2.905068E+00   4.739227E+00   3.533355E+00   2.783613E+00         5
   2.150407E+01   2.150407E+01   9.222587E+00   4.399405E+00   4.399405E+00   2.905068E+00   4.739976E+00   3.533270E+00   2.783988E+00         5
   2.150412E+01   2.150412E+01   9.222481E+00   4.399478E+00   4.399478E+00   2.905068E+00   4.740740E+00   3.533184E+00   2.784370E+00         5
   2.150417E+01   2.150417E+01   9.222373E+00   4.399478E+00   4.399478E+00   2.905068E+00   4.741608E+00   3.533088E+00   2.784804E+00         5
   2.150423E+01   2.150423E+01   9.222266E+00   4.399478E+00   4.399478E+00   2.905068E+00   4.742477E+00   3.532992E+00   2.785238E+00         5
   2.150428E+01   2.150428E+01   9.222159E+00   4.399478E+00   4.399478E+00   2.905068E+00   4.743345E+00   3.532897E+00   2.785672E+00         5
   2.150433E+01   2.150433E+01   9.222051E+00   4.399478E+00   4.399478E+00   2.905068E+00   4.744213E+00   3.532801E+00   2.786107E+00         5
   2.150438E+01   2.150438E+01   9.221944E+00   4.399478E+00   4.399478E+00   2.905068E+00   4.745081E+00   3.532705E+00   2.786541E+00         5
   2.150443E+01   2.150443E+01   9.221835E+00   4.399478E+00   4.399478E+00   2.905068E+00   4.746070E+00   3.532598E+00   2.787035E+00         5
   2.150449E+01   2.150449E+01   9.221725E+00   4.399478E+00   4.399478E+00   2.905068E+00   4.747069E+00   3.532489E+00   2.787534E+00         5
   2.150454E+01   2.150454E+01   9.221616E+00   4.399478E+00   4.399478E+00   2.905068E+00   4.748067E+00   3.532380E+00   2.788034E+00         5
   2.150459E+01   2.150459E+01   9.221507E+00   4.399478E+00   4.399478E+00   2.905068E+00   4.749066E+00   3.532272E+00   2.788533E+00         5
   2.150464E+01   2.150464E+01   9.221397E+00   4.399506E+00   4.399506E+00   2.905068E+00   4.750089E+00   3.532161E+00   2.789045E+00         5
   2.150469E+01   2.150469E+01   9.221285E+00   4.399638E+00   4.399638E+00   2.905068E+00   4.751203E+00   3.532040E+00   2.789601E+00         5
   2.150475E+01   2.150475E+01   9.221174E+00   4.399771E+00   4.399771E+00   2.905068E+00   4.752317E+00   3.531919E+00   2.790158E+00         5
   2.150480E+01   2.150480E+01   9.221062E+00   4.399903E+00   4.399903E+00   2.905068E+00   4.753430E+00   3.531798E+00   2.790715E+00         5
   2.150485E+01   2.150485E+01   9.220951E+00   4.400036E+00   4.400036E+00   2.905068E+00   4.754544E+00   3.531677E+00   2.791272E+00         5
   2.150490E+01   2.150490E+01   9.220838E+00   4.400065E+00   4.400065E+00   2.905068E+00   4.755745E+00   3.531547E+00   2.791873E+00         5
   2.150496E+01   2.150496E+01   9.220724E+00   4.400071E+00   4.400071E+00   2.905068E+00   4.756965E+00   3.531416E+00   2.792482E+00         5
   2.150501E+01   2.150501E+01   9.220610E+00   4.400078E+00   4.400078E+00   2.905068E+00   4.758184E+00   3.531284E+00   2.793092E+00         5
   2.150506E+01   2.150506E+01   9.220496E+00   4.400085E+00   4.400085E+00   2.905068E+00   4.759404E+00   3.531153E+00   2.793702E+00         5
   2.150511E+01   2.150511E+01   9.220381E+00   4.400087E+00   4.400087E+00   2.905068E+00   4.760680E+00   3.531021E+00   2.794340E+00         5
   2.150516E+01   2.150516E+01   9.220265E+00   4.400087E+00   4.400087E+00   2.905068E+00   4.761983E+00   3.530888E+00   2.794992E+00         5
   2.150522E+01   2.150522E+01   9.220148E+00   4.400087E+00   4.400087E+00   2.905068E+00   4.763286E+00   3.530756E+00   2.795643E+00         5
   2.150527E+01   2.150527E+01   9.220032E+00   4.400087E+00   4.400087E+00   2.905068E+00   4.764589E+00   3.530624E+00   2.796295E+00         5
   2.150532E+01   2.150532E+01   9.219914E+00   4.400122E+00   4.400122E+00   2.905068E+00   4.765919E+00   3.530484E+00   2.796960E+00         5
   2.150537E+01   2.150537E+01   9.219795E+00   4.400175E+00   4.400175E+00   2.905068E+00   4.767264E+00   3.530341E+00   2.797632E+00         5
   2.150542E+01   2.150542E+01   9.219676E+00   4.400228E+00   4.400228E+00   2.905068E+00   4.768609E+00   3.530197E+00   2.798304E+00         5
   2.150548E+01   2.150548E+01   9.219557E+00   4.400280E+00   4.400280E+00   2.905068E+00   4.769953E+00   3.530054E+00   2.798977E+00         5
   2.150553E+01   2.150553E+01   9.219437E+00   4.400364E+00   4.400364E+00   2.905068E+00   4.771311E+00   3.529907E+00   2.799656E+00         5
   2.150558E+01   2.150558E+01   9.219316E+00   4.400460E+00   4.400460E+00   2.905068E+00   4.772674E+00   3.529759E+00   2.800337E+00         5
   2.150563E+01   2.150563E+01   9.219196E+00   4.400556E+00   4.400556E+00   2.905068E+00   4.774038E+00   3.529611E+00   2.801019E+00         5
   2.150569E+01   2.150569E+01   9.219075E+00   4.400652E+00   4.400652E+00   2.905068E+00   4.775401E+00   3.529463E+00   2.801701E+00         5
   2.150574E+01   2.150574E+01   9.218951E+00   4.400717E+00   4.400717E+00   2.905068E+00   4.776779E+00   3.529318E+00   2.802390E+00         5
   2.150579E+01   2.150579E+01   9.218827E+00   4.400774E+00   4.400774E+00   2.905068E+00   4.778161E+00   3.529174E+00   2.803081E+00         5
   2.150584E+01   2.150584E+01   9.218702E+00   4.400831E+00   4.400831E+00   2.905068E+00   4.779544E+00   3.529031E+00   2.803772E+00         5
   2.150589E+01   2.150589E+01   9.218577E+00   4.400887E+00   4.400887E+00   2.905068E+00   4.780926E+00   3.528887E+00   2.804463E+00         5
   2.150595E+01   2.150595E+01   9.218450E+00   4.400954E+00   4.400954E+00   2.905068E+00   4.782294E+00   3.528747E+00   2.805147E+00         5
   2.150600E+01   2.150600E+01   9.218322E+00   4.401023E+00   4.401023E+00   2.905068E+00   4.783660E+00   3.528607E+00   2.805830E+00         5
   2.150605E+01   2.150605E+01   9.218194E+00   4.401092E+00   4.401092E+00   2.905068E+00   4.785026E+00   3.528468E+00   2.806513E+00         5
   2.150610E+01   2.150610E+01   9.218066E+00   4.401160E+00   4.401160E+00   2.905068E+00   4.786392E+00   3.528329E+00   2.807196E+00         5
   2.150616E+01   2.150616E+01   9.217935E+00   4.401247E+00   4.401247E+00   2.905068E+00   4.787738E+00   3.528192E+00   2.807869E+00         5
   2.150621E+01   2.150621E+01   9.217805E+00   4.401336E+00   4.401336E+00   2.905068E+00   4.789082E+00   3.528055E+00   2.808541E+00         5
   2.150626E+01   2.150626E+01   9.217674E+00   4.401425E+00   4.401425E+00   2.905068E+00   4.790426E+00   3.527918E+00   2.809213E+00         5
   2.150631E+01   2.150631E+01   9.217543E+00   4.401514E+00   4.401514E+00   2.905068E+00   4.791770E+00   3.527781E+00   2.809885E+00         5
   2.150636E+01   2.150636E+01   9.217409E+00   4.401596E+00   4.401596E+00   2.905068E+00   4.793086E+00   3.527646E+00   2.810543E+00         5
   2.150642E+01   2.150642E+01   9.217275E+00   4.401677E+00   4.401677E+00   2.905068E+00   4.794398E+00   3.527511E+00   2.811199E+00         5
   2.150647E+01   2.150647E+01   9.217141E+00   4.401758E+00   4.401758E+00   2.905068E+00   4.795710E+00   3.527377E+00   2.811855E+00         5
   2.150652E+01   2.150652E+01   9.217007E+00   4.401840E+00   4.401840E+00   2.905068E+00   4.797023E+00   3.527242E+00   2.812511E+00         5
   2.150657E+01   2.150657E+01   9.216870E+00   4.401885E+00   4.401885E+00   2.905068E+00   4.798302E+00   3.527112E+00   2.813151E+00         5
   2.150662E+01   2.150662E+01   9.216733E+00   4.401920E+00   4.401920E+00   2.905068E+00   4.799573E+00   3.526983E+00   2.813786E+00         5
   2.150668E+01   2.150668E+01   9.216595E+00   4.401955E+00   4.401955E+00   2.905068E+00   4.800843E+00   3.526855E+00   2.814422E+00         5
   2.150673E+01   2.150673E+01   9.216458E+00   4.401991E+00   4.401991E+00   2.905068E+00   4.802114E+00   3.526726E+00   2.815057E+00         5
   2.150678E+01   2.150678E+01   9.216319E+00   4.402030E+00   4.402030E+00   2.905068E+00   4.803352E+00   3.526602E+00   2.815676E+00         5
   2.150683E+01   2.150683E+01   9.216179E+00   4.402073E+00   4.402073E+00   2.905068E+00   4.804565E+00   3.526482E+00   2.816282E+00         5
   2.150689E+01   2.150689E+01   9.216038E+00   4.402116E+00   4.402116E+00   2.905068E+00   4.805777E+00   3.526362E+00   2.816889E+00         5
   2.150694E+01   2.150694E+01   9.215897E+00   4.402159E+00   4.402159E+00   2.905068E+00   4.806990E+00   3.526242E+00   2.817495E+00         5
   2.150699E+01   2.150699E+01   9.215756E+00   4.402202E+00   4.402202E+00   2.905068E+00   4.808188E+00   3.526122E+00   2.818094E+00         5
   2.150704E+01   2.150704E+01   9.215613E+00   4.402242E+00   4.402242E+00   2.905068E+00   4.809319E+00   3.526007E+00   2.818660E+00         5
   2.150709E+01   2.150709E+01   9.215469E+00   4.402282E+00   4.402282E+00   2.905068E+00   4.810451E+00   3.525891E+00   2.819226E+00         5
   2.150715E+01   2.150715E+01   9.215325E+00   4.402322E+00   4.402322E+00   2.905068E+00   4.811583E+00   3.525776E+00   2.819791E+00         5
   2.150720E+01   2.150720E+01   9.215181E+00   4.402362E+00   4.402362E+00   2.905068E+00   4.812714E+00   3.525660E+00   2.820357E+00         5
   2.150725E+01   2.150725E+01   9.215036E+00   4.402456E+00   4.402456E+00   2.905068E+00   4.813787E+00   3.525550E+00   2.820894E+00         5
   2.150730E+01   2.150730E+01   9.214889E+00   4.402592E+00   4.402592E+00   2.905068E+00   4.814815E+00   3.525443E+00   2.821408E+00         5
   2.150735E+01   2.150735E+01   9.214742E+00   4.402729E+00   4.402729E+00   2.905068E+00   4.815843E+00   3.525336E+00   2.821921E+00         5
   2.150741E+01   2.150741E+01   9.214595E+00   4.402865E+00   4.402865E+00   2.905068E+00   4.816871E+00   3.525229E+00   2.822435E+00         5
   2.150746E+01   2.150746E+01   9.214448E+00   4.403002E+00   4.403002E+00   2.905068E+00   4.817899E+00   3.525122E+00   2.822949E+00         5
   2.150751E+01   2.150751E+01   9.214300E+00   4.403066E+00   4.403066E+00   2.905068E+00   4.818847E+00   3.525028E+00   2.823424E+00         5
   2.150756E+01   2.150756E+01   9.214150E+00   4.403084E+00   4.403084E+00   2.905068E+00   4.819745E+00   3.524941E+00   2.823873E+00         5
   2.150762E+01   2.150762E+01   9.214000E+00   4.403102E+00   4.403102E+00   2.905068E+00   4.820643E+00   3.524854E+00   2.824322E+00         5
   2.150767E+01   2.150767E+01   9.213850E+00   4.403120E+00   4.403120E+00   2.905068E+00   4.821542E+00   3.524767E+00   2.824771E+00         5
   2.150772E+01   2.150772E+01   9.213700E+00   4.403139E+00   4.403139E+00   2.905068E+00   4.822440E+00   3.524681E+00   2.825220E+00         5
   2.150777E+01   2.150777E+01   9.213550E+00   4.403161E+00   4.403161E+00   2.905069E+00   4.823304E+00   3.524597E+00   2.825652E+00         5
   2.150782E+01   2.150782E+01   9.213398E+00   4.403200E+00   4.403200E+00   2.905075E+00   4.824019E+00   3.524527E+00   2.826010E+00         5
   2.150788E+01   2.150788E+01   9.213246E+00   4.403240E+00   4.403240E+00   2.905082E+00   4.824734E+00   3.524458E+00   2.826367E+00         5
   2.150793E+01   2.150793E+01   9.213094E+00   4.403279E+00   4.403279E+00   2.905088E+00   4.825449E+00   3.524388E+00   2.826725E+00         5
   2.150798E+01   2.150798E+01   9.212942E+00   4.403319E+00   4.403319E+00   2.905095E+00   4.826165E+00   3.524318E+00   2.827082E+00         5
   2.150803E+01   2.150803E+01   9.212790E+00   4.403358E+00   4.403358E+00   2.905101E+00   4.826880E+00   3.524249E+00   2.827440E+00         5
   2.150808E+01   2.150808E+01   9.212638E+00   4.403400E+00   4.403400E+00   2.905108E+00   4.827588E+00   3.524180E+00   2.827794E+00         5
   2.150814E+01   2.150814E+01   9.212482E+00   4.403511E+00   4.403511E+00   2.905122E+00   4.828112E+00   3.524128E+00   2.828056E+00         5
   2.150819E+01   2.150819E+01   9.212327E+00   4.403623E+00   4.403623E+00   2.905136E+00   4.828636E+00   3.524077E+00   2.828318E+00         5
   2.150824E+01   2.150824E+01   9.212171E+00   4.403734E+00   4.403734E+00   2.905150E+00   4.829161E+00   3.524025E+00   2.828580E+00         5
   2.150829E+01   2.150829E+01   9.212016E+00   4.403845E+00   4.403845E+00   2.905164E+00   4.829685E+00   3.523973E+00   2.828842E+00         5
   2.150835E+01   2.150835E+01   9.211861E+00   4.403957E+00   4.403957E+00   2.905178E+00   4.830209E+00   3.523922E+00   2.829105E+00         5
   2.150840E+01   2.150840E+01   9.211705E+00   4.404068E+00   4.404068E+00   2.905192E+00   4.830733E+00   3.523870E+00   2.829367E+00         5
   2.150845E+01   2.150845E+01   9.211550E+00   4.404176E+00   4.404176E+00   2.905206E+00   4.831249E+00   3.523819E+00   2.829625E+00         5
   2.150850E+01   2.150850E+01   9.211392E+00   4.404232E+00   4.404232E+00   2.905206E+00   4.831610E+00   3.523783E+00   2.829805E+00         5
   2.150855E+01   2.150855E+01   9.211234E+00   4.404287E+00   4.404287E+00   2.905206E+00   4.831971E+00   3.523746E+00   2.829986E+00         5
   2.150861E+01   2.150861E+01   9.211075E+00   4.404343E+00   4.404343E+00   2.905206E+00   4.832332E+00   3.523709E+00   2.830166E+00         5
   2.150866E+01   2.150866E+01   9.210917E+00   4.404399E+00   4.404399E+00   2.905206E+00   4.832694E+00   3.523672E+00   2.830347E+00         5
   2.150871E+01   2.150871E+01   9.210759E+00   4.404454E+00   4.404454E+00   2.905206E+00   4.833055E+00   3.523636E+00   2.830527E+00         5
   2.150876E+01   2.150876E+01   9.210601E+00   4.404510E+00   4.404510E+00   2.905206E+00   4.833416E+00   3.523599E+00   2.830708E+00         5
   2.150881E+01   2.150881E+01   9.210443E+00   4.404565E+00   4.404565E+00   2.905206E+00   4.833777E+00   3.523562E+00   2.830888E+00         5
   2.150887E+01   2.150887E+01   9.210284E+00   4.404627E+00   4.404627E+00   2.905206E+00   4.834093E+00   3.523530E+00   2.831047E+00         5
   2.150892E+01   2.150892E+01   9.210124E+00   4.404701E+00   4.404701E+00   2.905206E+00   4.834325E+00   3.523505E+00   2.831163E+00         5
   2.150897E+01   2.150897E+01   9.209963E+00   4.404776E+00   4.404776E+00   2.905206E+00   4.834557E+00   3.523481E+00   2.831279E+00         5
   2.150902E+01   2.150902E+01   9.209803E+00   4.404850E+00   4.404850E+00   2.905206E+00   4.834790E+00   3.523456E+00   2.831395E+00         5
   2.150908E+01   2.150908E+01   9.209642E+00   4.404924E+00   4.404924E+00   2.905206E+00   4.835022E+00   3.523431E+00   2.831511E+00         5
   2.150913E+01   2.150913E+01   9.209482E+00   4.404998E+00   4.404998E+00   2.905206E+00   4.835254E+00   3.523407E+00   2.831627E+00         5
   2.150918E+01   2.150918E+01   9.209322E+00   4.405072E+00   4.405072E+00   2.905206E+00   4.835486E+00   3.523382E+00   2.831743E+00         5
   2.150923E+01   2.150923E+01   9.209161E+00   4.405146E+00   4.405146E+00   2.905206E+00   4.835718E+00   3.523358E+00   2.831859E+00         5
   2.150928E+01   2.150928E+01   9.209001E+00   4.405214E+00   4.405214E+00   2.905206E+00   4.835941E+00   3.523334E+00   2.831970E+00         5
   2.150934E+01   2.150934E+01   9.208838E+00   4.405230E+00   4.405230E+00   2.905206E+00   4.836078E+00   3.523319E+00   2.832039E+00         5
   2.150939E+01   2.150939E+01   9.208676E+00   4.405246E+00   4.405246E+00   2.905206E+00   4.836215E+00   3.523303E+00   2.832107E+00         5
   2.150944E+01   2.150944E+01   9.208514E+00   4.405262E+00   4.405262E+00   2.905206E+00   4.836352E+00   3.523288E+00   2.832176E+00         5
   2.150949E+01   2.150949E+01   9.208352E+00   4.405278E+00   4.405278E+00   2.905206E+00   4.836489E+00   3.523273E+00   2.832244E+00         5
   2.150954E+01   2.150954E+01   9.208190E+00   4.405294E+00   4.405294E+00   2.905206E+00   4.836625E+00   3.523257E+00   2.832313E+00         5
   2.150960E+01   2.150960E+01   9.208028E+00   4.405310E+00   4.405310E+00   2.905206E+00   4.836762E+00   3.523242E+00   2.832381E+00         5
   2.150965E+01   2.150965E+01   9.207866E+00   4.405326E+00   4.405326E+00   2.905206E+00   4.836899E+00   3.523227E+00   2.832450E+00         5
   2.150970E+01   2.150970E+01   9.207704E+00   4.405342E+00   4.405342E+00   2.905206E+00   4.837036E+00   3.523211E+00   2.832518E+00         5
   2.150975E+01   2.150975E+01   9.207542E+00   4.405395E+00   4.405395E+00   2.905206E+00   4.837134E+00   3.523201E+00   2.832567E+00         5
   2.150981E+01   2.150981E+01   9.207379E+00   4.405494E+00   4.405494E+00   2.905206E+00   4.837185E+00   3.523196E+00   2.832592E+00         5
   2.150986E+01   2.150986E+01   9.207215E+00   4.405593E+00   4.405593E+00   2.905206E+00   4.837235E+00   3.523192E+00   2.832618E+00         5
   2.150991E+01   2.150991E+01   9.207052E+00   4.405692E+00   4.405692E+00   2.905206E+00   4.837286E+00   3.523187E+00   2.832643E+00         5
   2.150996E+01   2.150996E+01   9.206889E+00   4.405790E+00   4.405790E+00   2.905206E+00   4.837336E+00   3.523183E+00   2.832668E+00         5
   2.151001E+01   2.151001E+01   9.206726E+00   4.405889E+00   4.405889E+00   2.905206E+00   4.837387E+00   3.523178E+00   2.832693E+00         5
   2.151007E+01   2.151007E+01   9.206563E+00   4.405988E+00   4.405988E+00   2.905206E+00   4.837437E+00   3.523174E+00   2.832719E+00         5
   2.151012E+01   2.151012E+01   9.206400E+00   4.406086E+00   4.406086E+00   2.905206E+00   4.837488E+00   3.523169E+00   2.832744E+00         5
   2.151017E+01   2.151017E+01   9.206237E+00   4.406185E+00   4.406185E+00   2.905206E+00   4.837538E+00   3.523165E+00   2.832769E+00         5
   2.151022E+01   2.151022E+01   9.206074E+00   4.406250E+00   4.406250E+00   2.905206E+00   4.837560E+00   3.523163E+00   2.832780E+00         5
   2.151028E+01   2.151028E+01   9.205911E+00   4.406264E+00   4.406264E+00   2.905206E+00   4.837537E+00   3.523164E+00   2.832769E+00         5
   2.151033E+01   2.151033E+01   9.205747E+00   4.406277E+00   4.406277E+00   2.905206E+00   4.837515E+00   3.523165E+00   2.832757E+00         5
   2.151038E+01   2.151038E+01   9.205584E+00   4.406290E+00   4.406290E+00   2.905206E+00   4.837492E+00   3.523167E+00   2.832746E+00         5
   2.151043E+01   2.151043E+01   9.205420E+00   4.406303E+00   4.406303E+00   2.905206E+00   4.837469E+00   3.523168E+00   2.832735E+00         5
   2.151048E+01   2.151048E+01   9.205256E+00   4.406317E+00   4.406317E+00   2.905206E+00   4.837447E+00   3.523170E+00   2.832723E+00         5
   2.151054E+01   2.151054E+01   9.205093E+00   4.406330E+00   4.406330E+00   2.905206E+00   4.837424E+00   3.523171E+00   2.832712E+00         5
   2.151059E+01   2.151059E+01   9.204929E+00   4.406343E+00   4.406343E+00   2.905206E+00   4.837401E+00   3.523173E+00   2.832701E+00         5
   2.151064E+01   2.151064E+01   9.204766E+00   4.406357E+00   4.406357E+00   2.905206E+00   4.837378E+00   3.523174E+00   2.832689E+00         5
   2.151069E+01   2.151069E+01   9.204600E+00   4.406370E+00   4.406370E+00   2.905206E+00   4.837355E+00   3.523175E+00   2.832678E+00         5
   2.151074E+01   2.151074E+01   9.204439E+00   4.406441E+00   4.406441E+00   2.905207E+00   4.837272E+00   3.523183E+00   2.832636E+00         5
   2.151080E+01   2.151080E+01   9.204275E+00   4.406513E+00   4.406513E+00   2.905208E+00   4.837187E+00   3.523191E+00   2.832594E+00         5
   2.151085E+01   2.151085E+01   9.204111E+00   4.406586E+00   4.406586E+00   2.905209E+00   4.837103E+00   3.523200E+00   2.832551E+00         5
   2.151090E+01   2.151090E+01   9.203947E+00   4.406658E+00   4.406658E+00   2.905211E+00   4.837018E+00   3.523208E+00   2.832509E+00         5
   2.151095E+01   2.151095E+01   9.203783E+00   4.406730E+00   4.406730E+00   2.905212E+00   4.836934E+00   3.523216E+00   2.832467E+00         5
   2.151101E+01   2.151101E+01   9.203620E+00   4.406803E+00   4.406803E+00   2.905213E+00   4.836849E+00   3.523224E+00   2.832425E+00         5
   2.151106E+01   2.151106E+01   9.203456E+00   4.406875E+00   4.406875E+00   2.905214E+00   4.836764E+00   3.523232E+00   2.832382E+00         5
   2.151111E+01   2.151111E+01   9.203292E+00   4.406947E+00   4.406947E+00   2.905215E+00   4.836680E+00   3.523240E+00   2.832340E+00         5
   2.151116E+01   2.151116E+01   9.203128E+00   4.407019E+00   4.407019E+00   2.905216E+00   4.836595E+00   3.523248E+00   2.832298E+00         5
   2.151121E+01   2.151121E+01   9.202964E+00   4.407076E+00   4.407076E+00   2.905218E+00   4.836494E+00   3.523258E+00   2.832247E+00         5
   2.151127E+01   2.151127E+01   9.202801E+00   4.407096E+00   4.407096E+00   2.905220E+00   4.836353E+00   3.523270E+00   2.832176E+00         5
   2.151132E+01   2.151132E+01   9.202637E+00   4.407116E+00   4.407116E+00   2.905222E+00   4.836212E+00   3.523282E+00   2.832106E+00         5
   2.151137E+01   2.151137E+01   9.202474E+00   4.407137E+00   4.407137E+00   2.905224E+00   4.836071E+00   3.523294E+00   2.832036E+00         5
   2.151142E+01   2.151142E+01   9.202310E+00   4.407157E+00   4.407157E+00   2.905225E+00   4.835931E+00   3.523306E+00   2.831965E+00         5
   2.151147E+01   2.151147E+01   9.202147E+00   4.407177E+00   4.407177E+00   2.905227E+00   4.835790E+00   3.523319E+00   2.831895E+00         5
   2.151153E+01   2.151153E+01   9.201983E+00   4.407198E+00   4.407198E+00   2.905229E+00   4.835649E+00   3.523331E+00   2.831825E+00         5
   2.151158E+01   2.151158E+01   9.201820E+00   4.407218E+00   4.407218E+00   2.905231E+00   4.835509E+00   3.523343E+00   2.831754E+00         5
   2.151163E+01   2.151163E+01   9.201656E+00   4.407239E+00   4.407239E+00   2.905233E+00   4.835368E+00   3.523355E+00   2.831684E+00         5
   2.151168E+01   2.151168E+01   9.201493E+00   4.407259E+00   4.407259E+00   2.905235E+00   4.835227E+00   3.523367E+00   2.831614E+00         5
   2.151174E+01   2.151174E+01   9.201330E+00   4.407292E+00   4.407292E+00   2.905241E+00   4.835075E+00   3.523381E+00   2.831537E+00         5
   2.151179E+01   2.151179E+01   9.201167E+00   4.407345E+00   4.407345E+00   2.905254E+00   4.834906E+00   3.523396E+00   2.831453E+00         5
   2.151184E+01   2.151184E+01   9.201005E+00   4.407397E+00   4.407397E+00   2.905267E+00   4.834737E+00   3.523412E+00   2.831368E+00         5
   2.151189E+01   2.151189E+01   9.200842E+00   4.407449E+00   4.407449E+00   2.905279E+00   4.834568E+00   3.523427E+00   2.831284E+00         5
   2.151194E+01   2.151194E+01   9.200679E+00   4.407502E+00   4.407502E+00   2.905292E+00   4.834399E+00   3.523443E+00   2.831199E+00         5
   2.151200E+01   2.151200E+01   9.200517E+00   4.407554E+00   4.407554E+00   2.905305E+00   4.834230E+00   3.523459E+00   2.831115E+00         5
   2.151205E+01   2.151205E+01   9.200354E+00   4.407606E+00   4.407606E+00   2.905318E+00   4.834060E+00   3.523474E+00   2.831030E+00         5
   2.151210E+01   2.151210E+01   9.200192E+00   4.407659E+00   4.407659E+00   2.905330E+00   4.833891E+00   3.523490E+00   2.830946E+00         5
   2.151215E+01   2.151215E+01   9.200029E+00   4.407711E+00   4.407711E+00   2.905343E+00   4.833722E+00   3.523505E+00   2.830861E+00         5
   2.151220E+01   2.151220E+01   9.199867E+00   4.407763E+00   4.407763E+00   2.905356E+00   4.833553E+00   3.523521E+00   2.830777E+00         5
   2.151226E+01   2.151226E+01   9.199705E+00   4.407813E+00   4.407813E+00   2.905365E+00   4.833386E+00   3.523537E+00   2.830693E+00         5
   2.151231E+01   2.151231E+01   9.199544E+00   4.407858E+00   4.407858E+00   2.905368E+00   4.833222E+00   3.523553E+00   2.830611E+00         5
   2.151236E+01   2.151236E+01   9.199383E+00   4.407902E+00   4.407902E+00   2.905371E+00   4.833058E+00   3.523569E+00   2.830529E+00         5
   2.151241E+01   2.151241E+01   9.199222E+00   4.407947E+00   4.407947E+00   2.905374E+00   4.832894E+00   3.523585E+00   2.830447E+00         5
   2.151247E+01   2.151247E+01   9.199061E+00   4.407991E+00   4.407991E+00   2.905377E+00   4.832730E+00   3.523601E+00   2.830365E+00         5
   2.151252E+01   2.151252E+01   9.198900E+00   4.408036E+00   4.408036E+00   2.905380E+00   4.832566E+00   3.523618E+00   2.830283E+00         5
   2.151257E+01   2.151257E+01   9.198739E+00   4.408081E+00   4.408081E+00   2.905382E+00   4.832402E+00   3.523634E+00   2.830201E+00         5
   2.151262E+01   2.151262E+01   9.198578E+00   4.408125E+00   4.408125E+00   2.905385E+00   4.832238E+00   3.523650E+00   2.830119E+00         5
   2.151267E+01   2.151267E+01   9.198417E+00   4.408170E+00   4.408170E+00   2.905388E+00   4.832074E+00   3.523666E+00   2.830037E+00         5
   2.151273E+01   2.151273E+01   9.198256E+00   4.408215E+00   4.408215E+00   2.905391E+00   4.831910E+00   3.523682E+00   2.829955E+00         5
   2.151278E+01   2.151278E+01   9.198096E+00   4.408256E+00   4.408256E+00   2.905395E+00   4.831751E+00   3.523698E+00   2.829875E+00         5
   2.151283E+01   2.151283E+01   9.197936E+00   4.408284E+00   4.408284E+00   2.905403E+00   4.831612E+00   3.523710E+00   2.829806E+00         5
   2.151288E+01   2.151288E+01   9.197776E+00   4.408311E+00   4.408311E+00   2.905411E+00   4.831473E+00   3.523721E+00   2.829737E+00         5
   2.151293E+01   2.151293E+01   9.197616E+00   4.408339E+00   4.408339E+00   2.905419E+00   4.831334E+00   3.523733E+00   2.829667E+00         5
   2.151299E+01   2.151299E+01   9.197457E+00   4.408367E+00   4.408367E+00   2.905427E+00   4.831196E+00   3.523745E+00   2.829598E+00         5
   2.151304E+01   2.151304E+01   9.197297E+00   4.408394E+00   4.408394E+00   2.905435E+00   4.831057E+00   3.523756E+00   2.829528E+00         5
   2.151309E+01   2.151309E+01   9.197137E+00   4.408422E+00   4.408422E+00   2.905443E+00   4.830918E+00   3.523768E+00   2.829459E+00         5
   2.151314E+01   2.151314E+01   9.196977E+00   4.408449E+00   4.408449E+00   2.905451E+00   4.830779E+00   3.523780E+00   2.829390E+00         5
   2.151320E+01   2.151320E+01   9.196818E+00   4.408477E+00   4.408477E+00   2.905460E+00   4.830640E+00   3.523791E+00   2.829320E+00         5
   2.151325E+01   2.151325E+01   9.196658E+00   4.408504E+00   4.408504E+00   2.905468E+00   4.830502E+00   3.523803E+00   2.829251E+00         5
   2.151330E+01   2.151330E+01   9.196498E+00   4.408532E+00   4.408532E+00   2.905476E+00   4.830363E+00   3.523815E+00   2.829181E+00         5
   2.151335E+01   2.151335E+01   9.196339E+00   4.408540E+00   4.408540E+00   2.905493E+00   4.830277E+00   3.523821E+00   2.829139E+00         5
   2.151340E+01   2.151340E+01   9.196180E+00   4.408547E+00   4.408547E+00   2.905512E+00   4.830197E+00   3.523827E+00   2.829098E+00         5
   2.151346E+01   2.151346E+01   9.196021E+00   4.408553E+00   4.408553E+00   2.905530E+00   4.830116E+00   3.523833E+00   2.829058E+00         5
   2.151351E+01   2.151351E+01   9.195861E+00   4.408560E+00   4.408560E+00   2.905548E+00   4.830036E+00   3.523839E+00   2.829018E+00         5
   2.151356E+01   2.151356E+01   9.195702E+00   4.408567E+00   4.408567E+00   2.905566E+00   4.829955E+00   3.523845E+00   2.828978E+00         5
   2.151361E+01   2.151361E+01   9.195543E+00   4.408573E+00   4.408573E+00   2.905585E+00   4.829875E+00   3.523850E+00   2.828937E+00         5
   2.151367E+01   2.151367E+01   9.195384E+00   4.408580E+00   4.408580E+00   2.905603E+00   4.829794E+00   3.523856E+00   2.828897E+00         5
   2.151372E+01   2.151372E+01   9.195225E+00   4.408586E+00   4.408586E+00   2.905621E+00   4.829714E+00   3.523862E+00   2.828857E+00         5
   2.151377E+01   2.151377E+01   9.195065E+00   4.408593E+00   4.408593E+00   2.905640E+00   4.829633E+00   3.523868E+00   2.828817E+00         5
   2.151382E+01   2.151382E+01   9.194906E+00   4.408600E+00   4.408600E+00   2.905658E+00   4.829553E+00   3.523874E+00   2.828776E+00         5
   2.151387E+01   2.151387E+01   9.194747E+00   4.408623E+00   4.408623E+00   2.905664E+00   4.829526E+00   3.523874E+00   2.828763E+00         5
   2.151393E+01   2.151393E+01   9.194587E+00   4.408655E+00   4.408655E+00   2.905664E+00   4.829526E+00   3.523872E+00   2.828763E+00         5
   2.151398E+01   2.151398E+01   9.194428E+00   4.408687E+00   4.408687E+00   2.905664E+00   4.829527E+00   3.523869E+00   2.828764E+00         5
   2.151403E+01   2.151403E+01   9.194268E+00   4.408719E+00   4.408719E+00   2.905664E+00   4.829528E+00   3.523866E+00   2.828764E+00         5
   2.151408E+01   2.151408E+01   9.194108E+00   4.408751E+00   4.408751E+00   2.905664E+00   4.829528E+00   3.523864E+00   2.828764E+00         5
   2.151413E+01   2.151413E+01   9.193949E+00   4.408783E+00   4.408783E+00   2.905664E+00   4.829529E+00   3.523861E+00   2.828764E+00         5
   2.151419E+01   2.151419E+01   9.193789E+00   4.408815E+00   4.408815E+00   2.905664E+00   4.829529E+00   3.523859E+00   2.828765E+00         5
   2.151424E+01   2.151424E+01   9.193630E+00   4.408847E+00   4.408847E+00   2.905664E+00   4.829530E+00   3.523856E+00   2.828765E+00         5
   2.151429E+01   2.151429E+01   9.193470E+00   4.408879E+00   4.408879E+00   2.905664E+00   4.829531E+00   3.523854E+00   2.828765E+00         5
   2.151434E+01   2.151434E+01   9.193311E+00   4.408912E+00   4.408912E+00   2.905664E+00   4.829531E+00   3.523851E+00   2.828766E+00         5
   2.151440E+01   2.151440E+01   9.193151E+00   4.408929E+00   4.408929E+00   2.905664E+00   4.829581E+00   3.523844E+00   2.828791E+00         5
   2.151445E+01   2.151445E+01   9.192990E+00   4.408934E+00   4.408934E+00   2.905664E+00   4.829678E+00   3.523833E+00   2.828839E+00         5
   2.151450E+01   2.151450E+01   9.192830E+00   4.408938E+00   4.408938E+00   2.905664E+00   4.829774E+00   3.523822E+00   2.828887E+00         5
   2.151455E+01   2.151455E+01   9.192669E+00   4.408943E+00   4.408943E+00   2.905664E+00   4.829871E+00   3.523811E+00   2.828935E+00         5
   2.151460E+01   2.151460E+01   9.192509E+00   4.408947E+00   4.408947E+00   2.905664E+00   4.829967E+00   3.523800E+00   2.828984E+00         5
   2.151466E+01   2.151466E+01   9.192348E+00   4.408952E+00   4.408952E+00   2.905664E+00   4.830064E+00   3.523790E+00   2.829032E+00         5
   2.151471E+01   2.151471E+01   9.192188E+00   4.408956E+00   4.408956E+00   2.905664E+00   4.830160E+00   3.523779E+00   2.829080E+00         5
   2.151476E+01   2.151476E+01   9.192027E+00   4.408961E+00   4.408961E+00   2.905664E+00   4.830257E+00   3.523768E+00   2.829129E+00         5
   2.151481E+01   2.151481E+01   9.191867E+00   4.408965E+00   4.408965E+00   2.905664E+00   4.830354E+00   3.523757E+00   2.829177E+00         5
   2.151486E+01   2.151486E+01   9.191706E+00   4.408970E+00   4.408970E+00   2.905664E+00   4.830450E+00   3.523746E+00   2.829225E+00         5
   2.151492E+01   2.151492E+01   9.191545E+00   4.408971E+00   4.408971E+00   2.905664E+00   4.830615E+00   3.523728E+00   2.829307E+00         5
   2.151497E+01   2.151497E+01   9.191383E+00   4.408971E+00   4.408971E+00   2.905664E+00   4.830814E+00   3.523706E+00   2.829407E+00         5
   2.151502E+01   2.151502E+01   9.191221E+00   4.408971E+00   4.408971E+00   2.905664E+00   4.831013E+00   3.523684E+00   2.829506E+00         5
   2.151507E+01   2.151507E+01   9.191059E+00   4.408971E+00   4.408971E+00   2.905664E+00   4.831212E+00   3.523663E+00   2.829606E+00         5
   2.151513E+01   2.151513E+01   9.190897E+00   4.408971E+00   4.408971E+00   2.905664E+00   4.831411E+00   3.523641E+00   2.829706E+00         5
   2.151518E+01   2.151518E+01   9.190734E+00   4.408971E+00   4.408971E+00   2.905664E+00   4.831610E+00   3.523619E+00   2.829805E+00         5
   2.151523E+01   2.151523E+01   9.190572E+00   4.408971E+00   4.408971E+00   2.905664E+00   4.831809E+00   3.523597E+00   2.829905E+00         5
   2.151528E+01   2.151528E+01   9.190410E+00   4.408971E+00   4.408971E+00   2.905664E+00   4.832008E+00   3.523576E+00   2.830004E+00         5
   2.151533E+01   2.151533E+01   9.190248E+00   4.408971E+00   4.408971E+00   2.905664E+00   4.832208E+00   3.523554E+00   2.830104E+00         5
   2.151539E+01   2.151539E+01   9.190086E+00   4.408971E+00   4.408971E+00   2.905664E+00   4.832435E+00   3.523529E+00   2.830217E+00         5
   2.151544E+01   2.151544E+01   9.189922E+00   4.408971E+00   4.408971E+00   2.905664E+00   4.832744E+00   3.523497E+00   2.830372E+00         5
   2.151549E+01   2.151549E+01   9.189758E+00   4.408971E+00   4.408971E+00   2.905664E+00   4.833053E+00   3.523465E+00   2.830526E+00         5
   2.151554E+01   2.151554E+01   9.189594E+00   4.408971E+00   4.408971E+00   2.905664E+00   4.833362E+00   3.523433E+00   2.830681E+00         5
   2.151559E+01   2.151559E+01   9.189430E+00   4.408971E+00   4.408971E+00   2.905664E+00   4.833671E+00   3.523401E+00   2.830836E+00         5
   2.151565E+01   2.151565E+01   9.189266E+00   4.408971E+00   4.408971E+00   2.905664E+00   4.833980E+00   3.523369E+00   2.830990E+00         5
   2.151570E+01   2.151570E+01   9.189102E+00   4.408971E+00   4.408971E+00   2.905664E+00   4.834289E+00   3.523337E+00   2.831145E+00         5
   2.151575E+01   2.151575E+01   9.188938E+00   4.408971E+00   4.408971E+00   2.905664E+00   4.834598E+00   3.523305E+00   2.831299E+00         5
   2.151580E+01   2.151580E+01   9.188774E+00   4.408971E+00   4.408971E+00   2.905664E+00   4.834907E+00   3.523273E+00   2.831454E+00         5
   2.151586E+01   2.151586E+01   9.188609E+00   4.408971E+00   4.408971E+00   2.905664E+00   4.835254E+00   3.523237E+00   2.831627E+00         5
   2.151591E+01   2.151591E+01   9.188444E+00   4.408971E+00   4.408971E+00   2.905664E+00   4.835664E+00   3.523195E+00   2.831832E+00         5
   2.151596E+01   2.151596E+01   9.188278E+00   4.408971E+00   4.408971E+00   2.905664E+00   4.836073E+00   3.523154E+00   2.832036E+00         5
   2.151601E+01   2.151601E+01   9.188112E+00   4.408971E+00   4.408971E+00   2.905664E+00   4.836482E+00   3.523112E+00   2.832241E+00         5
   2.151606E+01   2.151606E+01   9.187947E+00   4.408971E+00   4.408971E+00   2.905664E+00   4.836891E+00   3.523070E+00   2.832446E+00         5
   2.151612E+01   2.151612E+01   9.187781E+00   4.408971E+00   4.408971E+00   2.905664E+00   4.837301E+00   3.523028E+00   2.832650E+00         5
   2.151617E+01   2.151617E+01   9.187616E+00   4.408971E+00   4.408971E+00   2.905664E+00   4.837710E+00   3.522986E+00   2.832855E+00         5
   2.151622E+01   2.151622E+01   9.187450E+00   4.408971E+00   4.408971E+00   2.905664E+00   4.838119E+00   3.522945E+00   2.833060E+00         5
   2.151627E+01   2.151627E+01   9.187286E+00   4.408971E+00   4.408971E+00   2.905664E+00   4.838524E+00   3.522903E+00   2.833262E+00         5
   2.151632E+01   2.151632E+01   9.187117E+00   4.408971E+00   4.408971E+00   2.905667E+00   4.839028E+00   3.522852E+00   2.833514E+00         5
   2.151638E+01   2.151638E+01   9.186950E+00   4.408971E+00   4.408971E+00   2.905670E+00   4.839527E+00   3.522801E+00   2.833764E+00         5
   2.151643E+01   2.151643E+01   9.186782E+00   4.408971E+00   4.408971E+00   2.905674E+00   4.840027E+00   3.522750E+00   2.834013E+00         5
   2.151648E+01   2.151648E+01   9.186615E+00   4.408971E+00   4.408971E+00   2.905677E+00   4.840526E+00   3.522698E+00   2.834263E+00         5
   2.151653E+01   2.151653E+01   9.186448E+00   4.408971E+00   4.408971E+00   2.905680E+00   4.841025E+00   3.522647E+00   2.834512E+00         5
   2.151659E+01   2.151659E+01   9.186280E+00   4.408971E+00   4.408971E+00   2.905683E+00   4.841524E+00   3.522596E+00   2.834762E+00         5
   2.151664E+01   2.151664E+01   9.186113E+00   4.408971E+00   4.408971E+00   2.905686E+00   4.842023E+00   3.522545E+00   2.835011E+00         5
   2.151669E+01   2.151669E+01   9.185945E+00   4.408971E+00   4.408971E+00   2.905692E+00   4.842532E+00   3.522493E+00   2.835266E+00         5
   2.151674E+01   2.151674E+01   9.185776E+00   4.408971E+00   4.408971E+00   2.905718E+00   4.843109E+00   3.522435E+00   2.835555E+00         5
   2.151679E+01   2.151679E+01   9.185606E+00   4.408971E+00   4.408971E+00   2.905744E+00   4.843687E+00   3.522377E+00   2.835844E+00         5
   2.151685E+01   2.151685E+01   9.185436E+00   4.408971E+00   4.408971E+00   2.905771E+00   4.844265E+00   3.522319E+00   2.836132E+00         5
   2.151690E+01   2.151690E+01   9.185266E+00   4.408971E+00   4.408971E+00   2.905797E+00   4.844842E+00   3.522261E+00   2.836421E+00         5
   2.151695E+01   2.151695E+01   9.185097E+00   4.408971E+00   4.408971E+00   2.905823E+00   4.845420E+00   3.522203E+00   2.836710E+00         5
   2.151700E+01   2.151700E+01   9.184927E+00   4.408971E+00   4.408971E+00   2.905849E+00   4.845998E+00   3.522145E+00   2.836999E+00         5
   2.151706E+01   2.151706E+01   9.184757E+00   4.408971E+00   4.408971E+00   2.905876E+00   4.846575E+00   3.522087E+00   2.837288E+00         5
   2.151711E+01   2.151711E+01   9.184586E+00   4.408971E+00   4.408971E+00   2.905905E+00   4.847194E+00   3.522025E+00   2.837597E+00         5
   2.151716E+01   2.151716E+01   9.184413E+00   4.408971E+00   4.408971E+00   2.905936E+00   4.847832E+00   3.521961E+00   2.837916E+00         5
   2.151721E+01   2.151721E+01   9.184240E+00   4.408971E+00   4.408971E+00   2.905966E+00   4.848470E+00   3.521897E+00   2.838235E+00         5
   2.151726E+01   2.151726E+01   9.184068E+00   4.408971E+00   4.408971E+00   2.905997E+00   4.849107E+00   3.521833E+00   2.838554E+00         5
   2.151732E+01   2.151732E+01   9.183895E+00   4.408971E+00   4.408971E+00   2.906028E+00   4.849745E+00   3.521770E+00   2.838873E+00         5
   2.151737E+01   2.151737E+01   9.183723E+00   4.408971E+00   4.408971E+00   2.906059E+00   4.850383E+00   3.521706E+00   2.839192E+00         5
   2.151742E+01   2.151742E+01   9.183550E+00   4.408971E+00   4.408971E+00   2.906089E+00   4.851021E+00   3.521642E+00   2.839511E+00         5
   2.151747E+01   2.151747E+01   9.183376E+00   4.408971E+00   4.408971E+00   2.906103E+00   4.851684E+00   3.521577E+00   2.839842E+00         5
   2.151752E+01   2.151752E+01   9.183201E+00   4.408971E+00   4.408971E+00   2.906103E+00   4.852366E+00   3.521512E+00   2.840183E+00         5
   2.151758E+01   2.151758E+01   9.183026E+00   4.408971E+00   4.408971E+00   2.906103E+00   4.853049E+00   3.521446E+00   2.840524E+00         5
   2.151763E+01   2.151763E+01   9.182851E+00   4.408971E+00   4.408971E+00   2.906103E+00   4.853731E+00   3.521380E+00   2.840866E+00         5
   2.151768E+01   2.151768E+01   9.182675E+00   4.408971E+00   4.408971E+00   2.906103E+00   4.854414E+00   3.521315E+00   2.841207E+00         5
   2.151773E+01   2.151773E+01   9.182500E+00   4.408971E+00   4.408971E+00   2.906103E+00   4.855096E+00   3.521249E+00   2.841548E+00         5
   2.151779E+01   2.151779E+01   9.182325E+00   4.408971E+00   4.408971E+00   2.906103E+00   4.855778E+00   3.521184E+00   2.841889E+00         5
   2.151784E+01   2.151784E+01   9.182148E+00   4.408971E+00   4.408971E+00   2.906103E+00   4.856484E+00   3.521113E+00   2.842242E+00         5
   2.151789E+01   2.151789E+01   9.181969E+00   4.408971E+00   4.408971E+00   2.906103E+00   4.857201E+00   3.521040E+00   2.842600E+00         5
   2.151794E+01   2.151794E+01   9.181791E+00   4.408971E+00   4.408971E+00   2.906103E+00   4.857917E+00   3.520967E+00   2.842959E+00         5
   2.151799E+01   2.151799E+01   9.181612E+00   4.408971E+00   4.408971E+00   2.906103E+00   4.858634E+00   3.520894E+00   2.843317E+00         5
   2.151805E+01   2.151805E+01   9.181434E+00   4.408971E+00   4.408971E+00   2.906103E+00   4.859350E+00   3.520822E+00   2.843675E+00         5
   2.151810E+01   2.151810E+01   9.181255E+00   4.408971E+00   4.408971E+00   2.906103E+00   4.860067E+00   3.520749E+00   2.844034E+00         5
   2.151815E+01   2.151815E+01   9.181080E+00   4.408971E+00   4.408971E+00   2.906103E+00   4.860772E+00   3.520677E+00   2.844386E+00         5
   2.151820E+01   2.151820E+01   9.180894E+00   4.408971E+00   4.408971E+00   2.906134E+00   4.861517E+00   3.520604E+00   2.844758E+00         5
   2.151825E+01   2.151825E+01   9.180712E+00   4.408971E+00   4.408971E+00   2.906164E+00   4.862250E+00   3.520532E+00   2.845125E+00         5
   2.151831E+01   2.151831E+01   9.180530E+00   4.408971E+00   4.408971E+00   2.906195E+00   4.862983E+00   3.520460E+00   2.845492E+00         5
   2.151836E+01   2.151836E+01   9.180347E+00   4.408971E+00   4.408971E+00   2.906225E+00   4.863716E+00   3.520388E+00   2.845858E+00         5
   2.151841E+01   2.151841E+01   9.180165E+00   4.408971E+00   4.408971E+00   2.906256E+00   4.864450E+00   3.520316E+00   2.846225E+00         5
   2.151846E+01   2.151846E+01   9.179983E+00   4.408971E+00   4.408971E+00   2.906286E+00   4.865183E+00   3.520244E+00   2.846591E+00         5
   2.151852E+01   2.151852E+01   9.179799E+00   4.408971E+00   4.408971E+00   2.906317E+00   4.865921E+00   3.520173E+00   2.846960E+00         5
   2.151857E+01   2.151857E+01   9.179613E+00   4.408971E+00   4.408971E+00   2.906349E+00   4.866664E+00   3.520104E+00   2.847332E+00         5
   2.151862E+01   2.151862E+01   9.179428E+00   4.408971E+00   4.408971E+00   2.906380E+00   4.867407E+00   3.520034E+00   2.847703E+00         5
   2.151867E+01   2.151867E+01   9.179242E+00   4.408971E+00   4.408971E+00   2.906412E+00   4.868150E+00   3.519965E+00   2.848075E+00         5
   2.151872E+01   2.151872E+01   9.179057E+00   4.408971E+00   4.408971E+00   2.906443E+00   4.868893E+00   3.519896E+00   2.848446E+00         5
   2.151878E+01   2.151878E+01   9.178871E+00   4.408971E+00   4.408971E+00   2.906475E+00   4.869636E+00   3.519826E+00   2.848818E+00         5
   2.151883E+01   2.151883E+01   9.178687E+00   4.408971E+00   4.408971E+00   2.906506E+00   4.870373E+00   3.519757E+00   2.849187E+00         5
   2.151888E+01   2.151888E+01   9.178497E+00   4.408971E+00   4.408971E+00   2.906519E+00   4.871127E+00   3.519689E+00   2.849564E+00         5
   2.151893E+01   2.151893E+01   9.178309E+00   4.408971E+00   4.408971E+00   2.906532E+00   4.871875E+00   3.519621E+00   2.849938E+00         5
   2.151898E+01   2.151898E+01   9.178120E+00   4.408971E+00   4.408971E+00   2.906546E+00   4.872624E+00   3.519553E+00   2.850312E+00         5
   2.151904E+01   2.151904E+01   9.177931E+00   4.408971E+00   4.408971E+00   2.906559E+00   4.873372E+00   3.519485E+00   2.850686E+00         5
   2.151909E+01   2.151909E+01   9.177743E+00   4.408971E+00   4.408971E+00   2.906572E+00   4.874121E+00   3.519417E+00   2.851060E+00         5
   2.151914E+01   2.151914E+01   9.177554E+00   4.408971E+00   4.408971E+00   2.906585E+00   4.874869E+00   3.519349E+00   2.851435E+00         5
   2.151919E+01   2.151919E+01   9.177363E+00   4.408971E+00   4.408971E+00   2.906598E+00   4.875618E+00   3.519278E+00   2.851809E+00         5
   2.151925E+01   2.151925E+01   9.177169E+00   4.408971E+00   4.408971E+00   2.906612E+00   4.876367E+00   3.519205E+00   2.852183E+00         5
   2.151930E+01   2.151930E+01   9.176976E+00   4.408971E+00   4.408971E+00   2.906625E+00   4.877116E+00   3.519133E+00   2.852558E+00         5
   2.151935E+01   2.151935E+01   9.176782E+00   4.408971E+00   4.408971E+00   2.906639E+00   4.877865E+00   3.519060E+00   2.852933E+00         5
   2.151940E+01   2.151940E+01   9.176589E+00   4.408971E+00   4.408971E+00   2.906653E+00   4.878614E+00   3.518987E+00   2.853307E+00         5
   2.151945E+01   2.151945E+01   9.176396E+00   4.408971E+00   4.408971E+00   2.906666E+00   4.879363E+00   3.518914E+00   2.853682E+00         5
   2.151951E+01   2.151951E+01   9.176201E+00   4.408971E+00   4.408971E+00   2.906677E+00   4.880110E+00   3.518842E+00   2.854055E+00         5
   2.151956E+01   2.151956E+01   9.176004E+00   4.408971E+00   4.408971E+00   2.906680E+00   4.880850E+00   3.518770E+00   2.854425E+00         5
   2.151961E+01   2.151961E+01   9.175807E+00   4.408971E+00   4.408971E+00   2.906684E+00   4.881591E+00   3.518698E+00   2.854795E+00         5
   2.151966E+01   2.151966E+01   9.175609E+00   4.408971E+00   4.408971E+00   2.906688E+00   4.882331E+00   3.518625E+00   2.855166E+00         5
   2.151971E+01   2.151971E+01   9.175412E+00   4.408971E+00   4.408971E+00   2.906691E+00   4.883072E+00   3.518553E+00   2.855536E+00         5
   2.151977E+01   2.151977E+01   9.175215E+00   4.408971E+00   4.408971E+00   2.906695E+00   4.883812E+00   3.518481E+00   2.855906E+00         5
   2.151982E+01   2.151982E+01   9.175020E+00   4.408971E+00   4.408971E+00   2.906698E+00   4.884544E+00   3.518410E+00   2.856272E+00         5
   2.151987E+01   2.151987E+01   9.174817E+00   4.408971E+00   4.408971E+00   2.906708E+00   4.885282E+00   3.518338E+00   2.856641E+00         5
   2.151992E+01   2.151992E+01   9.174616E+00   4.408971E+00   4.408971E+00   2.906717E+00   4.886012E+00   3.518268E+00   2.857006E+00         5
   2.151998E+01   2.151998E+01   9.174415E+00   4.408971E+00   4.408971E+00   2.906726E+00   4.886742E+00   3.518197E+00   2.857371E+00         5
   2.152003E+01   2.152003E+01   9.174214E+00   4.408971E+00   4.408971E+00   2.906735E+00   4.887472E+00   3.518126E+00   2.857736E+00         5
   2.152008E+01   2.152008E+01   9.174013E+00   4.408971E+00   4.408971E+00   2.906745E+00   4.888202E+00   3.518056E+00   2.858101E+00         5
   2.152013E+01   2.152013E+01   9.173812E+00   4.408971E+00   4.408971E+00   2.906754E+00   4.888932E+00   3.517985E+00   2.858466E+00         5
   2.152018E+01   2.152018E+01   9.173609E+00   4.408971E+00   4.408971E+00   2.906771E+00   4.889652E+00   3.517916E+00   2.858826E+00         5
   2.152024E+01   2.152024E+01   9.173404E+00   4.408971E+00   4.408971E+00   2.906791E+00   4.890369E+00   3.517848E+00   2.859185E+00         5
   2.152029E+01   2.152029E+01   9.173200E+00   4.408971E+00   4.408971E+00   2.906810E+00   4.891086E+00   3.517780E+00   2.859543E+00         5
   2.152034E+01   2.152034E+01   9.172996E+00   4.408971E+00   4.408971E+00   2.906830E+00   4.891803E+00   3.517711E+00   2.859902E+00         5
   2.152039E+01   2.152039E+01   9.172791E+00   4.408971E+00   4.408971E+00   2.906850E+00   4.892520E+00   3.517643E+00   2.860260E+00         5
   2.152045E+01   2.152045E+01   9.172587E+00   4.408971E+00   4.408971E+00   2.906869E+00   4.893237E+00   3.517575E+00   2.860619E+00         5
   2.152050E+01   2.152050E+01   9.172380E+00   4.408971E+00   4.408971E+00   2.906879E+00   4.893947E+00   3.517508E+00   2.860974E+00         5
   2.152055E+01   2.152055E+01   9.172171E+00   4.408971E+00   4.408971E+00   2.906879E+00   4.894650E+00   3.517444E+00   2.861325E+00         5
   2.152060E+01   2.152060E+01   9.171961E+00   4.408971E+00   4.408971E+00   2.906879E+00   4.895353E+00   3.517379E+00   2.861677E+00         5
   2.152065E+01   2.152065E+01   9.171752E+00   4.408971E+00   4.408971E+00   2.906879E+00   4.896056E+00   3.517314E+00   2.862028E+00         5
   2.152071E+01   2.152071E+01   9.171543E+00   4.408971E+00   4.408971E+00   2.906879E+00   4.896759E+00   3.517250E+00   2.862379E+00         5
   2.152076E+01   2.152076E+01   9.171334E+00   4.408971E+00   4.408971E+00   2.906879E+00   4.897462E+00   3.517185E+00   2.862731E+00         5
   2.152081E+01   2.152081E+01   9.171123E+00   4.408971E+00   4.408971E+00   2.906890E+00   4.898161E+00   3.517121E+00   2.863080E+00         5
   2.152086E+01   2.152086E+01   9.170910E+00   4.408971E+00   4.408971E+00   2.906925E+00   4.898851E+00   3.517058E+00   2.863425E+00         5
   2.152091E+01   2.152091E+01   9.170697E+00   4.408971E+00   4.408971E+00   2.906960E+00   4.899541E+00   3.516995E+00   2.863771E+00         5
   2.152097E+01   2.152097E+01   9.170484E+00   4.408971E+00   4.408971E+00   2.906994E+00   4.900232E+00   3.516932E+00   2.864116E+00         5
   2.152102E+01   2.152102E+01   9.170271E+00   4.408971E+00   4.408971E+00   2.907029E+00   4.900922E+00   3.516869E+00   2.864461E+00         5
   2.152107E+01   2.152107E+01   9.170057E+00   4.408971E+00   4.408971E+00   2.907064E+00   4.901612E+00   3.516806E+00   2.864806E+00         5
   2.152112E+01   2.152112E+01   9.169844E+00   4.408971E+00   4.408971E+00   2.907096E+00   4.902300E+00   3.516742E+00   2.865150E+00         5
   2.152118E+01   2.152118E+01   9.169627E+00   4.408971E+00   4.408971E+00   2.907118E+00   4.902978E+00   3.516678E+00   2.865489E+00         5
   2.152123E+01   2.152123E+01   9.169410E+00   4.408971E+00   4.408971E+00   2.907141E+00   4.903656E+00   3.516614E+00   2.865828E+00         5
   2.152128E+01   2.152128E+01   9.169193E+00   4.408971E+00   4.408971E+00   2.907163E+00   4.904335E+00   3.516550E+00   2.866167E+00         5
   2.152133E+01   2.152133E+01   9.168976E+00   4.408971E+00   4.408971E+00   2.907185E+00   4.905013E+00   3.516486E+00   2.866506E+00         5
   2.152138E+01   2.152138E+01   9.168760E+00   4.408971E+00   4.408971E+00   2.907208E+00   4.905691E+00   3.516421E+00   2.866845E+00         5
   2.152144E+01   2.152144E+01   9.168543E+00   4.408971E+00   4.408971E+00   2.907229E+00   4.906368E+00   3.516357E+00   2.867184E+00         5
   2.152149E+01   2.152149E+01   9.168322E+00   4.408971E+00   4.408971E+00   2.907238E+00   4.907034E+00   3.516292E+00   2.867517E+00         5
   2.152154E+01   2.152154E+01   9.168102E+00   4.408971E+00   4.408971E+00   2.907248E+00   4.907700E+00   3.516227E+00   2.867850E+00         5
   2.152159E+01   2.152159E+01   9.167881E+00   4.408971E+00   4.408971E+00   2.907258E+00   4.908366E+00   3.516162E+00   2.868183E+00         5
   2.152164E+01   2.152164E+01   9.167661E+00   4.408971E+00   4.408971E+00   2.907268E+00   4.909032E+00   3.516097E+00   2.868516E+00         5
   2.152170E+01   2.152170E+01   9.167441E+00   4.408971E+00   4.408971E+00   2.907278E+00   4.909699E+00   3.516032E+00   2.868849E+00         5
   2.152175E+01   2.152175E+01   9.167220E+00   4.408971E+00   4.408971E+00   2.907292E+00   4.910364E+00   3.515967E+00   2.869182E+00         5
   2.152180E+01   2.152180E+01   9.166996E+00   4.408971E+00   4.408971E+00   2.907338E+00   4.911020E+00   3.515907E+00   2.869510E+00         5
   2.152185E+01   2.152185E+01   9.166771E+00   4.408971E+00   4.408971E+00   2.907384E+00   4.911676E+00   3.515846E+00   2.869838E+00         5
   2.152191E+01   2.152191E+01   9.166547E+00   4.408971E+00   4.408971E+00   2.907430E+00   4.912332E+00   3.515786E+00   2.870166E+00         5
   2.152196E+01   2.152196E+01   9.166323E+00   4.408971E+00   4.408971E+00   2.907476E+00   4.912987E+00   3.515726E+00   2.870494E+00         5
   2.152201E+01   2.152201E+01   9.166098E+00   4.408971E+00   4.408971E+00   2.907522E+00   4.913643E+00   3.515665E+00   2.870822E+00         5
   2.152206E+01   2.152206E+01   9.165873E+00   4.408971E+00   4.408971E+00   2.907566E+00   4.914297E+00   3.515605E+00   2.871148E+00         5
   2.152211E+01   2.152211E+01   9.165644E+00   4.408971E+00   4.408971E+00   2.907600E+00   4.914938E+00   3.515544E+00   2.871469E+00         5
   2.152217E+01   2.152217E+01   9.165415E+00   4.408971E+00   4.408971E+00   2.907635E+00   4.915579E+00   3.515483E+00   2.871790E+00         5
   2.152222E+01   2.152222E+01   9.165187E+00   4.408971E+00   4.408971E+00   2.907669E+00   4.916220E+00   3.515421E+00   2.872110E+00         5
   2.152227E+01   2.152227E+01   9.164958E+00   4.408971E+00   4.408971E+00   2.907703E+00   4.916862E+00   3.515360E+00   2.872431E+00         5
   2.152232E+01   2.152232E+01   9.164729E+00   4.408971E+00   4.408971E+00   2.907738E+00   4.917503E+00   3.515299E+00   2.872751E+00         5
   2.152237E+01   2.152237E+01   9.164499E+00   4.408971E+00   4.408971E+00   2.907766E+00   4.918140E+00   3.515239E+00   2.873070E+00         5
   2.152243E+01   2.152243E+01   9.164267E+00   4.408971E+00   4.408971E+00   2.907786E+00   4.918771E+00   3.515180E+00   2.873386E+00         5
   2.152248E+01   2.152248E+01   9.164035E+00   4.408971E+00   4.408971E+00   2.907805E+00   4.919402E+00   3.515121E+00   2.873701E+00         5
   2.152253E+01   2.152253E+01   9.163802E+00   4.408971E+00   4.408971E+00   2.907824E+00   4.920033E+00   3.515062E+00   2.874017E+00         5
   2.152258E+01   2.152258E+01   9.163570E+00   4.408971E+00   4.408971E+00   2.907843E+00   4.920664E+00   3.515002E+00   2.874332E+00         5
   2.152264E+01   2.152264E+01   9.163338E+00   4.408971E+00   4.408971E+00   2.907862E+00   4.921295E+00   3.514943E+00   2.874648E+00         5
   2.152269E+01   2.152269E+01   9.163104E+00   4.408978E+00   4.408978E+00   2.907885E+00   4.921919E+00   3.514885E+00   2.874960E+00         5
   2.152274E+01   2.152274E+01   9.162868E+00   4.408989E+00   4.408989E+00   2.907910E+00   4.922540E+00   3.514827E+00   2.875270E+00         5
   2.152279E+01   2.152279E+01   9.162633E+00   4.409000E+00   4.409000E+00   2.907935E+00   4.923161E+00   3.514769E+00   2.875580E+00         5
   2.152284E+01   2.152284E+01   9.162397E+00   4.409010E+00   4.409010E+00   2.907959E+00   4.923782E+00   3.514711E+00   2.875891E+00         5
   2.152290E+01   2.152290E+01   9.162162E+00   4.409021E+00   4.409021E+00   2.907984E+00   4.924402E+00   3.514653E+00   2.876201E+00         5
   2.152295E+01   2.152295E+01   9.161926E+00   4.409034E+00   4.409034E+00   2.908011E+00   4.925022E+00   3.514595E+00   2.876511E+00         5
   2.152300E+01   2.152300E+01   9.161687E+00   4.409072E+00   4.409072E+00   2.908053E+00   4.925631E+00   3.514538E+00   2.876816E+00         5
   2.152305E+01   2.152305E+01   9.161448E+00   4.409109E+00   4.409109E+00   2.908095E+00   4.926240E+00   3.514481E+00   2.877120E+00         5
   2.152310E+01   2.152310E+01   9.161210E+00   4.409147E+00   4.409147E+00   2.908137E+00   4.926849E+00   3.514424E+00   2.877425E+00         5
   2.152316E+01   2.152316E+01   9.160971E+00   4.409185E+00   4.409185E+00   2.908179E+00   4.927458E+00   3.514367E+00   2.877729E+00         5
   2.152321E+01   2.152321E+01   9.160732E+00   4.409223E+00   4.409223E+00   2.908221E+00   4.928067E+00   3.514310E+00   2.878034E+00         5
   2.152326E+01   2.152326E+01   9.160491E+00   4.409237E+00   4.409237E+00   2.908268E+00   4.928665E+00   3.514255E+00   2.878333E+00         5
   2.152331E+01   2.152331E+01   9.160248E+00   4.409237E+00   4.409237E+00   2.908318E+00   4.929256E+00   3.514201E+00   2.878628E+00         5
   2.152337E+01   2.152337E+01   9.160005E+00   4.409237E+00   4.409237E+00   2.908368E+00   4.929847E+00   3.514147E+00   2.878924E+00         5
   2.152342E+01   2.152342E+01   9.159762E+00   4.409237E+00   4.409237E+00   2.908418E+00   4.930438E+00   3.514094E+00   2.879219E+00         5
   2.152347E+01   2.152347E+01   9.159519E+00   4.409237E+00   4.409237E+00   2.908468E+00   4.931030E+00   3.514040E+00   2.879515E+00         5
   2.152352E+01   2.152352E+01   9.159275E+00   4.409237E+00   4.409237E+00   2.908517E+00   4.931616E+00   3.513986E+00   2.879808E+00         5
   2.152357E+01   2.152357E+01   9.159029E+00   4.409237E+00   4.409237E+00   2.908563E+00   4.932192E+00   3.513930E+00   2.880096E+00         5
   2.152363E+01   2.152363E+01   9.158783E+00   4.409237E+00   4.409237E+00   2.908608E+00   4.932769E+00   3.513875E+00   2.880384E+00         5
   2.152368E+01   2.152368E+01   9.158536E+00   4.409237E+00   4.409237E+00   2.908654E+00   4.933345E+00   3.513819E+00   2.880672E+00         5
   2.152373E+01   2.152373E+01   9.158290E+00   4.409237E+00   4.409237E+00   2.908699E+00   4.933921E+00   3.513764E+00   2.880961E+00         5
   2.152378E+01   2.152378E+01   9.158044E+00   4.409236E+00   4.409236E+00   2.908744E+00   4.934496E+00   3.513709E+00   2.881248E+00         5
   2.152384E+01   2.152384E+01   9.157795E+00   4.409231E+00   4.409231E+00   2.908787E+00   4.935065E+00   3.513654E+00   2.881533E+00         5
   2.152389E+01   2.152389E+01   9.157545E+00   4.409225E+00   4.409225E+00   2.908830E+00   4.935635E+00   3.513599E+00   2.881817E+00         5
   2.152394E+01   2.152394E+01   9.157296E+00   4.409219E+00   4.409219E+00   2.908873E+00   4.936204E+00   3.513544E+00   2.882102E+00         5
   2.152399E+01   2.152399E+01   9.157047E+00   4.409214E+00   4.409214E+00   2.908916E+00   4.936773E+00   3.513490E+00   2.882386E+00         5
   2.152404E+01   2.152404E+01   9.156798E+00   4.409208E+00   4.409208E+00   2.908960E+00   4.937341E+00   3.513435E+00   2.882671E+00         5
   2.152410E+01   2.152410E+01   9.156546E+00   4.409202E+00   4.409202E+00   2.909018E+00   4.937905E+00   3.513383E+00   2.882952E+00         5
   2.152415E+01   2.152415E+01   9.156294E+00   4.409197E+00   4.409197E+00   2.909076E+00   4.938469E+00   3.513331E+00   2.883234E+00         5
   2.152420E+01   2.152420E+01   9.156042E+00   4.409191E+00   4.409191E+00   2.909133E+00   4.939032E+00   3.513279E+00   2.883516E+00         5
   2.152425E+01   2.152425E+01   9.155790E+00   4.409185E+00   4.409185E+00   2.909191E+00   4.939596E+00   3.513227E+00   2.883798E+00         5
   2.152430E+01   2.152430E+01   9.155538E+00   4.409181E+00   4.409181E+00   2.909258E+00   4.940159E+00   3.513176E+00   2.884079E+00         5
   2.152436E+01   2.152436E+01   9.155283E+00   4.409181E+00   4.409181E+00   2.909347E+00   4.940718E+00   3.513126E+00   2.884359E+00         5
   2.152441E+01   2.152441E+01   9.155028E+00   4.409181E+00   4.409181E+00   2.909437E+00   4.941277E+00   3.513077E+00   2.884639E+00         5
   2.152446E+01   2.152446E+01   9.154774E+00   4.409181E+00   4.409181E+00   2.909526E+00   4.941836E+00   3.513028E+00   2.884918E+00         5
   2.152451E+01   2.152451E+01   9.154519E+00   4.409181E+00   4.409181E+00   2.909616E+00   4.942395E+00   3.512978E+00   2.885198E+00         5
   2.152457E+01   2.152457E+01   9.154263E+00   4.409181E+00   4.409181E+00   2.909669E+00   4.942951E+00   3.512926E+00   2.885476E+00         5
   2.152462E+01   2.152462E+01   9.154005E+00   4.409181E+00   4.409181E+00   2.909697E+00   4.943504E+00   3.512871E+00   2.885752E+00         5
   2.152467E+01   2.152467E+01   9.153747E+00   4.409181E+00   4.409181E+00   2.909726E+00   4.944057E+00   3.512816E+00   2.886029E+00         5
   2.152472E+01   2.152472E+01   9.153489E+00   4.409181E+00   4.409181E+00   2.909755E+00   4.944611E+00   3.512762E+00   2.886305E+00         5
   2.152477E+01   2.152477E+01   9.153231E+00   4.409181E+00   4.409181E+00   2.909786E+00   4.945163E+00   3.512707E+00   2.886582E+00         5
   2.152483E+01   2.152483E+01   9.152970E+00   4.409181E+00   4.409181E+00   2.909838E+00   4.945710E+00   3.512655E+00   2.886855E+00         5
   2.152488E+01   2.152488E+01   9.152710E+00   4.409181E+00   4.409181E+00   2.909890E+00   4.946256E+00   3.512602E+00   2.887128E+00         5
   2.152493E+01   2.152493E+01   9.152449E+00   4.409181E+00   4.409181E+00   2.909941E+00   4.946803E+00   3.512549E+00   2.887401E+00         5
   2.152498E+01   2.152498E+01   9.152189E+00   4.409181E+00   4.409181E+00   2.909993E+00   4.947350E+00   3.512497E+00   2.887675E+00         5
   2.152503E+01   2.152503E+01   9.151926E+00   4.409181E+00   4.409181E+00   2.910057E+00   4.947890E+00   3.512444E+00   2.887945E+00         5
   2.152509E+01   2.152509E+01   9.151664E+00   4.409181E+00   4.409181E+00   2.910124E+00   4.948430E+00   3.512392E+00   2.888215E+00         5
   2.152514E+01   2.152514E+01   9.151401E+00   4.409181E+00   4.409181E+00   2.910190E+00   4.948970E+00   3.512340E+00   2.888485E+00         5
   2.152519E+01   2.152519E+01   9.151138E+00   4.409181E+00   4.409181E+00   2.910256E+00   4.949509E+00   3.512288E+00   2.888755E+00         5
   2.152524E+01   2.152524E+01   9.150873E+00   4.409181E+00   4.409181E+00   2.910346E+00   4.950044E+00   3.512237E+00   2.889022E+00         5
   2.152530E+01   2.152530E+01   9.150608E+00   4.409181E+00   4.409181E+00   2.910444E+00   4.950577E+00   3.512187E+00   2.889288E+00         5
   2.152535E+01   2.152535E+01   9.150343E+00   4.409181E+00   4.409181E+00   2.910541E+00   4.951109E+00   3.512137E+00   2.889555E+00         5
   2.152540E+01   2.152540E+01   9.150078E+00   4.409181E+00   4.409181E+00   2.910639E+00   4.951642E+00   3.512087E+00   2.889821E+00         5
   2.152545E+01   2.152545E+01   9.149811E+00   4.409181E+00   4.409181E+00   2.910763E+00   4.952169E+00   3.512038E+00   2.890085E+00         5
   2.152550E+01   2.152550E+01   9.149544E+00   4.409181E+00   4.409181E+00   2.910892E+00   4.952694E+00   3.511990E+00   2.890347E+00         5
   2.152556E+01   2.152556E+01   9.149276E+00   4.409181E+00   4.409181E+00   2.911021E+00   4.953220E+00   3.511942E+00   2.890610E+00         5
   2.152561E+01   2.152561E+01   9.149009E+00   4.409181E+00   4.409181E+00   2.911147E+00   4.953745E+00   3.511893E+00   2.890873E+00         5
   2.152566E+01   2.152566E+01   9.148739E+00   4.409181E+00   4.409181E+00   2.911188E+00   4.954260E+00   3.511842E+00   2.891130E+00         5
   2.152571E+01   2.152571E+01   9.148469E+00   4.409181E+00   4.409181E+00   2.911228E+00   4.954776E+00   3.511791E+00   2.891388E+00         5
   2.152576E+01   2.152576E+01   9.148199E+00   4.409181E+00   4.409181E+00   2.911268E+00   4.955291E+00   3.511739E+00   2.891646E+00         5
   2.152582E+01   2.152582E+01   9.147928E+00   4.409181E+00   4.409181E+00   2.911346E+00   4.955806E+00   3.511691E+00   2.891903E+00         5
   2.152587E+01   2.152587E+01   9.147656E+00   4.409181E+00   4.409181E+00   2.911468E+00   4.956319E+00   3.511645E+00   2.892160E+00         5
   2.152592E+01   2.152592E+01   9.147384E+00   4.409181E+00   4.409181E+00   2.911589E+00   4.956833E+00   3.511599E+00   2.892417E+00         5
   2.152597E+01   2.152597E+01   9.147112E+00   4.409181E+00   4.409181E+00   2.911711E+00   4.957345E+00   3.511553E+00   2.892672E+00         5
   2.152603E+01   2.152603E+01   9.146838E+00   4.409181E+00   4.409181E+00   2.911839E+00   4.957837E+00   3.511508E+00   2.892919E+00         5
   2.152608E+01   2.152608E+01   9.146564E+00   4.409181E+00   4.409181E+00   2.911968E+00   4.958330E+00   3.511463E+00   2.893165E+00         5
   2.152613E+01   2.152613E+01   9.146290E+00   4.409181E+00   4.409181E+00   2.912096E+00   4.958822E+00   3.511419E+00   2.893411E+00         5
   2.152618E+01   2.152618E+01   9.146015E+00   4.409181E+00   4.409181E+00   2.912202E+00   4.959293E+00   3.511374E+00   2.893646E+00         5
   2.152623E+01   2.152623E+01   9.145739E+00   4.409181E+00   4.409181E+00   2.912305E+00   4.959760E+00   3.511329E+00   2.893880E+00         5
   2.152629E+01   2.152629E+01   9.145464E+00   4.409181E+00   4.409181E+00   2.912408E+00   4.960227E+00   3.511284E+00   2.894113E+00         5
   2.152634E+01   2.152634E+01   9.145187E+00   4.409181E+00   4.409181E+00   2.912513E+00   4.960681E+00   3.511238E+00   2.894340E+00         5
   2.152639E+01   2.152639E+01   9.144909E+00   4.409181E+00   4.409181E+00   2.912619E+00   4.961132E+00   3.511192E+00   2.894566E+00         5
   2.152644E+01   2.152644E+01   9.144632E+00   4.409181E+00   4.409181E+00   2.912724E+00   4.961583E+00   3.511145E+00   2.894791E+00         5
   2.152649E+01   2.152649E+01   9.144353E+00   4.409181E+00   4.409181E+00   2.912918E+00   4.962028E+00   3.511099E+00   2.895014E+00         5
   2.152655E+01   2.152655E+01   9.144074E+00   4.409181E+00   4.409181E+00   2.913125E+00   4.962472E+00   3.511054E+00   2.895236E+00         5
   2.152660E+01   2.152660E+01   9.143795E+00   4.409181E+00   4.409181E+00   2.913327E+00   4.962919E+00   3.511008E+00   2.895459E+00         5
   2.152665E+01   2.152665E+01   9.143514E+00   4.409181E+00   4.409181E+00   2.913459E+00   4.963400E+00   3.510960E+00   2.895700E+00         5
   2.152670E+01   2.152670E+01   9.143233E+00   4.409181E+00   4.409181E+00   2.913592E+00   4.963881E+00   3.510911E+00   2.895940E+00         5
   2.152676E+01   2.152676E+01   9.142952E+00   4.409181E+00   4.409181E+00   2.913749E+00   4.964347E+00   3.510869E+00   2.896173E+00         5
   2.152681E+01   2.152681E+01   9.142669E+00   4.409181E+00   4.409181E+00   2.913933E+00   4.964795E+00   3.510835E+00   2.896398E+00         5
   2.152686E+01   2.152686E+01   9.142387E+00   4.409181E+00   4.409181E+00   2.914117E+00   4.965244E+00   3.510801E+00   2.896622E+00         5
   2.152691E+01   2.152691E+01   9.142103E+00   4.409181E+00   4.409181E+00   2.914305E+00   4.965694E+00   3.510814E+00   2.896847E+00         5
   2.152696E+01   2.152696E+01   9.141819E+00   4.409181E+00   4.409181E+00   2.914493E+00   4.966144E+00   3.510829E+00   2.897072E+00         5
   2.152702E+01   2.152702E+01   9.141534E+00   4.409220E+00   4.409220E+00   2.914695E+00   4.966618E+00   3.510892E+00   2.897309E+00         5
   2.152707E+01   2.152707E+01   9.141249E+00   4.409289E+00   4.409289E+00   2.914907E+00   4.967113E+00   3.510995E+00   2.897557E+00         5
   2.152712E+01   2.152712E+01   9.140963E+00   4.409365E+00   4.409365E+00   2.915125E+00   4.967628E+00   3.511129E+00   2.897814E+00         5
   2.152717E+01   2.152717E+01   9.140676E+00   4.409463E+00   4.409463E+00   2.915365E+00   4.968212E+00   3.511373E+00   2.898106E+00         5
   2.152722E+01   2.152722E+01   9.140390E+00   4.409560E+00   4.409560E+00   2.915605E+00   4.968795E+00   3.511616E+00   2.898397E+00         5
   2.152728E+01   2.152728E+01   9.140103E+00   4.409562E+00   4.409562E+00   2.915777E+00   4.969396E+00   3.512042E+00   2.898698E+00         5
   2.152733E+01   2.152733E+01   9.139816E+00   4.409562E+00   4.409562E+00   2.915947E+00   4.969998E+00   3.512471E+00   2.898999E+00         5
   2.152738E+01   2.152738E+01   9.139530E+00   4.409562E+00   4.409562E+00   2.916207E+00   4.970571E+00   3.513071E+00   2.899286E+00         5
   2.152743E+01   2.152743E+01   9.139245E+00   4.409562E+00   4.409562E+00   2.916493E+00   4.971137E+00   3.513719E+00   2.899568E+00         5
   2.152749E+01   2.152749E+01   9.138956E+00   4.409562E+00   4.409562E+00   2.916827E+00   4.971514E+00   3.514181E+00   2.899757E+00         5
   2.152754E+01   2.152754E+01   9.138666E+00   4.409562E+00   4.409562E+00   2.917185E+00   4.971801E+00   3.514555E+00   2.899900E+00         5
   2.152759E+01   2.152759E+01   9.138376E+00   4.409562E+00   4.409562E+00   2.917530E+00   4.972094E+00   3.514834E+00   2.900047E+00         5
   2.152764E+01   2.152764E+01   9.138083E+00   4.409562E+00   4.409562E+00   2.917819E+00   4.972418E+00   3.514670E+00   2.900209E+00         5
   2.152769E+01   2.152769E+01   9.137791E+00   4.409562E+00   4.409562E+00   2.918107E+00   4.972742E+00   3.514507E+00   2.900371E+00         5
   2.152775E+01   2.152775E+01   9.137499E+00   4.409562E+00   4.409562E+00   2.918397E+00   4.973066E+00   3.514357E+00   2.900533E+00         5
   2.152780E+01   2.152780E+01   9.137212E+00   4.409562E+00   4.409562E+00   2.918695E+00   4.973394E+00   3.514312E+00   2.900697E+00         5
   2.152785E+01   2.152785E+01   9.136924E+00   4.409562E+00   4.409562E+00   2.918993E+00   4.973722E+00   3.514267E+00   2.900861E+00         5
   2.152790E+01   2.152790E+01   9.136636E+00   4.409562E+00   4.409562E+00   2.919291E+00   4.974050E+00   3.514222E+00   2.901025E+00         5
   2.152796E+01   2.152796E+01   9.136335E+00   4.409562E+00   4.409562E+00   2.919655E+00   4.974223E+00   3.514180E+00   2.901112E+00         5
   2.152801E+01   2.152801E+01   9.136032E+00   4.409562E+00   4.409562E+00   2.920034E+00   4.974364E+00   3.514138E+00   2.901182E+00         5
   2.152806E+01   2.152806E+01   9.135728E+00   4.409562E+00   4.409562E+00   2.920412E+00   4.974504E+00   3.514096E+00   2.901252E+00         5
   2.152811E+01   2.152811E+01   9.135425E+00   4.409562E+00   4.409562E+00   2.920771E+00   4.974670E+00   3.514183E+00   2.901335E+00         5
   2.152816E+01   2.152816E+01   9.135124E+00   4.409562E+00   4.409562E+00   2.921078E+00   4.974899E+00   3.514591E+00   2.901449E+00         5
   2.152822E+01   2.152822E+01   9.134824E+00   4.409562E+00   4.409562E+00   2.921385E+00   4.975127E+00   3.514999E+00   2.901564E+00         5
   2.152827E+01   2.152827E+01   9.134523E+00   4.409562E+00   4.409562E+00   2.921692E+00   4.975356E+00   3.515408E+00   2.901678E+00         5
   2.152832E+01   2.152832E+01   9.134229E+00   4.409562E+00   4.409562E+00   2.921976E+00   4.975885E+00   3.515770E+00   2.901943E+00         5
   2.152837E+01   2.152837E+01   9.133940E+00   4.409562E+00   4.409562E+00   2.922246E+00   4.976590E+00   3.516104E+00   2.902295E+00         5
   2.152842E+01   2.152842E+01   9.133651E+00   4.409562E+00   4.409562E+00   2.922517E+00   4.977296E+00   3.516439E+00   2.902648E+00         5
   2.152848E+01   2.152848E+01   9.133368E+00   4.409562E+00   4.409562E+00   2.922859E+00   4.977828E+00   3.516730E+00   2.902914E+00         5
   2.152853E+01   2.152853E+01   9.133091E+00   4.409562E+00   4.409562E+00   2.923271E+00   4.978193E+00   3.516978E+00   2.903097E+00         5
   2.152858E+01   2.152858E+01   9.132813E+00   4.409562E+00   4.409562E+00   2.923683E+00   4.978558E+00   3.517227E+00   2.903279E+00         5
   2.152863E+01   2.152863E+01   9.132536E+00   4.409562E+00   4.409562E+00   2.924094E+00   4.978923E+00   3.517475E+00   2.903462E+00         5
   2.152869E+01   2.152869E+01   9.132259E+00   4.409562E+00   4.409562E+00   2.924506E+00   4.979288E+00   3.517723E+00   2.903644E+00         5
   2.152874E+01   2.152874E+01   9.131982E+00   4.409562E+00   4.409562E+00   2.924916E+00   4.979732E+00   3.517934E+00   2.903866E+00         5
   2.152879E+01   2.152879E+01   9.131710E+00   4.409562E+00   4.409562E+00   2.925314E+00   4.980555E+00   3.517964E+00   2.904277E+00         5
   2.152884E+01   2.152884E+01   9.131437E+00   4.409562E+00   4.409562E+00   2.925713E+00   4.981377E+00   3.517994E+00   2.904689E+00         5
   2.152889E+01   2.152889E+01   9.131164E+00   4.409562E+00   4.409562E+00   2.926112E+00   4.982199E+00   3.518025E+00   2.905100E+00         5
   2.152895E+01   2.152895E+01   9.130891E+00   4.409562E+00   4.409562E+00   2.926518E+00   4.982981E+00   3.518028E+00   2.905490E+00         5
   2.152900E+01   2.152900E+01   9.130609E+00   4.409562E+00   4.409562E+00   2.927008E+00   4.983290E+00   3.517715E+00   2.905645E+00         5
   2.152905E+01   2.152905E+01   9.130327E+00   4.409562E+00   4.409562E+00   2.927497E+00   4.983599E+00   3.517402E+00   2.905800E+00         5
   2.152910E+01   2.152910E+01   9.130045E+00   4.409562E+00   4.409562E+00   2.927986E+00   4.983909E+00   3.517089E+00   2.905954E+00         5
   2.152915E+01   2.152915E+01   9.129755E+00   4.409562E+00   4.409562E+00   2.928484E+00   4.984653E+00   3.517066E+00   2.906327E+00         5
   2.152921E+01   2.152921E+01   9.129452E+00   4.409562E+00   4.409562E+00   2.928998E+00   4.986125E+00   3.517530E+00   2.907063E+00         5
   2.152926E+01   2.152926E+01   9.129149E+00   4.409562E+00   4.409562E+00   2.929511E+00   4.987598E+00   3.517994E+00   2.907799E+00         5
   2.152931E+01   2.152931E+01   9.128849E+00   4.409562E+00   4.409562E+00   2.930051E+00   4.988457E+00   3.518436E+00   2.908228E+00         5
   2.152936E+01   2.152936E+01   9.128550E+00   4.409562E+00   4.409562E+00   2.930599E+00   4.989105E+00   3.518870E+00   2.908553E+00         5
   2.152942E+01   2.152942E+01   9.128251E+00   4.409562E+00   4.409562E+00   2.931202E+00   4.989675E+00   3.519183E+00   2.908838E+00         5
   2.152947E+01   2.152947E+01   9.127951E+00   4.409562E+00   4.409562E+00   2.931912E+00   4.990088E+00   3.519252E+00   2.909044E+00         5
   2.152952E+01   2.152952E+01   9.127648E+00   4.409562E+00   4.409562E+00   2.932527E+00   4.990596E+00   3.519363E+00   2.909298E+00         5
   2.152957E+01   2.152957E+01   9.127336E+00   4.409562E+00   4.409562E+00   2.932890E+00   4.991352E+00   3.519583E+00   2.909676E+00         5
   2.152962E+01   2.152962E+01   9.127026E+00   4.409562E+00   4.409562E+00   2.933514E+00   4.991918E+00   3.519373E+00   2.909959E+00         5
   2.152968E+01   2.152968E+01   9.126716E+00   4.409562E+00   4.409562E+00   2.934177E+00   4.992927E+00   3.519300E+00   2.910464E+00         5
   2.152973E+01   2.152973E+01   9.126402E+00   4.409562E+00   4.409562E+00   2.934855E+00   4.994644E+00   3.519814E+00   2.911322E+00         5
   2.152978E+01   2.152978E+01   9.126092E+00   4.409562E+00   4.409562E+00   2.935793E+00   4.994123E+00   3.519336E+00   2.911062E+00         5
   2.152983E+01   2.152983E+01   9.125785E+00   4.409562E+00   4.409562E+00   2.936164E+00   4.996172E+00   3.519402E+00   2.912086E+00         5
   2.152988E+01   0.000000E+00   1.361063E+00   1.361063E+00   4.409562E+00   2.937667E+00   3.907284E-01   6.287888E+00  -4.853872E+00        13
   2.252988E+01   1.000000E+00   1.361063E+00   1.361063E+00   4.409562E+00   2.937667E+00  -1.609272E+00   5.787888E+00  -4.853872E+00        13
   2.352988E+01   3.000000E+00   1.361063E+00   1.361063E+00   4.409562E+00   2.937667E+00  -2.563514E+00   5.549327E+00  -4.853872E+00        13
   2.452988E+01   6.000000E+00   1.361063E+00   1.361063E+00   4.409562E+00   2.937667E+00  -3.165574E+00   5.398812E+00  -4.853872E+00        13
   2.552988E+01   1.000000E+01   1.361063E+00   1.361063E+00   4.409562E+00   2.937667E+00  -3.609272E+00   5.287888E+00  -4.853872E+00        13
   2.652988E+01   1.500000E+01   1.361063E+00   1.361063E+00   4.409562E+00   2.937667E+00  -3.961454E+00   5.199842E+00  -4.853872E+00        13
   2.752988E+01   2.100000E+01   1.361063E+00   1.361063E+00   4.409562E+00   2.937667E+00  -4.253710E+00   5.126778E+00  -4.853872E+00        13
   2.852988E+01   2.800000E+01   1.361063E+00   1.361063E+00   4.409562E+00   2.937667E+00  -4.503588E+00   5.064309E+00  -4.853872E+00        13
   2.952988E+01   3.600000E+01   1.361063E+00   1.361063E+00   4.409562E+00   2.937667E+00  -4.721877E+00   5.009736E+00  -4.853872E+00        13
   3.052988E+01   4.500000E+01   1.361063E+00   1.361063E+00   4.409562E+00   2.937667E+00  -4.915697E+00   4.961281E+00  -4.853872E+00        13
   3.152988E+01   5.500000E+01   1.361063E+00   1.361063E+00   4.409562E+00   2.937667E+00  -5.089997E+00   4.917706E+00  -4.853872E+00        13
   3.252988E+01   6.600000E+01   1.361063E+00   1.361063E+00   4.409562E+00   2.937667E+00  -5.248359E+00   4.878116E+00  -4.853872E+00        13
   3.352988E+01   7.800000E+01   1.361063E+00   1.361063E+00   4.409562E+00   2.937667E+00  -5.393461E+00   4.841840E+00  -4.853872E+00        13
   3.452988E+01   9.100000E+01   1.361063E+00   1.361063E+00   4.409562E+00   2.937667E+00  -5.527354E+00   4.808367E+00  -4.853872E+00        13
   3.552988E+01   1.050000E+02   1.361063E+00   1.361063E+00   4.409562E+00   2.937667E+00  -5.651650E+00   4.777293E+00  -4.853872E+00        13
   3.652988E+01   1.200000E+02   1.361063E+00   1.361063E+00   4.409562E+00   2.937667E+00  -5.767634E+00   4.748297E+00  -4.853872E+00        13
   3.752988E+01   1.360000E+02   1.361063E+00   1.361063E+00   4.409562E+00   2.937667E+00  -5.876349E+00   4.721118E+00  -4.853872E+00        13
   3.852988E+01   1.530000E+02   1.361063E+00   1.361063E+00   4.409562E+00   2.937667E+00  -5.978654E+00   4.695542E+00  -4.853872E+00        13
   3.952988E+01   1.710000E+02   1.361063E+00   1.361063E+00   4.409562E+00   2.937667E+00  -6.075264E+00   4.671390E+00  -4.853872E+00        13
   4.052988E+01   1.900000E+02   1.361063E+00   1.361063E+00   4.409562E+00   2.937667E+00  -6.166779E+00   4.648511E+00  -4.853872E+00        13
   4.152988E+01   2.100000E+02   1.361063E+00   1.361063E+00   4.409562E+00   2.937667E+00  -6.253710E+00   4.626778E+00  -4.853872E+00        13
   4.252988E+01   2.310000E+02   1.361063E+00   1.361063E+00   4.409562E+00   2.937667E+00  -6.336496E+00   4.606082E+00  -4.853872E+00        13
   4.352988E+01   2.530000E+02   1.361063E+00   1.361063E+00   4.409562E+00   2.937667E+00  -6.415513E+00   4.586327E+00  -4.853872E+00        13
   4.452988E+01   2.760000E+02   1.361063E+00   1.361063E+00   4.409562E+00   2.937667E+00  -6.491090E+00   4.567433E+00  -4.853872E+00        13
   4.552988E+01   3.000000E+02   1.361063E+00   1.361063E+00   4.409562E+00   2.937667E+00  -6.563514E+00   4.549327E+00  -4.853872E+00        13
   4.652988E+01   3.250000E+02   1.361063E+00   1.361063E+00   4.409562E+00   2.937667E+00  -6.633038E+00   4.531946E+00  -4.853872E+00        13
   4.752988E+01   3.510000E+02   1.361063E+00   1.361063E+00   4.409562E+00   2.937667E+00  -6.699886E+00   4.515234E+00  -4.853872E+00        13
   4.852988E+01   3.780000E+02   1.361063E+00   1.361063E+00   4.409562E+00   2.937667E+00  -6.764255E+00   4.499142E+00  -4.853872E+00        13
   4.952988E+01   4.060000E+02   1.361063E+00   1.361063E+00   4.409562E+00   2.937667E+00  -6.826324E+00   4.483625E+00  -4.853872E+00        13
   5.052988E+01   4.350000E+02   1.361063E+00   1.361063E+00   4.409562E+00   2.937667E+00  -6.886250E+00   4.468643E+00  -4.853872E+00        13
   5.152988E+01   4.650000E+02   1.361063E+00   1.361063E+00   4.409562E+00   2.937667E+00  -6.944177E+00   4.454161E+00  -4.853872E+00        13
   5.252988E+01   4.960000E+02   1.361063E+00   1.361063E+00   4.409562E+00   2.937667E+00  -7.000235E+00   4.440147E+00  -4.853872E+00        13
   5.352988E+01   5.280000E+02   1.361063E+00   1.361063E+00   4.409562E+00   2.937667E+00  -7.054539E+00   4.426571E+00  -4.853872E+00        13
   5.452988E+01   5.610000E+02   1.361063E+00   1.361063E+00   4.409562E+00   2.937667E+00  -7.107197E+00   4.413406E+00  -4.853872E+00        13
   5.552988E+01   5.950000E+02   1.361063E+00   1.361063E+00   4.409562E+00   2.937667E+00  -7.158306E+00   4.400629E+00  -4.853872E+00        13
   5.652988E+01   6.300000E+02   1.361063E+00   1.361063E+00   4.409562E+00   2.937667E+00  -7.207953E+00   4.388217E+00  -4.853872E+00        13
   5.752988E+01   6.660000E+02   1.361063E+00   1.361063E+00   4.409562E+00   2.937667E+00  -7.256220E+00   4.376151E+00  -4.853872E+00        13
   5.852988E+01   7.030000E+02   1.361063E+00   1.361063E+00   4.409562E+00   2.937667E+00  -7.303182E+00   4.364410E+00  -4.853872E+00        13
   5.952988E+01   7.410000E+02   1.361063E+00   1.361063E+00   4.409562E+00   2.937667E+00  -7.348908E+00   4.352979E+00  -4.853872E+00        13
   6.052988E+01   7.800000E+02   1.361063E+00   1.361063E+00   4.409562E+00   2.937667E+00  -7.393461E+00   4.341840E+00  -4.853872E+00        13
   6.152988E+01   8.200000E+02   1.361063E+00   1.361063E+00   4.409562E+00   2.937667E+00  -7.436899E+00   4.330981E+00  -4.853872E+00        13
   6.252988E+01   8.610000E+02   1.361063E+00   1.361063E+00   4.409562E+00   2.937667E+00  -7.479278E+00   4.320386E+00  -4.853872E+00        13
   6.352988E+01   9.030000E+02   1.361063E+00   1.361063E+00   4.409562E+00   2.937667E+00  -7.520647E+00   4.310044E+00  -4.853872E+00        13
   6.452988E+01   9.460000E+02   1.361063E+00   1.361063E+00   4.409562E+00   2.937667E+00  -7.561054E+00   4.299942E+00  -4.853872E+00        13
   6.552988E+01   9.900000E+02   1.361063E+00   1.361063E+00   4.409562E+00   2.937667E+00  -7.600542E+00   4.290070E+00  -4.853872E+00        13
   6.652988E+01   1.035000E+03   1.361063E+00   1.361063E+00   4.409562E+00   2.937667E+00  -7.639152E+00   4.280418E+00  -4.853872E+00        13
   6.752988E+01   1.081000E+03   1.361063E+00   1.361063E+00   4.409562E+00   2.937667E+00  -7.676923E+00   4.270975E+00  -4.853872E+00        13
   6.852988E+01   1.128000E+03   1.361063E+00   1.361063E+00   4.409562E+00   2.937667E+00  -7.713890E+00   4.261733E+00  -4.853872E+00        13
   6.952988E+01   1.176000E+03   1.361063E+00   1.361063E+00   4.409562E+00   2.937667E+00  -7.750086E+00   4.252684E+00  -4.853872E+00        13
   7.052988E+01   1.225000E+03   1.361063E+00   1.361063E+00   4.409562E+00   2.937667E+00  -7.785544E+00   4.243820E+00  -4.853872E+00        13
   7.152988E+01   1.275000E+03   1.361063E+00   1.361063E+00   4.409562E+00   2.937667E+00  -7.820292E+00   4.235133E+00  -4.853872E+00        13
   7.252988E+01   1.326000E+03   1.361063E+00   1.361063E+00   4.409562E+00   2.937667E+00  -7.854359E+00   4.226616E+00  -4.853872E+00        13
   7.352988E+01   1.378000E+03   1.361063E+00   1.361063E+00   4.409562E+00   2.937667E+00  -7.887770E+00   4.218263E+00  -4.853872E+00        13
   7.452988E+01   1.431000E+03   1.361063E+00   1.361063E+00   4.409562E+00   2.937667E+00  -7.920551E+00   4.210068E+00  -4.853872E+00        13
   7.552988E+01   1.485000E+03   1.361063E+00   1.361063E+00   4.409562E+00   2.937667E+00  -7.952724E+00   4.202024E+00  -4.853872E+00        13
   7.652988E+01   1.540000E+03   1.361063E+00   1.361063E+00   4.409562E+00   2.937667E+00  -7.984313E+00   4.194127E+00  -4.853872E+00        13
   7.752988E+01   1.596000E+03   1.361063E+00   1.361063E+00   4.409562E+00   2.937667E+00  -8.015337E+00   4.186371E+00  -4.853872E+00        13
   7.852988E+01   1.653000E+03   1.361063E+00   1.361063E+00   4.409562E+00   2.937667E+00  -8.045817E+00   4.178751E+00  -4.853872E+00        13
   7.952988E+01   1.711000E+03   1.361063E+00   1.361063E+00   4.409562E+00   2.937667E+00  -8.075772E+00   4.171263E+00  -4.853872E+00        13
   8.052988E+01   1.770000E+03   1.361063E+00   1.361063E+00   4.409562E+00   2.937667E+00  -8.105218E+00   4.163901E+00  -4.853872E+00        13
   8.152988E+01   1.830000E+03   1.361063E+00   1.361063E+00   4.409562E+00   2.937667E+00  -8.134174E+00   4.156662E+00  -4.853872E+00        13
   8.252988E+01   1.891000E+03   1.361063E+00   1.361063E+00   4.409562E+00   2.937667E+00  -8.162655E+00   4.149542E+00  -4.853872E+00        13
   8.352988E+01   1.953000E+03   1.361063E+00   1.361063E+00   4.409562E+00   2.937667E+00  -8.190676E+00   4.142537E+00  -4.853872E+00        13
   8.452988E+01   2.016000E+03   1.361063E+00   1.361063E+00   4.409562E+00   2.937667E+00  -8.218253E+00   4.135642E+00  -4.853872E+00        13
   8.552988E+01   2.080000E+03   1.361063E+00   1.361063E+00   4.409562E+00   2.937667E+00  -8.245398E+00   4.128856E+00  -4.853872E+00        13
   8.652988E+01   2.145000E+03   1.361063E+00   1.361063E+00   4.409562E+00   2.937667E+00  -8.272126E+00   4.122174E+00  -4.853872E+00        13
   8.752988E+01   2.211000E+03   1.361063E+00   1.361063E+00   4.409562E+00   2.937667E+00  -8.298449E+00   4.115593E+00  -4.853872E+00        13
   8.852988E+01   2.278000E+03   1.361063E+00   1.361063E+00   4.409562E+00   2.937667E+00  -8.324379E+00   4.109111E+00  -4.853872E+00        13
   8.952988E+01   2.346000E+03   1.361063E+00   1.361063E+00   4.409562E+00   2.937667E+00  -8.349928E+00   4.102724E+00  -4.853872E+00        13
   9.052988E+01   2.415000E+03   1.361063E+00   1.361063E+00   4.409562E+00   2.937667E+00  -8.375106E+00   4.096429E+00  -4.853872E+00        13
   9.152988E+01   2.485000E+03   1.361063E+00   1.361063E+00   4.409562E+00   2.937667E+00  -8.399924E+00   4.090224E+00  -4.853872E+00        13
   9.252988E+01   2.556000E+03   1.361063E+00   1.361063E+00   4.409562E+00   2.937667E+00  -8.424393E+00   4.084107E+00  -4.853872E+00        13
   9.352988E+01   2.628000E+03   1.361063E+00   1.361063E+00   4.409562E+00   2.937667E+00  -8.448522E+00   4.078075E+00  -4.853872E+00        13
   9.452988E+01   2.701000E+03   1.361063E+00   1.361063E+00   4.409562E+00   2.937667E+00  -8.472321E+00   4.072125E+00  -4.853872E+00        13
   9.552988E+01   2.775000E+03   1.361063E+00   1.361063E+00   4.409562E+00   2.937667E+00  -8.495798E+00   4.066256E+00  -4.853872E+00        13
   9.652988E+01   2.850000E+03   1.361063E+00   1.361063E+00   4.409562E+00   2.937667E+00  -8.518961E+00   4.060465E+00  -4.853872E+00        13
   9.752988E+01   2.926000E+03   1.361063E+00   1.361063E+00   4.409562E+00   2.937667E+00  -8.541820E+00   4.054751E+00  -4.853872E+00        13
   9.852988E+01   3.003000E+03   1.361063E+00   1.361063E+00   4.409562E+00   2.937667E+00  -8.564382E+00   4.049110E+00  -4.853872E+00        13
   9.952988E+01   3.081000E+03   1.361063E+00   1.361063E+00   4.409562E+00   2.937667E+00  -8.586655E+00   4.043542E+00  -4.853872E+00        13
   1.005299E+02   3.160000E+03   1.361063E+00   1.361063E+00   4.409562E+00   2.937667E+00  -8.608646E+00   4.038044E+00  -4.853872E+00        13
   1.015299E+02   3.240000E+03   1.361063E+00   1.361063E+00   4.409562E+00   2.937667E+00  -8.630362E+00   4.032615E+00  -4.853872E+00        13
   1.025299E+02   3.321000E+03   1.361063E+00   1.361063E+00   4.409562E+00   2.937667E+00  -8.651809E+00   4.027253E+00  -4.853872E+00        13
   1.035299E+02   3.403000E+03   1.361063E+00   1.361063E+00   4.409562E+00   2.937667E+00  -8.672995E+00   4.021957E+00  -4.853872E+00        13
   1.045299E+02   3.486000E+03   1.361063E+00   1.361063E+00   4.409562E+00   2.937667E+00  -8.693926E+00   4.016724E+00  -4.853872E+00        13
   1.055299E+02   3.570000E+03   1.361063E+00   1.361063E+00   4.409562E+00   2.937667E+00  -8.714608E+00   4.011554E+00  -4.853872E+00        13
   1.065299E+02   3.655000E+03   1.361063E+00   1.361063E+00   4.409562E+00   2.937667E+00  -8.735046E+00   4.006444E+00  -4.853872E+00        13
   1.075299E+02   3.741000E+03   1.361063E+00   1.361063E+00   4.409562E+00   2.937667E+00  -8.755247E+00   4.001394E+00  -4.853872E+00        13
   1.085299E+02   3.828000E+03   1.361063E+00   1.361063E+00   4.409562E+00   2.937667E+00  -8.775215E+00   3.996402E+00  -4.853872E+00        13
   1.095299E+02   3.916000E+03   1.361063E+00   1.361063E+00   4.409562E+00   2.937667E+00  -8.794957E+00   3.991466E+00  -4.853872E+00        13
   1.105299E+02   4.005000E+03   1.361063E+00   1.361063E+00   4.409562E+00   2.937667E+00  -8.814477E+00   3.986586E+00  -4.853872E+00        13
   1.115299E+02   4.095000E+03   1.361063E+00   1.361063E+00   4.409562E+00   2.937667E+00  -8.833779E+00   3.981761E+00  -4.853872E+00        13
   1.125299E+02   4.186000E+03   1.361063E+00   1.361063E+00   4.409562E+00   2.937667E+00  -8.852870E+00   3.976988E+00  -4.853872E+00        13
   1.135299E+02   4.278000E+03   1.361063E+00   1.361063E+00   4.409562E+00   2.937667E+00  -8.871753E+00   3.972267E+00  -4.853872E+00        13
   1.145299E+02   4.371000E+03   1.361063E+00   1.361063E+00   4.409562E+00   2.937667E+00  -8.890433E+00   3.967597E+00  -4.853872E+00        13
   1.155299E+02   4.465000E+03   1.361063E+00   1.361063E+00   4.409562E+00   2.937667E+00  -8.908915E+00   3.962977E+00  -4.853872E+00        13
   1.165299E+02   4.560000E+03   1.361063E+00   1.361063E+00   4.409562E+00   2.937667E+00  -8.927201E+00   3.958405E+00  -4.853872E+00        13
   1.175299E+02   4.656000E+03   1.361063E+00   1.361063E+00   4.409562E+00   2.937667E+00  -8.945298E+00   3.953881E+00  -4.853872E+00        13
   1.185299E+02   4.753000E+03   1.361063E+00   1.361063E+00   4.409562E+00   2.937667E+00  -8.963207E+00   3.949404E+00  -4.853872E+00        13
   1.195299E+02   4.851000E+03   1.361063E+00   1.361063E+00   4.409562E+00   2.937667E+00  -8.980934E+00   3.944972E+00  -4.853872E+00        13
   1.205299E+02   4.950000E+03   1.361063E+00   1.361063E+00   4.409562E+00   2.937667E+00  -8.998482E+00   3.940585E+00  -4.853872E+00        13
   1.215299E+02   5.050000E+03   1.361063E+00   1.361063E+00   4.409562E+00   2.937667E+00  -9.015854E+00   3.936242E+00  -4.853872E+00        13
   1.225299E+02   5.151000E+03   1.361063E+00   1.361063E+00   4.409562E+00   2.937667E+00  -9.033055E+00   3.931942E+00  -4.853872E+00        13
   1.235299E+02   5.253000E+03   1.361063E+00   1.361063E+00   4.409562E+00   2.937667E+00  -9.050086E+00   3.927684E+00  -4.853872E+00        13
   1.245299E+02   5.356000E+03   1.361063E+00   1.361063E+00   4.409562E+00   2.937667E+00  -9.066953E+00   3.923467E+00  -4.853872E+00        13
   1.255299E+02   5.460000E+03   1.361063E+00   1.361063E+00   4.409562E+00   2.937667E+00  -9.083657E+00   3.919291E+00  -4.853872E+00        13
   1.265299E+02   5.565000E+03   1.361063E+00   1.361063E+00   4.409562E+00   2.937667E+00  -9.100202E+00   3.915155E+00  -4.853872E+00        13
   1.275299E+02   5.671000E+03   1.361063E+00   1.361063E+00   4.409562E+00   2.937667E+00  -9.116591E+00   3.911058E+00  -4.853872E+00        13
   1.285299E+02   5.778000E+03   1.361063E+00   1.361063E+00   4.409562E+00   2.937667E+00  -9.132827E+00   3.906999E+00  -4.853872E+00        13
   1.295299E+02   5.886000E+03   1.361063E+00   1.361063E+00   4.409562E+00   2.937667E+00  -9.148912E+00   3.902978E+00  -4.853872E+00        13
   1.305299E+02   5.995000E+03   1.361063E+00   1.361063E+00   4.409562E+00   2.937667E+00  -9.164850E+00   3.898993E+00  -4.853872E+00        13
   1.315299E+02   6.105000E+03   1.361063E+00   1.361063E+00   4.409562E+00   2.937667E+00  -9.180643E+00   3.895045E+00  -4.853872E+00        13
   1.325299E+02   6.216000E+03   1.361063E+00   1.361063E+00   4.409562E+00   2.937667E+00  -9.196294E+00   3.891132E+00  -4.853872E+00        13
   1.335299E+02   6.328000E+03   1.361063E+00   1.361063E+00   4.409562E+00   2.937667E+00  -9.211805E+00   3.887254E+00  -4.853872E+00        13
   1.345299E+02   6.441000E+03   1.361063E+00   1.361063E+00   4.409562E+00   2.937667E+00  -9.227178E+00   3.883411E+00  -4.853872E+00        13
   1.355299E+02   6.555000E+03   1.361063E+00   1.361063E+00   4.409562E+00   2.937667E+00  -9.242417E+00   3.879601E+00  -4.853872E+00        13
   1.365299E+02   6.670000E+03   1.361063E+00   1.361063E+00   4.409562E+00   2.937667E+00  -9.257523E+00   3.875825E+00  -4.853872E+00        13
   1.375299E+02   6.786000E+03   1.361063E+00   1.361063E+00   4.409562E+00   2.937667E+00  -9.272499E+00   3.872081E+00  -4.853872E+00        13
   1.385299E+02   6.903000E+03   1.361063E+00   1.361063E+00   4.409562E+00   2.937667E+00  -9.287347E+00   3.868369E+00  -4.853872E+00        13
   1.395299E+02   7.021000E+03   1.361063E+00   1.361063E+00   4.409562E+00   2.937667E+00  -9.302070E+00   3.864688E+00  -4.853872E+00        13
   1.405299E+02   7.140000E+03   1.361063E+00   1.361063E+00   4.409562E+00   2.937667E+00  -9.316668E+00   3.861039E+00  -4.853872E+00        13
   1.415299E+02   7.260000E+03   1.361063E+00   1.361063E+00   4.409562E+00   2.937667E+00  -9.331145E+00   3.857419E+00  -4.853872E+00        13
   1.425299E+02   7.381000E+03   1.361063E+00   1.361063E+00   4.409562E+00   2.937667E+00  -9.345502E+00   3.853830E+00  -4.853872E+00        13
   1.435299E+02   7.503000E+03   1.361063E+00   1.361063E+00   4.409562E+00   2.937667E+00  -9.359741E+00   3.850270E+00  -4.853872E+00        13
   1.445299E+02   7.626000E+03   1.361063E+00   1.361063E+00   4.409562E+00   2.937667E+00  -9.373865E+00   3.846739E+00  -4.853872E+00        13
   1.455299E+02   7.750000E+03   1.361063E+00   1.361063E+00   4.409562E+00   2.937667E+00  -9.387875E+00   3.843237E+00  -4.853872E+00        13
   1.465299E+02   7.875000E+03   1.361063E+00   1.361063E+00   4.409562E+00   2.937667E+00  -9.401773E+00   3.839762E+00  -4.853872E+00        13
   1.475299E+02   8.001000E+03   1.361063E+00   1.361063E+00   4.409562E+00   2.937667E+00  -9.415560E+00   3.836316E+00  -4.853872E+00        13
   1.485299E+02   8.128000E+03   1.361063E+00   1.361063E+00   4.409562E+00   2.937667E+00  -9.429239E+00   3.832896E+00  -4.853872E+00        13
   1.495299E+02   8.256000E+03   1.361063E+00   1.361063E+00   4.409562E+00   2.937667E+00  -9.442811E+00   3.829503E+00  -4.853872E+00        13
   1.505299E+02   8.385000E+03   1.361063E+00   1.361063E+00   4.409562E+00   2.937667E+00  -9.456278E+00   3.826136E+00  -4.853872E+00        13
   1.515299E+02   8.515000E+03   1.361063E+00   1.361063E+00   4.409562E+00   2.937667E+00  -9.469641E+00   3.822795E+00  -4.853872E+00        13
   1.525299E+02   8.646000E+03   1.361063E+00   1.361063E+00   4.409562E+00   2.937667E+00  -9.482902E+00   3.819480E+00  -4.853872E+00        13
   1.535299E+02   8.778000E+03   1.361063E+00   1.361063E+00   4.409562E+00   2.937667E+00  -9.496063E+00   3.816190E+00  -4.853872E+00        13
   1.545299E+02   8.911000E+03   1.361063E+00   1.361063E+00   4.409562E+00   2.937667E+00  -9.509124E+00   3.812924E+00  -4.853872E+00        13
   1.555299E+02   9.045000E+03   1.361063E+00   1.361063E+00   4.409562E+00   2.937667E+00  -9.522089E+00   3.809683E+00  -4.853872E+00        13
   1.565299E+02   9.180000E+03   1.361063E+00   1.361063E+00   4.409562E+00   2.937667E+00  -9.534957E+00   3.806466E+00  -4.853872E+00        13
   1.575299E+02   9.316000E+03   1.361063E+00   1.361063E+00   4.409562E+00   2.937667E+00  -9.547731E+00   3.803273E+00  -4.853872E+00        13
   1.585299E+02   9.453000E+03   1.361063E+00   1.361063E+00   4.409562E+00   2.937667E+00  -9.560411E+00   3.800103E+00  -4.853872E+00        13
   1.595299E+02   9.591000E+03   1.361063E+00   1.361063E+00   4.409562E+00   2.937667E+00  -9.572999E+00   3.796956E+00  -4.853872E+00        13
   1.605299E+02   9.730000E+03   1.361063E+00   1.361063E+00   4.409562E+00   2.937667E+00  -9.585497E+00   3.793831E+00  -4.853872E+00        13
   1.615299E+02   9.870000E+03   1.361063E+00   1.361063E+00   4.409562E+00   2.937667E+00  -9.597906E+00   3.790729E+00  -4.853872E+00        13
   1.625299E+02   1.001100E+04   1.361063E+00   1.361063E+00   4.409562E+00   2.937667E+00  -9.610227E+00   3.787649E+00  -4.853872E+00        13
   1.635299E+02   1.015300E+04   1.361063E+00   1.361063E+00   4.409562E+00   2.937667E+00  -9.622460E+00   3.784591E+00  -4.853872E+00        13
   1.645299E+02   1.029600E+04   1.361063E+00   1.361063E+00   4.409562E+00   2.937667E+00  -9.634609E+00   3.781553E+00  -4.853872E+00        13
   1.655299E+02   1.044000E+04   1.361063E+00   1.361063E+00   4.409562E+00   2.937667E+00  -9.646673E+00   3.778537E+00  -4.853872E+00        13
   1.665299E+02   1.058500E+04   1.361063E+00   1.361063E+00   4.409562E+00   2.937667E+00  -9.658653E+00   3.775542E+00  -4.853872E+00        13
   1.675299E+02   1.073100E+04   1.361063E+00   1.361063E+00   4.409562E+00   2.937667E+00  -9.670552E+00   3.772568E+00  -4.853872E+00        13
   1.685299E+02   1.087800E+04   1.361063E+00   1.361063E+00   4.409562E+00   2.937667E+00  -9.682370E+00   3.769613E+00  -4.853872E+00        13
   1.695299E+02   1.102600E+04   1.361063E+00   1.361063E+00   4.409562E+00   2.937667E+00  -9.694108E+00   3.766679E+00  -4.853872E+00        13
   1.705299E+02   1.117500E+04   1.361063E+00   1.361063E+00   4.409562E+00   2.937667E+00  -9.705767E+00   3.763764E+00  -4.853872E+00        13
   1.715299E+02   1.132500E+04   1.361063E+00   1.361063E+00   4.409562E+00   2.937667E+00  -9.717348E+00   3.760869E+00  -4.853872E+00        13
   1.725299E+02   1.147600E+04   1.361063E+00   1.361063E+00   4.409562E+00   2.937667E+00  -9.728853E+00   3.757992E+00  -4.853872E+00        13
   1.735299E+02   1.162800E+04   1.361063E+00   1.361063E+00   4.409562E+00   2.937667E+00  -9.740282E+00   3.755135E+00  -4.853872E+00        13
   1.745299E+02   1.178100E+04   1.361063E+00   1.361063E+00   4.409562E+00   2.937667E+00  -9.751636E+00   3.752297E+00  -4.853872E+00        13
   1.755299E+02   1.193500E+04   1.361063E+00   1.361063E+00   4.409562E+00   2.937667E+00  -9.762916E+00   3.749476E+00  -4.853872E+00        13
   1.765299E+02   1.209000E+04   1.361063E+00   1.361063E+00   4.409562E+00   2.937667E+00  -9.774124E+00   3.746675E+00  -4.853872E+00        13
   1.775299E+02   1.224600E+04   1.361063E+00   1.361063E+00   4.409562E+00   2.937667E+00  -9.785260E+00   3.743891E+00  -4.853872E+00        13
   1.785299E+02   1.240300E+04   1.361063E+00   1.361063E+00   4.409562E+00   2.937667E+00  -9.796325E+00   3.741124E+00  -4.853872E+00        13
   1.795299E+02   1.256100E+04   1.361063E+00   1.361063E+00   4.409562E+00   2.937667E+00  -9.807320E+00   3.738376E+00  -4.853872E+00        13
   1.805299E+02   1.272000E+04   1.361063E+00   1.361063E+00   4.409562E+00   2.937667E+00  -9.818246E+00   3.735644E+00  -4.853872E+00        13
   1.815299E+02   1.288000E+04   1.361063E+00   1.361063E+00   4.409562E+00   2.937667E+00  -9.829103E+00   3.732930E+00  -4.853872E+00        13
   1.825299E+02   1.304100E+04   1.361063E+00   1.361063E+00   4.409562E+00   2.937667E+00  -9.839893E+00   3.730232E+00  -4.853872E+00        13
   1.835299E+02   1.320300E+04   1.361063E+00   1.361063E+00   4.409562E+00   2.937667E+00  -9.850617E+00   3.727551E+00  -4.853872E+00        13
   1.845299E+02   1.336600E+04   1.361063E+00   1.361063E+00   4.409562E+00   2.937667E+00  -9.861275E+00   3.724887E+00  -4.853872E+00        13
   1.855299E+02   1.353000E+04   1.361063E+00   1.361063E+00   4.409562E+00   2.937667E+00  -9.871867E+00   3.722239E+00  -4.853872E+00        13
   1.865299E+02   1.369500E+04   1.361063E+00   1.361063E+00   4.409562E+00   2.937667E+00  -9.882396E+00   3.719607E+00  -4.853872E+00        13
   1.875299E+02   1.386100E+04   1.361063E+00   1.361063E+00   4.409562E+00   2.937667E+00  -9.892861E+00   3.716990E+00  -4.853872E+00        13
   1.885299E+02   1.402800E+04   1.361063E+00   1.361063E+00   4.409562E+00   2.937667E+00  -9.903263E+00   3.714390E+00  -4.853872E+00        13
   1.895299E+02   1.419600E+04   1.361063E+00   1.361063E+00   4.409562E+00   2.937667E+00  -9.913604E+00   3.711805E+00  -4.853872E+00        13
   1.905299E+02   1.436500E+04   1.361063E+00   1.361063E+00   4.409562E+00   2.937667E+00  -9.923883E+00   3.709235E+00  -4.853872E+00        13
   1.915299E+02   1.453500E+04   1.361063E+00   1.361063E+00   4.409562E+00   2.937667E+00  -9.934102E+00   3.706680E+00  -4.853872E+00        13
   1.925299E+02   1.470600E+04   1.361063E+00   1.361063E+00   4.409562E+00   2.937667E+00  -9.944261E+00   3.704140E+00  -4.853872E+00        13
   1.935299E+02   1.487800E+04   1.361063E+00   1.361063E+00   4.409562E+00   2.937667E+00  -9.954361E+00   3.701615E+00  -4.853872E+00        13
   1.945299E+02   1.505100E+04   1.361063E+00   1.361063E+00   4.409562E+00   2.937667E+00  -9.964402E+00   3.699105E+00  -4.853872E+00        13
   1.955299E+02   1.522500E+04   1.361063E+00   1.361063E+00   4.409562E+00   2.937667E+00  -9.974386E+00   3.696609E+00  -4.853872E+00        13
   1.965299E+02   1.540000E+04   1.361063E+00   1.361063E+00   4.409562E+00   2.937667E+00  -9.984313E+00   3.694127E+00  -4.853872E+00        13
   1.975299E+02   1.557600E+04   1.361063E+00   1.361063E+00   4.409562E+00   2.937667E+00  -9.994183E+00   3.691660E+00  -4.853872E+00        13
   1.985299E+02   1.575300E+04   1.361063E+00   1.361063E+00   4.409562E+00   2.937667E+00  -1.000400E+01   3.689206E+00  -4.853872E+00        13
   1.995299E+02   1.593100E+04   1.361063E+00   1.361063E+00   4.409562E+00   2.937667E+00  -1.001376E+01   3.686766E+00  -4.853872E+00        13
   2.005299E+02   1.611000E+04   1.361063E+00   1.361063E+00   4.409562E+00   2.937667E+00  -1.002346E+01   3.684340E+00  -4.853872E+00        13
   2.015299E+02   1.629000E+04   1.361063E+00   1.361063E+00   4.409562E+00   2.937667E+00  -1.003311E+01   3.681927E+00  -4.853872E+00        13
   2.025299E+02   1.647100E+04   1.361063E+00   1.361063E+00   4.409562E+00   2.937667E+00  -1.004271E+01   3.679528E+00  -4.853872E+00        13
   2.035299E+02   1.665300E+04   1.361063E+00   1.361063E+00   4.409562E+00   2.937667E+00  -1.005226E+01   3.677141E+00  -4.853872E+00        13
   2.045299E+02   1.683600E+04   1.361063E+00   1.361063E+00   4.409562E+00   2.937667E+00  -1.006175E+01   3.674768E+00  -4.853872E+00        13
   2.055299E+02   1.702000E+04   1.361063E+00   1.361063E+00   4.409562E+00   2.937667E+00  -1.007119E+01   3.672408E+00  -4.853872E+00        13
   2.065299E+02   1.720500E+04   1.361063E+00   1.361063E+00   4.409562E+00   2.937667E+00  -1.008058E+01   3.670060E+00  -4.853872E+00        13
   2.075299E+02   1.739100E+04   1.361063E+00   1.361063E+00   4.409562E+00   2.937667E+00  -1.008992E+01   3.667725E+00  -4.853872E+00        13
   2.085299E+02   1.757800E+04   1.361063E+00   1.361063E+00   4.409562E+00   2.937667E+00  -1.009921E+01   3.665403E+00  -4.853872E+00        13
   2.095299E+02   1.776600E+04   1.361063E+00   1.361063E+00   4.409562E+00   2.937667E+00  -1.010845E+01   3.663093E+00  -4.853872E+00        13
   2.105299E+02   1.795500E+04   1.361063E+00   1.361063E+00   4.409562E+00   2.937667E+00  -1.011764E+01   3.660795E+00  -4.853872E+00        13
   2.115299E+02   1.814500E+04   1.361063E+00   1.361063E+00   4.409562E+00   2.937667E+00  -1.012679E+01   3.658509E+00  -4.853872E+00        13
   2.125299E+02   1.833600E+04   1.361063E+00   1.361063E+00   4.409562E+00   2.937667E+00  -1.013588E+01   3.656235E+00  -4.853872E+00        13
   2.135299E+02   1.852800E+04   1.361063E+00   1.361063E+00   4.409562E+00   2.937667E+00  -1.014493E+01   3.653973E+00  -4.853872E+00        13
   2.145299E+02   1.872100E+04   1.361063E+00   1.361063E+00   4.409562E+00   2.937667E+00  -1.015393E+01   3.651723E+00  -4.853872E+00        13
   2.155299E+02   1.891500E+04   1.361063E+00   1.361063E+00   4.409562E+00   2.937667E+00  -1.016288E+01   3.649485E+00  -4.853872E+00        13
   2.165299E+02   1.911000E+04   1.361063E+00   1.361063E+00   4.409562E+00   2.937667E+00  -1.017179E+01   3.647257E+00  -4.853872E+00        13
   2.175299E+02   1.930600E+04   1.361063E+00   1.361063E+00   4.409562E+00   2.937667E+00  -1.018066E+01   3.645042E+00  -4.853872E+00        13
   2.185299E+02   1.950300E+04   1.361063E+00   1.361063E+00   4.409562E+00   2.937667E+00  -1.018947E+01   3.642837E+00  -4.853872E+00        13
   2.195299E+02   1.970100E+04   1.361063E+00   1.361063E+00   4.409562E+00   2.937667E+00  -1.019825E+01   3.640644E+00  -4.853872E+00        13
   2.205299E+02   1.990000E+04   1.361063E+00   1.361063E+00   4.409562E+00   2.937667E+00  -1.020698E+01   3.638461E+00  -4.853872E+00        13
   2.215299E+02   2.010000E+04   1.361063E+00   1.361063E+00   4.409562E+00   2.937667E+00  -1.021566E+01   3.636290E+00  -4.853872E+00        13
   2.225299E+02   2.030100E+04   1.361063E+00   1.361063E+00   4.409562E+00   2.937667E+00  -1.022431E+01   3.634129E+00  -4.853872E+00        13
   2.235299E+02   2.050300E+04   1.361063E+00   1.361063E+00   4.409562E+00   2.937667E+00  -1.023291E+01   3.631979E+00  -4.853872E+00        13
   2.245299E+02   2.070600E+04   1.361063E+00   1.361063E+00   4.409562E+00   2.937667E+00  -1.024146E+01   3.629840E+00  -4.853872E+00        13
   2.255299E+02   2.091000E+04   1.361063E+00   1.361063E+00   4.409562E+00   2.937667E+00  -1.024998E+01   3.627711E+00  -4.853872E+00        13
   2.265299E+02   2.111500E+04   1.361063E+00   1.361063E+00   4.409562E+00   2.937667E+00  -1.025845E+01   3.625592E+00  -4.853872E+00        13
   2.275299E+02   2.132100E+04   1.361063E+00   1.361063E+00   4.409562E+00   2.937667E+00  -1.026689E+01   3.623484E+00  -4.853872E+00        13
   2.285299E+02   2.152800E+04   1.361063E+00   1.361063E+00   4.409562E+00   2.937667E+00  -1.027528E+01   3.621386E+00  -4.853872E+00        13
   2.295299E+02   2.173600E+04   1.361063E+00   1.361063E+00   4.409562E+00   2.937667E+00  -1.028363E+01   3.619298E+00  -4.853872E+00        13
   2.305299E+02   2.194500E+04   1.361063E+00   1.361063E+00   4.409562E+00   2.937667E+00  -1.029194E+01   3.617220E+00  -4.853872E+00        13
   2.315299E+02   2.215500E+04   1.361063E+00   1.361063E+00   4.409562E+00   2.937667E+00  -1.030022E+01   3.615152E+00  -4.853872E+00        13
   2.325299E+02   2.236600E+04   1.361063E+00   1.361063E+00   4.409562E+00   2.937667E+00  -1.030845E+01   3.613094E+00  -4.853872E+00        13
   2.335299E+02   2.257800E+04   1.361063E+00   1.361063E+00   4.409562E+00   2.937667E+00  -1.031664E+01   3.611045E+00  -4.853872E+00        13
   2.345299E+02   2.279100E+04   1.361063E+00   1.361063E+00   4.409562E+00   2.937667E+00  -1.032480E+01   3.609006E+00  -4.853872E+00        13
   2.355299E+02   2.300500E+04   1.361063E+00   1.361063E+00   4.409562E+00   2.937667E+00  -1.033292E+01   3.606977E+00  -4.853872E+00        13
   2.365299E+02   2.322000E+04   1.361063E+00   1.361063E+00   4.409562E+00   2.937667E+00  -1.034100E+01   3.604957E+00  -4.853872E+00        13
   2.375299E+02   2.343600E+04   1.361063E+00   1.361063E+00   4.409562E+00   2.937667E+00  -1.034904E+01   3.602946E+00  -4.853872E+00        13
   2.385299E+02   2.365300E+04   1.361063E+00   1.361063E+00   4.409562E+00   2.937667E+00  -1.035704E+01   3.600945E+00  -4.853872E+00        13
   2.395299E+02   2.387100E+04   1.361063E+00   1.361063E+00   4.409562E+00   2.937667E+00  -1.036501E+01   3.598952E+00  -4.853872E+00        13
   2.405299E+02   2.409000E+04   1.361063E+00   1.361063E+00   4.409562E+00   2.937667E+00  -1.037295E+01   3.596969E+00  -4.853872E+00        13
   2.415299E+02   2.431000E+04   1.361063E+00   1.361063E+00   4.409562E+00   2.937667E+00  -1.038084E+01   3.594995E+00  -4.853872E+00        13
   2.425299E+02   2.453100E+04   1.361063E+00   1.361063E+00   4.409562E+00   2.937667E+00  -1.038870E+01   3.593030E+00  -4.853872E+00        13
   2.435299E+02   2.475300E+04   1.361063E+00   1.361063E+00   4.409562E+00   2.937667E+00  -1.039653E+01   3.591074E+00  -4.853872E+00        13
   2.445299E+02   2.497600E+04   1.361063E+00   1.361063E+00   4.409562E+00   2.937667E+00  -1.040432E+01   3.589126E+00  -4.853872E+00        13
   2.455299E+02   2.520000E+04   1.361063E+00   1.361063E+00   4.409562E+00   2.937667E+00  -1.041207E+01   3.587187E+00  -4.853872E+00        13
   2.465299E+02   2.542500E+04   1.361063E+00   1.361063E+00   4.409562E+00   2.937667E+00  -1.041979E+01   3.585257E+00  -4.853872E+00        13
   2.475299E+02   2.565100E+04   1.361063E+00   1.361063E+00   4.409562E+00   2.937667E+00  -1.042748E+01   3.583336E+00  -4.853872E+00        13
   2.485299E+02   2.587800E+04   1.361063E+00   1.361063E+00   4.409562E+00   2.937667E+00  -1.043513E+01   3.581422E+00  -4.853872E+00        13
   2.495299E+02   2.610600E+04   1.361063E+00   1.361063E+00   4.409562E+00   2.937667E+00  -1.044275E+01   3.579518E+00  -4.853872E+00        13
   2.505299E+02   2.633500E+04   1.361063E+00   1.361063E+00   4.409562E+00   2.937667E+00  -1.045034E+01   3.577621E+00  -4.853872E+00        13
   2.515299E+02   2.656500E+04   1.361063E+00   1.361063E+00   4.409562E+00   2.937667E+00  -1.045789E+01   3.575733E+00  -4.853872E+00        13
   2.525299E+02   2.679600E+04   1.361063E+00   1.361063E+00   4.409562E+00   2.937667E+00  -1.046541E+01   3.573853E+00  -4.853872E+00        13
   2.535299E+02   2.702800E+04   1.361063E+00   1.361063E+00   4.409562E+00   2.937667E+00  -1.047290E+01   3.571981E+00  -4.853872E+00        13
   2.545299E+02   2.726100E+04   1.361063E+00   1.361063E+00   4.409562E+00   2.937667E+00  -1.048036E+01   3.570117E+00  -4.853872E+00        13
   2.555299E+02   2.749500E+04   1.361063E+00   1.361063E+00   4.409562E+00   2.937667E+00  -1.048778E+01   3.568261E+00  -4.853872E+00        13
   2.565299E+02   2.773000E+04   1.361063E+00   1.361063E+00   4.409562E+00   2.937667E+00  -1.049517E+01   3.566413E+00  -4.853872E+00        13
   2.575299E+02   2.796600E+04   1.361063E+00   1.361063E+00   4.409562E+00   2.937667E+00  -1.050253E+01   3.564573E+00  -4.853872E+00        13
   2.585299E+02   2.820300E+04   1.361063E+00   1.361063E+00   4.409562E+00   2.937667E+00  -1.050986E+01   3.562740E+00  -4.853872E+00        13
   2.595299E+02   2.844100E+04   1.361063E+00   1.361063E+00   4.409562E+00   2.937667E+00  -1.051716E+01   3.560915E+00  -4.853872E+00        13
   2.605299E+02   2.868000E+04   1.361063E+00   1.361063E+00   4.409562E+00   2.937667E+00  -1.052443E+01   3.559098E+00  -4.853872E+00        13
   2.615299E+02   2.892000E+04   1.361063E+00   1.361063E+00   4.409562E+00   2.937667E+00  -1.053167E+01   3.557289E+00  -4.853872E+00        13
   2.625299E+02   2.916100E+04   1.361063E+00   1.361063E+00   4.409562E+00   2.937667E+00  -1.053888E+01   3.555486E+00  -4.853872E+00        13
   2.635299E+02   2.940300E+04   1.361063E+00   1.361063E+00   4.409562E+00   2.937667E+00  -1.054605E+01   3.553692E+00  -4.853872E+00        13
   2.645299E+02   2.964600E+04   1.361063E+00   1.361063E+00   4.409562E+00   2.937667E+00  -1.055320E+01   3.551905E+00  -4.853872E+00        13
   2.655299E+02   2.989000E+04   1.361063E+00   1.361063E+00   4.409562E+00   2.937667E+00  -1.056032E+01   3.550125E+00  -4.853872E+00        13
   2.665299E+02   3.013500E+04   1.361063E+00   1.361063E+00   4.409562E+00   2.937667E+00  -1.056741E+01   3.548352E+00  -4.853872E+00        13
   2.675299E+02   3.038100E+04   1.361063E+00   1.361063E+00   4.409562E+00   2.937667E+00  -1.057448E+01   3.546587E+00  -4.853872E+00        13
   2.685299E+02   3.062800E+04   1.361063E+00   1.361063E+00   4.409562E+00   2.937667E+00  -1.058151E+01   3.544828E+00  -4.853872E+00        13
   2.695299E+02   3.087600E+04   1.361063E+00   1.361063E+00   4.409562E+00   2.937667E+00  -1.058851E+01   3.543077E+00  -4.853872E+00        13
   2.705299E+02   3.112500E+04   1.361063E+00   1.361063E+00   4.409562E+00   2.937667E+00  -1.059549E+01   3.541333E+00  -4.853872E+00        13
   2.715299E+02   3.137500E+04   1.361063E+00   1.361063E+00   4.409562E+00   2.937667E+00  -1.060244E+01   3.539596E+00  -4.853872E+00        13
   2.725299E+02   3.162600E+04   1.361063E+00   1.361063E+00   4.409562E+00   2.937667E+00  -1.060936E+01   3.537866E+00  -4.853872E+00        13
   2.735299E+02   3.187800E+04   1.361063E+00   1.361063E+00   4.409562E+00   2.937667E+00  -1.061625E+01   3.536142E+00  -4.853872E+00        13
   2.745299E+02   3.213100E+04   1.361063E+00   1.361063E+00   4.409562E+00   2.937667E+00  -1.062312E+01   3.534426E+00  -4.853872E+00        13
   2.755299E+02   3.238500E+04   1.361063E+00   1.361063E+00   4.409562E+00   2.937667E+00  -1.062996E+01   3.532716E+00  -4.853872E+00        13
   2.765299E+02   3.264000E+04   1.361063E+00   1.361063E+00   4.409562E+00   2.937667E+00  -1.063677E+01   3.531013E+00  -4.853872E+00        13
   2.775299E+02   3.289600E+04   1.361063E+00   1.361063E+00   4.409562E+00   2.937667E+00  -1.064356E+01   3.529316E+00  -4.853872E+00        13
   2.785299E+02   3.315300E+04   1.361063E+00   1.361063E+00   4.409562E+00   2.937667E+00  -1.065032E+01   3.527626E+00  -4.853872E+00        13
   2.795299E+02   3.341100E+04   1.361063E+00   1.361063E+00   4.409562E+00   2.937667E+00  -1.065705E+01   3.525943E+00  -4.853872E+00        13
   2.805299E+02   3.367000E+04   1.361063E+00   1.361063E+00   4.409562E+00   2.937667E+00  -1.066376E+01   3.524266E+00  -4.853872E+00        13
   2.815299E+02   3.393000E+04   1.361063E+00   1.361063E+00   4.409562E+00   2.937667E+00  -1.067044E+01   3.522596E+00  -4.853872E+00        13
   2.825299E+02   3.419100E+04   1.361063E+00   1.361063E+00   4.409562E+00   2.937667E+00  -1.067710E+01   3.520932E+00  -4.853872E+00        13
   2.835299E+02   3.445300E+04   1.361063E+00   1.361063E+00   4.409562E+00   2.937667E+00  -1.068373E+01   3.519274E+00  -4.853872E+00        13
   2.845299E+02   3.471600E+04   1.361063E+00   1.361063E+00   4.409562E+00   2.937667E+00  -1.069033E+01   3.517623E+00  -4.853872E+00        13
   2.855299E+02   3.498000E+04   1.361063E+00   1.361063E+00   4.409562E+00   2.937667E+00  -1.069691E+01   3.515978E+00  -4.853872E+00        13
   2.865299E+02   3.524500E+04   1.361063E+00   1.361063E+00   4.409562E+00   2.937667E+00  -1.070347E+01   3.514339E+00  -4.853872E+00        13
   2.875299E+02   3.551100E+04   1.361063E+00   1.361063E+00   4.409562E+00   2.937667E+00  -1.071000E+01   3.512706E+00  -4.853872E+00        13
   2.885299E+02   3.577800E+04   1.361063E+00   1.361063E+00   4.409562E+00   2.937667E+00  -1.071650E+01   3.511080E+00  -4.853872E+00        13
   2.895299E+02   3.604600E+04   1.361063E+00   1.361063E+00   4.409562E+00   2.937667E+00  -1.072299E+01   3.509459E+00  -4.853872E+00        13
   2.905299E+02   3.631500E+04   1.361063E+00   1.361063E+00   4.409562E+00   2.937667E+00  -1.072944E+01   3.507845E+00  -4.853872E+00        13
   2.915299E+02   3.658500E+04   1.361063E+00   1.361063E+00   4.409562E+00   2.937667E+00  -1.073588E+01   3.506236E+00  -4.853872E+00        13
   2.925299E+02   3.685600E+04   1.361063E+00   1.361063E+00   4.409562E+00   2.937667E+00  -1.074229E+01   3.504634E+00  -4.853872E+00        13
   2.935299E+02   3.712800E+04   1.361063E+00   1.361063E+00   4.409562E+00   2.937667E+00  -1.074867E+01   3.503037E+00  -4.853872E+00        13
   2.945299E+02   3.740100E+04   1.361063E+00   1.361063E+00   4.409562E+00   2.937667E+00  -1.075504E+01   3.501446E+00  -4.853872E+00        13
   2.955299E+02   3.767500E+04   1.361063E+00   1.361063E+00   4.409562E+00   2.937667E+00  -1.076138E+01   3.499861E+00  -4.853872E+00        13
   2.965299E+02   3.795000E+04   1.361063E+00   1.361063E+00   4.409562E+00   2.937667E+00  -1.076770E+01   3.498282E+00  -4.853872E+00        13
   2.975299E+02   3.822600E+04   1.361063E+00   1.361063E+00   4.409562E+00   2.937667E+00  -1.077399E+01   3.496708E+00  -4.853872E+00        13
   2.985299E+02   3.850300E+04   1.361063E+00   1.361063E+00   4.409562E+00   2.937667E+00  -1.078026E+01   3.495140E+00  -4.853872E+00        13
   2.995299E+02   3.878100E+04   1.361063E+00   1.361063E+00   4.409562E+00   2.937667E+00  -1.078651E+01   3.493578E+00  -4.853872E+00        13
   3.005299E+02   3.906000E+04   1.361063E+00   1.361063E+00   4.409562E+00   2.937667E+00  -1.079274E+01   3.492022E+00  -4.853872E+00        13
   3.015299E+02   3.934000E+04   1.361063E+00   1.361063E+00   4.409562E+00   2.937667E+00  -1.079894E+01   3.490471E+00  -4.853872E+00        13
   3.025299E+02   3.962100E+04   1.361063E+00   1.361063E+00   4.409562E+00   2.937667E+00  -1.080512E+01   3.488925E+00  -4.853872E+00        13
   3.035299E+02   3.990300E+04   1.361063E+00   1.361063E+00   4.409562E+00   2.937667E+00  -1.081128E+01   3.487385E+00  -4.853872E+00        13
   3.045299E+02   4.018600E+04   1.361063E+00   1.361063E+00   4.409562E+00   2.937667E+00  -1.081742E+01   3.485850E+00  -4.853872E+00        13
   3.055299E+02   4.047000E+04   1.361063E+00   1.361063E+00   4.409562E+00   2.937667E+00  -1.082354E+01   3.484321E+00  -4.853872E+00        13
   3.065299E+02   4.075500E+04   1.361063E+00   1.361063E+00   4.409562E+00   2.937667E+00  -1.082963E+01   3.482797E+00  -4.853872E+00        13
   3.075299E+02   4.104100E+04   1.361063E+00   1.361063E+00   4.409562E+00   2.937667E+00  -1.083571E+01   3.481279E+00  -4.853872E+00        13
   3.085299E+02   4.132800E+04   1.361063E+00   1.361063E+00   4.409562E+00   2.937667E+00  -1.084176E+01   3.479766E+00  -4.853872E+00        13
   3.095299E+02   4.161600E+04   1.361063E+00   1.361063E+00   4.409562E+00   2.937667E+00  -1.084779E+01   3.478258E+00  -4.853872E+00        13
   3.105299E+02   4.190500E+04   1.361063E+00   1.361063E+00   4.409562E+00   2.937667E+00  -1.085380E+01   3.476755E+00  -4.853872E+00        13
   3.115299E+02   4.219500E+04   1.361063E+00   1.361063E+00   4.409562E+00   2.937667E+00  -1.085979E+01   3.475257E+00  -4.853872E+00        13
   3.125299E+02   4.248600E+04   1.361063E+00   1.361063E+00   4.409562E+00   2.937667E+00  -1.086576E+01   3.473765E+00  -4.853872E+00        13
   3.135299E+02   4.277800E+04   1.361063E+00   1.361063E+00   4.409562E+00   2.937667E+00  -1.087171E+01   3.472277E+00  -4.853872E+00        13
   3.145299E+02   4.307100E+04   1.361063E+00   1.361063E+00   4.409562E+00   2.937667E+00  -1.087764E+01   3.470795E+00  -4.853872E+00        13
   3.155299E+02   4.336500E+04   1.361063E+00   1.361063E+00   4.409562E+00   2.937667E+00  -1.088355E+01   3.469318E+00  -4.853872E+00        13
   3.165299E+02   4.366000E+04   1.361063E+00   1.361063E+00   4.409562E+00   2.937667E+00  -1.088944E+01   3.467846E+00  -4.853872E+00        13
   3.175299E+02   4.395600E+04   1.361063E+00   1.361063E+00   4.409562E+00   2.937667E+00  -1.089531E+01   3.466379E+00  -4.853872E+00        13
   3.185299E+02   4.425300E+04   1.361063E+00   1.361063E+00   4.409562E+00   2.937667E+00  -1.090116E+01   3.464916E+00  -4.853872E+00        13
   3.195299E+02   4.455100E+04   1.361063E+00   1.361063E+00   4.409562E+00   2.937667E+00  -1.090699E+01   3.463459E+00  -4.853872E+00        13
   3.205299E+02   4.485000E+04   1.361063E+00   1.361063E+00   4.409562E+00   2.937667E+00  -1.091280E+01   3.462006E+00  -4.853872E+00        13
   3.215299E+02   4.515000E+04   1.361063E+00   1.361063E+00   4.409562E+00   2.937667E+00  -1.091859E+01   3.460559E+00  -4.853872E+00        13
   3.225299E+02   4.545100E+04   1.361063E+00   1.361063E+00   4.409562E+00   2.937667E+00  -1.092436E+01   3.459116E+00  -4.853872E+00        13
   3.235299E+02   4.575300E+04   1.361063E+00   1.361063E+00   4.409562E+00   2.937667E+00  -1.093011E+01   3.457678E+00  -4.853872E+00        13
   3.245299E+02   4.605600E+04   1.361063E+00   1.361063E+00   4.409562E+00   2.937667E+00  -1.093584E+01   3.456245E+00  -4.853872E+00        13
   3.255299E+02   4.636000E+04   1.361063E+00   1.361063E+00   4.409562E+00   2.937667E+00  -1.094156E+01   3.454816E+00  -4.853872E+00        13
   3.265299E+02   4.666500E+04   1.361063E+00   1.361063E+00   4.409562E+00   2.937667E+00  -1.094725E+01   3.453392E+00  -4.853872E+00        13
   3.275299E+02   4.697100E+04   1.361063E+00   1.361063E+00   4.409562E+00   2.937667E+00  -1.095293E+01   3.451973E+00  -4.853872E+00        13
   3.285299E+02   4.727800E+04   1.361063E+00   1.361063E+00   4.409562E+00   2.937667E+00  -1.095859E+01   3.450558E+00  -4.853872E+00        13
   3.295299E+02   4.758600E+04   1.361063E+00   1.361063E+00   4.409562E+00   2.937667E+00  -1.096423E+01   3.449148E+00  -4.853872E+00        13
   3.305299E+02   4.789500E+04   1.361063E+00   1.361063E+00   4.409562E+00   2.937667E+00  -1.096985E+01   3.447743E+00  -4.853872E+00        13
   3.315299E+02   4.820500E+04   1.361063E+00   1.361063E+00   4.409562E+00   2.937667E+00  -1.097546E+01   3.446342E+00  -4.853872E+00        13
   3.325299E+02   4.851600E+04   1.361063E+00   1.361063E+00   4.409562E+00   2.937667E+00  -1.098104E+01   3.444945E+00  -4.853872E+00        13
   3.335299E+02   4.882800E+04   1.361063E+00   1.361063E+00   4.409562E+00   2.937667E+00  -1.098661E+01   3.443553E+00  -4.853872E+00        13
   3.345299E+02   4.914100E+04   1.361063E+00   1.361063E+00   4.409562E+00   2.937667E+00  -1.099216E+01   3.442166E+00  -4.853872E+00        13
   3.355299E+02   4.945500E+04   1.361063E+00   1.361063E+00   4.409562E+00   2.937667E+00  -1.099769E+01   3.440783E+00  -4.853872E+00        13
   3.365299E+02   4.977000E+04   1.361063E+00   1.361063E+00   4.409562E+00   2.937667E+00  -1.100321E+01   3.439404E+00  -4.853872E+00        13
   3.375299E+02   5.008600E+04   1.361063E+00   1.361063E+00   4.409562E+00   2.937667E+00  -1.100870E+01   3.438030E+00  -4.853872E+00        13
   3.385299E+02   5.040300E+04   1.361063E+00   1.361063E+00   4.409562E+00   2.937667E+00  -1.101418E+01   3.436660E+00  -4.853872E+00        13
   3.395299E+02   5.072100E+04   1.361063E+00   1.361063E+00   4.409562E+00   2.937667E+00  -1.101965E+01   3.435294E+00  -4.853872E+00        13
   3.405299E+02   5.104000E+04   1.361063E+00   1.361063E+00   4.409562E+00   2.937667E+00  -1.102509E+01   3.433932E+00  -4.853872E+00        13
   3.415299E+02   5.136000E+04   1.361063E+00   1.361063E+00   4.409562E+00   2.937667E+00  -1.103052E+01   3.432575E+00  -4.853872E+00        13
   3.425299E+02   5.168100E+04   1.361063E+00   1.361063E+00   4.409562E+00   2.937667E+00  -1.103593E+01   3.431222E+00  -4.853872E+00        13
   3.435299E+02   5.200300E+04   1.361063E+00   1.361063E+00   4.409562E+00   2.937667E+00  -1.104133E+01   3.429873E+00  -4.853872E+00        13
   3.445299E+02   5.232600E+04   1.361063E+00   1.361063E+00   4.409562E+00   2.937667E+00  -1.104671E+01   3.428529E+00  -4.853872E+00        13
   3.455299E+02   5.265000E+04   1.361063E+00   1.361063E+00   4.409562E+00   2.937667E+00  -1.105207E+01   3.427189E+00  -4.853872E+00        13
   3.465299E+02   5.297500E+04   1.361063E+00   1.361063E+00   4.409562E+00   2.937667E+00  -1.105741E+01   3.425852E+00  -4.853872E+00        13
   3.475299E+02   5.330100E+04   1.361063E+00   1.361063E+00   4.409562E+00   2.937667E+00  -1.106274E+01   3.424520E+00  -4.853872E+00        13
   3.485299E+02   5.362800E+04   1.361063E+00   1.361063E+00   4.409562E+00   2.937667E+00  -1.106805E+01   3.423192E+00  -4.853872E+00        13
   3.495299E+02   5.395600E+04   1.361063E+00   1.361063E+00   4.409562E+00   2.937667E+00  -1.107335E+01   3.421868E+00  -4.853872E+00        13
   3.505299E+02   5.428500E+04   1.361063E+00   1.361063E+00   4.409562E+00   2.937667E+00  -1.107863E+01   3.420548E+00  -4.853872E+00        13
   3.515299E+02   5.461500E+04   1.361063E+00   1.361063E+00   4.409562E+00   2.937667E+00  -1.108390E+01   3.419232E+00  -4.853872E+00        13
   3.525299E+02   5.494600E+04   1.361063E+00   1.361063E+00   4.409562E+00   2.937667E+00  -1.108914E+01   3.417920E+00  -4.853872E+00        13
   3.535299E+02   5.527800E+04   1.361063E+00   1.361063E+00   4.409562E+00   2.937667E+00  -1.109438E+01   3.416612E+00  -4.853872E+00        13
   3.545299E+02   5.561100E+04   1.361063E+00   1.361063E+00   4.409562E+00   2.937667E+00  -1.109959E+01   3.415307E+00  -4.853872E+00        13
   3.555299E+02   5.594500E+04   1.361063E+00   1.361063E+00   4.409562E+00   2.937667E+00  -1.110479E+01   3.414007E+00  -4.853872E+00        13
   3.565299E+02   5.628000E+04   1.361063E+00   1.361063E+00   4.409562E+00   2.937667E+00  -1.110998E+01   3.412711E+00  -4.853872E+00        13
   3.575299E+02   5.661600E+04   1.361063E+00   1.361063E+00   4.409562E+00   2.937667E+00  -1.111515E+01   3.411418E+00  -4.853872E+00        13
   3.585299E+02   5.695300E+04   1.361063E+00   1.361063E+00   4.409562E+00   2.937667E+00  -1.112030E+01   3.410129E+00  -4.853872E+00        13
   3.595299E+02   5.729100E+04   1.361063E+00   1.361063E+00   4.409562E+00   2.937667E+00  -1.112544E+01   3.408844E+00  -4.853872E+00        13
   3.605299E+02   5.763000E+04   1.361063E+00   1.361063E+00   4.409562E+00   2.937667E+00  -1.113057E+01   3.407563E+00  -4.853872E+00        13
   3.615299E+02   5.797000E+04   1.361063E+00   1.361063E+00   4.409562E+00   2.937667E+00  -1.113568E+01   3.406286E+00  -4.853872E+00        13
   3.625299E+02   5.831100E+04   1.361063E+00   1.361063E+00   4.409562E+00   2.937667E+00  -1.114077E+01   3.405012E+00  -4.853872E+00        13
   3.635299E+02   5.865300E+04   1.361063E+00   1.361063E+00   4.409562E+00   2.937667E+00  -1.114585E+01   3.403743E+00  -4.853872E+00        13
   3.645299E+02   5.899600E+04   1.361063E+00   1.361063E+00   4.409562E+00   2.937667E+00  -1.115092E+01   3.402476E+00  -4.853872E+00        13
   3.655299E+02   5.934000E+04   1.361063E+00   1.361063E+00   4.409562E+00   2.937667E+00  -1.115597E+01   3.401214E+00  -4.853872E+00        13
   3.665299E+02   5.968500E+04   1.361063E+00   1.361063E+00   4.409562E+00   2.937667E+00  -1.116100E+01   3.399955E+00  -4.853872E+00        13
   3.675299E+02   6.003100E+04   1.361063E+00   1.361063E+00   4.409562E+00   2.937667E+00  -1.116602E+01   3.398700E+00  -4.853872E+00        13
   3.685299E+02   6.037800E+04   1.361063E+00   1.361063E+00   4.409562E+00   2.937667E+00  -1.117103E+01   3.397448E+00  -4.853872E+00        13
   3.695299E+02   6.072600E+04   1.361063E+00   1.361063E+00   4.409562E+00   2.937667E+00  -1.117602E+01   3.396200E+00  -4.853872E+00        13
   3.705299E+02   6.107500E+04   1.361063E+00   1.361063E+00   4.409562E+00   2.937667E+00  -1.118100E+01   3.394956E+00  -4.853872E+00        13
   3.715299E+02   6.142500E+04   1.361063E+00   1.361063E+00   4.409562E+00   2.937667E+00  -1.118596E+01   3.393715E+00  -4.853872E+00        13
   3.725299E+02   6.177600E+04   1.361063E+00   1.361063E+00   4.409562E+00   2.937667E+00  -1.119091E+01   3.392478E+00  -4.853872E+00        13
   3.735299E+02   6.212800E+04   1.361063E+00   1.361063E+00   4.409562E+00   2.937667E+00  -1.119585E+01   3.391244E+00  -4.853872E+00        13
   3.745299E+02   6.248100E+04   1.361063E+00   1.361063E+00   4.409562E+00   2.937667E+00  -1.120077E+01   3.390014E+00  -4.853872E+00        13
   3.755299E+02   6.283500E+04   1.361063E+00   1.361063E+00   4.409562E+00   2.937667E+00  -1.120567E+01   3.388787E+00  -4.853872E+00        13
   3.765299E+02   6.319000E+04   1.361063E+00   1.361063E+00   4.409562E+00   2.937667E+00  -1.121057E+01   3.387564E+00  -4.853872E+00        13
   3.775299E+02   6.354600E+04   1.361063E+00   1.361063E+00   4.409562E+00   2.937667E+00  -1.121545E+01   3.386344E+00  -4.853872E+00        13
   3.785299E+02   6.390300E+04   1.361063E+00   1.361063E+00   4.409562E+00   2.937667E+00  -1.122031E+01   3.385127E+00  -4.853872E+00        13
   3.795299E+02   6.426100E+04   1.361063E+00   1.361063E+00   4.409562E+00   2.937667E+00  -1.122517E+01   3.383914E+00  -4.853872E+00        13
   3.805299E+02   6.462000E+04   1.361063E+00   1.361063E+00   4.409562E+00   2.937667E+00  -1.123001E+01   3.382704E+00  -4.853872E+00        13
   3.815299E+02   6.498000E+04   1.361063E+00   1.361063E+00   4.409562E+00   2.937667E+00  -1.123483E+01   3.381498E+00  -4.853872E+00        13
   3.825299E+02   6.534100E+04   1.361063E+00   1.361063E+00   4.409562E+00   2.937667E+00  -1.123964E+01   3.380295E+00  -4.853872E+00        13
   3.835299E+02   6.570300E+04   1.361063E+00   1.361063E+00   4.409562E+00   2.937667E+00  -1.124444E+01   3.379095E+00  -4.853872E+00        13
   3.845299E+02   6.606600E+04   1.361063E+00   1.361063E+00   4.409562E+00   2.937667E+00  -1.124923E+01   3.377899E+00  -4.853872E+00        13
   3.855299E+02   6.643000E+04   1.361063E+00   1.361063E+00   4.409562E+00   2.937667E+00  -1.125400E+01   3.376706E+00  -4.853872E+00        13
   3.865299E+02   6.679500E+04   1.361063E+00   1.361063E+00   4.409562E+00   2.937667E+00  -1.125876E+01   3.375516E+00  -4.853872E+00        13
   3.875299E+02   6.716100E+04   1.361063E+00   1.361063E+00   4.409562E+00   2.937667E+00  -1.126351E+01   3.374329E+00  -4.853872E+00        13
   3.885299E+02   6.752800E+04   1.361063E+00   1.361063E+00   4.409562E+00   2.937667E+00  -1.126824E+01   3.373146E+00  -4.853872E+00        13
   3.895299E+02   6.789600E+04   1.361063E+00   1.361063E+00   4.409562E+00   2.937667E+00  -1.127296E+01   3.371966E+00  -4.853872E+00        13
   3.905299E+02   6.826500E+04   1.361063E+00   1.361063E+00   4.409562E+00   2.937667E+00  -1.127767E+01   3.370789E+00  -4.853872E+00        13
   3.915299E+02   6.863500E+04   1.361063E+00   1.361063E+00   4.409562E+00   2.937667E+00  -1.128236E+01   3.369615E+00  -4.853872E+00        13
   3.925299E+02   6.900600E+04   1.361063E+00   1.361063E+00   4.409562E+00   2.937667E+00  -1.128705E+01   3.368444E+00  -4.853872E+00        13
   3.935299E+02   6.937800E+04   1.361063E+00   1.361063E+00   4.409562E+00   2.937667E+00  -1.129172E+01   3.367277E+00  -4.853872E+00        13
   3.945299E+02   6.975100E+04   1.361063E+00   1.361063E+00   4.409562E+00   2.937667E+00  -1.129637E+01   3.366112E+00  -4.853872E+00        13
   3.955299E+02   7.012500E+04   1.361063E+00   1.361063E+00   4.409562E+00   2.937667E+00  -1.130102E+01   3.364951E+00  -4.853872E+00        13
   3.965299E+02   7.050000E+04   1.361063E+00   1.361063E+00   4.409562E+00   2.937667E+00  -1.130565E+01   3.363793E+00  -4.853872E+00        13
   3.975299E+02   7.087600E+04   1.361063E+00   1.361063E+00   4.409562E+00   2.937667E+00  -1.131027E+01   3.362638E+00  -4.853872E+00        13
   3.985299E+02   7.125300E+04   1.361063E+00   1.361063E+00   4.409562E+00   2.937667E+00  -1.131488E+01   3.361486E+00  -4.853872E+00        13
   3.995299E+02   7.163100E+04   1.361063E+00   1.361063E+00   4.409562E+00   2.937667E+00  -1.131947E+01   3.360337E+00  -4.853872E+00        13
   4.005299E+02   7.201000E+04   1.361063E+00   1.361063E+00   4.409562E+00   2.937667E+00  -1.132406E+01   3.359191E+00  -4.853872E+00        13
   4.015299E+02   7.239000E+04   1.361063E+00   1.361063E+00   4.409562E+00   2.937667E+00  -1.132863E+01   3.358048E+00  -4.853872E+00        13
   4.025299E+02   7.277100E+04   1.361063E+00   1.361063E+00   4.409562E+00   2.937667E+00  -1.133319E+01   3.356909E+00  -4.853872E+00        13
   4.035299E+02   7.315300E+04   1.361063E+00   1.361063E+00   4.409562E+00   2.937667E+00  -1.133774E+01   3.355772E+00  -4.853872E+00        13
   4.045299E+02   7.353600E+04   1.361063E+00   1.361063E+00   4.409562E+00   2.937667E+00  -1.134227E+01   3.354638E+00  -4.853872E+00        13
   4.055299E+02   7.392000E+04   1.361063E+00   1.361063E+00   4.409562E+00   2.937667E+00  -1.134680E+01   3.353507E+00  -4.853872E+00        13
   4.065299E+02   7.430500E+04   1.361063E+00   1.361063E+00   4.409562E+00   2.937667E+00  -1.135131E+01   3.352379E+00  -4.853872E+00        13
   4.075299E+02   7.469100E+04   1.361063E+00   1.361063E+00   4.409562E+00   2.937667E+00  -1.135581E+01   3.351254E+00  -4.853872E+00        13
   4.085299E+02   7.507800E+04   1.361063E+00   1.361063E+00   4.409562E+00   2.937667E+00  -1.136030E+01   3.350131E+00  -4.853872E+00        13
   4.095299E+02   7.546600E+04   1.361063E+00   1.361063E+00   4.409562E+00   2.937667E+00  -1.136477E+01   3.349012E+00  -4.853872E+00        13
   4.105299E+02   7.585500E+04   1.361063E+00   1.361063E+00   4.409562E+00   2.937667E+00  -1.136924E+01   3.347896E+00  -4.853872E+00        13
   4.115299E+02   7.624500E+04   1.361063E+00   1.361063E+00   4.409562E+00   2.937667E+00  -1.137369E+01   3.346782E+00  -4.853872E+00        13
   4.125299E+02   7.663600E+04   1.361063E+00   1.361063E+00   4.409562E+00   2.937667E+00  -1.137814E+01   3.345671E+00  -4.853872E+00        13
   4.135299E+02   7.702800E+04   1.361063E+00   1.361063E+00   4.409562E+00   2.937667E+00  -1.138257E+01   3.344563E+00  -4.853872E+00        13
   4.145299E+02   7.742100E+04   1.361063E+00   1.361063E+00   4.409562E+00   2.937667E+00  -1.138699E+01   3.343458E+00  -4.853872E+00        13
   4.155299E+02   7.781500E+04   1.361063E+00   1.361063E+00   4.409562E+00   2.937667E+00  -1.139140E+01   3.342356E+00  -4.853872E+00        13
   4.165299E+02   7.821000E+04   1.361063E+00   1.361063E+00   4.409562E+00   2.937667E+00  -1.139580E+01   3.341257E+00  -4.853872E+00        13
   4.175299E+02   7.860600E+04   1.361063E+00   1.361063E+00   4.409562E+00   2.937667E+00  -1.140018E+01   3.340160E+00  -4.853872E+00        13
   4.185299E+02   7.900300E+04   1.361063E+00   1.361063E+00   4.409562E+00   2.937667E+00  -1.140456E+01   3.339066E+00  -4.853872E+00        13
   4.195299E+02   7.940100E+04   1.361063E+00   1.361063E+00   4.409562E+00   2.937667E+00  -1.140892E+01   3.337975E+00  -4.853872E+00        13
   4.205299E+02   7.980000E+04   1.361063E+00   1.361063E+00   4.409562E+00   2.937667E+00  -1.141328E+01   3.336886E+00  -4.853872E+00        13
   4.215299E+02   8.020000E+04   1.361063E+00   1.361063E+00   4.409562E+00   2.937667E+00  -1.141762E+01   3.335801E+00  -4.853872E+00        13
   4.225299E+02   8.060100E+04   1.361063E+00   1.361063E+00   4.409562E+00   2.937667E+00  -1.142195E+01   3.334717E+00  -4.853872E+00        13
   4.235299E+02   8.100300E+04   1.361063E+00   1.361063E+00   4.409562E+00   2.937667E+00  -1.142627E+01   3.333637E+00  -4.853872E+00        13
   4.245299E+02   8.140600E+04   1.361063E+00   1.361063E+00   4.409562E+00   2.937667E+00  -1.143058E+01   3.332559E+00  -4.853872E+00        13
   4.255299E+02   8.181000E+04   1.361063E+00   1.361063E+00   4.409562E+00   2.937667E+00  -1.143488E+01   3.331484E+00  -4.853872E+00        13
   4.265299E+02   8.221500E+04   1.361063E+00   1.361063E+00   4.409562E+00   2.937667E+00  -1.143917E+01   3.330412E+00  -4.853872E+00        13
   4.275299E+02   8.262100E+04   1.361063E+00   1.361063E+00   4.409562E+00   2.937667E+00  -1.144345E+01   3.329342E+00  -4.853872E+00        13
   4.285299E+02   8.302800E+04   1.361063E+00   1.361063E+00   4.409562E+00   2.937667E+00  -1.144772E+01   3.328275E+00  -4.853872E+00        13
   4.295299E+02   8.343600E+04   1.361063E+00   1.361063E+00   4.409562E+00   2.937667E+00  -1.145198E+01   3.327211E+00  -4.853872E+00        13
   4.305299E+02   8.384500E+04   1.361063E+00   1.361063E+00   4.409562E+00   2.937667E+00  -1.145623E+01   3.326149E+00  -4.853872E+00        13
   4.315299E+02   8.425500E+04   1.361063E+00   1.361063E+00   4.409562E+00   2.937667E+00  -1.146046E+01   3.325090E+00  -4.853872E+00        13
   4.325299E+02   8.466600E+04   1.361063E+00   1.361063E+00   4.409562E+00   2.937667E+00  -1.146469E+01   3.324033E+00  -4.853872E+00        13
   4.335299E+02   8.507800E+04   1.361063E+00   1.361063E+00   4.409562E+00   2.937667E+00  -1.146891E+01   3.322979E+00  -4.853872E+00        13
   4.345299E+02   8.549100E+04   1.361063E+00   1.361063E+00   4.409562E+00   2.937667E+00  -1.147311E+01   3.321927E+00  -4.853872E+00        13
   4.355299E+02   8.590500E+04   1.361063E+00   1.361063E+00   4.409562E+00   2.937667E+00  -1.147731E+01   3.320878E+00  -4.853872E+00        13
   4.365299E+02   8.632000E+04   1.361063E+00   1.361063E+00   4.409562E+00   2.937667E+00  -1.148149E+01   3.319832E+00  -4.853872E+00        13
   4.375299E+02   8.673600E+04   1.361063E+00   1.361063E+00   4.409562E+00   2.937667E+00  -1.148567E+01   3.318788E+00  -4.853872E+00        13
   4.385299E+02   8.715300E+04   1.361063E+00   1.361063E+00   4.409562E+00   2.937667E+00  -1.148984E+01   3.317747E+00  -4.853872E+00        13
   4.395299E+02   8.757100E+04   1.361063E+00   1.361063E+00   4.409562E+00   2.937667E+00  -1.149399E+01   3.316708E+00  -4.853872E+00        13
   4.405299E+02   8.799000E+04   1.361063E+00   1.361063E+00   4.409562E+00   2.937667E+00  -1.149814E+01   3.315671E+00  -4.853872E+00        13
   4.415299E+02   8.841000E+04   1.361063E+00   1.361063E+00   4.409562E+00   2.937667E+00  -1.150227E+01   3.314637E+00  -4.853872E+00        13
   4.425299E+02   8.883100E+04   1.361063E+00   1.361063E+00   4.409562E+00   2.937667E+00  -1.150640E+01   3.313605E+00  -4.853872E+00        13
   4.435299E+02   8.925300E+04   1.361063E+00   1.361063E+00   4.409562E+00   2.937667E+00  -1.151052E+01   3.312576E+00  -4.853872E+00        13
   4.445299E+02   8.967600E+04   1.361063E+00   1.361063E+00   4.409562E+00   2.937667E+00  -1.151462E+01   3.311550E+00  -4.853872E+00        13
   4.455299E+02   9.010000E+04   1.361063E+00   1.361063E+00   4.409562E+00   2.937667E+00  -1.151872E+01   3.310525E+00  -4.853872E+00        13
   4.465299E+02   9.052500E+04   1.361063E+00   1.361063E+00   4.409562E+00   2.937667E+00  -1.152281E+01   3.309503E+00  -4.853872E+00        13
   4.475299E+02   9.095100E+04   1.361063E+00   1.361063E+00   4.409562E+00   2.937667E+00  -1.152689E+01   3.308484E+00  -4.853872E+00        13
   4.485299E+02   9.137800E+04   1.361063E+00   1.361063E+00   4.409562E+00   2.937667E+00  -1.153095E+01   3.307467E+00  -4.853872E+00        13
   4.495299E+02   9.180600E+04   1.361063E+00   1.361063E+00   4.409562E+00   2.937667E+00  -1.153501E+01   3.306452E+00  -4.853872E+00        13
   4.505299E+02   9.223500E+04   1.361063E+00   1.361063E+00   4.409562E+00   2.937667E+00  -1.153906E+01   3.305440E+00  -4.853872E+00        13
   4.515299E+02   9.266500E+04   1.361063E+00   1.361063E+00   4.409562E+00   2.937667E+00  -1.154310E+01   3.304430E+00  -4.853872E+00        13
   4.525299E+02   9.309600E+04   1.361063E+00   1.361063E+00   4.409562E+00   2.937667E+00  -1.154713E+01   3.303422E+00  -4.853872E+00        13
   4.535299E+02   9.352800E+04   1.361063E+00   1.361063E+00   4.409562E+00   2.937667E+00  -1.155115E+01   3.302417E+00  -4.853872E+00        13
   4.545299E+02   9.396100E+04   1.361063E+00   1.361063E+00   4.409562E+00   2.937667E+00  -1.155517E+01   3.301414E+00  -4.853872E+00        13
   4.555299E+02   9.439500E+04   1.361063E+00   1.361063E+00   4.409562E+00   2.937667E+00  -1.155917E+01   3.300413E+00  -4.853872E+00        13
   4.565299E+02   9.483000E+04   1.361063E+00   1.361063E+00   4.409562E+00   2.937667E+00  -1.156316E+01   3.299415E+00  -4.853872E+00        13
   4.575299E+02   9.526600E+04   1.361063E+00   1.361063E+00   4.409562E+00   2.937667E+00  -1.156715E+01   3.298419E+00  -4.853872E+00        13
   4.585299E+02   9.570300E+04   1.361063E+00   1.361063E+00   4.409562E+00   2.937667E+00  -1.157112E+01   3.297425E+00  -4.853872E+00        13
   4.595299E+02   9.614100E+04   1.361063E+00   1.361063E+00   4.409562E+00   2.937667E+00  -1.157509E+01   3.296433E+00  -4.853872E+00        13
   4.605299E+02   9.658000E+04   1.361063E+00   1.361063E+00   4.409562E+00   2.937667E+00  -1.157905E+01   3.295444E+00  -4.853872E+00        13
   4.615299E+02   9.702000E+04   1.361063E+00   1.361063E+00   4.409562E+00   2.937667E+00  -1.158299E+01   3.294457E+00  -4.853872E+00        13
   4.625299E+02   9.746100E+04   1.361063E+00   1.361063E+00   4.409562E+00   2.937667E+00  -1.158693E+01   3.293472E+00  -4.853872E+00        13
   4.635299E+02   9.790300E+04   1.361063E+00   1.361063E+00   4.409562E+00   2.937667E+00  -1.159086E+01   3.292490E+00  -4.853872E+00        13
   4.645299E+02   9.834600E+04   1.361063E+00   1.361063E+00   4.409562E+00   2.937667E+00  -1.159478E+01   3.291509E+00  -4.853872E+00        13
   4.655299E+02   9.879000E+04   1.361063E+00   1.361063E+00   4.409562E+00   2.937667E+00  -1.159870E+01   3.290531E+00  -4.853872E+00        13
   4.665299E+02   9.923500E+04   1.361063E+00   1.361063E+00   4.409562E+00   2.937667E+00  -1.160260E+01   3.289555E+00  -4.853872E+00        13
   4.675299E+02   9.968100E+04   1.361063E+00   1.361063E+00   4.409562E+00   2.937667E+00  -1.160650E+01   3.288582E+00  -4.853872E+00        13
   4.685299E+02   1.001280E+05   1.361063E+00   1.361063E+00   4.409562E+00   2.937667E+00  -1.161038E+01   3.287610E+00  -4.853872E+00        13
   4.695299E+02   1.005760E+05   1.361063E+00   1.361063E+00   4.409562E+00   2.937667E+00  -1.161426E+01   3.286641E+00  -4.853872E+00        13
   4.705299E+02   1.010250E+05   1.361063E+00   1.361063E+00   4.409562E+00   2.937667E+00  -1.161813E+01   3.285673E+00  -4.853872E+00        13
   4.715299E+02   1.014750E+05   1.361063E+00   1.361063E+00   4.409562E+00   2.937667E+00  -1.162199E+01   3.284708E+00  -4.853872E+00        13
   4.725299E+02   1.019260E+05   1.361063E+00   1.361063E+00   4.409562E+00   2.937667E+00  -1.162584E+01   3.283745E+00  -4.853872E+00        13
   4.735299E+02   1.023780E+05   1.361063E+00   1.361063E+00   4.409562E+00   2.937667E+00  -1.162968E+01   3.282784E+00  -4.853872E+00        13
   4.745299E+02   1.028310E+05   1.361063E+00   1.361063E+00   4.409562E+00   2.937667E+00  -1.163352E+01   3.281826E+00  -4.853872E+00        13
   4.755299E+02   1.032850E+05   1.361063E+00   1.361063E+00   4.409562E+00   2.937667E+00  -1.163735E+01   3.280869E+00  -4.853872E+00        13
   4.765299E+02   1.037400E+05   1.361063E+00   1.361063E+00   4.409562E+00   2.937667E+00  -1.164116E+01   3.279915E+00  -4.853872E+00        13
   4.775299E+02   1.041960E+05   1.361063E+00   1.361063E+00   4.409562E+00   2.937667E+00  -1.164497E+01   3.278962E+00  -4.853872E+00        13
   4.785299E+02   1.046530E+05   1.361063E+00   1.361063E+00   4.409562E+00   2.937667E+00  -1.164877E+01   3.278012E+00  -4.853872E+00        13
   4.795299E+02   1.051110E+05   1.361063E+00   1.361063E+00   4.409562E+00   2.937667E+00  -1.165257E+01   3.277064E+00  -4.853872E+00        13
   4.805299E+02   1.055700E+05   1.361063E+00   1.361063E+00   4.409562E+00   2.937667E+00  -1.165635E+01   3.276117E+00  -4.853872E+00        13
   4.815299E+02   1.060300E+05   1.361063E+00   1.361063E+00   4.409562E+00   2.937667E+00  -1.166013E+01   3.275173E+00  -4.853872E+00        13
   4.825299E+02   1.064910E+05   1.361063E+00   1.361063E+00   4.409562E+00   2.937667E+00  -1.166390E+01   3.274231E+00  -4.853872E+00        13
   4.835299E+02   1.069530E+05   1.361063E+00   1.361063E+00   4.409562E+00   2.937667E+00  -1.166766E+01   3.273291E+00  -4.853872E+00        13
   4.845299E+02   1.074160E+05   1.361063E+00   1.361063E+00   4.409562E+00   2.937667E+00  -1.167141E+01   3.272353E+00  -4.853872E+00        13
   4.855299E+02   1.078800E+05   1.361063E+00   1.361063E+00   4.409562E+00   2.937667E+00  -1.167515E+01   3.271417E+00  -4.853872E+00        13
   4.865299E+02   1.083450E+05   1.361063E+00   1.361063E+00   4.409562E+00   2.937667E+00  -1.167889E+01   3.270483E+00  -4.853872E+00        13
   4.875299E+02   1.088110E+05   1.361063E+00   1.361063E+00   4.409562E+00   2.937667E+00  -1.168262E+01   3.269551E+00  -4.853872E+00        13
   4.885299E+02   1.092780E+05   1.361063E+00   1.361063E+00   4.409562E+00   2.937667E+00  -1.168634E+01   3.268621E+00  -4.853872E+00        13
   4.895299E+02   1.097460E+05   1.361063E+00   1.361063E+00   4.409562E+00   2.937667E+00  -1.169005E+01   3.267693E+00  -4.853872E+00        13
   4.905299E+02   1.102150E+05   1.361063E+00   1.361063E+00   4.409562E+00   2.937667E+00  -1.169375E+01   3.266767E+00  -4.853872E+00        13
   4.915299E+02   1.106850E+05   1.361063E+00   1.361063E+00   4.409562E+00   2.937667E+00  -1.169745E+01   3.265843E+00  -4.853872E+00        13
   4.925299E+02   1.111560E+05   1.361063E+00   1.361063E+00   4.409562E+00   2.937667E+00  -1.170114E+01   3.264921E+00  -4.853872E+00        13
   4.935299E+02   1.116280E+05   1.361063E+00   1.361063E+00   4.409562E+00   2.937667E+00  -1.170482E+01   3.264001E+00  -4.853872E+00        13
   4.945299E+02   1.121010E+05   1.361063E+00   1.361063E+00   4.409562E+00   2.937667E+00  -1.170849E+01   3.263083E+00  -4.853872E+00        13
   4.955299E+02   1.125750E+05   1.361063E+00   1.361063E+00   4.409562E+00   2.937667E+00  -1.171216E+01   3.262167E+00  -4.853872E+00        13
   4.965299E+02   1.130500E+05   1.361063E+00   1.361063E+00   4.409562E+00   2.937667E+00  -1.171581E+01   3.261252E+00  -4.853872E+00        13
   4.975299E+02   1.135260E+05   1.361063E+00   1.361063E+00   4.409562E+00   2.937667E+00  -1.171946E+01   3.260340E+00  -4.853872E+00        13
   4.985299E+02   1.140030E+05   1.361063E+00   1.361063E+00   4.409562E+00   2.937667E+00  -1.172310E+01   3.259430E+00  -4.853872E+00        13
   4.995299E+02   1.144810E+05   1.361063E+00   1.361063E+00   4.409562E+00   2.937667E+00  -1.172674E+01   3.258521E+00  -4.853872E+00        13
   5.005299E+02   1.149600E+05   1.361063E+00   1.361063E+00   4.409562E+00   2.937667E+00  -1.173037E+01   3.257614E+00  -4.853872E+00        13
   5.015299E+02   1.154400E+05   1.361063E+00   1.361063E+00   4.409562E+00   2.937667E+00  -1.173398E+01   3.256710E+00  -4.853872E+00        13
   5.025299E+02   1.159210E+05   1.361063E+00   1.361063E+00   4.409562E+00   2.937667E+00  -1.173760E+01   3.255807E+00  -4.853872E+00        13
   5.035299E+02   1.164030E+05   1.361063E+00   1.361063E+00   4.409562E+00   2.937667E+00  -1.174120E+01   3.254906E+00  -4.853872E+00        13
   5.045299E+02   1.168860E+05   1.361063E+00   1.361063E+00   4.409562E+00   2.937667E+00  -1.174480E+01   3.254006E+00  -4.853872E+00        13
   5.055299E+02   1.173700E+05   1.361063E+00   1.361063E+00   4.409562E+00   2.937667E+00  -1.174839E+01   3.253109E+00  -4.853872E+00        13
   5.065299E+02   1.178550E+05   1.361063E+00   1.361063E+00   4.409562E+00   2.937667E+00  -1.175197E+01   3.252214E+00  -4.853872E+00        13
   5.075299E+02   1.183410E+05   1.361063E+00   1.361063E+00   4.409562E+00   2.937667E+00  -1.175554E+01   3.251320E+00  -4.853872E+00        13
   5.085299E+02   1.188280E+05   1.361063E+00   1.361063E+00   4.409562E+00   2.937667E+00  -1.175911E+01   3.250428E+00  -4.853872E+00        13
   5.095299E+02   1.193160E+05   1.361063E+00   1.361063E+00   4.409562E+00   2.937667E+00  -1.176267E+01   3.249538E+00  -4.853872E+00        13
   5.105299E+02   1.198050E+05   1.361063E+00   1.361063E+00   4.409562E+00   2.937667E+00  -1.176622E+01   3.248650E+00  -4.853872E+00        13
   5.115299E+02   1.202950E+05   1.361063E+00   1.361063E+00   4.409562E+00   2.937667E+00  -1.176977E+01   3.247764E+00  -4.853872E+00        13
   5.125299E+02   1.207860E+05   1.361063E+00   1.361063E+00   4.409562E+00   2.937667E+00  -1.177330E+01   3.246879E+00  -4.853872E+00        13
   5.135299E+02   1.212780E+05   1.361063E+00   1.361063E+00   4.409562E+00   2.937667E+00  -1.177684E+01   3.245997E+00  -4.853872E+00        13
   5.145299E+02   1.217710E+05   1.361063E+00   1.361063E+00   4.409562E+00   2.937667E+00  -1.178036E+01   3.245116E+00  -4.853872E+00        13
   5.155299E+02   1.222650E+05   1.361063E+00   1.361063E+00   4.409562E+00   2.937667E+00  -1.178388E+01   3.244237E+00  -4.853872E+00        13
   5.165299E+02   1.227600E+05   1.361063E+00   1.361063E+00   4.409562E+00   2.937667E+00  -1.178739E+01   3.243359E+00  -4.853872E+00        13
   5.175299E+02   1.232560E+05   1.361063E+00   1.361063E+00   4.409562E+00   2.937667E+00  -1.179089E+01   3.242484E+00  -4.853872E+00        13
   5.185299E+02   1.237530E+05   1.361063E+00   1.361063E+00   4.409562E+00   2.937667E+00  -1.179438E+01   3.241610E+00  -4.853872E+00        13
   5.195299E+02   1.242510E+05   1.361063E+00   1.361063E+00   4.409562E+00   2.937667E+00  -1.179787E+01   3.240738E+00  -4.853872E+00        13
   5.205299E+02   1.247500E+05   1.361063E+00   1.361063E+00   4.409562E+00   2.937667E+00  -1.180135E+01   3.239867E+00  -4.853872E+00        13
   5.215299E+02   1.252500E+05   1.361063E+00   1.361063E+00   4.409562E+00   2.937667E+00  -1.180483E+01   3.238999E+00  -4.853872E+00        13
   5.225299E+02   1.257510E+05   1.361063E+00   1.361063E+00   4.409562E+00   2.937667E+00  -1.180829E+01   3.238132E+00  -4.853872E+00        13
   5.235299E+02   1.262530E+05   1.361063E+00   1.361063E+00   4.409562E+00   2.937667E+00  -1.181176E+01   3.237267E+00  -4.853872E+00        13
   5.245299E+02   1.267560E+05   1.361063E+00   1.361063E+00   4.409562E+00   2.937667E+00  -1.181521E+01   3.236403E+00  -4.853872E+00        13
   5.255299E+02   1.272600E+05   1.361063E+00   1.361063E+00   4.409562E+00   2.937667E+00  -1.181866E+01   3.235542E+00  -4.853872E+00        13
   5.265299E+02   1.277650E+05   1.361063E+00   1.361063E+00   4.409562E+00   2.937667E+00  -1.182210E+01   3.234682E+00  -4.853872E+00        13
   5.275299E+02   1.282710E+05   1.361063E+00   1.361063E+00   4.409562E+00   2.937667E+00  -1.182553E+01   3.233823E+00  -4.853872E+00        13
   5.285299E+02   1.287780E+05   1.361063E+00   1.361063E+00   4.409562E+00   2.937667E+00  -1.182895E+01   3.232967E+00  -4.853872E+00        13
   5.295299E+02   1.292860E+05   1.361063E+00   1.361063E+00   4.409562E+00   2.937667E+00  -1.183237E+01   3.232112E+00  -4.853872E+00        13
   5.305299E+02   1.297950E+05   1.361063E+00   1.361063E+00   4.409562E+00   2.937667E+00  -1.183579E+01   3.231259E+00  -4.853872E+00        13
   5.315299E+02   1.303050E+05   1.361063E+00   1.361063E+00   4.409562E+00   2.937667E+00  -1.183919E+01   3.230407E+00  -4.853872E+00        13
   5.325299E+02   1.308160E+05   1.361063E+00   1.361063E+00   4.409562E+00   2.937667E+00  -1.184259E+01   3.229557E+00  -4.853872E+00        13
   5.335299E+02   1.313280E+05   1.361063E+00   1.361063E+00   4.409562E+00   2.937667E+00  -1.184599E+01   3.228709E+00  -4.853872E+00        13
   5.345299E+02   1.318410E+05   1.361063E+00   1.361063E+00   4.409562E+00   2.937667E+00  -1.184937E+01   3.227862E+00  -4.853872E+00        13
   5.355299E+02   1.323550E+05   1.361063E+00   1.361063E+00   4.409562E+00   2.937667E+00  -1.185275E+01   3.227018E+00  -4.853872E+00        13
   5.365299E+02   1.328700E+05   1.361063E+00   1.361063E+00   4.409562E+00   2.937667E+00  -1.185613E+01   3.226174E+00  -4.853872E+00        13
   5.375299E+02   1.333860E+05   1.361063E+00   1.361063E+00   4.409562E+00   2.937667E+00  -1.185949E+01   3.225333E+00  -4.853872E+00        13
   5.385299E+02   1.339030E+05   1.361063E+00   1.361063E+00   4.409562E+00   2.937667E+00  -1.186285E+01   3.224493E+00  -4.853872E+00        13
   5.395299E+02   1.344210E+05   1.361063E+00   1.361063E+00   4.409562E+00   2.937667E+00  -1.186621E+01   3.223654E+00  -4.853872E+00        13
   5.405299E+02   1.349400E+05   1.361063E+00   1.361063E+00   4.409562E+00   2.937667E+00  -1.186955E+01   3.222817E+00  -4.853872E+00        13
   5.415299E+02   1.354600E+05   1.361063E+00   1.361063E+00   4.409562E+00   2.937667E+00  -1.187289E+01   3.221982E+00  -4.853872E+00        13
   5.425299E+02   1.359810E+05   1.361063E+00   1.361063E+00   4.409562E+00   2.937667E+00  -1.187623E+01   3.221149E+00  -4.853872E+00        13
   5.435299E+02   1.365030E+05   1.361063E+00   1.361063E+00   4.409562E+00   2.937667E+00  -1.187956E+01   3.220317E+00  -4.853872E+00        13
   5.445299E+02   1.370260E+05   1.361063E+00   1.361063E+00   4.409562E+00   2.937667E+00  -1.188288E+01   3.219486E+00  -4.853872E+00        13
   5.455299E+02   1.375500E+05   1.361063E+00   1.361063E+00   4.409562E+00   2.937667E+00  -1.188619E+01   3.218657E+00  -4.853872E+00        13
   5.465299E+02   1.380750E+05   1.361063E+00   1.361063E+00   4.409562E+00   2.937667E+00  -1.188950E+01   3.217830E+00  -4.853872E+00        13
   5.475299E+02   1.386010E+05   1.361063E+00   1.361063E+00   4.409562E+00   2.937667E+00  -1.189280E+01   3.217005E+00  -4.853872E+00        13
   5.485299E+02   1.391280E+05   1.361063E+00   1.361063E+00   4.409562E+00   2.937667E+00  -1.189610E+01   3.216180E+00  -4.853872E+00        13
   5.495299E+02   1.396560E+05   1.361063E+00   1.361063E+00   4.409562E+00   2.937667E+00  -1.189939E+01   3.215358E+00  -4.853872E+00        13
   5.505299E+02   1.401850E+05   1.361063E+00   1.361063E+00   4.409562E+00   2.937667E+00  -1.190267E+01   3.214537E+00  -4.853872E+00        13
   5.515299E+02   1.407150E+05   1.361063E+00   1.361063E+00   4.409562E+00   2.937667E+00  -1.190595E+01   3.213717E+00  -4.853872E+00        13
   5.525299E+02   1.412460E+05   1.361063E+00   1.361063E+00   4.409562E+00   2.937667E+00  -1.190922E+01   3.212900E+00  -4.853872E+00        13
   5.535299E+02   1.417780E+05   1.361063E+00   1.361063E+00   4.409562E+00   2.937667E+00  -1.191249E+01   3.212083E+00  -4.853872E+00        13
   5.545299E+02   1.423110E+05   1.361063E+00   1.361063E+00   4.409562E+00   2.937667E+00  -1.191575E+01   3.211268E+00  -4.853872E+00        13
   5.555299E+02   1.428450E+05   1.361063E+00   1.361063E+00   4.409562E+00   2.937667E+00  -1.191900E+01   3.210455E+00  -4.853872E+00        13
   5.565299E+02   1.433800E+05   1.361063E+00   1.361063E+00   4.409562E+00   2.937667E+00  -1.192225E+01   3.209643E+00  -4.853872E+00        13
   5.575299E+02   1.439160E+05   1.361063E+00   1.361063E+00   4.409562E+00   2.937667E+00  -1.192549E+01   3.208833E+00  -4.853872E+00        13
   5.585299E+02   1.444530E+05   1.361063E+00   1.361063E+00   4.409562E+00   2.937667E+00  -1.192872E+01   3.208024E+00  -4.853872E+00        13
   5.595299E+02   1.449910E+05   1.361063E+00   1.361063E+00   4.409562E+00   2.937667E+00  -1.193195E+01   3.207217E+00  -4.853872E+00        13
   5.605299E+02   1.455300E+05   1.361063E+00   1.361063E+00   4.409562E+00   2.937667E+00  -1.193518E+01   3.206411E+00  -4.853872E+00        13
   5.615299E+02   1.460700E+05   1.361063E+00   1.361063E+00   4.409562E+00   2.937667E+00  -1.193839E+01   3.205607E+00  -4.853872E+00        13
   5.625299E+02   1.466110E+05   1.361063E+00   1.361063E+00   4.409562E+00   2.937667E+00  -1.194160E+01   3.204804E+00  -4.853872E+00        13
   5.635299E+02   1.471530E+05   1.361063E+00   1.361063E+00   4.409562E+00   2.937667E+00  -1.194481E+01   3.204003E+00  -4.853872E+00        13
   5.645299E+02   1.476960E+05   1.361063E+00   1.361063E+00   4.409562E+00   2.937667E+00  -1.194801E+01   3.203203E+00  -4.853872E+00        13
   5.655299E+02   1.482400E+05   1.361063E+00   1.361063E+00   4.409562E+00   2.937667E+00  -1.195120E+01   3.202405E+00  -4.853872E+00        13
   5.665299E+02   1.487850E+05   1.361063E+00   1.361063E+00   4.409562E+00   2.937667E+00  -1.195439E+01   3.201608E+00  -4.853872E+00        13
   5.675299E+02   1.493310E+05   1.361063E+00   1.361063E+00   4.409562E+00   2.937667E+00  -1.195757E+01   3.200813E+00  -4.853872E+00        13
   5.685299E+02   1.498780E+05   1.361063E+00   1.361063E+00   4.409562E+00   2.937667E+00  -1.196075E+01   3.200019E+00  -4.853872E+00        13
   5.695299E+02   1.504260E+05   1.361063E+00   1.361063E+00   4.409562E+00   2.937667E+00  -1.196392E+01   3.199226E+00  -4.853872E+00        13
   5.705299E+02   1.509750E+05   1.361063E+00   1.361063E+00   4.409562E+00   2.937667E+00  -1.196708E+01   3.198435E+00  -4.853872E+00        13
   5.715299E+02   1.515250E+05   1.361063E+00   1.361063E+00   4.409562E+00   2.937667E+00  -1.197024E+01   3.197646E+00  -4.853872E+00        13
   5.725299E+02   1.520760E+05   1.361063E+00   1.361063E+00   4.409562E+00   2.937667E+00  -1.197339E+01   3.196857E+00  -4.853872E+00        13
   5.735299E+02   1.526280E+05   1.361063E+00   1.361063E+00   4.409562E+00   2.937667E+00  -1.197654E+01   3.196071E+00  -4.853872E+00        13
   5.745299E+02   1.531810E+05   1.361063E+00   1.361063E+00   4.409562E+00   2.937667E+00  -1.197968E+01   3.195285E+00  -4.853872E+00        13
   5.755299E+02   1.537350E+05   1.361063E+00   1.361063E+00   4.409562E+00   2.937667E+00  -1.198282E+01   3.194501E+00  -4.853872E+00        13
   5.765299E+02   1.542900E+05   1.361063E+00   1.361063E+00   4.409562E+00   2.937667E+00  -1.198595E+01   3.193719E+00  -4.853872E+00        13
   5.775299E+02   1.548460E+05   1.361063E+00   1.361063E+00   4.409562E+00   2.937667E+00  -1.198907E+01   3.192938E+00  -4.853872E+00        13
   5.785299E+02   1.554030E+05   1.361063E+00   1.361063E+00   4.409562E+00   2.937667E+00  -1.199219E+01   3.192158E+00  -4.853872E+00        13
   5.795299E+02   1.559610E+05   1.361063E+00   1.361063E+00   4.409562E+00   2.937667E+00  -1.199530E+01   3.191380E+00  -4.853872E+00        13
   5.805299E+02   1.565200E+05   1.361063E+00   1.361063E+00   4.409562E+00   2.937667E+00  -1.199841E+01   3.190603E+00  -4.853872E+00        13
   5.815299E+02   1.570800E+05   1.361063E+00   1.361063E+00   4.409562E+00   2.937667E+00  -1.200151E+01   3.189827E+00  -4.853872E+00        13
   5.825299E+02   1.576410E+05   1.361063E+00   1.361063E+00   4.409562E+00   2.937667E+00  -1.200461E+01   3.189053E+00  -4.853872E+00        13
   5.835299E+02   1.582030E+05   1.361063E+00   1.361063E+00   4.409562E+00   2.937667E+00  -1.200770E+01   3.188280E+00  -4.853872E+00        13
   5.845299E+02   1.587660E+05   1.361063E+00   1.361063E+00   4.409562E+00   2.937667E+00  -1.201079E+01   3.187509E+00  -4.853872E+00        13
   5.855299E+02   1.593300E+05   1.361063E+00   1.361063E+00   4.409562E+00   2.937667E+00  -1.201387E+01   3.186739E+00  -4.853872E+00        13
   5.865299E+02   1.598950E+05   1.361063E+00   1.361063E+00   4.409562E+00   2.937667E+00  -1.201694E+01   3.185970E+00  -4.853872E+00        13
   5.875299E+02   1.604610E+05   1.361063E+00   1.361063E+00   4.409562E+00   2.937667E+00  -1.202001E+01   3.185203E+00  -4.853872E+00        13
   5.885299E+02   1.610280E+05   1.361063E+00   1.361063E+00   4.409562E+00   2.937667E+00  -1.202307E+01   3.184437E+00  -4.853872E+00        13
   5.895299E+02   1.615960E+05   1.361063E+00   1.361063E+00   4.409562E+00   2.937667E+00  -1.202613E+01   3.183672E+00  -4.853872E+00        13
   5.905299E+02   1.621650E+05   1.361063E+00   1.361063E+00   4.409562E+00   2.937667E+00  -1.202919E+01   3.182909E+00  -4.853872E+00        13
   5.915299E+02   1.627350E+05   1.361063E+00   1.361063E+00   4.409562E+00   2.937667E+00  -1.203223E+01   3.182147E+00  -4.853872E+00        13
   5.925299E+02   1.633060E+05   1.361063E+00   1.361063E+00   4.409562E+00   2.937667E+00  -1.203528E+01   3.181387E+00  -4.853872E+00        13
   5.935299E+02   1.638780E+05   1.361063E+00   1.361063E+00   4.409562E+00   2.937667E+00  -1.203831E+01   3.180627E+00  -4.853872E+00        13
   5.945299E+02   1.644510E+05   1.361063E+00   1.361063E+00   4.409562E+00   2.937667E+00  -1.204134E+01   3.179869E+00  -4.853872E+00        13
   5.955299E+02   1.650250E+05   1.361063E+00   1.361063E+00   4.409562E+00   2.937667E+00  -1.204437E+01   3.179113E+00  -4.853872E+00        13
   5.965299E+02   1.656000E+05   1.361063E+00   1.361063E+00   4.409562E+00   2.937667E+00  -1.204739E+01   3.178358E+00  -4.853872E+00        13
   5.975299E+02   1.661760E+05   1.361063E+00   1.361063E+00   4.409562E+00   2.937667E+00  -1.205041E+01   3.177604E+00  -4.853872E+00        13
   5.985299E+02   1.667530E+05   1.361063E+00   1.361063E+00   4.409562E+00   2.937667E+00  -1.205342E+01   3.176851E+00  -4.853872E+00        13
   5.995299E+02   1.673310E+05   1.361063E+00   1.361063E+00   4.409562E+00   2.937667E+00  -1.205642E+01   3.176099E+00  -4.853872E+00        13
   6.005299E+02   1.679100E+05   1.361063E+00   1.361063E+00   4.409562E+00   2.937667E+00  -1.205942E+01   3.175349E+00  -4.853872E+00        13
   6.015299E+02   1.684900E+05   1.361063E+00   1.361063E+00   4.409562E+00   2.937667E+00  -1.206242E+01   3.174601E+00  -4.853872E+00        13
   6.025299E+02   1.690710E+05   1.361063E+00   1.361063E+00   4.409562E+00   2.937667E+00  -1.206541E+01   3.173853E+00  -4.853872E+00        13
   6.035299E+02   1.696530E+05   1.361063E+00   1.361063E+00   4.409562E+00   2.937667E+00  -1.206839E+01   3.173107E+00  -4.853872E+00        13
   6.045299E+02   1.702360E+05   1.361063E+00   1.361063E+00   4.409562E+00   2.937667E+00  -1.207137E+01   3.172362E+00  -4.853872E+00        13
   6.055299E+02   1.708200E+05   1.361063E+00   1.361063E+00   4.409562E+00   2.937667E+00  -1.207435E+01   3.171618E+00  -4.853872E+00        13
   6.065299E+02   1.714050E+05   1.361063E+00   1.361063E+00   4.409562E+00   2.937667E+00  -1.207732E+01   3.170876E+00  -4.853872E+00        13
   6.075299E+02   1.719910E+05   1.361063E+00   1.361063E+00   4.409562E+00   2.937667E+00  -1.208028E+01   3.170135E+00  -4.853872E+00        13
   6.085299E+02   1.725780E+05   1.361063E+00   1.361063E+00   4.409562E+00   2.937667E+00  -1.208324E+01   3.169395E+00  -4.853872E+00        13
   6.095299E+02   1.731660E+05   1.361063E+00   1.361063E+00   4.409562E+00   2.937667E+00  -1.208620E+01   3.168656E+00  -4.853872E+00        13
   6.105299E+02   1.737550E+05   1.361063E+00   1.361063E+00   4.409562E+00   2.937667E+00  -1.208915E+01   3.167919E+00  -4.853872E+00        13
   6.115299E+02   1.743450E+05   1.361063E+00   1.361063E+00   4.409562E+00   2.937667E+00  -1.209209E+01   3.167183E+00  -4.853872E+00        13
   6.125299E+02   1.749360E+05   1.361063E+00   1.361063E+00   4.409562E+00   2.937667E+00  -1.209503E+01   3.166448E+00  -4.853872E+00        13
   6.135299E+02   1.755280E+05   1.361063E+00   1.361063E+00   4.409562E+00   2.937667E+00  -1.209796E+01   3.165714E+00  -4.853872E+00        13
   6.145299E+02   1.761210E+05   1.361063E+00   1.361063E+00   4.409562E+00   2.937667E+00  -1.210089E+01   3.164982E+00  -4.853872E+00        13
   6.155299E+02   1.767150E+05   1.361063E+00   1.361063E+00   4.409562E+00   2.937667E+00  -1.210382E+01   3.164251E+00  -4.853872E+00        13
   6.165299E+02   1.773100E+05   1.361063E+00   1.361063E+00   4.409562E+00   2.937667E+00  -1.210674E+01   3.163521E+00  -4.853872E+00        13
   6.175299E+02   1.779060E+05   1.361063E+00   1.361063E+00   4.409562E+00   2.937667E+00  -1.210965E+01   3.162792E+00  -4.853872E+00        13
   6.185299E+02   1.785030E+05   1.361063E+00   1.361063E+00   4.409562E+00   2.937667E+00  -1.211256E+01   3.162065E+00  -4.853872E+00        13
   6.195299E+02   1.791010E+05   1.361063E+00   1.361063E+00   4.409562E+00   2.937667E+00  -1.211547E+01   3.161339E+00  -4.853872E+00        13
   6.205299E+02   1.797000E+05   1.361063E+00   1.361063E+00   4.409562E+00   2.937667E+00  -1.211837E+01   3.160614E+00  -4.853872E+00        13
   6.215299E+02   1.803000E+05   1.361063E+00   1.361063E+00   4.409562E+00   2.937667E+00  -1.212126E+01   3.159890E+00  -4.853872E+00        13
   6.225299E+02   1.809010E+05   1.361063E+00   1.361063E+00   4.409562E+00   2.937667E+00  -1.212415E+01   3.159167E+00  -4.853872E+00        13
   6.235299E+02   1.815030E+05   1.361063E+00   1.361063E+00   4.409562E+00   2.937667E+00  -1.212704E+01   3.158446E+00  -4.853872E+00        13
   6.245299E+02   1.821060E+05   1.361063E+00   1.361063E+00   4.409562E+00   2.937667E+00  -1.212992E+01   3.157726E+00  -4.853872E+00        13
   6.255299E+02   1.827100E+05   1.361063E+00   1.361063E+00   4.409562E+00   2.937667E+00  -1.213280E+01   3.157007E+00  -4.853872E+00        13
   6.265299E+02   1.833150E+05   1.361063E+00   1.361063E+00   4.409562E+00   2.937667E+00  -1.213567E+01   3.156289E+00  -4.853872E+00        13
   6.275299E+02   1.839210E+05   1.361063E+00   1.361063E+00   4.409562E+00   2.937667E+00  -1.213853E+01   3.155572E+00  -4.853872E+00        13
   6.285299E+02   1.845280E+05   1.361063E+00   1.361063E+00   4.409562E+00   2.937667E+00  -1.214140E+01   3.154857E+00  -4.853872E+00        13
   6.295299E+02   1.851360E+05   1.361063E+00   1.361063E+00   4.409562E+00   2.937667E+00  -1.214425E+01   3.154142E+00  -4.853872E+00        13
   6.305299E+02   1.857450E+05   1.361063E+00   1.361063E+00   4.409562E+00   2.937667E+00  -1.214711E+01   3.153429E+00  -4.853872E+00        13
   6.315299E+02   1.863550E+05   1.361063E+00   1.361063E+00   4.409562E+00   2.937667E+00  -1.214995E+01   3.152717E+00  -4.853872E+00        13
   6.325299E+02   1.869660E+05   1.361063E+00   1.361063E+00   4.409562E+00   2.937667E+00  -1.215280E+01   3.152006E+00  -4.853872E+00        13
   6.335299E+02   1.875780E+05   1.361063E+00   1.361063E+00   4.409562E+00   2.937667E+00  -1.215564E+01   3.151297E+00  -4.853872E+00        13
   6.345299E+02   1.881910E+05   1.361063E+00   1.361063E+00   4.409562E+00   2.937667E+00  -1.215847E+01   3.150588E+00  -4.853872E+00        13
   6.355299E+02   1.888050E+05   1.361063E+00   1.361063E+00   4.409562E+00   2.937667E+00  -1.216130E+01   3.149881E+00  -4.853872E+00        13
   6.365299E+02   1.894200E+05   1.361063E+00   1.361063E+00   4.409562E+00   2.937667E+00  -1.216412E+01   3.149175E+00  -4.853872E+00        13
   6.375299E+02   1.900360E+05   1.361063E+00   1.361063E+00   4.409562E+00   2.937667E+00  -1.216694E+01   3.148470E+00  -4.853872E+00        13
   6.385299E+02   1.906530E+05   1.361063E+00   1.361063E+00   4.409562E+00   2.937667E+00  -1.216976E+01   3.147766E+00  -4.853872E+00        13
   6.395299E+02   1.912710E+05   1.361063E+00   1.361063E+00   4.409562E+00   2.937667E+00  -1.217257E+01   3.147063E+00  -4.853872E+00        13
   6.405299E+02   1.918900E+05   1.361063E+00   1.361063E+00   4.409562E+00   2.937667E+00  -1.217538E+01   3.146362E+00  -4.853872E+00        13
   6.415299E+02   1.925100E+05   1.361063E+00   1.361063E+00   4.409562E+00   2.937667E+00  -1.217818E+01   3.145661E+00  -4.853872E+00        13
   6.425299E+02   1.931310E+05   1.361063E+00   1.361063E+00   4.409562E+00   2.937667E+00  -1.218098E+01   3.144962E+00  -4.853872E+00        13
   6.435299E+02   1.937530E+05   1.361063E+00   1.361063E+00   4.409562E+00   2.937667E+00  -1.218377E+01   3.144263E+00  -4.853872E+00        13
   6.445299E+02   1.943760E+05   1.361063E+00   1.361063E+00   4.409562E+00   2.937667E+00  -1.218656E+01   3.143566E+00  -4.853872E+00        13
   6.455299E+02   1.950000E+05   1.361063E+00   1.361063E+00   4.409562E+00   2.937667E+00  -1.218934E+01   3.142870E+00  -4.853872E+00        13
   6.465299E+02   1.956250E+05   1.361063E+00   1.361063E+00   4.409562E+00   2.937667E+00  -1.219212E+01   3.142176E+00  -4.853872E+00        13
   6.475299E+02   1.962510E+05   1.361063E+00   1.361063E+00   4.409562E+00   2.937667E+00  -1.219490E+01   3.141482E+00  -4.853872E+00        13
   6.485299E+02   1.968780E+05   1.361063E+00   1.361063E+00   4.409562E+00   2.937667E+00  -1.219767E+01   3.140789E+00  -4.853872E+00        13
   6.495299E+02   1.975060E+05   1.361063E+00   1.361063E+00   4.409562E+00   2.937667E+00  -1.220043E+01   3.140098E+00  -4.853872E+00        13
   6.505299E+02   1.981350E+05   1.361063E+00   1.361063E+00   4.409562E+00   2.937667E+00  -1.220319E+01   3.139407E+00  -4.853872E+00        13
   6.515299E+02   1.987650E+05   1.361063E+00   1.361063E+00   4.409562E+00   2.937667E+00  -1.220595E+01   3.138718E+00  -4.853872E+00        13
   6.525299E+02   1.993960E+05   1.361063E+00   1.361063E+00   4.409562E+00   2.937667E+00  -1.220870E+01   3.138029E+00  -4.853872E+00        13
   6.535299E+02   2.000280E+05   1.361063E+00   1.361063E+00   4.409562E+00   2.937667E+00  -1.221145E+01   3.137342E+00  -4.853872E+00        13
   6.545299E+02   2.006610E+05   1.361063E+00   1.361063E+00   4.409562E+00   2.937667E+00  -1.221420E+01   3.136656E+00  -4.853872E+00        13
   6.555299E+02   2.012950E+05   1.361063E+00   1.361063E+00   4.409562E+00   2.937667E+00  -1.221694E+01   3.135971E+00  -4.853872E+00        13
   6.565299E+02   2.019300E+05   1.361063E+00   1.361063E+00   4.409562E+00   2.937667E+00  -1.221967E+01   3.135287E+00  -4.853872E+00        13
   6.575299E+02   2.025660E+05   1.361063E+00   1.361063E+00   4.409562E+00   2.937667E+00  -1.222240E+01   3.134604E+00  -4.853872E+00        13
   6.585299E+02   2.032030E+05   1.361063E+00   1.361063E+00   4.409562E+00   2.937667E+00  -1.222513E+01   3.133923E+00  -4.853872E+00        13
   6.595299E+02   2.038410E+05   1.361063E+00   1.361063E+00   4.409562E+00   2.937667E+00  -1.222785E+01   3.133242E+00  -4.853872E+00        13
   6.605299E+02   2.044800E+05   1.361063E+00   1.361063E+00   4.409562E+00   2.937667E+00  -1.223057E+01   3.132562E+00  -4.853872E+00        13
   6.615299E+02   2.051200E+05   1.361063E+00   1.361063E+00   4.409562E+00   2.937667E+00  -1.223329E+01   3.131884E+00  -4.853872E+00        13
   6.625299E+02   2.057610E+05   1.361063E+00   1.361063E+00   4.409562E+00   2.937667E+00  -1.223600E+01   3.131206E+00  -4.853872E+00        13
   6.635299E+02   2.064030E+05   1.361063E+00   1.361063E+00   4.409562E+00   2.937667E+00  -1.223870E+01   3.130530E+00  -4.853872E+00        13
   6.645299E+02   2.070460E+05   1.361063E+00   1.361063E+00   4.409562E+00   2.937667E+00  -1.224141E+01   3.129854E+00  -4.853872E+00        13
   6.655299E+02   2.076900E+05   1.361063E+00   1.361063E+00   4.409562E+00   2.937667E+00  -1.224410E+01   3.129180E+00  -4.853872E+00        13
   6.665299E+02   2.083350E+05   1.361063E+00   1.361063E+00   4.409562E+00   2.937667E+00  -1.224680E+01   3.128507E+00  -4.853872E+00        13
   6.675299E+02   2.089810E+05   1.361063E+00   1.361063E+00   4.409562E+00   2.937667E+00  -1.224949E+01   3.127834E+00  -4.853872E+00        13
   6.685299E+02   2.096280E+05   1.361063E+00   1.361063E+00   4.409562E+00   2.937667E+00  -1.225217E+01   3.127163E+00  -4.853872E+00        13
   6.695299E+02   2.102760E+05   1.361063E+00   1.361063E+00   4.409562E+00   2.937667E+00  -1.225485E+01   3.126493E+00  -4.853872E+00        13
   6.705299E+02   2.109250E+05   1.361063E+00   1.361063E+00   4.409562E+00   2.937667E+00  -1.225753E+01   3.125824E+00  -4.853872E+00        13
   6.715299E+02   2.115750E+05   1.361063E+00   1.361063E+00   4.409562E+00   2.937667E+00  -1.226020E+01   3.125156E+00  -4.853872E+00        13
   6.725299E+02   2.122260E+05   1.361063E+00   1.361063E+00   4.409562E+00   2.937667E+00  -1.226287E+01   3.124488E+00  -4.853872E+00        13
   6.735299E+02   2.128780E+05   1.361063E+00   1.361063E+00   4.409562E+00   2.937667E+00  -1.226553E+01   3.123822E+00  -4.853872E+00        13
   6.745299E+02   2.135310E+05   1.361063E+00   1.361063E+00   4.409562E+00   2.937667E+00  -1.226819E+01   3.123157E+00  -4.853872E+00        13
   6.755299E+02   2.141850E+05   1.361063E+00   1.361063E+00   4.409562E+00   2.937667E+00  -1.227085E+01   3.122493E+00  -4.853872E+00        13
   6.765299E+02   2.148400E+05   1.361063E+00   1.361063E+00   4.409562E+00   2.937667E+00  -1.227350E+01   3.121830E+00  -4.853872E+00        13
   6.775299E+02   2.154960E+05   1.361063E+00   1.361063E+00   4.409562E+00   2.937667E+00  -1.227615E+01   3.121168E+00  -4.853872E+00        13
   6.785299E+02   2.161530E+05   1.361063E+00   1.361063E+00   4.409562E+00   2.937667E+00  -1.227879E+01   3.120507E+00  -4.853872E+00        13
   6.795299E+02   2.168110E+05   1.361063E+00   1.361063E+00   4.409562E+00   2.937667E+00  -1.228143E+01   3.119847E+00  -4.853872E+00        13
   6.805299E+02   2.174700E+05   1.361063E+00   1.361063E+00   4.409562E+00   2.937667E+00  -1.228407E+01   3.119188E+00  -4.853872E+00        13
   6.815299E+02   2.181300E+05   1.361063E+00   1.361063E+00   4.409562E+00   2.937667E+00  -1.228670E+01   3.118530E+00  -4.853872E+00        13
   6.825299E+02   2.187910E+05   1.361063E+00   1.361063E+00   4.409562E+00   2.937667E+00  -1.228933E+01   3.117873E+00  -4.853872E+00        13
   6.835299E+02   2.194530E+05   1.361063E+00   1.361063E+00   4.409562E+00   2.937667E+00  -1.229195E+01   3.117217E+00  -4.853872E+00        13
   6.845299E+02   2.201160E+05   1.361063E+00   1.361063E+00   4.409562E+00   2.937667E+00  -1.229457E+01   3.116562E+00  -4.853872E+00        13
   6.855299E+02   2.207800E+05   1.361063E+00   1.361063E+00   4.409562E+00   2.937667E+00  -1.229719E+01   3.115908E+00  -4.853872E+00        13
   6.865299E+02   2.214450E+05   1.361063E+00   1.361063E+00   4.409562E+00   2.937667E+00  -1.229980E+01   3.115255E+00  -4.853872E+00        13
   6.875299E+02   2.221110E+05   1.361063E+00   1.361063E+00   4.409562E+00   2.937667E+00  -1.230241E+01   3.114603E+00  -4.853872E+00        13
   6.885299E+02   2.227780E+05   1.361063E+00   1.361063E+00   4.409562E+00   2.937667E+00  -1.230502E+01   3.113952E+00  -4.853872E+00        13
   6.895299E+02   2.234460E+05   1.361063E+00   1.361063E+00   4.409562E+00   2.937667E+00  -1.230762E+01   3.113301E+00  -4.853872E+00        13
   6.905299E+02   2.241150E+05   1.361063E+00   1.361063E+00   4.409562E+00   2.937667E+00  -1.231021E+01   3.112652E+00  -4.853872E+00        13
   6.915299E+02   2.247850E+05   1.361063E+00   1.361063E+00   4.409562E+00   2.937667E+00  -1.231281E+01   3.112004E+00  -4.853872E+00        13
   6.925299E+02   2.254560E+05   1.361063E+00   1.361063E+00   4.409562E+00   2.937667E+00  -1.231540E+01   3.111357E+00  -4.853872E+00        13
   6.935299E+02   2.261280E+05   1.361063E+00   1.361063E+00   4.409562E+00   2.937667E+00  -1.231798E+01   3.110711E+00  -4.853872E+00        13
   6.945299E+02   2.268010E+05   1.361063E+00   1.361063E+00   4.409562E+00   2.937667E+00  -1.232056E+01   3.110065E+00  -4.853872E+00        13
   6.955299E+02   2.274750E+05   1.361063E+00   1.361063E+00   4.409562E+00   2.937667E+00  -1.232314E+01   3.109421E+00  -4.853872E+00        13
   6.965299E+02   2.281500E+05   1.361063E+00   1.361063E+00   4.409562E+00   2.937667E+00  -1.232571E+01   3.108777E+00  -4.853872E+00        13
   6.975299E+02   2.288260E+05   1.361063E+00   1.361063E+00   4.409562E+00   2.937667E+00  -1.232828E+01   3.108135E+00  -4.853872E+00        13
   6.985299E+02   2.295030E+05   1.361063E+00   1.361063E+00   4.409562E+00   2.937667E+00  -1.233085E+01   3.107494E+00  -4.853872E+00        13
   6.995299E+02   2.301810E+05   1.361063E+00   1.361063E+00   4.409562E+00   2.937667E+00  -1.233341E+01   3.106853E+00  -4.853872E+00        13
   7.005299E+02   2.308600E+05   1.361063E+00   1.361063E+00   4.409562E+00   2.937667E+00  -1.233597E+01   3.106213E+00  -4.853872E+00        13
   7.015299E+02   2.315400E+05   1.361063E+00   1.361063E+00   4.409562E+00   2.937667E+00  -1.233852E+01   3.105575E+00  -4.853872E+00        13
   7.025299E+02   2.322210E+05   1.361063E+00   1.361063E+00   4.409562E+00   2.937667E+00  -1.234107E+01   3.104937E+00  -4.853872E+00        13
   7.035299E+02   2.329030E+05   1.361063E+00   1.361063E+00   4.409562E+00   2.937667E+00  -1.234362E+01   3.104300E+00  -4.853872E+00        13
   7.045299E+02   2.335860E+05   1.361063E+00   1.361063E+00   4.409562E+00   2.937667E+00  -1.234617E+01   3.103664E+00  -4.853872E+00        13
   7.055299E+02   2.342700E+05   1.361063E+00   1.361063E+00   4.409562E+00   2.937667E+00  -1.234870E+01   3.103029E+00  -4.853872E+00        13
   7.065299E+02   2.349550E+05   1.361063E+00   1.361063E+00   4.409562E+00   2.937667E+00  -1.235124E+01   3.102395E+00  -4.853872E+00        13
   7.075299E+02   2.356410E+05   1.361063E+00   1.361063E+00   4.409562E+00   2.937667E+00  -1.235377E+01   3.101762E+00  -4.853872E+00        13
   7.085299E+02   2.363280E+05   1.361063E+00   1.361063E+00   4.409562E+00   2.937667E+00  -1.235630E+01   3.101130E+00  -4.853872E+00        13
   7.095299E+02   2.370160E+05   1.361063E+00   1.361063E+00   4.409562E+00   2.937667E+00  -1.235883E+01   3.100499E+00  -4.853872E+00        13
   7.105299E+02   2.377050E+05   1.361063E+00   1.361063E+00   4.409562E+00   2.937667E+00  -1.236135E+01   3.099869E+00  -4.853872E+00        13
   7.115299E+02   2.383950E+05   1.361063E+00   1.361063E+00   4.409562E+00   2.937667E+00  -1.236387E+01   3.099239E+00  -4.853872E+00        13
   7.125299E+02   2.390860E+05   1.361063E+00   1.361063E+00   4.409562E+00   2.937667E+00  -1.236638E+01   3.098611E+00  -4.853872E+00        13
   7.135299E+02   2.397780E+05   1.361063E+00   1.361063E+00   4.409562E+00   2.937667E+00  -1.236889E+01   3.097983E+00  -4.853872E+00        13
   7.145299E+02   2.404710E+05   1.361063E+00   1.361063E+00   4.409562E+00   2.937667E+00  -1.237140E+01   3.097356E+00  -4.853872E+00        13
   7.155299E+02   2.411650E+05   1.361063E+00   1.361063E+00   4.409562E+00   2.937667E+00  -1.237390E+01   3.096731E+00  -4.853872E+00        13
   7.165299E+02   2.418600E+05   1.361063E+00   1.361063E+00   4.409562E+00   2.937667E+00  -1.237640E+01   3.096106E+00  -4.853872E+00        13
   7.175299E+02   2.425560E+05   1.361063E+00   1.361063E+00   4.409562E+00   2.937667E+00  -1.237890E+01   3.095482E+00  -4.853872E+00        13
   7.185299E+02   2.432530E+05   1.361063E+00   1.361063E+00   4.409562E+00   2.937667E+00  -1.238139E+01   3.094859E+00  -4.853872E+00        13
   7.195299E+02   2.439510E+05   1.361063E+00   1.361063E+00   4.409562E+00   2.937667E+00  -1.238388E+01   3.094236E+00  -4.853872E+00        13
   7.205299E+02   2.446500E+05   1.361063E+00   1.361063E+00   4.409562E+00   2.937667E+00  -1.238636E+01   3.093615E+00  -4.853872E+00        13
   7.215299E+02   2.453500E+05   1.361063E+00   1.361063E+00   4.409562E+00   2.937667E+00  -1.238884E+01   3.092995E+00  -4.853872E+00        13
   7.225299E+02   2.460510E+05   1.361063E+00   1.361063E+00   4.409562E+00   2.937667E+00  -1.239132E+01   3.092375E+00  -4.853872E+00        13
   7.235299E+02   2.467530E+05   1.361063E+00   1.361063E+00   4.409562E+00   2.937667E+00  -1.239380E+01   3.091756E+00  -4.853872E+00        13
   7.245299E+02   2.474560E+05   1.361063E+00   1.361063E+00   4.409562E+00   2.937667E+00  -1.239627E+01   3.091139E+00  -4.853872E+00        13
   7.255299E+02   2.481600E+05   1.361063E+00   1.361063E+00   4.409562E+00   2.937667E+00  -1.239874E+01   3.090522E+00  -4.853872E+00        13
   7.265299E+02   2.488650E+05   1.361063E+00   1.361063E+00   4.409562E+00   2.937667E+00  -1.240120E+01   3.089906E+00  -4.853872E+00        13
   7.275299E+02   2.495710E+05   1.361063E+00   1.361063E+00   4.409562E+00   2.937667E+00  -1.240366E+01   3.089291E+00  -4.853872E+00        13
   7.285299E+02   2.502780E+05   1.361063E+00   1.361063E+00   4.409562E+00   2.937667E+00  -1.240612E+01   3.088676E+00  -4.853872E+00        13
   7.295299E+02   2.509860E+05   1.361063E+00   1.361063E+00   4.409562E+00   2.937667E+00  -1.240857E+01   3.088063E+00  -4.853872E+00        13
   7.305299E+02   2.516950E+05   1.361063E+00   1.361063E+00   4.409562E+00   2.937667E+00  -1.241102E+01   3.087450E+00  -4.853872E+00        13
   7.315299E+02   2.524050E+05   1.361063E+00   1.361063E+00   4.409562E+00   2.937667E+00  -1.241347E+01   3.086839E+00  -4.853872E+00        13
   7.325299E+02   2.531160E+05   1.361063E+00   1.361063E+00   4.409562E+00   2.937667E+00  -1.241591E+01   3.086228E+00  -4.853872E+00        13
   7.335299E+02   2.538280E+05   1.361063E+00   1.361063E+00   4.409562E+00   2.937667E+00  -1.241835E+01   3.085618E+00  -4.853872E+00        13
   7.345299E+02   2.545410E+05   1.361063E+00   1.361063E+00   4.409562E+00   2.937667E+00  -1.242079E+01   3.085009E+00  -4.853872E+00        13
   7.355299E+02   2.552550E+05   1.361063E+00   1.361063E+00   4.409562E+00   2.937667E+00  -1.242322E+01   3.084401E+00  -4.853872E+00        13
   7.365299E+02   2.559700E+05   1.361063E+00   1.361063E+00   4.409562E+00   2.937667E+00  -1.242565E+01   3.083793E+00  -4.853872E+00        13
   7.375299E+02   2.566860E+05   1.361063E+00   1.361063E+00   4.409562E+00   2.937667E+00  -1.242808E+01   3.083187E+00  -4.853872E+00        13
   7.385299E+02   2.574030E+05   1.361063E+00   1.361063E+00   4.409562E+00   2.937667E+00  -1.243050E+01   3.082581E+00  -4.853872E+00        13
   7.395299E+02   2.581210E+05   1.361063E+00   1.361063E+00   4.409562E+00   2.937667E+00  -1.243292E+01   3.081976E+00  -4.853872E+00        13
   7.405299E+02   2.588400E+05   1.361063E+00   1.361063E+00   4.409562E+00   2.937667E+00  -1.243533E+01   3.081372E+00  -4.853872E+00        13
   7.415299E+02   2.595600E+05   1.361063E+00   1.361063E+00   4.409562E+00   2.937667E+00  -1.243775E+01   3.080769E+00  -4.853872E+00        13
   7.425299E+02   2.602810E+05   1.361063E+00   1.361063E+00   4.409562E+00   2.937667E+00  -1.244016E+01   3.080166E+00  -4.853872E+00        13
   7.435299E+02   2.610030E+05   1.361063E+00   1.361063E+00   4.409562E+00   2.937667E+00  -1.244256E+01   3.079565E+00  -4.853872E+00        13
   7.445299E+02   2.617260E+05   1.361063E+00   1.361063E+00   4.409562E+00   2.937667E+00  -1.244497E+01   3.078964E+00  -4.853872E+00        13
   7.455299E+02   2.624500E+05   1.361063E+00   1.361063E+00   4.409562E+00   2.937667E+00  -1.244736E+01   3.078364E+00  -4.853872E+00        13
   7.465299E+02   2.631750E+05   1.361063E+00   1.361063E+00   4.409562E+00   2.937667E+00  -1.244976E+01   3.077765E+00  -4.853872E+00        13
   7.475299E+02   2.639010E+05   1.361063E+00   1.361063E+00   4.409562E+00   2.937667E+00  -1.245215E+01   3.077167E+00  -4.853872E+00        13
   7.485299E+02   2.646280E+05   1.361063E+00   1.361063E+00   4.409562E+00   2.937667E+00  -1.245454E+01   3.076570E+00  -4.853872E+00        13
   7.495299E+02   2.653560E+05   1.361063E+00   1.361063E+00   4.409562E+00   2.937667E+00  -1.245693E+01   3.075973E+00  -4.853872E+00        13
   7.505299E+02   2.660850E+05   1.361063E+00   1.361063E+00   4.409562E+00   2.937667E+00  -1.245931E+01   3.075377E+00  -4.853872E+00        13
   7.515299E+02   2.668150E+05   1.361063E+00   1.361063E+00   4.409562E+00   2.937667E+00  -1.246169E+01   3.074783E+00  -4.853872E+00        13
   7.525299E+02   2.675460E+05   1.361063E+00   1.361063E+00   4.409562E+00   2.937667E+00  -1.246407E+01   3.074188E+00  -4.853872E+00        13
   7.535299E+02   2.682780E+05   1.361063E+00   1.361063E+00   4.409562E+00   2.937667E+00  -1.246644E+01   3.073595E+00  -4.853872E+00        13
   7.545299E+02   2.690110E+05   1.361063E+00   1.361063E+00   4.409562E+00   2.937667E+00  -1.246881E+01   3.073003E+00  -4.853872E+00        13
   7.555299E+02   2.697450E+05   1.361063E+00   1.361063E+00   4.409562E+00   2.937667E+00  -1.247118E+01   3.072411E+00  -4.853872E+00        13
   7.565299E+02   2.704800E+05   1.361063E+00   1.361063E+00   4.409562E+00   2.937667E+00  -1.247354E+01   3.071820E+00  -4.853872E+00        13
   7.575299E+02   2.712160E+05   1.361063E+00   1.361063E+00   4.409562E+00   2.937667E+00  -1.247590E+01   3.071230E+00  -4.853872E+00        13
   7.585299E+02   2.719530E+05   1.361063E+00   1.361063E+00   4.409562E+00   2.937667E+00  -1.247826E+01   3.070641E+00  -4.853872E+00        13
   7.595299E+02   2.726910E+05   1.361063E+00   1.361063E+00   4.409562E+00   2.937667E+00  -1.248061E+01   3.070052E+00  -4.853872E+00        13
   7.605299E+02   2.734300E+05   1.361063E+00   1.361063E+00   4.409562E+00   2.937667E+00  -1.248296E+01   3.069465E+00  -4.853872E+00        13
   7.615299E+02   2.741700E+05   1.361063E+00   1.361063E+00   4.409562E+00   2.937667E+00  -1.248531E+01   3.068878E+00  -4.853872E+00        13
   7.625299E+02   2.749110E+05   1.361063E+00   1.361063E+00   4.409562E+00   2.937667E+00  -1.248766E+01   3.068292E+00  -4.853872E+00        13
   7.635299E+02   2.756530E+05   1.361063E+00   1.361063E+00   4.409562E+00   2.937667E+00  -1.249000E+01   3.067706E+00  -4.853872E+00        13
   7.645299E+02   2.763960E+05   1.361063E+00   1.361063E+00   4.409562E+00   2.937667E+00  -1.249234E+01   3.067122E+00  -4.853872E+00        13
   7.655299E+02   2.771400E+05   1.361063E+00   1.361063E+00   4.409562E+00   2.937667E+00  -1.249467E+01   3.066538E+00  -4.853872E+00        13
   7.665299E+02   2.778850E+05   1.361063E+00   1.361063E+00   4.409562E+00   2.937667E+00  -1.249700E+01   3.065955E+00  -4.853872E+00        13
   7.675299E+02   2.786310E+05   1.361063E+00   1.361063E+00   4.409562E+00   2.937667E+00  -1.249933E+01   3.065373E+00  -4.853872E+00        13
   7.685299E+02   2.793780E+05   1.361063E+00   1.361063E+00   4.409562E+00   2.937667E+00  -1.250166E+01   3.064792E+00  -4.853872E+00        13
   7.695299E+02   2.801260E+05   1.361063E+00   1.361063E+00   4.409562E+00   2.937667E+00  -1.250398E+01   3.064211E+00  -4.853872E+00        13
   7.705299E+02   2.808750E+05   1.361063E+00   1.361063E+00   4.409562E+00   2.937667E+00  -1.250630E+01   3.063631E+00  -4.853872E+00        13
   7.715299E+02   2.816250E+05   1.361063E+00   1.361063E+00   4.409562E+00   2.937667E+00  -1.250861E+01   3.063052E+00  -4.853872E+00        13
   7.725299E+02   2.823760E+05   1.361063E+00   1.361063E+00   4.409562E+00   2.937667E+00  -1.251093E+01   3.062474E+00  -4.853872E+00        13
   7.735299E+02   2.831280E+05   1.361063E+00   1.361063E+00   4.409562E+00   2.937667E+00  -1.251324E+01   3.061896E+00  -4.853872E+00        13
   7.745299E+02   2.838810E+05   1.361063E+00   1.361063E+00   4.409562E+00   2.937667E+00  -1.251554E+01   3.061320E+00  -4.853872E+00        13
   7.755299E+02   2.846350E+05   1.361063E+00   1.361063E+00   4.409562E+00   2.937667E+00  -1.251785E+01   3.060744E+00  -4.853872E+00        13
   7.765299E+02   2.853900E+05   1.361063E+00   1.361063E+00   4.409562E+00   2.937667E+00  -1.252015E+01   3.060168E+00  -4.853872E+00        13
   7.775299E+02   2.861460E+05   1.361063E+00   1.361063E+00   4.409562E+00   2.937667E+00  -1.252245E+01   3.059594E+00  -4.853872E+00        13
   7.785299E+02   2.869030E+05   1.361063E+00   1.361063E+00   4.409562E+00   2.937667E+00  -1.252474E+01   3.059020E+00  -4.853872E+00        13
   7.795299E+02   2.876610E+05   1.361063E+00   1.361063E+00   4.409562E+00   2.937667E+00  -1.252703E+01   3.058447E+00  -4.853872E+00        13
   7.805299E+02   2.884200E+05   1.361063E+00   1.361063E+00   4.409562E+00   2.937667E+00  -1.252932E+01   3.057875E+00  -4.853872E+00        13
   7.815299E+02   2.891800E+05   1.361063E+00   1.361063E+00   4.409562E+00   2.937667E+00  -1.253161E+01   3.057304E+00  -4.853872E+00        13
   7.825299E+02   2.899410E+05   1.361063E+00   1.361063E+00   4.409562E+00   2.937667E+00  -1.253389E+01   3.056733E+00  -4.853872E+00        13
   7.835299E+02   2.907030E+05   1.361063E+00   1.361063E+00   4.409562E+00   2.937667E+00  -1.253617E+01   3.056163E+00  -4.853872E+00        13
   7.845299E+02   2.914660E+05   1.361063E+00   1.361063E+00   4.409562E+00   2.937667E+00  -1.253845E+01   3.055594E+00  -4.853872E+00        13
   7.855299E+02   2.922300E+05   1.361063E+00   1.361063E+00   4.409562E+00   2.937667E+00  -1.254072E+01   3.055025E+00  -4.853872E+00        13
   7.865299E+02   2.929950E+05   1.361063E+00   1.361063E+00   4.409562E+00   2.937667E+00  -1.254299E+01   3.054458E+00  -4.853872E+00        13
   7.875299E+02   2.937610E+05   1.361063E+00   1.361063E+00   4.409562E+00   2.937667E+00  -1.254526E+01   3.053891E+00  -4.853872E+00        13
   7.885299E+02   2.945280E+05   1.361063E+00   1.361063E+00   4.409562E+00   2.937667E+00  -1.254752E+01   3.053324E+00  -4.853872E+00        13
   7.895299E+02   2.952960E+05   1.361063E+00   1.361063E+00   4.409562E+00   2.937667E+00  -1.254979E+01   3.052759E+00  -4.853872E+00        13
   7.905299E+02   2.960650E+05   1.361063E+00   1.361063E+00   4.409562E+00   2.937667E+00  -1.255205E+01   3.052194E+00  -4.853872E+00        13
   7.915299E+02   2.968350E+05   1.361063E+00   1.361063E+00   4.409562E+00   2.937667E+00  -1.255430E+01   3.051630E+00  -4.853872E+00        13
   7.925299E+02   2.976060E+05   1.361063E+00   1.361063E+00   4.409562E+00   2.937667E+00  -1.255655E+01   3.051067E+00  -4.853872E+00        13
   7.935299E+02   2.983780E+05   1.361063E+00   1.361063E+00   4.409562E+00   2.937667E+00  -1.255881E+01   3.050504E+00  -4.853872E+00        13
   7.945299E+02   2.991510E+05   1.361063E+00   1.361063E+00   4.409562E+00   2.937667E+00  -1.256105E+01   3.049942E+00  -4.853872E+00        13
   7.955299E+02   2.999250E+05   1.361063E+00   1.361063E+00   4.409562E+00   2.937667E+00  -1.256330E+01   3.049381E+00  -4.853872E+00        13
   7.965299E+02   3.007000E+05   1.361063E+00   1.361063E+00   4.409562E+00   2.937667E+00  -1.256554E+01   3.048821E+00  -4.853872E+00        13
   7.975299E+02   3.014760E+05   1.361063E+00   1.361063E+00   4.409562E+00   2.937667E+00  -1.256778E+01   3.048261E+00  -4.853872E+00        13
   7.985299E+02   3.022530E+05   1.361063E+00   1.361063E+00   4.409562E+00   2.937667E+00  -1.257001E+01   3.047702E+00  -4.853872E+00        13
   7.995299E+02   3.030310E+05   1.361063E+00   1.361063E+00   4.409562E+00   2.937667E+00  -1.257225E+01   3.047144E+00  -4.853872E+00        13
   8.005299E+02   3.038100E+05   1.361063E+00   1.361063E+00   4.409562E+00   2.937667E+00  -1.257448E+01   3.046587E+00  -4.853872E+00        13
   8.015299E+02   3.045900E+05   1.361063E+00   1.361063E+00   4.409562E+00   2.937667E+00  -1.257670E+01   3.046030E+00  -4.853872E+00        13
   8.025299E+02   3.053710E+05   1.361063E+00   1.361063E+00   4.409562E+00   2.937667E+00  -1.257893E+01   3.045474E+00  -4.853872E+00        13
   8.035299E+02   3.061530E+05   1.361063E+00   1.361063E+00   4.409562E+00   2.937667E+00  -1.258115E+01   3.044918E+00  -4.853872E+00        13
   8.045299E+02   3.069360E+05   1.361063E+00   1.361063E+00   4.409562E+00   2.937667E+00  -1.258337E+01   3.044364E+00  -4.853872E+00        13
   8.055299E+02   3.077200E+05   1.361063E+00   1.361063E+00   4.409562E+00   2.937667E+00  -1.258558E+01   3.043810E+00  -4.853872E+00        13
   8.065299E+02   3.085050E+05   1.361063E+00   1.361063E+00   4.409562E+00   2.937667E+00  -1.258780E+01   3.043257E+00  -4.853872E+00        13
   8.075299E+02   3.092910E+05   1.361063E+00   1.361063E+00   4.409562E+00   2.937667E+00  -1.259001E+01   3.042704E+00  -4.853872E+00        13
   8.085299E+02   3.100780E+05   1.361063E+00   1.361063E+00   4.409562E+00   2.937667E+00  -1.259221E+01   3.042152E+00  -4.853872E+00        13
   8.095299E+02   3.108660E+05   1.361063E+00   1.361063E+00   4.409562E+00   2.937667E+00  -1.259442E+01   3.041601E+00  -4.853872E+00        13
   8.105299E+02   3.116550E+05   1.361063E+00   1.361063E+00   4.409562E+00   2.937667E+00  -1.259662E+01   3.041051E+00  -4.853872E+00        13
   8.115299E+02   3.124450E+05   1.361063E+00   1.361063E+00   4.409562E+00   2.937667E+00  -1.259882E+01   3.040501E+00  -4.853872E+00        13
   8.125299E+02   3.132360E+05   1.361063E+00   1.361063E+00   4.409562E+00   2.937667E+00  -1.260101E+01   3.039952E+00  -4.853872E+00        13
   8.135299E+02   3.140280E+05   1.361063E+00   1.361063E+00   4.409562E+00   2.937667E+00  -1.260321E+01   3.039404E+00  -4.853872E+00        13
   8.145299E+02   3.148210E+05   1.361063E+00   1.361063E+00   4.409562E+00   2.937667E+00  -1.260540E+01   3.038856E+00  -4.853872E+00        13
   8.155299E+02   3.156150E+05   1.361063E+00   1.361063E+00   4.409562E+00   2.937667E+00  -1.260759E+01   3.038309E+00  -4.853872E+00        13
   8.165299E+02   3.164100E+05   1.361063E+00   1.361063E+00   4.409562E+00   2.937667E+00  -1.260977E+01   3.037763E+00  -4.853872E+00        13
   8.175299E+02   3.172060E+05   1.361063E+00   1.361063E+00   4.409562E+00   2.937667E+00  -1.261195E+01   3.037217E+00  -4.853872E+00        13
   8.185299E+02   3.180030E+05   1.361063E+00   1.361063E+00   4.409562E+00   2.937667E+00  -1.261413E+01   3.036672E+00  -4.853872E+00        13
   8.195299E+02   3.188010E+05   1.361063E+00   1.361063E+00   4.409562E+00   2.937667E+00  -1.261631E+01   3.036128E+00  -4.853872E+00        13
   8.205299E+02   3.196000E+05   1.361063E+00   1.361063E+00   4.409562E+00   2.937667E+00  -1.261849E+01   3.035584E+00  -4.853872E+00        13
   8.215299E+02   3.204000E+05   1.361063E+00   1.361063E+00   4.409562E+00   2.937667E+00  -1.262066E+01   3.035041E+00  -4.853872E+00        13
   8.225299E+02   3.212010E+05   1.361063E+00   1.361063E+00   4.409562E+00   2.937667E+00  -1.262283E+01   3.034499E+00  -4.853872E+00        13
   8.235299E+02   3.220030E+05   1.361063E+00   1.361063E+00   4.409562E+00   2.937667E+00  -1.262499E+01   3.033958E+00  -4.853872E+00        13
   8.245299E+02   3.228060E+05   1.361063E+00   1.361063E+00   4.409562E+00   2.937667E+00  -1.262715E+01   3.033417E+00  -4.853872E+00        13
   8.255299E+02   3.236100E+05   1.361063E+00   1.361063E+00   4.409562E+00   2.937667E+00  -1.262932E+01   3.032877E+00  -4.853872E+00        13
   8.265299E+02   3.244150E+05   1.361063E+00   1.361063E+00   4.409562E+00   2.937667E+00  -1.263147E+01   3.032337E+00  -4.853872E+00        13
   8.275299E+02   3.252210E+05   1.361063E+00   1.361063E+00   4.409562E+00   2.937667E+00  -1.263363E+01   3.031798E+00  -4.853872E+00        13
   8.285299E+02   3.260280E+05   1.361063E+00   1.361063E+00   4.409562E+00   2.937667E+00  -1.263578E+01   3.031260E+00  -4.853872E+00        13
   8.295299E+02   3.268360E+05   1.361063E+00   1.361063E+00   4.409562E+00   2.937667E+00  -1.263793E+01   3.030723E+00  -4.853872E+00        13
   8.305299E+02   3.276450E+05   1.361063E+00   1.361063E+00   4.409562E+00   2.937667E+00  -1.264008E+01   3.030186E+00  -4.853872E+00        13
   8.315299E+02   3.284550E+05   1.361063E+00   1.361063E+00   4.409562E+00   2.937667E+00  -1.264222E+01   3.029650E+00  -4.853872E+00        13
   8.325299E+02   3.292660E+05   1.361063E+00   1.361063E+00   4.409562E+00   2.937667E+00  -1.264437E+01   3.029114E+00  -4.853872E+00        13
   8.335299E+02   3.300780E+05   1.361063E+00   1.361063E+00   4.409562E+00   2.937667E+00  -1.264650E+01   3.028579E+00  -4.853872E+00        13
   8.345299E+02   3.308910E+05   1.361063E+00   1.361063E+00   4.409562E+00   2.937667E+00  -1.264864E+01   3.028045E+00  -4.853872E+00        13
   8.355299E+02   3.317050E+05   1.361063E+00   1.361063E+00   4.409562E+00   2.937667E+00  -1.265078E+01   3.027512E+00  -4.853872E+00        13
   8.365299E+02   3.325200E+05   1.361063E+00   1.361063E+00   4.409562E+00   2.937667E+00  -1.265291E+01   3.026979E+00  -4.853872E+00        13
   8.375299E+02   3.333360E+05   1.361063E+00   1.361063E+00   4.409562E+00   2.937667E+00  -1.265504E+01   3.026447E+00  -4.853872E+00        13
   8.385299E+02   3.341530E+05   1.361063E+00   1.361063E+00   4.409562E+00   2.937667E+00  -1.265716E+01   3.025915E+00  -4.853872E+00        13
   8.395299E+02   3.349710E+05   1.361063E+00   1.361063E+00   4.409562E+00   2.937667E+00  -1.265929E+01   3.025384E+00  -4.853872E+00        13
   8.405299E+02   3.357900E+05   1.361063E+00   1.361063E+00   4.409562E+00   2.937667E+00  -1.266141E+01   3.024854E+00  -4.853872E+00        13
   8.415299E+02   3.366100E+05   1.361063E+00   1.361063E+00   4.409562E+00   2.937667E+00  -1.266353E+01   3.024324E+00  -4.853872E+00        13
   8.425299E+02   3.374310E+05   1.361063E+00   1.361063E+00   4.409562E+00   2.937667E+00  -1.266564E+01   3.023795E+00  -4.853872E+00        13
   8.435299E+02   3.382530E+05   1.361063E+00   1.361063E+00   4.409562E+00   2.937667E+00  -1.266775E+01   3.023267E+00  -4.853872E+00        13
   8.445299E+02   3.390760E+05   1.361063E+00   1.361063E+00   4.409562E+00   2.937667E+00  -1.266987E+01   3.022739E+00  -4.853872E+00        13
   8.455299E+02   3.399000E+05   1.361063E+00   1.361063E+00   4.409562E+00   2.937667E+00  -1.267197E+01   3.022212E+00  -4.853872E+00        13
   8.465299E+02   3.407250E+05   1.361063E+00   1.361063E+00   4.409562E+00   2.937667E+00  -1.267408E+01   3.021686E+00  -4.853872E+00        13
   8.475299E+02   3.415510E+05   1.361063E+00   1.361063E+00   4.409562E+00   2.937667E+00  -1.267618E+01   3.021160E+00  -4.853872E+00        13
   8.485299E+02   3.423780E+05   1.361063E+00   1.361063E+00   4.409562E+00   2.937667E+00  -1.267828E+01   3.020635E+00  -4.853872E+00        13
   8.495299E+02   3.432060E+05   1.361063E+00   1.361063E+00   4.409562E+00   2.937667E+00  -1.268038E+01   3.020110E+00  -4.853872E+00        13
   8.505299E+02   3.440350E+05   1.361063E+00   1.361063E+00   4.409562E+00   2.937667E+00  -1.268248E+01   3.019586E+00  -4.853872E+00        13
   8.515299E+02   3.448650E+05   1.361063E+00   1.361063E+00   4.409562E+00   2.937667E+00  -1.268457E+01   3.019063E+00  -4.853872E+00        13
   8.525299E+02   3.456960E+05   1.361063E+00   1.361063E+00   4.409562E+00   2.937667E+00  -1.268666E+01   3.018541E+00  -4.853872E+00        13
   8.535299E+02   3.465280E+05   1.361063E+00   1.361063E+00   4.409562E+00   2.937667E+00  -1.268875E+01   3.018019E+00  -4.853872E+00        13
   8.545299E+02   3.473610E+05   1.361063E+00   1.361063E+00   4.409562E+00   2.937667E+00  -1.269083E+01   3.017497E+00  -4.853872E+00        13
   8.555299E+02   3.481950E+05   1.361063E+00   1.361063E+00   4.409562E+00   2.937667E+00  -1.269292E+01   3.016976E+00  -4.853872E+00        13
   8.565299E+02   3.490300E+05   1.361063E+00   1.361063E+00   4.409562E+00   2.937667E+00  -1.269500E+01   3.016456E+00  -4.853872E+00        13
   8.575299E+02   3.498660E+05   1.361063E+00   1.361063E+00   4.409562E+00   2.937667E+00  -1.269708E+01   3.015937E+00  -4.853872E+00        13
   8.585299E+02   3.507030E+05   1.361063E+00   1.361063E+00   4.409562E+00   2.937667E+00  -1.269915E+01   3.015418E+00  -4.853872E+00        13
   8.595299E+02   3.515410E+05   1.361063E+00   1.361063E+00   4.409562E+00   2.937667E+00  -1.270122E+01   3.014900E+00  -4.853872E+00        13
   8.605299E+02   3.523800E+05   1.361063E+00   1.361063E+00   4.409562E+00   2.937667E+00  -1.270329E+01   3.014382E+00  -4.853872E+00        13
   8.615299E+02   3.532200E+05   1.361063E+00   1.361063E+00   4.409562E+00   2.937667E+00  -1.270536E+01   3.013865E+00  -4.853872E+00        13
   8.625299E+02   3.540610E+05   1.361063E+00   1.361063E+00   4.409562E+00   2.937667E+00  -1.270743E+01   3.013349E+00  -4.853872E+00        13
   8.635299E+02   3.549030E+05   1.361063E+00   1.361063E+00   4.409562E+00   2.937667E+00  -1.270949E+01   3.012833E+00  -4.853872E+00        13
   8.645299E+02   3.557460E+05   1.361063E+00   1.361063E+00   4.409562E+00   2.937667E+00  -1.271155E+01   3.012318E+00  -4.853872E+00        13
   8.655299E+02   3.565900E+05   1.361063E+00   1.361063E+00   4.409562E+00   2.937667E+00  -1.271361E+01   3.011803E+00  -4.853872E+00        13
   8.665299E+02   3.574350E+05   1.361063E+00   1.361063E+00   4.409562E+00   2.937667E+00  -1.271567E+01   3.011289E+00  -4.853872E+00        13
   8.675299E+02   3.582810E+05   1.361063E+00   1.361063E+00   4.409562E+00   2.937667E+00  -1.271772E+01   3.010776E+00  -4.853872E+00        13
   8.685299E+02   3.591280E+05   1.361063E+00   1.361063E+00   4.409562E+00   2.937667E+00  -1.271977E+01   3.010263E+00  -4.853872E+00        13
   8.695299E+02   3.599760E+05   1.361063E+00   1.361063E+00   4.409562E+00   2.937667E+00  -1.272182E+01   3.009751E+00  -4.853872E+00        13
   8.705299E+02   3.608250E+05   1.361063E+00   1.361063E+00   4.409562E+00   2.937667E+00  -1.272386E+01   3.009239E+00  -4.853872E+00        13
   8.715299E+02   3.616750E+05   1.361063E+00   1.361063E+00   4.409562E+00   2.937667E+00  -1.272591E+01   3.008728E+00  -4.853872E+00        13
   8.725299E+02   3.625260E+05   1.361063E+00   1.361063E+00   4.409562E+00   2.937667E+00  -1.272795E+01   3.008218E+00  -4.853872E+00        13
   8.735299E+02   3.633780E+05   1.361063E+00   1.361063E+00   4.409562E+00   2.937667E+00  -1.272999E+01   3.007708E+00  -4.853872E+00        13
   8.745299E+02   3.642310E+05   1.361063E+00   1.361063E+00   4.409562E+00   2.937667E+00  -1.273203E+01   3.007199E+00  -4.853872E+00        13
   8.755299E+02   3.650850E+05   1.361063E+00   1.361063E+00   4.409562E+00   2.937667E+00  -1.273406E+01   3.006691E+00  -4.853872E+00        13
   8.765299E+02   3.659400E+05   1.361063E+00   1.361063E+00   4.409562E+00   2.937667E+00  -1.273609E+01   3.006183E+00  -4.853872E+00        13
   8.775299E+02   3.667960E+05   1.361063E+00   1.361063E+00   4.409562E+00   2.937667E+00  -1.273812E+01   3.005675E+00  -4.853872E+00        13
   8.785299E+02   3.676530E+05   1.361063E+00   1.361063E+00   4.409562E+00   2.937667E+00  -1.274015E+01   3.005169E+00  -4.853872E+00        13
   8.795299E+02   3.685110E+05   1.361063E+00   1.361063E+00   4.409562E+00   2.937667E+00  -1.274217E+01   3.004662E+00  -4.853872E+00        13
   8.805299E+02   3.693700E+05   1.361063E+00   1.361063E+00   4.409562E+00   2.937667E+00  -1.274419E+01   3.004157E+00  -4.853872E+00        13
   8.815299E+02   3.702300E+05   1.361063E+00   1.361063E+00   4.409562E+00   2.937667E+00  -1.274621E+01   3.003652E+00  -4.853872E+00        13
   8.825299E+02   3.710910E+05   1.361063E+00   1.361063E+00   4.409562E+00   2.937667E+00  -1.274823E+01   3.003147E+00  -4.853872E+00        13
   8.835299E+02   3.719530E+05   1.361063E+00   1.361063E+00   4.409562E+00   2.937667E+00  -1.275025E+01   3.002644E+00  -4.853872E+00        13
   8.845299E+02   3.728160E+05   1.361063E+00   1.361063E+00   4.409562E+00   2.937667E+00  -1.275226E+01   3.002140E+00  -4.853872E+00        13
   8.855299E+02   3.736800E+05   1.361063E+00   1.361063E+00   4.409562E+00   2.937667E+00  -1.275427E+01   3.001638E+00  -4.853872E+00        13
   8.865299E+02   3.745450E+05   1.361063E+00   1.361063E+00   4.409562E+00   2.937667E+00  -1.275628E+01   3.001136E+00  -4.853872E+00        13
   8.875299E+02   3.754110E+05   1.361063E+00   1.361063E+00   4.409562E+00   2.937667E+00  -1.275829E+01   3.000634E+00  -4.853872E+00        13
   8.885299E+02   3.762780E+05   1.361063E+00   1.361063E+00   4.409562E+00   2.937667E+00  -1.276029E+01   3.000133E+00  -4.853872E+00        13
   8.895299E+02   3.771460E+05   1.361063E+00   1.361063E+00   4.409562E+00   2.937667E+00  -1.276229E+01   2.999633E+00  -4.853872E+00        13
   8.905299E+02   3.780150E+05   1.361063E+00   1.361063E+00   4.409562E+00   2.937667E+00  -1.276429E+01   2.999133E+00  -4.853872E+00        13
   8.915299E+02   3.788850E+05   1.361063E+00   1.361063E+00   4.409562E+00   2.937667E+00  -1.276629E+01   2.998634E+00  -4.853872E+00        13
   8.925299E+02   3.797560E+05   1.361063E+00   1.361063E+00   4.409562E+00   2.937667E+00  -1.276828E+01   2.998135E+00  -4.853872E+00        13
   8.935299E+02   3.806280E+05   1.361063E+00   1.361063E+00   4.409562E+00   2.937667E+00  -1.277027E+01   2.997637E+00  -4.853872E+00        13
   8.945299E+02   3.815010E+05   1.361063E+00   1.361063E+00   4.409562E+00   2.937667E+00  -1.277226E+01   2.997140E+00  -4.853872E+00        13
   8.955299E+02   3.823750E+05   1.361063E+00   1.361063E+00   4.409562E+00   2.937667E+00  -1.277425E+01   2.996643E+00  -4.853872E+00        13
   8.965299E+02   3.832500E+05   1.361063E+00   1.361063E+00   4.409562E+00   2.937667E+00  -1.277624E+01   2.996147E+00  -4.853872E+00        13
   8.975299E+02   3.841260E+05   1.361063E+00   1.361063E+00   4.409562E+00   2.937667E+00  -1.277822E+01   2.995651E+00  -4.853872E+00        13
   8.985299E+02   3.850030E+05   1.361063E+00   1.361063E+00   4.409562E+00   2.937667E+00  -1.278020E+01   2.995156E+00  -4.853872E+00        13
   8.995299E+02   3.858810E+05   1.361063E+00   1.361063E+00   4.409562E+00   2.937667E+00  -1.278218E+01   2.994661E+00  -4.853872E+00        13
   9.005299E+02   3.867600E+05   1.361063E+00   1.361063E+00   4.409562E+00   2.937667E+00  -1.278415E+01   2.994167E+00  -4.853872E+00        13
   9.015299E+02   3.876400E+05   1.361063E+00   1.361063E+00   4.409562E+00   2.937667E+00  -1.278613E+01   2.993673E+00  -4.853872E+00        13
   9.025299E+02   3.885210E+05   1.361063E+00   1.361063E+00   4.409562E+00   2.937667E+00  -1.278810E+01   2.993180E+00  -4.853872E+00        13
   9.035299E+02   3.894030E+05   1.361063E+00   1.361063E+00   4.409562E+00   2.937667E+00  -1.279007E+01   2.992688E+00  -4.853872E+00        13
   9.045299E+02   3.902860E+05   1.361063E+00   1.361063E+00   4.409562E+00   2.937667E+00  -1.279204E+01   2.992196E+00  -4.853872E+00        13
   9.055299E+02   3.911700E+05   1.361063E+00   1.361063E+00   4.409562E+00   2.937667E+00  -1.279400E+01   2.991705E+00  -4.853872E+00        13
   9.065299E+02   3.920550E+05   1.361063E+00   1.361063E+00   4.409562E+00   2.937667E+00  -1.279597E+01   2.991214E+00  -4.853872E+00        13
   9.075299E+02   3.929410E+05   1.361063E+00   1.361063E+00   4.409562E+00   2.937667E+00  -1.279793E+01   2.990724E+00  -4.853872E+00        13
   9.085299E+02   3.938280E+05   1.361063E+00   1.361063E+00   4.409562E+00   2.937667E+00  -1.279988E+01   2.990234E+00  -4.853872E+00        13
   9.095299E+02   3.947160E+05   1.361063E+00   1.361063E+00   4.409562E+00   2.937667E+00  -1.280184E+01   2.989745E+00  -4.853872E+00        13
   9.105299E+02   3.956050E+05   1.361063E+00   1.361063E+00   4.409562E+00   2.937667E+00  -1.280380E+01   2.989257E+00  -4.853872E+00        13
   9.115299E+02   3.964950E+05   1.361063E+00   1.361063E+00   4.409562E+00   2.937667E+00  -1.280575E+01   2.988769E+00  -4.853872E+00        13
   9.125299E+02   3.973860E+05   1.361063E+00   1.361063E+00   4.409562E+00   2.937667E+00  -1.280770E+01   2.988281E+00  -4.853872E+00        13
   9.135299E+02   3.982780E+05   1.361063E+00   1.361063E+00   4.409562E+00   2.937667E+00  -1.280964E+01   2.987795E+00  -4.853872E+00        13
   9.145299E+02   3.991710E+05   1.361063E+00   1.361063E+00   4.409562E+00   2.937667E+00  -1.281159E+01   2.987308E+00  -4.853872E+00        13
   9.155299E+02   4.000650E+05   1.361063E+00   1.361063E+00   4.409562E+00   2.937667E+00  -1.281353E+01   2.986822E+00  -4.853872E+00        13
   9.165299E+02   4.009600E+05   1.361063E+00   1.361063E+00   4.409562E+00   2.937667E+00  -1.281547E+01   2.986337E+00  -4.853872E+00        13
   9.175299E+02   4.018560E+05   1.361063E+00   1.361063E+00   4.409562E+00   2.937667E+00  -1.281741E+01   2.985852E+00  -4.853872E+00        13
   9.185299E+02   4.027530E+05   1.361063E+00   1.361063E+00   4.409562E+00   2.937667E+00  -1.281935E+01   2.985368E+00  -4.853872E+00        13
   9.195299E+02   4.036510E+05   1.361063E+00   1.361063E+00   4.409562E+00   2.937667E+00  -1.282128E+01   2.984885E+00  -4.853872E+00        13
   9.205299E+02   4.045500E+05   1.361063E+00   1.361063E+00   4.409562E+00   2.937667E+00  -1.282322E+01   2.984402E+00  -4.853872E+00        13
   9.215299E+02   4.054500E+05   1.361063E+00   1.361063E+00   4.409562E+00   2.937667E+00  -1.282515E+01   2.983919E+00  -4.853872E+00        13
   9.225299E+02   4.063510E+05   1.361063E+00   1.361063E+00   4.409562E+00   2.937667E+00  -1.282707E+01   2.983437E+00  -4.853872E+00        13
   9.235299E+02   4.072530E+05   1.361063E+00   1.361063E+00   4.409562E+00   2.937667E+00  -1.282900E+01   2.982956E+00  -4.853872E+00        13
   9.245299E+02   4.081560E+05   1.361063E+00   1.361063E+00   4.409562E+00   2.937667E+00  -1.283092E+01   2.982475E+00  -4.853872E+00        13
   9.255299E+02   4.090600E+05   1.361063E+00   1.361063E+00   4.409562E+00   2.937667E+00  -1.283285E+01   2.981994E+00  -4.853872E+00        13
   9.265299E+02   4.099650E+05   1.361063E+00   1.361063E+00   4.409562E+00   2.937667E+00  -1.283477E+01   2.981514E+00  -4.853872E+00        13
   9.275299E+02   4.108710E+05   1.361063E+00   1.361063E+00   4.409562E+00   2.937667E+00  -1.283668E+01   2.981035E+00  -4.853872E+00        13
   9.285299E+02   4.117780E+05   1.361063E+00   1.361063E+00   4.409562E+00   2.937667E+00  -1.283860E+01   2.980556E+00  -4.853872E+00        13
   9.295299E+02   4.126860E+05   1.361063E+00   1.361063E+00   4.409562E+00   2.937667E+00  -1.284051E+01   2.980078E+00  -4.853872E+00        13
   9.305299E+02   4.135950E+05   1.361063E+00   1.361063E+00   4.409562E+00   2.937667E+00  -1.284242E+01   2.979600E+00  -4.853872E+00        13
   9.315299E+02   4.145050E+05   1.361063E+00   1.361063E+00   4.409562E+00   2.937667E+00  -1.284433E+01   2.979123E+00  -4.853872E+00        13
   9.325299E+02   4.154160E+05   1.361063E+00   1.361063E+00   4.409562E+00   2.937667E+00  -1.284624E+01   2.978646E+00  -4.853872E+00        13
   9.335299E+02   4.163280E+05   1.361063E+00   1.361063E+00   4.409562E+00   2.937667E+00  -1.284814E+01   2.978170E+00  -4.853872E+00        13
   9.345299E+02   4.172410E+05   1.361063E+00   1.361063E+00   4.409562E+00   2.937667E+00  -1.285005E+01   2.977694E+00  -4.853872E+00        13
   9.355299E+02   4.181550E+05   1.361063E+00   1.361063E+00   4.409562E+00   2.937667E+00  -1.285195E+01   2.977219E+00  -4.853872E+00        13
   9.365299E+02   4.190700E+05   1.361063E+00   1.361063E+00   4.409562E+00   2.937667E+00  -1.285384E+01   2.976744E+00  -4.853872E+00        13
   9.375299E+02   4.199860E+05   1.361063E+00   1.361063E+00   4.409562E+00   2.937667E+00  -1.285574E+01   2.976270E+00  -4.853872E+00        13
   9.385299E+02   4.209030E+05   1.361063E+00   1.361063E+00   4.409562E+00   2.937667E+00  -1.285764E+01   2.975797E+00  -4.853872E+00        13
   9.395299E+02   4.218210E+05   1.361063E+00   1.361063E+00   4.409562E+00   2.937667E+00  -1.285953E+01   2.975324E+00  -4.853872E+00        13
   9.405299E+02   4.227400E+05   1.361063E+00   1.361063E+00   4.409562E+00   2.937667E+00  -1.286142E+01   2.974851E+00  -4.853872E+00        13
   9.415299E+02   4.236600E+05   1.361063E+00   1.361063E+00   4.409562E+00   2.937667E+00  -1.286331E+01   2.974379E+00  -4.853872E+00        13
   9.425299E+02   4.245810E+05   1.361063E+00   1.361063E+00   4.409562E+00   2.937667E+00  -1.286519E+01   2.973907E+00  -4.853872E+00        13
   9.435299E+02   4.255030E+05   1.361063E+00   1.361063E+00   4.409562E+00   2.937667E+00  -1.286708E+01   2.973436E+00  -4.853872E+00        13
   9.445299E+02   4.264260E+05   1.361063E+00   1.361063E+00   4.409562E+00   2.937667E+00  -1.286896E+01   2.972966E+00  -4.853872E+00        13
   9.455299E+02   4.273500E+05   1.361063E+00   1.361063E+00   4.409562E+00   2.937667E+00  -1.287084E+01   2.972496E+00  -4.853872E+00        13
   9.465299E+02   4.282750E+05   1.361063E+00   1.361063E+00   4.409562E+00   2.937667E+00  -1.287272E+01   2.972026E+00  -4.853872E+00        13
   9.475299E+02   4.292010E+05   1.361063E+00   1.361063E+00   4.409562E+00   2.937667E+00  -1.287459E+01   2.971557E+00  -4.853872E+00        13
   9.485299E+02   4.301280E+05   1.361063E+00   1.361063E+00   4.409562E+00   2.937667E+00  -1.287647E+01   2.971089E+00  -4.853872E+00        13
   9.495299E+02   4.310560E+05   1.361063E+00   1.361063E+00   4.409562E+00   2.937667E+00  -1.287834E+01   2.970621E+00  -4.853872E+00        13
   9.505299E+02   4.319850E+05   1.361063E+00   1.361063E+00   4.409562E+00   2.937667E+00  -1.288021E+01   2.970153E+00  -4.853872E+00        13
   9.515299E+02   4.329150E+05   1.361063E+00   1.361063E+00   4.409562E+00   2.937667E+00  -1.288208E+01   2.969686E+00  -4.853872E+00        13
   9.525299E+02   4.338460E+05   1.361063E+00   1.361063E+00   4.409562E+00   2.937667E+00  -1.288394E+01   2.969220E+00  -4.853872E+00        13
   9.535299E+02   4.347780E+05   1.361063E+00   1.361063E+00   4.409562E+00   2.937667E+00  -1.288581E+01   2.968754E+00  -4.853872E+00        13
   9.545299E+02   4.357110E+05   1.361063E+00   1.361063E+00   4.409562E+00   2.937667E+00  -1.288767E+01   2.968288E+00  -4.853872E+00        13
   9.555299E+02   4.366450E+05   1.361063E+00   1.361063E+00   4.409562E+00   2.937667E+00  -1.288953E+01   2.967823E+00  -4.853872E+00        13
   9.565299E+02   4.375800E+05   1.361063E+00   1.361063E+00   4.409562E+00   2.937667E+00  -1.289139E+01   2.967359E+00  -4.853872E+00        13
   9.575299E+02   4.385160E+05   1.361063E+00   1.361063E+00   4.409562E+00   2.937667E+00  -1.289324E+01   2.966895E+00  -4.853872E+00        13
   9.585299E+02   4.394530E+05   1.361063E+00   1.361063E+00   4.409562E+00   2.937667E+00  -1.289510E+01   2.966431E+00  -4.853872E+00        13
   9.595299E+02   4.403910E+05   1.361063E+00   1.361063E+00   4.409562E+00   2.937667E+00  -1.289695E+01   2.965968E+00  -4.853872E+00        13
   9.605299E+02   4.413300E+05   1.361063E+00   1.361063E+00   4.409562E+00   2.937667E+00  -1.289880E+01   2.965506E+00  -4.853872E+00        13
   9.615299E+02   4.422700E+05   1.361063E+00   1.361063E+00   4.409562E+00   2.937667E+00  -1.290065E+01   2.965044E+00  -4.853872E+00        13
   9.625299E+02   4.432110E+05   1.361063E+00   1.361063E+00   4.409562E+00   2.937667E+00  -1.290249E+01   2.964582E+00  -4.853872E+00        13
   9.635299E+02   4.441530E+05   1.361063E+00   1.361063E+00   4.409562E+00   2.937667E+00  -1.290434E+01   2.964121E+00  -4.853872E+00        13
   9.645299E+02   4.450960E+05   1.361063E+00   1.361063E+00   4.409562E+00   2.937667E+00  -1.290618E+01   2.963661E+00  -4.853872E+00        13
   9.655299E+02   4.460400E+05   1.361063E+00   1.361063E+00   4.409562E+00   2.937667E+00  -1.290802E+01   2.963201E+00  -4.853872E+00        13
   9.665299E+02   4.469850E+05   1.361063E+00   1.361063E+00   4.409562E+00   2.937667E+00  -1.290986E+01   2.962741E+00  -4.853872E+00        13
   9.675299E+02   4.479310E+05   1.361063E+00   1.361063E+00   4.409562E+00   2.937667E+00  -1.291169E+01   2.962282E+00  -4.853872E+00        13
   9.685299E+02   4.488780E+05   1.361063E+00   1.361063E+00   4.409562E+00   2.937667E+00  -1.291353E+01   2.961824E+00  -4.853872E+00        13
   9.695299E+02   4.498260E+05   1.361063E+00   1.361063E+00   4.409562E+00   2.937667E+00  -1.291536E+01   2.961365E+00  -4.853872E+00        13
   9.705299E+02   4.507750E+05   1.361063E+00   1.361063E+00   4.409562E+00   2.937667E+00  -1.291719E+01   2.960908E+00  -4.853872E+00        13
   9.715299E+02   4.517250E+05   1.361063E+00   1.361063E+00   4.409562E+00   2.937667E+00  -1.291902E+01   2.960451E+00  -4.853872E+00        13
   9.725299E+02   4.526760E+05   1.361063E+00   1.361063E+00   4.409562E+00   2.937667E+00  -1.292085E+01   2.959994E+00  -4.853872E+00        13
   9.735299E+02   4.536280E+05   1.361063E+00   1.361063E+00   4.409562E+00   2.937667E+00  -1.292267E+01   2.959538E+00  -4.853872E+00        13
   9.745299E+02   4.545810E+05   1.361063E+00   1.361063E+00   4.409562E+00   2.937667E+00  -1.292449E+01   2.959082E+00  -4.853872E+00        13
   9.755299E+02   4.555350E+05   1.361063E+00   1.361063E+00   4.409562E+00   2.937667E+00  -1.292632E+01   2.958627E+00  -4.853872E+00        13
   9.765299E+02   4.564900E+05   1.361063E+00   1.361063E+00   4.409562E+00   2.937667E+00  -1.292813E+01   2.958172E+00  -4.853872E+00        13
   9.775299E+02   4.574460E+05   1.361063E+00   1.361063E+00   4.409562E+00   2.937667E+00  -1.292995E+01   2.957718E+00  -4.853872E+00        13
   9.785299E+02   4.584030E+05   1.361063E+00   1.361063E+00   4.409562E+00   2.937667E+00  -1.293177E+01   2.957264E+00  -4.853872E+00        13
   9.795299E+02   4.593610E+05   1.361063E+00   1.361063E+00   4.409562E+00   2.937667E+00  -1.293358E+01   2.956811E+00  -4.853872E+00        13
   9.805299E+02   4.603200E+05   1.361063E+00   1.361063E+00   4.409562E+00   2.937667E+00  -1.293539E+01   2.956358E+00  -4.853872E+00        13
   9.815299E+02   4.612800E+05   1.361063E+00   1.361063E+00   4.409562E+00   2.937667E+00  -1.293720E+01   2.955905E+00  -4.853872E+00        13
   9.825299E+02   4.622410E+05   1.361063E+00   1.361063E+00   4.409562E+00   2.937667E+00  -1.293901E+01   2.955453E+00  -4.853872E+00        13
   9.835299E+02   4.632030E+05   1.361063E+00   1.361063E+00   4.409562E+00   2.937667E+00  -1.294081E+01   2.955002E+00  -4.853872E+00        13
   9.845299E+02   4.641660E+05   1.361063E+00   1.361063E+00   4.409562E+00   2.937667E+00  -1.294262E+01   2.954551E+00  -4.853872E+00        13
   9.855299E+02   4.651300E+05   1.361063E+00   1.361063E+00   4.409562E+00   2.937667E+00  -1.294442E+01   2.954101E+00  -4.853872E+00        13
   9.865299E+02   4.660950E+05   1.361063E+00   1.361063E+00   4.409562E+00   2.937667E+00  -1.294622E+01   2.953650E+00  -4.853872E+00        13
   9.875299E+02   4.670610E+05   1.361063E+00   1.361063E+00   4.409562E+00   2.937667E+00  -1.294802E+01   2.953201E+00  -4.853872E+00        13
   9.885299E+02   4.680280E+05   1.361063E+00   1.361063E+00   4.409562E+00   2.937667E+00  -1.294982E+01   2.952752E+00  -4.853872E+00        13
   9.895299E+02   4.689960E+05   1.361063E+00   1.361063E+00   4.409562E+00   2.937667E+00  -1.295161E+01   2.952303E+00  -4.853872E+00        13
   9.905299E+02   4.699650E+05   1.361063E+00   1.361063E+00   4.409562E+00   2.937667E+00  -1.295340E+01   2.951855E+00  -4.853872E+00        13
   9.915299E+02   4.709350E+05   1.361063E+00   1.361063E+00   4.409562E+00   2.937667E+00  -1.295519E+01   2.951407E+00  -4.853872E+00        13
   9.925299E+02   4.719060E+05   1.361063E+00   1.361063E+00   4.409562E+00   2.937667E+00  -1.295698E+01   2.950960E+00  -4.853872E+00        13
   9.935299E+02   4.728780E+05   1.361063E+00   1.361063E+00   4.409562E+00   2.937667E+00  -1.295877E+01   2.950513E+00  -4.853872E+00        13
   9.945299E+02   4.738510E+05   1.361063E+00   1.361063E+00   4.409562E+00   2.937667E+00  -1.296056E+01   2.950067E+00  -4.853872E+00        13
   9.955299E+02   4.748250E+05   1.361063E+00   1.361063E+00   4.409562E+00   2.937667E+00  -1.296234E+01   2.949621E+00  -4.853872E+00        13
   9.965299E+02   4.758000E+05   1.361063E+00   1.361063E+00   4.409562E+00   2.937667E+00  -1.296412E+01   2.949175E+00  -4.853872E+00        13
   9.975299E+02   4.767760E+05   1.361063E+00   1.361063E+00   4.409562E+00   2.937667E+00  -1.296590E+01   2.948731E+00  -4.853872E+00        13
   9.985299E+02   4.777530E+05   1.361063E+00   1.361063E+00   4.409562E+00   2.937667E+00  -1.296768E+01   2.948286E+00  -4.853872E+00        13
   9.995299E+02   4.787310E+05   1.361063E+00   1.361063E+00   4.409562E+00   2.937667E+00  -1.296945E+01   2.947842E+00  -4.853872E+00        13
   1.000530E+03   4.797100E+05   1.361063E+00   1.361063E+00   4.409562E+00   2.937667E+00  -1.297123E+01   2.947398E+00  -4.853872E+00        13
   1.001530E+03   4.806900E+05   1.361063E+00   1.361063E+00   4.409562E+00   2.937667E+00  -1.297300E+01   2.946955E+00  -4.853872E+00        13
   1.002530E+03   4.816710E+05   1.361063E+00   1.361063E+00   4.409562E+00   2.937667E+00  -1.297477E+01   2.946512E+00  -4.853872E+00        13
   1.003530E+03   4.826530E+05   1.361063E+00   1.361063E+00   4.409562E+00   2.937667E+00  -1.297654E+01   2.946070E+00  -4.853872E+00        13
   1.004530E+03   4.836360E+05   1.361063E+00   1.361063E+00   4.409562E+00   2.937667E+00  -1.297831E+01   2.945628E+00  -4.853872E+00        13
   1.005530E+03   4.846200E+05   1.361063E+00   1.361063E+00   4.409562E+00   2.937667E+00  -1.298007E+01   2.945187E+00  -4.853872E+00        13
   1.006530E+03   4.856050E+05   1.361063E+00   1.361063E+00   4.409562E+00   2.937667E+00  -1.298184E+01   2.944746E+00  -4.853872E+00        13
   1.007530E+03   4.865910E+05   1.361063E+00   1.361063E+00   4.409562E+00   2.937667E+00  -1.298360E+01   2.944306E+00  -4.853872E+00        13
   1.008530E+03   4.875780E+05   1.361063E+00   1.361063E+00   4.409562E+00   2.937667E+00  -1.298536E+01   2.943866E+00  -4.853872E+00        13
   1.009530E+03   4.885660E+05   1.361063E+00   1.361063E+00   4.409562E+00   2.937667E+00  -1.298712E+01   2.943426E+00  -4.853872E+00        13
   1.010530E+03   4.895550E+05   1.361063E+00   1.361063E+00   4.409562E+00   2.937667E+00  -1.298887E+01   2.942987E+00  -4.853872E+00        13
   1.011530E+03   4.905450E+05   1.361063E+00   1.361063E+00   4.409562E+00   2.937667E+00  -1.299063E+01   2.942548E+00  -4.853872E+00        13
   1.012530E+03   4.915360E+05   1.361063E+00   1.361063E+00   4.409562E+00   2.937667E+00  -1.299238E+01   2.942110E+00  -4.853872E+00        13
   1.013530E+03   4.925280E+05   1.361063E+00   1.361063E+00   4.409562E+00   2.937667E+00  -1.299413E+01   2.941672E+00  -4.853872E+00        13
   1.014530E+03   4.935210E+05   1.361063E+00   1.361063E+00   4.409562E+00   2.937667E+00  -1.299588E+01   2.941235E+00  -4.853872E+00        13
   1.015530E+03   4.945150E+05   1.361063E+00   1.361063E+00   4.409562E+00   2.937667E+00  -1.299763E+01   2.940798E+00  -4.853872E+00        13
   1.016530E+03   4.955100E+05   1.361063E+00   1.361063E+00   4.409562E+00   2.937667E+00  -1.299938E+01   2.940361E+00  -4.853872E+00        13
   1.017530E+03   4.965060E+05   1.361063E+00   1.361063E+00   4.409562E+00   2.937667E+00  -1.300112E+01   2.939925E+00  -4.853872E+00        13
   1.018530E+03   4.975030E+05   1.361063E+00   1.361063E+00   4.409562E+00   2.937667E+00  -1.300286E+01   2.939490E+00  -4.853872E+00        13
   1.019530E+03   4.985010E+05   1.361063E+00   1.361063E+00   4.409562E+00   2.937667E+00  -1.300460E+01   2.939055E+00  -4.853872E+00        13
   1.020530E+03   4.995000E+05   1.361063E+00   1.361063E+00   4.409562E+00   2.937667E+00  -1.300634E+01   2.938620E+00  -4.853872E+00        13
   1.021530E+03   5.005000E+05   1.361063E+00   1.361063E+00   4.409562E+00   2.937667E+00  -1.300808E+01   2.938186E+00  -4.853872E+00        13
   1.022530E+03   5.015010E+05   1.361063E+00   1.361063E+00   4.409562E+00   2.937667E+00  -1.300982E+01   2.937752E+00  -4.853872E+00        13
   1.023530E+03   5.025030E+05   1.361063E+00   1.361063E+00   4.409562E+00   2.937667E+00  -1.301155E+01   2.937318E+00  -4.853872E+00        13
   1.024530E+03   5.035060E+05   1.361063E+00   1.361063E+00   4.409562E+00   2.937667E+00  -1.301328E+01   2.936885E+00  -4.853872E+00        13
   1.025530E+03   5.045100E+05   1.361063E+00   1.361063E+00   4.409562E+00   2.937667E+00  -1.301501E+01   2.936453E+00  -4.853872E+00        13
   1.026530E+03   5.055150E+05   1.361063E+00   1.361063E+00   4.409562E+00   2.937667E+00  -1.301674E+01   2.936021E+00  -4.853872E+00        13
   1.027530E+03   5.065210E+05   1.361063E+00   1.361063E+00   4.409562E+00   2.937667E+00  -1.301847E+01   2.935589E+00  -4.853872E+00        13
   1.028530E+03   5.075280E+05   1.361063E+00   1.361063E+00   4.409562E+00   2.937667E+00  -1.302019E+01   2.935158E+00  -4.853872E+00        13
   1.029530E+03   5.085360E+05   1.361063E+00   1.361063E+00   4.409562E+00   2.937667E+00  -1.302191E+01   2.934727E+00  -4.853872E+00        13
   1.030530E+03   5.095450E+05   1.361063E+00   1.361063E+00   4.409562E+00   2.937667E+00  -1.302364E+01   2.934296E+00  -4.853872E+00        13
   1.031530E+03   5.105550E+05   1.361063E+00   1.361063E+00   4.409562E+00   2.937667E+00  -1.302536E+01   2.933866E+00  -4.853872E+00        13
   1.032530E+03   5.115660E+05   1.361063E+00   1.361063E+00   4.409562E+00   2.937667E+00  -1.302707E+01   2.933437E+00  -4.853872E+00        13
   1.033530E+03   5.125780E+05   1.361063E+00   1.361063E+00   4.409562E+00   2.937667E+00  -1.302879E+01   2.933008E+00  -4.853872E+00        13
   1.034530E+03   5.135910E+05   1.361063E+00   1.361063E+00   4.409562E+00   2.937667E+00  -1.303051E+01   2.932579E+00  -4.853872E+00        13
   1.035530E+03   5.146050E+05   1.361063E+00   1.361063E+00   4.409562E+00   2.937667E+00  -1.303222E+01   2.932151E+00  -4.853872E+00        13
   1.036530E+03   5.156200E+05   1.361063E+00   1.361063E+00   4.409562E+00   2.937667E+00  -1.303393E+01   2.931723E+00  -4.853872E+00        13
   1.037530E+03   5.166360E+05   1.361063E+00   1.361063E+00   4.409562E+00   2.937667E+00  -1.303564E+01   2.931295E+00  -4.853872E+00        13
   1.038530E+03   5.176530E+05   1.361063E+00   1.361063E+00   4.409562E+00   2.937667E+00  -1.303735E+01   2.930868E+00  -4.853872E+00        13
   1.039530E+03   5.186710E+05   1.361063E+00   1.361063E+00   4.409562E+00   2.937667E+00  -1.303906E+01   2.930442E+00  -4.853872E+00        13
   1.040530E+03   5.196900E+05   1.361063E+00   1.361063E+00   4.409562E+00   2.937667E+00  -1.304076E+01   2.930016E+00  -4.853872E+00        13
   1.041530E+03   5.207100E+05   1.361063E+00   1.361063E+00   4.409562E+00   2.937667E+00  -1.304246E+01   2.929590E+00  -4.853872E+00        13
   1.042530E+03   5.217310E+05   1.361063E+00   1.361063E+00   4.409562E+00   2.937667E+00  -1.304416E+01   2.929164E+00  -4.853872E+00        13
   1.043530E+03   5.227530E+05   1.361063E+00   1.361063E+00   4.409562E+00   2.937667E+00  -1.304586E+01   2.928739E+00  -4.853872E+00        13
   1.044530E+03   5.237760E+05   1.361063E+00   1.361063E+00   4.409562E+00   2.937667E+00  -1.304756E+01   2.928315E+00  -4.853872E+00        13
   1.045530E+03   5.248000E+05   1.361063E+00   1.361063E+00   4.409562E+00   2.937667E+00  -1.304926E+01   2.927891E+00  -4.853872E+00        13
   1.046530E+03   5.258250E+05   1.361063E+00   1.361063E+00   4.409562E+00   2.937667E+00  -1.305095E+01   2.927467E+00  -4.853872E+00        13
   1.047530E+03   5.268510E+05   1.361063E+00   1.361063E+00   4.409562E+00   2.937667E+00  -1.305265E+01   2.927044E+00  -4.853872E+00        13
   1.048530E+03   5.278780E+05   1.361063E+00   1.361063E+00   4.409562E+00   2.937667E+00  -1.305434E+01   2.926621E+00  -4.853872E+00        13
   1.049530E+03   5.289060E+05   1.361063E+00   1.361063E+00   4.409562E+00   2.937667E+00  -1.305603E+01   2.926198E+00  -4.853872E+00        13
   1.050530E+03   5.299350E+05   1.361063E+00   1.361063E+00   4.409562E+00   2.937667E+00  -1.305772E+01   2.925776E+00  -4.853872E+00        13
   1.051530E+03   5.309650E+05   1.361063E+00   1.361063E+00   4.409562E+00   2.937667E+00  -1.305940E+01   2.925355E+00  -4.853872E+00        13
   1.052530E+03   5.319960E+05   1.361063E+00   1.361063E+00   4.409562E+00   2.937667E+00  -1.306109E+01   2.924934E+00  -4.853872E+00        13
   1.053530E+03   5.330280E+05   1.361063E+00   1.361063E+00   4.409562E+00   2.937667E+00  -1.306277E+01   2.924513E+00  -4.853872E+00        13
   1.054530E+03   5.340610E+05   1.361063E+00   1.361063E+00   4.409562E+00   2.937667E+00  -1.306445E+01   2.924092E+00  -4.853872E+00        13
   1.055530E+03   5.350950E+05   1.361063E+00   1.361063E+00   4.409562E+00   2.937667E+00  -1.306613E+01   2.923672E+00  -4.853872E+00        13
   1.056530E+03   5.361300E+05   1.361063E+00   1.361063E+00   4.409562E+00   2.937667E+00  -1.306781E+01   2.923253E+00  -4.853872E+00        13
   1.057530E+03   5.371660E+05   1.361063E+00   1.361063E+00   4.409562E+00   2.937667E+00  -1.306949E+01   2.922833E+00  -4.853872E+00        13
   1.058530E+03   5.382030E+05   1.361063E+00   1.361063E+00   4.409562E+00   2.937667E+00  -1.307116E+01   2.922415E+00  -4.853872E+00        13
   1.059530E+03   5.392410E+05   1.361063E+00   1.361063E+00   4.409562E+00   2.937667E+00  -1.307284E+01   2.921996E+00  -4.853872E+00        13
   1.060530E+03   5.402800E+05   1.361063E+00   1.361063E+00   4.409562E+00   2.937667E+00  -1.307451E+01   2.921578E+00  -4.853872E+00        13
   1.061530E+03   5.413200E+05   1.361063E+00   1.361063E+00   4.409562E+00   2.937667E+00  -1.307618E+01   2.921161E+00  -4.853872E+00        13
   1.062530E+03   5.423610E+05   1.361063E+00   1.361063E+00   4.409562E+00   2.937667E+00  -1.307785E+01   2.920743E+00  -4.853872E+00        13
   1.063530E+03   5.434030E+05   1.361063E+00   1.361063E+00   4.409562E+00   2.937667E+00  -1.307952E+01   2.920327E+00  -4.853872E+00        13
   1.064530E+03   5.444460E+05   1.361063E+00   1.361063E+00   4.409562E+00   2.937667E+00  -1.308118E+01   2.919910E+00  -4.853872E+00        13
   1.065530E+03   5.454900E+05   1.361063E+00   1.361063E+00   4.409562E+00   2.937667E+00  -1.308285E+01   2.919494E+00  -4.853872E+00        13
   1.066530E+03   5.465350E+05   1.361063E+00   1.361063E+00   4.409562E+00   2.937667E+00  -1.308451E+01   2.919079E+00  -4.853872E+00        13
   1.067530E+03   5.475810E+05   1.361063E+00   1.361063E+00   4.409562E+00   2.937667E+00  -1.308617E+01   2.918664E+00  -4.853872E+00        13
   1.068530E+03   5.486280E+05   1.361063E+00   1.361063E+00   4.409562E+00   2.937667E+00  -1.308783E+01   2.918249E+00  -4.853872E+00        13
   1.069530E+03   5.496760E+05   1.361063E+00   1.361063E+00   4.409562E+00   2.937667E+00  -1.308949E+01   2.917834E+00  -4.853872E+00        13
   1.070530E+03   5.507250E+05   1.361063E+00   1.361063E+00   4.409562E+00   2.937667E+00  -1.309114E+01   2.917420E+00  -4.853872E+00        13
   1.071530E+03   5.517750E+05   1.361063E+00   1.361063E+00   4.409562E+00   2.937667E+00  -1.309280E+01   2.917007E+00  -4.853872E+00        13
   1.072530E+03   5.528260E+05   1.361063E+00   1.361063E+00   4.409562E+00   2.937667E+00  -1.309445E+01   2.916593E+00  -4.853872E+00        13
   1.073530E+03   5.538780E+05   1.361063E+00   1.361063E+00   4.409562E+00   2.937667E+00  -1.309610E+01   2.916181E+00  -4.853872E+00        13
   1.074530E+03   5.549310E+05   1.361063E+00   1.361063E+00   4.409562E+00   2.937667E+00  -1.309775E+01   2.915768E+00  -4.853872E+00        13
   1.075530E+03   5.559850E+05   1.361063E+00   1.361063E+00   4.409562E+00   2.937667E+00  -1.309940E+01   2.915356E+00  -4.853872E+00        13
   1.076530E+03   5.570400E+05   1.361063E+00   1.361063E+00   4.409562E+00   2.937667E+00  -1.310104E+01   2.914945E+00  -4.853872E+00        13
   1.077530E+03   5.580960E+05   1.361063E+00   1.361063E+00   4.409562E+00   2.937667E+00  -1.310269E+01   2.914533E+00  -4.853872E+00        13
   1.078530E+03   5.591530E+05   1.361063E+00   1.361063E+00   4.409562E+00   2.937667E+00  -1.310433E+01   2.914122E+00  -4.853872E+00        13
   1.079530E+03   5.602110E+05   1.361063E+00   1.361063E+00   4.409562E+00   2.937667E+00  -1.310597E+01   2.913712E+00  -4.853872E+00        13
   1.080530E+03   5.612700E+05   1.361063E+00   1.361063E+00   4.409562E+00   2.937667E+00  -1.310762E+01   2.913302E+00  -4.853872E+00        13
   1.081530E+03   5.623300E+05   1.361063E+00   1.361063E+00   4.409562E+00   2.937667E+00  -1.310925E+01   2.912892E+00  -4.853872E+00        13
   1.082530E+03   5.633910E+05   1.361063E+00   1.361063E+00   4.409562E+00   2.937667E+00  -1.311089E+01   2.912483E+00  -4.853872E+00        13
   1.083530E+03   5.644530E+05   1.361063E+00   1.361063E+00   4.409562E+00   2.937667E+00  -1.311253E+01   2.912074E+00  -4.853872E+00        13
   1.084530E+03   5.655160E+05   1.361063E+00   1.361063E+00   4.409562E+00   2.937667E+00  -1.311416E+01   2.911665E+00  -4.853872E+00        13
   1.085530E+03   5.665800E+05   1.361063E+00   1.361063E+00   4.409562E+00   2.937667E+00  -1.311579E+01   2.911257E+00  -4.853872E+00        13
   1.086530E+03   5.676450E+05   1.361063E+00   1.361063E+00   4.409562E+00   2.937667E+00  -1.311743E+01   2.910849E+00  -4.853872E+00        13
   1.087530E+03   5.687110E+05   1.361063E+00   1.361063E+00   4.409562E+00   2.937667E+00  -1.311905E+01   2.910442E+00  -4.853872E+00        13
   1.088530E+03   5.697780E+05   1.361063E+00   1.361063E+00   4.409562E+00   2.937667E+00  -1.312068E+01   2.910035E+00  -4.853872E+00        13
   1.089530E+03   5.708460E+05   1.361063E+00   1.361063E+00   4.409562E+00   2.937667E+00  -1.312231E+01   2.909628E+00  -4.853872E+00        13
   1.090530E+03   5.719150E+05   1.361063E+00   1.361063E+00   4.409562E+00   2.937667E+00  -1.312393E+01   2.909222E+00  -4.853872E+00        13
   1.091530E+03   5.729850E+05   1.361063E+00   1.361063E+00   4.409562E+00   2.937667E+00  -1.312556E+01   2.908816E+00  -4.853872E+00        13
   1.092530E+03   5.740560E+05   1.361063E+00   1.361063E+00   4.409562E+00   2.937667E+00  -1.312718E+01   2.908411E+00  -4.853872E+00        13
   1.093530E+03   5.751280E+05   1.361063E+00   1.361063E+00   4.409562E+00   2.937667E+00  -1.312880E+01   2.908005E+00  -4.853872E+00        13
   1.094530E+03   5.762010E+05   1.361063E+00   1.361063E+00   4.409562E+00   2.937667E+00  -1.313042E+01   2.907601E+00  -4.853872E+00        13
   1.095530E+03   5.772750E+05   1.361063E+00   1.361063E+00   4.409562E+00   2.937667E+00  -1.313204E+01   2.907196E+00  -4.853872E+00        13
   1.096530E+03   5.783500E+05   1.361063E+00   1.361063E+00   4.409562E+00   2.937667E+00  -1.313365E+01   2.906792E+00  -4.853872E+00        13
   1.097530E+03   5.794260E+05   1.361063E+00   1.361063E+00   4.409562E+00   2.937667E+00  -1.313527E+01   2.906389E+00  -4.853872E+00        13
   1.098530E+03   5.805030E+05   1.361063E+00   1.361063E+00   4.409562E+00   2.937667E+00  -1.313688E+01   2.905985E+00  -4.853872E+00        13
   1.099530E+03   5.815810E+05   1.361063E+00   1.361063E+00   4.409562E+00   2.937667E+00  -1.313849E+01   2.905583E+00  -4.853872E+00        13
   1.100530E+03   5.826600E+05   1.361063E+00   1.361063E+00   4.409562E+00   2.937667E+00  -1.314010E+01   2.905180E+00  -4.853872E+00        13
   1.101530E+03   5.837400E+05   1.361063E+00   1.361063E+00   4.409562E+00   2.937667E+00  -1.314171E+01   2.904778E+00  -4.853872E+00        13
   1.102530E+03   5.848210E+05   1.361063E+00   1.361063E+00   4.409562E+00   2.937667E+00  -1.314332E+01   2.904376E+00  -4.853872E+00        13
   1.103530E+03   5.859030E+05   1.361063E+00   1.361063E+00   4.409562E+00   2.937667E+00  -1.314492E+01   2.903975E+00  -4.853872E+00        13
   1.104530E+03   5.869860E+05   1.361063E+00   1.361063E+00   4.409562E+00   2.937667E+00  -1.314653E+01   2.903574E+00  -4.853872E+00        13
   1.105530E+03   5.880700E+05   1.361063E+00   1.361063E+00   4.409562E+00   2.937667E+00  -1.314813E+01   2.903173E+00  -4.853872E+00        13
   1.106530E+03   5.891550E+05   1.361063E+00   1.361063E+00   4.409562E+00   2.937667E+00  -1.314973E+01   2.902773E+00  -4.853872E+00        13
   1.107530E+03   5.902410E+05   1.361063E+00   1.361063E+00   4.409562E+00   2.937667E+00  -1.315133E+01   2.902373E+00  -4.853872E+00        13
   1.108530E+03   5.913280E+05   1.361063E+00   1.361063E+00   4.409562E+00   2.937667E+00  -1.315293E+01   2.901973E+00  -4.853872E+00        13
   1.109530E+03   5.924160E+05   1.361063E+00   1.361063E+00   4.409562E+00   2.937667E+00  -1.315453E+01   2.901574E+00  -4.853872E+00        13
   1.110530E+03   5.935050E+05   1.361063E+00   1.361063E+00   4.409562E+00   2.937667E+00  -1.315612E+01   2.901176E+00  -4.853872E+00        13
   1.111530E+03   5.945950E+05   1.361063E+00   1.361063E+00   4.409562E+00   2.937667E+00  -1.315771E+01   2.900777E+00  -4.853872E+00        13
   1.112530E+03   5.956860E+05   1.361063E+00   1.361063E+00   4.409562E+00   2.937667E+00  -1.315931E+01   2.900379E+00  -4.853872E+00        13
   1.113530E+03   5.967780E+05   1.361063E+00   1.361063E+00   4.409562E+00   2.937667E+00  -1.316090E+01   2.899981E+00  -4.853872E+00        13
   1.114530E+03   5.978710E+05   1.361063E+00   1.361063E+00   4.409562E+00   2.937667E+00  -1.316249E+01   2.899584E+00  -4.853872E+00        13
   1.115530E+03   5.989650E+05   1.361063E+00   1.361063E+00   4.409562E+00   2.937667E+00  -1.316407E+01   2.899187E+00  -4.853872E+00        13
   1.116530E+03   6.000600E+05   1.361063E+00   1.361063E+00   4.409562E+00   2.937667E+00  -1.316566E+01   2.898790E+00  -4.853872E+00        13
   1.117530E+03   6.011560E+05   1.361063E+00   1.361063E+00   4.409562E+00   2.937667E+00  -1.316725E+01   2.898394E+00  -4.853872E+00        13
   1.118530E+03   6.022530E+05   1.361063E+00   1.361063E+00   4.409562E+00   2.937667E+00  -1.316883E+01   2.897998E+00  -4.853872E+00        13
   1.119530E+03   6.033510E+05   1.361063E+00   1.361063E+00   4.409562E+00   2.937667E+00  -1.317041E+01   2.897603E+00  -4.853872E+00        13
   1.120530E+03   6.044500E+05   1.361063E+00   1.361063E+00   4.409562E+00   2.937667E+00  -1.317199E+01   2.897208E+00  -4.853872E+00        13
   1.121530E+03   6.055500E+05   1.361063E+00   1.361063E+00   4.409562E+00   2.937667E+00  -1.317357E+01   2.896813E+00  -4.853872E+00        13
   1.122530E+03   6.066510E+05   1.361063E+00   1.361063E+00   4.409562E+00   2.937667E+00  -1.317515E+01   2.896418E+00  -4.853872E+00        13
   1.123530E+03   6.077530E+05   1.361063E+00   1.361063E+00   4.409562E+00   2.937667E+00  -1.317673E+01   2.896024E+00  -4.853872E+00        13
   1.124530E+03   6.088560E+05   1.361063E+00   1.361063E+00   4.409562E+00   2.937667E+00  -1.317830E+01   2.895630E+00  -4.853872E+00        13
   1.125530E+03   6.099600E+05   1.361063E+00   1.361063E+00   4.409562E+00   2.937667E+00  -1.317987E+01   2.895237E+00  -4.853872E+00        13
   1.126530E+03   6.110650E+05   1.361063E+00   1.361063E+00   4.409562E+00   2.937667E+00  -1.318145E+01   2.894844E+00  -4.853872E+00        13
   1.127530E+03   6.121710E+05   1.361063E+00   1.361063E+00   4.409562E+00   2.937667E+00  -1.318302E+01   2.894451E+00  -4.853872E+00        13
   1.128530E+03   6.132780E+05   1.361063E+00   1.361063E+00   4.409562E+00   2.937667E+00  -1.318459E+01   2.894059E+00  -4.853872E+00        13
   1.129530E+03   6.143860E+05   1.361063E+00   1.361063E+00   4.409562E+00   2.937667E+00  -1.318615E+01   2.893667E+00  -4.853872E+00        13
   1.130530E+03   6.154950E+05   1.361063E+00   1.361063E+00   4.409562E+00   2.937667E+00  -1.318772E+01   2.893275E+00  -4.853872E+00        13
   1.131530E+03   6.166050E+05   1.361063E+00   1.361063E+00   4.409562E+00   2.937667E+00  -1.318929E+01   2.892884E+00  -4.853872E+00        13
   1.132530E+03   6.177160E+05   1.361063E+00   1.361063E+00   4.409562E+00   2.937667E+00  -1.319085E+01   2.892493E+00  -4.853872E+00        13
   1.133530E+03   6.188280E+05   1.361063E+00   1.361063E+00   4.409562E+00   2.937667E+00  -1.319241E+01   2.892103E+00  -4.853872E+00        13
   1.134530E+03   6.199410E+05   1.361063E+00   1.361063E+00   4.409562E+00   2.937667E+00  -1.319397E+01   2.891713E+00  -4.853872E+00        13
   1.135530E+03   6.210550E+05   1.361063E+00   1.361063E+00   4.409562E+00   2.937667E+00  -1.319553E+01   2.891323E+00  -4.853872E+00        13
   1.136530E+03   6.221700E+05   1.361063E+00   1.361063E+00   4.409562E+00   2.937667E+00  -1.319709E+01   2.890933E+00  -4.853872E+00        13
   1.137530E+03   6.232860E+05   1.361063E+00   1.361063E+00   4.409562E+00   2.937667E+00  -1.319865E+01   2.890544E+00  -4.853872E+00        13
   1.138530E+03   6.244030E+05   1.361063E+00   1.361063E+00   4.409562E+00   2.937667E+00  -1.320020E+01   2.890155E+00  -4.853872E+00        13
   1.139530E+03   6.255210E+05   1.361063E+00   1.361063E+00   4.409562E+00   2.937667E+00  -1.320176E+01   2.889767E+00  -4.853872E+00        13
   1.140530E+03   6.266400E+05   1.361063E+00   1.361063E+00   4.409562E+00   2.937667E+00  -1.320331E+01   2.889379E+00  -4.853872E+00        13
   1.141530E+03   6.277600E+05   1.361063E+00   1.361063E+00   4.409562E+00   2.937667E+00  -1.320486E+01   2.888991E+00  -4.853872E+00        13
   1.142530E+03   6.288810E+05   1.361063E+00   1.361063E+00   4.409562E+00   2.937667E+00  -1.320641E+01   2.888603E+00  -4.853872E+00        13
   1.143530E+03   6.300030E+05   1.361063E+00   1.361063E+00   4.409562E+00   2.937667E+00  -1.320796E+01   2.888216E+00  -4.853872E+00        13
   1.144530E+03   6.311260E+05   1.361063E+00   1.361063E+00   4.409562E+00   2.937667E+00  -1.320950E+01   2.887830E+00  -4.853872E+00        13
   1.145530E+03   6.322500E+05   1.361063E+00   1.361063E+00   4.409562E+00   2.937667E+00  -1.321105E+01   2.887443E+00  -4.853872E+00        13
   1.146530E+03   6.333750E+05   1.361063E+00   1.361063E+00   4.409562E+00   2.937667E+00  -1.321259E+01   2.887057E+00  -4.853872E+00        13
   1.147530E+03   6.345010E+05   1.361063E+00   1.361063E+00   4.409562E+00   2.937667E+00  -1.321414E+01   2.886672E+00  -4.853872E+00        13
   1.148530E+03   6.356280E+05   1.361063E+00   1.361063E+00   4.409562E+00   2.937667E+00  -1.321568E+01   2.886286E+00  -4.853872E+00        13
   1.149530E+03   6.367560E+05   1.361063E+00   1.361063E+00   4.409562E+00   2.937667E+00  -1.321722E+01   2.885901E+00  -4.853872E+00        13
   1.150530E+03   6.378850E+05   1.361063E+00   1.361063E+00   4.409562E+00   2.937667E+00  -1.321876E+01   2.885517E+00  -4.853872E+00        13
   1.151530E+03   6.390150E+05   1.361063E+00   1.361063E+00   4.409562E+00   2.937667E+00  -1.322029E+01   2.885132E+00  -4.853872E+00        13
   1.152530E+03   6.401460E+05   1.361063E+00   1.361063E+00   4.409562E+00   2.937667E+00  -1.322183E+01   2.884748E+00  -4.853872E+00        13
   1.153530E+03   6.412780E+05   1.361063E+00   1.361063E+00   4.409562E+00   2.937667E+00  -1.322336E+01   2.884365E+00  -4.853872E+00        13
   1.154530E+03   6.424110E+05   1.361063E+00   1.361063E+00   4.409562E+00   2.937667E+00  -1.322490E+01   2.883981E+00  -4.853872E+00        13
   1.155530E+03   6.435450E+05   1.361063E+00   1.361063E+00   4.409562E+00   2.937667E+00  -1.322643E+01   2.883598E+00  -4.853872E+00        13
   1.156530E+03   6.446800E+05   1.361063E+00   1.361063E+00   4.409562E+00   2.937667E+00  -1.322796E+01   2.883216E+00  -4.853872E+00        13
   1.157530E+03   6.458160E+05   1.361063E+00   1.361063E+00   4.409562E+00   2.937667E+00  -1.322949E+01   2.882833E+00  -4.853872E+00        13
   1.158530E+03   6.469530E+05   1.361063E+00   1.361063E+00   4.409562E+00   2.937667E+00  -1.323102E+01   2.882451E+00  -4.853872E+00        13
   1.159530E+03   6.480910E+05   1.361063E+00   1.361063E+00   4.409562E+00   2.937667E+00  -1.323254E+01   2.882070E+00  -4.853872E+00        13
   1.160530E+03   6.492300E+05   1.361063E+00   1.361063E+00   4.409562E+00   2.937667E+00  -1.323407E+01   2.881688E+00  -4.853872E+00        13
   1.161530E+03   6.503700E+05   1.361063E+00   1.361063E+00   4.409562E+00   2.937667E+00  -1.323559E+01   2.881307E+00  -4.853872E+00        13
   1.162530E+03   6.515110E+05   1.361063E+00   1.361063E+00   4.409562E+00   2.937667E+00  -1.323712E+01   2.880927E+00  -4.853872E+00        13
   1.163530E+03   6.526530E+05   1.361063E+00   1.361063E+00   4.409562E+00   2.937667E+00  -1.323864E+01   2.880547E+00  -4.853872E+00        13
   1.164530E+03   6.537960E+05   1.361063E+00   1.361063E+00   4.409562E+00   2.937667E+00  -1.324016E+01   2.880167E+00  -4.853872E+00        13
   1.165530E+03   6.549400E+05   1.361063E+00   1.361063E+00   4.409562E+00   2.937667E+00  -1.324167E+01   2.879787E+00  -4.853872E+00        13
   1.166530E+03   6.560850E+05   1.361063E+00   1.361063E+00   4.409562E+00   2.937667E+00  -1.324319E+01   2.879408E+00  -4.853872E+00        13
   1.167530E+03   6.572310E+05   1.361063E+00   1.361063E+00   4.409562E+00   2.937667E+00  -1.324471E+01   2.879029E+00  -4.853872E+00        13
   1.168530E+03   6.583780E+05   1.361063E+00   1.361063E+00   4.409562E+00   2.937667E+00  -1.324622E+01   2.878650E+00  -4.853872E+00        13
   1.169530E+03   6.595260E+05   1.361063E+00   1.361063E+00   4.409562E+00   2.937667E+00  -1.324774E+01   2.878272E+00  -4.853872E+00        13
   1.170530E+03   6.606750E+05   1.361063E+00   1.361063E+00   4.409562E+00   2.937667E+00  -1.324925E+01   2.877894E+00  -4.853872E+00        13
   1.171530E+03   6.618250E+05   1.361063E+00   1.361063E+00   4.409562E+00   2.937667E+00  -1.325076E+01   2.877516E+00  -4.853872E+00        13
   1.172530E+03   6.629760E+05   1.361063E+00   1.361063E+00   4.409562E+00   2.937667E+00  -1.325227E+01   2.877139E+00  -4.853872E+00        13
   1.173530E+03   6.641280E+05   1.361063E+00   1.361063E+00   4.409562E+00   2.937667E+00  -1.325378E+01   2.876762E+00  -4.853872E+00        13
   1.174530E+03   6.652810E+05   1.361063E+00   1.361063E+00   4.409562E+00   2.937667E+00  -1.325528E+01   2.876385E+00  -4.853872E+00        13
   1.175530E+03   6.664350E+05   1.361063E+00   1.361063E+00   4.409562E+00   2.937667E+00  -1.325679E+01   2.876009E+00  -4.853872E+00        13
   1.176530E+03   6.675900E+05   1.361063E+00   1.361063E+00   4.409562E+00   2.937667E+00  -1.325829E+01   2.875633E+00  -4.853872E+00        13
   1.177530E+03   6.687460E+05   1.361063E+00   1.361063E+00   4.409562E+00   2.937667E+00  -1.325979E+01   2.875257E+00  -4.853872E+00        13
   1.178530E+03   6.699030E+05   1.361063E+00   1.361063E+00   4.409562E+00   2.937667E+00  -1.326130E+01   2.874882E+00  -4.853872E+00        13
   1.179530E+03   6.710610E+05   1.361063E+00   1.361063E+00   4.409562E+00   2.937667E+00  -1.326280E+01   2.874507E+00  -4.853872E+00        13
   1.180530E+03   6.722200E+05   1.361063E+00   1.361063E+00   4.409562E+00   2.937667E+00  -1.326429E+01   2.874132E+00  -4.853872E+00        13
   1.181530E+03   6.733800E+05   1.361063E+00   1.361063E+00   4.409562E+00   2.937667E+00  -1.326579E+01   2.873758E+00  -4.853872E+00        13
   1.182530E+03   6.745410E+05   1.361063E+00   1.361063E+00   4.409562E+00   2.937667E+00  -1.326729E+01   2.873384E+00  -4.853872E+00        13
   1.183530E+03   6.757030E+05   1.361063E+00   1.361063E+00   4.409562E+00   2.937667E+00  -1.326878E+01   2.873010E+00  -4.853872E+00        13
   1.184530E+03   6.768660E+05   1.361063E+00   1.361063E+00   4.409562E+00   2.937667E+00  -1.327028E+01   2.872636E+00  -4.853872E+00        13
   1.185530E+03   6.780300E+05   1.361063E+00   1.361063E+00   4.409562E+00   2.937667E+00  -1.327177E+01   2.872263E+00  -4.853872E+00        13
   1.186530E+03   6.791950E+05   1.361063E+00   1.361063E+00   4.409562E+00   2.937667E+00  -1.327326E+01   2.871890E+00  -4.853872E+00        13
   1.187530E+03   6.803610E+05   1.361063E+00   1.361063E+00   4.409562E+00   2.937667E+00  -1.327475E+01   2.871518E+00  -4.853872E+00        13
   1.188530E+03   6.815280E+05   1.361063E+00   1.361063E+00   4.409562E+00   2.937667E+00  -1.327624E+01   2.871146E+00  -4.853872E+00        13
   1.189530E+03   6.826960E+05   1.361063E+00   1.361063E+00   4.409562E+00   2.937667E+00  -1.327773E+01   2.870774E+00  -4.853872E+00        13
   1.190530E+03   6.838650E+05   1.361063E+00   1.361063E+00   4.409562E+00   2.937667E+00  -1.327921E+01   2.870403E+00  -4.853872E+00        13
   1.191530E+03   6.850350E+05   1.361063E+00   1.361063E+00   4.409562E+00   2.937667E+00  -1.328070E+01   2.870031E+00  -4.853872E+00        13
   1.192530E+03   6.862060E+05   1.361063E+00   1.361063E+00   4.409562E+00   2.937667E+00  -1.328218E+01   2.869660E+00  -4.853872E+00        13
   1.193530E+03   6.873780E+05   1.361063E+00   1.361063E+00   4.409562E+00   2.937667E+00  -1.328366E+01   2.869290E+00  -4.853872E+00        13
   1.194530E+03   6.885510E+05   1.361063E+00   1.361063E+00   4.409562E+00   2.937667E+00  -1.328514E+01   2.868920E+00  -4.853872E+00        13
   1.195530E+03   6.897250E+05   1.361063E+00   1.361063E+00   4.409562E+00   2.937667E+00  -1.328662E+01   2.868550E+00  -4.853872E+00        13
   1.196530E+03   6.909000E+05   1.361063E+00   1.361063E+00   4.409562E+00   2.937667E+00  -1.328810E+01   2.868180E+00  -4.853872E+00        13
   1.197530E+03   6.920760E+05   1.361063E+00   1.361063E+00   4.409562E+00   2.937667E+00  -1.328958E+01   2.867811E+00  -4.853872E+00        13
   1.198530E+03   6.932530E+05   1.361063E+00   1.361063E+00   4.409562E+00   2.937667E+00  -1.329106E+01   2.867442E+00  -4.853872E+00        13
   1.199530E+03   6.944310E+05   1.361063E+00   1.361063E+00   4.409562E+00   2.937667E+00  -1.329253E+01   2.867073E+00  -4.853872E+00        13
   1.200530E+03   6.956100E+05   1.361063E+00   1.361063E+00   4.409562E+00   2.937667E+00  -1.329400E+01   2.866705E+00  -4.853872E+00        13
   1.201530E+03   6.967900E+05   1.361063E+00   1.361063E+00   4.409562E+00   2.937667E+00  -1.329548E+01   2.866337E+00  -4.853872E+00        13
   1.202530E+03   6.979710E+05   1.361063E+00   1.361063E+00   4.409562E+00   2.937667E+00  -1.329695E+01   2.865969E+00  -4.853872E+00        13
   1.203530E+03   6.991530E+05   1.361063E+00   1.361063E+00   4.409562E+00   2.937667E+00  -1.329842E+01   2.865602E+00  -4.853872E+00        13
   1.204530E+03   7.003360E+05   1.361063E+00   1.361063E+00   4.409562E+00   2.937667E+00  -1.329988E+01   2.865234E+00  -4.853872E+00        13
   1.205530E+03   7.015200E+05   1.361063E+00   1.361063E+00   4.409562E+00   2.937667E+00  -1.330135E+01   2.864868E+00  -4.853872E+00        13
   1.206530E+03   7.027050E+05   1.361063E+00   1.361063E+00   4.409562E+00   2.937667E+00  -1.330282E+01   2.864501E+00  -4.853872E+00        13
   1.207530E+03   7.038910E+05   1.361063E+00   1.361063E+00   4.409562E+00   2.937667E+00  -1.330428E+01   2.864135E+00  -4.853872E+00        13
   1.208530E+03   7.050780E+05   1.361063E+00   1.361063E+00   4.409562E+00   2.937667E+00  -1.330575E+01   2.863769E+00  -4.853872E+00        13
   1.209530E+03   7.062660E+05   1.361063E+00   1.361063E+00   4.409562E+00   2.937667E+00  -1.330721E+01   2.863404E+00  -4.853872E+00        13
   1.210530E+03   7.074550E+05   1.361063E+00   1.361063E+00   4.409562E+00   2.937667E+00  -1.330867E+01   2.863038E+00  -4.853872E+00        13
   1.211530E+03   7.086450E+05   1.361063E+00   1.361063E+00   4.409562E+00   2.937667E+00  -1.331013E+01   2.862673E+00  -4.853872E+00        13
   1.212530E+03   7.098360E+05   1.361063E+00   1.361063E+00   4.409562E+00   2.937667E+00  -1.331159E+01   2.862309E+00  -4.853872E+00        13
   1.213530E+03   7.110280E+05   1.361063E+00   1.361063E+00   4.409562E+00   2.937667E+00  -1.331304E+01   2.861944E+00  -4.853872E+00        13
   1.214530E+03   7.122210E+05   1.361063E+00   1.361063E+00   4.409562E+00   2.937667E+00  -1.331450E+01   2.861580E+00  -4.853872E+00        13
   1.215530E+03   7.134150E+05   1.361063E+00   1.361063E+00   4.409562E+00   2.937667E+00  -1.331596E+01   2.861217E+00  -4.853872E+00        13
   1.216530E+03   7.146100E+05   1.361063E+00   1.361063E+00   4.409562E+00   2.937667E+00  -1.331741E+01   2.860853E+00  -4.853872E+00        13
   1.217530E+03   7.158060E+05   1.361063E+00   1.361063E+00   4.409562E+00   2.937667E+00  -1.331886E+01   2.860490E+00  -4.853872E+00        13
   1.218530E+03   7.170030E+05   1.361063E+00   1.361063E+00   4.409562E+00   2.937667E+00  -1.332031E+01   2.860127E+00  -4.853872E+00        13
   1.219530E+03   7.182010E+05   1.361063E+00   1.361063E+00   4.409562E+00   2.937667E+00  -1.332176E+01   2.859765E+00  -4.853872E+00        13
   1.220530E+03   7.194000E+05   1.361063E+00   1.361063E+00   4.409562E+00   2.937667E+00  -1.332321E+01   2.859402E+00  -4.853872E+00        13
   1.221530E+03   7.206000E+05   1.361063E+00   1.361063E+00   4.409562E+00   2.937667E+00  -1.332466E+01   2.859041E+00  -4.853872E+00        13
   1.222530E+03   7.218010E+05   1.361063E+00   1.361063E+00   4.409562E+00   2.937667E+00  -1.332611E+01   2.858679E+00  -4.853872E+00        13
   1.223530E+03   7.230030E+05   1.361063E+00   1.361063E+00   4.409562E+00   2.937667E+00  -1.332755E+01   2.858318E+00  -4.853872E+00        13
   1.224530E+03   7.242060E+05   1.361063E+00   1.361063E+00   4.409562E+00   2.937667E+00  -1.332900E+01   2.857957E+00  -4.853872E+00        13
   1.225530E+03   7.254100E+05   1.361063E+00   1.361063E+00   4.409562E+00   2.937667E+00  -1.333044E+01   2.857596E+00  -4.853872E+00        13
   1.226530E+03   7.266150E+05   1.361063E+00   1.361063E+00   4.409562E+00   2.937667E+00  -1.333188E+01   2.857236E+00  -4.853872E+00        13
   1.227530E+03   7.278210E+05   1.361063E+00   1.361063E+00   4.409562E+00   2.937667E+00  -1.333332E+01   2.856875E+00  -4.853872E+00        13
   1.228530E+03   7.290280E+05   1.361063E+00   1.361063E+00   4.409562E+00   2.937667E+00  -1.333476E+01   2.856516E+00  -4.853872E+00        13
   1.229530E+03   7.302360E+05   1.361063E+00   1.361063E+00   4.409562E+00   2.937667E+00  -1.333620E+01   2.856156E+00  -4.853872E+00        13
   1.230530E+03   7.314450E+05   1.361063E+00   1.361063E+00   4.409562E+00   2.937667E+00  -1.333763E+01   2.855797E+00  -4.853872E+00        13
   1.231530E+03   7.326550E+05   1.361063E+00   1.361063E+00   4.409562E+00   2.937667E+00  -1.333907E+01   2.855438E+00  -4.853872E+00        13
   1.232530E+03   7.338660E+05   1.361063E+00   1.361063E+00   4.409562E+00   2.937667E+00  -1.334051E+01   2.855079E+00  -4.853872E+00        13
   1.233530E+03   7.350780E+05   1.361063E+00   1.361063E+00   4.409562E+00   2.937667E+00  -1.334194E+01   2.854721E+00  -4.853872E+00        13
   1.234530E+03   7.362910E+05   1.361063E+00   1.361063E+00   4.409562E+00   2.937667E+00  -1.334337E+01   2.854363E+00  -4.853872E+00        13
   1.235530E+03   7.375050E+05   1.361063E+00   1.361063E+00   4.409562E+00   2.937667E+00  -1.334480E+01   2.854005E+00  -4.853872E+00        13
   1.236530E+03   7.387200E+05   1.361063E+00   1.361063E+00   4.409562E+00   2.937667E+00  -1.334623E+01   2.853648E+00  -4.853872E+00        13
   1.237530E+03   7.399360E+05   1.361063E+00   1.361063E+00   4.409562E+00   2.937667E+00  -1.334766E+01   2.853291E+00  -4.853872E+00        13
   1.238530E+03   7.411530E+05   1.361063E+00   1.361063E+00   4.409562E+00   2.937667E+00  -1.334909E+01   2.852934E+00  -4.853872E+00        13
   1.239530E+03   7.423710E+05   1.361063E+00   1.361063E+00   4.409562E+00   2.937667E+00  -1.335051E+01   2.852577E+00  -4.853872E+00        13
   1.240530E+03   7.435900E+05   1.361063E+00   1.361063E+00   4.409562E+00   2.937667E+00  -1.335194E+01   2.852221E+00  -4.853872E+00        13
   1.241530E+03   7.448100E+05   1.361063E+00   1.361063E+00   4.409562E+00   2.937667E+00  -1.335336E+01   2.851865E+00  -4.853872E+00        13
   1.242530E+03   7.460310E+05   1.361063E+00   1.361063E+00   4.409562E+00   2.937667E+00  -1.335479E+01   2.851509E+00  -4.853872E+00        13
   1.243530E+03   7.472530E+05   1.361063E+00   1.361063E+00   4.409562E+00   2.937667E+00  -1.335621E+01   2.851154E+00  -4.853872E+00        13
   1.244530E+03   7.484760E+05   1.361063E+00   1.361063E+00   4.409562E+00   2.937667E+00  -1.335763E+01   2.850799E+00  -4.853872E+00        13
   1.245530E+03   7.497000E+05   1.361063E+00   1.361063E+00   4.409562E+00   2.937667E+00  -1.335905E+01   2.850444E+00  -4.853872E+00        13
   1.246530E+03   7.509250E+05   1.361063E+00   1.361063E+00   4.409562E+00   2.937667E+00  -1.336046E+01   2.850089E+00  -4.853872E+00        13
   1.247530E+03   7.521510E+05   1.361063E+00   1.361063E+00   4.409562E+00   2.937667E+00  -1.336188E+01   2.849735E+00  -4.853872E+00        13
   1.248530E+03   7.533780E+05   1.361063E+00   1.361063E+00   4.409562E+00   2.937667E+00  -1.336330E+01   2.849381E+00  -4.853872E+00        13
   1.249530E+03   7.546060E+05   1.361063E+00   1.361063E+00   4.409562E+00   2.937667E+00  -1.336471E+01   2.849028E+00  -4.853872E+00        13
   1.250530E+03   7.558350E+05   1.361063E+00   1.361063E+00   4.409562E+00   2.937667E+00  -1.336613E+01   2.848674E+00  -4.853872E+00        13
   1.251530E+03   7.570650E+05   1.361063E+00   1.361063E+00   4.409562E+00   2.937667E+00  -1.336754E+01   2.848321E+00  -4.853872E+00        13
   1.252530E+03   7.582960E+05   1.361063E+00   1.361063E+00   4.409562E+00   2.937667E+00  -1.336895E+01   2.847968E+00  -4.853872E+00        13
   1.253530E+03   7.595280E+05   1.361063E+00   1.361063E+00   4.409562E+00   2.937667E+00  -1.337036E+01   2.847616E+00  -4.853872E+00        13
   1.254530E+03   7.607610E+05   1.361063E+00   1.361063E+00   4.409562E+00   2.937667E+00  -1.337177E+01   2.847264E+00  -4.853872E+00        13
   1.255530E+03   7.619950E+05   1.361063E+00   1.361063E+00   4.409562E+00   2.937667E+00  -1.337318E+01   2.846912E+00  -4.853872E+00        13
   1.256530E+03   7.632300E+05   1.361063E+00   1.361063E+00   4.409562E+00   2.937667E+00  -1.337458E+01   2.846560E+00  -4.853872E+00        13
   1.257530E+03   7.644660E+05   1.361063E+00   1.361063E+00   4.409562E+00   2.937667E+00  -1.337599E+01   2.846209E+00  -4.853872E+00        13
   1.258530E+03   7.657030E+05   1.361063E+00   1.361063E+00   4.409562E+00   2.937667E+00  -1.337739E+01   2.845858E+00  -4.853872E+00        13
   1.259530E+03   7.669410E+05   1.361063E+00   1.361063E+00   4.409562E+00   2.937667E+00  -1.337880E+01   2.845507E+00  -4.853872E+00        13
   1.260530E+03   7.681800E+05   1.361063E+00   1.361063E+00   4.409562E+00   2.937667E+00  -1.338020E+01   2.845156E+00  -4.853872E+00        13
   1.261530E+03   7.694200E+05   1.361063E+00   1.361063E+00   4.409562E+00   2.937667E+00  -1.338160E+01   2.844806E+00  -4.853872E+00        13
   1.262530E+03   7.706610E+05   1.361063E+00   1.361063E+00   4.409562E+00   2.937667E+00  -1.338300E+01   2.844456E+00  -4.853872E+00        13
   1.263530E+03   7.719030E+05   1.361063E+00   1.361063E+00   4.409562E+00   2.937667E+00  -1.338440E+01   2.844106E+00  -4.853872E+00        13
   1.264530E+03   7.731460E+05   1.361063E+00   1.361063E+00   4.409562E+00   2.937667E+00  -1.338579E+01   2.843757E+00  -4.853872E+00        13
   1.265530E+03   7.743900E+05   1.361063E+00   1.361063E+00   4.409562E+00   2.937667E+00  -1.338719E+01   2.843408E+00  -4.853872E+00        13
   1.266530E+03   7.756350E+05   1.361063E+00   1.361063E+00   4.409562E+00   2.937667E+00  -1.338859E+01   2.843059E+00  -4.853872E+00        13
   1.267530E+03   7.768810E+05   1.361063E+00   1.361063E+00   4.409562E+00   2.937667E+00  -1.338998E+01   2.842710E+00  -4.853872E+00        13
   1.268530E+03   7.781280E+05   1.361063E+00   1.361063E+00   4.409562E+00   2.937667E+00  -1.339137E+01   2.842362E+00  -4.853872E+00        13
   1.269530E+03   7.793760E+05   1.361063E+00   1.361063E+00   4.409562E+00   2.937667E+00  -1.339277E+01   2.842014E+00  -4.853872E+00        13
   1.270530E+03   7.806250E+05   1.361063E+00   1.361063E+00   4.409562E+00   2.937667E+00  -1.339416E+01   2.841666E+00  -4.853872E+00        13
   1.271530E+03   7.818750E+05   1.361063E+00   1.361063E+00   4.409562E+00   2.937667E+00  -1.339555E+01   2.841319E+00  -4.853872E+00        13
   1.272530E+03   7.831260E+05   1.361063E+00   1.361063E+00   4.409562E+00   2.937667E+00  -1.339693E+01   2.840972E+00  -4.853872E+00        13
   1.273530E+03   7.843780E+05   1.361063E+00   1.361063E+00   4.409562E+00   2.937667E+00  -1.339832E+01   2.840625E+00  -4.853872E+00        13
   1.274530E+03   7.856310E+05   1.361063E+00   1.361063E+00   4.409562E+00   2.937667E+00  -1.339971E+01   2.840278E+00  -4.853872E+00        13
   1.275530E+03   7.868850E+05   1.361063E+00   1.361063E+00   4.409562E+00   2.937667E+00  -1.340109E+01   2.839932E+00  -4.853872E+00        13
   1.276530E+03   7.881400E+05   1.361063E+00   1.361063E+00   4.409562E+00   2.937667E+00  -1.340248E+01   2.839586E+00  -4.853872E+00        13
   1.277530E+03   7.893960E+05   1.361063E+00   1.361063E+00   4.409562E+00   2.937667E+00  -1.340386E+01   2.839240E+00  -4.853872E+00        13
   1.278530E+03   7.906530E+05   1.361063E+00   1.361063E+00   4.409562E+00   2.937667E+00  -1.340524E+01   2.838895E+00  -4.853872E+00        13
   1.279530E+03   7.919110E+05   1.361063E+00   1.361063E+00   4.409562E+00   2.937667E+00  -1.340662E+01   2.838550E+00  -4.853872E+00        13
   1.280530E+03   7.931700E+05   1.361063E+00   1.361063E+00   4.409562E+00   2.937667E+00  -1.340800E+01   2.838205E+00  -4.853872E+00        13
   1.281530E+03   7.944300E+05   1.361063E+00   1.361063E+00   4.409562E+00   2.937667E+00  -1.340938E+01   2.837860E+00  -4.853872E+00        13
   1.282530E+03   7.956910E+05   1.361063E+00   1.361063E+00   4.409562E+00   2.937667E+00  -1.341076E+01   2.837515E+00  -4.853872E+00        13
   1.283530E+03   7.969530E+05   1.361063E+00   1.361063E+00   4.409562E+00   2.937667E+00  -1.341214E+01   2.837171E+00  -4.853872E+00        13
   1.284530E+03   7.982160E+05   1.361063E+00   1.361063E+00   4.409562E+00   2.937667E+00  -1.341351E+01   2.836827E+00  -4.853872E+00        13
   1.285530E+03   7.994800E+05   1.361063E+00   1.361063E+00   4.409562E+00   2.937667E+00  -1.341489E+01   2.836484E+00  -4.853872E+00        13
   1.286530E+03   8.007450E+05   1.361063E+00   1.361063E+00   4.409562E+00   2.937667E+00  -1.341626E+01   2.836141E+00  -4.853872E+00        13
   1.287530E+03   8.020110E+05   1.361063E+00   1.361063E+00   4.409562E+00   2.937667E+00  -1.341763E+01   2.835798E+00  -4.853872E+00        13
   1.288530E+03   8.032780E+05   1.361063E+00   1.361063E+00   4.409562E+00   2.937667E+00  -1.341900E+01   2.835455E+00  -4.853872E+00        13
   1.289530E+03   8.045460E+05   1.361063E+00   1.361063E+00   4.409562E+00   2.937667E+00  -1.342037E+01   2.835112E+00  -4.853872E+00        13
   1.290530E+03   8.058150E+05   1.361063E+00   1.361063E+00   4.409562E+00   2.937667E+00  -1.342174E+01   2.834770E+00  -4.853872E+00        13
   1.291530E+03   8.070850E+05   1.361063E+00   1.361063E+00   4.409562E+00   2.937667E+00  -1.342311E+01   2.834428E+00  -4.853872E+00        13
   1.292530E+03   8.083560E+05   1.361063E+00   1.361063E+00   4.409562E+00   2.937667E+00  -1.342448E+01   2.834086E+00  -4.853872E+00        13
   1.293530E+03   8.096280E+05   1.361063E+00   1.361063E+00   4.409562E+00   2.937667E+00  -1.342584E+01   2.833745E+00  -4.853872E+00        13
   1.294530E+03   8.109010E+05   1.361063E+00   1.361063E+00   4.409562E+00   2.937667E+00  -1.342721E+01   2.833404E+00  -4.853872E+00        13
   1.295530E+03   8.121750E+05   1.361063E+00   1.361063E+00   4.409562E+00   2.937667E+00  -1.342857E+01   2.833063E+00  -4.853872E+00        13
   1.296530E+03   8.134500E+05   1.361063E+00   1.361063E+00   4.409562E+00   2.937667E+00  -1.342993E+01   2.832722E+00  -4.853872E+00        13
   1.297530E+03   8.147260E+05   1.361063E+00   1.361063E+00   4.409562E+00   2.937667E+00  -1.343129E+01   2.832382E+00  -4.853872E+00        13
   1.298530E+03   8.160030E+05   1.361063E+00   1.361063E+00   4.409562E+00   2.937667E+00  -1.343266E+01   2.832042E+00  -4.853872E+00        13
   1.299530E+03   8.172810E+05   1.361063E+00   1.361063E+00   4.409562E+00   2.937667E+00  -1.343401E+01   2.831702E+00  -4.853872E+00        13
   1.300530E+03   8.185600E+05   1.361063E+00   1.361063E+00   4.409562E+00   2.937667E+00  -1.343537E+01   2.831362E+00  -4.853872E+00        13
   1.301530E+03   8.198400E+05   1.361063E+00   1.361063E+00   4.409562E+00   2.937667E+00  -1.343673E+01   2.831023E+00  -4.853872E+00        13
   1.302530E+03   8.211210E+05   1.361063E+00   1.361063E+00   4.409562E+00   2.937667E+00  -1.343809E+01   2.830684E+00  -4.853872E+00        13
   1.303530E+03   8.224030E+05   1.361063E+00   1.361063E+00   4.409562E+00   2.937667E+00  -1.343944E+01   2.830345E+00  -4.853872E+00        13
   1.304530E+03   8.236860E+05   1.361063E+00   1.361063E+00   4.409562E+00   2.937667E+00  -1.344079E+01   2.830007E+00  -4.853872E+00        13
   1.305530E+03   8.249700E+05   1.361063E+00   1.361063E+00   4.409562E+00   2.937667E+00  -1.344215E+01   2.829669E+00  -4.853872E+00        13
   1.306530E+03   8.262550E+05   1.361063E+00   1.361063E+00   4.409562E+00   2.937667E+00  -1.344350E+01   2.829331E+00  -4.853872E+00        13
   1.307530E+03   8.275410E+05   1.361063E+00   1.361063E+00   4.409562E+00   2.937667E+00  -1.344485E+01   2.828993E+00  -4.853872E+00        13
   1.308530E+03   8.288280E+05   1.361063E+00   1.361063E+00   4.409562E+00   2.937667E+00  -1.344620E+01   2.828655E+00  -4.853872E+00        13
   1.309530E+03   8.301160E+05   1.361063E+00   1.361063E+00   4.409562E+00   2.937667E+00  -1.344755E+01   2.828318E+00  -4.853872E+00        13
   1.310530E+03   8.314050E+05   1.361063E+00   1.361063E+00   4.409562E+00   2.937667E+00  -1.344890E+01   2.827981E+00  -4.853872E+00        13
   1.311530E+03   8.326950E+05   1.361063E+00   1.361063E+00   4.409562E+00   2.937667E+00  -1.345024E+01   2.827645E+00  -4.853872E+00        13
   1.312530E+03   8.339860E+05   1.361063E+00   1.361063E+00   4.409562E+00   2.937667E+00  -1.345159E+01   2.827308E+00  -4.853872E+00        13
   1.313530E+03   8.352780E+05   1.361063E+00   1.361063E+00   4.409562E+00   2.937667E+00  -1.345293E+01   2.826972E+00  -4.853872E+00        13
   1.314530E+03   8.365710E+05   1.361063E+00   1.361063E+00   4.409562E+00   2.937667E+00  -1.345428E+01   2.826636E+00  -4.853872E+00        13
   1.315530E+03   8.378650E+05   1.361063E+00   1.361063E+00   4.409562E+00   2.937667E+00  -1.345562E+01   2.826301E+00  -4.853872E+00        13
   1.316530E+03   8.391600E+05   1.361063E+00   1.361063E+00   4.409562E+00   2.937667E+00  -1.345696E+01   2.825965E+00  -4.853872E+00        13
   1.317530E+03   8.404560E+05   1.361063E+00   1.361063E+00   4.409562E+00   2.937667E+00  -1.345830E+01   2.825630E+00  -4.853872E+00        13
   1.318530E+03   8.417530E+05   1.361063E+00   1.361063E+00   4.409562E+00   2.937667E+00  -1.345964E+01   2.825295E+00  -4.853872E+00        13
   1.319530E+03   8.430510E+05   1.361063E+00   1.361063E+00   4.409562E+00   2.937667E+00  -1.346098E+01   2.824961E+00  -4.853872E+00        13
   1.320530E+03   8.443500E+05   1.361063E+00   1.361063E+00   4.409562E+00   2.937667E+00  -1.346232E+01   2.824626E+00  -4.853872E+00        13
   1.321530E+03   8.456500E+05   1.361063E+00   1.361063E+00   4.409562E+00   2.937667E+00  -1.346365E+01   2.824292E+00  -4.853872E+00        13
   1.322530E+03   8.469510E+05   1.361063E+00   1.361063E+00   4.409562E+00   2.937667E+00  -1.346499E+01   2.823959E+00  -4.853872E+00        13
   1.323530E+03   8.482530E+05   1.361063E+00   1.361063E+00   4.409562E+00   2.937667E+00  -1.346632E+01   2.823625E+00  -4.853872E+00        13
   1.324530E+03   8.495560E+05   1.361063E+00   1.361063E+00   4.409562E+00   2.937667E+00  -1.346766E+01   2.823292E+00  -4.853872E+00        13
   1.325530E+03   8.508600E+05   1.361063E+00   1.361063E+00   4.409562E+00   2.937667E+00  -1.346899E+01   2.822959E+00  -4.853872E+00        13
   1.326530E+03   8.521650E+05   1.361063E+00   1.361063E+00   4.409562E+00   2.937667E+00  -1.347032E+01   2.822626E+00  -4.853872E+00        13
   1.327530E+03   8.534710E+05   1.361063E+00   1.361063E+00   4.409562E+00   2.937667E+00  -1.347165E+01   2.822293E+00  -4.853872E+00        13
   1.328530E+03   8.547780E+05   1.361063E+00   1.361063E+00   4.409562E+00   2.937667E+00  -1.347298E+01   2.821961E+00  -4.853872E+00        13
   1.329530E+03   8.560860E+05   1.361063E+00   1.361063E+00   4.409562E+00   2.937667E+00  -1.347431E+01   2.821629E+00  -4.853872E+00        13
   1.330530E+03   8.573950E+05   1.361063E+00   1.361063E+00   4.409562E+00   2.937667E+00  -1.347563E+01   2.821297E+00  -4.853872E+00        13
   1.331530E+03   8.587050E+05   1.361063E+00   1.361063E+00   4.409562E+00   2.937667E+00  -1.347696E+01   2.820966E+00  -4.853872E+00        13
   1.332530E+03   8.600160E+05   1.361063E+00   1.361063E+00   4.409562E+00   2.937667E+00  -1.347828E+01   2.820634E+00  -4.853872E+00        13
   1.333530E+03   8.613280E+05   1.361063E+00   1.361063E+00   4.409562E+00   2.937667E+00  -1.347961E+01   2.820303E+00  -4.853872E+00        13
   1.334530E+03   8.626410E+05   1.361063E+00   1.361063E+00   4.409562E+00   2.937667E+00  -1.348093E+01   2.819973E+00  -4.853872E+00        13
   1.335530E+03   8.639550E+05   1.361063E+00   1.361063E+00   4.409562E+00   2.937667E+00  -1.348225E+01   2.819642E+00  -4.853872E+00        13
   1.336530E+03   8.652700E+05   1.361063E+00   1.361063E+00   4.409562E+00   2.937667E+00  -1.348357E+01   2.819312E+00  -4.853872E+00        13
   1.337530E+03   8.665860E+05   1.361063E+00   1.361063E+00   4.409562E+00   2.937667E+00  -1.348489E+01   2.818982E+00  -4.853872E+00        13
   1.338530E+03   8.679030E+05   1.361063E+00   1.361063E+00   4.409562E+00   2.937667E+00  -1.348621E+01   2.818652E+00  -4.853872E+00        13
   1.339530E+03   8.692210E+05   1.361063E+00   1.361063E+00   4.409562E+00   2.937667E+00  -1.348753E+01   2.818323E+00  -4.853872E+00        13
   1.340530E+03   8.705400E+05   1.361063E+00   1.361063E+00   4.409562E+00   2.937667E+00  -1.348885E+01   2.817993E+00  -4.853872E+00        13
   1.341530E+03   8.718600E+05   1.361063E+00   1.361063E+00   4.409562E+00   2.937667E+00  -1.349017E+01   2.817664E+00  -4.853872E+00        13
   1.342530E+03   8.731810E+05   1.361063E+00   1.361063E+00   4.409562E+00   2.937667E+00  -1.349148E+01   2.817336E+00  -4.853872E+00        13
   1.343530E+03   8.745030E+05   1.361063E+00   1.361063E+00   4.409562E+00   2.937667E+00  -1.349279E+01   2.817007E+00  -4.853872E+00        13
   1.344530E+03   8.758260E+05   1.361063E+00   1.361063E+00   4.409562E+00   2.937667E+00  -1.349411E+01   2.816679E+00  -4.853872E+00        13
   1.345530E+03   8.771500E+05   1.361063E+00   1.361063E+00   4.409562E+00   2.937667E+00  -1.349542E+01   2.816351E+00  -4.853872E+00        13
   1.346530E+03   8.784750E+05   1.361063E+00   1.361063E+00   4.409562E+00   2.937667E+00  -1.349673E+01   2.816023E+00  -4.853872E+00        13
   1.347530E+03   8.798010E+05   1.361063E+00   1.361063E+00   4.409562E+00   2.937667E+00  -1.349804E+01   2.815695E+00  -4.853872E+00        13
   1.348530E+03   8.811280E+05   1.361063E+00   1.361063E+00   4.409562E+00   2.937667E+00  -1.349935E+01   2.815368E+00  -4.853872E+00        13
   1.349530E+03   8.824560E+05   1.361063E+00   1.361063E+00   4.409562E+00   2.937667E+00  -1.350066E+01   2.815041E+00  -4.853872E+00        13
   1.350530E+03   8.837850E+05   1.361063E+00   1.361063E+00   4.409562E+00   2.937667E+00  -1.350196E+01   2.814714E+00  -4.853872E+00        13
   1.351530E+03   8.851150E+05   1.361063E+00   1.361063E+00   4.409562E+00   2.937667E+00  -1.350327E+01   2.814388E+00  -4.853872E+00        13
   1.352530E+03   8.864460E+05   1.361063E+00   1.361063E+00   4.409562E+00   2.937667E+00  -1.350458E+01   2.814062E+00  -4.853872E+00        13
   1.353530E+03   8.877780E+05   1.361063E+00   1.361063E+00   4.409562E+00   2.937667E+00  -1.350588E+01   2.813736E+00  -4.853872E+00        13
   1.354530E+03   8.891110E+05   1.361063E+00   1.361063E+00   4.409562E+00   2.937667E+00  -1.350718E+01   2.813410E+00  -4.853872E+00        13
   1.355530E+03   8.904450E+05   1.361063E+00   1.361063E+00   4.409562E+00   2.937667E+00  -1.350849E+01   2.813084E+00  -4.853872E+00        13
   1.356530E+03   8.917800E+05   1.361063E+00   1.361063E+00   4.409562E+00   2.937667E+00  -1.350979E+01   2.812759E+00  -4.853872E+00        13
   1.357530E+03   8.931160E+05   1.361063E+00   1.361063E+00   4.409562E+00   2.937667E+00  -1.351109E+01   2.812434E+00  -4.853872E+00        13
   1.358530E+03   8.944530E+05   1.361063E+00   1.361063E+00   4.409562E+00   2.937667E+00  -1.351239E+01   2.812109E+00  -4.853872E+00        13
   1.359530E+03   8.957910E+05   1.361063E+00   1.361063E+00   4.409562E+00   2.937667E+00  -1.351368E+01   2.811784E+00  -4.853872E+00        13
   1.360530E+03   8.971300E+05   1.361063E+00   1.361063E+00   4.409562E+00   2.937667E+00  -1.351498E+01   2.811460E+00  -4.853872E+00        13
   1.361530E+03   8.984700E+05   1.361063E+00   1.361063E+00   4.409562E+00   2.937667E+00  -1.351628E+01   2.811136E+00  -4.853872E+00        13
   1.362530E+03   8.998110E+05   1.361063E+00   1.361063E+00   4.409562E+00   2.937667E+00  -1.351757E+01   2.810812E+00  -4.853872E+00        13
   1.363530E+03   9.011530E+05   1.361063E+00   1.361063E+00   4.409562E+00   2.937667E+00  -1.351887E+01   2.810488E+00  -4.853872E+00        13
   1.364530E+03   9.024960E+05   1.361063E+00   1.361063E+00   4.409562E+00   2.937667E+00  -1.352016E+01   2.810165E+00  -4.853872E+00        13
   1.365530E+03   9.038400E+05   1.361063E+00   1.361063E+00   4.409562E+00   2.937667E+00  -1.352145E+01   2.809842E+00  -4.853872E+00        13
   1.366530E+03   9.051850E+05   1.361063E+00   1.361063E+00   4.409562E+00   2.937667E+00  -1.352275E+01   2.809519E+00  -4.853872E+00        13
   1.367530E+03   9.065310E+05   1.361063E+00   1.361063E+00   4.409562E+00   2.937667E+00  -1.352404E+01   2.809196E+00  -4.853872E+00        13
   1.368530E+03   9.078780E+05   1.361063E+00   1.361063E+00   4.409562E+00   2.937667E+00  -1.352533E+01   2.808874E+00  -4.853872E+00        13
   1.369530E+03   9.092260E+05   1.361063E+00   1.361063E+00   4.409562E+00   2.937667E+00  -1.352662E+01   2.808552E+00  -4.853872E+00        13
   1.370530E+03   9.105750E+05   1.361063E+00   1.361063E+00   4.409562E+00   2.937667E+00  -1.352790E+01   2.808230E+00  -4.853872E+00        13
   1.371530E+03   9.119250E+05   1.361063E+00   1.361063E+00   4.409562E+00   2.937667E+00  -1.352919E+01   2.807908E+00  -4.853872E+00        13
   1.372530E+03   9.132760E+05   1.361063E+00   1.361063E+00   4.409562E+00   2.937667E+00  -1.353048E+01   2.807587E+00  -4.853872E+00        13
   1.373530E+03   9.146280E+05   1.361063E+00   1.361063E+00   4.409562E+00   2.937667E+00  -1.353176E+01   2.807265E+00  -4.853872E+00        13
   1.374530E+03   9.159810E+05   1.361063E+00   1.361063E+00   4.409562E+00   2.937667E+00  -1.353304E+01   2.806944E+00  -4.853872E+00        13
   1.375530E+03   9.173350E+05   1.361063E+00   1.361063E+00   4.409562E+00   2.937667E+00  -1.353433E+01   2.806624E+00  -4.853872E+00        13
   1.376530E+03   9.186900E+05   1.361063E+00   1.361063E+00   4.409562E+00   2.937667E+00  -1.353561E+01   2.806303E+00  -4.853872E+00        13
   1.377530E+03   9.200460E+05   1.361063E+00   1.361063E+00   4.409562E+00   2.937667E+00  -1.353689E+01   2.805983E+00  -4.853872E+00        13
   1.378530E+03   9.214030E+05   1.361063E+00   1.361063E+00   4.409562E+00   2.937667E+00  -1.353817E+01   2.805663E+00  -4.853872E+00        13
   1.379530E+03   9.227610E+05   1.361063E+00   1.361063E+00   4.409562E+00   2.937667E+00  -1.353945E+01   2.805343E+00  -4.853872E+00        13
   1.380530E+03   9.241200E+05   1.361063E+00   1.361063E+00   4.409562E+00   2.937667E+00  -1.354073E+01   2.805024E+00  -4.853872E+00        13
   1.381530E+03   9.254800E+05   1.361063E+00   1.361063E+00   4.409562E+00   2.937667E+00  -1.354201E+01   2.804704E+00  -4.853872E+00        13
   1.382530E+03   9.268410E+05   1.361063E+00   1.361063E+00   4.409562E+00   2.937667E+00  -1.354328E+01   2.804385E+00  -4.853872E+00        13
   1.383530E+03   9.282030E+05   1.361063E+00   1.361063E+00   4.409562E+00   2.937667E+00  -1.354456E+01   2.804066E+00  -4.853872E+00        13
   1.384530E+03   9.295660E+05   1.361063E+00   1.361063E+00   4.409562E+00   2.937667E+00  -1.354583E+01   2.803748E+00  -4.853872E+00        13
   1.385530E+03   9.309300E+05   1.361063E+00   1.361063E+00   4.409562E+00   2.937667E+00  -1.354711E+01   2.803429E+00  -4.853872E+00        13
   1.386530E+03   9.322950E+05   1.361063E+00   1.361063E+00   4.409562E+00   2.937667E+00  -1.354838E+01   2.803111E+00  -4.853872E+00        13
   1.387530E+03   9.336610E+05   1.361063E+00   1.361063E+00   4.409562E+00   2.937667E+00  -1.354965E+01   2.802793E+00  -4.853872E+00        13
   1.388530E+03   9.350280E+05   1.361063E+00   1.361063E+00   4.409562E+00   2.937667E+00  -1.355092E+01   2.802475E+00  -4.853872E+00        13
   1.389530E+03   9.363960E+05   1.361063E+00   1.361063E+00   4.409562E+00   2.937667E+00  -1.355219E+01   2.802158E+00  -4.853872E+00        13
   1.390530E+03   9.377650E+05   1.361063E+00   1.361063E+00   4.409562E+00   2.937667E+00  -1.355346E+01   2.801841E+00  -4.853872E+00        13
   1.391530E+03   9.391350E+05   1.361063E+00   1.361063E+00   4.409562E+00   2.937667E+00  -1.355473E+01   2.801524E+00  -4.853872E+00        13
   1.392530E+03   9.405060E+05   1.361063E+00   1.361063E+00   4.409562E+00   2.937667E+00  -1.355599E+01   2.801207E+00  -4.853872E+00        13
   1.393530E+03   9.418780E+05   1.361063E+00   1.361063E+00   4.409562E+00   2.937667E+00  -1.355726E+01   2.800890E+00  -4.853872E+00        13
   1.394530E+03   9.432510E+05   1.361063E+00   1.361063E+00   4.409562E+00   2.937667E+00  -1.355853E+01   2.800574E+00  -4.853872E+00        13
   1.395530E+03   9.446250E+05   1.361063E+00   1.361063E+00   4.409562E+00   2.937667E+00  -1.355979E+01   2.800258E+00  -4.853872E+00        13
   1.396530E+03   9.460000E+05   1.361063E+00   1.361063E+00   4.409562E+00   2.937667E+00  -1.356105E+01   2.799942E+00  -4.853872E+00        13
   1.397530E+03   9.473760E+05   1.361063E+00   1.361063E+00   4.409562E+00   2.937667E+00  -1.356232E+01   2.799627E+00  -4.853872E+00        13
   1.398530E+03   9.487530E+05   1.361063E+00   1.361063E+00   4.409562E+00   2.937667E+00  -1.356358E+01   2.799311E+00  -4.853872E+00        13
   1.399530E+03   9.501310E+05   1.361063E+00   1.361063E+00   4.409562E+00   2.937667E+00  -1.356484E+01   2.798996E+00  -4.853872E+00        13
   1.400530E+03   9.515100E+05   1.361063E+00   1.361063E+00   4.409562E+00   2.937667E+00  -1.356610E+01   2.798681E+00  -4.853872E+00        13
   1.401530E+03   9.528900E+05   1.361063E+00   1.361063E+00   4.409562E+00   2.937667E+00  -1.356736E+01   2.798366E+00  -4.853872E+00        13
   1.402530E+03   9.542710E+05   1.361063E+00   1.361063E+00   4.409562E+00   2.937667E+00  -1.356862E+01   2.798052E+00  -4.853872E+00        13
   1.403530E+03   9.556530E+05   1.361063E+00   1.361063E+00   4.409562E+00   2.937667E+00  -1.356987E+01   2.797738E+00  -4.853872E+00        13
   1.404530E+03   9.570360E+05   1.361063E+00   1.361063E+00   4.409562E+00   2.937667E+00  -1.357113E+01   2.797424E+00  -4.853872E+00        13
   1.405530E+03   9.584200E+05   1.361063E+00   1.361063E+00   4.409562E+00   2.937667E+00  -1.357238E+01   2.797110E+00  -4.853872E+00        13
   1.406530E+03   9.598050E+05   1.361063E+00   1.361063E+00   4.409562E+00   2.937667E+00  -1.357364E+01   2.796796E+00  -4.853872E+00        13
   1.407530E+03   9.611910E+05   1.361063E+00   1.361063E+00   4.409562E+00   2.937667E+00  -1.357489E+01   2.796483E+00  -4.853872E+00        13
   1.408530E+03   9.625780E+05   1.361063E+00   1.361063E+00   4.409562E+00   2.937667E+00  -1.357614E+01   2.796170E+00  -4.853872E+00        13
   1.409530E+03   9.639660E+05   1.361063E+00   1.361063E+00   4.409562E+00   2.937667E+00  -1.357740E+01   2.795857E+00  -4.853872E+00        13
   1.410530E+03   9.653550E+05   1.361063E+00   1.361063E+00   4.409562E+00   2.937667E+00  -1.357865E+01   2.795544E+00  -4.853872E+00        13
   1.411530E+03   9.667450E+05   1.361063E+00   1.361063E+00   4.409562E+00   2.937667E+00  -1.357990E+01   2.795232E+00  -4.853872E+00        13
   1.412530E+03   9.681360E+05   1.361063E+00   1.361063E+00   4.409562E+00   2.937667E+00  -1.358114E+01   2.794920E+00  -4.853872E+00        13
   1.413530E+03   9.695280E+05   1.361063E+00   1.361063E+00   4.409562E+00   2.937667E+00  -1.358239E+01   2.794608E+00  -4.853872E+00        13
   1.414530E+03   9.709210E+05   1.361063E+00   1.361063E+00   4.409562E+00   2.937667E+00  -1.358364E+01   2.794296E+00  -4.853872E+00        13
   1.415530E+03   9.723150E+05   1.361063E+00   1.361063E+00   4.409562E+00   2.937667E+00  -1.358489E+01   2.793984E+00  -4.853872E+00        13
   1.416530E+03   9.737100E+05   1.361063E+00   1.361063E+00   4.409562E+00   2.937667E+00  -1.358613E+01   2.793673E+00  -4.853872E+00        13
   1.417530E+03   9.751060E+05   1.361063E+00   1.361063E+00   4.409562E+00   2.937667E+00  -1.358738E+01   2.793362E+00  -4.853872E+00        13
   1.418530E+03   9.765030E+05   1.361063E+00   1.361063E+00   4.409562E+00   2.937667E+00  -1.358862E+01   2.793051E+00  -4.853872E+00        13
   1.419530E+03   9.779010E+05   1.361063E+00   1.361063E+00   4.409562E+00   2.937667E+00  -1.358986E+01   2.792740E+00  -4.853872E+00        13
   1.420530E+03   9.793000E+05   1.361063E+00   1.361063E+00   4.409562E+00   2.937667E+00  -1.359110E+01   2.792430E+00  -4.853872E+00        13
   1.421530E+03   9.807000E+05   1.361063E+00   1.361063E+00   4.409562E+00   2.937667E+00  -1.359234E+01   2.792120E+00  -4.853872E+00        13
   1.422530E+03   9.821010E+05   1.361063E+00   1.361063E+00   4.409562E+00   2.937667E+00  -1.359358E+01   2.791810E+00  -4.853872E+00        13
   1.423530E+03   9.835030E+05   1.361063E+00   1.361063E+00   4.409562E+00   2.937667E+00  -1.359482E+01   2.791500E+00  -4.853872E+00        13
   1.424530E+03   9.849060E+05   1.361063E+00   1.361063E+00   4.409562E+00   2.937667E+00  -1.359606E+01   2.791190E+00  -4.853872E+00        13
   1.425530E+03   9.863100E+05   1.361063E+00   1.361063E+00   4.409562E+00   2.937667E+00  -1.359730E+01   2.790881E+00  -4.853872E+00        13
   1.426530E+03   9.877150E+05   1.361063E+00   1.361063E+00   4.409562E+00   2.937667E+00  -1.359853E+01   2.790572E+00  -4.853872E+00        13
   1.427530E+03   9.891210E+05   1.361063E+00   1.361063E+00   4.409562E+00   2.937667E+00  -1.359977E+01   2.790263E+00  -4.853872E+00        13
   1.428530E+03   9.905280E+05   1.361063E+00   1.361063E+00   4.409562E+00   2.937667E+00  -1.360101E+01   2.789954E+00  -4.853872E+00        13
   1.429530E+03   9.919360E+05   1.361063E+00   1.361063E+00   4.409562E+00   2.937667E+00  -1.360224E+01   2.789646E+00  -4.853872E+00        13
   1.430530E+03   9.933450E+05   1.361063E+00   1.361063E+00   4.409562E+00   2.937667E+00  -1.360347E+01   2.789338E+00  -4.853872E+00        13
   1.431530E+03   9.947550E+05   1.361063E+00   1.361063E+00   4.409562E+00   2.937667E+00  -1.360470E+01   2.789030E+00  -4.853872E+00        13
   1.432530E+03   9.961660E+05   1.361063E+00   1.361063E+00   4.409562E+00   2.937667E+00  -1.360594E+01   2.788722E+00  -4.853872E+00        13
   1.433530E+03   9.975780E+05   1.361063E+00   1.361063E+00   4.409562E+00   2.937667E+00  -1.360717E+01   2.788414E+00  -4.853872E+00        13
   1.434530E+03   9.989910E+05   1.361063E+00   1.361063E+00   4.409562E+00   2.937667E+00  -1.360839E+01   2.788107E+00  -4.853872E+00        13
   1.435530E+03   1.000405E+06   1.361063E+00   1.361063E+00   4.409562E+00   2.937667E+00  -1.360962E+01   2.787800E+00  -4.853872E+00        13
   1.436530E+03   1.001820E+06   1.361063E+00   1.361063E+00   4.409562E+00   2.937667E+00  -1.361085E+01   2.787493E+00  -4.853872E+00        13
   1.437530E+03   1.003236E+06   1.361063E+00   1.361063E+00   4.409562E+00   2.937667E+00  -1.361208E+01   2.787186E+00  -4.853872E+00        13
   1.438530E+03   1.004653E+06   1.361063E+00   1.361063E+00   4.409562E+00   2.937667E+00  -1.361330E+01   2.786880E+00  -4.853872E+00        13
   1.439530E+03   1.006071E+06   1.361063E+00   1.361063E+00   4.409562E+00   2.937667E+00  -1.361453E+01   2.786573E+00  -4.853872E+00        13
   1.440530E+03   1.007490E+06   1.361063E+00   1.361063E+00   4.409562E+00   2.937667E+00  -1.361575E+01   2.786267E+00  -4.853872E+00        13
   1.441530E+03   1.008910E+06   1.361063E+00   1.361063E+00   4.409562E+00   2.937667E+00  -1.361698E+01   2.785961E+00  -4.853872E+00        13
   1.442530E+03   1.010331E+06   1.361063E+00   1.361063E+00   4.409562E+00   2.937667E+00  -1.361820E+01   2.785656E+00  -4.853872E+00        13
   1.443530E+03   1.011753E+06   1.361063E+00   1.361063E+00   4.409562E+00   2.937667E+00  -1.361942E+01   2.785350E+00  -4.853872E+00        13
   1.444530E+03   1.013176E+06   1.361063E+00   1.361063E+00   4.409562E+00   2.937667E+00  -1.362064E+01   2.785045E+00  -4.853872E+00        13
   1.445530E+03   1.014600E+06   1.361063E+00   1.361063E+00   4.409562E+00   2.937667E+00  -1.362186E+01   2.784740E+00  -4.853872E+00        13
   1.446530E+03   1.016025E+06   1.361063E+00   1.361063E+00   4.409562E+00   2.937667E+00  -1.362308E+01   2.784435E+00  -4.853872E+00        13
   1.447530E+03   1.017451E+06   1.361063E+00   1.361063E+00   4.409562E+00   2.937667E+00  -1.362430E+01   2.784131E+00  -4.853872E+00        13
   1.448530E+03   1.018878E+06   1.361063E+00   1.361063E+00   4.409562E+00   2.937667E+00  -1.362552E+01   2.783827E+00  -4.853872E+00        13
   1.449530E+03   1.020306E+06   1.361063E+00   1.361063E+00   4.409562E+00   2.937667E+00  -1.362673E+01   2.783522E+00  -4.853872E+00        13
   1.450530E+03   1.021735E+06   1.361063E+00   1.361063E+00   4.409562E+00   2.937667E+00  -1.362795E+01   2.783219E+00  -4.853872E+00        13
   1.451530E+03   1.023165E+06   1.361063E+00   1.361063E+00   4.409562E+00   2.937667E+00  -1.362916E+01   2.782915E+00  -4.853872E+00        13
   1.452530E+03   1.024596E+06   1.361063E+00   1.361063E+00   4.409562E+00   2.937667E+00  -1.363038E+01   2.782611E+00  -4.853872E+00        13
   1.453530E+03   1.026028E+06   1.361063E+00   1.361063E+00   4.409562E+00   2.937667E+00  -1.363159E+01   2.782308E+00  -4.853872E+00        13
   1.454530E+03   1.027461E+06   1.361063E+00   1.361063E+00   4.409562E+00   2.937667E+00  -1.363280E+01   2.782005E+00  -4.853872E+00        13
   1.455530E+03   1.028895E+06   1.361063E+00   1.361063E+00   4.409562E+00   2.937667E+00  -1.363401E+01   2.781702E+00  -4.853872E+00        13
   1.456530E+03   1.030330E+06   1.361063E+00   1.361063E+00   4.409562E+00   2.937667E+00  -1.363522E+01   2.781400E+00  -4.853872E+00        13
   1.457530E+03   1.031766E+06   1.361063E+00   1.361063E+00   4.409562E+00   2.937667E+00  -1.363643E+01   2.781097E+00  -4.853872E+00        13
   1.458530E+03   1.033203E+06   1.361063E+00   1.361063E+00   4.409562E+00   2.937667E+00  -1.363764E+01   2.780795E+00  -4.853872E+00        13
   1.459530E+03   1.034641E+06   1.361063E+00   1.361063E+00   4.409562E+00   2.937667E+00  -1.363885E+01   2.780493E+00  -4.853872E+00        13
   1.460530E+03   1.036080E+06   1.361063E+00   1.361063E+00   4.409562E+00   2.937667E+00  -1.364006E+01   2.780191E+00  -4.853872E+00        13
   1.461530E+03   1.037520E+06   1.361063E+00   1.361063E+00   4.409562E+00   2.937667E+00  -1.364126E+01   2.779889E+00  -4.853872E+00        13
   1.462530E+03   1.038961E+06   1.361063E+00   1.361063E+00   4.409562E+00   2.937667E+00  -1.364247E+01   2.779588E+00  -4.853872E+00        13
   1.463530E+03   1.040403E+06   1.361063E+00   1.361063E+00   4.409562E+00   2.937667E+00  -1.364367E+01   2.779287E+00  -4.853872E+00        13
   1.464530E+03   1.041846E+06   1.361063E+00   1.361063E+00   4.409562E+00   2.937667E+00  -1.364488E+01   2.778986E+00  -4.853872E+00        13
   1.465530E+03   1.043290E+06   1.361063E+00   1.361063E+00   4.409562E+00   2.937667E+00  -1.364608E+01   2.778685E+00  -4.853872E+00        13
   1.466530E+03   1.044735E+06   1.361063E+00   1.361063E+00   4.409562E+00   2.937667E+00  -1.364728E+01   2.778385E+00  -4.853872E+00        13
   1.467530E+03   1.046181E+06   1.361063E+00   1.361063E+00   4.409562E+00   2.937667E+00  -1.364849E+01   2.778084E+00  -4.853872E+00        13
   1.468530E+03   1.047628E+06   1.361063E+00   1.361063E+00   4.409562E+00   2.937667E+00  -1.364969E+01   2.777784E+00  -4.853872E+00        13
   1.469530E+03   1.049076E+06   1.361063E+00   1.361063E+00   4.409562E+00   2.937667E+00  -1.365089E+01   2.777484E+00  -4.853872E+00        13
   1.470530E+03   1.050525E+06   1.361063E+00   1.361063E+00   4.409562E+00   2.937667E+00  -1.365208E+01   2.777185E+00  -4.853872E+00        13
   1.471530E+03   1.051975E+06   1.361063E+00   1.361063E+00   4.409562E+00   2.937667E+00  -1.365328E+01   2.776885E+00  -4.853872E+00        13
   1.472530E+03   1.053426E+06   1.361063E+00   1.361063E+00   4.409562E+00   2.937667E+00  -1.365448E+01   2.776586E+00  -4.853872E+00        13
   1.473530E+03   1.054878E+06   1.361063E+00   1.361063E+00   4.409562E+00   2.937667E+00  -1.365568E+01   2.776287E+00  -4.853872E+00        13
   1.474530E+03   1.056331E+06   1.361063E+00   1.361063E+00   4.409562E+00   2.937667E+00  -1.365687E+01   2.775988E+00  -4.853872E+00        13
   1.475530E+03   1.057785E+06   1.361063E+00   1.361063E+00   4.409562E+00   2.937667E+00  -1.365807E+01   2.775689E+00  -4.853872E+00        13
   1.476530E+03   1.059240E+06   1.361063E+00   1.361063E+00   4.409562E+00   2.937667E+00  -1.365926E+01   2.775391E+00  -4.853872E+00        13
   1.477530E+03   1.060696E+06   1.361063E+00   1.361063E+00   4.409562E+00   2.937667E+00  -1.366045E+01   2.775092E+00  -4.853872E+00        13
   1.478530E+03   1.062153E+06   1.361063E+00   1.361063E+00   4.409562E+00   2.937667E+00  -1.366165E+01   2.774794E+00  -4.853872E+00        13
   1.479530E+03   1.063611E+06   1.361063E+00   1.361063E+00   4.409562E+00   2.937667E+00  -1.366284E+01   2.774496E+00  -4.853872E+00        13
   1.480530E+03   1.065070E+06   1.361063E+00   1.361063E+00   4.409562E+00   2.937667E+00  -1.366403E+01   2.774199E+00  -4.853872E+00        13
   1.481530E+03   1.066530E+06   1.361063E+00   1.361063E+00   4.409562E+00   2.937667E+00  -1.366522E+01   2.773901E+00  -4.853872E+00        13
   1.482530E+03   1.067991E+06   1.361063E+00   1.361063E+00   4.409562E+00   2.937667E+00  -1.366641E+01   2.773604E+00  -4.853872E+00        13
   1.483530E+03   1.069453E+06   1.361063E+00   1.361063E+00   4.409562E+00   2.937667E+00  -1.366759E+01   2.773307E+00  -4.853872E+00        13
   1.484530E+03   1.070916E+06   1.361063E+00   1.361063E+00   4.409562E+00   2.937667E+00  -1.366878E+01   2.773010E+00  -4.853872E+00        13
   1.485530E+03   1.072380E+06   1.361063E+00   1.361063E+00   4.409562E+00   2.937667E+00  -1.366997E+01   2.772713E+00  -4.853872E+00        13
   1.486530E+03   1.073845E+06   1.361063E+00   1.361063E+00   4.409562E+00   2.937667E+00  -1.367115E+01   2.772417E+00  -4.853872E+00        13
   1.487530E+03   1.075311E+06   1.361063E+00   1.361063E+00   4.409562E+00   2.937667E+00  -1.367234E+01   2.772121E+00  -4.853872E+00        13
   1.488530E+03   1.076778E+06   1.361063E+00   1.361063E+00   4.409562E+00   2.937667E+00  -1.367352E+01   2.771825E+00  -4.853872E+00        13
   1.489530E+03   1.078246E+06   1.361063E+00   1.361063E+00   4.409562E+00   2.937667E+00  -1.367471E+01   2.771529E+00  -4.853872E+00        13
   1.490530E+03   1.079715E+06   1.361063E+00   1.361063E+00   4.409562E+00   2.937667E+00  -1.367589E+01   2.771233E+00  -4.853872E+00        13
   1.491530E+03   1.081185E+06   1.361063E+00   1.361063E+00   4.409562E+00   2.937667E+00  -1.367707E+01   2.770938E+00  -4.853872E+00        13
   1.492530E+03   1.082656E+06   1.361063E+00   1.361063E+00   4.409562E+00   2.937667E+00  -1.367825E+01   2.770642E+00  -4.853872E+00        13
   1.493530E+03   1.084128E+06   1.361063E+00   1.361063E+00   4.409562E+00   2.937667E+00  -1.367943E+01   2.770347E+00  -4.853872E+00        13
   1.494530E+03   1.085601E+06   1.361063E+00   1.361063E+00   4.409562E+00   2.937667E+00  -1.368061E+01   2.770053E+00  -4.853872E+00        13
   1.495530E+03   1.087075E+06   1.361063E+00   1.361063E+00   4.409562E+00   2.937667E+00  -1.368179E+01   2.769758E+00  -4.853872E+00        13
   1.496530E+03   1.088550E+06   1.361063E+00   1.361063E+00   4.409562E+00   2.937667E+00  -1.368297E+01   2.769464E+00  -4.853872E+00        13
   1.497530E+03   1.090026E+06   1.361063E+00   1.361063E+00   4.409562E+00   2.937667E+00  -1.368415E+01   2.769169E+00  -4.853872E+00        13
   1.498530E+03   1.091503E+06   1.361063E+00   1.361063E+00   4.409562E+00   2.937667E+00  -1.368532E+01   2.768875E+00  -4.853872E+00        13
   1.499530E+03   1.092981E+06   1.361063E+00   1.361063E+00   4.409562E+00   2.937667E+00  -1.368650E+01   2.768581E+00  -4.853872E+00        13
   1.500530E+03   1.094460E+06   1.361063E+00   1.361063E+00   4.409562E+00   2.937667E+00  -1.368767E+01   2.768288E+00  -4.853872E+00        13
   1.501530E+03   1.095940E+06   1.361063E+00   1.361063E+00   4.409562E+00   2.937667E+00  -1.368885E+01   2.767994E+00  -4.853872E+00        13
   1.502530E+03   1.097421E+06   1.361063E+00   1.361063E+00   4.409562E+00   2.937667E+00  -1.369002E+01   2.767701E+00  -4.853872E+00        13
   1.503530E+03   1.098903E+06   1.361063E+00   1.361063E+00   4.409562E+00   2.937667E+00  -1.369119E+01   2.767408E+00  -4.853872E+00        13
   1.504530E+03   1.100386E+06   1.361063E+00   1.361063E+00   4.409562E+00   2.937667E+00  -1.369236E+01   2.767115E+00  -4.853872E+00        13
   1.505530E+03   1.101870E+06   1.361063E+00   1.361063E+00   4.409562E+00   2.937667E+00  -1.369353E+01   2.766823E+00  -4.853872E+00        13
   1.506530E+03   1.103355E+06   1.361063E+00   1.361063E+00   4.409562E+00   2.937667E+00  -1.369470E+01   2.766530E+00  -4.853872E+00        13
   1.507530E+03   1.104841E+06   1.361063E+00   1.361063E+00   4.409562E+00   2.937667E+00  -1.369587E+01   2.766238E+00  -4.853872E+00        13
   1.508530E+03   1.106328E+06   1.361063E+00   1.361063E+00   4.409562E+00   2.937667E+00  -1.369704E+01   2.765946E+00  -4.853872E+00        13
   1.509530E+03   1.107816E+06   1.361063E+00   1.361063E+00   4.409562E+00   2.937667E+00  -1.369821E+01   2.765654E+00  -4.853872E+00        13
   1.510530E+03   1.109305E+06   1.361063E+00   1.361063E+00   4.409562E+00   2.937667E+00  -1.369937E+01   2.765362E+00  -4.853872E+00        13
   1.511530E+03   1.110795E+06   1.361063E+00   1.361063E+00   4.409562E+00   2.937667E+00  -1.370054E+01   2.765071E+00  -4.853872E+00        13
   1.512530E+03   1.112286E+06   1.361063E+00   1.361063E+00   4.409562E+00   2.937667E+00  -1.370170E+01   2.764779E+00  -4.853872E+00        13
   1.513530E+03   1.113778E+06   1.361063E+00   1.361063E+00   4.409562E+00   2.937667E+00  -1.370287E+01   2.764488E+00  -4.853872E+00        13
   1.514530E+03   1.115271E+06   1.361063E+00   1.361063E+00   4.409562E+00   2.937667E+00  -1.370403E+01   2.764197E+00  -4.853872E+00        13
   1.515530E+03   1.116765E+06   1.361063E+00   1.361063E+00   4.409562E+00   2.937667E+00  -1.370520E+01   2.763907E+00  -4.853872E+00        13
   1.516530E+03   1.118260E+06   1.361063E+00   1.361063E+00   4.409562E+00   2.937667E+00  -1.370636E+01   2.763616E+00  -4.853872E+00        13
   1.517530E+03   1.119756E+06   1.361063E+00   1.361063E+00   4.409562E+00   2.937667E+00  -1.370752E+01   2.763326E+00  -4.853872E+00        13
   1.518530E+03   1.121253E+06   1.361063E+00   1.361063E+00   4.409562E+00   2.937667E+00  -1.370868E+01   2.763036E+00  -4.853872E+00        13
   1.519530E+03   1.122751E+06   1.361063E+00   1.361063E+00   4.409562E+00   2.937667E+00  -1.370984E+01   2.762746E+00  -4.853872E+00        13
   1.520530E+03   1.124250E+06   1.361063E+00   1.361063E+00   4.409562E+00   2.937667E+00  -1.371100E+01   2.762456E+00  -4.853872E+00        13
   1.521530E+03   1.125750E+06   1.361063E+00   1.361063E+00   4.409562E+00   2.937667E+00  -1.371216E+01   2.762167E+00  -4.853872E+00        13
   1.522530E+03   1.127251E+06   1.361063E+00   1.361063E+00   4.409562E+00   2.937667E+00  -1.371331E+01   2.761877E+00  -4.853872E+00        13
   1.523530E+03   1.128753E+06   1.361063E+00   1.361063E+00   4.409562E+00   2.937667E+00  -1.371447E+01   2.761588E+00  -4.853872E+00        13
   1.524530E+03   1.130256E+06   1.361063E+00   1.361063E+00   4.409562E+00   2.937667E+00  -1.371563E+01   2.761299E+00  -4.853872E+00        13
   1.525530E+03   1.131760E+06   1.361063E+00   1.361063E+00   4.409562E+00   2.937667E+00  -1.371678E+01   2.761011E+00  -4.853872E+00        13
   1.526530E+03   1.133265E+06   1.361063E+00   1.361063E+00   4.409562E+00   2.937667E+00  -1.371793E+01   2.760722E+00  -4.853872E+00        13
   1.527530E+03   1.134771E+06   1.361063E+00   1.361063E+00   4.409562E+00   2.937667E+00  -1.371909E+01   2.760434E+00  -4.853872E+00        13
   1.528530E+03   1.136278E+06   1.361063E+00   1.361063E+00   4.409562E+00   2.937667E+00  -1.372024E+01   2.760145E+00  -4.853872E+00        13
   1.529530E+03   1.137786E+06   1.361063E+00   1.361063E+00   4.409562E+00   2.937667E+00  -1.372139E+01   2.759857E+00  -4.853872E+00        13
   1.530530E+03   1.139295E+06   1.361063E+00   1.361063E+00   4.409562E+00   2.937667E+00  -1.372254E+01   2.759570E+00  -4.853872E+00        13
   1.531530E+03   1.140805E+06   1.361063E+00   1.361063E+00   4.409562E+00   2.937667E+00  -1.372369E+01   2.759282E+00  -4.853872E+00        13
   1.532530E+03   1.142316E+06   1.361063E+00   1.361063E+00   4.409562E+00   2.937667E+00  -1.372484E+01   2.758995E+00  -4.853872E+00        13
   1.533530E+03   1.143828E+06   1.361063E+00   1.361063E+00   4.409562E+00   2.937667E+00  -1.372599E+01   2.758707E+00  -4.853872E+00        13
   1.534530E+03   1.145341E+06   1.361063E+00   1.361063E+00   4.409562E+00   2.937667E+00  -1.372714E+01   2.758420E+00  -4.853872E+00        13
   1.535530E+03   1.146855E+06   1.361063E+00   1.361063E+00   4.409562E+00   2.937667E+00  -1.372829E+01   2.758133E+00  -4.853872E+00        13
   1.536530E+03   1.148370E+06   1.361063E+00   1.361063E+00   4.409562E+00   2.937667E+00  -1.372944E+01   2.757847E+00  -4.853872E+00        13
   1.537530E+03   1.149886E+06   1.361063E+00   1.361063E+00   4.409562E+00   2.937667E+00  -1.373058E+01   2.757560E+00  -4.853872E+00        13
   1.538530E+03   1.151403E+06   1.361063E+00   1.361063E+00   4.409562E+00   2.937667E+00  -1.373173E+01   2.757274E+00  -4.853872E+00        13
   1.539530E+03   1.152921E+06   1.361063E+00   1.361063E+00   4.409562E+00   2.937667E+00  -1.373287E+01   2.756988E+00  -4.853872E+00        13
   1.540530E+03   1.154440E+06   1.361063E+00   1.361063E+00   4.409562E+00   2.937667E+00  -1.373401E+01   2.756702E+00  -4.853872E+00        13
   1.541530E+03   1.155960E+06   1.361063E+00   1.361063E+00   4.409562E+00   2.937667E+00  -1.373516E+01   2.756416E+00  -4.853872E+00        13
   1.542530E+03   1.157481E+06   1.361063E+00   1.361063E+00   4.409562E+00   2.937667E+00  -1.373630E+01   2.756131E+00  -4.853872E+00        13
   1.543530E+03   1.159003E+06   1.361063E+00   1.361063E+00   4.409562E+00   2.937667E+00  -1.373744E+01   2.755845E+00  -4.853872E+00        13
   1.544530E+03   1.160526E+06   1.361063E+00   1.361063E+00   4.409562E+00   2.937667E+00  -1.373858E+01   2.755560E+00  -4.853872E+00        13
   1.545530E+03   1.162050E+06   1.361063E+00   1.361063E+00   4.409562E+00   2.937667E+00  -1.373972E+01   2.755275E+00  -4.853872E+00        13
   1.546530E+03   1.163575E+06   1.361063E+00   1.361063E+00   4.409562E+00   2.937667E+00  -1.374086E+01   2.754991E+00  -4.853872E+00        13
   1.547530E+03   1.165101E+06   1.361063E+00   1.361063E+00   4.409562E+00   2.937667E+00  -1.374200E+01   2.754706E+00  -4.853872E+00        13
   1.548530E+03   1.166628E+06   1.361063E+00   1.361063E+00   4.409562E+00   2.937667E+00  -1.374314E+01   2.754421E+00  -4.853872E+00        13
   1.549530E+03   1.168156E+06   1.361063E+00   1.361063E+00   4.409562E+00   2.937667E+00  -1.374427E+01   2.754137E+00  -4.853872E+00        13
   1.550530E+03   1.169685E+06   1.361063E+00   1.361063E+00   4.409562E+00   2.937667E+00  -1.374541E+01   2.753853E+00  -4.853872E+00        13
   1.551530E+03   1.171215E+06   1.361063E+00   1.361063E+00   4.409562E+00   2.937667E+00  -1.374654E+01   2.753569E+00  -4.853872E+00        13
   1.552530E+03   1.172746E+06   1.361063E+00   1.361063E+00   4.409562E+00   2.937667E+00  -1.374768E+01   2.753286E+00  -4.853872E+00        13
   1.553530E+03   1.174278E+06   1.361063E+00   1.361063E+00   4.409562E+00   2.937667E+00  -1.374881E+01   2.753002E+00  -4.853872E+00        13
   1.554530E+03   1.175811E+06   1.361063E+00   1.361063E+00   4.409562E+00   2.937667E+00  -1.374995E+01   2.752719E+00  -4.853872E+00        13
   1.555530E+03   1.177345E+06   1.361063E+00   1.361063E+00   4.409562E+00   2.937667E+00  -1.375108E+01   2.752436E+00  -4.853872E+00        13
   1.556530E+03   1.178880E+06   1.361063E+00   1.361063E+00   4.409562E+00   2.937667E+00  -1.375221E+01   2.752153E+00  -4.853872E+00        13
   1.557530E+03   1.180416E+06   1.361063E+00   1.361063E+00   4.409562E+00   2.937667E+00  -1.375334E+01   2.751870E+00  -4.853872E+00        13
   1.558530E+03   1.181953E+06   1.361063E+00   1.361063E+00   4.409562E+00   2.937667E+00  -1.375447E+01   2.751588E+00  -4.853872E+00        13
   1.559530E+03   1.183491E+06   1.361063E+00   1.361063E+00   4.409562E+00   2.937667E+00  -1.375560E+01   2.751305E+00  -4.853872E+00        13
   1.560530E+03   1.185030E+06   1.361063E+00   1.361063E+00   4.409562E+00   2.937667E+00  -1.375673E+01   2.751023E+00  -4.853872E+00        13
   1.561530E+03   1.186570E+06   1.361063E+00   1.361063E+00   4.409562E+00   2.937667E+00  -1.375786E+01   2.750741E+00  -4.853872E+00        13
   1.562530E+03   1.188111E+06   1.361063E+00   1.361063E+00   4.409562E+00   2.937667E+00  -1.375899E+01   2.750459E+00  -4.853872E+00        13
   1.563530E+03   1.189653E+06   1.361063E+00   1.361063E+00   4.409562E+00   2.937667E+00  -1.376011E+01   2.750178E+00  -4.853872E+00        13
   1.564530E+03   1.191196E+06   1.361063E+00   1.361063E+00   4.409562E+00   2.937667E+00  -1.376124E+01   2.749896E+00  -4.853872E+00        13
   1.565530E+03   1.192740E+06   1.361063E+00   1.361063E+00   4.409562E+00   2.937667E+00  -1.376236E+01   2.749615E+00  -4.853872E+00        13
   1.566530E+03   1.194285E+06   1.361063E+00   1.361063E+00   4.409562E+00   2.937667E+00  -1.376349E+01   2.749334E+00  -4.853872E+00        13
   1.567530E+03   1.195831E+06   1.361063E+00   1.361063E+00   4.409562E+00   2.937667E+00  -1.376461E+01   2.749053E+00  -4.853872E+00        13
   1.568530E+03   1.197378E+06   1.361063E+00   1.361063E+00   4.409562E+00   2.937667E+00  -1.376573E+01   2.748772E+00  -4.853872E+00        13
   1.569530E+03   1.198926E+06   1.361063E+00   1.361063E+00   4.409562E+00   2.937667E+00  -1.376686E+01   2.748492E+00  -4.853872E+00        13
   1.570530E+03   1.200475E+06   1.361063E+00   1.361063E+00   4.409562E+00   2.937667E+00  -1.376798E+01   2.748211E+00  -4.853872E+00        13
   1.571530E+03   1.202025E+06   1.361063E+00   1.361063E+00   4.409562E+00   2.937667E+00  -1.376910E+01   2.747931E+00  -4.853872E+00        13
   1.572530E+03   1.203576E+06   1.361063E+00   1.361063E+00   4.409562E+00   2.937667E+00  -1.377022E+01   2.747651E+00  -4.853872E+00        13
   1.573530E+03   1.205128E+06   1.361063E+00   1.361063E+00   4.409562E+00   2.937667E+00  -1.377134E+01   2.747371E+00  -4.853872E+00        13
   1.574530E+03   1.206681E+06   1.361063E+00   1.361063E+00   4.409562E+00   2.937667E+00  -1.377246E+01   2.747091E+00  -4.853872E+00        13
   1.575530E+03   1.208235E+06   1.361063E+00   1.361063E+00   4.409562E+00   2.937667E+00  -1.377357E+01   2.746812E+00  -4.853872E+00        13
   1.576530E+03   1.209790E+06   1.361063E+00   1.361063E+00   4.409562E+00   2.937667E+00  -1.377469E+01   2.746533E+00  -4.853872E+00        13
   1.577530E+03   1.211346E+06   1.361063E+00   1.361063E+00   4.409562E+00   2.937667E+00  -1.377581E+01   2.746254E+00  -4.853872E+00        13
   1.578530E+03   1.212903E+06   1.361063E+00   1.361063E+00   4.409562E+00   2.937667E+00  -1.377692E+01   2.745975E+00  -4.853872E+00        13
   1.579530E+03   1.214461E+06   1.361063E+00   1.361063E+00   4.409562E+00   2.937667E+00  -1.377804E+01   2.745696E+00  -4.853872E+00        13
   1.580530E+03   1.216020E+06   1.361063E+00   1.361063E+00   4.409562E+00   2.937667E+00  -1.377915E+01   2.745417E+00  -4.853872E+00        13
   1.581530E+03   1.217580E+06   1.361063E+00   1.361063E+00   4.409562E+00   2.937667E+00  -1.378027E+01   2.745139E+00  -4.853872E+00        13
   1.582530E+03   1.219141E+06   1.361063E+00   1.361063E+00   4.409562E+00   2.937667E+00  -1.378138E+01   2.744861E+00  -4.853872E+00        13
   1.583530E+03   1.220703E+06   1.361063E+00   1.361063E+00   4.409562E+00   2.937667E+00  -1.378249E+01   2.744583E+00  -4.853872E+00        13
   1.584530E+03   1.222266E+06   1.361063E+00   1.361063E+00   4.409562E+00   2.937667E+00  -1.378360E+01   2.744305E+00  -4.853872E+00        13
   1.585530E+03   1.223830E+06   1.361063E+00   1.361063E+00   4.409562E+00   2.937667E+00  -1.378471E+01   2.744027E+00  -4.853872E+00        13
   1.586530E+03   1.225395E+06   1.361063E+00   1.361063E+00   4.409562E+00   2.937667E+00  -1.378582E+01   2.743750E+00  -4.853872E+00        13
   1.587530E+03   1.226961E+06   1.361063E+00   1.361063E+00   4.409562E+00   2.937667E+00  -1.378693E+01   2.743472E+00  -4.853872E+00        13
   1.588530E+03   1.228528E+06   1.361063E+00   1.361063E+00   4.409562E+00   2.937667E+00  -1.378804E+01   2.743195E+00  -4.853872E+00        13
   1.589530E+03   1.230096E+06   1.361063E+00   1.361063E+00   4.409562E+00   2.937667E+00  -1.378915E+01   2.742918E+00  -4.853872E+00        13
   1.590530E+03   1.231665E+06   1.361063E+00   1.361063E+00   4.409562E+00   2.937667E+00  -1.379026E+01   2.742641E+00  -4.853872E+00        13
   1.591530E+03   1.233235E+06   1.361063E+00   1.361063E+00   4.409562E+00   2.937667E+00  -1.379136E+01   2.742365E+00  -4.853872E+00        13
   1.592530E+03   1.234806E+06   1.361063E+00   1.361063E+00   4.409562E+00   2.937667E+00  -1.379247E+01   2.742088E+00  -4.853872E+00        13
   1.593530E+03   1.236378E+06   1.361063E+00   1.361063E+00   4.409562E+00   2.937667E+00  -1.379357E+01   2.741812E+00  -4.853872E+00        13
   1.594530E+03   1.237951E+06   1.361063E+00   1.361063E+00   4.409562E+00   2.937667E+00  -1.379468E+01   2.741536E+00  -4.853872E+00        13
   1.595530E+03   1.239525E+06   1.361063E+00   1.361063E+00   4.409562E+00   2.937667E+00  -1.379578E+01   2.741260E+00  -4.853872E+00        13
   1.596530E+03   1.241100E+06   1.361063E+00   1.361063E+00   4.409562E+00   2.937667E+00  -1.379689E+01   2.740984E+00  -4.853872E+00        13
   1.597530E+03   1.242676E+06   1.361063E+00   1.361063E+00   4.409562E+00   2.937667E+00  -1.379799E+01   2.740709E+00  -4.853872E+00        13
   1.598530E+03   1.244253E+06   1.361063E+00   1.361063E+00   4.409562E+00   2.937667E+00  -1.379909E+01   2.740433E+00  -4.853872E+00        13
   1.599530E+03   1.245831E+06   1.361063E+00   1.361063E+00   4.409562E+00   2.937667E+00  -1.380019E+01   2.740158E+00  -4.853872E+00        13
   1.600530E+03   1.247410E+06   1.361063E+00   1.361063E+00   4.409562E+00   2.937667E+00  -1.380129E+01   2.739883E+00  -4.853872E+00        13
   1.601530E+03   1.248990E+06   1.361063E+00   1.361063E+00   4.409562E+00   2.937667E+00  -1.380239E+01   2.739608E+00  -4.853872E+00        13
   1.602530E+03   1.250571E+06   1.361063E+00   1.361063E+00   4.409562E+00   2.937667E+00  -1.380349E+01   2.739334E+00  -4.853872E+00        13
   1.603530E+03   1.252153E+06   1.361063E+00   1.361063E+00   4.409562E+00   2.937667E+00  -1.380459E+01   2.739059E+00  -4.853872E+00        13
   1.604530E+03   1.253736E+06   1.361063E+00   1.361063E+00   4.409562E+00   2.937667E+00  -1.380568E+01   2.738785E+00  -4.853872E+00        13
   1.605530E+03   1.255320E+06   1.361063E+00   1.361063E+00   4.409562E+00   2.937667E+00  -1.380678E+01   2.738510E+00  -4.853872E+00        13
   1.606530E+03   1.256905E+06   1.361063E+00   1.361063E+00   4.409562E+00   2.937667E+00  -1.380788E+01   2.738236E+00  -4.853872E+00        13
   1.607530E+03   1.258491E+06   1.361063E+00   1.361063E+00   4.409562E+00   2.937667E+00  -1.380897E+01   2.737963E+00  -4.853872E+00        13
   1.608530E+03   1.260078E+06   1.361063E+00   1.361063E+00   4.409562E+00   2.937667E+00  -1.381007E+01   2.737689E+00  -4.853872E+00        13
   1.609530E+03   1.261666E+06   1.361063E+00   1.361063E+00   4.409562E+00   2.937667E+00  -1.381116E+01   2.737415E+00  -4.853872E+00        13
   1.610530E+03   1.263255E+06   1.361063E+00   1.361063E+00   4.409562E+00   2.937667E+00  -1.381225E+01   2.737142E+00  -4.853872E+00        13
   1.611530E+03   1.264845E+06   1.361063E+00   1.361063E+00   4.409562E+00   2.937667E+00  -1.381335E+01   2.736869E+00  -4.853872E+00        13
   1.612530E+03   1.266436E+06   1.361063E+00   1.361063E+00   4.409562E+00   2.937667E+00  -1.381444E+01   2.736596E+00  -4.853872E+00        13
   1.613530E+03   1.268028E+06   1.361063E+00   1.361063E+00   4.409562E+00   2.937667E+00  -1.381553E+01   2.736323E+00  -4.853872E+00        13
   1.614530E+03   1.269621E+06   1.361063E+00   1.361063E+00   4.409562E+00   2.937667E+00  -1.381662E+01   2.736051E+00  -4.853872E+00        13
   1.615530E+03   1.271215E+06   1.361063E+00   1.361063E+00   4.409562E+00   2.937667E+00  -1.381771E+01   2.735778E+00  -4.853872E+00        13
   1.616530E+03   1.272810E+06   1.361063E+00   1.361063E+00   4.409562E+00   2.937667E+00  -1.381880E+01   2.735506E+00  -4.853872E+00        13
   1.617530E+03   1.274406E+06   1.361063E+00   1.361063E+00   4.409562E+00   2.937667E+00  -1.381989E+01   2.735234E+00  -4.853872E+00        13
   1.618530E+03   1.276003E+06   1.361063E+00   1.361063E+00   4.409562E+00   2.937667E+00  -1.382097E+01   2.734962E+00  -4.853872E+00        13
   1.619530E+03   1.277601E+06   1.361063E+00   1.361063E+00   4.409562E+00   2.937667E+00  -1.382206E+01   2.734690E+00  -4.853872E+00        13
   1.620530E+03   1.279200E+06   1.361063E+00   1.361063E+00   4.409562E+00   2.937667E+00  -1.382315E+01   2.734418E+00  -4.853872E+00        13
   1.621530E+03   1.280800E+06   1.361063E+00   1.361063E+00   4.409562E+00   2.937667E+00  -1.382423E+01   2.734147E+00  -4.853872E+00        13
   1.622530E+03   1.282401E+06   1.361063E+00   1.361063E+00   4.409562E+00   2.937667E+00  -1.382532E+01   2.733876E+00  -4.853872E+00        13
   1.623530E+03   1.284003E+06   1.361063E+00   1.361063E+00   4.409562E+00   2.937667E+00  -1.382640E+01   2.733605E+00  -4.853872E+00        13
   1.624530E+03   1.285606E+06   1.361063E+00   1.361063E+00   4.409562E+00   2.937667E+00  -1.382749E+01   2.733334E+00  -4.853872E+00        13
   1.625530E+03   1.287210E+06   1.361063E+00   1.361063E+00   4.409562E+00   2.937667E+00  -1.382857E+01   2.733063E+00  -4.853872E+00        13
   1.626530E+03   1.288815E+06   1.361063E+00   1.361063E+00   4.409562E+00   2.937667E+00  -1.382965E+01   2.732792E+00  -4.853872E+00        13
   1.627530E+03   1.290421E+06   1.361063E+00   1.361063E+00   4.409562E+00   2.937667E+00  -1.383073E+01   2.732522E+00  -4.853872E+00        13
   1.628530E+03   1.292028E+06   1.361063E+00   1.361063E+00   4.409562E+00   2.937667E+00  -1.383182E+01   2.732252E+00  -4.853872E+00        13
   1.629530E+03   1.293636E+06   1.361063E+00   1.361063E+00   4.409562E+00   2.937667E+00  -1.383290E+01   2.731982E+00  -4.853872E+00        13
   1.630530E+03   1.295245E+06   1.361063E+00   1.361063E+00   4.409562E+00   2.937667E+00  -1.383398E+01   2.731712E+00  -4.853872E+00        13
   1.631530E+03   1.296855E+06   1.361063E+00   1.361063E+00   4.409562E+00   2.937667E+00  -1.383505E+01   2.731442E+00  -4.853872E+00        13
   1.632530E+03   1.298466E+06   1.361063E+00   1.361063E+00   4.409562E+00   2.937667E+00  -1.383613E+01   2.731172E+00  -4.853872E+00        13
   1.633530E+03   1.300078E+06   1.361063E+00   1.361063E+00   4.409562E+00   2.937667E+00  -1.383721E+01   2.730903E+00  -4.853872E+00        13
   1.634530E+03   1.301691E+06   1.361063E+00   1.361063E+00   4.409562E+00   2.937667E+00  -1.383829E+01   2.730634E+00  -4.853872E+00        13
   1.635530E+03   1.303305E+06   1.361063E+00   1.361063E+00   4.409562E+00   2.937667E+00  -1.383936E+01   2.730365E+00  -4.853872E+00        13
   1.636530E+03   1.304920E+06   1.361063E+00   1.361063E+00   4.409562E+00   2.937667E+00  -1.384044E+01   2.730096E+00  -4.853872E+00        13
   1.637530E+03   1.306536E+06   1.361063E+00   1.361063E+00   4.409562E+00   2.937667E+00  -1.384151E+01   2.729827E+00  -4.853872E+00        13
   1.638530E+03   1.308153E+06   1.361063E+00   1.361063E+00   4.409562E+00   2.937667E+00  -1.384259E+01   2.729558E+00  -4.853872E+00        13
   1.639530E+03   1.309771E+06   1.361063E+00   1.361063E+00   4.409562E+00   2.937667E+00  -1.384366E+01   2.729290E+00  -4.853872E+00        13
   1.640530E+03   1.311390E+06   1.361063E+00   1.361063E+00   4.409562E+00   2.937667E+00  -1.384474E+01   2.729022E+00  -4.853872E+00        13
   1.641530E+03   1.313010E+06   1.361063E+00   1.361063E+00   4.409562E+00   2.937667E+00  -1.384581E+01   2.728754E+00  -4.853872E+00        13
   1.642530E+03   1.314631E+06   1.361063E+00   1.361063E+00   4.409562E+00   2.937667E+00  -1.384688E+01   2.728486E+00  -4.853872E+00        13
   1.643530E+03   1.316253E+06   1.361063E+00   1.361063E+00   4.409562E+00   2.937667E+00  -1.384795E+01   2.728218E+00  -4.853872E+00        13
   1.644530E+03   1.317876E+06   1.361063E+00   1.361063E+00   4.409562E+00   2.937667E+00  -1.384902E+01   2.727950E+00  -4.853872E+00        13
   1.645530E+03   1.319500E+06   1.361063E+00   1.361063E+00   4.409562E+00   2.937667E+00  -1.385009E+01   2.727683E+00  -4.853872E+00        13
   1.646530E+03   1.321125E+06   1.361063E+00   1.361063E+00   4.409562E+00   2.937667E+00  -1.385116E+01   2.727416E+00  -4.853872E+00        13
   1.647530E+03   1.322751E+06   1.361063E+00   1.361063E+00   4.409562E+00   2.937667E+00  -1.385223E+01   2.727149E+00  -4.853872E+00        13
   1.648530E+03   1.324378E+06   1.361063E+00   1.361063E+00   4.409562E+00   2.937667E+00  -1.385330E+01   2.726882E+00  -4.853872E+00        13
   1.649530E+03   1.326006E+06   1.361063E+00   1.361063E+00   4.409562E+00   2.937667E+00  -1.385436E+01   2.726615E+00  -4.853872E+00        13
   1.650530E+03   1.327635E+06   1.361063E+00   1.361063E+00   4.409562E+00   2.937667E+00  -1.385543E+01   2.726348E+00  -4.853872E+00        13
   1.651530E+03   1.329265E+06   1.361063E+00   1.361063E+00   4.409562E+00   2.937667E+00  -1.385649E+01   2.726082E+00  -4.853872E+00        13
   1.652530E+03   1.330896E+06   1.361063E+00   1.361063E+00   4.409562E+00   2.937667E+00  -1.385756E+01   2.725816E+00  -4.853872E+00        13
   1.653530E+03   1.332528E+06   1.361063E+00   1.361063E+00   4.409562E+00   2.937667E+00  -1.385862E+01   2.725550E+00  -4.853872E+00        13
   1.654530E+03   1.334161E+06   1.361063E+00   1.361063E+00   4.409562E+00   2.937667E+00  -1.385969E+01   2.725284E+00  -4.853872E+00        13
   1.655530E+03   1.335795E+06   1.361063E+00   1.361063E+00   4.409562E+00   2.937667E+00  -1.386075E+01   2.725018E+00  -4.853872E+00        13
   1.656530E+03   1.337430E+06   1.361063E+00   1.361063E+00   4.409562E+00   2.937667E+00  -1.386181E+01   2.724752E+00  -4.853872E+00        13
   1.657530E+03   1.339066E+06   1.361063E+00   1.361063E+00   4.409562E+00   2.937667E+00  -1.386288E+01   2.724487E+00  -4.853872E+00        13
   1.658530E+03   1.340703E+06   1.361063E+00   1.361063E+00   4.409562E+00   2.937667E+00  -1.386394E+01   2.724221E+00  -4.853872E+00        13
   1.659530E+03   1.342341E+06   1.361063E+00   1.361063E+00   4.409562E+00   2.937667E+00  -1.386500E+01   2.723956E+00  -4.853872E+00        13
   1.660530E+03   1.343980E+06   1.361063E+00   1.361063E+00   4.409562E+00   2.937667E+00  -1.386606E+01   2.723691E+00  -4.853872E+00        13
   1.661530E+03   1.345620E+06   1.361063E+00   1.361063E+00   4.409562E+00   2.937667E+00  -1.386712E+01   2.723426E+00  -4.853872E+00        13
   1.662530E+03   1.347261E+06   1.361063E+00   1.361063E+00   4.409562E+00   2.937667E+00  -1.386818E+01   2.723162E+00  -4.853872E+00        13
   1.663530E+03   1.348903E+06   1.361063E+00   1.361063E+00   4.409562E+00   2.937667E+00  -1.386923E+01   2.722897E+00  -4.853872E+00        13
   1.664530E+03   1.350546E+06   1.361063E+00   1.361063E+00   4.409562E+00   2.937667E+00  -1.387029E+01   2.722633E+00  -4.853872E+00        13
   1.665530E+03   1.352190E+06   1.361063E+00   1.361063E+00   4.409562E+00   2.937667E+00  -1.387135E+01   2.722369E+00  -4.853872E+00        13
   1.666530E+03   1.353835E+06   1.361063E+00   1.361063E+00   4.409562E+00   2.937667E+00  -1.387240E+01   2.722105E+00  -4.853872E+00        13
   1.667530E+03   1.355481E+06   1.361063E+00   1.361063E+00   4.409562E+00   2.937667E+00  -1.387346E+01   2.721841E+00  -4.853872E+00        13
   1.668530E+03   1.357128E+06   1.361063E+00   1.361063E+00   4.409562E+00   2.937667E+00  -1.387451E+01   2.721577E+00  -4.853872E+00        13
   1.669530E+03   1.358776E+06   1.361063E+00   1.361063E+00   4.409562E+00   2.937667E+00  -1.387557E+01   2.721314E+00  -4.853872E+00        13
   1.670530E+03   1.360425E+06   1.361063E+00   1.361063E+00   4.409562E+00   2.937667E+00  -1.387662E+01   2.721050E+00  -4.853872E+00        13
   1.671530E+03   1.362075E+06   1.361063E+00   1.361063E+00   4.409562E+00   2.937667E+00  -1.387767E+01   2.720787E+00  -4.853872E+00        13
   1.672530E+03   1.363726E+06   1.361063E+00   1.361063E+00   4.409562E+00   2.937667E+00  -1.387873E+01   2.720524E+00  -4.853872E+00        13
   1.673530E+03   1.365378E+06   1.361063E+00   1.361063E+00   4.409562E+00   2.937667E+00  -1.387978E+01   2.720261E+00  -4.853872E+00        13
   1.674530E+03   1.367031E+06   1.361063E+00   1.361063E+00   4.409562E+00   2.937667E+00  -1.388083E+01   2.719999E+00  -4.853872E+00        13
   1.675530E+03   1.368685E+06   1.361063E+00   1.361063E+00   4.409562E+00   2.937667E+00  -1.388188E+01   2.719736E+00  -4.853872E+00        13
   1.676530E+03   1.370340E+06   1.361063E+00   1.361063E+00   4.409562E+00   2.937667E+00  -1.388293E+01   2.719474E+00  -4.853872E+00        13
   1.677530E+03   1.371996E+06   1.361063E+00   1.361063E+00   4.409562E+00   2.937667E+00  -1.388398E+01   2.719211E+00  -4.853872E+00        13
   1.678530E+03   1.373653E+06   1.361063E+00   1.361063E+00   4.409562E+00   2.937667E+00  -1.388503E+01   2.718949E+00  -4.853872E+00        13
   1.679530E+03   1.375311E+06   1.361063E+00   1.361063E+00   4.409562E+00   2.937667E+00  -1.388607E+01   2.718687E+00  -4.853872E+00        13
   1.680530E+03   1.376970E+06   1.361063E+00   1.361063E+00   4.409562E+00   2.937667E+00  -1.388712E+01   2.718425E+00  -4.853872E+00        13
   1.681530E+03   1.378630E+06   1.361063E+00   1.361063E+00   4.409562E+00   2.937667E+00  -1.388817E+01   2.718164E+00  -4.853872E+00        13
   1.682530E+03   1.380291E+06   1.361063E+00   1.361063E+00   4.409562E+00   2.937667E+00  -1.388921E+01   2.717902E+00  -4.853872E+00        13
   1.683530E+03   1.381953E+06   1.361063E+00   1.361063E+00   4.409562E+00   2.937667E+00  -1.389026E+01   2.717641E+00  -4.853872E+00        13
   1.684530E+03   1.383616E+06   1.361063E+00   1.361063E+00   4.409562E+00   2.937667E+00  -1.389130E+01   2.717380E+00  -4.853872E+00        13
   1.685530E+03   1.385280E+06   1.361063E+00   1.361063E+00   4.409562E+00   2.937667E+00  -1.389235E+01   2.717119E+00  -4.853872E+00        13
   1.686530E+03   1.386945E+06   1.361063E+00   1.361063E+00   4.409562E+00   2.937667E+00  -1.389339E+01   2.716858E+00  -4.853872E+00        13
   1.687530E+03   1.388611E+06   1.361063E+00   1.361063E+00   4.409562E+00   2.937667E+00  -1.389443E+01   2.716597E+00  -4.853872E+00        13
   1.688530E+03   1.390278E+06   1.361063E+00   1.361063E+00   4.409562E+00   2.937667E+00  -1.389547E+01   2.716337E+00  -4.853872E+00        13
   1.689530E+03   1.391946E+06   1.361063E+00   1.361063E+00   4.409562E+00   2.937667E+00  -1.389652E+01   2.716077E+00  -4.853872E+00        13
   1.690530E+03   1.393615E+06   1.361063E+00   1.361063E+00   4.409562E+00   2.937667E+00  -1.389756E+01   2.715816E+00  -4.853872E+00        13
   1.691530E+03   1.395285E+06   1.361063E+00   1.361063E+00   4.409562E+00   2.937667E+00  -1.389860E+01   2.715556E+00  -4.853872E+00        13
   1.692530E+03   1.396956E+06   1.361063E+00   1.361063E+00   4.409562E+00   2.937667E+00  -1.389964E+01   2.715296E+00  -4.853872E+00        13
   1.693530E+03   1.398628E+06   1.361063E+00   1.361063E+00   4.409562E+00   2.937667E+00  -1.390068E+01   2.715037E+00  -4.853872E+00        13
   1.694530E+03   1.400301E+06   1.361063E+00   1.361063E+00   4.409562E+00   2.937667E+00  -1.390171E+01   2.714777E+00  -4.853872E+00        13
   1.695530E+03   1.401975E+06   1.361063E+00   1.361063E+00   4.409562E+00   2.937667E+00  -1.390275E+01   2.714518E+00  -4.853872E+00        13
   1.696530E+03   1.403650E+06   1.361063E+00   1.361063E+00   4.409562E+00   2.937667E+00  -1.390379E+01   2.714258E+00  -4.853872E+00        13
   1.697530E+03   1.405326E+06   1.361063E+00   1.361063E+00   4.409562E+00   2.937667E+00  -1.390483E+01   2.713999E+00  -4.853872E+00        13
   1.698530E+03   1.407003E+06   1.361063E+00   1.361063E+00   4.409562E+00   2.937667E+00  -1.390586E+01   2.713740E+00  -4.853872E+00        13
   1.699530E+03   1.408681E+06   1.361063E+00   1.361063E+00   4.409562E+00   2.937667E+00  -1.390690E+01   2.713481E+00  -4.853872E+00        13
   1.700530E+03   1.410360E+06   1.361063E+00   1.361063E+00   4.409562E+00   2.937667E+00  -1.390793E+01   2.713223E+00  -4.853872E+00        13
   1.701530E+03   1.412040E+06   1.361063E+00   1.361063E+00   4.409562E+00   2.937667E+00  -1.390897E+01   2.712964E+00  -4.853872E+00        13
   1.702530E+03   1.413721E+06   1.361063E+00   1.361063E+00   4.409562E+00   2.937667E+00  -1.391000E+01   2.712706E+00  -4.853872E+00        13
   1.703530E+03   1.415403E+06   1.361063E+00   1.361063E+00   4.409562E+00   2.937667E+00  -1.391103E+01   2.712448E+00  -4.853872E+00        13
   1.704530E+03   1.417086E+06   1.361063E+00   1.361063E+00   4.409562E+00   2.937667E+00  -1.391206E+01   2.712190E+00  -4.853872E+00        13
   1.705530E+03   1.418770E+06   1.361063E+00   1.361063E+00   4.409562E+00   2.937667E+00  -1.391310E+01   2.711932E+00  -4.853872E+00        13
   1.706530E+03   1.420455E+06   1.361063E+00   1.361063E+00   4.409562E+00   2.937667E+00  -1.391413E+01   2.711674E+00  -4.853872E+00        13
   1.707530E+03   1.422141E+06   1.361063E+00   1.361063E+00   4.409562E+00   2.937667E+00  -1.391516E+01   2.711416E+00  -4.853872E+00        13
   1.708530E+03   1.423828E+06   1.361063E+00   1.361063E+00   4.409562E+00   2.937667E+00  -1.391619E+01   2.711159E+00  -4.853872E+00        13
   1.709530E+03   1.425516E+06   1.361063E+00   1.361063E+00   4.409562E+00   2.937667E+00  -1.391722E+01   2.710902E+00  -4.853872E+00        13
   1.710530E+03   1.427205E+06   1.361063E+00   1.361063E+00   4.409562E+00   2.937667E+00  -1.391824E+01   2.710645E+00  -4.853872E+00        13
   1.711530E+03   1.428895E+06   1.361063E+00   1.361063E+00   4.409562E+00   2.937667E+00  -1.391927E+01   2.710388E+00  -4.853872E+00        13
   1.712530E+03   1.430586E+06   1.361063E+00   1.361063E+00   4.409562E+00   2.937667E+00  -1.392030E+01   2.710131E+00  -4.853872E+00        13
   1.713530E+03   1.432278E+06   1.361063E+00   1.361063E+00   4.409562E+00   2.937667E+00  -1.392133E+01   2.709874E+00  -4.853872E+00        13
   1.714530E+03   1.433971E+06   1.361063E+00   1.361063E+00   4.409562E+00   2.937667E+00  -1.392235E+01   2.709618E+00  -4.853872E+00        13
   1.715530E+03   1.435665E+06   1.361063E+00   1.361063E+00   4.409562E+00   2.937667E+00  -1.392338E+01   2.709361E+00  -4.853872E+00        13
   1.716530E+03   1.437360E+06   1.361063E+00   1.361063E+00   4.409562E+00   2.937667E+00  -1.392440E+01   2.709105E+00  -4.853872E+00        13
   1.717530E+03   1.439056E+06   1.361063E+00   1.361063E+00   4.409562E+00   2.937667E+00  -1.392543E+01   2.708849E+00  -4.853872E+00        13
   1.718530E+03   1.440753E+06   1.361063E+00   1.361063E+00   4.409562E+00   2.937667E+00  -1.392645E+01   2.708593E+00  -4.853872E+00        13
   1.719530E+03   1.442451E+06   1.361063E+00   1.361063E+00   4.409562E+00   2.937667E+00  -1.392747E+01   2.708337E+00  -4.853872E+00        13
   1.720530E+03   1.444150E+06   1.361063E+00   1.361063E+00   4.409562E+00   2.937667E+00  -1.392850E+01   2.708082E+00  -4.853872E+00        13
   1.721530E+03   1.445850E+06   1.361063E+00   1.361063E+00   4.409562E+00   2.937667E+00  -1.392952E+01   2.707826E+00  -4.853872E+00        13
   1.722530E+03   1.447551E+06   1.361063E+00   1.361063E+00   4.409562E+00   2.937667E+00  -1.393054E+01   2.707571E+00  -4.853872E+00        13
   1.723530E+03   1.449253E+06   1.361063E+00   1.361063E+00   4.409562E+00   2.937667E+00  -1.393156E+01   2.707316E+00  -4.853872E+00        13
   1.724530E+03   1.450956E+06   1.361063E+00   1.361063E+00   4.409562E+00   2.937667E+00  -1.393258E+01   2.707061E+00  -4.853872E+00        13
   1.725530E+03   1.452660E+06   1.361063E+00   1.361063E+00   4.409562E+00   2.937667E+00  -1.393360E+01   2.706806E+00  -4.853872E+00        13
   1.726530E+03   1.454365E+06   1.361063E+00   1.361063E+00   4.409562E+00   2.937667E+00  -1.393462E+01   2.706551E+00  -4.853872E+00        13
   1.727530E+03   1.456071E+06   1.361063E+00   1.361063E+00   4.409562E+00   2.937667E+00  -1.393564E+01   2.706296E+00  -4.853872E+00        13
   1.728530E+03   1.457778E+06   1.361063E+00   1.361063E+00   4.409562E+00   2.937667E+00  -1.393665E+01   2.706042E+00  -4.853872E+00        13
   1.729530E+03   1.459486E+06   1.361063E+00   1.361063E+00   4.409562E+00   2.937667E+00  -1.393767E+01   2.705788E+00  -4.853872E+00        13
   1.730530E+03   1.461195E+06   1.361063E+00   1.361063E+00   4.409562E+00   2.937667E+00  -1.393869E+01   2.705534E+00  -4.853872E+00        13
   1.731530E+03   1.462905E+06   1.361063E+00   1.361063E+00   4.409562E+00   2.937667E+00  -1.393970E+01   2.705280E+00  -4.853872E+00        13
   1.732530E+03   1.464616E+06   1.361063E+00   1.361063E+00   4.409562E+00   2.937667E+00  -1.394072E+01   2.705026E+00  -4.853872E+00        13
   1.733530E+03   1.466328E+06   1.361063E+00   1.361063E+00   4.409562E+00   2.937667E+00  -1.394173E+01   2.704772E+00  -4.853872E+00        13
   1.734530E+03   1.468041E+06   1.361063E+00   1.361063E+00   4.409562E+00   2.937667E+00  -1.394275E+01   2.704519E+00  -4.853872E+00        13
   1.735530E+03   1.469755E+06   1.361063E+00   1.361063E+00   4.409562E+00   2.937667E+00  -1.394376E+01   2.704265E+00  -4.853872E+00        13
   1.736530E+03   1.471470E+06   1.361063E+00   1.361063E+00   4.409562E+00   2.937667E+00  -1.394477E+01   2.704012E+00  -4.853872E+00        13
   1.737530E+03   1.473186E+06   1.361063E+00   1.361063E+00   4.409562E+00   2.937667E+00  -1.394579E+01   2.703759E+00  -4.853872E+00        13
   1.738530E+03   1.474903E+06   1.361063E+00   1.361063E+00   4.409562E+00   2.937667E+00  -1.394680E+01   2.703506E+00  -4.853872E+00        13
   1.739530E+03   1.476621E+06   1.361063E+00   1.361063E+00   4.409562E+00   2.937667E+00  -1.394781E+01   2.703253E+00  -4.853872E+00        13
   1.740530E+03   1.478340E+06   1.361063E+00   1.361063E+00   4.409562E+00   2.937667E+00  -1.394882E+01   2.703001E+00  -4.853872E+00        13
   1.741530E+03   1.480060E+06   1.361063E+00   1.361063E+00   4.409562E+00   2.937667E+00  -1.394983E+01   2.702748E+00  -4.853872E+00        13
   1.742530E+03   1.481781E+06   1.361063E+00   1.361063E+00   4.409562E+00   2.937667E+00  -1.395084E+01   2.702496E+00  -4.853872E+00        13
   1.743530E+03   1.483503E+06   1.361063E+00   1.361063E+00   4.409562E+00   2.937667E+00  -1.395185E+01   2.702243E+00  -4.853872E+00        13
   1.744530E+03   1.485226E+06   1.361063E+00   1.361063E+00   4.409562E+00   2.937667E+00  -1.395286E+01   2.701991E+00  -4.853872E+00        13
   1.745530E+03   1.486950E+06   1.361063E+00   1.361063E+00   4.409562E+00   2.937667E+00  -1.395386E+01   2.701740E+00  -4.853872E+00        13
   1.746530E+03   1.488675E+06   1.361063E+00   1.361063E+00   4.409562E+00   2.937667E+00  -1.395487E+01   2.701488E+00  -4.853872E+00        13
   1.747530E+03   1.490401E+06   1.361063E+00   1.361063E+00   4.409562E+00   2.937667E+00  -1.395588E+01   2.701236E+00  -4.853872E+00        13
   1.748530E+03   1.492128E+06   1.361063E+00   1.361063E+00   4.409562E+00   2.937667E+00  -1.395688E+01   2.700985E+00  -4.853872E+00        13
   1.749530E+03   1.493856E+06   1.361063E+00   1.361063E+00   4.409562E+00   2.937667E+00  -1.395789E+01   2.700733E+00  -4.853872E+00        13
   1.750530E+03   1.495585E+06   1.361063E+00   1.361063E+00   4.409562E+00   2.937667E+00  -1.395889E+01   2.700482E+00  -4.853872E+00        13
   1.751530E+03   1.497315E+06   1.361063E+00   1.361063E+00   4.409562E+00   2.937667E+00  -1.395990E+01   2.700231E+00  -4.853872E+00        13
   1.752530E+03   1.499046E+06   1.361063E+00   1.361063E+00   4.409562E+00   2.937667E+00  -1.396090E+01   2.699980E+00  -4.853872E+00        13
   1.753530E+03   1.500778E+06   1.361063E+00   1.361063E+00   4.409562E+00   2.937667E+00  -1.396190E+01   2.699729E+00  -4.853872E+00        13
   1.754530E+03   1.502511E+06   1.361063E+00   1.361063E+00   4.409562E+00   2.937667E+00  -1.396291E+01   2.699479E+00  -4.853872E+00        13
   1.755530E+03   1.504245E+06   1.361063E+00   1.361063E+00   4.409562E+00   2.937667E+00  -1.396391E+01   2.699228E+00  -4.853872E+00        13
   1.756530E+03   1.505980E+06   1.361063E+00   1.361063E+00   4.409562E+00   2.937667E+00  -1.396491E+01   2.698978E+00  -4.853872E+00        13
   1.757530E+03   1.507716E+06   1.361063E+00   1.361063E+00   4.409562E+00   2.937667E+00  -1.396591E+01   2.698728E+00  -4.853872E+00        13
   1.758530E+03   1.509453E+06   1.361063E+00   1.361063E+00   4.409562E+00   2.937667E+00  -1.396691E+01   2.698478E+00  -4.853872E+00        13
   1.759530E+03   1.511191E+06   1.361063E+00   1.361063E+00   4.409562E+00   2.937667E+00  -1.396791E+01   2.698228E+00  -4.853872E+00        13
   1.760530E+03   1.512930E+06   1.361063E+00   1.361063E+00   4.409562E+00   2.937667E+00  -1.396891E+01   2.697978E+00  -4.853872E+00        13
   1.761530E+03   1.514670E+06   1.361063E+00   1.361063E+00   4.409562E+00   2.937667E+00  -1.396991E+01   2.697729E+00  -4.853872E+00        13
   1.762530E+03   1.516411E+06   1.361063E+00   1.361063E+00   4.409562E+00   2.937667E+00  -1.397091E+01   2.697479E+00  -4.853872E+00        13
   1.763530E+03   1.518153E+06   1.361063E+00   1.361063E+00   4.409562E+00   2.937667E+00  -1.397190E+01   2.697230E+00  -4.853872E+00        13
   1.764530E+03   1.519896E+06   1.361063E+00   1.361063E+00   4.409562E+00   2.937667E+00  -1.397290E+01   2.696981E+00  -4.853872E+00        13
   1.765530E+03   1.521640E+06   1.361063E+00   1.361063E+00   4.409562E+00   2.937667E+00  -1.397390E+01   2.696732E+00  -4.853872E+00        13
   1.766530E+03   1.523385E+06   1.361063E+00   1.361063E+00   4.409562E+00   2.937667E+00  -1.397489E+01   2.696483E+00  -4.853872E+00        13
   1.767530E+03   1.525131E+06   1.361063E+00   1.361063E+00   4.409562E+00   2.937667E+00  -1.397589E+01   2.696234E+00  -4.853872E+00        13
   1.768530E+03   1.526878E+06   1.361063E+00   1.361063E+00   4.409562E+00   2.937667E+00  -1.397688E+01   2.695986E+00  -4.853872E+00        13
   1.769530E+03   1.528626E+06   1.361063E+00   1.361063E+00   4.409562E+00   2.937667E+00  -1.397787E+01   2.695737E+00  -4.853872E+00        13
   1.770530E+03   1.530375E+06   1.361063E+00   1.361063E+00   4.409562E+00   2.937667E+00  -1.397887E+01   2.695489E+00  -4.853872E+00        13
   1.771530E+03   1.532125E+06   1.361063E+00   1.361063E+00   4.409562E+00   2.937667E+00  -1.397986E+01   2.695241E+00  -4.853872E+00        13
   1.772530E+03   1.533876E+06   1.361063E+00   1.361063E+00   4.409562E+00   2.937667E+00  -1.398085E+01   2.694993E+00  -4.853872E+00        13
   1.773530E+03   1.535628E+06   1.361063E+00   1.361063E+00   4.409562E+00   2.937667E+00  -1.398184E+01   2.694745E+00  -4.853872E+00        13
   1.774530E+03   1.537381E+06   1.361063E+00   1.361063E+00   4.409562E+00   2.937667E+00  -1.398283E+01   2.694497E+00  -4.853872E+00        13
   1.775530E+03   1.539135E+06   1.361063E+00   1.361063E+00   4.409562E+00   2.937667E+00  -1.398383E+01   2.694249E+00  -4.853872E+00        13
   1.776530E+03   1.540890E+06   1.361063E+00   1.361063E+00   4.409562E+00   2.937667E+00  -1.398481E+01   2.694002E+00  -4.853872E+00        13
   1.777530E+03   1.542646E+06   1.361063E+00   1.361063E+00   4.409562E+00   2.937667E+00  -1.398580E+01   2.693755E+00  -4.853872E+00        13
   1.778530E+03   1.544403E+06   1.361063E+00   1.361063E+00   4.409562E+00   2.937667E+00  -1.398679E+01   2.693507E+00  -4.853872E+00        13
   1.779530E+03   1.546161E+06   1.361063E+00   1.361063E+00   4.409562E+00   2.937667E+00  -1.398778E+01   2.693260E+00  -4.853872E+00        13
   1.780530E+03   1.547920E+06   1.361063E+00   1.361063E+00   4.409562E+00   2.937667E+00  -1.398877E+01   2.693013E+00  -4.853872E+00        13
   1.781530E+03   1.549680E+06   1.361063E+00   1.361063E+00   4.409562E+00   2.937667E+00  -1.398976E+01   2.692767E+00  -4.853872E+00        13
   1.782530E+03   1.551441E+06   1.361063E+00   1.361063E+00   4.409562E+00   2.937667E+00  -1.399074E+01   2.692520E+00  -4.853872E+00        13
   1.783530E+03   1.553203E+06   1.361063E+00   1.361063E+00   4.409562E+00   2.937667E+00  -1.399173E+01   2.692274E+00  -4.853872E+00        13
   1.784530E+03   1.554966E+06   1.361063E+00   1.361063E+00   4.409562E+00   2.937667E+00  -1.399271E+01   2.692027E+00  -4.853872E+00        13
   1.785530E+03   1.556730E+06   1.361063E+00   1.361063E+00   4.409562E+00   2.937667E+00  -1.399370E+01   2.691781E+00  -4.853872E+00        13
   1.786530E+03   1.558495E+06   1.361063E+00   1.361063E+00   4.409562E+00   2.937667E+00  -1.399468E+01   2.691535E+00  -4.853872E+00        13
   1.787530E+03   1.560261E+06   1.361063E+00   1.361063E+00   4.409562E+00   2.937667E+00  -1.399567E+01   2.691289E+00  -4.853872E+00        13
   1.788530E+03   1.562028E+06   1.361063E+00   1.361063E+00   4.409562E+00   2.937667E+00  -1.399665E+01   2.691043E+00  -4.853872E+00        13
   1.789530E+03   1.563796E+06   1.361063E+00   1.361063E+00   4.409562E+00   2.937667E+00  -1.399763E+01   2.690798E+00  -4.853872E+00        13
   1.790530E+03   1.565565E+06   1.361063E+00   1.361063E+00   4.409562E+00   2.937667E+00  -1.399861E+01   2.690552E+00  -4.853872E+00        13
   1.791530E+03   1.567335E+06   1.361063E+00   1.361063E+00   4.409562E+00   2.937667E+00  -1.399960E+01   2.690307E+00  -4.853872E+00        13
   1.792530E+03   1.569106E+06   1.361063E+00   1.361063E+00   4.409562E+00   2.937667E+00  -1.400058E+01   2.690062E+00  -4.853872E+00        13
   1.793530E+03   1.570878E+06   1.361063E+00   1.361063E+00   4.409562E+00   2.937667E+00  -1.400156E+01   2.689816E+00  -4.853872E+00        13
   1.794530E+03   1.572651E+06   1.361063E+00   1.361063E+00   4.409562E+00   2.937667E+00  -1.400254E+01   2.689572E+00  -4.853872E+00        13
   1.795530E+03   1.574425E+06   1.361063E+00   1.361063E+00   4.409562E+00   2.937667E+00  -1.400352E+01   2.689327E+00  -4.853872E+00        13
   1.796530E+03   1.576200E+06   1.361063E+00   1.361063E+00   4.409562E+00   2.937667E+00  -1.400449E+01   2.689082E+00  -4.853872E+00        13
   1.797530E+03   1.577976E+06   1.361063E+00   1.361063E+00   4.409562E+00   2.937667E+00  -1.400547E+01   2.688837E+00  -4.853872E+00        13
   1.798530E+03   1.579753E+06   1.361063E+00   1.361063E+00   4.409562E+00   2.937667E+00  -1.400645E+01   2.688593E+00  -4.853872E+00        13
   1.799530E+03   1.581531E+06   1.361063E+00   1.361063E+00   4.409562E+00   2.937667E+00  -1.400743E+01   2.688349E+00  -4.853872E+00        13
   1.800530E+03   1.583310E+06   1.361063E+00   1.361063E+00   4.409562E+00   2.937667E+00  -1.400840E+01   2.688105E+00  -4.853872E+00        13
   1.801530E+03   1.585090E+06   1.361063E+00   1.361063E+00   4.409562E+00   2.937667E+00  -1.400938E+01   2.687861E+00  -4.853872E+00        13
   1.802530E+03   1.586871E+06   1.361063E+00   1.361063E+00   4.409562E+00   2.937667E+00  -1.401035E+01   2.687617E+00  -4.853872E+00        13
   1.803530E+03   1.588653E+06   1.361063E+00   1.361063E+00   4.409562E+00   2.937667E+00  -1.401133E+01   2.687373E+00  -4.853872E+00        13
   1.804530E+03   1.590436E+06   1.361063E+00   1.361063E+00   4.409562E+00   2.937667E+00  -1.401230E+01   2.687130E+00  -4.853872E+00        13
   1.805530E+03   1.592220E+06   1.361063E+00   1.361063E+00   4.409562E+00   2.937667E+00  -1.401328E+01   2.686886E+00  -4.853872E+00        13
   1.806530E+03   1.594005E+06   1.361063E+00   1.361063E+00   4.409562E+00   2.937667E+00  -1.401425E+01   2.686643E+00  -4.853872E+00        13
   1.807530E+03   1.595791E+06   1.361063E+00   1.361063E+00   4.409562E+00   2.937667E+00  -1.401522E+01   2.686400E+00  -4.853872E+00        13
   1.808530E+03   1.597578E+06   1.361063E+00   1.361063E+00   4.409562E+00   2.937667E+00  -1.401620E+01   2.686157E+00  -4.853872E+00        13
   1.809530E+03   1.599366E+06   1.361063E+00   1.361063E+00   4.409562E+00   2.937667E+00  -1.401717E+01   2.685914E+00  -4.853872E+00        13
   1.810530E+03   1.601155E+06   1.361063E+00   1.361063E+00   4.409562E+00   2.937667E+00  -1.401814E+01   2.685671E+00  -4.853872E+00        13
   1.811530E+03   1.602945E+06   1.361063E+00   1.361063E+00   4.409562E+00   2.937667E+00  -1.401911E+01   2.685428E+00  -4.853872E+00        13
   1.812530E+03   1.604736E+06   1.361063E+00   1.361063E+00   4.409562E+00   2.937667E+00  -1.402008E+01   2.685186E+00  -4.853872E+00        13
   1.813530E+03   1.606528E+06   1.361063E+00   1.361063E+00   4.409562E+00   2.937667E+00  -1.402105E+01   2.684944E+00  -4.853872E+00        13
   1.814530E+03   1.608321E+06   1.361063E+00   1.361063E+00   4.409562E+00   2.937667E+00  -1.402202E+01   2.684701E+00  -4.853872E+00        13
   1.815530E+03   1.610115E+06   1.361063E+00   1.361063E+00   4.409562E+00   2.937667E+00  -1.402299E+01   2.684459E+00  -4.853872E+00        13
   1.816530E+03   1.611910E+06   1.361063E+00   1.361063E+00   4.409562E+00   2.937667E+00  -1.402395E+01   2.684217E+00  -4.853872E+00        13
   1.817530E+03   1.613706E+06   1.361063E+00   1.361063E+00   4.409562E+00   2.937667E+00  -1.402492E+01   2.683975E+00  -4.853872E+00        13
   1.818530E+03   1.615503E+06   1.361063E+00   1.361063E+00   4.409562E+00   2.937667E+00  -1.402589E+01   2.683734E+00  -4.853872E+00        13
   1.819530E+03   1.617301E+06   1.361063E+00   1.361063E+00   4.409562E+00   2.937667E+00  -1.402685E+01   2.683492E+00  -4.853872E+00        13
   1.820530E+03   1.619100E+06   1.361063E+00   1.361063E+00   4.409562E+00   2.937667E+00  -1.402782E+01   2.683251E+00  -4.853872E+00        13
   1.821530E+03   1.620900E+06   1.361063E+00   1.361063E+00   4.409562E+00   2.937667E+00  -1.402878E+01   2.683010E+00  -4.853872E+00        13
   1.822530E+03   1.622701E+06   1.361063E+00   1.361063E+00   4.409562E+00   2.937667E+00  -1.402975E+01   2.682768E+00  -4.853872E+00        13
   1.823530E+03   1.624503E+06   1.361063E+00   1.361063E+00   4.409562E+00   2.937667E+00  -1.403071E+01   2.682527E+00  -4.853872E+00        13
   1.824530E+03   1.626306E+06   1.361063E+00   1.361063E+00   4.409562E+00   2.937667E+00  -1.403168E+01   2.682287E+00  -4.853872E+00        13
   1.825530E+03   1.628110E+06   1.361063E+00   1.361063E+00   4.409562E+00   2.937667E+00  -1.403264E+01   2.682046E+00  -4.853872E+00        13
   1.826530E+03   1.629915E+06   1.361063E+00   1.361063E+00   4.409562E+00   2.937667E+00  -1.403360E+01   2.681805E+00  -4.853872E+00        13
   1.827530E+03   1.631721E+06   1.361063E+00   1.361063E+00   4.409562E+00   2.937667E+00  -1.403456E+01   2.681565E+00  -4.853872E+00        13
   1.828530E+03   1.633528E+06   1.361063E+00   1.361063E+00   4.409562E+00   2.937667E+00  -1.403552E+01   2.681324E+00  -4.853872E+00        13
   1.829530E+03   1.635336E+06   1.361063E+00   1.361063E+00   4.409562E+00   2.937667E+00  -1.403649E+01   2.681084E+00  -4.853872E+00        13
   1.830530E+03   1.637145E+06   1.361063E+00   1.361063E+00   4.409562E+00   2.937667E+00  -1.403745E+01   2.680844E+00  -4.853872E+00        13
   1.831530E+03   1.638955E+06   1.361063E+00   1.361063E+00   4.409562E+00   2.937667E+00  -1.403841E+01   2.680604E+00  -4.853872E+00        13
   1.832530E+03   1.640766E+06   1.361063E+00   1.361063E+00   4.409562E+00   2.937667E+00  -1.403936E+01   2.680364E+00  -4.853872E+00        13
   1.833530E+03   1.642578E+06   1.361063E+00   1.361063E+00   4.409562E+00   2.937667E+00  -1.404032E+01   2.680125E+00  -4.853872E+00        13
   1.834530E+03   1.644391E+06   1.361063E+00   1.361063E+00   4.409562E+00   2.937667E+00  -1.404128E+01   2.679885E+00  -4.853872E+00        13
   1.835530E+03   1.646205E+06   1.361063E+00   1.361063E+00   4.409562E+00   2.937667E+00  -1.404224E+01   2.679646E+00  -4.853872E+00        13
   1.836530E+03   1.648020E+06   1.361063E+00   1.361063E+00   4.409562E+00   2.937667E+00  -1.404320E+01   2.679406E+00  -4.853872E+00        13
   1.837530E+03   1.649836E+06   1.361063E+00   1.361063E+00   4.409562E+00   2.937667E+00  -1.404415E+01   2.679167E+00  -4.853872E+00        13
   1.838530E+03   1.651653E+06   1.361063E+00   1.361063E+00   4.409562E+00   2.937667E+00  -1.404511E+01   2.678928E+00  -4.853872E+00        13
   1.839530E+03   1.653471E+06   1.361063E+00   1.361063E+00   4.409562E+00   2.937667E+00  -1.404606E+01   2.678689E+00  -4.853872E+00        13
   1.840530E+03   1.655290E+06   1.361063E+00   1.361063E+00   4.409562E+00   2.937667E+00  -1.404702E+01   2.678451E+00  -4.853872E+00        13
   1.841530E+03   1.657110E+06   1.361063E+00   1.361063E+00   4.409562E+00   2.937667E+00  -1.404797E+01   2.678212E+00  -4.853872E+00        13
   1.842530E+03   1.658931E+06   1.361063E+00   1.361063E+00   4.409562E+00   2.937667E+00  -1.404893E+01   2.677974E+00  -4.853872E+00        13
   1.843530E+03   1.660753E+06   1.361063E+00   1.361063E+00   4.409562E+00   2.937667E+00  -1.404988E+01   2.677735E+00  -4.853872E+00        13
   1.844530E+03   1.662576E+06   1.361063E+00   1.361063E+00   4.409562E+00   2.937667E+00  -1.405083E+01   2.677497E+00  -4.853872E+00        13
   1.845530E+03   1.664400E+06   1.361063E+00   1.361063E+00   4.409562E+00   2.937667E+00  -1.405179E+01   2.677259E+00  -4.853872E+00        13
   1.846530E+03   1.666225E+06   1.361063E+00   1.361063E+00   4.409562E+00   2.937667E+00  -1.405274E+01   2.677021E+00  -4.853872E+00        13
   1.847530E+03   1.668051E+06   1.361063E+00   1.361063E+00   4.409562E+00   2.937667E+00  -1.405369E+01   2.676783E+00  -4.853872E+00        13
   1.848530E+03   1.669878E+06   1.361063E+00   1.361063E+00   4.409562E+00   2.937667E+00  -1.405464E+01   2.676545E+00  -4.853872E+00        13
   1.849530E+03   1.671706E+06   1.361063E+00   1.361063E+00   4.409562E+00   2.937667E+00  -1.405559E+01   2.676308E+00  -4.853872E+00        13
   1.850530E+03   1.673535E+06   1.361063E+00   1.361063E+00   4.409562E+00   2.937667E+00  -1.405654E+01   2.676070E+00  -4.853872E+00        13
   1.851530E+03   1.675365E+06   1.361063E+00   1.361063E+00   4.409562E+00   2.937667E+00  -1.405749E+01   2.675833E+00  -4.853872E+00        13
   1.852530E+03   1.677196E+06   1.361063E+00   1.361063E+00   4.409562E+00   2.937667E+00  -1.405844E+01   2.675596E+00  -4.853872E+00        13
   1.853530E+03   1.679028E+06   1.361063E+00   1.361063E+00   4.409562E+00   2.937667E+00  -1.405939E+01   2.675359E+00  -4.853872E+00        13
   1.854530E+03   1.680861E+06   1.361063E+00   1.361063E+00   4.409562E+00   2.937667E+00  -1.406034E+01   2.675122E+00  -4.853872E+00        13
   1.855530E+03   1.682695E+06   1.361063E+00   1.361063E+00   4.409562E+00   2.937667E+00  -1.406128E+01   2.674885E+00  -4.853872E+00        13
   1.856530E+03   1.684530E+06   1.361063E+00   1.361063E+00   4.409562E+00   2.937667E+00  -1.406223E+01   2.674648E+00  -4.853872E+00        13
   1.857530E+03   1.686366E+06   1.361063E+00   1.361063E+00   4.409562E+00   2.937667E+00  -1.406318E+01   2.674412E+00  -4.853872E+00        13
   1.858530E+03   1.688203E+06   1.361063E+00   1.361063E+00   4.409562E+00   2.937667E+00  -1.406412E+01   2.674175E+00  -4.853872E+00        13
   1.859530E+03   1.690041E+06   1.361063E+00   1.361063E+00   4.409562E+00   2.937667E+00  -1.406507E+01   2.673939E+00  -4.853872E+00        13
   1.860530E+03   1.691880E+06   1.361063E+00   1.361063E+00   4.409562E+00   2.937667E+00  -1.406601E+01   2.673703E+00  -4.853872E+00        13
   1.861530E+03   1.693720E+06   1.361063E+00   1.361063E+00   4.409562E+00   2.937667E+00  -1.406695E+01   2.673467E+00  -4.853872E+00        13
   1.862530E+03   1.695561E+06   1.361063E+00   1.361063E+00   4.409562E+00   2.937667E+00  -1.406790E+01   2.673231E+00  -4.853872E+00        13
   1.863530E+03   1.697403E+06   1.361063E+00   1.361063E+00   4.409562E+00   2.937667E+00  -1.406884E+01   2.672995E+00  -4.853872E+00        13
   1.864530E+03   1.699246E+06   1.361063E+00   1.361063E+00   4.409562E+00   2.937667E+00  -1.406978E+01   2.672760E+00  -4.853872E+00        13
   1.865530E+03   1.701090E+06   1.361063E+00   1.361063E+00   4.409562E+00   2.937667E+00  -1.407073E+01   2.672524E+00  -4.853872E+00        13
   1.866530E+03   1.702935E+06   1.361063E+00   1.361063E+00   4.409562E+00   2.937667E+00  -1.407167E+01   2.672289E+00  -4.853872E+00        13
   1.867530E+03   1.704781E+06   1.361063E+00   1.361063E+00   4.409562E+00   2.937667E+00  -1.407261E+01   2.672053E+00  -4.853872E+00        13
   1.868530E+03   1.706628E+06   1.361063E+00   1.361063E+00   4.409562E+00   2.937667E+00  -1.407355E+01   2.671818E+00  -4.853872E+00        13
   1.869530E+03   1.708476E+06   1.361063E+00   1.361063E+00   4.409562E+00   2.937667E+00  -1.407449E+01   2.671583E+00  -4.853872E+00        13
   1.870530E+03   1.710325E+06   1.361063E+00   1.361063E+00   4.409562E+00   2.937667E+00  -1.407543E+01   2.671348E+00  -4.853872E+00        13
   1.871530E+03   1.712175E+06   1.361063E+00   1.361063E+00   4.409562E+00   2.937667E+00  -1.407637E+01   2.671114E+00  -4.853872E+00        13
   1.872530E+03   1.714026E+06   1.361063E+00   1.361063E+00   4.409562E+00   2.937667E+00  -1.407731E+01   2.670879E+00  -4.853872E+00        13
   1.873530E+03   1.715878E+06   1.361063E+00   1.361063E+00   4.409562E+00   2.937667E+00  -1.407824E+01   2.670644E+00  -4.853872E+00        13
   1.874530E+03   1.717731E+06   1.361063E+00   1.361063E+00   4.409562E+00   2.937667E+00  -1.407918E+01   2.670410E+00  -4.853872E+00        13
   1.875530E+03   1.719585E+06   1.361063E+00   1.361063E+00   4.409562E+00   2.937667E+00  -1.408012E+01   2.670176E+00  -4.853872E+00        13
   1.876530E+03   1.721440E+06   1.361063E+00   1.361063E+00   4.409562E+00   2.937667E+00  -1.408106E+01   2.669942E+00  -4.853872E+00        13
   1.877530E+03   1.723296E+06   1.361063E+00   1.361063E+00   4.409562E+00   2.937667E+00  -1.408199E+01   2.669708E+00  -4.853872E+00        13
   1.878530E+03   1.725153E+06   1.361063E+00   1.361063E+00   4.409562E+00   2.937667E+00  -1.408293E+01   2.669474E+00  -4.853872E+00        13
   1.879530E+03   1.727011E+06   1.361063E+00   1.361063E+00   4.409562E+00   2.937667E+00  -1.408386E+01   2.669240E+00  -4.853872E+00        13
   1.880530E+03   1.728870E+06   1.361063E+00   1.361063E+00   4.409562E+00   2.937667E+00  -1.408480E+01   2.669007E+00  -4.853872E+00        13
   1.881530E+03   1.730730E+06   1.361063E+00   1.361063E+00   4.409562E+00   2.937667E+00  -1.408573E+01   2.668773E+00  -4.853872E+00        13
   1.882530E+03   1.732591E+06   1.361063E+00   1.361063E+00   4.409562E+00   2.937667E+00  -1.408666E+01   2.668540E+00  -4.853872E+00        13
   1.883530E+03   1.734453E+06   1.361063E+00   1.361063E+00   4.409562E+00   2.937667E+00  -1.408760E+01   2.668306E+00  -4.853872E+00        13
   1.884530E+03   1.736316E+06   1.361063E+00   1.361063E+00   4.409562E+00   2.937667E+00  -1.408853E+01   2.668073E+00  -4.853872E+00        13
   1.885530E+03   1.738180E+06   1.361063E+00   1.361063E+00   4.409562E+00   2.937667E+00  -1.408946E+01   2.667840E+00  -4.853872E+00        13
   1.886530E+03   1.740045E+06   1.361063E+00   1.361063E+00   4.409562E+00   2.937667E+00  -1.409039E+01   2.667607E+00  -4.853872E+00        13
   1.887530E+03   1.741911E+06   1.361063E+00   1.361063E+00   4.409562E+00   2.937667E+00  -1.409132E+01   2.667375E+00  -4.853872E+00        13
   1.888530E+03   1.743778E+06   1.361063E+00   1.361063E+00   4.409562E+00   2.937667E+00  -1.409225E+01   2.667142E+00  -4.853872E+00        13
   1.889530E+03   1.745646E+06   1.361063E+00   1.361063E+00   4.409562E+00   2.937667E+00  -1.409318E+01   2.666910E+00  -4.853872E+00        13
   1.890530E+03   1.747515E+06   1.361063E+00   1.361063E+00   4.409562E+00   2.937667E+00  -1.409411E+01   2.666677E+00  -4.853872E+00        13
   1.891530E+03   1.749385E+06   1.361063E+00   1.361063E+00   4.409562E+00   2.937667E+00  -1.409504E+01   2.666445E+00  -4.853872E+00        13
   1.892530E+03   1.751256E+06   1.361063E+00   1.361063E+00   4.409562E+00   2.937667E+00  -1.409597E+01   2.666213E+00  -4.853872E+00        13
   1.893530E+03   1.753128E+06   1.361063E+00   1.361063E+00   4.409562E+00   2.937667E+00  -1.409690E+01   2.665981E+00  -4.853872E+00        13
   1.894530E+03   1.755001E+06   1.361063E+00   1.361063E+00   4.409562E+00   2.937667E+00  -1.409783E+01   2.665749E+00  -4.853872E+00        13
   1.895530E+03   1.756875E+06   1.361063E+00   1.361063E+00   4.409562E+00   2.937667E+00  -1.409875E+01   2.665517E+00  -4.853872E+00        13
   1.896530E+03   1.758750E+06   1.361063E+00   1.361063E+00   4.409562E+00   2.937667E+00  -1.409968E+01   2.665286E+00  -4.853872E+00        13
   1.897530E+03   1.760626E+06   1.361063E+00   1.361063E+00   4.409562E+00   2.937667E+00  -1.410061E+01   2.665054E+00  -4.853872E+00        13
   1.898530E+03   1.762503E+06   1.361063E+00   1.361063E+00   4.409562E+00   2.937667E+00  -1.410153E+01   2.664823E+00  -4.853872E+00        13
   1.899530E+03   1.764381E+06   1.361063E+00   1.361063E+00   4.409562E+00   2.937667E+00  -1.410246E+01   2.664592E+00  -4.853872E+00        13
   1.900530E+03   1.766260E+06   1.361063E+00   1.361063E+00   4.409562E+00   2.937667E+00  -1.410338E+01   2.664360E+00  -4.853872E+00        13
   1.901530E+03   1.768140E+06   1.361063E+00   1.361063E+00   4.409562E+00   2.937667E+00  -1.410430E+01   2.664129E+00  -4.853872E+00        13
   1.902530E+03   1.770021E+06   1.361063E+00   1.361063E+00   4.409562E+00   2.937667E+00  -1.410523E+01   2.663898E+00  -4.853872E+00        13
   1.903530E+03   1.771903E+06   1.361063E+00   1.361063E+00   4.409562E+00   2.937667E+00  -1.410615E+01   2.663668E+00  -4.853872E+00        13
   1.904530E+03   1.773786E+06   1.361063E+00   1.361063E+00   4.409562E+00   2.937667E+00  -1.410707E+01   2.663437E+00  -4.853872E+00        13
   1.905530E+03   1.775670E+06   1.361063E+00   1.361063E+00   4.409562E+00   2.937667E+00  -1.410800E+01   2.663207E+00  -4.853872E+00        13
   1.906530E+03   1.777555E+06   1.361063E+00   1.361063E+00   4.409562E+00   2.937667E+00  -1.410892E+01   2.662976E+00  -4.853872E+00        13
   1.907530E+03   1.779441E+06   1.361063E+00   1.361063E+00   4.409562E+00   2.937667E+00  -1.410984E+01   2.662746E+00  -4.853872E+00        13
   1.908530E+03   1.781328E+06   1.361063E+00   1.361063E+00   4.409562E+00   2.937667E+00  -1.411076E+01   2.662516E+00  -4.853872E+00        13
   1.909530E+03   1.783216E+06   1.361063E+00   1.361063E+00   4.409562E+00   2.937667E+00  -1.411168E+01   2.662286E+00  -4.853872E+00        13
   1.910530E+03   1.785105E+06   1.361063E+00   1.361063E+00   4.409562E+00   2.937667E+00  -1.411260E+01   2.662056E+00  -4.853872E+00        13
   1.911530E+03   1.786995E+06   1.361063E+00   1.361063E+00   4.409562E+00   2.937667E+00  -1.411352E+01   2.661826E+00  -4.853872E+00        13
   1.912530E+03   1.788886E+06   1.361063E+00   1.361063E+00   4.409562E+00   2.937667E+00  -1.411444E+01   2.661596E+00  -4.853872E+00        13
   1.913530E+03   1.790778E+06   1.361063E+00   1.361063E+00   4.409562E+00   2.937667E+00  -1.411536E+01   2.661367E+00  -4.853872E+00        13
   1.914530E+03   1.792671E+06   1.361063E+00   1.361063E+00   4.409562E+00   2.937667E+00  -1.411627E+01   2.661137E+00  -4.853872E+00        13
   1.915530E+03   1.794565E+06   1.361063E+00   1.361063E+00   4.409562E+00   2.937667E+00  -1.411719E+01   2.660908E+00  -4.853872E+00        13
   1.916530E+03   1.796460E+06   1.361063E+00   1.361063E+00   4.409562E+00   2.937667E+00  -1.411811E+01   2.660679E+00  -4.853872E+00        13
   1.917530E+03   1.798356E+06   1.361063E+00   1.361063E+00   4.409562E+00   2.937667E+00  -1.411902E+01   2.660450E+00  -4.853872E+00        13
   1.918530E+03   1.800253E+06   1.361063E+00   1.361063E+00   4.409562E+00   2.937667E+00  -1.411994E+01   2.660221E+00  -4.853872E+00        13
   1.919530E+03   1.802151E+06   1.361063E+00   1.361063E+00   4.409562E+00   2.937667E+00  -1.412085E+01   2.659992E+00  -4.853872E+00        13
   1.920530E+03   1.804050E+06   1.361063E+00   1.361063E+00   4.409562E+00   2.937667E+00  -1.412177E+01   2.659763E+00  -4.853872E+00        13
   1.921530E+03   1.805950E+06   1.361063E+00   1.361063E+00   4.409562E+00   2.937667E+00  -1.412268E+01   2.659535E+00  -4.853872E+00        13
   1.922530E+03   1.807851E+06   1.361063E+00   1.361063E+00   4.409562E+00   2.937667E+00  -1.412360E+01   2.659306E+00  -4.853872E+00        13
   1.923530E+03   1.809753E+06   1.361063E+00   1.361063E+00   4.409562E+00   2.937667E+00  -1.412451E+01   2.659078E+00  -4.853872E+00        13
   1.924530E+03   1.811656E+06   1.361063E+00   1.361063E+00   4.409562E+00   2.937667E+00  -1.412542E+01   2.658850E+00  -4.853872E+00        13
   1.925530E+03   1.813560E+06   1.361063E+00   1.361063E+00   4.409562E+00   2.937667E+00  -1.412634E+01   2.658622E+00  -4.853872E+00        13
   1.926530E+03   1.815465E+06   1.361063E+00   1.361063E+00   4.409562E+00   2.937667E+00  -1.412725E+01   2.658394E+00  -4.853872E+00        13
   1.927530E+03   1.817371E+06   1.361063E+00   1.361063E+00   4.409562E+00   2.937667E+00  -1.412816E+01   2.658166E+00  -4.853872E+00        13
   1.928530E+03   1.819278E+06   1.361063E+00   1.361063E+00   4.409562E+00   2.937667E+00  -1.412907E+01   2.657938E+00  -4.853872E+00        13
   1.929530E+03   1.821186E+06   1.361063E+00   1.361063E+00   4.409562E+00   2.937667E+00  -1.412998E+01   2.657711E+00  -4.853872E+00        13
   1.930530E+03   1.823095E+06   1.361063E+00   1.361063E+00   4.409562E+00   2.937667E+00  -1.413089E+01   2.657483E+00  -4.853872E+00        13
   1.931530E+03   1.825005E+06   1.361063E+00   1.361063E+00   4.409562E+00   2.937667E+00  -1.413180E+01   2.657256E+00  -4.853872E+00        13
   1.932530E+03   1.826916E+06   1.361063E+00   1.361063E+00   4.409562E+00   2.937667E+00  -1.413271E+01   2.657028E+00  -4.853872E+00        13
   1.933530E+03   1.828828E+06   1.361063E+00   1.361063E+00   4.409562E+00   2.937667E+00  -1.413362E+01   2.656801E+00  -4.853872E+00        13
   1.934530E+03   1.830741E+06   1.361063E+00   1.361063E+00   4.409562E+00   2.937667E+00  -1.413453E+01   2.656574E+00  -4.853872E+00        13
   1.935530E+03   1.832655E+06   1.361063E+00   1.361063E+00   4.409562E+00   2.937667E+00  -1.413543E+01   2.656347E+00  -4.853872E+00        13
   1.936530E+03   1.834570E+06   1.361063E+00   1.361063E+00   4.409562E+00   2.937667E+00  -1.413634E+01   2.656121E+00  -4.853872E+00        13
   1.937530E+03   1.836486E+06   1.361063E+00   1.361063E+00   4.409562E+00   2.937667E+00  -1.413725E+01   2.655894E+00  -4.853872E+00        13
   1.938530E+03   1.838403E+06   1.361063E+00   1.361063E+00   4.409562E+00   2.937667E+00  -1.413815E+01   2.655667E+00  -4.853872E+00        13
   1.939530E+03   1.840321E+06   1.361063E+00   1.361063E+00   4.409562E+00   2.937667E+00  -1.413906E+01   2.655441E+00  -4.853872E+00        13
   1.940530E+03   1.842240E+06   1.361063E+00   1.361063E+00   4.409562E+00   2.937667E+00  -1.413996E+01   2.655215E+00  -4.853872E+00        13
   1.941530E+03   1.844160E+06   1.361063E+00   1.361063E+00   4.409562E+00   2.937667E+00  -1.414087E+01   2.654988E+00  -4.853872E+00        13
   1.942530E+03   1.846081E+06   1.361063E+00   1.361063E+00   4.409562E+00   2.937667E+00  -1.414177E+01   2.654762E+00  -4.853872E+00        13
   1.943530E+03   1.848003E+06   1.361063E+00   1.361063E+00   4.409562E+00   2.937667E+00  -1.414268E+01   2.654536E+00  -4.853872E+00        13
   1.944530E+03   1.849926E+06   1.361063E+00   1.361063E+00   4.409562E+00   2.937667E+00  -1.414358E+01   2.654311E+00  -4.853872E+00        13
   1.945530E+03   1.851850E+06   1.361063E+00   1.361063E+00   4.409562E+00   2.937667E+00  -1.414448E+01   2.654085E+00  -4.853872E+00        13
   1.946530E+03   1.853775E+06   1.361063E+00   1.361063E+00   4.409562E+00   2.937667E+00  -1.414539E+01   2.653859E+00  -4.853872E+00        13
   1.947530E+03   1.855701E+06   1.361063E+00   1.361063E+00   4.409562E+00   2.937667E+00  -1.414629E+01   2.653634E+00  -4.853872E+00        13
   1.948530E+03   1.857628E+06   1.361063E+00   1.361063E+00   4.409562E+00   2.937667E+00  -1.414719E+01   2.653408E+00  -4.853872E+00        13
   1.949530E+03   1.859556E+06   1.361063E+00   1.361063E+00   4.409562E+00   2.937667E+00  -1.414809E+01   2.653183E+00  -4.853872E+00        13
   1.950530E+03   1.861485E+06   1.361063E+00   1.361063E+00   4.409562E+00   2.937667E+00  -1.414899E+01   2.652958E+00  -4.853872E+00        13
   1.951530E+03   1.863415E+06   1.361063E+00   1.361063E+00   4.409562E+00   2.937667E+00  -1.414989E+01   2.652733E+00  -4.853872E+00        13
   1.952530E+03   1.865346E+06   1.361063E+00   1.361063E+00   4.409562E+00   2.937667E+00  -1.415079E+01   2.652508E+00  -4.853872E+00        13
   1.953530E+03   1.867278E+06   1.361063E+00   1.361063E+00   4.409562E+00   2.937667E+00  -1.415169E+01   2.652283E+00  -4.853872E+00        13
   1.954530E+03   1.869211E+06   1.361063E+00   1.361063E+00   4.409562E+00   2.937667E+00  -1.415259E+01   2.652059E+00  -4.853872E+00        13
   1.955530E+03   1.871145E+06   1.361063E+00   1.361063E+00   4.409562E+00   2.937667E+00  -1.415349E+01   2.651834E+00  -4.853872E+00        13
   1.956530E+03   1.873080E+06   1.361063E+00   1.361063E+00   4.409562E+00   2.937667E+00  -1.415438E+01   2.651610E+00  -4.853872E+00        13
   1.957530E+03   1.875016E+06   1.361063E+00   1.361063E+00   4.409562E+00   2.937667E+00  -1.415528E+01   2.651385E+00  -4.853872E+00        13
   1.958530E+03   1.876953E+06   1.361063E+00   1.361063E+00   4.409562E+00   2.937667E+00  -1.415618E+01   2.651161E+00  -4.853872E+00        13
   1.959530E+03   1.878891E+06   1.361063E+00   1.361063E+00   4.409562E+00   2.937667E+00  -1.415707E+01   2.650937E+00  -4.853872E+00        13
   1.960530E+03   1.880830E+06   1.361063E+00   1.361063E+00   4.409562E+00   2.937667E+00  -1.415797E+01   2.650713E+00  -4.853872E+00        13
   1.961530E+03   1.882770E+06   1.361063E+00   1.361063E+00   4.409562E+00   2.937667E+00  -1.415887E+01   2.650489E+00  -4.853872E+00        13
   1.962530E+03   1.884711E+06   1.361063E+00   1.361063E+00   4.409562E+00   2.937667E+00  -1.415976E+01   2.650265E+00  -4.853872E+00        13
   1.963530E+03   1.886653E+06   1.361063E+00   1.361063E+00   4.409562E+00   2.937667E+00  -1.416066E+01   2.650042E+00  -4.853872E+00        13
   1.964530E+03   1.888596E+06   1.361063E+00   1.361063E+00   4.409562E+00   2.937667E+00  -1.416155E+01   2.649818E+00  -4.853872E+00        13
   1.965530E+03   1.890540E+06   1.361063E+00   1.361063E+00   4.409562E+00   2.937667E+00  -1.416244E+01   2.649595E+00  -4.853872E+00        13
   1.966530E+03   1.892485E+06   1.361063E+00   1.361063E+00   4.409562E+00   2.937667E+00  -1.416334E+01   2.649371E+00  -4.853872E+00        13
   1.967530E+03   1.894431E+06   1.361063E+00   1.361063E+00   4.409562E+00   2.937667E+00  -1.416423E+01   2.649148E+00  -4.853872E+00        13
   1.968530E+03   1.896378E+06   1.361063E+00   1.361063E+00   4.409562E+00   2.937667E+00  -1.416512E+01   2.648925E+00  -4.853872E+00        13
   1.969530E+03   1.898326E+06   1.361063E+00   1.361063E+00   4.409562E+00   2.937667E+00  -1.416601E+01   2.648702E+00  -4.853872E+00        13
   1.970530E+03   1.900275E+06   1.361063E+00   1.361063E+00   4.409562E+00   2.937667E+00  -1.416690E+01   2.648479E+00  -4.853872E+00        13
   1.971530E+03   1.902225E+06   1.361063E+00   1.361063E+00   4.409562E+00   2.937667E+00  -1.416780E+01   2.648257E+00  -4.853872E+00        13
   1.972530E+03   1.904176E+06   1.361063E+00   1.361063E+00   4.409562E+00   2.937667E+00  -1.416869E+01   2.648034E+00  -4.853872E+00        13
   1.973530E+03   1.906128E+06   1.361063E+00   1.361063E+00   4.409562E+00   2.937667E+00  -1.416958E+01   2.647812E+00  -4.853872E+00        13
   1.974530E+03   1.908081E+06   1.361063E+00   1.361063E+00   4.409562E+00   2.937667E+00  -1.417047E+01   2.647589E+00  -4.853872E+00        13
   1.975530E+03   1.910035E+06   1.361063E+00   1.361063E+00   4.409562E+00   2.937667E+00  -1.417135E+01   2.647367E+00  -4.853872E+00        13
   1.976530E+03   1.911990E+06   1.361063E+00   1.361063E+00   4.409562E+00   2.937667E+00  -1.417224E+01   2.647145E+00  -4.853872E+00        13
   1.977530E+03   1.913946E+06   1.361063E+00   1.361063E+00   4.409562E+00   2.937667E+00  -1.417313E+01   2.646923E+00  -4.853872E+00        13
   1.978530E+03   1.915903E+06   1.361063E+00   1.361063E+00   4.409562E+00   2.937667E+00  -1.417402E+01   2.646701E+00  -4.853872E+00        13
   1.979530E+03   1.917861E+06   1.361063E+00   1.361063E+00   4.409562E+00   2.937667E+00  -1.417491E+01   2.646479E+00  -4.853872E+00        13
   1.980530E+03   1.919820E+06   1.361063E+00   1.361063E+00   4.409562E+00   2.937667E+00  -1.417579E+01   2.646257E+00  -4.853872E+00        13
   1.981530E+03   1.921780E+06   1.361063E+00   1.361063E+00   4.409562E+00   2.937667E+00  -1.417668E+01   2.646036E+00  -4.853872E+00        13
   1.982530E+03   1.923741E+06   1.361063E+00   1.361063E+00   4.409562E+00   2.937667E+00  -1.417756E+01   2.645814E+00  -4.853872E+00        13
   1.983530E+03   1.925703E+06   1.361063E+00   1.361063E+00   4.409562E+00   2.937667E+00  -1.417845E+01   2.645593E+00  -4.853872E+00        13
   1.984530E+03   1.927666E+06   1.361063E+00   1.361063E+00   4.409562E+00   2.937667E+00  -1.417934E+01   2.645372E+00  -4.853872E+00        13
   1.985530E+03   1.929630E+06   1.361063E+00   1.361063E+00   4.409562E+00   2.937667E+00  -1.418022E+01   2.645151E+00  -4.853872E+00        13
   1.986530E+03   1.931595E+06   1.361063E+00   1.361063E+00   4.409562E+00   2.937667E+00  -1.418110E+01   2.644930E+00  -4.853872E+00        13
   1.987530E+03   1.933561E+06   1.361063E+00   1.361063E+00   4.409562E+00   2.937667E+00  -1.418199E+01   2.644709E+00  -4.853872E+00        13
   1.988530E+03   1.935528E+06   1.361063E+00   1.361063E+00   4.409562E+00   2.937667E+00  -1.418287E+01   2.644488E+00  -4.853872E+00        13
   1.989530E+03   1.937496E+06   1.361063E+00   1.361063E+00   4.409562E+00   2.937667E+00  -1.418375E+01   2.644267E+00  -4.853872E+00        13
   1.990530E+03   1.939465E+06   1.361063E+00   1.361063E+00   4.409562E+00   2.937667E+00  -1.418464E+01   2.644047E+00  -4.853872E+00        13
   1.991530E+03   1.941435E+06   1.361063E+00   1.361063E+00   4.409562E+00   2.937667E+00  -1.418552E+01   2.643826E+00  -4.853872E+00        13
   1.992530E+03   1.943406E+06   1.361063E+00   1.361063E+00   4.409562E+00   2.937667E+00  -1.418640E+01   2.643606E+00  -4.853872E+00        13
   1.993530E+03   1.945378E+06   1.361063E+00   1.361063E+00   4.409562E+00   2.937667E+00  -1.418728E+01   2.643386E+00  -4.853872E+00        13
   1.994530E+03   1.947351E+06   1.361063E+00   1.361063E+00   4.409562E+00   2.937667E+00  -1.418816E+01   2.643166E+00  -4.853872E+00        13
   1.995530E+03   1.949325E+06   1.361063E+00   1.361063E+00   4.409562E+00   2.937667E+00  -1.418904E+01   2.642946E+00  -4.853872E+00        13
   1.996530E+03   1.951300E+06   1.361063E+00   1.361063E+00   4.409562E+00   2.937667E+00  -1.418992E+01   2.642726E+00  -4.853872E+00        13
   1.997530E+03   1.953276E+06   1.361063E+00   1.361063E+00   4.409562E+00   2.937667E+00  -1.419080E+01   2.642506E+00  -4.853872E+00        13
   1.998530E+03   1.955253E+06   1.361063E+00   1.361063E+00   4.409562E+00   2.937667E+00  -1.419168E+01   2.642286E+00  -4.853872E+00        13
   1.999530E+03   1.957231E+06   1.361063E+00   1.361063E+00   4.409562E+00   2.937667E+00  -1.419256E+01   2.642067E+00  -4.853872E+00        13
   2.000530E+03   1.959210E+06   1.361063E+00   1.361063E+00   4.409562E+00   2.937667E+00  -1.419343E+01   2.641847E+00  -4.853872E+00        13
   2.001530E+03   1.961190E+06   1.361063E+00   1.361063E+00   4.409562E+00   2.937667E+00  -1.419431E+01   2.641628E+00  -4.853872E+00        13
   2.002530E+03   1.963171E+06   1.361063E+00   1.361063E+00   4.409562E+00   2.937667E+00  -1.419519E+01   2.641409E+00  -4.853872E+00        13
   2.003530E+03   1.965153E+06   1.361063E+00   1.361063E+00   4.409562E+00   2.937667E+00  -1.419606E+01   2.641190E+00  -4.853872E+00        13
   2.004530E+03   1.967136E+06   1.361063E+00   1.361063E+00   4.409562E+00   2.937667E+00  -1.419694E+01   2.640971E+00  -4.853872E+00        13
   2.005530E+03   1.969120E+06   1.361063E+00   1.361063E+00   4.409562E+00   2.937667E+00  -1.419782E+01   2.640752E+00  -4.853872E+00        13
   2.006530E+03   1.971105E+06   1.361063E+00   1.361063E+00   4.409562E+00   2.937667E+00  -1.419869E+01   2.640533E+00  -4.853872E+00        13
   2.007530E+03   1.973091E+06   1.361063E+00   1.361063E+00   4.409562E+00   2.937667E+00  -1.419957E+01   2.640314E+00  -4.853872E+00        13
   2.008530E+03   1.975078E+06   1.361063E+00   1.361063E+00   4.409562E+00   2.937667E+00  -1.420044E+01   2.640096E+00  -4.853872E+00        13
   2.009530E+03   1.977066E+06   1.361063E+00   1.361063E+00   4.409562E+00   2.937667E+00  -1.420131E+01   2.639877E+00  -4.853872E+00        13
   2.010530E+03   1.979055E+06   1.361063E+00   1.361063E+00   4.409562E+00   2.937667E+00  -1.420219E+01   2.639659E+00  -4.853872E+00        13
   2.011530E+03   1.981045E+06   1.361063E+00   1.361063E+00   4.409562E+00   2.937667E+00  -1.420306E+01   2.639441E+00  -4.853872E+00        13
   2.012530E+03   1.983036E+06   1.361063E+00   1.361063E+00   4.409562E+00   2.937667E+00  -1.420393E+01   2.639222E+00  -4.853872E+00        13
   2.013530E+03   1.985028E+06   1.361063E+00   1.361063E+00   4.409562E+00   2.937667E+00  -1.420480E+01   2.639004E+00  -4.853872E+00        13
   2.014530E+03   1.987021E+06   1.361063E+00   1.361063E+00   4.409562E+00   2.937667E+00  -1.420568E+01   2.638786E+00  -4.853872E+00        13
   2.015530E+03   1.989015E+06   1.361063E+00   1.361063E+00   4.409562E+00   2.937667E+00  -1.420655E+01   2.638569E+00  -4.853872E+00        13
   2.016530E+03   1.991010E+06   1.361063E+00   1.361063E+00   4.409562E+00   2.937667E+00  -1.420742E+01   2.638351E+00  -4.853872E+00        13
   2.017530E+03   1.993006E+06   1.361063E+00   1.361063E+00   4.409562E+00   2.937667E+00  -1.420829E+01   2.638133E+00  -4.853872E+00        13
   2.018530E+03   1.995003E+06   1.361063E+00   1.361063E+00   4.409562E+00   2.937667E+00  -1.420916E+01   2.637916E+00  -4.853872E+00        13
   2.019530E+03   1.997001E+06   1.361063E+00   1.361063E+00   4.409562E+00   2.937667E+00  -1.421003E+01   2.637699E+00  -4.853872E+00        13
   2.020530E+03   1.999000E+06   1.361063E+00   1.361063E+00   4.409562E+00   2.937667E+00  -1.421090E+01   2.637481E+00  -4.853872E+00        13
   2.021530E+03   2.001000E+06   1.361063E+00   1.361063E+00   4.409562E+00   2.937667E+00  -1.421177E+01   2.637264E+00  -4.853872E+00        13
   2.022530E+03   2.003001E+06   1.361063E+00   1.361063E+00   4.409562E+00   2.937667E+00  -1.421263E+01   2.637047E+00  -4.853872E+00        13
   2.023530E+03   2.005003E+06   1.361063E+00   1.361063E+00   4.409562E+00   2.937667E+00  -1.421350E+01   2.636830E+00  -4.853872E+00        13
   2.024530E+03   2.007006E+06   1.361063E+00   1.361063E+00   4.409562E+00   2.937667E+00  -1.421437E+01   2.636613E+00  -4.853872E+00        13
   2.025530E+03   2.009010E+06   1.361063E+00   1.361063E+00   4.409562E+00   2.937667E+00  -1.421524E+01   2.636397E+00  -4.853872E+00        13
   2.026530E+03   2.011015E+06   1.361063E+00   1.361063E+00   4.409562E+00   2.937667E+00  -1.421610E+01   2.636180E+00  -4.853872E+00        13
   2.027530E+03   2.013021E+06   1.361063E+00   1.361063E+00   4.409562E+00   2.937667E+00  -1.421697E+01   2.635964E+00  -4.853872E+00        13
   2.028530E+03   2.015028E+06   1.361063E+00   1.361063E+00   4.409562E+00   2.937667E+00  -1.421783E+01   2.635747E+00  -4.853872E+00        13
   2.029530E+03   2.017036E+06   1.361063E+00   1.361063E+00   4.409562E+00   2.937667E+00  -1.421870E+01   2.635531E+00  -4.853872E+00        13
   2.030530E+03   2.019045E+06   1.361063E+00   1.361063E+00   4.409562E+00   2.937667E+00  -1.421956E+01   2.635315E+00  -4.853872E+00        13
   2.031530E+03   2.021055E+06   1.361063E+00   1.361063E+00   4.409562E+00   2.937667E+00  -1.422043E+01   2.635099E+00  -4.853872E+00        13
   2.032530E+03   2.023066E+06   1.361063E+00   1.361063E+00   4.409562E+00   2.937667E+00  -1.422129E+01   2.634883E+00  -4.853872E+00        13
   2.033530E+03   2.025078E+06   1.361063E+00   1.361063E+00   4.409562E+00   2.937667E+00  -1.422216E+01   2.634667E+00  -4.853872E+00        13
   2.034530E+03   2.027091E+06   1.361063E+00   1.361063E+00   4.409562E+00   2.937667E+00  -1.422302E+01   2.634451E+00  -4.853872E+00        13
   2.035530E+03   2.029105E+06   1.361063E+00   1.361063E+00   4.409562E+00   2.937667E+00  -1.422388E+01   2.634235E+00  -4.853872E+00        13
   2.036530E+03   2.031120E+06   1.361063E+00   1.361063E+00   4.409562E+00   2.937667E+00  -1.422474E+01   2.634020E+00  -4.853872E+00        13
   2.037530E+03   2.033136E+06   1.361063E+00   1.361063E+00   4.409562E+00   2.937667E+00  -1.422560E+01   2.633804E+00  -4.853872E+00        13
   2.038530E+03   2.035153E+06   1.361063E+00   1.361063E+00   4.409562E+00   2.937667E+00  -1.422647E+01   2.633589E+00  -4.853872E+00        13
   2.039530E+03   2.037171E+06   1.361063E+00   1.361063E+00   4.409562E+00   2.937667E+00  -1.422733E+01   2.633374E+00  -4.853872E+00        13
   2.040530E+03   2.039190E+06   1.361063E+00   1.361063E+00   4.409562E+00   2.937667E+00  -1.422819E+01   2.633159E+00  -4.853872E+00        13
   2.041530E+03   2.041210E+06   1.361063E+00   1.361063E+00   4.409562E+00   2.937667E+00  -1.422905E+01   2.632944E+00  -4.853872E+00        13
   2.042530E+03   2.043231E+06   1.361063E+00   1.361063E+00   4.409562E+00   2.937667E+00  -1.422991E+01   2.632729E+00  -4.853872E+00        13
   2.043530E+03   2.045253E+06   1.361063E+00   1.361063E+00   4.409562E+00   2.937667E+00  -1.423077E+01   2.632514E+00  -4.853872E+00        13
   2.044530E+03   2.047276E+06   1.361063E+00   1.361063E+00   4.409562E+00   2.937667E+00  -1.423162E+01   2.632299E+00  -4.853872E+00        13
   2.045530E+03   2.049300E+06   1.361063E+00   1.361063E+00   4.409562E+00   2.937667E+00  -1.423248E+01   2.632085E+00  -4.853872E+00        13
   2.046530E+03   2.051325E+06   1.361063E+00   1.361063E+00   4.409562E+00   2.937667E+00  -1.423334E+01   2.631870E+00  -4.853872E+00        13
   2.047530E+03   2.053351E+06   1.361063E+00   1.361063E+00   4.409562E+00   2.937667E+00  -1.423420E+01   2.631656E+00  -4.853872E+00        13
   2.048530E+03   2.055378E+06   1.361063E+00   1.361063E+00   4.409562E+00   2.937667E+00  -1.423505E+01   2.631442E+00  -4.853872E+00        13
   2.049530E+03   2.057406E+06   1.361063E+00   1.361063E+00   4.409562E+00   2.937667E+00  -1.423591E+01   2.631228E+00  -4.853872E+00        13
   2.050530E+03   2.059435E+06   1.361063E+00   1.361063E+00   4.409562E+00   2.937667E+00  -1.423677E+01   2.631014E+00  -4.853872E+00        13
   2.051530E+03   2.061465E+06   1.361063E+00   1.361063E+00   4.409562E+00   2.937667E+00  -1.423762E+01   2.630800E+00  -4.853872E+00        13
   2.052530E+03   2.063496E+06   1.361063E+00   1.361063E+00   4.409562E+00   2.937667E+00  -1.423848E+01   2.630586E+00  -4.853872E+00        13
   2.053530E+03   2.065528E+06   1.361063E+00   1.361063E+00   4.409562E+00   2.937667E+00  -1.423933E+01   2.630372E+00  -4.853872E+00        13
   2.054530E+03   2.067561E+06   1.361063E+00   1.361063E+00   4.409562E+00   2.937667E+00  -1.424019E+01   2.630159E+00  -4.853872E+00        13
   2.055530E+03   2.069595E+06   1.361063E+00   1.361063E+00   4.409562E+00   2.937667E+00  -1.424104E+01   2.629945E+00  -4.853872E+00        13
   2.056530E+03   2.071630E+06   1.361063E+00   1.361063E+00   4.409562E+00   2.937667E+00  -1.424190E+01   2.629732E+00  -4.853872E+00        13
   2.057530E+03   2.073666E+06   1.361063E+00   1.361063E+00   4.409562E+00   2.937667E+00  -1.424275E+01   2.629518E+00  -4.853872E+00        13
   2.058530E+03   2.075703E+06   1.361063E+00   1.361063E+00   4.409562E+00   2.937667E+00  -1.424360E+01   2.629305E+00  -4.853872E+00        13
   2.059530E+03   2.077741E+06   1.361063E+00   1.361063E+00   4.409562E+00   2.937667E+00  -1.424445E+01   2.629092E+00  -4.853872E+00        13
   2.060530E+03   2.079780E+06   1.361063E+00   1.361063E+00   4.409562E+00   2.937667E+00  -1.424531E+01   2.628879E+00  -4.853872E+00        13
   2.061530E+03   2.081820E+06   1.361063E+00   1.361063E+00   4.409562E+00   2.937667E+00  -1.424616E+01   2.628666E+00  -4.853872E+00        13
   2.062530E+03   2.083861E+06   1.361063E+00   1.361063E+00   4.409562E+00   2.937667E+00  -1.424701E+01   2.628453E+00  -4.853872E+00        13
   2.063530E+03   2.085903E+06   1.361063E+00   1.361063E+00   4.409562E+00   2.937667E+00  -1.424786E+01   2.628241E+00  -4.853872E+00        13
   2.064530E+03   2.087946E+06   1.361063E+00   1.361063E+00   4.409562E+00   2.937667E+00  -1.424871E+01   2.628028E+00  -4.853872E+00        13
   2.065530E+03   2.089990E+06   1.361063E+00   1.361063E+00   4.409562E+00   2.937667E+00  -1.424956E+01   2.627816E+00  -4.853872E+00        13
   2.066530E+03   2.092035E+06   1.361063E+00   1.361063E+00   4.409562E+00   2.937667E+00  -1.425041E+01   2.627603E+00  -4.853872E+00        13
   2.067530E+03   2.094081E+06   1.361063E+00   1.361063E+00   4.409562E+00   2.937667E+00  -1.425126E+01   2.627391E+00  -4.853872E+00        13
   2.068530E+03   2.096128E+06   1.361063E+00   1.361063E+00   4.409562E+00   2.937667E+00  -1.425211E+01   2.627179E+00  -4.853872E+00        13
   2.069530E+03   2.098176E+06   1.361063E+00   1.361063E+00   4.409562E+00   2.937667E+00  -1.425296E+01   2.626967E+00  -4.853872E+00        13
   2.070530E+03   2.100225E+06   1.361063E+00   1.361063E+00   4.409562E+00   2.937667E+00  -1.425380E+01   2.626755E+00  -4.853872E+00        13
   2.071530E+03   2.102275E+06   1.361063E+00   1.361063E+00   4.409562E+00   2.937667E+00  -1.425465E+01   2.626543E+00  -4.853872E+00        13
   2.072530E+03   2.104326E+06   1.361063E+00   1.361063E+00   4.409562E+00   2.937667E+00  -1.425550E+01   2.626331E+00  -4.853872E+00        13
   2.073530E+03   2.106378E+06   1.361063E+00   1.361063E+00   4.409562E+00   2.937667E+00  -1.425634E+01   2.626120E+00  -4.853872E+00        13
   2.074530E+03   2.108431E+06   1.361063E+00   1.361063E+00   4.409562E+00   2.937667E+00  -1.425719E+01   2.625908E+00  -4.853872E+00        13
   2.075530E+03   2.110485E+06   1.361063E+00   1.361063E+00   4.409562E+00   2.937667E+00  -1.425804E+01   2.625697E+00  -4.853872E+00        13
   2.076530E+03   2.112540E+06   1.361063E+00   1.361063E+00   4.409562E+00   2.937667E+00  -1.425888E+01   2.625485E+00  -4.853872E+00        13
   2.077530E+03   2.114596E+06   1.361063E+00   1.361063E+00   4.409562E+00   2.937667E+00  -1.425973E+01   2.625274E+00  -4.853872E+00        13
   2.078530E+03   2.116653E+06   1.361063E+00   1.361063E+00   4.409562E+00   2.937667E+00  -1.426057E+01   2.625063E+00  -4.853872E+00        13
   2.079530E+03   2.118711E+06   1.361063E+00   1.361063E+00   4.409562E+00   2.937667E+00  -1.426142E+01   2.624852E+00  -4.853872E+00        13
   2.080530E+03   2.120770E+06   1.361063E+00   1.361063E+00   4.409562E+00   2.937667E+00  -1.426226E+01   2.624641E+00  -4.853872E+00        13
   2.081530E+03   2.122830E+06   1.361063E+00   1.361063E+00   4.409562E+00   2.937667E+00  -1.426310E+01   2.624430E+00  -4.853872E+00        13
   2.082530E+03   2.124891E+06   1.361063E+00   1.361063E+00   4.409562E+00   2.937667E+00  -1.426394E+01   2.624219E+00  -4.853872E+00        13
   2.083530E+03   2.126953E+06   1.361063E+00   1.361063E+00   4.409562E+00   2.937667E+00  -1.426479E+01   2.624009E+00  -4.853872E+00        13
   2.084530E+03   2.129016E+06   1.361063E+00   1.361063E+00   4.409562E+00   2.937667E+00  -1.426563E+01   2.623798E+00  -4.853872E+00        13
   2.085530E+03   2.131080E+06   1.361063E+00   1.361063E+00   4.409562E+00   2.937667E+00  -1.426647E+01   2.623588E+00  -4.853872E+00        13
   2.086530E+03   2.133145E+06   1.361063E+00   1.361063E+00   4.409562E+00   2.937667E+00  -1.426731E+01   2.623378E+00  -4.853872E+00        13
   2.087530E+03   2.135211E+06   1.361063E+00   1.361063E+00   4.409562E+00   2.937667E+00  -1.426815E+01   2.623167E+00  -4.853872E+00        13
   2.088530E+03   2.137278E+06   1.361063E+00   1.361063E+00   4.409562E+00   2.937667E+00  -1.426899E+01   2.622957E+00  -4.853872E+00        13
   2.089530E+03   2.139346E+06   1.361063E+00   1.361063E+00   4.409562E+00   2.937667E+00  -1.426983E+01   2.622747E+00  -4.853872E+00        13
   2.090530E+03   2.141415E+06   1.361063E+00   1.361063E+00   4.409562E+00   2.937667E+00  -1.427067E+01   2.622537E+00  -4.853872E+00        13
   2.091530E+03   2.143485E+06   1.361063E+00   1.361063E+00   4.409562E+00   2.937667E+00  -1.427151E+01   2.622327E+00  -4.853872E+00        13
   2.092530E+03   2.145556E+06   1.361063E+00   1.361063E+00   4.409562E+00   2.937667E+00  -1.427235E+01   2.622118E+00  -4.853872E+00        13
   2.093530E+03   2.147628E+06   1.361063E+00   1.361063E+00   4.409562E+00   2.937667E+00  -1.427319E+01   2.621908E+00  -4.853872E+00        13
   2.094530E+03   2.149701E+06   1.361063E+00   1.361063E+00   4.409562E+00   2.937667E+00  -1.427403E+01   2.621699E+00  -4.853872E+00        13
   2.095530E+03   2.151775E+06   1.361063E+00   1.361063E+00   4.409562E+00   2.937667E+00  -1.427487E+01   2.621489E+00  -4.853872E+00        13
   2.096530E+03   2.153850E+06   1.361063E+00   1.361063E+00   4.409562E+00   2.937667E+00  -1.427570E+01   2.621280E+00  -4.853872E+00        13
   2.097530E+03   2.155926E+06   1.361063E+00   1.361063E+00   4.409562E+00   2.937667E+00  -1.427654E+01   2.621071E+00  -4.853872E+00        13
   2.098530E+03   2.158003E+06   1.361063E+00   1.361063E+00   4.409562E+00   2.937667E+00  -1.427738E+01   2.620862E+00  -4.853872E+00        13
