           time            age           mass      core_mass        He_core        CO_core          log_L       log_Teff     log_radius     phase
   0.000000E+00   0.000000E+00   4.410256E+01   2.124689E+01   2.124689E+01   1.699751E+01   5.421094E+00   4.651393E+00   9.301139E-01         1
   2.160523E-01   2.160523E-01   4.406406E+01   2.124689E+01   2.124689E+01   1.699751E+01   5.423938E+00   4.650225E+00   9.338728E-01         1
   4.321046E-01   4.321046E-01   4.389443E+01   2.124689E+01   2.124689E+01   1.699751E+01   5.435923E+00   4.645800E+00   9.487155E-01         1
   6.481568E-01   6.481568E-01   4.371350E+01   2.124689E+01   2.124689E+01   1.699751E+01   5.447727E+00   4.642271E+00   9.616742E-01         1
   8.642091E-01   8.642091E-01   4.352059E+01   2.124689E+01   2.124689E+01   1.699751E+01   5.459723E+00   4.639014E+00   9.741872E-01         1
   1.080261E+00   1.080261E+00   4.331478E+01   2.124689E+01   2.124689E+01   1.699751E+01   5.471827E+00   4.635532E+00   9.872026E-01         1
   1.296314E+00   1.296314E+00   4.309517E+01   2.124689E+01   2.124689E+01   1.699751E+01   5.484216E+00   4.631657E+00   1.001150E+00         1
   1.512366E+00   1.512366E+00   4.286034E+01   2.124689E+01   2.124689E+01   1.699751E+01   5.497021E+00   4.627232E+00   1.016401E+00         1
   1.728418E+00   1.728418E+00   4.260913E+01   2.124689E+01   2.124689E+01   1.699751E+01   5.510170E+00   4.622004E+00   1.033431E+00         1
   1.944471E+00   1.944471E+00   4.234033E+01   2.124689E+01   2.124689E+01   1.699751E+01   5.523718E+00   4.615765E+00   1.052685E+00         1
   2.160523E+00   2.160523E+00   4.205260E+01   2.124689E+01   2.124689E+01   1.699751E+01   5.537808E+00   4.608250E+00   1.074759E+00         1
   2.376575E+00   2.376575E+00   4.174539E+01   2.124689E+01   2.124689E+01   1.699751E+01   5.552461E+00   4.599103E+00   1.100381E+00         1
   2.592627E+00   2.592627E+00   4.141877E+01   2.124689E+01   2.124689E+01   1.699751E+01   5.567783E+00   4.587834E+00   1.130575E+00         1
   2.808680E+00   2.808680E+00   4.107427E+01   2.124689E+01   2.124689E+01   1.699751E+01   5.583977E+00   4.573713E+00   1.166918E+00         1
   3.024732E+00   3.024732E+00   4.071662E+01   2.124689E+01   2.124689E+01   1.699751E+01   5.601327E+00   4.555730E+00   1.211555E+00         1
   3.240784E+00   3.240784E+00   4.035581E+01   2.124689E+01   2.124689E+01   1.699751E+01   5.619747E+00   4.532380E+00   1.267469E+00         1
   3.456837E+00   3.456837E+00   4.001140E+01   2.124689E+01   2.124689E+01   1.699751E+01   5.639690E+00   4.501298E+00   1.339603E+00         1
   3.672889E+00   3.672889E+00   3.971447E+01   2.124689E+01   2.124689E+01   1.699751E+01   5.661388E+00   4.458727E+00   1.435594E+00         1
   3.888941E+00   3.888941E+00   3.909864E+01   2.124689E+01   2.124689E+01   1.699751E+01   5.683243E+00   4.392376E+00   1.579224E+00         1
   4.104993E+00   4.104993E+00   3.696660E+01   2.124689E+01   2.124689E+01   1.699751E+01   5.701950E+00   4.244295E+00   1.884738E+00         1
   4.107154E+00   4.107154E+00   3.694230E+01   2.124689E+01   2.124689E+01   1.699751E+01   5.702160E+00   4.242849E+00   1.887733E+00         1
   4.109314E+00   4.109314E+00   3.691800E+01   2.124689E+01   2.124689E+01   1.699751E+01   5.702367E+00   4.241486E+00   1.890565E+00         1
   4.111475E+00   4.111475E+00   3.689370E+01   2.124689E+01   2.124689E+01   1.699751E+01   5.702574E+00   4.240122E+00   1.893397E+00         1
   4.113635E+00   4.113635E+00   3.686945E+01   2.124689E+01   2.124689E+01   1.699751E+01   5.702783E+00   4.238786E+00   1.896174E+00         1
   4.115796E+00   4.115796E+00   3.684526E+01   2.124689E+01   2.124689E+01   1.699751E+01   5.702993E+00   4.237476E+00   1.898899E+00         1
   4.117957E+00   4.117957E+00   3.682106E+01   2.124689E+01   2.124689E+01   1.699751E+01   5.703203E+00   4.236166E+00   1.901625E+00         1
   4.120117E+00   4.120117E+00   3.679691E+01   2.124689E+01   2.124689E+01   1.699751E+01   5.703415E+00   4.234858E+00   1.904346E+00         1
   4.122278E+00   4.122278E+00   3.677276E+01   2.124689E+01   2.124689E+01   1.699751E+01   5.703628E+00   4.233552E+00   1.907066E+00         1
   4.124438E+00   4.124438E+00   3.674865E+01   2.124689E+01   2.124689E+01   1.699751E+01   5.703842E+00   4.232221E+00   1.909834E+00         1
   4.126599E+00   4.126599E+00   3.672460E+01   2.124689E+01   2.124689E+01   1.699751E+01   5.704059E+00   4.230835E+00   1.912714E+00         1
   4.128759E+00   4.128759E+00   3.670056E+01   2.124689E+01   2.124689E+01   1.699751E+01   5.704276E+00   4.229449E+00   1.915595E+00         1
   4.130920E+00   4.130920E+00   3.667655E+01   2.124689E+01   2.124689E+01   1.699751E+01   5.704494E+00   4.227998E+00   1.918606E+00         1
   4.133080E+00   4.133080E+00   3.665255E+01   2.124689E+01   2.124689E+01   1.699751E+01   5.704713E+00   4.226518E+00   1.921675E+00         1
   4.135241E+00   4.135241E+00   3.662855E+01   2.124689E+01   2.124689E+01   1.699751E+01   5.704932E+00   4.225033E+00   1.924753E+00         1
   4.137401E+00   4.137401E+00   3.660462E+01   2.124689E+01   2.124689E+01   1.699751E+01   5.705151E+00   4.223502E+00   1.927925E+00         1
   4.139562E+00   4.139562E+00   3.658069E+01   2.124689E+01   2.124689E+01   1.699751E+01   5.705371E+00   4.221971E+00   1.931096E+00         1
   4.141722E+00   4.141722E+00   3.655674E+01   2.124689E+01   2.124689E+01   1.699751E+01   5.705591E+00   4.220416E+00   1.934317E+00         1
   4.143883E+00   4.143883E+00   3.653279E+01   2.124689E+01   2.124689E+01   1.699751E+01   5.705811E+00   4.218833E+00   1.937593E+00         1
   4.146043E+00   4.146043E+00   3.650884E+01   2.124689E+01   2.124689E+01   1.699751E+01   5.706031E+00   4.217251E+00   1.940870E+00         1
   4.148204E+00   4.148204E+00   3.648493E+01   2.124689E+01   2.124689E+01   1.699751E+01   5.706258E+00   4.215631E+00   1.944222E+00         1
   4.150364E+00   4.150364E+00   3.646103E+01   2.124689E+01   2.124689E+01   1.699751E+01   5.706486E+00   4.214005E+00   1.947586E+00         1
   4.152525E+00   4.152525E+00   3.643713E+01   2.124689E+01   2.124689E+01   1.699751E+01   5.706714E+00   4.212396E+00   1.950918E+00         1
   4.154685E+00   4.154685E+00   3.641325E+01   2.124689E+01   2.124689E+01   1.699751E+01   5.706940E+00   4.210832E+00   1.954159E+00         1
   4.156846E+00   4.156846E+00   3.638936E+01   2.124689E+01   2.124689E+01   1.699751E+01   5.707167E+00   4.209268E+00   1.957401E+00         1
   4.159006E+00   4.159006E+00   3.636553E+01   2.124689E+01   2.124689E+01   1.699751E+01   5.707394E+00   4.207735E+00   1.960579E+00         1
   4.161167E+00   4.161167E+00   3.634173E+01   2.124689E+01   2.124689E+01   1.699751E+01   5.707621E+00   4.206220E+00   1.963724E+00         1
   4.163327E+00   4.163327E+00   3.631793E+01   2.124689E+01   2.124689E+01   1.699751E+01   5.707848E+00   4.204704E+00   1.966867E+00         1
   4.165488E+00   4.165488E+00   3.629428E+01   2.124689E+01   2.124689E+01   1.699751E+01   5.708077E+00   4.203200E+00   1.969992E+00         1
   4.167649E+00   4.167649E+00   3.627064E+01   2.124689E+01   2.124689E+01   1.699751E+01   5.708306E+00   4.201695E+00   1.973116E+00         1
   4.169809E+00   4.169809E+00   3.624705E+01   2.124689E+01   2.124689E+01   1.699751E+01   5.708537E+00   4.200152E+00   1.976319E+00         1
   4.171970E+00   4.171970E+00   3.622355E+01   2.124689E+01   2.124689E+01   1.699751E+01   5.708771E+00   4.198557E+00   1.979624E+00         1
   4.174130E+00   4.174130E+00   3.620005E+01   2.124689E+01   2.124689E+01   1.699751E+01   5.709005E+00   4.196962E+00   1.982929E+00         1
   4.176291E+00   4.176291E+00   3.617663E+01   2.124689E+01   2.124689E+01   1.699751E+01   5.709238E+00   4.195223E+00   1.986525E+00         1
   4.178451E+00   4.178451E+00   3.615323E+01   2.124689E+01   2.124689E+01   1.699751E+01   5.709471E+00   4.193452E+00   1.990183E+00         1
   4.180612E+00   4.180612E+00   3.612983E+01   2.124689E+01   2.124689E+01   1.699751E+01   5.709704E+00   4.191653E+00   1.993898E+00         1
   4.182772E+00   4.182772E+00   3.610642E+01   2.124689E+01   2.124689E+01   1.699751E+01   5.709937E+00   4.189748E+00   1.997826E+00         1
   4.184933E+00   4.184933E+00   3.608302E+01   2.124689E+01   2.124689E+01   1.699751E+01   5.710170E+00   4.187843E+00   2.001753E+00         1
   4.187093E+00   4.187093E+00   3.605960E+01   2.124689E+01   2.124689E+01   1.699751E+01   5.710406E+00   4.185878E+00   2.005802E+00         1
   4.189254E+00   4.189254E+00   3.603617E+01   2.124689E+01   2.124689E+01   1.699751E+01   5.710645E+00   4.183873E+00   2.009930E+00         1
   4.191414E+00   4.191414E+00   3.601275E+01   2.124689E+01   2.124689E+01   1.699751E+01   5.710884E+00   4.181869E+00   2.014058E+00         1
   4.193575E+00   4.193575E+00   3.598933E+01   2.124689E+01   2.124689E+01   1.699751E+01   5.711123E+00   4.179963E+00   2.017988E+00         1
   4.195735E+00   4.195735E+00   3.596591E+01   2.124689E+01   2.124689E+01   1.699751E+01   5.711362E+00   4.178058E+00   2.021918E+00         1
   4.197896E+00   4.197896E+00   3.594251E+01   2.124689E+01   2.124689E+01   1.699751E+01   5.711602E+00   4.176170E+00   2.025815E+00         1
   4.200056E+00   4.200056E+00   3.591916E+01   2.124689E+01   2.124689E+01   1.699751E+01   5.711842E+00   4.174309E+00   2.029657E+00         1
   4.202217E+00   4.202217E+00   3.589581E+01   2.124689E+01   2.124689E+01   1.699751E+01   5.712081E+00   4.172448E+00   2.033500E+00         1
   4.204377E+00   4.204377E+00   3.587258E+01   2.124689E+01   2.124689E+01   1.699751E+01   5.712327E+00   4.170682E+00   2.037154E+00         1
   4.206538E+00   4.206538E+00   3.584939E+01   2.124689E+01   2.124689E+01   1.699751E+01   5.712574E+00   4.168943E+00   2.040754E+00         1
   4.208698E+00   4.208698E+00   3.582625E+01   2.124689E+01   2.124689E+01   1.699751E+01   5.712821E+00   4.167243E+00   2.044277E+00         1
   4.210859E+00   4.210859E+00   3.580335E+01   2.124689E+01   2.124689E+01   1.699751E+01   5.713069E+00   4.165733E+00   2.047422E+00         1
   4.213020E+00   4.213020E+00   3.578045E+01   2.124689E+01   2.124689E+01   1.699751E+01   5.713317E+00   4.164222E+00   2.050567E+00         1
   4.215180E+00   4.215180E+00   3.575769E+01   2.124689E+01   2.124689E+01   1.699751E+01   5.713564E+00   4.162747E+00   2.053641E+00         1
   4.217341E+00   4.217341E+00   3.573504E+01   2.124689E+01   2.124689E+01   1.699751E+01   5.713811E+00   4.161300E+00   2.056660E+00         1
   4.219501E+00   4.219501E+00   3.571239E+01   2.124689E+01   2.124689E+01   1.699751E+01   5.714057E+00   4.159852E+00   2.059680E+00         1
   4.221662E+00   4.221662E+00   3.568975E+01   2.124689E+01   2.124689E+01   1.699751E+01   5.714307E+00   4.158157E+00   2.063194E+00         1
   4.223822E+00   4.223822E+00   3.566712E+01   2.124689E+01   2.124689E+01   1.699751E+01   5.714558E+00   4.156449E+00   2.066732E+00         1
   4.225983E+00   4.225983E+00   3.564443E+01   2.124689E+01   2.124689E+01   1.699751E+01   5.714807E+00   4.154607E+00   2.070542E+00         1
   4.228143E+00   4.228143E+00   3.562164E+01   2.124689E+01   2.124689E+01   1.699751E+01   5.715053E+00   4.152506E+00   2.074868E+00         1
   4.230304E+00   4.230304E+00   3.559885E+01   2.124689E+01   2.124689E+01   1.699751E+01   5.715300E+00   4.150405E+00   2.079194E+00         1
   4.232464E+00   4.232464E+00   3.557576E+01   2.124689E+01   2.124689E+01   1.699751E+01   5.715549E+00   4.147955E+00   2.084220E+00         1
   4.234625E+00   4.234625E+00   3.555255E+01   2.124689E+01   2.124689E+01   1.699751E+01   5.715799E+00   4.145378E+00   2.089497E+00         1
   4.236785E+00   4.236785E+00   3.552927E+01   2.124689E+01   2.124689E+01   1.699751E+01   5.716048E+00   4.142776E+00   2.094825E+00         1
   4.238946E+00   4.238946E+00   3.550547E+01   2.124689E+01   2.124689E+01   1.699751E+01   5.716297E+00   4.139998E+00   2.100505E+00         1
   4.241106E+00   4.241106E+00   3.548167E+01   2.124689E+01   2.124689E+01   1.699751E+01   5.716546E+00   4.137221E+00   2.106186E+00         1
   4.243267E+00   4.243267E+00   3.545758E+01   2.124689E+01   2.124689E+01   1.699751E+01   5.716795E+00   4.134472E+00   2.111808E+00         1
   4.245427E+00   4.245427E+00   3.543322E+01   2.124689E+01   2.124689E+01   1.699751E+01   5.717046E+00   4.131750E+00   2.117377E+00         1
   4.247588E+00   4.247588E+00   3.540886E+01   2.124689E+01   2.124689E+01   1.699751E+01   5.717296E+00   4.129028E+00   2.122945E+00         1
   4.249748E+00   4.249748E+00   3.538405E+01   2.124689E+01   2.124689E+01   1.699751E+01   5.717547E+00   4.126462E+00   2.128203E+00         1
   4.251909E+00   4.251909E+00   3.535920E+01   2.124689E+01   2.124689E+01   1.699751E+01   5.717799E+00   4.123912E+00   2.133429E+00         1
   4.254069E+00   4.254069E+00   3.533425E+01   2.124689E+01   2.124689E+01   1.699751E+01   5.718051E+00   4.121398E+00   2.138583E+00         1
   4.256230E+00   4.256230E+00   3.530907E+01   2.124689E+01   2.124689E+01   1.699751E+01   5.718307E+00   4.118969E+00   2.143569E+00         1
   4.258390E+00   4.258390E+00   3.528389E+01   2.124689E+01   2.124689E+01   1.699751E+01   5.718563E+00   4.116541E+00   2.148554E+00         1
   4.260551E+00   4.260551E+00   3.525849E+01   2.124689E+01   2.124689E+01   1.699751E+01   5.718819E+00   4.113947E+00   2.153870E+00         1
   4.262712E+00   4.262712E+00   3.523299E+01   2.124689E+01   2.124689E+01   1.699751E+01   5.719076E+00   4.111280E+00   2.159331E+00         1
   4.264872E+00   4.264872E+00   3.520745E+01   2.124689E+01   2.124689E+01   1.699751E+01   5.719333E+00   4.108592E+00   2.164835E+00         1
   4.267033E+00   4.267033E+00   3.518151E+01   2.124689E+01   2.124689E+01   1.699751E+01   5.719590E+00   4.105680E+00   2.170790E+00         1
   4.269193E+00   4.269193E+00   3.515556E+01   2.124689E+01   2.124689E+01   1.699751E+01   5.719847E+00   4.102767E+00   2.176744E+00         1
   4.271354E+00   4.271354E+00   3.512936E+01   2.124689E+01   2.124689E+01   1.699751E+01   5.720107E+00   4.099695E+00   2.183018E+00         1
   4.273514E+00   4.273514E+00   3.510287E+01   2.124689E+01   2.124689E+01   1.699751E+01   5.720369E+00   4.096448E+00   2.189643E+00         1
   4.275675E+00   4.275675E+00   3.507639E+01   2.124689E+01   2.124689E+01   1.699751E+01   5.720631E+00   4.093200E+00   2.196268E+00         1
   4.277835E+00   4.277835E+00   3.504937E+01   2.124689E+01   2.124689E+01   1.699751E+01   5.720892E+00   4.089942E+00   2.202914E+00         1
   4.279996E+00   4.279996E+00   3.502227E+01   2.124689E+01   2.124689E+01   1.699751E+01   5.721153E+00   4.086683E+00   2.209564E+00         1
   4.282156E+00   4.282156E+00   3.499504E+01   2.124689E+01   2.124689E+01   1.699751E+01   5.721416E+00   4.083467E+00   2.216128E+00         1
   4.284317E+00   4.284317E+00   3.496742E+01   2.124689E+01   2.124689E+01   1.699751E+01   5.721682E+00   4.080372E+00   2.222450E+00         1
   4.286477E+00   4.286477E+00   3.493981E+01   2.124689E+01   2.124689E+01   1.699751E+01   5.721948E+00   4.077278E+00   2.228772E+00         1
   4.288638E+00   4.288638E+00   3.491197E+01   2.124689E+01   2.124689E+01   1.699751E+01   5.722216E+00   4.074291E+00   2.234879E+00         1
   4.290798E+00   4.290798E+00   3.488401E+01   2.124689E+01   2.124689E+01   1.699751E+01   5.722485E+00   4.071362E+00   2.240872E+00         1
   4.292959E+00   4.292959E+00   3.485604E+01   2.124689E+01   2.124689E+01   1.699751E+01   5.722755E+00   4.068425E+00   2.246882E+00         1
   4.295119E+00   4.295119E+00   3.482776E+01   2.124689E+01   2.124689E+01   1.699751E+01   5.723027E+00   4.065288E+00   2.253291E+00         1
   4.297280E+00   4.297280E+00   3.479948E+01   2.124689E+01   2.124689E+01   1.699751E+01   5.723299E+00   4.062152E+00   2.259701E+00         1
   4.299440E+00   4.299440E+00   3.477094E+01   2.124689E+01   2.124689E+01   1.699751E+01   5.723570E+00   4.058691E+00   2.266758E+00         1
   4.301601E+00   4.301601E+00   3.474207E+01   2.124689E+01   2.124689E+01   1.699751E+01   5.723841E+00   4.054809E+00   2.274658E+00         1
   4.303761E+00   4.303761E+00   3.471319E+01   2.124689E+01   2.124689E+01   1.699751E+01   5.724112E+00   4.050927E+00   2.282558E+00         1
   4.305922E+00   4.305922E+00   3.468328E+01   2.124689E+01   2.124689E+01   1.699751E+01   5.724388E+00   4.046137E+00   2.292274E+00         1
   4.308083E+00   4.308083E+00   3.465315E+01   2.124689E+01   2.124689E+01   1.699751E+01   5.724664E+00   4.041156E+00   2.302373E+00         1
   4.310243E+00   4.310243E+00   3.462273E+01   2.124689E+01   2.124689E+01   1.699751E+01   5.724942E+00   4.035957E+00   2.312909E+00         1
   4.312404E+00   4.312404E+00   3.459129E+01   2.124689E+01   2.124689E+01   1.699751E+01   5.725222E+00   4.029976E+00   2.325013E+00         1
   4.314564E+00   4.314564E+00   3.455985E+01   2.124689E+01   2.124689E+01   1.699751E+01   5.725502E+00   4.023994E+00   2.337117E+00         1
   4.316725E+00   4.316725E+00   3.452738E+01   2.124689E+01   2.124689E+01   1.699751E+01   5.725783E+00   4.017517E+00   2.350212E+00         1
   4.318885E+00   4.318885E+00   3.449426E+01   2.124689E+01   2.124689E+01   1.699751E+01   5.726063E+00   4.010720E+00   2.363947E+00         1
   4.321046E+00   4.321046E+00   3.446113E+01   2.124689E+01   2.124689E+01   1.699751E+01   5.726344E+00   4.003923E+00   2.377682E+00         2
   4.321580E+00   4.321580E+00   3.445238E+01   2.124689E+01   2.124689E+01   1.699751E+01   5.726414E+00   4.002106E+00   2.381350E+00         2
   4.322115E+00   4.322115E+00   3.444363E+01   2.124689E+01   2.124689E+01   1.699751E+01   5.726485E+00   4.000289E+00   2.385019E+00         2
   4.322650E+00   4.322650E+00   3.443488E+01   2.124689E+01   2.124689E+01   1.699751E+01   5.726555E+00   3.998472E+00   2.388688E+00         2
   4.323185E+00   4.323185E+00   3.442613E+01   2.124689E+01   2.124689E+01   1.699751E+01   5.726626E+00   3.996655E+00   2.392357E+00         2
   4.323720E+00   4.323720E+00   3.441737E+01   2.124689E+01   2.124689E+01   1.699751E+01   5.726696E+00   3.994838E+00   2.396025E+00         2
   4.324254E+00   4.324254E+00   3.440862E+01   2.124689E+01   2.124689E+01   1.699751E+01   5.726766E+00   3.993022E+00   2.399694E+00         2
   4.324789E+00   4.324789E+00   3.439987E+01   2.124689E+01   2.124689E+01   1.699751E+01   5.726837E+00   3.991205E+00   2.403363E+00         2
   4.325324E+00   4.325324E+00   3.439112E+01   2.124689E+01   2.124689E+01   1.699751E+01   5.726907E+00   3.989388E+00   2.407032E+00         2
   4.325859E+00   4.325859E+00   3.438237E+01   2.124689E+01   2.124689E+01   1.699751E+01   5.726978E+00   3.987571E+00   2.410701E+00         2
   4.326394E+00   4.326394E+00   3.437362E+01   2.124689E+01   2.124689E+01   1.699751E+01   5.727048E+00   3.985754E+00   2.414369E+00         2
   4.326929E+00   4.326929E+00   3.436458E+01   2.124689E+01   2.124689E+01   1.699751E+01   5.727119E+00   3.983885E+00   2.418143E+00         2
   4.327463E+00   4.327463E+00   3.435521E+01   2.124689E+01   2.124689E+01   1.699751E+01   5.727190E+00   3.981955E+00   2.422039E+00         2
   4.327998E+00   4.327998E+00   3.434583E+01   2.124689E+01   2.124689E+01   1.699751E+01   5.727262E+00   3.980025E+00   2.425935E+00         2
   4.328533E+00   4.328533E+00   3.433646E+01   2.124689E+01   2.124689E+01   1.699751E+01   5.727333E+00   3.978095E+00   2.429831E+00         2
   4.329068E+00   4.329068E+00   3.432709E+01   2.124689E+01   2.124689E+01   1.699751E+01   5.727404E+00   3.976165E+00   2.433727E+00         2
   4.329603E+00   4.329603E+00   3.431772E+01   2.124689E+01   2.124689E+01   1.699751E+01   5.727475E+00   3.974235E+00   2.437622E+00         2
   4.330137E+00   4.330137E+00   3.430834E+01   2.124689E+01   2.124689E+01   1.699751E+01   5.727547E+00   3.972305E+00   2.441518E+00         2
   4.330672E+00   4.330672E+00   3.429897E+01   2.124689E+01   2.124689E+01   1.699751E+01   5.727618E+00   3.970375E+00   2.445414E+00         2
   4.331207E+00   4.331207E+00   3.428960E+01   2.124689E+01   2.124689E+01   1.699751E+01   5.727689E+00   3.968445E+00   2.449310E+00         2
   4.331742E+00   4.331742E+00   3.428023E+01   2.124689E+01   2.124689E+01   1.699751E+01   5.727760E+00   3.966515E+00   2.453206E+00         2
   4.332277E+00   4.332277E+00   3.427085E+01   2.124689E+01   2.124689E+01   1.699751E+01   5.727832E+00   3.964585E+00   2.457102E+00         2
   4.332811E+00   4.332811E+00   3.426128E+01   2.124689E+01   2.124689E+01   1.699751E+01   5.727905E+00   3.962494E+00   2.461319E+00         2
   4.333346E+00   4.333346E+00   3.425161E+01   2.124689E+01   2.124689E+01   1.699751E+01   5.727977E+00   3.960400E+00   2.465543E+00         2
   4.333881E+00   4.333881E+00   3.424188E+01   2.124689E+01   2.124689E+01   1.699751E+01   5.728047E+00   3.958296E+00   2.469787E+00         2
   4.334416E+00   4.334416E+00   3.423208E+01   2.124689E+01   2.124689E+01   1.699751E+01   5.728120E+00   3.956165E+00   2.474083E+00         2
   4.334951E+00   4.334951E+00   3.422218E+01   2.124689E+01   2.124689E+01   1.699751E+01   5.728193E+00   3.954039E+00   2.478373E+00         2
   4.335485E+00   4.335485E+00   3.421222E+01   2.124689E+01   2.124689E+01   1.699751E+01   5.728264E+00   3.951939E+00   2.482607E+00         2
   4.336020E+00   4.336020E+00   3.420218E+01   2.124689E+01   2.124689E+01   1.699751E+01   5.728336E+00   3.949735E+00   2.487052E+00         2
   4.336555E+00   4.336555E+00   3.419206E+01   2.124689E+01   2.124689E+01   1.699751E+01   5.728415E+00   3.947692E+00   2.491176E+00         2
   4.337090E+00   4.337090E+00   3.418187E+01   2.124689E+01   2.124689E+01   1.699751E+01   5.728489E+00   3.945629E+00   2.495339E+00         2
   4.337625E+00   4.337625E+00   3.417158E+01   2.124689E+01   2.124689E+01   1.699751E+01   5.728561E+00   3.943549E+00   2.499537E+00         2
   4.338160E+00   4.338160E+00   3.416124E+01   2.124689E+01   2.124689E+01   1.699751E+01   5.728632E+00   3.941486E+00   2.503698E+00         2
   4.338694E+00   4.338694E+00   3.415081E+01   2.124689E+01   2.124689E+01   1.699751E+01   5.728710E+00   3.939435E+00   2.507838E+00         2
   4.339229E+00   4.339229E+00   3.414030E+01   2.124689E+01   2.124689E+01   1.699751E+01   5.728785E+00   3.937371E+00   2.512003E+00         2
   4.339764E+00   4.339764E+00   3.412970E+01   2.124689E+01   2.124689E+01   1.699751E+01   5.728859E+00   3.935317E+00   2.516149E+00         2
   4.340299E+00   4.340299E+00   3.411902E+01   2.124689E+01   2.124689E+01   1.699751E+01   5.728939E+00   3.933264E+00   2.520293E+00         2
   4.340834E+00   4.340834E+00   3.410827E+01   2.124689E+01   2.124689E+01   1.699751E+01   5.729012E+00   3.931153E+00   2.524553E+00         2
   4.341368E+00   4.341368E+00   3.409743E+01   2.124689E+01   2.124689E+01   1.699751E+01   5.729086E+00   3.929056E+00   2.528786E+00         2
   4.341903E+00   4.341903E+00   3.408651E+01   2.124689E+01   2.124689E+01   1.699751E+01   5.729167E+00   3.926980E+00   2.532976E+00         2
   4.342438E+00   4.342438E+00   3.407549E+01   2.124689E+01   2.124689E+01   1.699751E+01   5.729241E+00   3.924884E+00   2.537208E+00         2
   4.342973E+00   4.342973E+00   3.406438E+01   2.124689E+01   2.124689E+01   1.699751E+01   5.729318E+00   3.922698E+00   2.541618E+00         2
   4.343508E+00   4.343508E+00   3.405318E+01   2.124689E+01   2.124689E+01   1.699751E+01   5.729398E+00   3.920472E+00   2.546108E+00         2
   4.344042E+00   4.344042E+00   3.404189E+01   2.124689E+01   2.124689E+01   1.699751E+01   5.729477E+00   3.918246E+00   2.550600E+00         2
   4.344577E+00   4.344577E+00   3.403049E+01   2.124689E+01   2.124689E+01   1.699751E+01   5.729555E+00   3.916057E+00   2.555015E+00         2
   4.345112E+00   4.345112E+00   3.401899E+01   2.124689E+01   2.124689E+01   1.699751E+01   5.729628E+00   3.913907E+00   2.559355E+00         2
   4.345647E+00   4.345647E+00   3.400738E+01   2.124689E+01   2.124689E+01   1.699751E+01   5.729711E+00   3.911779E+00   2.563652E+00         2
   4.346182E+00   4.346182E+00   3.399563E+01   2.124689E+01   2.124689E+01   1.699751E+01   5.729785E+00   3.909682E+00   2.567883E+00         2
   4.346717E+00   4.346717E+00   3.398378E+01   2.124689E+01   2.124689E+01   1.699751E+01   5.729867E+00   3.907571E+00   2.572146E+00         2
   4.347251E+00   4.347251E+00   3.397181E+01   2.124689E+01   2.124689E+01   1.699751E+01   5.729950E+00   3.905367E+00   2.576594E+00         2
   4.347786E+00   4.347786E+00   3.395971E+01   2.124689E+01   2.124689E+01   1.699751E+01   5.730024E+00   3.903161E+00   2.581045E+00         2
   4.348321E+00   4.348321E+00   3.394749E+01   2.124689E+01   2.124689E+01   1.699751E+01   5.730107E+00   3.900904E+00   2.585599E+00         2
   4.348856E+00   4.348856E+00   3.393512E+01   2.124689E+01   2.124689E+01   1.699751E+01   5.730190E+00   3.898650E+00   2.590146E+00         2
   4.349391E+00   4.349391E+00   3.392263E+01   2.124689E+01   2.124689E+01   1.699751E+01   5.730272E+00   3.896462E+00   2.594564E+00         2
   4.349925E+00   4.349925E+00   3.391000E+01   2.124689E+01   2.124689E+01   1.699751E+01   5.730347E+00   3.894239E+00   2.599049E+00         2
   4.350460E+00   4.350460E+00   3.389721E+01   2.124689E+01   2.124689E+01   1.699751E+01   5.730431E+00   3.891948E+00   2.603674E+00         2
   4.350995E+00   4.350995E+00   3.388430E+01   2.124689E+01   2.124689E+01   1.699751E+01   5.730517E+00   3.889623E+00   2.608364E+00         2
   4.351530E+00   4.351530E+00   3.387123E+01   2.124689E+01   2.124689E+01   1.699751E+01   5.730600E+00   3.887245E+00   2.613162E+00         2
   4.352065E+00   4.352065E+00   3.385801E+01   2.124689E+01   2.124689E+01   1.699751E+01   5.730683E+00   3.884776E+00   2.618142E+00         2
   4.352599E+00   4.352599E+00   3.384462E+01   2.124689E+01   2.124689E+01   1.699751E+01   5.730764E+00   3.882220E+00   2.623296E+00         2
   4.353134E+00   4.353134E+00   3.383107E+01   2.124689E+01   2.124689E+01   1.699751E+01   5.730854E+00   3.879607E+00   2.628568E+00         2
   4.353669E+00   4.353669E+00   3.381736E+01   2.124689E+01   2.124689E+01   1.699751E+01   5.730959E+00   3.877019E+00   2.633793E+00         2
   4.354204E+00   4.354204E+00   3.380349E+01   2.124689E+01   2.124689E+01   1.699751E+01   5.731064E+00   3.874383E+00   2.639119E+00         2
   4.354739E+00   4.354739E+00   3.378942E+01   2.124689E+01   2.124689E+01   1.699751E+01   5.731168E+00   3.871788E+00   2.644360E+00         2
   4.355273E+00   4.355273E+00   3.377518E+01   2.124689E+01   2.124689E+01   1.699751E+01   5.731273E+00   3.869176E+00   2.649638E+00         2
   4.355808E+00   4.355808E+00   3.376075E+01   2.124689E+01   2.124689E+01   1.699751E+01   5.731379E+00   3.866561E+00   2.654921E+00         2
   4.356343E+00   4.356343E+00   3.374613E+01   2.124689E+01   2.124689E+01   1.699751E+01   5.731501E+00   3.863769E+00   2.660566E+00         2
   4.356878E+00   4.356878E+00   3.373134E+01   2.124689E+01   2.124689E+01   1.699751E+01   5.731648E+00   3.860878E+00   2.666421E+00         2
   4.357413E+00   4.357413E+00   3.371630E+01   2.124689E+01   2.124689E+01   1.699751E+01   5.731783E+00   3.857917E+00   2.672413E+00         2
   4.357948E+00   4.357948E+00   3.370106E+01   2.124689E+01   2.124689E+01   1.699751E+01   5.731924E+00   3.854914E+00   2.678488E+00         2
   4.358482E+00   4.358482E+00   3.368560E+01   2.124689E+01   2.124689E+01   1.699751E+01   5.732095E+00   3.851768E+00   2.684865E+00         2
   4.359017E+00   4.359017E+00   3.366992E+01   2.124689E+01   2.124689E+01   1.699751E+01   5.732282E+00   3.848654E+00   2.691185E+00         2
   4.359552E+00   4.359552E+00   3.365399E+01   2.124689E+01   2.124689E+01   1.699751E+01   5.732461E+00   3.845618E+00   2.697347E+00         2
   4.360087E+00   4.360087E+00   3.363786E+01   2.124689E+01   2.124689E+01   1.699751E+01   5.732425E+00   3.843581E+00   2.701403E+00         2
   4.360622E+00   4.360622E+00   3.362148E+01   2.124689E+01   2.124689E+01   1.699751E+01   5.732551E+00   3.840969E+00   2.706689E+00         2
   4.361156E+00   4.361156E+00   3.360487E+01   2.124689E+01   2.124689E+01   1.699751E+01   5.732750E+00   3.838182E+00   2.712363E+00         2
   4.361691E+00   4.361691E+00   3.358809E+01   2.124689E+01   2.124689E+01   1.699751E+01   5.732918E+00   3.835445E+00   2.717923E+00         2
   4.362226E+00   4.362226E+00   3.357104E+01   2.124689E+01   2.124689E+01   1.699751E+01   5.733011E+00   3.832622E+00   2.723616E+00         2
   4.362761E+00   4.362761E+00   3.355377E+01   2.124689E+01   2.124689E+01   1.699751E+01   5.733118E+00   3.829822E+00   2.729269E+00         2
   4.363296E+00   4.363296E+00   3.353628E+01   2.124689E+01   2.124689E+01   1.699751E+01   5.733163E+00   3.827717E+00   2.733500E+00         2
   4.363830E+00   4.363830E+00   3.351853E+01   2.124689E+01   2.124689E+01   1.699751E+01   5.733308E+00   3.824633E+00   2.739740E+00         2
   4.364365E+00   4.364365E+00   3.350054E+01   2.124689E+01   2.124689E+01   1.699751E+01   5.733414E+00   3.821316E+00   2.746426E+00         2
   4.364900E+00   4.364900E+00   3.348228E+01   2.124689E+01   2.124689E+01   1.699751E+01   5.733492E+00   3.818462E+00   2.752177E+00         2
   4.365435E+00   4.365435E+00   3.346373E+01   2.124689E+01   2.124689E+01   1.699751E+01   5.733577E+00   3.815306E+00   2.758532E+00         2
   4.365970E+00   4.365970E+00   3.344489E+01   2.124689E+01   2.124689E+01   1.699751E+01   5.733725E+00   3.811733E+00   2.765750E+00         2
   4.366504E+00   4.366504E+00   3.342576E+01   2.124689E+01   2.124689E+01   1.699751E+01   5.733838E+00   3.808133E+00   2.773006E+00         2
   4.367039E+00   4.367039E+00   3.340627E+01   2.124689E+01   2.124689E+01   1.699751E+01   5.733990E+00   3.804130E+00   2.781086E+00         2
   4.367574E+00   4.367574E+00   3.338642E+01   2.124689E+01   2.124689E+01   1.699751E+01   5.734117E+00   3.800687E+00   2.788037E+00         2
   4.368109E+00   4.368109E+00   3.336624E+01   2.124689E+01   2.124689E+01   1.699751E+01   5.734380E+00   3.796717E+00   2.796109E+00         2
   4.368644E+00   4.368644E+00   3.334569E+01   2.124689E+01   2.124689E+01   1.699751E+01   5.734665E+00   3.792933E+00   2.803819E+00         2
   4.369179E+00   4.369179E+00   3.332476E+01   2.124689E+01   2.124689E+01   1.699751E+01   5.734992E+00   3.789011E+00   2.811828E+00         2
   4.369713E+00   4.369713E+00   3.330345E+01   2.124689E+01   2.124689E+01   1.699751E+01   5.735337E+00   3.785290E+00   2.819442E+00         2
   4.370248E+00   4.370248E+00   3.328166E+01   2.124689E+01   2.124689E+01   1.699751E+01   5.735773E+00   3.781532E+00   2.827176E+00         2
   4.370783E+00   4.370783E+00   3.325948E+01   2.124689E+01   2.124689E+01   1.699751E+01   5.736359E+00   3.777650E+00   2.835232E+00         2
   4.371318E+00   4.371318E+00   3.323681E+01   2.124689E+01   2.124689E+01   1.699751E+01   5.737315E+00   3.773670E+00   2.843670E+00         2
   4.371853E+00   4.371853E+00   3.321362E+01   2.124689E+01   2.124689E+01   1.699751E+01   5.738882E+00   3.768661E+00   2.854474E+00         2
   4.372387E+00   4.372387E+00   3.318984E+01   2.124689E+01   2.124689E+01   1.699751E+01   5.740740E+00   3.762688E+00   2.867347E+00         2
   4.372922E+00   4.372922E+00   3.316551E+01   2.124689E+01   2.124689E+01   1.699751E+01   5.742569E+00   3.753353E+00   2.886934E+00         2
   4.373457E+00   4.373457E+00   3.314074E+01   2.124689E+01   2.124689E+01   1.699751E+01   5.744148E+00   3.741880E+00   2.910669E+00         2
   4.373992E+00   4.373992E+00   3.311557E+01   2.124689E+01   2.124689E+01   1.699751E+01   5.745206E+00   3.729443E+00   2.936071E+00         2
   4.374527E+00   4.374527E+00   3.308980E+01   2.124689E+01   2.124689E+01   1.699751E+01   5.746380E+00   3.714428E+00   2.966687E+00         2
   4.374527E+00   4.374527E+00   3.308980E+01   2.124689E+01   2.124689E+01   1.699751E+01   5.746380E+00   3.714428E+00   2.966687E+00         4
   4.378870E+00   4.378870E+00   3.289241E+01   2.124689E+01   2.124689E+01   1.699751E+01   5.748670E+00   3.684657E+00   3.027375E+00         4
   4.383214E+00   4.383214E+00   3.272196E+01   2.124689E+01   2.124689E+01   1.699751E+01   5.748515E+00   3.685037E+00   3.026539E+00         4
   4.387558E+00   4.387558E+00   3.258375E+01   2.124689E+01   2.124689E+01   1.699751E+01   5.748531E+00   3.685415E+00   3.025790E+00         4
   4.391902E+00   4.391902E+00   3.248322E+01   2.124689E+01   2.124689E+01   1.699751E+01   5.748552E+00   3.685763E+00   3.025102E+00         4
   4.396246E+00   4.396246E+00   3.242446E+01   2.124689E+01   2.124689E+01   1.699751E+01   5.748565E+00   3.686117E+00   3.024400E+00         4
   4.400590E+00   4.400590E+00   3.238237E+01   2.124689E+01   2.124689E+01   1.699751E+01   5.748580E+00   3.686484E+00   3.023674E+00         4
   4.404934E+00   4.404934E+00   3.235228E+01   2.124689E+01   2.124689E+01   1.699751E+01   5.748595E+00   3.686878E+00   3.022893E+00         4
   4.409277E+00   4.409277E+00   3.233061E+01   2.124689E+01   2.124689E+01   1.699751E+01   5.748612E+00   3.687299E+00   3.022058E+00         4
   4.413621E+00   4.413621E+00   3.231430E+01   2.124689E+01   2.124689E+01   1.699751E+01   5.748628E+00   3.687721E+00   3.021224E+00         4
   4.417965E+00   4.417965E+00   3.229949E+01   2.124689E+01   2.124689E+01   1.699751E+01   5.748646E+00   3.688168E+00   3.020338E+00         4
   4.422309E+00   4.422309E+00   3.228531E+01   2.124689E+01   2.124689E+01   1.699751E+01   5.748664E+00   3.688631E+00   3.019421E+00         4
   4.426653E+00   4.426653E+00   3.227157E+01   2.124689E+01   2.124689E+01   1.699751E+01   5.748682E+00   3.689105E+00   3.018481E+00         4
   4.430997E+00   4.430997E+00   3.225814E+01   2.124689E+01   2.124689E+01   1.699751E+01   5.748700E+00   3.689589E+00   3.017523E+00         4
   4.435340E+00   4.435340E+00   3.224502E+01   2.124689E+01   2.124689E+01   1.699751E+01   5.748720E+00   3.690128E+00   3.016455E+00         4
   4.439684E+00   4.439684E+00   3.223210E+01   2.124689E+01   2.124689E+01   1.699751E+01   5.748741E+00   3.690670E+00   3.015382E+00         4
   4.444028E+00   4.444028E+00   3.221936E+01   2.124689E+01   2.124689E+01   1.699751E+01   5.748762E+00   3.691221E+00   3.014292E+00         4
   4.448372E+00   4.448372E+00   3.220676E+01   2.124689E+01   2.124689E+01   1.699751E+01   5.748784E+00   3.691786E+00   3.013173E+00         4
   4.452716E+00   4.452716E+00   3.219429E+01   2.124689E+01   2.124689E+01   1.699751E+01   5.748807E+00   3.692373E+00   3.012009E+00         4
   4.457060E+00   4.457060E+00   3.218198E+01   2.124689E+01   2.124689E+01   1.699751E+01   5.748830E+00   3.692971E+00   3.010824E+00         4
   4.461404E+00   4.461404E+00   3.216974E+01   2.124689E+01   2.124689E+01   1.699751E+01   5.748853E+00   3.693587E+00   3.009604E+00         4
   4.465747E+00   4.465747E+00   3.215760E+01   2.124689E+01   2.124689E+01   1.699751E+01   5.748877E+00   3.694216E+00   3.008358E+00         4
   4.470091E+00   4.470091E+00   3.214556E+01   2.124689E+01   2.124689E+01   1.699751E+01   5.748901E+00   3.694851E+00   3.007099E+00         4
   4.474435E+00   4.474435E+00   3.213361E+01   2.124689E+01   2.124689E+01   1.699751E+01   5.748926E+00   3.695498E+00   3.005818E+00         4
   4.478779E+00   4.478779E+00   3.212171E+01   2.124689E+01   2.124689E+01   1.699751E+01   5.748952E+00   3.696171E+00   3.004484E+00         4
   4.483123E+00   4.483123E+00   3.210990E+01   2.124689E+01   2.124689E+01   1.699751E+01   5.748978E+00   3.696853E+00   3.003134E+00         4
   4.487467E+00   4.487467E+00   3.209817E+01   2.124689E+01   2.124689E+01   1.699751E+01   5.749004E+00   3.697524E+00   3.001805E+00         4
   4.491810E+00   4.491810E+00   3.208647E+01   2.124689E+01   2.124689E+01   1.699751E+01   5.749027E+00   3.698156E+00   3.000554E+00         4
   4.496154E+00   4.496154E+00   3.207478E+01   2.124689E+01   2.124689E+01   1.699751E+01   5.749055E+00   3.698885E+00   2.999109E+00         4
   4.500498E+00   4.500498E+00   3.206319E+01   2.124689E+01   2.124689E+01   1.699751E+01   5.749080E+00   3.699587E+00   2.997718E+00         4
   4.504842E+00   4.504842E+00   3.205168E+01   2.124689E+01   2.124689E+01   1.699751E+01   5.749106E+00   3.700276E+00   2.996354E+00         4
   4.509186E+00   4.509186E+00   3.204021E+01   2.124689E+01   2.124689E+01   1.699751E+01   5.749133E+00   3.700975E+00   2.994969E+00         4
   4.513530E+00   4.513530E+00   3.202868E+01   2.124689E+01   2.124689E+01   1.699751E+01   5.749158E+00   3.701677E+00   2.993577E+00         4
   4.517873E+00   4.517873E+00   3.201725E+01   2.124689E+01   2.124689E+01   1.699751E+01   5.749184E+00   3.702377E+00   2.992191E+00         4
   4.522217E+00   4.522217E+00   3.200587E+01   2.124689E+01   2.124689E+01   1.699751E+01   5.749212E+00   3.703081E+00   2.990797E+00         4
   4.526561E+00   4.526561E+00   3.199450E+01   2.124689E+01   2.124689E+01   1.699751E+01   5.749238E+00   3.703792E+00   2.989386E+00         4
   4.530905E+00   4.530905E+00   3.198309E+01   2.124689E+01   2.124689E+01   1.699751E+01   5.749264E+00   3.704517E+00   2.987948E+00         4
   4.535249E+00   4.535249E+00   3.197187E+01   2.124689E+01   2.124689E+01   1.699751E+01   5.749288E+00   3.705210E+00   2.986575E+00         4
   4.539593E+00   4.539593E+00   3.196048E+01   2.124689E+01   2.124689E+01   1.699751E+01   5.749317E+00   3.705954E+00   2.985101E+00         4
   4.543937E+00   4.543937E+00   3.194929E+01   2.124689E+01   2.124689E+01   1.699751E+01   5.749342E+00   3.706653E+00   2.983717E+00         4
   4.548280E+00   4.548280E+00   3.193801E+01   2.124689E+01   2.124689E+01   1.699751E+01   5.749366E+00   3.707381E+00   2.982273E+00         4
   4.552624E+00   4.552624E+00   3.192680E+01   2.124689E+01   2.124689E+01   1.699751E+01   5.749391E+00   3.708010E+00   2.981027E+00         4
   4.556968E+00   4.556968E+00   3.191558E+01   2.124689E+01   2.124689E+01   1.699751E+01   5.749418E+00   3.708788E+00   2.979483E+00         4
   4.561312E+00   4.561312E+00   3.190444E+01   2.124689E+01   2.124689E+01   1.699751E+01   5.749449E+00   3.709617E+00   2.977843E+00         4
   4.565656E+00   4.565656E+00   3.189319E+01   2.124689E+01   2.124689E+01   1.699751E+01   5.749471E+00   3.710261E+00   2.976566E+00         4
   4.570000E+00   4.570000E+00   3.188207E+01   2.124689E+01   2.124689E+01   1.699751E+01   5.749504E+00   3.711151E+00   2.974801E+00         4
   4.574343E+00   4.574343E+00   3.187091E+01   2.124689E+01   2.124689E+01   1.699751E+01   5.749526E+00   3.711771E+00   2.973573E+00         4
   4.578687E+00   4.578687E+00   3.185984E+01   2.124689E+01   2.124689E+01   1.699751E+01   5.749555E+00   3.712625E+00   2.971880E+00         4
   4.583031E+00   4.583031E+00   3.184863E+01   2.124689E+01   2.124689E+01   1.699751E+01   5.749587E+00   3.713469E+00   2.970208E+00         4
   4.587375E+00   4.587375E+00   3.183747E+01   2.124689E+01   2.124689E+01   1.699751E+01   5.749617E+00   3.714310E+00   2.968540E+00         4
   4.591719E+00   4.591719E+00   3.182628E+01   2.124689E+01   2.124689E+01   1.699751E+01   5.749647E+00   3.715129E+00   2.966917E+00         4
   4.596063E+00   4.596063E+00   3.181521E+01   2.124689E+01   2.124689E+01   1.699751E+01   5.749677E+00   3.716009E+00   2.965172E+00         4
   4.600406E+00   4.600406E+00   3.180408E+01   2.124689E+01   2.124689E+01   1.699751E+01   5.749712E+00   3.717006E+00   2.963197E+00         4
   4.604750E+00   4.604750E+00   3.179283E+01   2.124689E+01   2.124689E+01   1.699751E+01   5.749749E+00   3.718016E+00   2.961195E+00         4
   4.609094E+00   4.609094E+00   3.178171E+01   2.124689E+01   2.124689E+01   1.699751E+01   5.749793E+00   3.719104E+00   2.959042E+00         4
   4.613438E+00   4.613438E+00   3.177053E+01   2.124689E+01   2.124689E+01   1.699751E+01   5.749837E+00   3.720286E+00   2.956699E+00         4
   4.617782E+00   4.617782E+00   3.175933E+01   2.124689E+01   2.124689E+01   1.699751E+01   5.749871E+00   3.721304E+00   2.954680E+00         4
   4.622126E+00   4.622126E+00   3.174805E+01   2.124689E+01   2.124689E+01   1.699751E+01   5.749916E+00   3.722486E+00   2.952338E+00         4
   4.626470E+00   4.626470E+00   3.173672E+01   2.124689E+01   2.124689E+01   1.699751E+01   5.749968E+00   3.723838E+00   2.949661E+00         4
   4.630813E+00   4.630813E+00   3.172554E+01   2.124689E+01   2.124689E+01   1.699751E+01   5.750021E+00   3.725194E+00   2.946975E+00         4
   4.635157E+00   4.635157E+00   3.171420E+01   2.124689E+01   2.124689E+01   1.699751E+01   5.750064E+00   3.726347E+00   2.944691E+00         4
   4.639501E+00   4.639501E+00   3.170287E+01   2.124689E+01   2.124689E+01   1.699751E+01   5.750111E+00   3.727621E+00   2.942164E+00         4
   4.643845E+00   4.643845E+00   3.169137E+01   2.124689E+01   2.124689E+01   1.699751E+01   5.750169E+00   3.729100E+00   2.939237E+00         4
   4.648189E+00   4.648189E+00   3.167996E+01   2.124689E+01   2.124689E+01   1.699751E+01   5.750219E+00   3.730398E+00   2.936665E+00         4
   4.652533E+00   4.652533E+00   3.166838E+01   2.124689E+01   2.124689E+01   1.699751E+01   5.750265E+00   3.731685E+00   2.934115E+00         4
   4.656876E+00   4.656876E+00   3.165694E+01   2.124689E+01   2.124689E+01   1.699751E+01   5.750313E+00   3.732980E+00   2.931548E+00         4
   4.661220E+00   4.661220E+00   3.164515E+01   2.124689E+01   2.124689E+01   1.699751E+01   5.750363E+00   3.734339E+00   2.928857E+00         4
   4.665564E+00   4.665564E+00   3.163363E+01   2.124689E+01   2.124689E+01   1.699751E+01   5.750387E+00   3.735155E+00   2.927236E+00         4
   4.669908E+00   4.669908E+00   3.162205E+01   2.124689E+01   2.124689E+01   1.699751E+01   5.750426E+00   3.736314E+00   2.924938E+00         4
   4.674252E+00   4.674252E+00   3.161050E+01   2.124689E+01   2.124689E+01   1.699751E+01   5.750448E+00   3.737083E+00   2.923412E+00         4
   4.678596E+00   4.678596E+00   3.159875E+01   2.124689E+01   2.124689E+01   1.699751E+01   5.750481E+00   3.738041E+00   2.921511E+00         4
   4.682940E+00   4.682940E+00   3.158693E+01   2.124689E+01   2.124689E+01   1.699751E+01   5.750492E+00   3.738676E+00   2.920244E+00         4
   4.687283E+00   4.687283E+00   3.157507E+01   2.124689E+01   2.124689E+01   1.699751E+01   5.750500E+00   3.739199E+00   2.919202E+00         4
   4.691627E+00   4.691627E+00   3.156317E+01   2.124689E+01   2.124689E+01   1.699751E+01   5.750507E+00   3.739775E+00   2.918055E+00         4
   4.695971E+00   4.695971E+00   3.155181E+01   2.124689E+01   2.124689E+01   1.699751E+01   5.750504E+00   3.740069E+00   2.917466E+00         4
   4.700315E+00   4.700315E+00   3.154000E+01   2.124689E+01   2.124689E+01   1.699751E+01   5.750503E+00   3.740385E+00   2.916833E+00         4
   4.704659E+00   4.704659E+00   3.152818E+01   2.124689E+01   2.124689E+01   1.699751E+01   5.750503E+00   3.740743E+00   2.916116E+00         4
   4.709003E+00   4.709003E+00   3.151639E+01   2.124689E+01   2.124689E+01   1.699751E+01   5.750495E+00   3.740989E+00   2.915621E+00         4
   4.713346E+00   4.713346E+00   3.150488E+01   2.124689E+01   2.124689E+01   1.699751E+01   5.750487E+00   3.741194E+00   2.915207E+00         4
   4.717690E+00   4.717690E+00   3.149289E+01   2.124689E+01   2.124689E+01   1.699751E+01   5.750478E+00   3.741408E+00   2.914774E+00         4
   4.722034E+00   4.722034E+00   3.148134E+01   2.124689E+01   2.124689E+01   1.699751E+01   5.750469E+00   3.741607E+00   2.914372E+00         4
   4.726378E+00   4.726378E+00   3.146980E+01   2.124689E+01   2.124689E+01   1.699751E+01   5.750459E+00   3.741813E+00   2.913954E+00         4
   4.730722E+00   4.730722E+00   3.145774E+01   2.124689E+01   2.124689E+01   1.699751E+01   5.750449E+00   3.742053E+00   2.913469E+00         4
   4.735066E+00   4.735066E+00   3.144627E+01   2.124689E+01   2.124689E+01   1.699751E+01   5.750442E+00   3.742299E+00   2.912975E+00         4
   4.739409E+00   4.739409E+00   3.143466E+01   2.124689E+01   2.124689E+01   1.699751E+01   5.750436E+00   3.742581E+00   2.912408E+00         4
   4.743753E+00   4.743753E+00   3.142281E+01   2.124689E+01   2.124689E+01   1.699751E+01   5.750431E+00   3.742919E+00   2.911729E+00         4
   4.748097E+00   4.748097E+00   3.141146E+01   2.124689E+01   2.124689E+01   1.699751E+01   5.750429E+00   3.743267E+00   2.911034E+00         4
   4.752441E+00   4.752441E+00   3.139971E+01   2.124689E+01   2.124689E+01   1.699751E+01   5.750430E+00   3.743694E+00   2.910179E+00         4
   4.756785E+00   4.756785E+00   3.138782E+01   2.124689E+01   2.124689E+01   1.699751E+01   5.750433E+00   3.744200E+00   2.909169E+00         4
   4.761129E+00   4.761129E+00   3.137604E+01   2.124689E+01   2.124689E+01   1.699751E+01   5.750434E+00   3.744780E+00   2.908010E+00         4
   4.765473E+00   4.765473E+00   3.136442E+01   2.124689E+01   2.124689E+01   1.699751E+01   5.750444E+00   3.745417E+00   2.906741E+00         4
   4.769816E+00   4.769816E+00   3.135276E+01   2.124689E+01   2.124689E+01   1.699751E+01   5.750456E+00   3.746124E+00   2.905333E+00         4
   4.774160E+00   4.774160E+00   3.134073E+01   2.124689E+01   2.124689E+01   1.699751E+01   5.750472E+00   3.747034E+00   2.903519E+00         4
   4.778504E+00   4.778504E+00   3.132897E+01   2.124689E+01   2.124689E+01   1.699751E+01   5.750493E+00   3.748014E+00   2.901570E+00         4
   4.782848E+00   4.782848E+00   3.131687E+01   2.124689E+01   2.124689E+01   1.699751E+01   5.750519E+00   3.749172E+00   2.899266E+00         4
   4.787192E+00   4.787192E+00   3.130480E+01   2.124689E+01   2.124689E+01   1.699751E+01   5.750549E+00   3.750448E+00   2.896730E+00         4
   4.791536E+00   4.791536E+00   3.129301E+01   2.124689E+01   2.124689E+01   1.699751E+01   5.750580E+00   3.751717E+00   2.894207E+00         4
   4.795879E+00   4.795879E+00   3.128079E+01   2.124689E+01   2.124689E+01   1.699751E+01   5.750627E+00   3.753302E+00   2.891061E+00         4
   4.800223E+00   4.800223E+00   3.126851E+01   2.124689E+01   2.124689E+01   1.699751E+01   5.750670E+00   3.755159E+00   2.887369E+00         4
   4.804567E+00   4.804567E+00   3.125590E+01   2.124689E+01   2.124689E+01   1.699751E+01   5.750686E+00   3.756133E+00   2.885429E+00         4
   4.808911E+00   0.000000E+00   2.812210E+01   2.812210E+01   2.124689E+01   1.699751E+01  -1.000000E+01   3.225063E+00  -3.923586E+00        14
   1.480891E+01   1.000000E+01   2.812210E+01   2.812210E+01   2.124689E+01   1.699751E+01  -1.000000E+01   3.225063E+00  -3.923586E+00        14
   2.480891E+01   3.000000E+01   2.812210E+01   2.812210E+01   2.124689E+01   1.699751E+01  -1.000000E+01   3.225063E+00  -3.923586E+00        14
   3.480891E+01   6.000000E+01   2.812210E+01   2.812210E+01   2.124689E+01   1.699751E+01  -1.000000E+01   3.225063E+00  -3.923586E+00        14
   4.480891E+01   1.000000E+02   2.812210E+01   2.812210E+01   2.124689E+01   1.699751E+01  -1.000000E+01   3.225063E+00  -3.923586E+00        14
   5.480891E+01   1.500000E+02   2.812210E+01   2.812210E+01   2.124689E+01   1.699751E+01  -1.000000E+01   3.225063E+00  -3.923586E+00        14
   6.480891E+01   2.100000E+02   2.812210E+01   2.812210E+01   2.124689E+01   1.699751E+01  -1.000000E+01   3.225063E+00  -3.923586E+00        14
   7.480891E+01   2.800000E+02   2.812210E+01   2.812210E+01   2.124689E+01   1.699751E+01  -1.000000E+01   3.225063E+00  -3.923586E+00        14
   8.480891E+01   3.600000E+02   2.812210E+01   2.812210E+01   2.124689E+01   1.699751E+01  -1.000000E+01   3.225063E+00  -3.923586E+00        14
   9.480891E+01   4.500000E+02   2.812210E+01   2.812210E+01   2.124689E+01   1.699751E+01  -1.000000E+01   3.225063E+00  -3.923586E+00        14
   1.048089E+02   5.500000E+02   2.812210E+01   2.812210E+01   2.124689E+01   1.699751E+01  -1.000000E+01   3.225063E+00  -3.923586E+00        14
   1.148089E+02   6.600000E+02   2.812210E+01   2.812210E+01   2.124689E+01   1.699751E+01  -1.000000E+01   3.225063E+00  -3.923586E+00        14
   1.248089E+02   7.800000E+02   2.812210E+01   2.812210E+01   2.124689E+01   1.699751E+01  -1.000000E+01   3.225063E+00  -3.923586E+00        14
   1.348089E+02   9.100000E+02   2.812210E+01   2.812210E+01   2.124689E+01   1.699751E+01  -1.000000E+01   3.225063E+00  -3.923586E+00        14
   1.448089E+02   1.050000E+03   2.812210E+01   2.812210E+01   2.124689E+01   1.699751E+01  -1.000000E+01   3.225063E+00  -3.923586E+00        14
   1.548089E+02   1.200000E+03   2.812210E+01   2.812210E+01   2.124689E+01   1.699751E+01  -1.000000E+01   3.225063E+00  -3.923586E+00        14
   1.648089E+02   1.360000E+03   2.812210E+01   2.812210E+01   2.124689E+01   1.699751E+01  -1.000000E+01   3.225063E+00  -3.923586E+00        14
   1.748089E+02   1.530000E+03   2.812210E+01   2.812210E+01   2.124689E+01   1.699751E+01  -1.000000E+01   3.225063E+00  -3.923586E+00        14
   1.848089E+02   1.710000E+03   2.812210E+01   2.812210E+01   2.124689E+01   1.699751E+01  -1.000000E+01   3.225063E+00  -3.923586E+00        14
   1.948089E+02   1.900000E+03   2.812210E+01   2.812210E+01   2.124689E+01   1.699751E+01  -1.000000E+01   3.225063E+00  -3.923586E+00        14
   2.048089E+02   2.100000E+03   2.812210E+01   2.812210E+01   2.124689E+01   1.699751E+01  -1.000000E+01   3.225063E+00  -3.923586E+00        14
   2.148089E+02   2.310000E+03   2.812210E+01   2.812210E+01   2.124689E+01   1.699751E+01  -1.000000E+01   3.225063E+00  -3.923586E+00        14
   2.248089E+02   2.530000E+03   2.812210E+01   2.812210E+01   2.124689E+01   1.699751E+01  -1.000000E+01   3.225063E+00  -3.923586E+00        14
   2.348089E+02   2.760000E+03   2.812210E+01   2.812210E+01   2.124689E+01   1.699751E+01  -1.000000E+01   3.225063E+00  -3.923586E+00        14
   2.448089E+02   3.000000E+03   2.812210E+01   2.812210E+01   2.124689E+01   1.699751E+01  -1.000000E+01   3.225063E+00  -3.923586E+00        14
   2.548089E+02   3.250000E+03   2.812210E+01   2.812210E+01   2.124689E+01   1.699751E+01  -1.000000E+01   3.225063E+00  -3.923586E+00        14
   2.648089E+02   3.510000E+03   2.812210E+01   2.812210E+01   2.124689E+01   1.699751E+01  -1.000000E+01   3.225063E+00  -3.923586E+00        14
   2.748089E+02   3.780000E+03   2.812210E+01   2.812210E+01   2.124689E+01   1.699751E+01  -1.000000E+01   3.225063E+00  -3.923586E+00        14
   2.848089E+02   4.060000E+03   2.812210E+01   2.812210E+01   2.124689E+01   1.699751E+01  -1.000000E+01   3.225063E+00  -3.923586E+00        14
   2.948089E+02   4.350000E+03   2.812210E+01   2.812210E+01   2.124689E+01   1.699751E+01  -1.000000E+01   3.225063E+00  -3.923586E+00        14
   3.048089E+02   4.650000E+03   2.812210E+01   2.812210E+01   2.124689E+01   1.699751E+01  -1.000000E+01   3.225063E+00  -3.923586E+00        14
   3.148089E+02   4.960000E+03   2.812210E+01   2.812210E+01   2.124689E+01   1.699751E+01  -1.000000E+01   3.225063E+00  -3.923586E+00        14
   3.248089E+02   5.280000E+03   2.812210E+01   2.812210E+01   2.124689E+01   1.699751E+01  -1.000000E+01   3.225063E+00  -3.923586E+00        14
   3.348089E+02   5.610000E+03   2.812210E+01   2.812210E+01   2.124689E+01   1.699751E+01  -1.000000E+01   3.225063E+00  -3.923586E+00        14
   3.448089E+02   5.950000E+03   2.812210E+01   2.812210E+01   2.124689E+01   1.699751E+01  -1.000000E+01   3.225063E+00  -3.923586E+00        14
   3.548089E+02   6.300000E+03   2.812210E+01   2.812210E+01   2.124689E+01   1.699751E+01  -1.000000E+01   3.225063E+00  -3.923586E+00        14
   3.648089E+02   6.660000E+03   2.812210E+01   2.812210E+01   2.124689E+01   1.699751E+01  -1.000000E+01   3.225063E+00  -3.923586E+00        14
   3.748089E+02   7.030000E+03   2.812210E+01   2.812210E+01   2.124689E+01   1.699751E+01  -1.000000E+01   3.225063E+00  -3.923586E+00        14
   3.848089E+02   7.410000E+03   2.812210E+01   2.812210E+01   2.124689E+01   1.699751E+01  -1.000000E+01   3.225063E+00  -3.923586E+00        14
   3.948089E+02   7.800000E+03   2.812210E+01   2.812210E+01   2.124689E+01   1.699751E+01  -1.000000E+01   3.225063E+00  -3.923586E+00        14
   4.048089E+02   8.200000E+03   2.812210E+01   2.812210E+01   2.124689E+01   1.699751E+01  -1.000000E+01   3.225063E+00  -3.923586E+00        14
   4.148089E+02   8.610000E+03   2.812210E+01   2.812210E+01   2.124689E+01   1.699751E+01  -1.000000E+01   3.225063E+00  -3.923586E+00        14
   4.248089E+02   9.030000E+03   2.812210E+01   2.812210E+01   2.124689E+01   1.699751E+01  -1.000000E+01   3.225063E+00  -3.923586E+00        14
   4.348089E+02   9.460000E+03   2.812210E+01   2.812210E+01   2.124689E+01   1.699751E+01  -1.000000E+01   3.225063E+00  -3.923586E+00        14
   4.448089E+02   9.900000E+03   2.812210E+01   2.812210E+01   2.124689E+01   1.699751E+01  -1.000000E+01   3.225063E+00  -3.923586E+00        14
   4.548089E+02   1.035000E+04   2.812210E+01   2.812210E+01   2.124689E+01   1.699751E+01  -1.000000E+01   3.225063E+00  -3.923586E+00        14
   4.648089E+02   1.081000E+04   2.812210E+01   2.812210E+01   2.124689E+01   1.699751E+01  -1.000000E+01   3.225063E+00  -3.923586E+00        14
   4.748089E+02   1.128000E+04   2.812210E+01   2.812210E+01   2.124689E+01   1.699751E+01  -1.000000E+01   3.225063E+00  -3.923586E+00        14
   4.848089E+02   1.176000E+04   2.812210E+01   2.812210E+01   2.124689E+01   1.699751E+01  -1.000000E+01   3.225063E+00  -3.923586E+00        14
   4.948089E+02   1.225000E+04   2.812210E+01   2.812210E+01   2.124689E+01   1.699751E+01  -1.000000E+01   3.225063E+00  -3.923586E+00        14
   5.048089E+02   1.275000E+04   2.812210E+01   2.812210E+01   2.124689E+01   1.699751E+01  -1.000000E+01   3.225063E+00  -3.923586E+00        14
   5.148089E+02   1.326000E+04   2.812210E+01   2.812210E+01   2.124689E+01   1.699751E+01  -1.000000E+01   3.225063E+00  -3.923586E+00        14
   5.248089E+02   1.378000E+04   2.812210E+01   2.812210E+01   2.124689E+01   1.699751E+01  -1.000000E+01   3.225063E+00  -3.923586E+00        14
   5.348089E+02   1.431000E+04   2.812210E+01   2.812210E+01   2.124689E+01   1.699751E+01  -1.000000E+01   3.225063E+00  -3.923586E+00        14
   5.448089E+02   1.485000E+04   2.812210E+01   2.812210E+01   2.124689E+01   1.699751E+01  -1.000000E+01   3.225063E+00  -3.923586E+00        14
   5.548089E+02   1.540000E+04   2.812210E+01   2.812210E+01   2.124689E+01   1.699751E+01  -1.000000E+01   3.225063E+00  -3.923586E+00        14
   5.648089E+02   1.596000E+04   2.812210E+01   2.812210E+01   2.124689E+01   1.699751E+01  -1.000000E+01   3.225063E+00  -3.923586E+00        14
   5.748089E+02   1.653000E+04   2.812210E+01   2.812210E+01   2.124689E+01   1.699751E+01  -1.000000E+01   3.225063E+00  -3.923586E+00        14
   5.848089E+02   1.711000E+04   2.812210E+01   2.812210E+01   2.124689E+01   1.699751E+01  -1.000000E+01   3.225063E+00  -3.923586E+00        14
   5.948089E+02   1.770000E+04   2.812210E+01   2.812210E+01   2.124689E+01   1.699751E+01  -1.000000E+01   3.225063E+00  -3.923586E+00        14
   6.048089E+02   1.830000E+04   2.812210E+01   2.812210E+01   2.124689E+01   1.699751E+01  -1.000000E+01   3.225063E+00  -3.923586E+00        14
   6.148089E+02   1.891000E+04   2.812210E+01   2.812210E+01   2.124689E+01   1.699751E+01  -1.000000E+01   3.225063E+00  -3.923586E+00        14
   6.248089E+02   1.953000E+04   2.812210E+01   2.812210E+01   2.124689E+01   1.699751E+01  -1.000000E+01   3.225063E+00  -3.923586E+00        14
   6.348089E+02   2.016000E+04   2.812210E+01   2.812210E+01   2.124689E+01   1.699751E+01  -1.000000E+01   3.225063E+00  -3.923586E+00        14
   6.448089E+02   2.080000E+04   2.812210E+01   2.812210E+01   2.124689E+01   1.699751E+01  -1.000000E+01   3.225063E+00  -3.923586E+00        14
   6.548089E+02   2.145000E+04   2.812210E+01   2.812210E+01   2.124689E+01   1.699751E+01  -1.000000E+01   3.225063E+00  -3.923586E+00        14
   6.648089E+02   2.211000E+04   2.812210E+01   2.812210E+01   2.124689E+01   1.699751E+01  -1.000000E+01   3.225063E+00  -3.923586E+00        14
   6.748089E+02   2.278000E+04   2.812210E+01   2.812210E+01   2.124689E+01   1.699751E+01  -1.000000E+01   3.225063E+00  -3.923586E+00        14
   6.848089E+02   2.346000E+04   2.812210E+01   2.812210E+01   2.124689E+01   1.699751E+01  -1.000000E+01   3.225063E+00  -3.923586E+00        14
   6.948089E+02   2.415000E+04   2.812210E+01   2.812210E+01   2.124689E+01   1.699751E+01  -1.000000E+01   3.225063E+00  -3.923586E+00        14
   7.048089E+02   2.485000E+04   2.812210E+01   2.812210E+01   2.124689E+01   1.699751E+01  -1.000000E+01   3.225063E+00  -3.923586E+00        14
   7.148089E+02   2.556000E+04   2.812210E+01   2.812210E+01   2.124689E+01   1.699751E+01  -1.000000E+01   3.225063E+00  -3.923586E+00        14
   7.248089E+02   2.628000E+04   2.812210E+01   2.812210E+01   2.124689E+01   1.699751E+01  -1.000000E+01   3.225063E+00  -3.923586E+00        14
   7.348089E+02   2.701000E+04   2.812210E+01   2.812210E+01   2.124689E+01   1.699751E+01  -1.000000E+01   3.225063E+00  -3.923586E+00        14
   7.448089E+02   2.775000E+04   2.812210E+01   2.812210E+01   2.124689E+01   1.699751E+01  -1.000000E+01   3.225063E+00  -3.923586E+00        14
   7.548089E+02   2.850000E+04   2.812210E+01   2.812210E+01   2.124689E+01   1.699751E+01  -1.000000E+01   3.225063E+00  -3.923586E+00        14
   7.648089E+02   2.926000E+04   2.812210E+01   2.812210E+01   2.124689E+01   1.699751E+01  -1.000000E+01   3.225063E+00  -3.923586E+00        14
   7.748089E+02   3.003000E+04   2.812210E+01   2.812210E+01   2.124689E+01   1.699751E+01  -1.000000E+01   3.225063E+00  -3.923586E+00        14
   7.848089E+02   3.081000E+04   2.812210E+01   2.812210E+01   2.124689E+01   1.699751E+01  -1.000000E+01   3.225063E+00  -3.923586E+00        14
   7.948089E+02   3.160000E+04   2.812210E+01   2.812210E+01   2.124689E+01   1.699751E+01  -1.000000E+01   3.225063E+00  -3.923586E+00        14
   8.048089E+02   3.240000E+04   2.812210E+01   2.812210E+01   2.124689E+01   1.699751E+01  -1.000000E+01   3.225063E+00  -3.923586E+00        14
   8.148089E+02   3.321000E+04   2.812210E+01   2.812210E+01   2.124689E+01   1.699751E+01  -1.000000E+01   3.225063E+00  -3.923586E+00        14
   8.248089E+02   3.403000E+04   2.812210E+01   2.812210E+01   2.124689E+01   1.699751E+01  -1.000000E+01   3.225063E+00  -3.923586E+00        14
   8.348089E+02   3.486000E+04   2.812210E+01   2.812210E+01   2.124689E+01   1.699751E+01  -1.000000E+01   3.225063E+00  -3.923586E+00        14
   8.448089E+02   3.570000E+04   2.812210E+01   2.812210E+01   2.124689E+01   1.699751E+01  -1.000000E+01   3.225063E+00  -3.923586E+00        14
   8.548089E+02   3.655000E+04   2.812210E+01   2.812210E+01   2.124689E+01   1.699751E+01  -1.000000E+01   3.225063E+00  -3.923586E+00        14
   8.648089E+02   3.741000E+04   2.812210E+01   2.812210E+01   2.124689E+01   1.699751E+01  -1.000000E+01   3.225063E+00  -3.923586E+00        14
   8.748089E+02   3.828000E+04   2.812210E+01   2.812210E+01   2.124689E+01   1.699751E+01  -1.000000E+01   3.225063E+00  -3.923586E+00        14
   8.848089E+02   3.916000E+04   2.812210E+01   2.812210E+01   2.124689E+01   1.699751E+01  -1.000000E+01   3.225063E+00  -3.923586E+00        14
   8.948089E+02   4.005000E+04   2.812210E+01   2.812210E+01   2.124689E+01   1.699751E+01  -1.000000E+01   3.225063E+00  -3.923586E+00        14
   9.048089E+02   4.095000E+04   2.812210E+01   2.812210E+01   2.124689E+01   1.699751E+01  -1.000000E+01   3.225063E+00  -3.923586E+00        14
   9.148089E+02   4.186000E+04   2.812210E+01   2.812210E+01   2.124689E+01   1.699751E+01  -1.000000E+01   3.225063E+00  -3.923586E+00        14
   9.248089E+02   4.278000E+04   2.812210E+01   2.812210E+01   2.124689E+01   1.699751E+01  -1.000000E+01   3.225063E+00  -3.923586E+00        14
   9.348089E+02   4.371000E+04   2.812210E+01   2.812210E+01   2.124689E+01   1.699751E+01  -1.000000E+01   3.225063E+00  -3.923586E+00        14
   9.448089E+02   4.465000E+04   2.812210E+01   2.812210E+01   2.124689E+01   1.699751E+01  -1.000000E+01   3.225063E+00  -3.923586E+00        14
   9.548089E+02   4.560000E+04   2.812210E+01   2.812210E+01   2.124689E+01   1.699751E+01  -1.000000E+01   3.225063E+00  -3.923586E+00        14
   9.648089E+02   4.656000E+04   2.812210E+01   2.812210E+01   2.124689E+01   1.699751E+01  -1.000000E+01   3.225063E+00  -3.923586E+00        14
   9.748089E+02   4.753000E+04   2.812210E+01   2.812210E+01   2.124689E+01   1.699751E+01  -1.000000E+01   3.225063E+00  -3.923586E+00        14
   9.848089E+02   4.851000E+04   2.812210E+01   2.812210E+01   2.124689E+01   1.699751E+01  -1.000000E+01   3.225063E+00  -3.923586E+00        14
   9.948089E+02   4.950000E+04   2.812210E+01   2.812210E+01   2.124689E+01   1.699751E+01  -1.000000E+01   3.225063E+00  -3.923586E+00        14
   1.004809E+03   5.050000E+04   2.812210E+01   2.812210E+01   2.124689E+01   1.699751E+01  -1.000000E+01   3.225063E+00  -3.923586E+00        14
   1.014809E+03   5.151000E+04   2.812210E+01   2.812210E+01   2.124689E+01   1.699751E+01  -1.000000E+01   3.225063E+00  -3.923586E+00        14
   1.024809E+03   5.253000E+04   2.812210E+01   2.812210E+01   2.124689E+01   1.699751E+01  -1.000000E+01   3.225063E+00  -3.923586E+00        14
   1.034809E+03   5.356000E+04   2.812210E+01   2.812210E+01   2.124689E+01   1.699751E+01  -1.000000E+01   3.225063E+00  -3.923586E+00        14
   1.044809E+03   5.460000E+04   2.812210E+01   2.812210E+01   2.124689E+01   1.699751E+01  -1.000000E+01   3.225063E+00  -3.923586E+00        14
   1.054809E+03   5.565000E+04   2.812210E+01   2.812210E+01   2.124689E+01   1.699751E+01  -1.000000E+01   3.225063E+00  -3.923586E+00        14
   1.064809E+03   5.671000E+04   2.812210E+01   2.812210E+01   2.124689E+01   1.699751E+01  -1.000000E+01   3.225063E+00  -3.923586E+00        14
   1.074809E+03   5.778000E+04   2.812210E+01   2.812210E+01   2.124689E+01   1.699751E+01  -1.000000E+01   3.225063E+00  -3.923586E+00        14
   1.084809E+03   5.886000E+04   2.812210E+01   2.812210E+01   2.124689E+01   1.699751E+01  -1.000000E+01   3.225063E+00  -3.923586E+00        14
   1.094809E+03   5.995000E+04   2.812210E+01   2.812210E+01   2.124689E+01   1.699751E+01  -1.000000E+01   3.225063E+00  -3.923586E+00        14
   1.104809E+03   6.105000E+04   2.812210E+01   2.812210E+01   2.124689E+01   1.699751E+01  -1.000000E+01   3.225063E+00  -3.923586E+00        14
   1.114809E+03   6.216000E+04   2.812210E+01   2.812210E+01   2.124689E+01   1.699751E+01  -1.000000E+01   3.225063E+00  -3.923586E+00        14
   1.124809E+03   6.328000E+04   2.812210E+01   2.812210E+01   2.124689E+01   1.699751E+01  -1.000000E+01   3.225063E+00  -3.923586E+00        14
   1.134809E+03   6.441000E+04   2.812210E+01   2.812210E+01   2.124689E+01   1.699751E+01  -1.000000E+01   3.225063E+00  -3.923586E+00        14
   1.144809E+03   6.555000E+04   2.812210E+01   2.812210E+01   2.124689E+01   1.699751E+01  -1.000000E+01   3.225063E+00  -3.923586E+00        14
   1.154809E+03   6.670000E+04   2.812210E+01   2.812210E+01   2.124689E+01   1.699751E+01  -1.000000E+01   3.225063E+00  -3.923586E+00        14
   1.164809E+03   6.786000E+04   2.812210E+01   2.812210E+01   2.124689E+01   1.699751E+01  -1.000000E+01   3.225063E+00  -3.923586E+00        14
   1.174809E+03   6.903000E+04   2.812210E+01   2.812210E+01   2.124689E+01   1.699751E+01  -1.000000E+01   3.225063E+00  -3.923586E+00        14
   1.184809E+03   7.021000E+04   2.812210E+01   2.812210E+01   2.124689E+01   1.699751E+01  -1.000000E+01   3.225063E+00  -3.923586E+00        14
   1.194809E+03   7.140000E+04   2.812210E+01   2.812210E+01   2.124689E+01   1.699751E+01  -1.000000E+01   3.225063E+00  -3.923586E+00        14
   1.204809E+03   7.260000E+04   2.812210E+01   2.812210E+01   2.124689E+01   1.699751E+01  -1.000000E+01   3.225063E+00  -3.923586E+00        14
   1.214809E+03   7.381000E+04   2.812210E+01   2.812210E+01   2.124689E+01   1.699751E+01  -1.000000E+01   3.225063E+00  -3.923586E+00        14
   1.224809E+03   7.503000E+04   2.812210E+01   2.812210E+01   2.124689E+01   1.699751E+01  -1.000000E+01   3.225063E+00  -3.923586E+00        14
   1.234809E+03   7.626000E+04   2.812210E+01   2.812210E+01   2.124689E+01   1.699751E+01  -1.000000E+01   3.225063E+00  -3.923586E+00        14
   1.244809E+03   7.750000E+04   2.812210E+01   2.812210E+01   2.124689E+01   1.699751E+01  -1.000000E+01   3.225063E+00  -3.923586E+00        14
   1.254809E+03   7.875000E+04   2.812210E+01   2.812210E+01   2.124689E+01   1.699751E+01  -1.000000E+01   3.225063E+00  -3.923586E+00        14
   1.264809E+03   8.001000E+04   2.812210E+01   2.812210E+01   2.124689E+01   1.699751E+01  -1.000000E+01   3.225063E+00  -3.923586E+00        14
   1.274809E+03   8.128000E+04   2.812210E+01   2.812210E+01   2.124689E+01   1.699751E+01  -1.000000E+01   3.225063E+00  -3.923586E+00        14
   1.284809E+03   8.256000E+04   2.812210E+01   2.812210E+01   2.124689E+01   1.699751E+01  -1.000000E+01   3.225063E+00  -3.923586E+00        14
   1.294809E+03   8.385000E+04   2.812210E+01   2.812210E+01   2.124689E+01   1.699751E+01  -1.000000E+01   3.225063E+00  -3.923586E+00        14
   1.304809E+03   8.515000E+04   2.812210E+01   2.812210E+01   2.124689E+01   1.699751E+01  -1.000000E+01   3.225063E+00  -3.923586E+00        14
   1.314809E+03   8.646000E+04   2.812210E+01   2.812210E+01   2.124689E+01   1.699751E+01  -1.000000E+01   3.225063E+00  -3.923586E+00        14
   1.324809E+03   8.778000E+04   2.812210E+01   2.812210E+01   2.124689E+01   1.699751E+01  -1.000000E+01   3.225063E+00  -3.923586E+00        14
   1.334809E+03   8.911000E+04   2.812210E+01   2.812210E+01   2.124689E+01   1.699751E+01  -1.000000E+01   3.225063E+00  -3.923586E+00        14
   1.344809E+03   9.045000E+04   2.812210E+01   2.812210E+01   2.124689E+01   1.699751E+01  -1.000000E+01   3.225063E+00  -3.923586E+00        14
   1.354809E+03   9.180000E+04   2.812210E+01   2.812210E+01   2.124689E+01   1.699751E+01  -1.000000E+01   3.225063E+00  -3.923586E+00        14
   1.364809E+03   9.316000E+04   2.812210E+01   2.812210E+01   2.124689E+01   1.699751E+01  -1.000000E+01   3.225063E+00  -3.923586E+00        14
   1.374809E+03   9.453000E+04   2.812210E+01   2.812210E+01   2.124689E+01   1.699751E+01  -1.000000E+01   3.225063E+00  -3.923586E+00        14
   1.384809E+03   9.591000E+04   2.812210E+01   2.812210E+01   2.124689E+01   1.699751E+01  -1.000000E+01   3.225063E+00  -3.923586E+00        14
   1.394809E+03   9.730000E+04   2.812210E+01   2.812210E+01   2.124689E+01   1.699751E+01  -1.000000E+01   3.225063E+00  -3.923586E+00        14
   1.404809E+03   9.870000E+04   2.812210E+01   2.812210E+01   2.124689E+01   1.699751E+01  -1.000000E+01   3.225063E+00  -3.923586E+00        14
   1.414809E+03   1.001100E+05   2.812210E+01   2.812210E+01   2.124689E+01   1.699751E+01  -1.000000E+01   3.225063E+00  -3.923586E+00        14
   1.424809E+03   1.015300E+05   2.812210E+01   2.812210E+01   2.124689E+01   1.699751E+01  -1.000000E+01   3.225063E+00  -3.923586E+00        14
   1.434809E+03   1.029600E+05   2.812210E+01   2.812210E+01   2.124689E+01   1.699751E+01  -1.000000E+01   3.225063E+00  -3.923586E+00        14
   1.444809E+03   1.044000E+05   2.812210E+01   2.812210E+01   2.124689E+01   1.699751E+01  -1.000000E+01   3.225063E+00  -3.923586E+00        14
   1.454809E+03   1.058500E+05   2.812210E+01   2.812210E+01   2.124689E+01   1.699751E+01  -1.000000E+01   3.225063E+00  -3.923586E+00        14
   1.464809E+03   1.073100E+05   2.812210E+01   2.812210E+01   2.124689E+01   1.699751E+01  -1.000000E+01   3.225063E+00  -3.923586E+00        14
   1.474809E+03   1.087800E+05   2.812210E+01   2.812210E+01   2.124689E+01   1.699751E+01  -1.000000E+01   3.225063E+00  -3.923586E+00        14
   1.484809E+03   1.102600E+05   2.812210E+01   2.812210E+01   2.124689E+01   1.699751E+01  -1.000000E+01   3.225063E+00  -3.923586E+00        14
   1.494809E+03   1.117500E+05   2.812210E+01   2.812210E+01   2.124689E+01   1.699751E+01  -1.000000E+01   3.225063E+00  -3.923586E+00        14
   1.504809E+03   1.132500E+05   2.812210E+01   2.812210E+01   2.124689E+01   1.699751E+01  -1.000000E+01   3.225063E+00  -3.923586E+00        14
   1.514809E+03   1.147600E+05   2.812210E+01   2.812210E+01   2.124689E+01   1.699751E+01  -1.000000E+01   3.225063E+00  -3.923586E+00        14
   1.524809E+03   1.162800E+05   2.812210E+01   2.812210E+01   2.124689E+01   1.699751E+01  -1.000000E+01   3.225063E+00  -3.923586E+00        14
   1.534809E+03   1.178100E+05   2.812210E+01   2.812210E+01   2.124689E+01   1.699751E+01  -1.000000E+01   3.225063E+00  -3.923586E+00        14
   1.544809E+03   1.193500E+05   2.812210E+01   2.812210E+01   2.124689E+01   1.699751E+01  -1.000000E+01   3.225063E+00  -3.923586E+00        14
   1.554809E+03   1.209000E+05   2.812210E+01   2.812210E+01   2.124689E+01   1.699751E+01  -1.000000E+01   3.225063E+00  -3.923586E+00        14
   1.564809E+03   1.224600E+05   2.812210E+01   2.812210E+01   2.124689E+01   1.699751E+01  -1.000000E+01   3.225063E+00  -3.923586E+00        14
   1.574809E+03   1.240300E+05   2.812210E+01   2.812210E+01   2.124689E+01   1.699751E+01  -1.000000E+01   3.225063E+00  -3.923586E+00        14
   1.584809E+03   1.256100E+05   2.812210E+01   2.812210E+01   2.124689E+01   1.699751E+01  -1.000000E+01   3.225063E+00  -3.923586E+00        14
   1.594809E+03   1.272000E+05   2.812210E+01   2.812210E+01   2.124689E+01   1.699751E+01  -1.000000E+01   3.225063E+00  -3.923586E+00        14
   1.604809E+03   1.288000E+05   2.812210E+01   2.812210E+01   2.124689E+01   1.699751E+01  -1.000000E+01   3.225063E+00  -3.923586E+00        14
   1.614809E+03   1.304100E+05   2.812210E+01   2.812210E+01   2.124689E+01   1.699751E+01  -1.000000E+01   3.225063E+00  -3.923586E+00        14
   1.624809E+03   1.320300E+05   2.812210E+01   2.812210E+01   2.124689E+01   1.699751E+01  -1.000000E+01   3.225063E+00  -3.923586E+00        14
   1.634809E+03   1.336600E+05   2.812210E+01   2.812210E+01   2.124689E+01   1.699751E+01  -1.000000E+01   3.225063E+00  -3.923586E+00        14
   1.644809E+03   1.353000E+05   2.812210E+01   2.812210E+01   2.124689E+01   1.699751E+01  -1.000000E+01   3.225063E+00  -3.923586E+00        14
   1.654809E+03   1.369500E+05   2.812210E+01   2.812210E+01   2.124689E+01   1.699751E+01  -1.000000E+01   3.225063E+00  -3.923586E+00        14
   1.664809E+03   1.386100E+05   2.812210E+01   2.812210E+01   2.124689E+01   1.699751E+01  -1.000000E+01   3.225063E+00  -3.923586E+00        14
   1.674809E+03   1.402800E+05   2.812210E+01   2.812210E+01   2.124689E+01   1.699751E+01  -1.000000E+01   3.225063E+00  -3.923586E+00        14
   1.684809E+03   1.419600E+05   2.812210E+01   2.812210E+01   2.124689E+01   1.699751E+01  -1.000000E+01   3.225063E+00  -3.923586E+00        14
   1.694809E+03   1.436500E+05   2.812210E+01   2.812210E+01   2.124689E+01   1.699751E+01  -1.000000E+01   3.225063E+00  -3.923586E+00        14
   1.704809E+03   1.453500E+05   2.812210E+01   2.812210E+01   2.124689E+01   1.699751E+01  -1.000000E+01   3.225063E+00  -3.923586E+00        14
   1.714809E+03   1.470600E+05   2.812210E+01   2.812210E+01   2.124689E+01   1.699751E+01  -1.000000E+01   3.225063E+00  -3.923586E+00        14
   1.724809E+03   1.487800E+05   2.812210E+01   2.812210E+01   2.124689E+01   1.699751E+01  -1.000000E+01   3.225063E+00  -3.923586E+00        14
   1.734809E+03   1.505100E+05   2.812210E+01   2.812210E+01   2.124689E+01   1.699751E+01  -1.000000E+01   3.225063E+00  -3.923586E+00        14
   1.744809E+03   1.522500E+05   2.812210E+01   2.812210E+01   2.124689E+01   1.699751E+01  -1.000000E+01   3.225063E+00  -3.923586E+00        14
   1.754809E+03   1.540000E+05   2.812210E+01   2.812210E+01   2.124689E+01   1.699751E+01  -1.000000E+01   3.225063E+00  -3.923586E+00        14
   1.764809E+03   1.557600E+05   2.812210E+01   2.812210E+01   2.124689E+01   1.699751E+01  -1.000000E+01   3.225063E+00  -3.923586E+00        14
   1.774809E+03   1.575300E+05   2.812210E+01   2.812210E+01   2.124689E+01   1.699751E+01  -1.000000E+01   3.225063E+00  -3.923586E+00        14
   1.784809E+03   1.593100E+05   2.812210E+01   2.812210E+01   2.124689E+01   1.699751E+01  -1.000000E+01   3.225063E+00  -3.923586E+00        14
   1.794809E+03   1.611000E+05   2.812210E+01   2.812210E+01   2.124689E+01   1.699751E+01  -1.000000E+01   3.225063E+00  -3.923586E+00        14
   1.804809E+03   1.629000E+05   2.812210E+01   2.812210E+01   2.124689E+01   1.699751E+01  -1.000000E+01   3.225063E+00  -3.923586E+00        14
   1.814809E+03   1.647100E+05   2.812210E+01   2.812210E+01   2.124689E+01   1.699751E+01  -1.000000E+01   3.225063E+00  -3.923586E+00        14
   1.824809E+03   1.665300E+05   2.812210E+01   2.812210E+01   2.124689E+01   1.699751E+01  -1.000000E+01   3.225063E+00  -3.923586E+00        14
   1.834809E+03   1.683600E+05   2.812210E+01   2.812210E+01   2.124689E+01   1.699751E+01  -1.000000E+01   3.225063E+00  -3.923586E+00        14
   1.844809E+03   1.702000E+05   2.812210E+01   2.812210E+01   2.124689E+01   1.699751E+01  -1.000000E+01   3.225063E+00  -3.923586E+00        14
   1.854809E+03   1.720500E+05   2.812210E+01   2.812210E+01   2.124689E+01   1.699751E+01  -1.000000E+01   3.225063E+00  -3.923586E+00        14
   1.864809E+03   1.739100E+05   2.812210E+01   2.812210E+01   2.124689E+01   1.699751E+01  -1.000000E+01   3.225063E+00  -3.923586E+00        14
   1.874809E+03   1.757800E+05   2.812210E+01   2.812210E+01   2.124689E+01   1.699751E+01  -1.000000E+01   3.225063E+00  -3.923586E+00        14
   1.884809E+03   1.776600E+05   2.812210E+01   2.812210E+01   2.124689E+01   1.699751E+01  -1.000000E+01   3.225063E+00  -3.923586E+00        14
   1.894809E+03   1.795500E+05   2.812210E+01   2.812210E+01   2.124689E+01   1.699751E+01  -1.000000E+01   3.225063E+00  -3.923586E+00        14
   1.904809E+03   1.814500E+05   2.812210E+01   2.812210E+01   2.124689E+01   1.699751E+01  -1.000000E+01   3.225063E+00  -3.923586E+00        14
   1.914809E+03   1.833600E+05   2.812210E+01   2.812210E+01   2.124689E+01   1.699751E+01  -1.000000E+01   3.225063E+00  -3.923586E+00        14
   1.924809E+03   1.852800E+05   2.812210E+01   2.812210E+01   2.124689E+01   1.699751E+01  -1.000000E+01   3.225063E+00  -3.923586E+00        14
   1.934809E+03   1.872100E+05   2.812210E+01   2.812210E+01   2.124689E+01   1.699751E+01  -1.000000E+01   3.225063E+00  -3.923586E+00        14
   1.944809E+03   1.891500E+05   2.812210E+01   2.812210E+01   2.124689E+01   1.699751E+01  -1.000000E+01   3.225063E+00  -3.923586E+00        14
   1.954809E+03   1.911000E+05   2.812210E+01   2.812210E+01   2.124689E+01   1.699751E+01  -1.000000E+01   3.225063E+00  -3.923586E+00        14
   1.964809E+03   1.930600E+05   2.812210E+01   2.812210E+01   2.124689E+01   1.699751E+01  -1.000000E+01   3.225063E+00  -3.923586E+00        14
   1.974809E+03   1.950300E+05   2.812210E+01   2.812210E+01   2.124689E+01   1.699751E+01  -1.000000E+01   3.225063E+00  -3.923586E+00        14
   1.984809E+03   1.970100E+05   2.812210E+01   2.812210E+01   2.124689E+01   1.699751E+01  -1.000000E+01   3.225063E+00  -3.923586E+00        14
   1.994809E+03   1.990000E+05   2.812210E+01   2.812210E+01   2.124689E+01   1.699751E+01  -1.000000E+01   3.225063E+00  -3.923586E+00        14
   2.004809E+03   2.010000E+05   2.812210E+01   2.812210E+01   2.124689E+01   1.699751E+01  -1.000000E+01   3.225063E+00  -3.923586E+00        14
   2.014809E+03   2.030100E+05   2.812210E+01   2.812210E+01   2.124689E+01   1.699751E+01  -1.000000E+01   3.225063E+00  -3.923586E+00        14
   2.024809E+03   2.050300E+05   2.812210E+01   2.812210E+01   2.124689E+01   1.699751E+01  -1.000000E+01   3.225063E+00  -3.923586E+00        14
   2.034809E+03   2.070600E+05   2.812210E+01   2.812210E+01   2.124689E+01   1.699751E+01  -1.000000E+01   3.225063E+00  -3.923586E+00        14
   2.044809E+03   2.091000E+05   2.812210E+01   2.812210E+01   2.124689E+01   1.699751E+01  -1.000000E+01   3.225063E+00  -3.923586E+00        14
   2.054809E+03   2.111500E+05   2.812210E+01   2.812210E+01   2.124689E+01   1.699751E+01  -1.000000E+01   3.225063E+00  -3.923586E+00        14
   2.064809E+03   2.132100E+05   2.812210E+01   2.812210E+01   2.124689E+01   1.699751E+01  -1.000000E+01   3.225063E+00  -3.923586E+00        14
   2.074809E+03   2.152800E+05   2.812210E+01   2.812210E+01   2.124689E+01   1.699751E+01  -1.000000E+01   3.225063E+00  -3.923586E+00        14
   2.084809E+03   2.173600E+05   2.812210E+01   2.812210E+01   2.124689E+01   1.699751E+01  -1.000000E+01   3.225063E+00  -3.923586E+00        14
   2.094809E+03   2.194500E+05   2.812210E+01   2.812210E+01   2.124689E+01   1.699751E+01  -1.000000E+01   3.225063E+00  -3.923586E+00        14
   2.104809E+03   2.215500E+05   2.812210E+01   2.812210E+01   2.124689E+01   1.699751E+01  -1.000000E+01   3.225063E+00  -3.923586E+00        14
   2.114809E+03   2.236600E+05   2.812210E+01   2.812210E+01   2.124689E+01   1.699751E+01  -1.000000E+01   3.225063E+00  -3.923586E+00        14
   2.124809E+03   2.257800E+05   2.812210E+01   2.812210E+01   2.124689E+01   1.699751E+01  -1.000000E+01   3.225063E+00  -3.923586E+00        14
   2.134809E+03   2.279100E+05   2.812210E+01   2.812210E+01   2.124689E+01   1.699751E+01  -1.000000E+01   3.225063E+00  -3.923586E+00        14
   2.144809E+03   2.300500E+05   2.812210E+01   2.812210E+01   2.124689E+01   1.699751E+01  -1.000000E+01   3.225063E+00  -3.923586E+00        14
   2.154809E+03   2.322000E+05   2.812210E+01   2.812210E+01   2.124689E+01   1.699751E+01  -1.000000E+01   3.225063E+00  -3.923586E+00        14
   2.164809E+03   2.343600E+05   2.812210E+01   2.812210E+01   2.124689E+01   1.699751E+01  -1.000000E+01   3.225063E+00  -3.923586E+00        14
   2.174809E+03   2.365300E+05   2.812210E+01   2.812210E+01   2.124689E+01   1.699751E+01  -1.000000E+01   3.225063E+00  -3.923586E+00        14
   2.184809E+03   2.387100E+05   2.812210E+01   2.812210E+01   2.124689E+01   1.699751E+01  -1.000000E+01   3.225063E+00  -3.923586E+00        14
   2.194809E+03   2.409000E+05   2.812210E+01   2.812210E+01   2.124689E+01   1.699751E+01  -1.000000E+01   3.225063E+00  -3.923586E+00        14
   2.204809E+03   2.431000E+05   2.812210E+01   2.812210E+01   2.124689E+01   1.699751E+01  -1.000000E+01   3.225063E+00  -3.923586E+00        14
   2.214809E+03   2.453100E+05   2.812210E+01   2.812210E+01   2.124689E+01   1.699751E+01  -1.000000E+01   3.225063E+00  -3.923586E+00        14
   2.224809E+03   2.475300E+05   2.812210E+01   2.812210E+01   2.124689E+01   1.699751E+01  -1.000000E+01   3.225063E+00  -3.923586E+00        14
   2.234809E+03   2.497600E+05   2.812210E+01   2.812210E+01   2.124689E+01   1.699751E+01  -1.000000E+01   3.225063E+00  -3.923586E+00        14
   2.244809E+03   2.520000E+05   2.812210E+01   2.812210E+01   2.124689E+01   1.699751E+01  -1.000000E+01   3.225063E+00  -3.923586E+00        14
   2.254809E+03   2.542500E+05   2.812210E+01   2.812210E+01   2.124689E+01   1.699751E+01  -1.000000E+01   3.225063E+00  -3.923586E+00        14
   2.264809E+03   2.565100E+05   2.812210E+01   2.812210E+01   2.124689E+01   1.699751E+01  -1.000000E+01   3.225063E+00  -3.923586E+00        14
   2.274809E+03   2.587800E+05   2.812210E+01   2.812210E+01   2.124689E+01   1.699751E+01  -1.000000E+01   3.225063E+00  -3.923586E+00        14
   2.284809E+03   2.610600E+05   2.812210E+01   2.812210E+01   2.124689E+01   1.699751E+01  -1.000000E+01   3.225063E+00  -3.923586E+00        14
   2.294809E+03   2.633500E+05   2.812210E+01   2.812210E+01   2.124689E+01   1.699751E+01  -1.000000E+01   3.225063E+00  -3.923586E+00        14
   2.304809E+03   2.656500E+05   2.812210E+01   2.812210E+01   2.124689E+01   1.699751E+01  -1.000000E+01   3.225063E+00  -3.923586E+00        14
   2.314809E+03   2.679600E+05   2.812210E+01   2.812210E+01   2.124689E+01   1.699751E+01  -1.000000E+01   3.225063E+00  -3.923586E+00        14
   2.324809E+03   2.702800E+05   2.812210E+01   2.812210E+01   2.124689E+01   1.699751E+01  -1.000000E+01   3.225063E+00  -3.923586E+00        14
   2.334809E+03   2.726100E+05   2.812210E+01   2.812210E+01   2.124689E+01   1.699751E+01  -1.000000E+01   3.225063E+00  -3.923586E+00        14
   2.344809E+03   2.749500E+05   2.812210E+01   2.812210E+01   2.124689E+01   1.699751E+01  -1.000000E+01   3.225063E+00  -3.923586E+00        14
   2.354809E+03   2.773000E+05   2.812210E+01   2.812210E+01   2.124689E+01   1.699751E+01  -1.000000E+01   3.225063E+00  -3.923586E+00        14
   2.364809E+03   2.796600E+05   2.812210E+01   2.812210E+01   2.124689E+01   1.699751E+01  -1.000000E+01   3.225063E+00  -3.923586E+00        14
   2.374809E+03   2.820300E+05   2.812210E+01   2.812210E+01   2.124689E+01   1.699751E+01  -1.000000E+01   3.225063E+00  -3.923586E+00        14
   2.384809E+03   2.844100E+05   2.812210E+01   2.812210E+01   2.124689E+01   1.699751E+01  -1.000000E+01   3.225063E+00  -3.923586E+00        14
   2.394809E+03   2.868000E+05   2.812210E+01   2.812210E+01   2.124689E+01   1.699751E+01  -1.000000E+01   3.225063E+00  -3.923586E+00        14
   2.404809E+03   2.892000E+05   2.812210E+01   2.812210E+01   2.124689E+01   1.699751E+01  -1.000000E+01   3.225063E+00  -3.923586E+00        14
   2.414809E+03   2.916100E+05   2.812210E+01   2.812210E+01   2.124689E+01   1.699751E+01  -1.000000E+01   3.225063E+00  -3.923586E+00        14
   2.424809E+03   2.940300E+05   2.812210E+01   2.812210E+01   2.124689E+01   1.699751E+01  -1.000000E+01   3.225063E+00  -3.923586E+00        14
   2.434809E+03   2.964600E+05   2.812210E+01   2.812210E+01   2.124689E+01   1.699751E+01  -1.000000E+01   3.225063E+00  -3.923586E+00        14
   2.444809E+03   2.989000E+05   2.812210E+01   2.812210E+01   2.124689E+01   1.699751E+01  -1.000000E+01   3.225063E+00  -3.923586E+00        14
   2.454809E+03   3.013500E+05   2.812210E+01   2.812210E+01   2.124689E+01   1.699751E+01  -1.000000E+01   3.225063E+00  -3.923586E+00        14
   2.464809E+03   3.038100E+05   2.812210E+01   2.812210E+01   2.124689E+01   1.699751E+01  -1.000000E+01   3.225063E+00  -3.923586E+00        14
   2.474809E+03   3.062800E+05   2.812210E+01   2.812210E+01   2.124689E+01   1.699751E+01  -1.000000E+01   3.225063E+00  -3.923586E+00        14
   2.484809E+03   3.087600E+05   2.812210E+01   2.812210E+01   2.124689E+01   1.699751E+01  -1.000000E+01   3.225063E+00  -3.923586E+00        14
   2.494809E+03   3.112500E+05   2.812210E+01   2.812210E+01   2.124689E+01   1.699751E+01  -1.000000E+01   3.225063E+00  -3.923586E+00        14
   2.504809E+03   3.137500E+05   2.812210E+01   2.812210E+01   2.124689E+01   1.699751E+01  -1.000000E+01   3.225063E+00  -3.923586E+00        14
   2.514809E+03   3.162600E+05   2.812210E+01   2.812210E+01   2.124689E+01   1.699751E+01  -1.000000E+01   3.225063E+00  -3.923586E+00        14
   2.524809E+03   3.187800E+05   2.812210E+01   2.812210E+01   2.124689E+01   1.699751E+01  -1.000000E+01   3.225063E+00  -3.923586E+00        14
   2.534809E+03   3.213100E+05   2.812210E+01   2.812210E+01   2.124689E+01   1.699751E+01  -1.000000E+01   3.225063E+00  -3.923586E+00        14
   2.544809E+03   3.238500E+05   2.812210E+01   2.812210E+01   2.124689E+01   1.699751E+01  -1.000000E+01   3.225063E+00  -3.923586E+00        14
   2.554809E+03   3.264000E+05   2.812210E+01   2.812210E+01   2.124689E+01   1.699751E+01  -1.000000E+01   3.225063E+00  -3.923586E+00        14
   2.564809E+03   3.289600E+05   2.812210E+01   2.812210E+01   2.124689E+01   1.699751E+01  -1.000000E+01   3.225063E+00  -3.923586E+00        14
   2.574809E+03   3.315300E+05   2.812210E+01   2.812210E+01   2.124689E+01   1.699751E+01  -1.000000E+01   3.225063E+00  -3.923586E+00        14
   2.584809E+03   3.341100E+05   2.812210E+01   2.812210E+01   2.124689E+01   1.699751E+01  -1.000000E+01   3.225063E+00  -3.923586E+00        14
   2.594809E+03   3.367000E+05   2.812210E+01   2.812210E+01   2.124689E+01   1.699751E+01  -1.000000E+01   3.225063E+00  -3.923586E+00        14
   2.604809E+03   3.393000E+05   2.812210E+01   2.812210E+01   2.124689E+01   1.699751E+01  -1.000000E+01   3.225063E+00  -3.923586E+00        14
   2.614809E+03   3.419100E+05   2.812210E+01   2.812210E+01   2.124689E+01   1.699751E+01  -1.000000E+01   3.225063E+00  -3.923586E+00        14
   2.624809E+03   3.445300E+05   2.812210E+01   2.812210E+01   2.124689E+01   1.699751E+01  -1.000000E+01   3.225063E+00  -3.923586E+00        14
   2.634809E+03   3.471600E+05   2.812210E+01   2.812210E+01   2.124689E+01   1.699751E+01  -1.000000E+01   3.225063E+00  -3.923586E+00        14
   2.644809E+03   3.498000E+05   2.812210E+01   2.812210E+01   2.124689E+01   1.699751E+01  -1.000000E+01   3.225063E+00  -3.923586E+00        14
   2.654809E+03   3.524500E+05   2.812210E+01   2.812210E+01   2.124689E+01   1.699751E+01  -1.000000E+01   3.225063E+00  -3.923586E+00        14
   2.664809E+03   3.551100E+05   2.812210E+01   2.812210E+01   2.124689E+01   1.699751E+01  -1.000000E+01   3.225063E+00  -3.923586E+00        14
   2.674809E+03   3.577800E+05   2.812210E+01   2.812210E+01   2.124689E+01   1.699751E+01  -1.000000E+01   3.225063E+00  -3.923586E+00        14
   2.684809E+03   3.604600E+05   2.812210E+01   2.812210E+01   2.124689E+01   1.699751E+01  -1.000000E+01   3.225063E+00  -3.923586E+00        14
   2.694809E+03   3.631500E+05   2.812210E+01   2.812210E+01   2.124689E+01   1.699751E+01  -1.000000E+01   3.225063E+00  -3.923586E+00        14
   2.704809E+03   3.658500E+05   2.812210E+01   2.812210E+01   2.124689E+01   1.699751E+01  -1.000000E+01   3.225063E+00  -3.923586E+00        14
   2.714809E+03   3.685600E+05   2.812210E+01   2.812210E+01   2.124689E+01   1.699751E+01  -1.000000E+01   3.225063E+00  -3.923586E+00        14
   2.724809E+03   3.712800E+05   2.812210E+01   2.812210E+01   2.124689E+01   1.699751E+01  -1.000000E+01   3.225063E+00  -3.923586E+00        14
   2.734809E+03   3.740100E+05   2.812210E+01   2.812210E+01   2.124689E+01   1.699751E+01  -1.000000E+01   3.225063E+00  -3.923586E+00        14
   2.744809E+03   3.767500E+05   2.812210E+01   2.812210E+01   2.124689E+01   1.699751E+01  -1.000000E+01   3.225063E+00  -3.923586E+00        14
   2.754809E+03   3.795000E+05   2.812210E+01   2.812210E+01   2.124689E+01   1.699751E+01  -1.000000E+01   3.225063E+00  -3.923586E+00        14
   2.764809E+03   3.822600E+05   2.812210E+01   2.812210E+01   2.124689E+01   1.699751E+01  -1.000000E+01   3.225063E+00  -3.923586E+00        14
   2.774809E+03   3.850300E+05   2.812210E+01   2.812210E+01   2.124689E+01   1.699751E+01  -1.000000E+01   3.225063E+00  -3.923586E+00        14
   2.784809E+03   3.878100E+05   2.812210E+01   2.812210E+01   2.124689E+01   1.699751E+01  -1.000000E+01   3.225063E+00  -3.923586E+00        14
   2.794809E+03   3.906000E+05   2.812210E+01   2.812210E+01   2.124689E+01   1.699751E+01  -1.000000E+01   3.225063E+00  -3.923586E+00        14
   2.804809E+03   3.934000E+05   2.812210E+01   2.812210E+01   2.124689E+01   1.699751E+01  -1.000000E+01   3.225063E+00  -3.923586E+00        14
   2.814809E+03   3.962100E+05   2.812210E+01   2.812210E+01   2.124689E+01   1.699751E+01  -1.000000E+01   3.225063E+00  -3.923586E+00        14
   2.824809E+03   3.990300E+05   2.812210E+01   2.812210E+01   2.124689E+01   1.699751E+01  -1.000000E+01   3.225063E+00  -3.923586E+00        14
   2.834809E+03   4.018600E+05   2.812210E+01   2.812210E+01   2.124689E+01   1.699751E+01  -1.000000E+01   3.225063E+00  -3.923586E+00        14
   2.844809E+03   4.047000E+05   2.812210E+01   2.812210E+01   2.124689E+01   1.699751E+01  -1.000000E+01   3.225063E+00  -3.923586E+00        14
   2.854809E+03   4.075500E+05   2.812210E+01   2.812210E+01   2.124689E+01   1.699751E+01  -1.000000E+01   3.225063E+00  -3.923586E+00        14
   2.864809E+03   4.104100E+05   2.812210E+01   2.812210E+01   2.124689E+01   1.699751E+01  -1.000000E+01   3.225063E+00  -3.923586E+00        14
   2.874809E+03   4.132800E+05   2.812210E+01   2.812210E+01   2.124689E+01   1.699751E+01  -1.000000E+01   3.225063E+00  -3.923586E+00        14
   2.884809E+03   4.161600E+05   2.812210E+01   2.812210E+01   2.124689E+01   1.699751E+01  -1.000000E+01   3.225063E+00  -3.923586E+00        14
   2.894809E+03   4.190500E+05   2.812210E+01   2.812210E+01   2.124689E+01   1.699751E+01  -1.000000E+01   3.225063E+00  -3.923586E+00        14
   2.904809E+03   4.219500E+05   2.812210E+01   2.812210E+01   2.124689E+01   1.699751E+01  -1.000000E+01   3.225063E+00  -3.923586E+00        14
   2.914809E+03   4.248600E+05   2.812210E+01   2.812210E+01   2.124689E+01   1.699751E+01  -1.000000E+01   3.225063E+00  -3.923586E+00        14
   2.924809E+03   4.277800E+05   2.812210E+01   2.812210E+01   2.124689E+01   1.699751E+01  -1.000000E+01   3.225063E+00  -3.923586E+00        14
   2.934809E+03   4.307100E+05   2.812210E+01   2.812210E+01   2.124689E+01   1.699751E+01  -1.000000E+01   3.225063E+00  -3.923586E+00        14
   2.944809E+03   4.336500E+05   2.812210E+01   2.812210E+01   2.124689E+01   1.699751E+01  -1.000000E+01   3.225063E+00  -3.923586E+00        14
   2.954809E+03   4.366000E+05   2.812210E+01   2.812210E+01   2.124689E+01   1.699751E+01  -1.000000E+01   3.225063E+00  -3.923586E+00        14
   2.964809E+03   4.395600E+05   2.812210E+01   2.812210E+01   2.124689E+01   1.699751E+01  -1.000000E+01   3.225063E+00  -3.923586E+00        14
   2.974809E+03   4.425300E+05   2.812210E+01   2.812210E+01   2.124689E+01   1.699751E+01  -1.000000E+01   3.225063E+00  -3.923586E+00        14
   2.984809E+03   4.455100E+05   2.812210E+01   2.812210E+01   2.124689E+01   1.699751E+01  -1.000000E+01   3.225063E+00  -3.923586E+00        14
   2.994809E+03   4.485000E+05   2.812210E+01   2.812210E+01   2.124689E+01   1.699751E+01  -1.000000E+01   3.225063E+00  -3.923586E+00        14
   3.004809E+03   4.515000E+05   2.812210E+01   2.812210E+01   2.124689E+01   1.699751E+01  -1.000000E+01   3.225063E+00  -3.923586E+00        14
   3.014809E+03   4.545100E+05   2.812210E+01   2.812210E+01   2.124689E+01   1.699751E+01  -1.000000E+01   3.225063E+00  -3.923586E+00        14
   3.024809E+03   4.575300E+05   2.812210E+01   2.812210E+01   2.124689E+01   1.699751E+01  -1.000000E+01   3.225063E+00  -3.923586E+00        14
   3.034809E+03   4.605600E+05   2.812210E+01   2.812210E+01   2.124689E+01   1.699751E+01  -1.000000E+01   3.225063E+00  -3.923586E+00        14
   3.044809E+03   4.636000E+05   2.812210E+01   2.812210E+01   2.124689E+01   1.699751E+01  -1.000000E+01   3.225063E+00  -3.923586E+00        14
   3.054809E+03   4.666500E+05   2.812210E+01   2.812210E+01   2.124689E+01   1.699751E+01  -1.000000E+01   3.225063E+00  -3.923586E+00        14
   3.064809E+03   4.697100E+05   2.812210E+01   2.812210E+01   2.124689E+01   1.699751E+01  -1.000000E+01   3.225063E+00  -3.923586E+00        14
   3.074809E+03   4.727800E+05   2.812210E+01   2.812210E+01   2.124689E+01   1.699751E+01  -1.000000E+01   3.225063E+00  -3.923586E+00        14
   3.084809E+03   4.758600E+05   2.812210E+01   2.812210E+01   2.124689E+01   1.699751E+01  -1.000000E+01   3.225063E+00  -3.923586E+00        14
   3.094809E+03   4.789500E+05   2.812210E+01   2.812210E+01   2.124689E+01   1.699751E+01  -1.000000E+01   3.225063E+00  -3.923586E+00        14
   3.104809E+03   4.820500E+05   2.812210E+01   2.812210E+01   2.124689E+01   1.699751E+01  -1.000000E+01   3.225063E+00  -3.923586E+00        14
   3.114809E+03   4.851600E+05   2.812210E+01   2.812210E+01   2.124689E+01   1.699751E+01  -1.000000E+01   3.225063E+00  -3.923586E+00        14
   3.124809E+03   4.882800E+05   2.812210E+01   2.812210E+01   2.124689E+01   1.699751E+01  -1.000000E+01   3.225063E+00  -3.923586E+00        14
   3.134809E+03   4.914100E+05   2.812210E+01   2.812210E+01   2.124689E+01   1.699751E+01  -1.000000E+01   3.225063E+00  -3.923586E+00        14
   3.144809E+03   4.945500E+05   2.812210E+01   2.812210E+01   2.124689E+01   1.699751E+01  -1.000000E+01   3.225063E+00  -3.923586E+00        14
   3.154809E+03   4.977000E+05   2.812210E+01   2.812210E+01   2.124689E+01   1.699751E+01  -1.000000E+01   3.225063E+00  -3.923586E+00        14
   3.164809E+03   5.008600E+05   2.812210E+01   2.812210E+01   2.124689E+01   1.699751E+01  -1.000000E+01   3.225063E+00  -3.923586E+00        14
   3.174809E+03   5.040300E+05   2.812210E+01   2.812210E+01   2.124689E+01   1.699751E+01  -1.000000E+01   3.225063E+00  -3.923586E+00        14
   3.184809E+03   5.072100E+05   2.812210E+01   2.812210E+01   2.124689E+01   1.699751E+01  -1.000000E+01   3.225063E+00  -3.923586E+00        14
   3.194809E+03   5.104000E+05   2.812210E+01   2.812210E+01   2.124689E+01   1.699751E+01  -1.000000E+01   3.225063E+00  -3.923586E+00        14
   3.204809E+03   5.136000E+05   2.812210E+01   2.812210E+01   2.124689E+01   1.699751E+01  -1.000000E+01   3.225063E+00  -3.923586E+00        14
   3.214809E+03   5.168100E+05   2.812210E+01   2.812210E+01   2.124689E+01   1.699751E+01  -1.000000E+01   3.225063E+00  -3.923586E+00        14
   3.224809E+03   5.200300E+05   2.812210E+01   2.812210E+01   2.124689E+01   1.699751E+01  -1.000000E+01   3.225063E+00  -3.923586E+00        14
   3.234809E+03   5.232600E+05   2.812210E+01   2.812210E+01   2.124689E+01   1.699751E+01  -1.000000E+01   3.225063E+00  -3.923586E+00        14
   3.244809E+03   5.265000E+05   2.812210E+01   2.812210E+01   2.124689E+01   1.699751E+01  -1.000000E+01   3.225063E+00  -3.923586E+00        14
   3.254809E+03   5.297500E+05   2.812210E+01   2.812210E+01   2.124689E+01   1.699751E+01  -1.000000E+01   3.225063E+00  -3.923586E+00        14
   3.264809E+03   5.330100E+05   2.812210E+01   2.812210E+01   2.124689E+01   1.699751E+01  -1.000000E+01   3.225063E+00  -3.923586E+00        14
   3.274809E+03   5.362800E+05   2.812210E+01   2.812210E+01   2.124689E+01   1.699751E+01  -1.000000E+01   3.225063E+00  -3.923586E+00        14
   3.284809E+03   5.395600E+05   2.812210E+01   2.812210E+01   2.124689E+01   1.699751E+01  -1.000000E+01   3.225063E+00  -3.923586E+00        14
   3.294809E+03   5.428500E+05   2.812210E+01   2.812210E+01   2.124689E+01   1.699751E+01  -1.000000E+01   3.225063E+00  -3.923586E+00        14
   3.304809E+03   5.461500E+05   2.812210E+01   2.812210E+01   2.124689E+01   1.699751E+01  -1.000000E+01   3.225063E+00  -3.923586E+00        14
   3.314809E+03   5.494600E+05   2.812210E+01   2.812210E+01   2.124689E+01   1.699751E+01  -1.000000E+01   3.225063E+00  -3.923586E+00        14
   3.324809E+03   5.527800E+05   2.812210E+01   2.812210E+01   2.124689E+01   1.699751E+01  -1.000000E+01   3.225063E+00  -3.923586E+00        14
   3.334809E+03   5.561100E+05   2.812210E+01   2.812210E+01   2.124689E+01   1.699751E+01  -1.000000E+01   3.225063E+00  -3.923586E+00        14
   3.344809E+03   5.594500E+05   2.812210E+01   2.812210E+01   2.124689E+01   1.699751E+01  -1.000000E+01   3.225063E+00  -3.923586E+00        14
   3.354809E+03   5.628000E+05   2.812210E+01   2.812210E+01   2.124689E+01   1.699751E+01  -1.000000E+01   3.225063E+00  -3.923586E+00        14
   3.364809E+03   5.661600E+05   2.812210E+01   2.812210E+01   2.124689E+01   1.699751E+01  -1.000000E+01   3.225063E+00  -3.923586E+00        14
   3.374809E+03   5.695300E+05   2.812210E+01   2.812210E+01   2.124689E+01   1.699751E+01  -1.000000E+01   3.225063E+00  -3.923586E+00        14
   3.384809E+03   5.729100E+05   2.812210E+01   2.812210E+01   2.124689E+01   1.699751E+01  -1.000000E+01   3.225063E+00  -3.923586E+00        14
   3.394809E+03   5.763000E+05   2.812210E+01   2.812210E+01   2.124689E+01   1.699751E+01  -1.000000E+01   3.225063E+00  -3.923586E+00        14
   3.404809E+03   5.797000E+05   2.812210E+01   2.812210E+01   2.124689E+01   1.699751E+01  -1.000000E+01   3.225063E+00  -3.923586E+00        14
   3.414809E+03   5.831100E+05   2.812210E+01   2.812210E+01   2.124689E+01   1.699751E+01  -1.000000E+01   3.225063E+00  -3.923586E+00        14
   3.424809E+03   5.865300E+05   2.812210E+01   2.812210E+01   2.124689E+01   1.699751E+01  -1.000000E+01   3.225063E+00  -3.923586E+00        14
   3.434809E+03   5.899600E+05   2.812210E+01   2.812210E+01   2.124689E+01   1.699751E+01  -1.000000E+01   3.225063E+00  -3.923586E+00        14
   3.444809E+03   5.934000E+05   2.812210E+01   2.812210E+01   2.124689E+01   1.699751E+01  -1.000000E+01   3.225063E+00  -3.923586E+00        14
   3.454809E+03   5.968500E+05   2.812210E+01   2.812210E+01   2.124689E+01   1.699751E+01  -1.000000E+01   3.225063E+00  -3.923586E+00        14
   3.464809E+03   6.003100E+05   2.812210E+01   2.812210E+01   2.124689E+01   1.699751E+01  -1.000000E+01   3.225063E+00  -3.923586E+00        14
   3.474809E+03   6.037800E+05   2.812210E+01   2.812210E+01   2.124689E+01   1.699751E+01  -1.000000E+01   3.225063E+00  -3.923586E+00        14
   3.484809E+03   6.072600E+05   2.812210E+01   2.812210E+01   2.124689E+01   1.699751E+01  -1.000000E+01   3.225063E+00  -3.923586E+00        14
   3.494809E+03   6.107500E+05   2.812210E+01   2.812210E+01   2.124689E+01   1.699751E+01  -1.000000E+01   3.225063E+00  -3.923586E+00        14
   3.504809E+03   6.142500E+05   2.812210E+01   2.812210E+01   2.124689E+01   1.699751E+01  -1.000000E+01   3.225063E+00  -3.923586E+00        14
   3.514809E+03   6.177600E+05   2.812210E+01   2.812210E+01   2.124689E+01   1.699751E+01  -1.000000E+01   3.225063E+00  -3.923586E+00        14
   3.524809E+03   6.212800E+05   2.812210E+01   2.812210E+01   2.124689E+01   1.699751E+01  -1.000000E+01   3.225063E+00  -3.923586E+00        14
   3.534809E+03   6.248100E+05   2.812210E+01   2.812210E+01   2.124689E+01   1.699751E+01  -1.000000E+01   3.225063E+00  -3.923586E+00        14
   3.544809E+03   6.283500E+05   2.812210E+01   2.812210E+01   2.124689E+01   1.699751E+01  -1.000000E+01   3.225063E+00  -3.923586E+00        14
   3.554809E+03   6.319000E+05   2.812210E+01   2.812210E+01   2.124689E+01   1.699751E+01  -1.000000E+01   3.225063E+00  -3.923586E+00        14
   3.564809E+03   6.354600E+05   2.812210E+01   2.812210E+01   2.124689E+01   1.699751E+01  -1.000000E+01   3.225063E+00  -3.923586E+00        14
   3.574809E+03   6.390300E+05   2.812210E+01   2.812210E+01   2.124689E+01   1.699751E+01  -1.000000E+01   3.225063E+00  -3.923586E+00        14
   3.584809E+03   6.426100E+05   2.812210E+01   2.812210E+01   2.124689E+01   1.699751E+01  -1.000000E+01   3.225063E+00  -3.923586E+00        14
   3.594809E+03   6.462000E+05   2.812210E+01   2.812210E+01   2.124689E+01   1.699751E+01  -1.000000E+01   3.225063E+00  -3.923586E+00        14
   3.604809E+03   6.498000E+05   2.812210E+01   2.812210E+01   2.124689E+01   1.699751E+01  -1.000000E+01   3.225063E+00  -3.923586E+00        14
   3.614809E+03   6.534100E+05   2.812210E+01   2.812210E+01   2.124689E+01   1.699751E+01  -1.000000E+01   3.225063E+00  -3.923586E+00        14
   3.624809E+03   6.570300E+05   2.812210E+01   2.812210E+01   2.124689E+01   1.699751E+01  -1.000000E+01   3.225063E+00  -3.923586E+00        14
   3.634809E+03   6.606600E+05   2.812210E+01   2.812210E+01   2.124689E+01   1.699751E+01  -1.000000E+01   3.225063E+00  -3.923586E+00        14
   3.644809E+03   6.643000E+05   2.812210E+01   2.812210E+01   2.124689E+01   1.699751E+01  -1.000000E+01   3.225063E+00  -3.923586E+00        14
   3.654809E+03   6.679500E+05   2.812210E+01   2.812210E+01   2.124689E+01   1.699751E+01  -1.000000E+01   3.225063E+00  -3.923586E+00        14
   3.664809E+03   6.716100E+05   2.812210E+01   2.812210E+01   2.124689E+01   1.699751E+01  -1.000000E+01   3.225063E+00  -3.923586E+00        14
   3.674809E+03   6.752800E+05   2.812210E+01   2.812210E+01   2.124689E+01   1.699751E+01  -1.000000E+01   3.225063E+00  -3.923586E+00        14
   3.684809E+03   6.789600E+05   2.812210E+01   2.812210E+01   2.124689E+01   1.699751E+01  -1.000000E+01   3.225063E+00  -3.923586E+00        14
   3.694809E+03   6.826500E+05   2.812210E+01   2.812210E+01   2.124689E+01   1.699751E+01  -1.000000E+01   3.225063E+00  -3.923586E+00        14
   3.704809E+03   6.863500E+05   2.812210E+01   2.812210E+01   2.124689E+01   1.699751E+01  -1.000000E+01   3.225063E+00  -3.923586E+00        14
   3.714809E+03   6.900600E+05   2.812210E+01   2.812210E+01   2.124689E+01   1.699751E+01  -1.000000E+01   3.225063E+00  -3.923586E+00        14
   3.724809E+03   6.937800E+05   2.812210E+01   2.812210E+01   2.124689E+01   1.699751E+01  -1.000000E+01   3.225063E+00  -3.923586E+00        14
   3.734809E+03   6.975100E+05   2.812210E+01   2.812210E+01   2.124689E+01   1.699751E+01  -1.000000E+01   3.225063E+00  -3.923586E+00        14
   3.744809E+03   7.012500E+05   2.812210E+01   2.812210E+01   2.124689E+01   1.699751E+01  -1.000000E+01   3.225063E+00  -3.923586E+00        14
   3.754809E+03   7.050000E+05   2.812210E+01   2.812210E+01   2.124689E+01   1.699751E+01  -1.000000E+01   3.225063E+00  -3.923586E+00        14
   3.764809E+03   7.087600E+05   2.812210E+01   2.812210E+01   2.124689E+01   1.699751E+01  -1.000000E+01   3.225063E+00  -3.923586E+00        14
   3.774809E+03   7.125300E+05   2.812210E+01   2.812210E+01   2.124689E+01   1.699751E+01  -1.000000E+01   3.225063E+00  -3.923586E+00        14
   3.784809E+03   7.163100E+05   2.812210E+01   2.812210E+01   2.124689E+01   1.699751E+01  -1.000000E+01   3.225063E+00  -3.923586E+00        14
   3.794809E+03   7.201000E+05   2.812210E+01   2.812210E+01   2.124689E+01   1.699751E+01  -1.000000E+01   3.225063E+00  -3.923586E+00        14
   3.804809E+03   7.239000E+05   2.812210E+01   2.812210E+01   2.124689E+01   1.699751E+01  -1.000000E+01   3.225063E+00  -3.923586E+00        14
   3.814809E+03   7.277100E+05   2.812210E+01   2.812210E+01   2.124689E+01   1.699751E+01  -1.000000E+01   3.225063E+00  -3.923586E+00        14
   3.824809E+03   7.315300E+05   2.812210E+01   2.812210E+01   2.124689E+01   1.699751E+01  -1.000000E+01   3.225063E+00  -3.923586E+00        14
   3.834809E+03   7.353600E+05   2.812210E+01   2.812210E+01   2.124689E+01   1.699751E+01  -1.000000E+01   3.225063E+00  -3.923586E+00        14
   3.844809E+03   7.392000E+05   2.812210E+01   2.812210E+01   2.124689E+01   1.699751E+01  -1.000000E+01   3.225063E+00  -3.923586E+00        14
   3.854809E+03   7.430500E+05   2.812210E+01   2.812210E+01   2.124689E+01   1.699751E+01  -1.000000E+01   3.225063E+00  -3.923586E+00        14
   3.864809E+03   7.469100E+05   2.812210E+01   2.812210E+01   2.124689E+01   1.699751E+01  -1.000000E+01   3.225063E+00  -3.923586E+00        14
   3.874809E+03   7.507800E+05   2.812210E+01   2.812210E+01   2.124689E+01   1.699751E+01  -1.000000E+01   3.225063E+00  -3.923586E+00        14
   3.884809E+03   7.546600E+05   2.812210E+01   2.812210E+01   2.124689E+01   1.699751E+01  -1.000000E+01   3.225063E+00  -3.923586E+00        14
   3.894809E+03   7.585500E+05   2.812210E+01   2.812210E+01   2.124689E+01   1.699751E+01  -1.000000E+01   3.225063E+00  -3.923586E+00        14
   3.904809E+03   7.624500E+05   2.812210E+01   2.812210E+01   2.124689E+01   1.699751E+01  -1.000000E+01   3.225063E+00  -3.923586E+00        14
   3.914809E+03   7.663600E+05   2.812210E+01   2.812210E+01   2.124689E+01   1.699751E+01  -1.000000E+01   3.225063E+00  -3.923586E+00        14
   3.924809E+03   7.702800E+05   2.812210E+01   2.812210E+01   2.124689E+01   1.699751E+01  -1.000000E+01   3.225063E+00  -3.923586E+00        14
   3.934809E+03   7.742100E+05   2.812210E+01   2.812210E+01   2.124689E+01   1.699751E+01  -1.000000E+01   3.225063E+00  -3.923586E+00        14
   3.944809E+03   7.781500E+05   2.812210E+01   2.812210E+01   2.124689E+01   1.699751E+01  -1.000000E+01   3.225063E+00  -3.923586E+00        14
   3.954809E+03   7.821000E+05   2.812210E+01   2.812210E+01   2.124689E+01   1.699751E+01  -1.000000E+01   3.225063E+00  -3.923586E+00        14
   3.964809E+03   7.860600E+05   2.812210E+01   2.812210E+01   2.124689E+01   1.699751E+01  -1.000000E+01   3.225063E+00  -3.923586E+00        14
   3.974809E+03   7.900300E+05   2.812210E+01   2.812210E+01   2.124689E+01   1.699751E+01  -1.000000E+01   3.225063E+00  -3.923586E+00        14
   3.984809E+03   7.940100E+05   2.812210E+01   2.812210E+01   2.124689E+01   1.699751E+01  -1.000000E+01   3.225063E+00  -3.923586E+00        14
   3.994809E+03   7.980000E+05   2.812210E+01   2.812210E+01   2.124689E+01   1.699751E+01  -1.000000E+01   3.225063E+00  -3.923586E+00        14
   4.004809E+03   8.020000E+05   2.812210E+01   2.812210E+01   2.124689E+01   1.699751E+01  -1.000000E+01   3.225063E+00  -3.923586E+00        14
   4.014809E+03   8.060100E+05   2.812210E+01   2.812210E+01   2.124689E+01   1.699751E+01  -1.000000E+01   3.225063E+00  -3.923586E+00        14
   4.024809E+03   8.100300E+05   2.812210E+01   2.812210E+01   2.124689E+01   1.699751E+01  -1.000000E+01   3.225063E+00  -3.923586E+00        14
   4.034809E+03   8.140600E+05   2.812210E+01   2.812210E+01   2.124689E+01   1.699751E+01  -1.000000E+01   3.225063E+00  -3.923586E+00        14
   4.044809E+03   8.181000E+05   2.812210E+01   2.812210E+01   2.124689E+01   1.699751E+01  -1.000000E+01   3.225063E+00  -3.923586E+00        14
   4.054809E+03   8.221500E+05   2.812210E+01   2.812210E+01   2.124689E+01   1.699751E+01  -1.000000E+01   3.225063E+00  -3.923586E+00        14
   4.064809E+03   8.262100E+05   2.812210E+01   2.812210E+01   2.124689E+01   1.699751E+01  -1.000000E+01   3.225063E+00  -3.923586E+00        14
   4.074809E+03   8.302800E+05   2.812210E+01   2.812210E+01   2.124689E+01   1.699751E+01  -1.000000E+01   3.225063E+00  -3.923586E+00        14
   4.084809E+03   8.343600E+05   2.812210E+01   2.812210E+01   2.124689E+01   1.699751E+01  -1.000000E+01   3.225063E+00  -3.923586E+00        14
   4.094809E+03   8.384500E+05   2.812210E+01   2.812210E+01   2.124689E+01   1.699751E+01  -1.000000E+01   3.225063E+00  -3.923586E+00        14
   4.104809E+03   8.425500E+05   2.812210E+01   2.812210E+01   2.124689E+01   1.699751E+01  -1.000000E+01   3.225063E+00  -3.923586E+00        14
   4.114809E+03   8.466600E+05   2.812210E+01   2.812210E+01   2.124689E+01   1.699751E+01  -1.000000E+01   3.225063E+00  -3.923586E+00        14
   4.124809E+03   8.507800E+05   2.812210E+01   2.812210E+01   2.124689E+01   1.699751E+01  -1.000000E+01   3.225063E+00  -3.923586E+00        14
   4.134809E+03   8.549100E+05   2.812210E+01   2.812210E+01   2.124689E+01   1.699751E+01  -1.000000E+01   3.225063E+00  -3.923586E+00        14
   4.144809E+03   8.590500E+05   2.812210E+01   2.812210E+01   2.124689E+01   1.699751E+01  -1.000000E+01   3.225063E+00  -3.923586E+00        14
   4.154809E+03   8.632000E+05   2.812210E+01   2.812210E+01   2.124689E+01   1.699751E+01  -1.000000E+01   3.225063E+00  -3.923586E+00        14
   4.164809E+03   8.673600E+05   2.812210E+01   2.812210E+01   2.124689E+01   1.699751E+01  -1.000000E+01   3.225063E+00  -3.923586E+00        14
   4.174809E+03   8.715300E+05   2.812210E+01   2.812210E+01   2.124689E+01   1.699751E+01  -1.000000E+01   3.225063E+00  -3.923586E+00        14
   4.184809E+03   8.757100E+05   2.812210E+01   2.812210E+01   2.124689E+01   1.699751E+01  -1.000000E+01   3.225063E+00  -3.923586E+00        14
   4.194809E+03   8.799000E+05   2.812210E+01   2.812210E+01   2.124689E+01   1.699751E+01  -1.000000E+01   3.225063E+00  -3.923586E+00        14
   4.204809E+03   8.841000E+05   2.812210E+01   2.812210E+01   2.124689E+01   1.699751E+01  -1.000000E+01   3.225063E+00  -3.923586E+00        14
   4.214809E+03   8.883100E+05   2.812210E+01   2.812210E+01   2.124689E+01   1.699751E+01  -1.000000E+01   3.225063E+00  -3.923586E+00        14
   4.224809E+03   8.925300E+05   2.812210E+01   2.812210E+01   2.124689E+01   1.699751E+01  -1.000000E+01   3.225063E+00  -3.923586E+00        14
   4.234809E+03   8.967600E+05   2.812210E+01   2.812210E+01   2.124689E+01   1.699751E+01  -1.000000E+01   3.225063E+00  -3.923586E+00        14
   4.244809E+03   9.010000E+05   2.812210E+01   2.812210E+01   2.124689E+01   1.699751E+01  -1.000000E+01   3.225063E+00  -3.923586E+00        14
   4.254809E+03   9.052500E+05   2.812210E+01   2.812210E+01   2.124689E+01   1.699751E+01  -1.000000E+01   3.225063E+00  -3.923586E+00        14
   4.264809E+03   9.095100E+05   2.812210E+01   2.812210E+01   2.124689E+01   1.699751E+01  -1.000000E+01   3.225063E+00  -3.923586E+00        14
   4.274809E+03   9.137800E+05   2.812210E+01   2.812210E+01   2.124689E+01   1.699751E+01  -1.000000E+01   3.225063E+00  -3.923586E+00        14
   4.284809E+03   9.180600E+05   2.812210E+01   2.812210E+01   2.124689E+01   1.699751E+01  -1.000000E+01   3.225063E+00  -3.923586E+00        14
   4.294809E+03   9.223500E+05   2.812210E+01   2.812210E+01   2.124689E+01   1.699751E+01  -1.000000E+01   3.225063E+00  -3.923586E+00        14
   4.304809E+03   9.266500E+05   2.812210E+01   2.812210E+01   2.124689E+01   1.699751E+01  -1.000000E+01   3.225063E+00  -3.923586E+00        14
   4.314809E+03   9.309600E+05   2.812210E+01   2.812210E+01   2.124689E+01   1.699751E+01  -1.000000E+01   3.225063E+00  -3.923586E+00        14
   4.324809E+03   9.352800E+05   2.812210E+01   2.812210E+01   2.124689E+01   1.699751E+01  -1.000000E+01   3.225063E+00  -3.923586E+00        14
   4.334809E+03   9.396100E+05   2.812210E+01   2.812210E+01   2.124689E+01   1.699751E+01  -1.000000E+01   3.225063E+00  -3.923586E+00        14
   4.344809E+03   9.439500E+05   2.812210E+01   2.812210E+01   2.124689E+01   1.699751E+01  -1.000000E+01   3.225063E+00  -3.923586E+00        14
   4.354809E+03   9.483000E+05   2.812210E+01   2.812210E+01   2.124689E+01   1.699751E+01  -1.000000E+01   3.225063E+00  -3.923586E+00        14
   4.364809E+03   9.526600E+05   2.812210E+01   2.812210E+01   2.124689E+01   1.699751E+01  -1.000000E+01   3.225063E+00  -3.923586E+00        14
   4.374809E+03   9.570300E+05   2.812210E+01   2.812210E+01   2.124689E+01   1.699751E+01  -1.000000E+01   3.225063E+00  -3.923586E+00        14
   4.384809E+03   9.614100E+05   2.812210E+01   2.812210E+01   2.124689E+01   1.699751E+01  -1.000000E+01   3.225063E+00  -3.923586E+00        14
   4.394809E+03   9.658000E+05   2.812210E+01   2.812210E+01   2.124689E+01   1.699751E+01  -1.000000E+01   3.225063E+00  -3.923586E+00        14
   4.404809E+03   9.702000E+05   2.812210E+01   2.812210E+01   2.124689E+01   1.699751E+01  -1.000000E+01   3.225063E+00  -3.923586E+00        14
   4.414809E+03   9.746100E+05   2.812210E+01   2.812210E+01   2.124689E+01   1.699751E+01  -1.000000E+01   3.225063E+00  -3.923586E+00        14
   4.424809E+03   9.790300E+05   2.812210E+01   2.812210E+01   2.124689E+01   1.699751E+01  -1.000000E+01   3.225063E+00  -3.923586E+00        14
   4.434809E+03   9.834600E+05   2.812210E+01   2.812210E+01   2.124689E+01   1.699751E+01  -1.000000E+01   3.225063E+00  -3.923586E+00        14
   4.444809E+03   9.879000E+05   2.812210E+01   2.812210E+01   2.124689E+01   1.699751E+01  -1.000000E+01   3.225063E+00  -3.923586E+00        14
   4.454809E+03   9.923500E+05   2.812210E+01   2.812210E+01   2.124689E+01   1.699751E+01  -1.000000E+01   3.225063E+00  -3.923586E+00        14
   4.464809E+03   9.968100E+05   2.812210E+01   2.812210E+01   2.124689E+01   1.699751E+01  -1.000000E+01   3.225063E+00  -3.923586E+00        14
   4.474809E+03   1.001280E+06   2.812210E+01   2.812210E+01   2.124689E+01   1.699751E+01  -1.000000E+01   3.225063E+00  -3.923586E+00        14
   4.484809E+03   1.005760E+06   2.812210E+01   2.812210E+01   2.124689E+01   1.699751E+01  -1.000000E+01   3.225063E+00  -3.923586E+00        14
   4.494809E+03   1.010250E+06   2.812210E+01   2.812210E+01   2.124689E+01   1.699751E+01  -1.000000E+01   3.225063E+00  -3.923586E+00        14
   4.504809E+03   1.014750E+06   2.812210E+01   2.812210E+01   2.124689E+01   1.699751E+01  -1.000000E+01   3.225063E+00  -3.923586E+00        14
   4.514809E+03   1.019260E+06   2.812210E+01   2.812210E+01   2.124689E+01   1.699751E+01  -1.000000E+01   3.225063E+00  -3.923586E+00        14
   4.524809E+03   1.023780E+06   2.812210E+01   2.812210E+01   2.124689E+01   1.699751E+01  -1.000000E+01   3.225063E+00  -3.923586E+00        14
   4.534809E+03   1.028310E+06   2.812210E+01   2.812210E+01   2.124689E+01   1.699751E+01  -1.000000E+01   3.225063E+00  -3.923586E+00        14
   4.544809E+03   1.032850E+06   2.812210E+01   2.812210E+01   2.124689E+01   1.699751E+01  -1.000000E+01   3.225063E+00  -3.923586E+00        14
   4.554809E+03   1.037400E+06   2.812210E+01   2.812210E+01   2.124689E+01   1.699751E+01  -1.000000E+01   3.225063E+00  -3.923586E+00        14
   4.564809E+03   1.041960E+06   2.812210E+01   2.812210E+01   2.124689E+01   1.699751E+01  -1.000000E+01   3.225063E+00  -3.923586E+00        14
   4.574809E+03   1.046530E+06   2.812210E+01   2.812210E+01   2.124689E+01   1.699751E+01  -1.000000E+01   3.225063E+00  -3.923586E+00        14
   4.584809E+03   1.051110E+06   2.812210E+01   2.812210E+01   2.124689E+01   1.699751E+01  -1.000000E+01   3.225063E+00  -3.923586E+00        14
   4.594809E+03   1.055700E+06   2.812210E+01   2.812210E+01   2.124689E+01   1.699751E+01  -1.000000E+01   3.225063E+00  -3.923586E+00        14
   4.604809E+03   1.060300E+06   2.812210E+01   2.812210E+01   2.124689E+01   1.699751E+01  -1.000000E+01   3.225063E+00  -3.923586E+00        14
   4.614809E+03   1.064910E+06   2.812210E+01   2.812210E+01   2.124689E+01   1.699751E+01  -1.000000E+01   3.225063E+00  -3.923586E+00        14
   4.624809E+03   1.069530E+06   2.812210E+01   2.812210E+01   2.124689E+01   1.699751E+01  -1.000000E+01   3.225063E+00  -3.923586E+00        14
   4.634809E+03   1.074160E+06   2.812210E+01   2.812210E+01   2.124689E+01   1.699751E+01  -1.000000E+01   3.225063E+00  -3.923586E+00        14
   4.644809E+03   1.078800E+06   2.812210E+01   2.812210E+01   2.124689E+01   1.699751E+01  -1.000000E+01   3.225063E+00  -3.923586E+00        14
   4.654809E+03   1.083450E+06   2.812210E+01   2.812210E+01   2.124689E+01   1.699751E+01  -1.000000E+01   3.225063E+00  -3.923586E+00        14
   4.664809E+03   1.088110E+06   2.812210E+01   2.812210E+01   2.124689E+01   1.699751E+01  -1.000000E+01   3.225063E+00  -3.923586E+00        14
   4.674809E+03   1.092780E+06   2.812210E+01   2.812210E+01   2.124689E+01   1.699751E+01  -1.000000E+01   3.225063E+00  -3.923586E+00        14
   4.684809E+03   1.097460E+06   2.812210E+01   2.812210E+01   2.124689E+01   1.699751E+01  -1.000000E+01   3.225063E+00  -3.923586E+00        14
   4.694809E+03   1.102150E+06   2.812210E+01   2.812210E+01   2.124689E+01   1.699751E+01  -1.000000E+01   3.225063E+00  -3.923586E+00        14
   4.704809E+03   1.106850E+06   2.812210E+01   2.812210E+01   2.124689E+01   1.699751E+01  -1.000000E+01   3.225063E+00  -3.923586E+00        14
   4.714809E+03   1.111560E+06   2.812210E+01   2.812210E+01   2.124689E+01   1.699751E+01  -1.000000E+01   3.225063E+00  -3.923586E+00        14
   4.724809E+03   1.116280E+06   2.812210E+01   2.812210E+01   2.124689E+01   1.699751E+01  -1.000000E+01   3.225063E+00  -3.923586E+00        14
   4.734809E+03   1.121010E+06   2.812210E+01   2.812210E+01   2.124689E+01   1.699751E+01  -1.000000E+01   3.225063E+00  -3.923586E+00        14
   4.744809E+03   1.125750E+06   2.812210E+01   2.812210E+01   2.124689E+01   1.699751E+01  -1.000000E+01   3.225063E+00  -3.923586E+00        14
   4.754809E+03   1.130500E+06   2.812210E+01   2.812210E+01   2.124689E+01   1.699751E+01  -1.000000E+01   3.225063E+00  -3.923586E+00        14
   4.764809E+03   1.135260E+06   2.812210E+01   2.812210E+01   2.124689E+01   1.699751E+01  -1.000000E+01   3.225063E+00  -3.923586E+00        14
   4.774809E+03   1.140030E+06   2.812210E+01   2.812210E+01   2.124689E+01   1.699751E+01  -1.000000E+01   3.225063E+00  -3.923586E+00        14
   4.784809E+03   1.144810E+06   2.812210E+01   2.812210E+01   2.124689E+01   1.699751E+01  -1.000000E+01   3.225063E+00  -3.923586E+00        14
   4.794809E+03   1.149600E+06   2.812210E+01   2.812210E+01   2.124689E+01   1.699751E+01  -1.000000E+01   3.225063E+00  -3.923586E+00        14
   4.804809E+03   1.154400E+06   2.812210E+01   2.812210E+01   2.124689E+01   1.699751E+01  -1.000000E+01   3.225063E+00  -3.923586E+00        14
   4.814809E+03   1.159210E+06   2.812210E+01   2.812210E+01   2.124689E+01   1.699751E+01  -1.000000E+01   3.225063E+00  -3.923586E+00        14
   4.824809E+03   1.164030E+06   2.812210E+01   2.812210E+01   2.124689E+01   1.699751E+01  -1.000000E+01   3.225063E+00  -3.923586E+00        14
   4.834809E+03   1.168860E+06   2.812210E+01   2.812210E+01   2.124689E+01   1.699751E+01  -1.000000E+01   3.225063E+00  -3.923586E+00        14
   4.844809E+03   1.173700E+06   2.812210E+01   2.812210E+01   2.124689E+01   1.699751E+01  -1.000000E+01   3.225063E+00  -3.923586E+00        14
   4.854809E+03   1.178550E+06   2.812210E+01   2.812210E+01   2.124689E+01   1.699751E+01  -1.000000E+01   3.225063E+00  -3.923586E+00        14
   4.864809E+03   1.183410E+06   2.812210E+01   2.812210E+01   2.124689E+01   1.699751E+01  -1.000000E+01   3.225063E+00  -3.923586E+00        14
   4.874809E+03   1.188280E+06   2.812210E+01   2.812210E+01   2.124689E+01   1.699751E+01  -1.000000E+01   3.225063E+00  -3.923586E+00        14
   4.884809E+03   1.193160E+06   2.812210E+01   2.812210E+01   2.124689E+01   1.699751E+01  -1.000000E+01   3.225063E+00  -3.923586E+00        14
   4.894809E+03   1.198050E+06   2.812210E+01   2.812210E+01   2.124689E+01   1.699751E+01  -1.000000E+01   3.225063E+00  -3.923586E+00        14
   4.904809E+03   1.202950E+06   2.812210E+01   2.812210E+01   2.124689E+01   1.699751E+01  -1.000000E+01   3.225063E+00  -3.923586E+00        14
   4.914809E+03   1.207860E+06   2.812210E+01   2.812210E+01   2.124689E+01   1.699751E+01  -1.000000E+01   3.225063E+00  -3.923586E+00        14
   4.924809E+03   1.212780E+06   2.812210E+01   2.812210E+01   2.124689E+01   1.699751E+01  -1.000000E+01   3.225063E+00  -3.923586E+00        14
   4.934809E+03   1.217710E+06   2.812210E+01   2.812210E+01   2.124689E+01   1.699751E+01  -1.000000E+01   3.225063E+00  -3.923586E+00        14
   4.944809E+03   1.222650E+06   2.812210E+01   2.812210E+01   2.124689E+01   1.699751E+01  -1.000000E+01   3.225063E+00  -3.923586E+00        14
   4.954809E+03   1.227600E+06   2.812210E+01   2.812210E+01   2.124689E+01   1.699751E+01  -1.000000E+01   3.225063E+00  -3.923586E+00        14
   4.964809E+03   1.232560E+06   2.812210E+01   2.812210E+01   2.124689E+01   1.699751E+01  -1.000000E+01   3.225063E+00  -3.923586E+00        14
   4.974809E+03   1.237530E+06   2.812210E+01   2.812210E+01   2.124689E+01   1.699751E+01  -1.000000E+01   3.225063E+00  -3.923586E+00        14
   4.984809E+03   1.242510E+06   2.812210E+01   2.812210E+01   2.124689E+01   1.699751E+01  -1.000000E+01   3.225063E+00  -3.923586E+00        14
   4.994809E+03   1.247500E+06   2.812210E+01   2.812210E+01   2.124689E+01   1.699751E+01  -1.000000E+01   3.225063E+00  -3.923586E+00        14
   5.004809E+03   1.252500E+06   2.812210E+01   2.812210E+01   2.124689E+01   1.699751E+01  -1.000000E+01   3.225063E+00  -3.923586E+00        14
   5.014809E+03   1.257510E+06   2.812210E+01   2.812210E+01   2.124689E+01   1.699751E+01  -1.000000E+01   3.225063E+00  -3.923586E+00        14
   5.024809E+03   1.262530E+06   2.812210E+01   2.812210E+01   2.124689E+01   1.699751E+01  -1.000000E+01   3.225063E+00  -3.923586E+00        14
   5.034809E+03   1.267560E+06   2.812210E+01   2.812210E+01   2.124689E+01   1.699751E+01  -1.000000E+01   3.225063E+00  -3.923586E+00        14
   5.044809E+03   1.272600E+06   2.812210E+01   2.812210E+01   2.124689E+01   1.699751E+01  -1.000000E+01   3.225063E+00  -3.923586E+00        14
   5.054809E+03   1.277650E+06   2.812210E+01   2.812210E+01   2.124689E+01   1.699751E+01  -1.000000E+01   3.225063E+00  -3.923586E+00        14
   5.064809E+03   1.282710E+06   2.812210E+01   2.812210E+01   2.124689E+01   1.699751E+01  -1.000000E+01   3.225063E+00  -3.923586E+00        14
   5.074809E+03   1.287780E+06   2.812210E+01   2.812210E+01   2.124689E+01   1.699751E+01  -1.000000E+01   3.225063E+00  -3.923586E+00        14
   5.084809E+03   1.292860E+06   2.812210E+01   2.812210E+01   2.124689E+01   1.699751E+01  -1.000000E+01   3.225063E+00  -3.923586E+00        14
   5.094809E+03   1.297950E+06   2.812210E+01   2.812210E+01   2.124689E+01   1.699751E+01  -1.000000E+01   3.225063E+00  -3.923586E+00        14
   5.104809E+03   1.303050E+06   2.812210E+01   2.812210E+01   2.124689E+01   1.699751E+01  -1.000000E+01   3.225063E+00  -3.923586E+00        14
   5.114809E+03   1.308160E+06   2.812210E+01   2.812210E+01   2.124689E+01   1.699751E+01  -1.000000E+01   3.225063E+00  -3.923586E+00        14
   5.124809E+03   1.313280E+06   2.812210E+01   2.812210E+01   2.124689E+01   1.699751E+01  -1.000000E+01   3.225063E+00  -3.923586E+00        14
   5.134809E+03   1.318410E+06   2.812210E+01   2.812210E+01   2.124689E+01   1.699751E+01  -1.000000E+01   3.225063E+00  -3.923586E+00        14
   5.144809E+03   1.323550E+06   2.812210E+01   2.812210E+01   2.124689E+01   1.699751E+01  -1.000000E+01   3.225063E+00  -3.923586E+00        14
   5.154809E+03   1.328700E+06   2.812210E+01   2.812210E+01   2.124689E+01   1.699751E+01  -1.000000E+01   3.225063E+00  -3.923586E+00        14
   5.164809E+03   1.333860E+06   2.812210E+01   2.812210E+01   2.124689E+01   1.699751E+01  -1.000000E+01   3.225063E+00  -3.923586E+00        14
   5.174809E+03   1.339030E+06   2.812210E+01   2.812210E+01   2.124689E+01   1.699751E+01  -1.000000E+01   3.225063E+00  -3.923586E+00        14
   5.184809E+03   1.344210E+06   2.812210E+01   2.812210E+01   2.124689E+01   1.699751E+01  -1.000000E+01   3.225063E+00  -3.923586E+00        14
   5.194809E+03   1.349400E+06   2.812210E+01   2.812210E+01   2.124689E+01   1.699751E+01  -1.000000E+01   3.225063E+00  -3.923586E+00        14
   5.204809E+03   1.354600E+06   2.812210E+01   2.812210E+01   2.124689E+01   1.699751E+01  -1.000000E+01   3.225063E+00  -3.923586E+00        14
   5.214809E+03   1.359810E+06   2.812210E+01   2.812210E+01   2.124689E+01   1.699751E+01  -1.000000E+01   3.225063E+00  -3.923586E+00        14
   5.224809E+03   1.365030E+06   2.812210E+01   2.812210E+01   2.124689E+01   1.699751E+01  -1.000000E+01   3.225063E+00  -3.923586E+00        14
   5.234809E+03   1.370260E+06   2.812210E+01   2.812210E+01   2.124689E+01   1.699751E+01  -1.000000E+01   3.225063E+00  -3.923586E+00        14
   5.244809E+03   1.375500E+06   2.812210E+01   2.812210E+01   2.124689E+01   1.699751E+01  -1.000000E+01   3.225063E+00  -3.923586E+00        14
   5.254809E+03   1.380750E+06   2.812210E+01   2.812210E+01   2.124689E+01   1.699751E+01  -1.000000E+01   3.225063E+00  -3.923586E+00        14
   5.264809E+03   1.386010E+06   2.812210E+01   2.812210E+01   2.124689E+01   1.699751E+01  -1.000000E+01   3.225063E+00  -3.923586E+00        14
   5.274809E+03   1.391280E+06   2.812210E+01   2.812210E+01   2.124689E+01   1.699751E+01  -1.000000E+01   3.225063E+00  -3.923586E+00        14
   5.284809E+03   1.396560E+06   2.812210E+01   2.812210E+01   2.124689E+01   1.699751E+01  -1.000000E+01   3.225063E+00  -3.923586E+00        14
   5.294809E+03   1.401850E+06   2.812210E+01   2.812210E+01   2.124689E+01   1.699751E+01  -1.000000E+01   3.225063E+00  -3.923586E+00        14
   5.304809E+03   1.407150E+06   2.812210E+01   2.812210E+01   2.124689E+01   1.699751E+01  -1.000000E+01   3.225063E+00  -3.923586E+00        14
   5.314809E+03   1.412460E+06   2.812210E+01   2.812210E+01   2.124689E+01   1.699751E+01  -1.000000E+01   3.225063E+00  -3.923586E+00        14
   5.324809E+03   1.417780E+06   2.812210E+01   2.812210E+01   2.124689E+01   1.699751E+01  -1.000000E+01   3.225063E+00  -3.923586E+00        14
   5.334809E+03   1.423110E+06   2.812210E+01   2.812210E+01   2.124689E+01   1.699751E+01  -1.000000E+01   3.225063E+00  -3.923586E+00        14
   5.344809E+03   1.428450E+06   2.812210E+01   2.812210E+01   2.124689E+01   1.699751E+01  -1.000000E+01   3.225063E+00  -3.923586E+00        14
   5.354809E+03   1.433800E+06   2.812210E+01   2.812210E+01   2.124689E+01   1.699751E+01  -1.000000E+01   3.225063E+00  -3.923586E+00        14
   5.364809E+03   1.439160E+06   2.812210E+01   2.812210E+01   2.124689E+01   1.699751E+01  -1.000000E+01   3.225063E+00  -3.923586E+00        14
   5.374809E+03   1.444530E+06   2.812210E+01   2.812210E+01   2.124689E+01   1.699751E+01  -1.000000E+01   3.225063E+00  -3.923586E+00        14
   5.384809E+03   1.449910E+06   2.812210E+01   2.812210E+01   2.124689E+01   1.699751E+01  -1.000000E+01   3.225063E+00  -3.923586E+00        14
   5.394809E+03   1.455300E+06   2.812210E+01   2.812210E+01   2.124689E+01   1.699751E+01  -1.000000E+01   3.225063E+00  -3.923586E+00        14
   5.404809E+03   1.460700E+06   2.812210E+01   2.812210E+01   2.124689E+01   1.699751E+01  -1.000000E+01   3.225063E+00  -3.923586E+00        14
   5.414809E+03   1.466110E+06   2.812210E+01   2.812210E+01   2.124689E+01   1.699751E+01  -1.000000E+01   3.225063E+00  -3.923586E+00        14
   5.424809E+03   1.471530E+06   2.812210E+01   2.812210E+01   2.124689E+01   1.699751E+01  -1.000000E+01   3.225063E+00  -3.923586E+00        14
   5.434809E+03   1.476960E+06   2.812210E+01   2.812210E+01   2.124689E+01   1.699751E+01  -1.000000E+01   3.225063E+00  -3.923586E+00        14
   5.444809E+03   1.482400E+06   2.812210E+01   2.812210E+01   2.124689E+01   1.699751E+01  -1.000000E+01   3.225063E+00  -3.923586E+00        14
   5.454809E+03   1.487850E+06   2.812210E+01   2.812210E+01   2.124689E+01   1.699751E+01  -1.000000E+01   3.225063E+00  -3.923586E+00        14
   5.464809E+03   1.493310E+06   2.812210E+01   2.812210E+01   2.124689E+01   1.699751E+01  -1.000000E+01   3.225063E+00  -3.923586E+00        14
   5.474809E+03   1.498780E+06   2.812210E+01   2.812210E+01   2.124689E+01   1.699751E+01  -1.000000E+01   3.225063E+00  -3.923586E+00        14
   5.484809E+03   1.504260E+06   2.812210E+01   2.812210E+01   2.124689E+01   1.699751E+01  -1.000000E+01   3.225063E+00  -3.923586E+00        14
   5.494809E+03   1.509750E+06   2.812210E+01   2.812210E+01   2.124689E+01   1.699751E+01  -1.000000E+01   3.225063E+00  -3.923586E+00        14
   5.504809E+03   1.515250E+06   2.812210E+01   2.812210E+01   2.124689E+01   1.699751E+01  -1.000000E+01   3.225063E+00  -3.923586E+00        14
   5.514809E+03   1.520760E+06   2.812210E+01   2.812210E+01   2.124689E+01   1.699751E+01  -1.000000E+01   3.225063E+00  -3.923586E+00        14
   5.524809E+03   1.526280E+06   2.812210E+01   2.812210E+01   2.124689E+01   1.699751E+01  -1.000000E+01   3.225063E+00  -3.923586E+00        14
   5.534809E+03   1.531810E+06   2.812210E+01   2.812210E+01   2.124689E+01   1.699751E+01  -1.000000E+01   3.225063E+00  -3.923586E+00        14
   5.544809E+03   1.537350E+06   2.812210E+01   2.812210E+01   2.124689E+01   1.699751E+01  -1.000000E+01   3.225063E+00  -3.923586E+00        14
   5.554809E+03   1.542900E+06   2.812210E+01   2.812210E+01   2.124689E+01   1.699751E+01  -1.000000E+01   3.225063E+00  -3.923586E+00        14
   5.564809E+03   1.548460E+06   2.812210E+01   2.812210E+01   2.124689E+01   1.699751E+01  -1.000000E+01   3.225063E+00  -3.923586E+00        14
   5.574809E+03   1.554030E+06   2.812210E+01   2.812210E+01   2.124689E+01   1.699751E+01  -1.000000E+01   3.225063E+00  -3.923586E+00        14
   5.584809E+03   1.559610E+06   2.812210E+01   2.812210E+01   2.124689E+01   1.699751E+01  -1.000000E+01   3.225063E+00  -3.923586E+00        14
   5.594809E+03   1.565200E+06   2.812210E+01   2.812210E+01   2.124689E+01   1.699751E+01  -1.000000E+01   3.225063E+00  -3.923586E+00        14
   5.604809E+03   1.570800E+06   2.812210E+01   2.812210E+01   2.124689E+01   1.699751E+01  -1.000000E+01   3.225063E+00  -3.923586E+00        14
   5.614809E+03   1.576410E+06   2.812210E+01   2.812210E+01   2.124689E+01   1.699751E+01  -1.000000E+01   3.225063E+00  -3.923586E+00        14
   5.624809E+03   1.582030E+06   2.812210E+01   2.812210E+01   2.124689E+01   1.699751E+01  -1.000000E+01   3.225063E+00  -3.923586E+00        14
   5.634809E+03   1.587660E+06   2.812210E+01   2.812210E+01   2.124689E+01   1.699751E+01  -1.000000E+01   3.225063E+00  -3.923586E+00        14
   5.644809E+03   1.593300E+06   2.812210E+01   2.812210E+01   2.124689E+01   1.699751E+01  -1.000000E+01   3.225063E+00  -3.923586E+00        14
   5.654809E+03   1.598950E+06   2.812210E+01   2.812210E+01   2.124689E+01   1.699751E+01  -1.000000E+01   3.225063E+00  -3.923586E+00        14
   5.664809E+03   1.604610E+06   2.812210E+01   2.812210E+01   2.124689E+01   1.699751E+01  -1.000000E+01   3.225063E+00  -3.923586E+00        14
   5.674809E+03   1.610280E+06   2.812210E+01   2.812210E+01   2.124689E+01   1.699751E+01  -1.000000E+01   3.225063E+00  -3.923586E+00        14
   5.684809E+03   1.615960E+06   2.812210E+01   2.812210E+01   2.124689E+01   1.699751E+01  -1.000000E+01   3.225063E+00  -3.923586E+00        14
   5.694809E+03   1.621650E+06   2.812210E+01   2.812210E+01   2.124689E+01   1.699751E+01  -1.000000E+01   3.225063E+00  -3.923586E+00        14
   5.704809E+03   1.627350E+06   2.812210E+01   2.812210E+01   2.124689E+01   1.699751E+01  -1.000000E+01   3.225063E+00  -3.923586E+00        14
   5.714809E+03   1.633060E+06   2.812210E+01   2.812210E+01   2.124689E+01   1.699751E+01  -1.000000E+01   3.225063E+00  -3.923586E+00        14
   5.724809E+03   1.638780E+06   2.812210E+01   2.812210E+01   2.124689E+01   1.699751E+01  -1.000000E+01   3.225063E+00  -3.923586E+00        14
   5.734809E+03   1.644510E+06   2.812210E+01   2.812210E+01   2.124689E+01   1.699751E+01  -1.000000E+01   3.225063E+00  -3.923586E+00        14
   5.744809E+03   1.650250E+06   2.812210E+01   2.812210E+01   2.124689E+01   1.699751E+01  -1.000000E+01   3.225063E+00  -3.923586E+00        14
   5.754809E+03   1.656000E+06   2.812210E+01   2.812210E+01   2.124689E+01   1.699751E+01  -1.000000E+01   3.225063E+00  -3.923586E+00        14
   5.764809E+03   1.661760E+06   2.812210E+01   2.812210E+01   2.124689E+01   1.699751E+01  -1.000000E+01   3.225063E+00  -3.923586E+00        14
   5.774809E+03   1.667530E+06   2.812210E+01   2.812210E+01   2.124689E+01   1.699751E+01  -1.000000E+01   3.225063E+00  -3.923586E+00        14
   5.784809E+03   1.673310E+06   2.812210E+01   2.812210E+01   2.124689E+01   1.699751E+01  -1.000000E+01   3.225063E+00  -3.923586E+00        14
   5.794809E+03   1.679100E+06   2.812210E+01   2.812210E+01   2.124689E+01   1.699751E+01  -1.000000E+01   3.225063E+00  -3.923586E+00        14
   5.804809E+03   1.684900E+06   2.812210E+01   2.812210E+01   2.124689E+01   1.699751E+01  -1.000000E+01   3.225063E+00  -3.923586E+00        14
   5.814809E+03   1.690710E+06   2.812210E+01   2.812210E+01   2.124689E+01   1.699751E+01  -1.000000E+01   3.225063E+00  -3.923586E+00        14
   5.824809E+03   1.696530E+06   2.812210E+01   2.812210E+01   2.124689E+01   1.699751E+01  -1.000000E+01   3.225063E+00  -3.923586E+00        14
   5.834809E+03   1.702360E+06   2.812210E+01   2.812210E+01   2.124689E+01   1.699751E+01  -1.000000E+01   3.225063E+00  -3.923586E+00        14
   5.844809E+03   1.708200E+06   2.812210E+01   2.812210E+01   2.124689E+01   1.699751E+01  -1.000000E+01   3.225063E+00  -3.923586E+00        14
   5.854809E+03   1.714050E+06   2.812210E+01   2.812210E+01   2.124689E+01   1.699751E+01  -1.000000E+01   3.225063E+00  -3.923586E+00        14
   5.864809E+03   1.719910E+06   2.812210E+01   2.812210E+01   2.124689E+01   1.699751E+01  -1.000000E+01   3.225063E+00  -3.923586E+00        14
   5.874809E+03   1.725780E+06   2.812210E+01   2.812210E+01   2.124689E+01   1.699751E+01  -1.000000E+01   3.225063E+00  -3.923586E+00        14
   5.884809E+03   1.731660E+06   2.812210E+01   2.812210E+01   2.124689E+01   1.699751E+01  -1.000000E+01   3.225063E+00  -3.923586E+00        14
   5.894809E+03   1.737550E+06   2.812210E+01   2.812210E+01   2.124689E+01   1.699751E+01  -1.000000E+01   3.225063E+00  -3.923586E+00        14
   5.904809E+03   1.743450E+06   2.812210E+01   2.812210E+01   2.124689E+01   1.699751E+01  -1.000000E+01   3.225063E+00  -3.923586E+00        14
   5.914809E+03   1.749360E+06   2.812210E+01   2.812210E+01   2.124689E+01   1.699751E+01  -1.000000E+01   3.225063E+00  -3.923586E+00        14
   5.924809E+03   1.755280E+06   2.812210E+01   2.812210E+01   2.124689E+01   1.699751E+01  -1.000000E+01   3.225063E+00  -3.923586E+00        14
   5.934809E+03   1.761210E+06   2.812210E+01   2.812210E+01   2.124689E+01   1.699751E+01  -1.000000E+01   3.225063E+00  -3.923586E+00        14
   5.944809E+03   1.767150E+06   2.812210E+01   2.812210E+01   2.124689E+01   1.699751E+01  -1.000000E+01   3.225063E+00  -3.923586E+00        14
   5.954809E+03   1.773100E+06   2.812210E+01   2.812210E+01   2.124689E+01   1.699751E+01  -1.000000E+01   3.225063E+00  -3.923586E+00        14
   5.964809E+03   1.779060E+06   2.812210E+01   2.812210E+01   2.124689E+01   1.699751E+01  -1.000000E+01   3.225063E+00  -3.923586E+00        14
   5.974809E+03   1.785030E+06   2.812210E+01   2.812210E+01   2.124689E+01   1.699751E+01  -1.000000E+01   3.225063E+00  -3.923586E+00        14
   5.984809E+03   1.791010E+06   2.812210E+01   2.812210E+01   2.124689E+01   1.699751E+01  -1.000000E+01   3.225063E+00  -3.923586E+00        14
   5.994809E+03   1.797000E+06   2.812210E+01   2.812210E+01   2.124689E+01   1.699751E+01  -1.000000E+01   3.225063E+00  -3.923586E+00        14
   6.004809E+03   1.803000E+06   2.812210E+01   2.812210E+01   2.124689E+01   1.699751E+01  -1.000000E+01   3.225063E+00  -3.923586E+00        14
   6.014809E+03   1.809010E+06   2.812210E+01   2.812210E+01   2.124689E+01   1.699751E+01  -1.000000E+01   3.225063E+00  -3.923586E+00        14
   6.024809E+03   1.815030E+06   2.812210E+01   2.812210E+01   2.124689E+01   1.699751E+01  -1.000000E+01   3.225063E+00  -3.923586E+00        14
   6.034809E+03   1.821060E+06   2.812210E+01   2.812210E+01   2.124689E+01   1.699751E+01  -1.000000E+01   3.225063E+00  -3.923586E+00        14
   6.044809E+03   1.827100E+06   2.812210E+01   2.812210E+01   2.124689E+01   1.699751E+01  -1.000000E+01   3.225063E+00  -3.923586E+00        14
   6.054809E+03   1.833150E+06   2.812210E+01   2.812210E+01   2.124689E+01   1.699751E+01  -1.000000E+01   3.225063E+00  -3.923586E+00        14
   6.064809E+03   1.839210E+06   2.812210E+01   2.812210E+01   2.124689E+01   1.699751E+01  -1.000000E+01   3.225063E+00  -3.923586E+00        14
   6.074809E+03   1.845280E+06   2.812210E+01   2.812210E+01   2.124689E+01   1.699751E+01  -1.000000E+01   3.225063E+00  -3.923586E+00        14
   6.084809E+03   1.851360E+06   2.812210E+01   2.812210E+01   2.124689E+01   1.699751E+01  -1.000000E+01   3.225063E+00  -3.923586E+00        14
   6.094809E+03   1.857450E+06   2.812210E+01   2.812210E+01   2.124689E+01   1.699751E+01  -1.000000E+01   3.225063E+00  -3.923586E+00        14
   6.104809E+03   1.863550E+06   2.812210E+01   2.812210E+01   2.124689E+01   1.699751E+01  -1.000000E+01   3.225063E+00  -3.923586E+00        14
   6.114809E+03   1.869660E+06   2.812210E+01   2.812210E+01   2.124689E+01   1.699751E+01  -1.000000E+01   3.225063E+00  -3.923586E+00        14
   6.124809E+03   1.875780E+06   2.812210E+01   2.812210E+01   2.124689E+01   1.699751E+01  -1.000000E+01   3.225063E+00  -3.923586E+00        14
   6.134809E+03   1.881910E+06   2.812210E+01   2.812210E+01   2.124689E+01   1.699751E+01  -1.000000E+01   3.225063E+00  -3.923586E+00        14
   6.144809E+03   1.888050E+06   2.812210E+01   2.812210E+01   2.124689E+01   1.699751E+01  -1.000000E+01   3.225063E+00  -3.923586E+00        14
   6.154809E+03   1.894200E+06   2.812210E+01   2.812210E+01   2.124689E+01   1.699751E+01  -1.000000E+01   3.225063E+00  -3.923586E+00        14
   6.164809E+03   1.900360E+06   2.812210E+01   2.812210E+01   2.124689E+01   1.699751E+01  -1.000000E+01   3.225063E+00  -3.923586E+00        14
   6.174809E+03   1.906530E+06   2.812210E+01   2.812210E+01   2.124689E+01   1.699751E+01  -1.000000E+01   3.225063E+00  -3.923586E+00        14
   6.184809E+03   1.912710E+06   2.812210E+01   2.812210E+01   2.124689E+01   1.699751E+01  -1.000000E+01   3.225063E+00  -3.923586E+00        14
   6.194809E+03   1.918900E+06   2.812210E+01   2.812210E+01   2.124689E+01   1.699751E+01  -1.000000E+01   3.225063E+00  -3.923586E+00        14
   6.204809E+03   1.925100E+06   2.812210E+01   2.812210E+01   2.124689E+01   1.699751E+01  -1.000000E+01   3.225063E+00  -3.923586E+00        14
   6.214809E+03   1.931310E+06   2.812210E+01   2.812210E+01   2.124689E+01   1.699751E+01  -1.000000E+01   3.225063E+00  -3.923586E+00        14
   6.224809E+03   1.937530E+06   2.812210E+01   2.812210E+01   2.124689E+01   1.699751E+01  -1.000000E+01   3.225063E+00  -3.923586E+00        14
   6.234809E+03   1.943760E+06   2.812210E+01   2.812210E+01   2.124689E+01   1.699751E+01  -1.000000E+01   3.225063E+00  -3.923586E+00        14
   6.244809E+03   1.950000E+06   2.812210E+01   2.812210E+01   2.124689E+01   1.699751E+01  -1.000000E+01   3.225063E+00  -3.923586E+00        14
   6.254809E+03   1.956250E+06   2.812210E+01   2.812210E+01   2.124689E+01   1.699751E+01  -1.000000E+01   3.225063E+00  -3.923586E+00        14
   6.264809E+03   1.962510E+06   2.812210E+01   2.812210E+01   2.124689E+01   1.699751E+01  -1.000000E+01   3.225063E+00  -3.923586E+00        14
   6.274809E+03   1.968780E+06   2.812210E+01   2.812210E+01   2.124689E+01   1.699751E+01  -1.000000E+01   3.225063E+00  -3.923586E+00        14
   6.284809E+03   1.975060E+06   2.812210E+01   2.812210E+01   2.124689E+01   1.699751E+01  -1.000000E+01   3.225063E+00  -3.923586E+00        14
   6.294809E+03   1.981350E+06   2.812210E+01   2.812210E+01   2.124689E+01   1.699751E+01  -1.000000E+01   3.225063E+00  -3.923586E+00        14
   6.304809E+03   1.987650E+06   2.812210E+01   2.812210E+01   2.124689E+01   1.699751E+01  -1.000000E+01   3.225063E+00  -3.923586E+00        14
   6.314809E+03   1.993960E+06   2.812210E+01   2.812210E+01   2.124689E+01   1.699751E+01  -1.000000E+01   3.225063E+00  -3.923586E+00        14
   6.324809E+03   2.000280E+06   2.812210E+01   2.812210E+01   2.124689E+01   1.699751E+01  -1.000000E+01   3.225063E+00  -3.923586E+00        14
   6.334809E+03   2.006610E+06   2.812210E+01   2.812210E+01   2.124689E+01   1.699751E+01  -1.000000E+01   3.225063E+00  -3.923586E+00        14
   6.344809E+03   2.012950E+06   2.812210E+01   2.812210E+01   2.124689E+01   1.699751E+01  -1.000000E+01   3.225063E+00  -3.923586E+00        14
   6.354809E+03   2.019300E+06   2.812210E+01   2.812210E+01   2.124689E+01   1.699751E+01  -1.000000E+01   3.225063E+00  -3.923586E+00        14
   6.364809E+03   2.025660E+06   2.812210E+01   2.812210E+01   2.124689E+01   1.699751E+01  -1.000000E+01   3.225063E+00  -3.923586E+00        14
   6.374809E+03   2.032030E+06   2.812210E+01   2.812210E+01   2.124689E+01   1.699751E+01  -1.000000E+01   3.225063E+00  -3.923586E+00        14
   6.384809E+03   2.038410E+06   2.812210E+01   2.812210E+01   2.124689E+01   1.699751E+01  -1.000000E+01   3.225063E+00  -3.923586E+00        14
   6.394809E+03   2.044800E+06   2.812210E+01   2.812210E+01   2.124689E+01   1.699751E+01  -1.000000E+01   3.225063E+00  -3.923586E+00        14
   6.404809E+03   2.051200E+06   2.812210E+01   2.812210E+01   2.124689E+01   1.699751E+01  -1.000000E+01   3.225063E+00  -3.923586E+00        14
   6.414809E+03   2.057610E+06   2.812210E+01   2.812210E+01   2.124689E+01   1.699751E+01  -1.000000E+01   3.225063E+00  -3.923586E+00        14
   6.424809E+03   2.064030E+06   2.812210E+01   2.812210E+01   2.124689E+01   1.699751E+01  -1.000000E+01   3.225063E+00  -3.923586E+00        14
   6.434809E+03   2.070460E+06   2.812210E+01   2.812210E+01   2.124689E+01   1.699751E+01  -1.000000E+01   3.225063E+00  -3.923586E+00        14
   6.444809E+03   2.076900E+06   2.812210E+01   2.812210E+01   2.124689E+01   1.699751E+01  -1.000000E+01   3.225063E+00  -3.923586E+00        14
   6.454809E+03   2.083350E+06   2.812210E+01   2.812210E+01   2.124689E+01   1.699751E+01  -1.000000E+01   3.225063E+00  -3.923586E+00        14
   6.464809E+03   2.089810E+06   2.812210E+01   2.812210E+01   2.124689E+01   1.699751E+01  -1.000000E+01   3.225063E+00  -3.923586E+00        14
   6.474809E+03   2.096280E+06   2.812210E+01   2.812210E+01   2.124689E+01   1.699751E+01  -1.000000E+01   3.225063E+00  -3.923586E+00        14
   6.484809E+03   2.102760E+06   2.812210E+01   2.812210E+01   2.124689E+01   1.699751E+01  -1.000000E+01   3.225063E+00  -3.923586E+00        14
   6.494809E+03   2.109250E+06   2.812210E+01   2.812210E+01   2.124689E+01   1.699751E+01  -1.000000E+01   3.225063E+00  -3.923586E+00        14
   6.504809E+03   2.115750E+06   2.812210E+01   2.812210E+01   2.124689E+01   1.699751E+01  -1.000000E+01   3.225063E+00  -3.923586E+00        14
   6.514809E+03   2.122260E+06   2.812210E+01   2.812210E+01   2.124689E+01   1.699751E+01  -1.000000E+01   3.225063E+00  -3.923586E+00        14
   6.524809E+03   2.128780E+06   2.812210E+01   2.812210E+01   2.124689E+01   1.699751E+01  -1.000000E+01   3.225063E+00  -3.923586E+00        14
   6.534809E+03   2.135310E+06   2.812210E+01   2.812210E+01   2.124689E+01   1.699751E+01  -1.000000E+01   3.225063E+00  -3.923586E+00        14
   6.544809E+03   2.141850E+06   2.812210E+01   2.812210E+01   2.124689E+01   1.699751E+01  -1.000000E+01   3.225063E+00  -3.923586E+00        14
   6.554809E+03   2.148400E+06   2.812210E+01   2.812210E+01   2.124689E+01   1.699751E+01  -1.000000E+01   3.225063E+00  -3.923586E+00        14
   6.564809E+03   2.154960E+06   2.812210E+01   2.812210E+01   2.124689E+01   1.699751E+01  -1.000000E+01   3.225063E+00  -3.923586E+00        14
   6.574809E+03   2.161530E+06   2.812210E+01   2.812210E+01   2.124689E+01   1.699751E+01  -1.000000E+01   3.225063E+00  -3.923586E+00        14
   6.584809E+03   2.168110E+06   2.812210E+01   2.812210E+01   2.124689E+01   1.699751E+01  -1.000000E+01   3.225063E+00  -3.923586E+00        14
   6.594809E+03   2.174700E+06   2.812210E+01   2.812210E+01   2.124689E+01   1.699751E+01  -1.000000E+01   3.225063E+00  -3.923586E+00        14
   6.604809E+03   2.181300E+06   2.812210E+01   2.812210E+01   2.124689E+01   1.699751E+01  -1.000000E+01   3.225063E+00  -3.923586E+00        14
   6.614809E+03   2.187910E+06   2.812210E+01   2.812210E+01   2.124689E+01   1.699751E+01  -1.000000E+01   3.225063E+00  -3.923586E+00        14
   6.624809E+03   2.194530E+06   2.812210E+01   2.812210E+01   2.124689E+01   1.699751E+01  -1.000000E+01   3.225063E+00  -3.923586E+00        14
   6.634809E+03   2.201160E+06   2.812210E+01   2.812210E+01   2.124689E+01   1.699751E+01  -1.000000E+01   3.225063E+00  -3.923586E+00        14
   6.644809E+03   2.207800E+06   2.812210E+01   2.812210E+01   2.124689E+01   1.699751E+01  -1.000000E+01   3.225063E+00  -3.923586E+00        14
   6.654809E+03   2.214450E+06   2.812210E+01   2.812210E+01   2.124689E+01   1.699751E+01  -1.000000E+01   3.225063E+00  -3.923586E+00        14
   6.664809E+03   2.221110E+06   2.812210E+01   2.812210E+01   2.124689E+01   1.699751E+01  -1.000000E+01   3.225063E+00  -3.923586E+00        14
   6.674809E+03   2.227780E+06   2.812210E+01   2.812210E+01   2.124689E+01   1.699751E+01  -1.000000E+01   3.225063E+00  -3.923586E+00        14
   6.684809E+03   2.234460E+06   2.812210E+01   2.812210E+01   2.124689E+01   1.699751E+01  -1.000000E+01   3.225063E+00  -3.923586E+00        14
   6.694809E+03   2.241150E+06   2.812210E+01   2.812210E+01   2.124689E+01   1.699751E+01  -1.000000E+01   3.225063E+00  -3.923586E+00        14
   6.704809E+03   2.247850E+06   2.812210E+01   2.812210E+01   2.124689E+01   1.699751E+01  -1.000000E+01   3.225063E+00  -3.923586E+00        14
   6.714809E+03   2.254560E+06   2.812210E+01   2.812210E+01   2.124689E+01   1.699751E+01  -1.000000E+01   3.225063E+00  -3.923586E+00        14
   6.724809E+03   2.261280E+06   2.812210E+01   2.812210E+01   2.124689E+01   1.699751E+01  -1.000000E+01   3.225063E+00  -3.923586E+00        14
   6.734809E+03   2.268010E+06   2.812210E+01   2.812210E+01   2.124689E+01   1.699751E+01  -1.000000E+01   3.225063E+00  -3.923586E+00        14
   6.744809E+03   2.274750E+06   2.812210E+01   2.812210E+01   2.124689E+01   1.699751E+01  -1.000000E+01   3.225063E+00  -3.923586E+00        14
   6.754809E+03   2.281500E+06   2.812210E+01   2.812210E+01   2.124689E+01   1.699751E+01  -1.000000E+01   3.225063E+00  -3.923586E+00        14
   6.764809E+03   2.288260E+06   2.812210E+01   2.812210E+01   2.124689E+01   1.699751E+01  -1.000000E+01   3.225063E+00  -3.923586E+00        14
   6.774809E+03   2.295030E+06   2.812210E+01   2.812210E+01   2.124689E+01   1.699751E+01  -1.000000E+01   3.225063E+00  -3.923586E+00        14
   6.784809E+03   2.301810E+06   2.812210E+01   2.812210E+01   2.124689E+01   1.699751E+01  -1.000000E+01   3.225063E+00  -3.923586E+00        14
   6.794809E+03   2.308600E+06   2.812210E+01   2.812210E+01   2.124689E+01   1.699751E+01  -1.000000E+01   3.225063E+00  -3.923586E+00        14
   6.804809E+03   2.315400E+06   2.812210E+01   2.812210E+01   2.124689E+01   1.699751E+01  -1.000000E+01   3.225063E+00  -3.923586E+00        14
   6.814809E+03   2.322210E+06   2.812210E+01   2.812210E+01   2.124689E+01   1.699751E+01  -1.000000E+01   3.225063E+00  -3.923586E+00        14
   6.824809E+03   2.329030E+06   2.812210E+01   2.812210E+01   2.124689E+01   1.699751E+01  -1.000000E+01   3.225063E+00  -3.923586E+00        14
   6.834809E+03   2.335860E+06   2.812210E+01   2.812210E+01   2.124689E+01   1.699751E+01  -1.000000E+01   3.225063E+00  -3.923586E+00        14
   6.844809E+03   2.342700E+06   2.812210E+01   2.812210E+01   2.124689E+01   1.699751E+01  -1.000000E+01   3.225063E+00  -3.923586E+00        14
   6.854809E+03   2.349550E+06   2.812210E+01   2.812210E+01   2.124689E+01   1.699751E+01  -1.000000E+01   3.225063E+00  -3.923586E+00        14
   6.864809E+03   2.356410E+06   2.812210E+01   2.812210E+01   2.124689E+01   1.699751E+01  -1.000000E+01   3.225063E+00  -3.923586E+00        14
   6.874809E+03   2.363280E+06   2.812210E+01   2.812210E+01   2.124689E+01   1.699751E+01  -1.000000E+01   3.225063E+00  -3.923586E+00        14
   6.884809E+03   2.370160E+06   2.812210E+01   2.812210E+01   2.124689E+01   1.699751E+01  -1.000000E+01   3.225063E+00  -3.923586E+00        14
   6.894809E+03   2.377050E+06   2.812210E+01   2.812210E+01   2.124689E+01   1.699751E+01  -1.000000E+01   3.225063E+00  -3.923586E+00        14
   6.904809E+03   2.383950E+06   2.812210E+01   2.812210E+01   2.124689E+01   1.699751E+01  -1.000000E+01   3.225063E+00  -3.923586E+00        14
   6.914809E+03   2.390860E+06   2.812210E+01   2.812210E+01   2.124689E+01   1.699751E+01  -1.000000E+01   3.225063E+00  -3.923586E+00        14
   6.924809E+03   2.397780E+06   2.812210E+01   2.812210E+01   2.124689E+01   1.699751E+01  -1.000000E+01   3.225063E+00  -3.923586E+00        14
   6.934809E+03   2.404710E+06   2.812210E+01   2.812210E+01   2.124689E+01   1.699751E+01  -1.000000E+01   3.225063E+00  -3.923586E+00        14
   6.944809E+03   2.411650E+06   2.812210E+01   2.812210E+01   2.124689E+01   1.699751E+01  -1.000000E+01   3.225063E+00  -3.923586E+00        14
   6.954809E+03   2.418600E+06   2.812210E+01   2.812210E+01   2.124689E+01   1.699751E+01  -1.000000E+01   3.225063E+00  -3.923586E+00        14
   6.964809E+03   2.425560E+06   2.812210E+01   2.812210E+01   2.124689E+01   1.699751E+01  -1.000000E+01   3.225063E+00  -3.923586E+00        14
   6.974809E+03   2.432530E+06   2.812210E+01   2.812210E+01   2.124689E+01   1.699751E+01  -1.000000E+01   3.225063E+00  -3.923586E+00        14
   6.984809E+03   2.439510E+06   2.812210E+01   2.812210E+01   2.124689E+01   1.699751E+01  -1.000000E+01   3.225063E+00  -3.923586E+00        14
   6.994809E+03   2.446500E+06   2.812210E+01   2.812210E+01   2.124689E+01   1.699751E+01  -1.000000E+01   3.225063E+00  -3.923586E+00        14
   7.004809E+03   2.453500E+06   2.812210E+01   2.812210E+01   2.124689E+01   1.699751E+01  -1.000000E+01   3.225063E+00  -3.923586E+00        14
   7.014809E+03   2.460510E+06   2.812210E+01   2.812210E+01   2.124689E+01   1.699751E+01  -1.000000E+01   3.225063E+00  -3.923586E+00        14
   7.024809E+03   2.467530E+06   2.812210E+01   2.812210E+01   2.124689E+01   1.699751E+01  -1.000000E+01   3.225063E+00  -3.923586E+00        14
   7.034809E+03   2.474560E+06   2.812210E+01   2.812210E+01   2.124689E+01   1.699751E+01  -1.000000E+01   3.225063E+00  -3.923586E+00        14
   7.044809E+03   2.481600E+06   2.812210E+01   2.812210E+01   2.124689E+01   1.699751E+01  -1.000000E+01   3.225063E+00  -3.923586E+00        14
   7.054809E+03   2.488650E+06   2.812210E+01   2.812210E+01   2.124689E+01   1.699751E+01  -1.000000E+01   3.225063E+00  -3.923586E+00        14
   7.064809E+03   2.495710E+06   2.812210E+01   2.812210E+01   2.124689E+01   1.699751E+01  -1.000000E+01   3.225063E+00  -3.923586E+00        14
   7.074809E+03   2.502780E+06   2.812210E+01   2.812210E+01   2.124689E+01   1.699751E+01  -1.000000E+01   3.225063E+00  -3.923586E+00        14
   7.084809E+03   2.509860E+06   2.812210E+01   2.812210E+01   2.124689E+01   1.699751E+01  -1.000000E+01   3.225063E+00  -3.923586E+00        14
   7.094809E+03   2.516950E+06   2.812210E+01   2.812210E+01   2.124689E+01   1.699751E+01  -1.000000E+01   3.225063E+00  -3.923586E+00        14
   7.104809E+03   2.524050E+06   2.812210E+01   2.812210E+01   2.124689E+01   1.699751E+01  -1.000000E+01   3.225063E+00  -3.923586E+00        14
   7.114809E+03   2.531160E+06   2.812210E+01   2.812210E+01   2.124689E+01   1.699751E+01  -1.000000E+01   3.225063E+00  -3.923586E+00        14
   7.124809E+03   2.538280E+06   2.812210E+01   2.812210E+01   2.124689E+01   1.699751E+01  -1.000000E+01   3.225063E+00  -3.923586E+00        14
   7.134809E+03   2.545410E+06   2.812210E+01   2.812210E+01   2.124689E+01   1.699751E+01  -1.000000E+01   3.225063E+00  -3.923586E+00        14
   7.144809E+03   2.552550E+06   2.812210E+01   2.812210E+01   2.124689E+01   1.699751E+01  -1.000000E+01   3.225063E+00  -3.923586E+00        14
   7.154809E+03   2.559700E+06   2.812210E+01   2.812210E+01   2.124689E+01   1.699751E+01  -1.000000E+01   3.225063E+00  -3.923586E+00        14
   7.164809E+03   2.566860E+06   2.812210E+01   2.812210E+01   2.124689E+01   1.699751E+01  -1.000000E+01   3.225063E+00  -3.923586E+00        14
   7.174809E+03   2.574030E+06   2.812210E+01   2.812210E+01   2.124689E+01   1.699751E+01  -1.000000E+01   3.225063E+00  -3.923586E+00        14
   7.184809E+03   2.581210E+06   2.812210E+01   2.812210E+01   2.124689E+01   1.699751E+01  -1.000000E+01   3.225063E+00  -3.923586E+00        14
   7.194809E+03   2.588400E+06   2.812210E+01   2.812210E+01   2.124689E+01   1.699751E+01  -1.000000E+01   3.225063E+00  -3.923586E+00        14
   7.204809E+03   2.595600E+06   2.812210E+01   2.812210E+01   2.124689E+01   1.699751E+01  -1.000000E+01   3.225063E+00  -3.923586E+00        14
   7.214809E+03   2.602810E+06   2.812210E+01   2.812210E+01   2.124689E+01   1.699751E+01  -1.000000E+01   3.225063E+00  -3.923586E+00        14
   7.224809E+03   2.610030E+06   2.812210E+01   2.812210E+01   2.124689E+01   1.699751E+01  -1.000000E+01   3.225063E+00  -3.923586E+00        14
   7.234809E+03   2.617260E+06   2.812210E+01   2.812210E+01   2.124689E+01   1.699751E+01  -1.000000E+01   3.225063E+00  -3.923586E+00        14
   7.244809E+03   2.624500E+06   2.812210E+01   2.812210E+01   2.124689E+01   1.699751E+01  -1.000000E+01   3.225063E+00  -3.923586E+00        14
   7.254809E+03   2.631750E+06   2.812210E+01   2.812210E+01   2.124689E+01   1.699751E+01  -1.000000E+01   3.225063E+00  -3.923586E+00        14
   7.264809E+03   2.639010E+06   2.812210E+01   2.812210E+01   2.124689E+01   1.699751E+01  -1.000000E+01   3.225063E+00  -3.923586E+00        14
   7.274809E+03   2.646280E+06   2.812210E+01   2.812210E+01   2.124689E+01   1.699751E+01  -1.000000E+01   3.225063E+00  -3.923586E+00        14
   7.284809E+03   2.653560E+06   2.812210E+01   2.812210E+01   2.124689E+01   1.699751E+01  -1.000000E+01   3.225063E+00  -3.923586E+00        14
   7.294809E+03   2.660850E+06   2.812210E+01   2.812210E+01   2.124689E+01   1.699751E+01  -1.000000E+01   3.225063E+00  -3.923586E+00        14
   7.304809E+03   2.668150E+06   2.812210E+01   2.812210E+01   2.124689E+01   1.699751E+01  -1.000000E+01   3.225063E+00  -3.923586E+00        14
   7.314809E+03   2.675460E+06   2.812210E+01   2.812210E+01   2.124689E+01   1.699751E+01  -1.000000E+01   3.225063E+00  -3.923586E+00        14
   7.324809E+03   2.682780E+06   2.812210E+01   2.812210E+01   2.124689E+01   1.699751E+01  -1.000000E+01   3.225063E+00  -3.923586E+00        14
   7.334809E+03   2.690110E+06   2.812210E+01   2.812210E+01   2.124689E+01   1.699751E+01  -1.000000E+01   3.225063E+00  -3.923586E+00        14
   7.344809E+03   2.697450E+06   2.812210E+01   2.812210E+01   2.124689E+01   1.699751E+01  -1.000000E+01   3.225063E+00  -3.923586E+00        14
   7.354809E+03   2.704800E+06   2.812210E+01   2.812210E+01   2.124689E+01   1.699751E+01  -1.000000E+01   3.225063E+00  -3.923586E+00        14
   7.364809E+03   2.712160E+06   2.812210E+01   2.812210E+01   2.124689E+01   1.699751E+01  -1.000000E+01   3.225063E+00  -3.923586E+00        14
   7.374809E+03   2.719530E+06   2.812210E+01   2.812210E+01   2.124689E+01   1.699751E+01  -1.000000E+01   3.225063E+00  -3.923586E+00        14
   7.384809E+03   2.726910E+06   2.812210E+01   2.812210E+01   2.124689E+01   1.699751E+01  -1.000000E+01   3.225063E+00  -3.923586E+00        14
   7.394809E+03   2.734300E+06   2.812210E+01   2.812210E+01   2.124689E+01   1.699751E+01  -1.000000E+01   3.225063E+00  -3.923586E+00        14
   7.404809E+03   2.741700E+06   2.812210E+01   2.812210E+01   2.124689E+01   1.699751E+01  -1.000000E+01   3.225063E+00  -3.923586E+00        14
   7.414809E+03   2.749110E+06   2.812210E+01   2.812210E+01   2.124689E+01   1.699751E+01  -1.000000E+01   3.225063E+00  -3.923586E+00        14
   7.424809E+03   2.756530E+06   2.812210E+01   2.812210E+01   2.124689E+01   1.699751E+01  -1.000000E+01   3.225063E+00  -3.923586E+00        14
   7.434809E+03   2.763960E+06   2.812210E+01   2.812210E+01   2.124689E+01   1.699751E+01  -1.000000E+01   3.225063E+00  -3.923586E+00        14
   7.444809E+03   2.771400E+06   2.812210E+01   2.812210E+01   2.124689E+01   1.699751E+01  -1.000000E+01   3.225063E+00  -3.923586E+00        14
   7.454809E+03   2.778850E+06   2.812210E+01   2.812210E+01   2.124689E+01   1.699751E+01  -1.000000E+01   3.225063E+00  -3.923586E+00        14
   7.464809E+03   2.786310E+06   2.812210E+01   2.812210E+01   2.124689E+01   1.699751E+01  -1.000000E+01   3.225063E+00  -3.923586E+00        14
   7.474809E+03   2.793780E+06   2.812210E+01   2.812210E+01   2.124689E+01   1.699751E+01  -1.000000E+01   3.225063E+00  -3.923586E+00        14
   7.484809E+03   2.801260E+06   2.812210E+01   2.812210E+01   2.124689E+01   1.699751E+01  -1.000000E+01   3.225063E+00  -3.923586E+00        14
   7.494809E+03   2.808750E+06   2.812210E+01   2.812210E+01   2.124689E+01   1.699751E+01  -1.000000E+01   3.225063E+00  -3.923586E+00        14
   7.504809E+03   2.816250E+06   2.812210E+01   2.812210E+01   2.124689E+01   1.699751E+01  -1.000000E+01   3.225063E+00  -3.923586E+00        14
   7.514809E+03   2.823760E+06   2.812210E+01   2.812210E+01   2.124689E+01   1.699751E+01  -1.000000E+01   3.225063E+00  -3.923586E+00        14
   7.524809E+03   2.831280E+06   2.812210E+01   2.812210E+01   2.124689E+01   1.699751E+01  -1.000000E+01   3.225063E+00  -3.923586E+00        14
   7.534809E+03   2.838810E+06   2.812210E+01   2.812210E+01   2.124689E+01   1.699751E+01  -1.000000E+01   3.225063E+00  -3.923586E+00        14
   7.544809E+03   2.846350E+06   2.812210E+01   2.812210E+01   2.124689E+01   1.699751E+01  -1.000000E+01   3.225063E+00  -3.923586E+00        14
   7.554809E+03   2.853900E+06   2.812210E+01   2.812210E+01   2.124689E+01   1.699751E+01  -1.000000E+01   3.225063E+00  -3.923586E+00        14
   7.564809E+03   2.861460E+06   2.812210E+01   2.812210E+01   2.124689E+01   1.699751E+01  -1.000000E+01   3.225063E+00  -3.923586E+00        14
   7.574809E+03   2.869030E+06   2.812210E+01   2.812210E+01   2.124689E+01   1.699751E+01  -1.000000E+01   3.225063E+00  -3.923586E+00        14
   7.584809E+03   2.876610E+06   2.812210E+01   2.812210E+01   2.124689E+01   1.699751E+01  -1.000000E+01   3.225063E+00  -3.923586E+00        14
   7.594809E+03   2.884200E+06   2.812210E+01   2.812210E+01   2.124689E+01   1.699751E+01  -1.000000E+01   3.225063E+00  -3.923586E+00        14
   7.604809E+03   2.891800E+06   2.812210E+01   2.812210E+01   2.124689E+01   1.699751E+01  -1.000000E+01   3.225063E+00  -3.923586E+00        14
   7.614809E+03   2.899410E+06   2.812210E+01   2.812210E+01   2.124689E+01   1.699751E+01  -1.000000E+01   3.225063E+00  -3.923586E+00        14
   7.624809E+03   2.907030E+06   2.812210E+01   2.812210E+01   2.124689E+01   1.699751E+01  -1.000000E+01   3.225063E+00  -3.923586E+00        14
   7.634809E+03   2.914660E+06   2.812210E+01   2.812210E+01   2.124689E+01   1.699751E+01  -1.000000E+01   3.225063E+00  -3.923586E+00        14
   7.644809E+03   2.922300E+06   2.812210E+01   2.812210E+01   2.124689E+01   1.699751E+01  -1.000000E+01   3.225063E+00  -3.923586E+00        14
   7.654809E+03   2.929950E+06   2.812210E+01   2.812210E+01   2.124689E+01   1.699751E+01  -1.000000E+01   3.225063E+00  -3.923586E+00        14
   7.664809E+03   2.937610E+06   2.812210E+01   2.812210E+01   2.124689E+01   1.699751E+01  -1.000000E+01   3.225063E+00  -3.923586E+00        14
   7.674809E+03   2.945280E+06   2.812210E+01   2.812210E+01   2.124689E+01   1.699751E+01  -1.000000E+01   3.225063E+00  -3.923586E+00        14
   7.684809E+03   2.952960E+06   2.812210E+01   2.812210E+01   2.124689E+01   1.699751E+01  -1.000000E+01   3.225063E+00  -3.923586E+00        14
   7.694809E+03   2.960650E+06   2.812210E+01   2.812210E+01   2.124689E+01   1.699751E+01  -1.000000E+01   3.225063E+00  -3.923586E+00        14
   7.704809E+03   2.968350E+06   2.812210E+01   2.812210E+01   2.124689E+01   1.699751E+01  -1.000000E+01   3.225063E+00  -3.923586E+00        14
   7.714809E+03   2.976060E+06   2.812210E+01   2.812210E+01   2.124689E+01   1.699751E+01  -1.000000E+01   3.225063E+00  -3.923586E+00        14
   7.724809E+03   2.983780E+06   2.812210E+01   2.812210E+01   2.124689E+01   1.699751E+01  -1.000000E+01   3.225063E+00  -3.923586E+00        14
   7.734809E+03   2.991510E+06   2.812210E+01   2.812210E+01   2.124689E+01   1.699751E+01  -1.000000E+01   3.225063E+00  -3.923586E+00        14
   7.744809E+03   2.999250E+06   2.812210E+01   2.812210E+01   2.124689E+01   1.699751E+01  -1.000000E+01   3.225063E+00  -3.923586E+00        14
   7.754809E+03   3.007000E+06   2.812210E+01   2.812210E+01   2.124689E+01   1.699751E+01  -1.000000E+01   3.225063E+00  -3.923586E+00        14
   7.764809E+03   3.014760E+06   2.812210E+01   2.812210E+01   2.124689E+01   1.699751E+01  -1.000000E+01   3.225063E+00  -3.923586E+00        14
   7.774809E+03   3.022530E+06   2.812210E+01   2.812210E+01   2.124689E+01   1.699751E+01  -1.000000E+01   3.225063E+00  -3.923586E+00        14
   7.784809E+03   3.030310E+06   2.812210E+01   2.812210E+01   2.124689E+01   1.699751E+01  -1.000000E+01   3.225063E+00  -3.923586E+00        14
   7.794809E+03   3.038100E+06   2.812210E+01   2.812210E+01   2.124689E+01   1.699751E+01  -1.000000E+01   3.225063E+00  -3.923586E+00        14
   7.804809E+03   3.045900E+06   2.812210E+01   2.812210E+01   2.124689E+01   1.699751E+01  -1.000000E+01   3.225063E+00  -3.923586E+00        14
   7.814809E+03   3.053710E+06   2.812210E+01   2.812210E+01   2.124689E+01   1.699751E+01  -1.000000E+01   3.225063E+00  -3.923586E+00        14
   7.824809E+03   3.061530E+06   2.812210E+01   2.812210E+01   2.124689E+01   1.699751E+01  -1.000000E+01   3.225063E+00  -3.923586E+00        14
   7.834809E+03   3.069360E+06   2.812210E+01   2.812210E+01   2.124689E+01   1.699751E+01  -1.000000E+01   3.225063E+00  -3.923586E+00        14
   7.844809E+03   3.077200E+06   2.812210E+01   2.812210E+01   2.124689E+01   1.699751E+01  -1.000000E+01   3.225063E+00  -3.923586E+00        14
   7.854809E+03   3.085050E+06   2.812210E+01   2.812210E+01   2.124689E+01   1.699751E+01  -1.000000E+01   3.225063E+00  -3.923586E+00        14
   7.864809E+03   3.092910E+06   2.812210E+01   2.812210E+01   2.124689E+01   1.699751E+01  -1.000000E+01   3.225063E+00  -3.923586E+00        14
   7.874809E+03   3.100780E+06   2.812210E+01   2.812210E+01   2.124689E+01   1.699751E+01  -1.000000E+01   3.225063E+00  -3.923586E+00        14
   7.884809E+03   3.108660E+06   2.812210E+01   2.812210E+01   2.124689E+01   1.699751E+01  -1.000000E+01   3.225063E+00  -3.923586E+00        14
   7.894809E+03   3.116550E+06   2.812210E+01   2.812210E+01   2.124689E+01   1.699751E+01  -1.000000E+01   3.225063E+00  -3.923586E+00        14
   7.904809E+03   3.124450E+06   2.812210E+01   2.812210E+01   2.124689E+01   1.699751E+01  -1.000000E+01   3.225063E+00  -3.923586E+00        14
   7.914809E+03   3.132360E+06   2.812210E+01   2.812210E+01   2.124689E+01   1.699751E+01  -1.000000E+01   3.225063E+00  -3.923586E+00        14
   7.924809E+03   3.140280E+06   2.812210E+01   2.812210E+01   2.124689E+01   1.699751E+01  -1.000000E+01   3.225063E+00  -3.923586E+00        14
   7.934809E+03   3.148210E+06   2.812210E+01   2.812210E+01   2.124689E+01   1.699751E+01  -1.000000E+01   3.225063E+00  -3.923586E+00        14
   7.944809E+03   3.156150E+06   2.812210E+01   2.812210E+01   2.124689E+01   1.699751E+01  -1.000000E+01   3.225063E+00  -3.923586E+00        14
   7.954809E+03   3.164100E+06   2.812210E+01   2.812210E+01   2.124689E+01   1.699751E+01  -1.000000E+01   3.225063E+00  -3.923586E+00        14
   7.964809E+03   3.172060E+06   2.812210E+01   2.812210E+01   2.124689E+01   1.699751E+01  -1.000000E+01   3.225063E+00  -3.923586E+00        14
   7.974809E+03   3.180030E+06   2.812210E+01   2.812210E+01   2.124689E+01   1.699751E+01  -1.000000E+01   3.225063E+00  -3.923586E+00        14
   7.984809E+03   3.188010E+06   2.812210E+01   2.812210E+01   2.124689E+01   1.699751E+01  -1.000000E+01   3.225063E+00  -3.923586E+00        14
   7.994809E+03   3.196000E+06   2.812210E+01   2.812210E+01   2.124689E+01   1.699751E+01  -1.000000E+01   3.225063E+00  -3.923586E+00        14
   8.004809E+03   3.204000E+06   2.812210E+01   2.812210E+01   2.124689E+01   1.699751E+01  -1.000000E+01   3.225063E+00  -3.923586E+00        14
   8.014809E+03   3.212010E+06   2.812210E+01   2.812210E+01   2.124689E+01   1.699751E+01  -1.000000E+01   3.225063E+00  -3.923586E+00        14
   8.024809E+03   3.220030E+06   2.812210E+01   2.812210E+01   2.124689E+01   1.699751E+01  -1.000000E+01   3.225063E+00  -3.923586E+00        14
   8.034809E+03   3.228060E+06   2.812210E+01   2.812210E+01   2.124689E+01   1.699751E+01  -1.000000E+01   3.225063E+00  -3.923586E+00        14
   8.044809E+03   3.236100E+06   2.812210E+01   2.812210E+01   2.124689E+01   1.699751E+01  -1.000000E+01   3.225063E+00  -3.923586E+00        14
   8.054809E+03   3.244150E+06   2.812210E+01   2.812210E+01   2.124689E+01   1.699751E+01  -1.000000E+01   3.225063E+00  -3.923586E+00        14
   8.064809E+03   3.252210E+06   2.812210E+01   2.812210E+01   2.124689E+01   1.699751E+01  -1.000000E+01   3.225063E+00  -3.923586E+00        14
   8.074809E+03   3.260280E+06   2.812210E+01   2.812210E+01   2.124689E+01   1.699751E+01  -1.000000E+01   3.225063E+00  -3.923586E+00        14
   8.084809E+03   3.268360E+06   2.812210E+01   2.812210E+01   2.124689E+01   1.699751E+01  -1.000000E+01   3.225063E+00  -3.923586E+00        14
   8.094809E+03   3.276450E+06   2.812210E+01   2.812210E+01   2.124689E+01   1.699751E+01  -1.000000E+01   3.225063E+00  -3.923586E+00        14
   8.104809E+03   3.284550E+06   2.812210E+01   2.812210E+01   2.124689E+01   1.699751E+01  -1.000000E+01   3.225063E+00  -3.923586E+00        14
   8.114809E+03   3.292660E+06   2.812210E+01   2.812210E+01   2.124689E+01   1.699751E+01  -1.000000E+01   3.225063E+00  -3.923586E+00        14
   8.124809E+03   3.300780E+06   2.812210E+01   2.812210E+01   2.124689E+01   1.699751E+01  -1.000000E+01   3.225063E+00  -3.923586E+00        14
   8.134809E+03   3.308910E+06   2.812210E+01   2.812210E+01   2.124689E+01   1.699751E+01  -1.000000E+01   3.225063E+00  -3.923586E+00        14
   8.144809E+03   3.317050E+06   2.812210E+01   2.812210E+01   2.124689E+01   1.699751E+01  -1.000000E+01   3.225063E+00  -3.923586E+00        14
   8.154809E+03   3.325200E+06   2.812210E+01   2.812210E+01   2.124689E+01   1.699751E+01  -1.000000E+01   3.225063E+00  -3.923586E+00        14
   8.164809E+03   3.333360E+06   2.812210E+01   2.812210E+01   2.124689E+01   1.699751E+01  -1.000000E+01   3.225063E+00  -3.923586E+00        14
   8.174809E+03   3.341530E+06   2.812210E+01   2.812210E+01   2.124689E+01   1.699751E+01  -1.000000E+01   3.225063E+00  -3.923586E+00        14
   8.184809E+03   3.349710E+06   2.812210E+01   2.812210E+01   2.124689E+01   1.699751E+01  -1.000000E+01   3.225063E+00  -3.923586E+00        14
   8.194809E+03   3.357900E+06   2.812210E+01   2.812210E+01   2.124689E+01   1.699751E+01  -1.000000E+01   3.225063E+00  -3.923586E+00        14
   8.204809E+03   3.366100E+06   2.812210E+01   2.812210E+01   2.124689E+01   1.699751E+01  -1.000000E+01   3.225063E+00  -3.923586E+00        14
   8.214809E+03   3.374310E+06   2.812210E+01   2.812210E+01   2.124689E+01   1.699751E+01  -1.000000E+01   3.225063E+00  -3.923586E+00        14
   8.224809E+03   3.382530E+06   2.812210E+01   2.812210E+01   2.124689E+01   1.699751E+01  -1.000000E+01   3.225063E+00  -3.923586E+00        14
   8.234809E+03   3.390760E+06   2.812210E+01   2.812210E+01   2.124689E+01   1.699751E+01  -1.000000E+01   3.225063E+00  -3.923586E+00        14
   8.244809E+03   3.399000E+06   2.812210E+01   2.812210E+01   2.124689E+01   1.699751E+01  -1.000000E+01   3.225063E+00  -3.923586E+00        14
   8.254809E+03   3.407250E+06   2.812210E+01   2.812210E+01   2.124689E+01   1.699751E+01  -1.000000E+01   3.225063E+00  -3.923586E+00        14
   8.264809E+03   3.415510E+06   2.812210E+01   2.812210E+01   2.124689E+01   1.699751E+01  -1.000000E+01   3.225063E+00  -3.923586E+00        14
   8.274809E+03   3.423780E+06   2.812210E+01   2.812210E+01   2.124689E+01   1.699751E+01  -1.000000E+01   3.225063E+00  -3.923586E+00        14
   8.284809E+03   3.432060E+06   2.812210E+01   2.812210E+01   2.124689E+01   1.699751E+01  -1.000000E+01   3.225063E+00  -3.923586E+00        14
   8.294809E+03   3.440350E+06   2.812210E+01   2.812210E+01   2.124689E+01   1.699751E+01  -1.000000E+01   3.225063E+00  -3.923586E+00        14
   8.304809E+03   3.448650E+06   2.812210E+01   2.812210E+01   2.124689E+01   1.699751E+01  -1.000000E+01   3.225063E+00  -3.923586E+00        14
   8.314809E+03   3.456960E+06   2.812210E+01   2.812210E+01   2.124689E+01   1.699751E+01  -1.000000E+01   3.225063E+00  -3.923586E+00        14
   8.324809E+03   3.465280E+06   2.812210E+01   2.812210E+01   2.124689E+01   1.699751E+01  -1.000000E+01   3.225063E+00  -3.923586E+00        14
   8.334809E+03   3.473610E+06   2.812210E+01   2.812210E+01   2.124689E+01   1.699751E+01  -1.000000E+01   3.225063E+00  -3.923586E+00        14
   8.344809E+03   3.481950E+06   2.812210E+01   2.812210E+01   2.124689E+01   1.699751E+01  -1.000000E+01   3.225063E+00  -3.923586E+00        14
   8.354809E+03   3.490300E+06   2.812210E+01   2.812210E+01   2.124689E+01   1.699751E+01  -1.000000E+01   3.225063E+00  -3.923586E+00        14
   8.364809E+03   3.498660E+06   2.812210E+01   2.812210E+01   2.124689E+01   1.699751E+01  -1.000000E+01   3.225063E+00  -3.923586E+00        14
   8.374809E+03   3.507030E+06   2.812210E+01   2.812210E+01   2.124689E+01   1.699751E+01  -1.000000E+01   3.225063E+00  -3.923586E+00        14
   8.384809E+03   3.515410E+06   2.812210E+01   2.812210E+01   2.124689E+01   1.699751E+01  -1.000000E+01   3.225063E+00  -3.923586E+00        14
   8.394809E+03   3.523800E+06   2.812210E+01   2.812210E+01   2.124689E+01   1.699751E+01  -1.000000E+01   3.225063E+00  -3.923586E+00        14
   8.404809E+03   3.532200E+06   2.812210E+01   2.812210E+01   2.124689E+01   1.699751E+01  -1.000000E+01   3.225063E+00  -3.923586E+00        14
   8.414809E+03   3.540610E+06   2.812210E+01   2.812210E+01   2.124689E+01   1.699751E+01  -1.000000E+01   3.225063E+00  -3.923586E+00        14
   8.424809E+03   3.549030E+06   2.812210E+01   2.812210E+01   2.124689E+01   1.699751E+01  -1.000000E+01   3.225063E+00  -3.923586E+00        14
   8.434809E+03   3.557460E+06   2.812210E+01   2.812210E+01   2.124689E+01   1.699751E+01  -1.000000E+01   3.225063E+00  -3.923586E+00        14
   8.444809E+03   3.565900E+06   2.812210E+01   2.812210E+01   2.124689E+01   1.699751E+01  -1.000000E+01   3.225063E+00  -3.923586E+00        14
   8.454809E+03   3.574350E+06   2.812210E+01   2.812210E+01   2.124689E+01   1.699751E+01  -1.000000E+01   3.225063E+00  -3.923586E+00        14
   8.464809E+03   3.582810E+06   2.812210E+01   2.812210E+01   2.124689E+01   1.699751E+01  -1.000000E+01   3.225063E+00  -3.923586E+00        14
   8.474809E+03   3.591280E+06   2.812210E+01   2.812210E+01   2.124689E+01   1.699751E+01  -1.000000E+01   3.225063E+00  -3.923586E+00        14
   8.484809E+03   3.599760E+06   2.812210E+01   2.812210E+01   2.124689E+01   1.699751E+01  -1.000000E+01   3.225063E+00  -3.923586E+00        14
   8.494809E+03   3.608250E+06   2.812210E+01   2.812210E+01   2.124689E+01   1.699751E+01  -1.000000E+01   3.225063E+00  -3.923586E+00        14
   8.504809E+03   3.616750E+06   2.812210E+01   2.812210E+01   2.124689E+01   1.699751E+01  -1.000000E+01   3.225063E+00  -3.923586E+00        14
   8.514809E+03   3.625260E+06   2.812210E+01   2.812210E+01   2.124689E+01   1.699751E+01  -1.000000E+01   3.225063E+00  -3.923586E+00        14
   8.524809E+03   3.633780E+06   2.812210E+01   2.812210E+01   2.124689E+01   1.699751E+01  -1.000000E+01   3.225063E+00  -3.923586E+00        14
   8.534809E+03   3.642310E+06   2.812210E+01   2.812210E+01   2.124689E+01   1.699751E+01  -1.000000E+01   3.225063E+00  -3.923586E+00        14
   8.544809E+03   3.650850E+06   2.812210E+01   2.812210E+01   2.124689E+01   1.699751E+01  -1.000000E+01   3.225063E+00  -3.923586E+00        14
   8.554809E+03   3.659400E+06   2.812210E+01   2.812210E+01   2.124689E+01   1.699751E+01  -1.000000E+01   3.225063E+00  -3.923586E+00        14
   8.564809E+03   3.667960E+06   2.812210E+01   2.812210E+01   2.124689E+01   1.699751E+01  -1.000000E+01   3.225063E+00  -3.923586E+00        14
   8.574809E+03   3.676530E+06   2.812210E+01   2.812210E+01   2.124689E+01   1.699751E+01  -1.000000E+01   3.225063E+00  -3.923586E+00        14
   8.584809E+03   3.685110E+06   2.812210E+01   2.812210E+01   2.124689E+01   1.699751E+01  -1.000000E+01   3.225063E+00  -3.923586E+00        14
   8.594809E+03   3.693700E+06   2.812210E+01   2.812210E+01   2.124689E+01   1.699751E+01  -1.000000E+01   3.225063E+00  -3.923586E+00        14
   8.604809E+03   3.702300E+06   2.812210E+01   2.812210E+01   2.124689E+01   1.699751E+01  -1.000000E+01   3.225063E+00  -3.923586E+00        14
   8.614809E+03   3.710910E+06   2.812210E+01   2.812210E+01   2.124689E+01   1.699751E+01  -1.000000E+01   3.225063E+00  -3.923586E+00        14
   8.624809E+03   3.719530E+06   2.812210E+01   2.812210E+01   2.124689E+01   1.699751E+01  -1.000000E+01   3.225063E+00  -3.923586E+00        14
   8.634809E+03   3.728160E+06   2.812210E+01   2.812210E+01   2.124689E+01   1.699751E+01  -1.000000E+01   3.225063E+00  -3.923586E+00        14
   8.644809E+03   3.736800E+06   2.812210E+01   2.812210E+01   2.124689E+01   1.699751E+01  -1.000000E+01   3.225063E+00  -3.923586E+00        14
   8.654809E+03   3.745450E+06   2.812210E+01   2.812210E+01   2.124689E+01   1.699751E+01  -1.000000E+01   3.225063E+00  -3.923586E+00        14
   8.664809E+03   3.754110E+06   2.812210E+01   2.812210E+01   2.124689E+01   1.699751E+01  -1.000000E+01   3.225063E+00  -3.923586E+00        14
   8.674809E+03   3.762780E+06   2.812210E+01   2.812210E+01   2.124689E+01   1.699751E+01  -1.000000E+01   3.225063E+00  -3.923586E+00        14
   8.684809E+03   3.771460E+06   2.812210E+01   2.812210E+01   2.124689E+01   1.699751E+01  -1.000000E+01   3.225063E+00  -3.923586E+00        14
   8.694809E+03   3.780150E+06   2.812210E+01   2.812210E+01   2.124689E+01   1.699751E+01  -1.000000E+01   3.225063E+00  -3.923586E+00        14
   8.704809E+03   3.788850E+06   2.812210E+01   2.812210E+01   2.124689E+01   1.699751E+01  -1.000000E+01   3.225063E+00  -3.923586E+00        14
   8.714809E+03   3.797560E+06   2.812210E+01   2.812210E+01   2.124689E+01   1.699751E+01  -1.000000E+01   3.225063E+00  -3.923586E+00        14
   8.724809E+03   3.806280E+06   2.812210E+01   2.812210E+01   2.124689E+01   1.699751E+01  -1.000000E+01   3.225063E+00  -3.923586E+00        14
   8.734809E+03   3.815010E+06   2.812210E+01   2.812210E+01   2.124689E+01   1.699751E+01  -1.000000E+01   3.225063E+00  -3.923586E+00        14
   8.744809E+03   3.823750E+06   2.812210E+01   2.812210E+01   2.124689E+01   1.699751E+01  -1.000000E+01   3.225063E+00  -3.923586E+00        14
   8.754809E+03   3.832500E+06   2.812210E+01   2.812210E+01   2.124689E+01   1.699751E+01  -1.000000E+01   3.225063E+00  -3.923586E+00        14
   8.764809E+03   3.841260E+06   2.812210E+01   2.812210E+01   2.124689E+01   1.699751E+01  -1.000000E+01   3.225063E+00  -3.923586E+00        14
   8.774809E+03   3.850030E+06   2.812210E+01   2.812210E+01   2.124689E+01   1.699751E+01  -1.000000E+01   3.225063E+00  -3.923586E+00        14
   8.784809E+03   3.858810E+06   2.812210E+01   2.812210E+01   2.124689E+01   1.699751E+01  -1.000000E+01   3.225063E+00  -3.923586E+00        14
   8.794809E+03   3.867600E+06   2.812210E+01   2.812210E+01   2.124689E+01   1.699751E+01  -1.000000E+01   3.225063E+00  -3.923586E+00        14
   8.804809E+03   3.876400E+06   2.812210E+01   2.812210E+01   2.124689E+01   1.699751E+01  -1.000000E+01   3.225063E+00  -3.923586E+00        14
   8.814809E+03   3.885210E+06   2.812210E+01   2.812210E+01   2.124689E+01   1.699751E+01  -1.000000E+01   3.225063E+00  -3.923586E+00        14
   8.824809E+03   3.894030E+06   2.812210E+01   2.812210E+01   2.124689E+01   1.699751E+01  -1.000000E+01   3.225063E+00  -3.923586E+00        14
   8.834809E+03   3.902860E+06   2.812210E+01   2.812210E+01   2.124689E+01   1.699751E+01  -1.000000E+01   3.225063E+00  -3.923586E+00        14
   8.844809E+03   3.911700E+06   2.812210E+01   2.812210E+01   2.124689E+01   1.699751E+01  -1.000000E+01   3.225063E+00  -3.923586E+00        14
   8.854809E+03   3.920550E+06   2.812210E+01   2.812210E+01   2.124689E+01   1.699751E+01  -1.000000E+01   3.225063E+00  -3.923586E+00        14
   8.864809E+03   3.929410E+06   2.812210E+01   2.812210E+01   2.124689E+01   1.699751E+01  -1.000000E+01   3.225063E+00  -3.923586E+00        14
   8.874809E+03   3.938280E+06   2.812210E+01   2.812210E+01   2.124689E+01   1.699751E+01  -1.000000E+01   3.225063E+00  -3.923586E+00        14
   8.884809E+03   3.947160E+06   2.812210E+01   2.812210E+01   2.124689E+01   1.699751E+01  -1.000000E+01   3.225063E+00  -3.923586E+00        14
   8.894809E+03   3.956050E+06   2.812210E+01   2.812210E+01   2.124689E+01   1.699751E+01  -1.000000E+01   3.225063E+00  -3.923586E+00        14
   8.904809E+03   3.964950E+06   2.812210E+01   2.812210E+01   2.124689E+01   1.699751E+01  -1.000000E+01   3.225063E+00  -3.923586E+00        14
   8.914809E+03   3.973860E+06   2.812210E+01   2.812210E+01   2.124689E+01   1.699751E+01  -1.000000E+01   3.225063E+00  -3.923586E+00        14
   8.924809E+03   3.982780E+06   2.812210E+01   2.812210E+01   2.124689E+01   1.699751E+01  -1.000000E+01   3.225063E+00  -3.923586E+00        14
   8.934809E+03   3.991710E+06   2.812210E+01   2.812210E+01   2.124689E+01   1.699751E+01  -1.000000E+01   3.225063E+00  -3.923586E+00        14
   8.944809E+03   4.000650E+06   2.812210E+01   2.812210E+01   2.124689E+01   1.699751E+01  -1.000000E+01   3.225063E+00  -3.923586E+00        14
   8.954809E+03   4.009600E+06   2.812210E+01   2.812210E+01   2.124689E+01   1.699751E+01  -1.000000E+01   3.225063E+00  -3.923586E+00        14
   8.964809E+03   4.018560E+06   2.812210E+01   2.812210E+01   2.124689E+01   1.699751E+01  -1.000000E+01   3.225063E+00  -3.923586E+00        14
   8.974809E+03   4.027530E+06   2.812210E+01   2.812210E+01   2.124689E+01   1.699751E+01  -1.000000E+01   3.225063E+00  -3.923586E+00        14
   8.984809E+03   4.036510E+06   2.812210E+01   2.812210E+01   2.124689E+01   1.699751E+01  -1.000000E+01   3.225063E+00  -3.923586E+00        14
   8.994809E+03   4.045500E+06   2.812210E+01   2.812210E+01   2.124689E+01   1.699751E+01  -1.000000E+01   3.225063E+00  -3.923586E+00        14
   9.004809E+03   4.054500E+06   2.812210E+01   2.812210E+01   2.124689E+01   1.699751E+01  -1.000000E+01   3.225063E+00  -3.923586E+00        14
   9.014809E+03   4.063510E+06   2.812210E+01   2.812210E+01   2.124689E+01   1.699751E+01  -1.000000E+01   3.225063E+00  -3.923586E+00        14
   9.024809E+03   4.072530E+06   2.812210E+01   2.812210E+01   2.124689E+01   1.699751E+01  -1.000000E+01   3.225063E+00  -3.923586E+00        14
   9.034809E+03   4.081560E+06   2.812210E+01   2.812210E+01   2.124689E+01   1.699751E+01  -1.000000E+01   3.225063E+00  -3.923586E+00        14
   9.044809E+03   4.090600E+06   2.812210E+01   2.812210E+01   2.124689E+01   1.699751E+01  -1.000000E+01   3.225063E+00  -3.923586E+00        14
   9.054809E+03   4.099650E+06   2.812210E+01   2.812210E+01   2.124689E+01   1.699751E+01  -1.000000E+01   3.225063E+00  -3.923586E+00        14
   9.064809E+03   4.108710E+06   2.812210E+01   2.812210E+01   2.124689E+01   1.699751E+01  -1.000000E+01   3.225063E+00  -3.923586E+00        14
   9.074809E+03   4.117780E+06   2.812210E+01   2.812210E+01   2.124689E+01   1.699751E+01  -1.000000E+01   3.225063E+00  -3.923586E+00        14
   9.084809E+03   4.126860E+06   2.812210E+01   2.812210E+01   2.124689E+01   1.699751E+01  -1.000000E+01   3.225063E+00  -3.923586E+00        14
   9.094809E+03   4.135950E+06   2.812210E+01   2.812210E+01   2.124689E+01   1.699751E+01  -1.000000E+01   3.225063E+00  -3.923586E+00        14
   9.104809E+03   4.145050E+06   2.812210E+01   2.812210E+01   2.124689E+01   1.699751E+01  -1.000000E+01   3.225063E+00  -3.923586E+00        14
   9.114809E+03   4.154160E+06   2.812210E+01   2.812210E+01   2.124689E+01   1.699751E+01  -1.000000E+01   3.225063E+00  -3.923586E+00        14
   9.124809E+03   4.163280E+06   2.812210E+01   2.812210E+01   2.124689E+01   1.699751E+01  -1.000000E+01   3.225063E+00  -3.923586E+00        14
   9.134809E+03   4.172410E+06   2.812210E+01   2.812210E+01   2.124689E+01   1.699751E+01  -1.000000E+01   3.225063E+00  -3.923586E+00        14
   9.144809E+03   4.181550E+06   2.812210E+01   2.812210E+01   2.124689E+01   1.699751E+01  -1.000000E+01   3.225063E+00  -3.923586E+00        14
   9.154809E+03   4.190700E+06   2.812210E+01   2.812210E+01   2.124689E+01   1.699751E+01  -1.000000E+01   3.225063E+00  -3.923586E+00        14
   9.164809E+03   4.199860E+06   2.812210E+01   2.812210E+01   2.124689E+01   1.699751E+01  -1.000000E+01   3.225063E+00  -3.923586E+00        14
   9.174809E+03   4.209030E+06   2.812210E+01   2.812210E+01   2.124689E+01   1.699751E+01  -1.000000E+01   3.225063E+00  -3.923586E+00        14
   9.184809E+03   4.218210E+06   2.812210E+01   2.812210E+01   2.124689E+01   1.699751E+01  -1.000000E+01   3.225063E+00  -3.923586E+00        14
   9.194809E+03   4.227400E+06   2.812210E+01   2.812210E+01   2.124689E+01   1.699751E+01  -1.000000E+01   3.225063E+00  -3.923586E+00        14
   9.204809E+03   4.236600E+06   2.812210E+01   2.812210E+01   2.124689E+01   1.699751E+01  -1.000000E+01   3.225063E+00  -3.923586E+00        14
   9.214809E+03   4.245810E+06   2.812210E+01   2.812210E+01   2.124689E+01   1.699751E+01  -1.000000E+01   3.225063E+00  -3.923586E+00        14
   9.224809E+03   4.255030E+06   2.812210E+01   2.812210E+01   2.124689E+01   1.699751E+01  -1.000000E+01   3.225063E+00  -3.923586E+00        14
   9.234809E+03   4.264260E+06   2.812210E+01   2.812210E+01   2.124689E+01   1.699751E+01  -1.000000E+01   3.225063E+00  -3.923586E+00        14
   9.244809E+03   4.273500E+06   2.812210E+01   2.812210E+01   2.124689E+01   1.699751E+01  -1.000000E+01   3.225063E+00  -3.923586E+00        14
   9.254809E+03   4.282750E+06   2.812210E+01   2.812210E+01   2.124689E+01   1.699751E+01  -1.000000E+01   3.225063E+00  -3.923586E+00        14
   9.264809E+03   4.292010E+06   2.812210E+01   2.812210E+01   2.124689E+01   1.699751E+01  -1.000000E+01   3.225063E+00  -3.923586E+00        14
   9.274809E+03   4.301280E+06   2.812210E+01   2.812210E+01   2.124689E+01   1.699751E+01  -1.000000E+01   3.225063E+00  -3.923586E+00        14
   9.284809E+03   4.310560E+06   2.812210E+01   2.812210E+01   2.124689E+01   1.699751E+01  -1.000000E+01   3.225063E+00  -3.923586E+00        14
   9.294809E+03   4.319850E+06   2.812210E+01   2.812210E+01   2.124689E+01   1.699751E+01  -1.000000E+01   3.225063E+00  -3.923586E+00        14
   9.304809E+03   4.329150E+06   2.812210E+01   2.812210E+01   2.124689E+01   1.699751E+01  -1.000000E+01   3.225063E+00  -3.923586E+00        14
   9.314809E+03   4.338460E+06   2.812210E+01   2.812210E+01   2.124689E+01   1.699751E+01  -1.000000E+01   3.225063E+00  -3.923586E+00        14
   9.324809E+03   4.347780E+06   2.812210E+01   2.812210E+01   2.124689E+01   1.699751E+01  -1.000000E+01   3.225063E+00  -3.923586E+00        14
   9.334809E+03   4.357110E+06   2.812210E+01   2.812210E+01   2.124689E+01   1.699751E+01  -1.000000E+01   3.225063E+00  -3.923586E+00        14
   9.344809E+03   4.366450E+06   2.812210E+01   2.812210E+01   2.124689E+01   1.699751E+01  -1.000000E+01   3.225063E+00  -3.923586E+00        14
   9.354809E+03   4.375800E+06   2.812210E+01   2.812210E+01   2.124689E+01   1.699751E+01  -1.000000E+01   3.225063E+00  -3.923586E+00        14
   9.364809E+03   4.385160E+06   2.812210E+01   2.812210E+01   2.124689E+01   1.699751E+01  -1.000000E+01   3.225063E+00  -3.923586E+00        14
   9.374809E+03   4.394530E+06   2.812210E+01   2.812210E+01   2.124689E+01   1.699751E+01  -1.000000E+01   3.225063E+00  -3.923586E+00        14
   9.384809E+03   4.403910E+06   2.812210E+01   2.812210E+01   2.124689E+01   1.699751E+01  -1.000000E+01   3.225063E+00  -3.923586E+00        14
   9.394809E+03   4.413300E+06   2.812210E+01   2.812210E+01   2.124689E+01   1.699751E+01  -1.000000E+01   3.225063E+00  -3.923586E+00        14
   9.404809E+03   4.422700E+06   2.812210E+01   2.812210E+01   2.124689E+01   1.699751E+01  -1.000000E+01   3.225063E+00  -3.923586E+00        14
   9.414809E+03   4.432110E+06   2.812210E+01   2.812210E+01   2.124689E+01   1.699751E+01  -1.000000E+01   3.225063E+00  -3.923586E+00        14
   9.424809E+03   4.441530E+06   2.812210E+01   2.812210E+01   2.124689E+01   1.699751E+01  -1.000000E+01   3.225063E+00  -3.923586E+00        14
   9.434809E+03   4.450960E+06   2.812210E+01   2.812210E+01   2.124689E+01   1.699751E+01  -1.000000E+01   3.225063E+00  -3.923586E+00        14
   9.444809E+03   4.460400E+06   2.812210E+01   2.812210E+01   2.124689E+01   1.699751E+01  -1.000000E+01   3.225063E+00  -3.923586E+00        14
   9.454809E+03   4.469850E+06   2.812210E+01   2.812210E+01   2.124689E+01   1.699751E+01  -1.000000E+01   3.225063E+00  -3.923586E+00        14
   9.464809E+03   4.479310E+06   2.812210E+01   2.812210E+01   2.124689E+01   1.699751E+01  -1.000000E+01   3.225063E+00  -3.923586E+00        14
   9.474809E+03   4.488780E+06   2.812210E+01   2.812210E+01   2.124689E+01   1.699751E+01  -1.000000E+01   3.225063E+00  -3.923586E+00        14
   9.484809E+03   4.498260E+06   2.812210E+01   2.812210E+01   2.124689E+01   1.699751E+01  -1.000000E+01   3.225063E+00  -3.923586E+00        14
   9.494809E+03   4.507750E+06   2.812210E+01   2.812210E+01   2.124689E+01   1.699751E+01  -1.000000E+01   3.225063E+00  -3.923586E+00        14
   9.504809E+03   4.517250E+06   2.812210E+01   2.812210E+01   2.124689E+01   1.699751E+01  -1.000000E+01   3.225063E+00  -3.923586E+00        14
   9.514809E+03   4.526760E+06   2.812210E+01   2.812210E+01   2.124689E+01   1.699751E+01  -1.000000E+01   3.225063E+00  -3.923586E+00        14
   9.524809E+03   4.536280E+06   2.812210E+01   2.812210E+01   2.124689E+01   1.699751E+01  -1.000000E+01   3.225063E+00  -3.923586E+00        14
   9.534809E+03   4.545810E+06   2.812210E+01   2.812210E+01   2.124689E+01   1.699751E+01  -1.000000E+01   3.225063E+00  -3.923586E+00        14
   9.544809E+03   4.555350E+06   2.812210E+01   2.812210E+01   2.124689E+01   1.699751E+01  -1.000000E+01   3.225063E+00  -3.923586E+00        14
   9.554809E+03   4.564900E+06   2.812210E+01   2.812210E+01   2.124689E+01   1.699751E+01  -1.000000E+01   3.225063E+00  -3.923586E+00        14
   9.564809E+03   4.574460E+06   2.812210E+01   2.812210E+01   2.124689E+01   1.699751E+01  -1.000000E+01   3.225063E+00  -3.923586E+00        14
   9.574809E+03   4.584030E+06   2.812210E+01   2.812210E+01   2.124689E+01   1.699751E+01  -1.000000E+01   3.225063E+00  -3.923586E+00        14
   9.584809E+03   4.593610E+06   2.812210E+01   2.812210E+01   2.124689E+01   1.699751E+01  -1.000000E+01   3.225063E+00  -3.923586E+00        14
   9.594809E+03   4.603200E+06   2.812210E+01   2.812210E+01   2.124689E+01   1.699751E+01  -1.000000E+01   3.225063E+00  -3.923586E+00        14
   9.604809E+03   4.612800E+06   2.812210E+01   2.812210E+01   2.124689E+01   1.699751E+01  -1.000000E+01   3.225063E+00  -3.923586E+00        14
   9.614809E+03   4.622410E+06   2.812210E+01   2.812210E+01   2.124689E+01   1.699751E+01  -1.000000E+01   3.225063E+00  -3.923586E+00        14
   9.624809E+03   4.632030E+06   2.812210E+01   2.812210E+01   2.124689E+01   1.699751E+01  -1.000000E+01   3.225063E+00  -3.923586E+00        14
   9.634809E+03   4.641660E+06   2.812210E+01   2.812210E+01   2.124689E+01   1.699751E+01  -1.000000E+01   3.225063E+00  -3.923586E+00        14
   9.644809E+03   4.651300E+06   2.812210E+01   2.812210E+01   2.124689E+01   1.699751E+01  -1.000000E+01   3.225063E+00  -3.923586E+00        14
   9.654809E+03   4.660950E+06   2.812210E+01   2.812210E+01   2.124689E+01   1.699751E+01  -1.000000E+01   3.225063E+00  -3.923586E+00        14
   9.664809E+03   4.670610E+06   2.812210E+01   2.812210E+01   2.124689E+01   1.699751E+01  -1.000000E+01   3.225063E+00  -3.923586E+00        14
   9.674809E+03   4.680280E+06   2.812210E+01   2.812210E+01   2.124689E+01   1.699751E+01  -1.000000E+01   3.225063E+00  -3.923586E+00        14
   9.684809E+03   4.689960E+06   2.812210E+01   2.812210E+01   2.124689E+01   1.699751E+01  -1.000000E+01   3.225063E+00  -3.923586E+00        14
   9.694809E+03   4.699650E+06   2.812210E+01   2.812210E+01   2.124689E+01   1.699751E+01  -1.000000E+01   3.225063E+00  -3.923586E+00        14
   9.704809E+03   4.709350E+06   2.812210E+01   2.812210E+01   2.124689E+01   1.699751E+01  -1.000000E+01   3.225063E+00  -3.923586E+00        14
   9.714809E+03   4.719060E+06   2.812210E+01   2.812210E+01   2.124689E+01   1.699751E+01  -1.000000E+01   3.225063E+00  -3.923586E+00        14
   9.724809E+03   4.728780E+06   2.812210E+01   2.812210E+01   2.124689E+01   1.699751E+01  -1.000000E+01   3.225063E+00  -3.923586E+00        14
   9.734809E+03   4.738510E+06   2.812210E+01   2.812210E+01   2.124689E+01   1.699751E+01  -1.000000E+01   3.225063E+00  -3.923586E+00        14
   9.744809E+03   4.748250E+06   2.812210E+01   2.812210E+01   2.124689E+01   1.699751E+01  -1.000000E+01   3.225063E+00  -3.923586E+00        14
   9.754809E+03   4.758000E+06   2.812210E+01   2.812210E+01   2.124689E+01   1.699751E+01  -1.000000E+01   3.225063E+00  -3.923586E+00        14
   9.764809E+03   4.767760E+06   2.812210E+01   2.812210E+01   2.124689E+01   1.699751E+01  -1.000000E+01   3.225063E+00  -3.923586E+00        14
   9.774809E+03   4.777530E+06   2.812210E+01   2.812210E+01   2.124689E+01   1.699751E+01  -1.000000E+01   3.225063E+00  -3.923586E+00        14
   9.784809E+03   4.787310E+06   2.812210E+01   2.812210E+01   2.124689E+01   1.699751E+01  -1.000000E+01   3.225063E+00  -3.923586E+00        14
   9.794809E+03   4.797100E+06   2.812210E+01   2.812210E+01   2.124689E+01   1.699751E+01  -1.000000E+01   3.225063E+00  -3.923586E+00        14
   9.804809E+03   4.806900E+06   2.812210E+01   2.812210E+01   2.124689E+01   1.699751E+01  -1.000000E+01   3.225063E+00  -3.923586E+00        14
   9.814809E+03   4.816710E+06   2.812210E+01   2.812210E+01   2.124689E+01   1.699751E+01  -1.000000E+01   3.225063E+00  -3.923586E+00        14
   9.824809E+03   4.826530E+06   2.812210E+01   2.812210E+01   2.124689E+01   1.699751E+01  -1.000000E+01   3.225063E+00  -3.923586E+00        14
   9.834809E+03   4.836360E+06   2.812210E+01   2.812210E+01   2.124689E+01   1.699751E+01  -1.000000E+01   3.225063E+00  -3.923586E+00        14
   9.844809E+03   4.846200E+06   2.812210E+01   2.812210E+01   2.124689E+01   1.699751E+01  -1.000000E+01   3.225063E+00  -3.923586E+00        14
   9.854809E+03   4.856050E+06   2.812210E+01   2.812210E+01   2.124689E+01   1.699751E+01  -1.000000E+01   3.225063E+00  -3.923586E+00        14
   9.864809E+03   4.865910E+06   2.812210E+01   2.812210E+01   2.124689E+01   1.699751E+01  -1.000000E+01   3.225063E+00  -3.923586E+00        14
   9.874809E+03   4.875780E+06   2.812210E+01   2.812210E+01   2.124689E+01   1.699751E+01  -1.000000E+01   3.225063E+00  -3.923586E+00        14
   9.884809E+03   4.885660E+06   2.812210E+01   2.812210E+01   2.124689E+01   1.699751E+01  -1.000000E+01   3.225063E+00  -3.923586E+00        14
   9.894809E+03   4.895550E+06   2.812210E+01   2.812210E+01   2.124689E+01   1.699751E+01  -1.000000E+01   3.225063E+00  -3.923586E+00        14
   9.904809E+03   4.905450E+06   2.812210E+01   2.812210E+01   2.124689E+01   1.699751E+01  -1.000000E+01   3.225063E+00  -3.923586E+00        14
   9.914809E+03   4.915360E+06   2.812210E+01   2.812210E+01   2.124689E+01   1.699751E+01  -1.000000E+01   3.225063E+00  -3.923586E+00        14
   9.924809E+03   4.925280E+06   2.812210E+01   2.812210E+01   2.124689E+01   1.699751E+01  -1.000000E+01   3.225063E+00  -3.923586E+00        14
   9.934809E+03   4.935210E+06   2.812210E+01   2.812210E+01   2.124689E+01   1.699751E+01  -1.000000E+01   3.225063E+00  -3.923586E+00        14
   9.944809E+03   4.945150E+06   2.812210E+01   2.812210E+01   2.124689E+01   1.699751E+01  -1.000000E+01   3.225063E+00  -3.923586E+00        14
   9.954809E+03   4.955100E+06   2.812210E+01   2.812210E+01   2.124689E+01   1.699751E+01  -1.000000E+01   3.225063E+00  -3.923586E+00        14
   9.964809E+03   4.965060E+06   2.812210E+01   2.812210E+01   2.124689E+01   1.699751E+01  -1.000000E+01   3.225063E+00  -3.923586E+00        14
   9.974809E+03   4.975030E+06   2.812210E+01   2.812210E+01   2.124689E+01   1.699751E+01  -1.000000E+01   3.225063E+00  -3.923586E+00        14
   9.984809E+03   4.985010E+06   2.812210E+01   2.812210E+01   2.124689E+01   1.699751E+01  -1.000000E+01   3.225063E+00  -3.923586E+00        14
   9.994809E+03   4.995000E+06   2.812210E+01   2.812210E+01   2.124689E+01   1.699751E+01  -1.000000E+01   3.225063E+00  -3.923586E+00        14
   1.000481E+04   5.005000E+06   2.812210E+01   2.812210E+01   2.124689E+01   1.699751E+01  -1.000000E+01   3.225063E+00  -3.923586E+00        14
   1.001481E+04   5.015010E+06   2.812210E+01   2.812210E+01   2.124689E+01   1.699751E+01  -1.000000E+01   3.225063E+00  -3.923586E+00        14
   1.002481E+04   5.025030E+06   2.812210E+01   2.812210E+01   2.124689E+01   1.699751E+01  -1.000000E+01   3.225063E+00  -3.923586E+00        14
   1.003481E+04   5.035060E+06   2.812210E+01   2.812210E+01   2.124689E+01   1.699751E+01  -1.000000E+01   3.225063E+00  -3.923586E+00        14
   1.004481E+04   5.045100E+06   2.812210E+01   2.812210E+01   2.124689E+01   1.699751E+01  -1.000000E+01   3.225063E+00  -3.923586E+00        14
   1.005481E+04   5.055150E+06   2.812210E+01   2.812210E+01   2.124689E+01   1.699751E+01  -1.000000E+01   3.225063E+00  -3.923586E+00        14
   1.006481E+04   5.065210E+06   2.812210E+01   2.812210E+01   2.124689E+01   1.699751E+01  -1.000000E+01   3.225063E+00  -3.923586E+00        14
   1.007481E+04   5.075280E+06   2.812210E+01   2.812210E+01   2.124689E+01   1.699751E+01  -1.000000E+01   3.225063E+00  -3.923586E+00        14
   1.008481E+04   5.085360E+06   2.812210E+01   2.812210E+01   2.124689E+01   1.699751E+01  -1.000000E+01   3.225063E+00  -3.923586E+00        14
   1.009481E+04   5.095450E+06   2.812210E+01   2.812210E+01   2.124689E+01   1.699751E+01  -1.000000E+01   3.225063E+00  -3.923586E+00        14
   1.010481E+04   5.105550E+06   2.812210E+01   2.812210E+01   2.124689E+01   1.699751E+01  -1.000000E+01   3.225063E+00  -3.923586E+00        14
   1.011481E+04   5.115660E+06   2.812210E+01   2.812210E+01   2.124689E+01   1.699751E+01  -1.000000E+01   3.225063E+00  -3.923586E+00        14
   1.012481E+04   5.125780E+06   2.812210E+01   2.812210E+01   2.124689E+01   1.699751E+01  -1.000000E+01   3.225063E+00  -3.923586E+00        14
   1.013481E+04   5.135910E+06   2.812210E+01   2.812210E+01   2.124689E+01   1.699751E+01  -1.000000E+01   3.225063E+00  -3.923586E+00        14
   1.014481E+04   5.146050E+06   2.812210E+01   2.812210E+01   2.124689E+01   1.699751E+01  -1.000000E+01   3.225063E+00  -3.923586E+00        14
   1.015481E+04   5.156200E+06   2.812210E+01   2.812210E+01   2.124689E+01   1.699751E+01  -1.000000E+01   3.225063E+00  -3.923586E+00        14
   1.016481E+04   5.166360E+06   2.812210E+01   2.812210E+01   2.124689E+01   1.699751E+01  -1.000000E+01   3.225063E+00  -3.923586E+00        14
   1.017481E+04   5.176530E+06   2.812210E+01   2.812210E+01   2.124689E+01   1.699751E+01  -1.000000E+01   3.225063E+00  -3.923586E+00        14
   1.018481E+04   5.186710E+06   2.812210E+01   2.812210E+01   2.124689E+01   1.699751E+01  -1.000000E+01   3.225063E+00  -3.923586E+00        14
   1.019481E+04   5.196900E+06   2.812210E+01   2.812210E+01   2.124689E+01   1.699751E+01  -1.000000E+01   3.225063E+00  -3.923586E+00        14
   1.020481E+04   5.207100E+06   2.812210E+01   2.812210E+01   2.124689E+01   1.699751E+01  -1.000000E+01   3.225063E+00  -3.923586E+00        14
   1.021481E+04   5.217310E+06   2.812210E+01   2.812210E+01   2.124689E+01   1.699751E+01  -1.000000E+01   3.225063E+00  -3.923586E+00        14
   1.022481E+04   5.227530E+06   2.812210E+01   2.812210E+01   2.124689E+01   1.699751E+01  -1.000000E+01   3.225063E+00  -3.923586E+00        14
   1.023481E+04   5.237760E+06   2.812210E+01   2.812210E+01   2.124689E+01   1.699751E+01  -1.000000E+01   3.225063E+00  -3.923586E+00        14
   1.024481E+04   5.248000E+06   2.812210E+01   2.812210E+01   2.124689E+01   1.699751E+01  -1.000000E+01   3.225063E+00  -3.923586E+00        14
   1.025481E+04   5.258250E+06   2.812210E+01   2.812210E+01   2.124689E+01   1.699751E+01  -1.000000E+01   3.225063E+00  -3.923586E+00        14
   1.026481E+04   5.268510E+06   2.812210E+01   2.812210E+01   2.124689E+01   1.699751E+01  -1.000000E+01   3.225063E+00  -3.923586E+00        14
   1.027481E+04   5.278780E+06   2.812210E+01   2.812210E+01   2.124689E+01   1.699751E+01  -1.000000E+01   3.225063E+00  -3.923586E+00        14
   1.028481E+04   5.289060E+06   2.812210E+01   2.812210E+01   2.124689E+01   1.699751E+01  -1.000000E+01   3.225063E+00  -3.923586E+00        14
   1.029481E+04   5.299350E+06   2.812210E+01   2.812210E+01   2.124689E+01   1.699751E+01  -1.000000E+01   3.225063E+00  -3.923586E+00        14
   1.030481E+04   5.309650E+06   2.812210E+01   2.812210E+01   2.124689E+01   1.699751E+01  -1.000000E+01   3.225063E+00  -3.923586E+00        14
   1.031481E+04   5.319960E+06   2.812210E+01   2.812210E+01   2.124689E+01   1.699751E+01  -1.000000E+01   3.225063E+00  -3.923586E+00        14
   1.032481E+04   5.330280E+06   2.812210E+01   2.812210E+01   2.124689E+01   1.699751E+01  -1.000000E+01   3.225063E+00  -3.923586E+00        14
   1.033481E+04   5.340610E+06   2.812210E+01   2.812210E+01   2.124689E+01   1.699751E+01  -1.000000E+01   3.225063E+00  -3.923586E+00        14
   1.034481E+04   5.350950E+06   2.812210E+01   2.812210E+01   2.124689E+01   1.699751E+01  -1.000000E+01   3.225063E+00  -3.923586E+00        14
   1.035481E+04   5.361300E+06   2.812210E+01   2.812210E+01   2.124689E+01   1.699751E+01  -1.000000E+01   3.225063E+00  -3.923586E+00        14
   1.036481E+04   5.371660E+06   2.812210E+01   2.812210E+01   2.124689E+01   1.699751E+01  -1.000000E+01   3.225063E+00  -3.923586E+00        14
   1.037481E+04   5.382030E+06   2.812210E+01   2.812210E+01   2.124689E+01   1.699751E+01  -1.000000E+01   3.225063E+00  -3.923586E+00        14
   1.038481E+04   5.392410E+06   2.812210E+01   2.812210E+01   2.124689E+01   1.699751E+01  -1.000000E+01   3.225063E+00  -3.923586E+00        14
   1.039481E+04   5.402800E+06   2.812210E+01   2.812210E+01   2.124689E+01   1.699751E+01  -1.000000E+01   3.225063E+00  -3.923586E+00        14
   1.040481E+04   5.413200E+06   2.812210E+01   2.812210E+01   2.124689E+01   1.699751E+01  -1.000000E+01   3.225063E+00  -3.923586E+00        14
   1.041481E+04   5.423610E+06   2.812210E+01   2.812210E+01   2.124689E+01   1.699751E+01  -1.000000E+01   3.225063E+00  -3.923586E+00        14
   1.042481E+04   5.434030E+06   2.812210E+01   2.812210E+01   2.124689E+01   1.699751E+01  -1.000000E+01   3.225063E+00  -3.923586E+00        14
   1.043481E+04   5.444460E+06   2.812210E+01   2.812210E+01   2.124689E+01   1.699751E+01  -1.000000E+01   3.225063E+00  -3.923586E+00        14
   1.044481E+04   5.454900E+06   2.812210E+01   2.812210E+01   2.124689E+01   1.699751E+01  -1.000000E+01   3.225063E+00  -3.923586E+00        14
   1.045481E+04   5.465350E+06   2.812210E+01   2.812210E+01   2.124689E+01   1.699751E+01  -1.000000E+01   3.225063E+00  -3.923586E+00        14
   1.046481E+04   5.475810E+06   2.812210E+01   2.812210E+01   2.124689E+01   1.699751E+01  -1.000000E+01   3.225063E+00  -3.923586E+00        14
   1.047481E+04   5.486280E+06   2.812210E+01   2.812210E+01   2.124689E+01   1.699751E+01  -1.000000E+01   3.225063E+00  -3.923586E+00        14
   1.048481E+04   5.496760E+06   2.812210E+01   2.812210E+01   2.124689E+01   1.699751E+01  -1.000000E+01   3.225063E+00  -3.923586E+00        14
   1.049481E+04   5.507250E+06   2.812210E+01   2.812210E+01   2.124689E+01   1.699751E+01  -1.000000E+01   3.225063E+00  -3.923586E+00        14
   1.050481E+04   5.517750E+06   2.812210E+01   2.812210E+01   2.124689E+01   1.699751E+01  -1.000000E+01   3.225063E+00  -3.923586E+00        14
   1.051481E+04   5.528260E+06   2.812210E+01   2.812210E+01   2.124689E+01   1.699751E+01  -1.000000E+01   3.225063E+00  -3.923586E+00        14
   1.052481E+04   5.538780E+06   2.812210E+01   2.812210E+01   2.124689E+01   1.699751E+01  -1.000000E+01   3.225063E+00  -3.923586E+00        14
   1.053481E+04   5.549310E+06   2.812210E+01   2.812210E+01   2.124689E+01   1.699751E+01  -1.000000E+01   3.225063E+00  -3.923586E+00        14
   1.054481E+04   5.559850E+06   2.812210E+01   2.812210E+01   2.124689E+01   1.699751E+01  -1.000000E+01   3.225063E+00  -3.923586E+00        14
   1.055481E+04   5.570400E+06   2.812210E+01   2.812210E+01   2.124689E+01   1.699751E+01  -1.000000E+01   3.225063E+00  -3.923586E+00        14
   1.056481E+04   5.580960E+06   2.812210E+01   2.812210E+01   2.124689E+01   1.699751E+01  -1.000000E+01   3.225063E+00  -3.923586E+00        14
   1.057481E+04   5.591530E+06   2.812210E+01   2.812210E+01   2.124689E+01   1.699751E+01  -1.000000E+01   3.225063E+00  -3.923586E+00        14
   1.058481E+04   5.602110E+06   2.812210E+01   2.812210E+01   2.124689E+01   1.699751E+01  -1.000000E+01   3.225063E+00  -3.923586E+00        14
   1.059481E+04   5.612700E+06   2.812210E+01   2.812210E+01   2.124689E+01   1.699751E+01  -1.000000E+01   3.225063E+00  -3.923586E+00        14
   1.060481E+04   5.623300E+06   2.812210E+01   2.812210E+01   2.124689E+01   1.699751E+01  -1.000000E+01   3.225063E+00  -3.923586E+00        14
   1.061481E+04   5.633910E+06   2.812210E+01   2.812210E+01   2.124689E+01   1.699751E+01  -1.000000E+01   3.225063E+00  -3.923586E+00        14
   1.062481E+04   5.644530E+06   2.812210E+01   2.812210E+01   2.124689E+01   1.699751E+01  -1.000000E+01   3.225063E+00  -3.923586E+00        14
   1.063481E+04   5.655160E+06   2.812210E+01   2.812210E+01   2.124689E+01   1.699751E+01  -1.000000E+01   3.225063E+00  -3.923586E+00        14
   1.064481E+04   5.665800E+06   2.812210E+01   2.812210E+01   2.124689E+01   1.699751E+01  -1.000000E+01   3.225063E+00  -3.923586E+00        14
   1.065481E+04   5.676450E+06   2.812210E+01   2.812210E+01   2.124689E+01   1.699751E+01  -1.000000E+01   3.225063E+00  -3.923586E+00        14
   1.066481E+04   5.687110E+06   2.812210E+01   2.812210E+01   2.124689E+01   1.699751E+01  -1.000000E+01   3.225063E+00  -3.923586E+00        14
   1.067481E+04   5.697780E+06   2.812210E+01   2.812210E+01   2.124689E+01   1.699751E+01  -1.000000E+01   3.225063E+00  -3.923586E+00        14
   1.068481E+04   5.708460E+06   2.812210E+01   2.812210E+01   2.124689E+01   1.699751E+01  -1.000000E+01   3.225063E+00  -3.923586E+00        14
   1.069481E+04   5.719150E+06   2.812210E+01   2.812210E+01   2.124689E+01   1.699751E+01  -1.000000E+01   3.225063E+00  -3.923586E+00        14
   1.070481E+04   5.729850E+06   2.812210E+01   2.812210E+01   2.124689E+01   1.699751E+01  -1.000000E+01   3.225063E+00  -3.923586E+00        14
   1.071481E+04   5.740560E+06   2.812210E+01   2.812210E+01   2.124689E+01   1.699751E+01  -1.000000E+01   3.225063E+00  -3.923586E+00        14
   1.072481E+04   5.751280E+06   2.812210E+01   2.812210E+01   2.124689E+01   1.699751E+01  -1.000000E+01   3.225063E+00  -3.923586E+00        14
   1.073481E+04   5.762010E+06   2.812210E+01   2.812210E+01   2.124689E+01   1.699751E+01  -1.000000E+01   3.225063E+00  -3.923586E+00        14
   1.074481E+04   5.772750E+06   2.812210E+01   2.812210E+01   2.124689E+01   1.699751E+01  -1.000000E+01   3.225063E+00  -3.923586E+00        14
   1.075481E+04   5.783500E+06   2.812210E+01   2.812210E+01   2.124689E+01   1.699751E+01  -1.000000E+01   3.225063E+00  -3.923586E+00        14
   1.076481E+04   5.794260E+06   2.812210E+01   2.812210E+01   2.124689E+01   1.699751E+01  -1.000000E+01   3.225063E+00  -3.923586E+00        14
   1.077481E+04   5.805030E+06   2.812210E+01   2.812210E+01   2.124689E+01   1.699751E+01  -1.000000E+01   3.225063E+00  -3.923586E+00        14
   1.078481E+04   5.815810E+06   2.812210E+01   2.812210E+01   2.124689E+01   1.699751E+01  -1.000000E+01   3.225063E+00  -3.923586E+00        14
   1.079481E+04   5.826600E+06   2.812210E+01   2.812210E+01   2.124689E+01   1.699751E+01  -1.000000E+01   3.225063E+00  -3.923586E+00        14
   1.080481E+04   5.837400E+06   2.812210E+01   2.812210E+01   2.124689E+01   1.699751E+01  -1.000000E+01   3.225063E+00  -3.923586E+00        14
   1.081481E+04   5.848210E+06   2.812210E+01   2.812210E+01   2.124689E+01   1.699751E+01  -1.000000E+01   3.225063E+00  -3.923586E+00        14
   1.082481E+04   5.859030E+06   2.812210E+01   2.812210E+01   2.124689E+01   1.699751E+01  -1.000000E+01   3.225063E+00  -3.923586E+00        14
   1.083481E+04   5.869860E+06   2.812210E+01   2.812210E+01   2.124689E+01   1.699751E+01  -1.000000E+01   3.225063E+00  -3.923586E+00        14
   1.084481E+04   5.880700E+06   2.812210E+01   2.812210E+01   2.124689E+01   1.699751E+01  -1.000000E+01   3.225063E+00  -3.923586E+00        14
   1.085481E+04   5.891550E+06   2.812210E+01   2.812210E+01   2.124689E+01   1.699751E+01  -1.000000E+01   3.225063E+00  -3.923586E+00        14
   1.086481E+04   5.902410E+06   2.812210E+01   2.812210E+01   2.124689E+01   1.699751E+01  -1.000000E+01   3.225063E+00  -3.923586E+00        14
   1.087481E+04   5.913280E+06   2.812210E+01   2.812210E+01   2.124689E+01   1.699751E+01  -1.000000E+01   3.225063E+00  -3.923586E+00        14
   1.088481E+04   5.924160E+06   2.812210E+01   2.812210E+01   2.124689E+01   1.699751E+01  -1.000000E+01   3.225063E+00  -3.923586E+00        14
   1.089481E+04   5.935050E+06   2.812210E+01   2.812210E+01   2.124689E+01   1.699751E+01  -1.000000E+01   3.225063E+00  -3.923586E+00        14
   1.090481E+04   5.945950E+06   2.812210E+01   2.812210E+01   2.124689E+01   1.699751E+01  -1.000000E+01   3.225063E+00  -3.923586E+00        14
   1.091481E+04   5.956860E+06   2.812210E+01   2.812210E+01   2.124689E+01   1.699751E+01  -1.000000E+01   3.225063E+00  -3.923586E+00        14
   1.092481E+04   5.967780E+06   2.812210E+01   2.812210E+01   2.124689E+01   1.699751E+01  -1.000000E+01   3.225063E+00  -3.923586E+00        14
   1.093481E+04   5.978710E+06   2.812210E+01   2.812210E+01   2.124689E+01   1.699751E+01  -1.000000E+01   3.225063E+00  -3.923586E+00        14
   1.094481E+04   5.989650E+06   2.812210E+01   2.812210E+01   2.124689E+01   1.699751E+01  -1.000000E+01   3.225063E+00  -3.923586E+00        14
   1.095481E+04   6.000600E+06   2.812210E+01   2.812210E+01   2.124689E+01   1.699751E+01  -1.000000E+01   3.225063E+00  -3.923586E+00        14
   1.096481E+04   6.011560E+06   2.812210E+01   2.812210E+01   2.124689E+01   1.699751E+01  -1.000000E+01   3.225063E+00  -3.923586E+00        14
   1.097481E+04   6.022530E+06   2.812210E+01   2.812210E+01   2.124689E+01   1.699751E+01  -1.000000E+01   3.225063E+00  -3.923586E+00        14
   1.098481E+04   6.033510E+06   2.812210E+01   2.812210E+01   2.124689E+01   1.699751E+01  -1.000000E+01   3.225063E+00  -3.923586E+00        14
   1.099481E+04   6.044500E+06   2.812210E+01   2.812210E+01   2.124689E+01   1.699751E+01  -1.000000E+01   3.225063E+00  -3.923586E+00        14
   1.100481E+04   6.055500E+06   2.812210E+01   2.812210E+01   2.124689E+01   1.699751E+01  -1.000000E+01   3.225063E+00  -3.923586E+00        14
   1.101481E+04   6.066510E+06   2.812210E+01   2.812210E+01   2.124689E+01   1.699751E+01  -1.000000E+01   3.225063E+00  -3.923586E+00        14
   1.102481E+04   6.077530E+06   2.812210E+01   2.812210E+01   2.124689E+01   1.699751E+01  -1.000000E+01   3.225063E+00  -3.923586E+00        14
   1.103481E+04   6.088560E+06   2.812210E+01   2.812210E+01   2.124689E+01   1.699751E+01  -1.000000E+01   3.225063E+00  -3.923586E+00        14
   1.104481E+04   6.099600E+06   2.812210E+01   2.812210E+01   2.124689E+01   1.699751E+01  -1.000000E+01   3.225063E+00  -3.923586E+00        14
   1.105481E+04   6.110650E+06   2.812210E+01   2.812210E+01   2.124689E+01   1.699751E+01  -1.000000E+01   3.225063E+00  -3.923586E+00        14
   1.106481E+04   6.121710E+06   2.812210E+01   2.812210E+01   2.124689E+01   1.699751E+01  -1.000000E+01   3.225063E+00  -3.923586E+00        14
   1.107481E+04   6.132780E+06   2.812210E+01   2.812210E+01   2.124689E+01   1.699751E+01  -1.000000E+01   3.225063E+00  -3.923586E+00        14
   1.108481E+04   6.143860E+06   2.812210E+01   2.812210E+01   2.124689E+01   1.699751E+01  -1.000000E+01   3.225063E+00  -3.923586E+00        14
   1.109481E+04   6.154950E+06   2.812210E+01   2.812210E+01   2.124689E+01   1.699751E+01  -1.000000E+01   3.225063E+00  -3.923586E+00        14
   1.110481E+04   6.166050E+06   2.812210E+01   2.812210E+01   2.124689E+01   1.699751E+01  -1.000000E+01   3.225063E+00  -3.923586E+00        14
   1.111481E+04   6.177160E+06   2.812210E+01   2.812210E+01   2.124689E+01   1.699751E+01  -1.000000E+01   3.225063E+00  -3.923586E+00        14
   1.112481E+04   6.188280E+06   2.812210E+01   2.812210E+01   2.124689E+01   1.699751E+01  -1.000000E+01   3.225063E+00  -3.923586E+00        14
   1.113481E+04   6.199410E+06   2.812210E+01   2.812210E+01   2.124689E+01   1.699751E+01  -1.000000E+01   3.225063E+00  -3.923586E+00        14
   1.114481E+04   6.210550E+06   2.812210E+01   2.812210E+01   2.124689E+01   1.699751E+01  -1.000000E+01   3.225063E+00  -3.923586E+00        14
   1.115481E+04   6.221700E+06   2.812210E+01   2.812210E+01   2.124689E+01   1.699751E+01  -1.000000E+01   3.225063E+00  -3.923586E+00        14
   1.116481E+04   6.232860E+06   2.812210E+01   2.812210E+01   2.124689E+01   1.699751E+01  -1.000000E+01   3.225063E+00  -3.923586E+00        14
   1.117481E+04   6.244030E+06   2.812210E+01   2.812210E+01   2.124689E+01   1.699751E+01  -1.000000E+01   3.225063E+00  -3.923586E+00        14
   1.118481E+04   6.255210E+06   2.812210E+01   2.812210E+01   2.124689E+01   1.699751E+01  -1.000000E+01   3.225063E+00  -3.923586E+00        14
   1.119481E+04   6.266400E+06   2.812210E+01   2.812210E+01   2.124689E+01   1.699751E+01  -1.000000E+01   3.225063E+00  -3.923586E+00        14
   1.120481E+04   6.277600E+06   2.812210E+01   2.812210E+01   2.124689E+01   1.699751E+01  -1.000000E+01   3.225063E+00  -3.923586E+00        14
   1.121481E+04   6.288810E+06   2.812210E+01   2.812210E+01   2.124689E+01   1.699751E+01  -1.000000E+01   3.225063E+00  -3.923586E+00        14
   1.122481E+04   6.300030E+06   2.812210E+01   2.812210E+01   2.124689E+01   1.699751E+01  -1.000000E+01   3.225063E+00  -3.923586E+00        14
   1.123481E+04   6.311260E+06   2.812210E+01   2.812210E+01   2.124689E+01   1.699751E+01  -1.000000E+01   3.225063E+00  -3.923586E+00        14
   1.124481E+04   6.322500E+06   2.812210E+01   2.812210E+01   2.124689E+01   1.699751E+01  -1.000000E+01   3.225063E+00  -3.923586E+00        14
   1.125481E+04   6.333750E+06   2.812210E+01   2.812210E+01   2.124689E+01   1.699751E+01  -1.000000E+01   3.225063E+00  -3.923586E+00        14
   1.126481E+04   6.345010E+06   2.812210E+01   2.812210E+01   2.124689E+01   1.699751E+01  -1.000000E+01   3.225063E+00  -3.923586E+00        14
   1.127481E+04   6.356280E+06   2.812210E+01   2.812210E+01   2.124689E+01   1.699751E+01  -1.000000E+01   3.225063E+00  -3.923586E+00        14
   1.128481E+04   6.367560E+06   2.812210E+01   2.812210E+01   2.124689E+01   1.699751E+01  -1.000000E+01   3.225063E+00  -3.923586E+00        14
   1.129481E+04   6.378850E+06   2.812210E+01   2.812210E+01   2.124689E+01   1.699751E+01  -1.000000E+01   3.225063E+00  -3.923586E+00        14
   1.130481E+04   6.390150E+06   2.812210E+01   2.812210E+01   2.124689E+01   1.699751E+01  -1.000000E+01   3.225063E+00  -3.923586E+00        14
   1.131481E+04   6.401460E+06   2.812210E+01   2.812210E+01   2.124689E+01   1.699751E+01  -1.000000E+01   3.225063E+00  -3.923586E+00        14
   1.132481E+04   6.412780E+06   2.812210E+01   2.812210E+01   2.124689E+01   1.699751E+01  -1.000000E+01   3.225063E+00  -3.923586E+00        14
   1.133481E+04   6.424110E+06   2.812210E+01   2.812210E+01   2.124689E+01   1.699751E+01  -1.000000E+01   3.225063E+00  -3.923586E+00        14
   1.134481E+04   6.435450E+06   2.812210E+01   2.812210E+01   2.124689E+01   1.699751E+01  -1.000000E+01   3.225063E+00  -3.923586E+00        14
   1.135481E+04   6.446800E+06   2.812210E+01   2.812210E+01   2.124689E+01   1.699751E+01  -1.000000E+01   3.225063E+00  -3.923586E+00        14
   1.136481E+04   6.458160E+06   2.812210E+01   2.812210E+01   2.124689E+01   1.699751E+01  -1.000000E+01   3.225063E+00  -3.923586E+00        14
   1.137481E+04   6.469530E+06   2.812210E+01   2.812210E+01   2.124689E+01   1.699751E+01  -1.000000E+01   3.225063E+00  -3.923586E+00        14
   1.138481E+04   6.480910E+06   2.812210E+01   2.812210E+01   2.124689E+01   1.699751E+01  -1.000000E+01   3.225063E+00  -3.923586E+00        14
   1.139481E+04   6.492300E+06   2.812210E+01   2.812210E+01   2.124689E+01   1.699751E+01  -1.000000E+01   3.225063E+00  -3.923586E+00        14
   1.140481E+04   6.503700E+06   2.812210E+01   2.812210E+01   2.124689E+01   1.699751E+01  -1.000000E+01   3.225063E+00  -3.923586E+00        14
   1.141481E+04   6.515110E+06   2.812210E+01   2.812210E+01   2.124689E+01   1.699751E+01  -1.000000E+01   3.225063E+00  -3.923586E+00        14
   1.142481E+04   6.526530E+06   2.812210E+01   2.812210E+01   2.124689E+01   1.699751E+01  -1.000000E+01   3.225063E+00  -3.923586E+00        14
   1.143481E+04   6.537960E+06   2.812210E+01   2.812210E+01   2.124689E+01   1.699751E+01  -1.000000E+01   3.225063E+00  -3.923586E+00        14
   1.144481E+04   6.549400E+06   2.812210E+01   2.812210E+01   2.124689E+01   1.699751E+01  -1.000000E+01   3.225063E+00  -3.923586E+00        14
   1.145481E+04   6.560850E+06   2.812210E+01   2.812210E+01   2.124689E+01   1.699751E+01  -1.000000E+01   3.225063E+00  -3.923586E+00        14
   1.146481E+04   6.572310E+06   2.812210E+01   2.812210E+01   2.124689E+01   1.699751E+01  -1.000000E+01   3.225063E+00  -3.923586E+00        14
   1.147481E+04   6.583780E+06   2.812210E+01   2.812210E+01   2.124689E+01   1.699751E+01  -1.000000E+01   3.225063E+00  -3.923586E+00        14
   1.148481E+04   6.595260E+06   2.812210E+01   2.812210E+01   2.124689E+01   1.699751E+01  -1.000000E+01   3.225063E+00  -3.923586E+00        14
   1.149481E+04   6.606750E+06   2.812210E+01   2.812210E+01   2.124689E+01   1.699751E+01  -1.000000E+01   3.225063E+00  -3.923586E+00        14
   1.150481E+04   6.618250E+06   2.812210E+01   2.812210E+01   2.124689E+01   1.699751E+01  -1.000000E+01   3.225063E+00  -3.923586E+00        14
   1.151481E+04   6.629760E+06   2.812210E+01   2.812210E+01   2.124689E+01   1.699751E+01  -1.000000E+01   3.225063E+00  -3.923586E+00        14
   1.152481E+04   6.641280E+06   2.812210E+01   2.812210E+01   2.124689E+01   1.699751E+01  -1.000000E+01   3.225063E+00  -3.923586E+00        14
   1.153481E+04   6.652810E+06   2.812210E+01   2.812210E+01   2.124689E+01   1.699751E+01  -1.000000E+01   3.225063E+00  -3.923586E+00        14
   1.154481E+04   6.664350E+06   2.812210E+01   2.812210E+01   2.124689E+01   1.699751E+01  -1.000000E+01   3.225063E+00  -3.923586E+00        14
   1.155481E+04   6.675900E+06   2.812210E+01   2.812210E+01   2.124689E+01   1.699751E+01  -1.000000E+01   3.225063E+00  -3.923586E+00        14
   1.156481E+04   6.687460E+06   2.812210E+01   2.812210E+01   2.124689E+01   1.699751E+01  -1.000000E+01   3.225063E+00  -3.923586E+00        14
   1.157481E+04   6.699030E+06   2.812210E+01   2.812210E+01   2.124689E+01   1.699751E+01  -1.000000E+01   3.225063E+00  -3.923586E+00        14
   1.158481E+04   6.710610E+06   2.812210E+01   2.812210E+01   2.124689E+01   1.699751E+01  -1.000000E+01   3.225063E+00  -3.923586E+00        14
   1.159481E+04   6.722200E+06   2.812210E+01   2.812210E+01   2.124689E+01   1.699751E+01  -1.000000E+01   3.225063E+00  -3.923586E+00        14
   1.160481E+04   6.733800E+06   2.812210E+01   2.812210E+01   2.124689E+01   1.699751E+01  -1.000000E+01   3.225063E+00  -3.923586E+00        14
   1.161481E+04   6.745410E+06   2.812210E+01   2.812210E+01   2.124689E+01   1.699751E+01  -1.000000E+01   3.225063E+00  -3.923586E+00        14
   1.162481E+04   6.757030E+06   2.812210E+01   2.812210E+01   2.124689E+01   1.699751E+01  -1.000000E+01   3.225063E+00  -3.923586E+00        14
   1.163481E+04   6.768660E+06   2.812210E+01   2.812210E+01   2.124689E+01   1.699751E+01  -1.000000E+01   3.225063E+00  -3.923586E+00        14
   1.164481E+04   6.780300E+06   2.812210E+01   2.812210E+01   2.124689E+01   1.699751E+01  -1.000000E+01   3.225063E+00  -3.923586E+00        14
   1.165481E+04   6.791950E+06   2.812210E+01   2.812210E+01   2.124689E+01   1.699751E+01  -1.000000E+01   3.225063E+00  -3.923586E+00        14
   1.166481E+04   6.803610E+06   2.812210E+01   2.812210E+01   2.124689E+01   1.699751E+01  -1.000000E+01   3.225063E+00  -3.923586E+00        14
   1.167481E+04   6.815280E+06   2.812210E+01   2.812210E+01   2.124689E+01   1.699751E+01  -1.000000E+01   3.225063E+00  -3.923586E+00        14
   1.168481E+04   6.826960E+06   2.812210E+01   2.812210E+01   2.124689E+01   1.699751E+01  -1.000000E+01   3.225063E+00  -3.923586E+00        14
   1.169481E+04   6.838650E+06   2.812210E+01   2.812210E+01   2.124689E+01   1.699751E+01  -1.000000E+01   3.225063E+00  -3.923586E+00        14
   1.170481E+04   6.850350E+06   2.812210E+01   2.812210E+01   2.124689E+01   1.699751E+01  -1.000000E+01   3.225063E+00  -3.923586E+00        14
   1.171481E+04   6.862060E+06   2.812210E+01   2.812210E+01   2.124689E+01   1.699751E+01  -1.000000E+01   3.225063E+00  -3.923586E+00        14
   1.172481E+04   6.873780E+06   2.812210E+01   2.812210E+01   2.124689E+01   1.699751E+01  -1.000000E+01   3.225063E+00  -3.923586E+00        14
   1.173481E+04   6.885510E+06   2.812210E+01   2.812210E+01   2.124689E+01   1.699751E+01  -1.000000E+01   3.225063E+00  -3.923586E+00        14
   1.174481E+04   6.897250E+06   2.812210E+01   2.812210E+01   2.124689E+01   1.699751E+01  -1.000000E+01   3.225063E+00  -3.923586E+00        14
   1.175481E+04   6.909000E+06   2.812210E+01   2.812210E+01   2.124689E+01   1.699751E+01  -1.000000E+01   3.225063E+00  -3.923586E+00        14
   1.176481E+04   6.920760E+06   2.812210E+01   2.812210E+01   2.124689E+01   1.699751E+01  -1.000000E+01   3.225063E+00  -3.923586E+00        14
   1.177481E+04   6.932530E+06   2.812210E+01   2.812210E+01   2.124689E+01   1.699751E+01  -1.000000E+01   3.225063E+00  -3.923586E+00        14
   1.178481E+04   6.944310E+06   2.812210E+01   2.812210E+01   2.124689E+01   1.699751E+01  -1.000000E+01   3.225063E+00  -3.923586E+00        14
   1.179481E+04   6.956100E+06   2.812210E+01   2.812210E+01   2.124689E+01   1.699751E+01  -1.000000E+01   3.225063E+00  -3.923586E+00        14
   1.180481E+04   6.967900E+06   2.812210E+01   2.812210E+01   2.124689E+01   1.699751E+01  -1.000000E+01   3.225063E+00  -3.923586E+00        14
   1.181481E+04   6.979710E+06   2.812210E+01   2.812210E+01   2.124689E+01   1.699751E+01  -1.000000E+01   3.225063E+00  -3.923586E+00        14
   1.182481E+04   6.991530E+06   2.812210E+01   2.812210E+01   2.124689E+01   1.699751E+01  -1.000000E+01   3.225063E+00  -3.923586E+00        14
   1.183481E+04   7.003360E+06   2.812210E+01   2.812210E+01   2.124689E+01   1.699751E+01  -1.000000E+01   3.225063E+00  -3.923586E+00        14
   1.184481E+04   7.015200E+06   2.812210E+01   2.812210E+01   2.124689E+01   1.699751E+01  -1.000000E+01   3.225063E+00  -3.923586E+00        14
   1.185481E+04   7.027050E+06   2.812210E+01   2.812210E+01   2.124689E+01   1.699751E+01  -1.000000E+01   3.225063E+00  -3.923586E+00        14
   1.186481E+04   7.038910E+06   2.812210E+01   2.812210E+01   2.124689E+01   1.699751E+01  -1.000000E+01   3.225063E+00  -3.923586E+00        14
   1.187481E+04   7.050780E+06   2.812210E+01   2.812210E+01   2.124689E+01   1.699751E+01  -1.000000E+01   3.225063E+00  -3.923586E+00        14
   1.188481E+04   7.062660E+06   2.812210E+01   2.812210E+01   2.124689E+01   1.699751E+01  -1.000000E+01   3.225063E+00  -3.923586E+00        14
   1.189481E+04   7.074550E+06   2.812210E+01   2.812210E+01   2.124689E+01   1.699751E+01  -1.000000E+01   3.225063E+00  -3.923586E+00        14
   1.190481E+04   7.086450E+06   2.812210E+01   2.812210E+01   2.124689E+01   1.699751E+01  -1.000000E+01   3.225063E+00  -3.923586E+00        14
   1.191481E+04   7.098360E+06   2.812210E+01   2.812210E+01   2.124689E+01   1.699751E+01  -1.000000E+01   3.225063E+00  -3.923586E+00        14
   1.192481E+04   7.110280E+06   2.812210E+01   2.812210E+01   2.124689E+01   1.699751E+01  -1.000000E+01   3.225063E+00  -3.923586E+00        14
   1.193481E+04   7.122210E+06   2.812210E+01   2.812210E+01   2.124689E+01   1.699751E+01  -1.000000E+01   3.225063E+00  -3.923586E+00        14
   1.194481E+04   7.134150E+06   2.812210E+01   2.812210E+01   2.124689E+01   1.699751E+01  -1.000000E+01   3.225063E+00  -3.923586E+00        14
   1.195481E+04   7.146100E+06   2.812210E+01   2.812210E+01   2.124689E+01   1.699751E+01  -1.000000E+01   3.225063E+00  -3.923586E+00        14
   1.196481E+04   7.158060E+06   2.812210E+01   2.812210E+01   2.124689E+01   1.699751E+01  -1.000000E+01   3.225063E+00  -3.923586E+00        14
   1.197481E+04   7.170030E+06   2.812210E+01   2.812210E+01   2.124689E+01   1.699751E+01  -1.000000E+01   3.225063E+00  -3.923586E+00        14
   1.198481E+04   7.182010E+06   2.812210E+01   2.812210E+01   2.124689E+01   1.699751E+01  -1.000000E+01   3.225063E+00  -3.923586E+00        14
   1.199481E+04   7.194000E+06   2.812210E+01   2.812210E+01   2.124689E+01   1.699751E+01  -1.000000E+01   3.225063E+00  -3.923586E+00        14
   1.200481E+04   7.206000E+06   2.812210E+01   2.812210E+01   2.124689E+01   1.699751E+01  -1.000000E+01   3.225063E+00  -3.923586E+00        14
   1.201481E+04   7.218010E+06   2.812210E+01   2.812210E+01   2.124689E+01   1.699751E+01  -1.000000E+01   3.225063E+00  -3.923586E+00        14
   1.202481E+04   7.230030E+06   2.812210E+01   2.812210E+01   2.124689E+01   1.699751E+01  -1.000000E+01   3.225063E+00  -3.923586E+00        14
   1.203481E+04   7.242060E+06   2.812210E+01   2.812210E+01   2.124689E+01   1.699751E+01  -1.000000E+01   3.225063E+00  -3.923586E+00        14
   1.204481E+04   7.254100E+06   2.812210E+01   2.812210E+01   2.124689E+01   1.699751E+01  -1.000000E+01   3.225063E+00  -3.923586E+00        14
   1.205481E+04   7.266150E+06   2.812210E+01   2.812210E+01   2.124689E+01   1.699751E+01  -1.000000E+01   3.225063E+00  -3.923586E+00        14
   1.206481E+04   7.278210E+06   2.812210E+01   2.812210E+01   2.124689E+01   1.699751E+01  -1.000000E+01   3.225063E+00  -3.923586E+00        14
   1.207481E+04   7.290280E+06   2.812210E+01   2.812210E+01   2.124689E+01   1.699751E+01  -1.000000E+01   3.225063E+00  -3.923586E+00        14
   1.208481E+04   7.302360E+06   2.812210E+01   2.812210E+01   2.124689E+01   1.699751E+01  -1.000000E+01   3.225063E+00  -3.923586E+00        14
   1.209481E+04   7.314450E+06   2.812210E+01   2.812210E+01   2.124689E+01   1.699751E+01  -1.000000E+01   3.225063E+00  -3.923586E+00        14
   1.210481E+04   7.326550E+06   2.812210E+01   2.812210E+01   2.124689E+01   1.699751E+01  -1.000000E+01   3.225063E+00  -3.923586E+00        14
   1.211481E+04   7.338660E+06   2.812210E+01   2.812210E+01   2.124689E+01   1.699751E+01  -1.000000E+01   3.225063E+00  -3.923586E+00        14
   1.212481E+04   7.350780E+06   2.812210E+01   2.812210E+01   2.124689E+01   1.699751E+01  -1.000000E+01   3.225063E+00  -3.923586E+00        14
   1.213481E+04   7.362910E+06   2.812210E+01   2.812210E+01   2.124689E+01   1.699751E+01  -1.000000E+01   3.225063E+00  -3.923586E+00        14
   1.214481E+04   7.375050E+06   2.812210E+01   2.812210E+01   2.124689E+01   1.699751E+01  -1.000000E+01   3.225063E+00  -3.923586E+00        14
   1.215481E+04   7.387200E+06   2.812210E+01   2.812210E+01   2.124689E+01   1.699751E+01  -1.000000E+01   3.225063E+00  -3.923586E+00        14
   1.216481E+04   7.399360E+06   2.812210E+01   2.812210E+01   2.124689E+01   1.699751E+01  -1.000000E+01   3.225063E+00  -3.923586E+00        14
   1.217481E+04   7.411530E+06   2.812210E+01   2.812210E+01   2.124689E+01   1.699751E+01  -1.000000E+01   3.225063E+00  -3.923586E+00        14
   1.218481E+04   7.423710E+06   2.812210E+01   2.812210E+01   2.124689E+01   1.699751E+01  -1.000000E+01   3.225063E+00  -3.923586E+00        14
   1.219481E+04   7.435900E+06   2.812210E+01   2.812210E+01   2.124689E+01   1.699751E+01  -1.000000E+01   3.225063E+00  -3.923586E+00        14
   1.220481E+04   7.448100E+06   2.812210E+01   2.812210E+01   2.124689E+01   1.699751E+01  -1.000000E+01   3.225063E+00  -3.923586E+00        14
   1.221481E+04   7.460310E+06   2.812210E+01   2.812210E+01   2.124689E+01   1.699751E+01  -1.000000E+01   3.225063E+00  -3.923586E+00        14
   1.222481E+04   7.472530E+06   2.812210E+01   2.812210E+01   2.124689E+01   1.699751E+01  -1.000000E+01   3.225063E+00  -3.923586E+00        14
   1.223481E+04   7.484760E+06   2.812210E+01   2.812210E+01   2.124689E+01   1.699751E+01  -1.000000E+01   3.225063E+00  -3.923586E+00        14
   1.224481E+04   7.497000E+06   2.812210E+01   2.812210E+01   2.124689E+01   1.699751E+01  -1.000000E+01   3.225063E+00  -3.923586E+00        14
   1.225481E+04   7.509250E+06   2.812210E+01   2.812210E+01   2.124689E+01   1.699751E+01  -1.000000E+01   3.225063E+00  -3.923586E+00        14
   1.226481E+04   7.521510E+06   2.812210E+01   2.812210E+01   2.124689E+01   1.699751E+01  -1.000000E+01   3.225063E+00  -3.923586E+00        14
   1.227481E+04   7.533780E+06   2.812210E+01   2.812210E+01   2.124689E+01   1.699751E+01  -1.000000E+01   3.225063E+00  -3.923586E+00        14
   1.228481E+04   7.546060E+06   2.812210E+01   2.812210E+01   2.124689E+01   1.699751E+01  -1.000000E+01   3.225063E+00  -3.923586E+00        14
   1.229481E+04   7.558350E+06   2.812210E+01   2.812210E+01   2.124689E+01   1.699751E+01  -1.000000E+01   3.225063E+00  -3.923586E+00        14
   1.230481E+04   7.570650E+06   2.812210E+01   2.812210E+01   2.124689E+01   1.699751E+01  -1.000000E+01   3.225063E+00  -3.923586E+00        14
   1.231481E+04   7.582960E+06   2.812210E+01   2.812210E+01   2.124689E+01   1.699751E+01  -1.000000E+01   3.225063E+00  -3.923586E+00        14
   1.232481E+04   7.595280E+06   2.812210E+01   2.812210E+01   2.124689E+01   1.699751E+01  -1.000000E+01   3.225063E+00  -3.923586E+00        14
   1.233481E+04   7.607610E+06   2.812210E+01   2.812210E+01   2.124689E+01   1.699751E+01  -1.000000E+01   3.225063E+00  -3.923586E+00        14
   1.234481E+04   7.619950E+06   2.812210E+01   2.812210E+01   2.124689E+01   1.699751E+01  -1.000000E+01   3.225063E+00  -3.923586E+00        14
   1.235481E+04   7.632300E+06   2.812210E+01   2.812210E+01   2.124689E+01   1.699751E+01  -1.000000E+01   3.225063E+00  -3.923586E+00        14
   1.236481E+04   7.644660E+06   2.812210E+01   2.812210E+01   2.124689E+01   1.699751E+01  -1.000000E+01   3.225063E+00  -3.923586E+00        14
   1.237481E+04   7.657030E+06   2.812210E+01   2.812210E+01   2.124689E+01   1.699751E+01  -1.000000E+01   3.225063E+00  -3.923586E+00        14
   1.238481E+04   7.669410E+06   2.812210E+01   2.812210E+01   2.124689E+01   1.699751E+01  -1.000000E+01   3.225063E+00  -3.923586E+00        14
   1.239481E+04   7.681800E+06   2.812210E+01   2.812210E+01   2.124689E+01   1.699751E+01  -1.000000E+01   3.225063E+00  -3.923586E+00        14
   1.240481E+04   7.694200E+06   2.812210E+01   2.812210E+01   2.124689E+01   1.699751E+01  -1.000000E+01   3.225063E+00  -3.923586E+00        14
   1.241481E+04   7.706610E+06   2.812210E+01   2.812210E+01   2.124689E+01   1.699751E+01  -1.000000E+01   3.225063E+00  -3.923586E+00        14
   1.242481E+04   7.719030E+06   2.812210E+01   2.812210E+01   2.124689E+01   1.699751E+01  -1.000000E+01   3.225063E+00  -3.923586E+00        14
   1.243481E+04   7.731460E+06   2.812210E+01   2.812210E+01   2.124689E+01   1.699751E+01  -1.000000E+01   3.225063E+00  -3.923586E+00        14
   1.244481E+04   7.743900E+06   2.812210E+01   2.812210E+01   2.124689E+01   1.699751E+01  -1.000000E+01   3.225063E+00  -3.923586E+00        14
   1.245481E+04   7.756350E+06   2.812210E+01   2.812210E+01   2.124689E+01   1.699751E+01  -1.000000E+01   3.225063E+00  -3.923586E+00        14
   1.246481E+04   7.768810E+06   2.812210E+01   2.812210E+01   2.124689E+01   1.699751E+01  -1.000000E+01   3.225063E+00  -3.923586E+00        14
   1.247481E+04   7.781280E+06   2.812210E+01   2.812210E+01   2.124689E+01   1.699751E+01  -1.000000E+01   3.225063E+00  -3.923586E+00        14
   1.248481E+04   7.793760E+06   2.812210E+01   2.812210E+01   2.124689E+01   1.699751E+01  -1.000000E+01   3.225063E+00  -3.923586E+00        14
   1.249481E+04   7.806250E+06   2.812210E+01   2.812210E+01   2.124689E+01   1.699751E+01  -1.000000E+01   3.225063E+00  -3.923586E+00        14
   1.250481E+04   7.818750E+06   2.812210E+01   2.812210E+01   2.124689E+01   1.699751E+01  -1.000000E+01   3.225063E+00  -3.923586E+00        14
   1.251481E+04   7.831260E+06   2.812210E+01   2.812210E+01   2.124689E+01   1.699751E+01  -1.000000E+01   3.225063E+00  -3.923586E+00        14
   1.252481E+04   7.843780E+06   2.812210E+01   2.812210E+01   2.124689E+01   1.699751E+01  -1.000000E+01   3.225063E+00  -3.923586E+00        14
   1.253481E+04   7.856310E+06   2.812210E+01   2.812210E+01   2.124689E+01   1.699751E+01  -1.000000E+01   3.225063E+00  -3.923586E+00        14
   1.254481E+04   7.868850E+06   2.812210E+01   2.812210E+01   2.124689E+01   1.699751E+01  -1.000000E+01   3.225063E+00  -3.923586E+00        14
   1.255481E+04   7.881400E+06   2.812210E+01   2.812210E+01   2.124689E+01   1.699751E+01  -1.000000E+01   3.225063E+00  -3.923586E+00        14
   1.256481E+04   7.893960E+06   2.812210E+01   2.812210E+01   2.124689E+01   1.699751E+01  -1.000000E+01   3.225063E+00  -3.923586E+00        14
   1.257481E+04   7.906530E+06   2.812210E+01   2.812210E+01   2.124689E+01   1.699751E+01  -1.000000E+01   3.225063E+00  -3.923586E+00        14
   1.258481E+04   7.919110E+06   2.812210E+01   2.812210E+01   2.124689E+01   1.699751E+01  -1.000000E+01   3.225063E+00  -3.923586E+00        14
   1.259481E+04   7.931700E+06   2.812210E+01   2.812210E+01   2.124689E+01   1.699751E+01  -1.000000E+01   3.225063E+00  -3.923586E+00        14
   1.260481E+04   7.944300E+06   2.812210E+01   2.812210E+01   2.124689E+01   1.699751E+01  -1.000000E+01   3.225063E+00  -3.923586E+00        14
   1.261481E+04   7.956910E+06   2.812210E+01   2.812210E+01   2.124689E+01   1.699751E+01  -1.000000E+01   3.225063E+00  -3.923586E+00        14
   1.262481E+04   7.969530E+06   2.812210E+01   2.812210E+01   2.124689E+01   1.699751E+01  -1.000000E+01   3.225063E+00  -3.923586E+00        14
   1.263481E+04   7.982160E+06   2.812210E+01   2.812210E+01   2.124689E+01   1.699751E+01  -1.000000E+01   3.225063E+00  -3.923586E+00        14
   1.264481E+04   7.994800E+06   2.812210E+01   2.812210E+01   2.124689E+01   1.699751E+01  -1.000000E+01   3.225063E+00  -3.923586E+00        14
   1.265481E+04   8.007450E+06   2.812210E+01   2.812210E+01   2.124689E+01   1.699751E+01  -1.000000E+01   3.225063E+00  -3.923586E+00        14
   1.266481E+04   8.020110E+06   2.812210E+01   2.812210E+01   2.124689E+01   1.699751E+01  -1.000000E+01   3.225063E+00  -3.923586E+00        14
   1.267481E+04   8.032780E+06   2.812210E+01   2.812210E+01   2.124689E+01   1.699751E+01  -1.000000E+01   3.225063E+00  -3.923586E+00        14
   1.268481E+04   8.045460E+06   2.812210E+01   2.812210E+01   2.124689E+01   1.699751E+01  -1.000000E+01   3.225063E+00  -3.923586E+00        14
   1.269481E+04   8.058150E+06   2.812210E+01   2.812210E+01   2.124689E+01   1.699751E+01  -1.000000E+01   3.225063E+00  -3.923586E+00        14
   1.270481E+04   8.070850E+06   2.812210E+01   2.812210E+01   2.124689E+01   1.699751E+01  -1.000000E+01   3.225063E+00  -3.923586E+00        14
   1.271481E+04   8.083560E+06   2.812210E+01   2.812210E+01   2.124689E+01   1.699751E+01  -1.000000E+01   3.225063E+00  -3.923586E+00        14
   1.272481E+04   8.096280E+06   2.812210E+01   2.812210E+01   2.124689E+01   1.699751E+01  -1.000000E+01   3.225063E+00  -3.923586E+00        14
   1.273481E+04   8.109010E+06   2.812210E+01   2.812210E+01   2.124689E+01   1.699751E+01  -1.000000E+01   3.225063E+00  -3.923586E+00        14
   1.274481E+04   8.121750E+06   2.812210E+01   2.812210E+01   2.124689E+01   1.699751E+01  -1.000000E+01   3.225063E+00  -3.923586E+00        14
   1.275481E+04   8.134500E+06   2.812210E+01   2.812210E+01   2.124689E+01   1.699751E+01  -1.000000E+01   3.225063E+00  -3.923586E+00        14
   1.276481E+04   8.147260E+06   2.812210E+01   2.812210E+01   2.124689E+01   1.699751E+01  -1.000000E+01   3.225063E+00  -3.923586E+00        14
   1.277481E+04   8.160030E+06   2.812210E+01   2.812210E+01   2.124689E+01   1.699751E+01  -1.000000E+01   3.225063E+00  -3.923586E+00        14
   1.278481E+04   8.172810E+06   2.812210E+01   2.812210E+01   2.124689E+01   1.699751E+01  -1.000000E+01   3.225063E+00  -3.923586E+00        14
   1.279481E+04   8.185600E+06   2.812210E+01   2.812210E+01   2.124689E+01   1.699751E+01  -1.000000E+01   3.225063E+00  -3.923586E+00        14
   1.280481E+04   8.198400E+06   2.812210E+01   2.812210E+01   2.124689E+01   1.699751E+01  -1.000000E+01   3.225063E+00  -3.923586E+00        14
   1.281481E+04   8.211210E+06   2.812210E+01   2.812210E+01   2.124689E+01   1.699751E+01  -1.000000E+01   3.225063E+00  -3.923586E+00        14
   1.282481E+04   8.224030E+06   2.812210E+01   2.812210E+01   2.124689E+01   1.699751E+01  -1.000000E+01   3.225063E+00  -3.923586E+00        14
   1.283481E+04   8.236860E+06   2.812210E+01   2.812210E+01   2.124689E+01   1.699751E+01  -1.000000E+01   3.225063E+00  -3.923586E+00        14
   1.284481E+04   8.249700E+06   2.812210E+01   2.812210E+01   2.124689E+01   1.699751E+01  -1.000000E+01   3.225063E+00  -3.923586E+00        14
   1.285481E+04   8.262550E+06   2.812210E+01   2.812210E+01   2.124689E+01   1.699751E+01  -1.000000E+01   3.225063E+00  -3.923586E+00        14
   1.286481E+04   8.275410E+06   2.812210E+01   2.812210E+01   2.124689E+01   1.699751E+01  -1.000000E+01   3.225063E+00  -3.923586E+00        14
   1.287481E+04   8.288280E+06   2.812210E+01   2.812210E+01   2.124689E+01   1.699751E+01  -1.000000E+01   3.225063E+00  -3.923586E+00        14
   1.288481E+04   8.301160E+06   2.812210E+01   2.812210E+01   2.124689E+01   1.699751E+01  -1.000000E+01   3.225063E+00  -3.923586E+00        14
   1.289481E+04   8.314050E+06   2.812210E+01   2.812210E+01   2.124689E+01   1.699751E+01  -1.000000E+01   3.225063E+00  -3.923586E+00        14
   1.290481E+04   8.326950E+06   2.812210E+01   2.812210E+01   2.124689E+01   1.699751E+01  -1.000000E+01   3.225063E+00  -3.923586E+00        14
   1.291481E+04   8.339860E+06   2.812210E+01   2.812210E+01   2.124689E+01   1.699751E+01  -1.000000E+01   3.225063E+00  -3.923586E+00        14
   1.292481E+04   8.352780E+06   2.812210E+01   2.812210E+01   2.124689E+01   1.699751E+01  -1.000000E+01   3.225063E+00  -3.923586E+00        14
   1.293481E+04   8.365710E+06   2.812210E+01   2.812210E+01   2.124689E+01   1.699751E+01  -1.000000E+01   3.225063E+00  -3.923586E+00        14
   1.294481E+04   8.378650E+06   2.812210E+01   2.812210E+01   2.124689E+01   1.699751E+01  -1.000000E+01   3.225063E+00  -3.923586E+00        14
   1.295481E+04   8.391600E+06   2.812210E+01   2.812210E+01   2.124689E+01   1.699751E+01  -1.000000E+01   3.225063E+00  -3.923586E+00        14
   1.296481E+04   8.404560E+06   2.812210E+01   2.812210E+01   2.124689E+01   1.699751E+01  -1.000000E+01   3.225063E+00  -3.923586E+00        14
   1.297481E+04   8.417530E+06   2.812210E+01   2.812210E+01   2.124689E+01   1.699751E+01  -1.000000E+01   3.225063E+00  -3.923586E+00        14
   1.298481E+04   8.430510E+06   2.812210E+01   2.812210E+01   2.124689E+01   1.699751E+01  -1.000000E+01   3.225063E+00  -3.923586E+00        14
   1.299481E+04   8.443500E+06   2.812210E+01   2.812210E+01   2.124689E+01   1.699751E+01  -1.000000E+01   3.225063E+00  -3.923586E+00        14
   1.300481E+04   8.456500E+06   2.812210E+01   2.812210E+01   2.124689E+01   1.699751E+01  -1.000000E+01   3.225063E+00  -3.923586E+00        14
   1.301481E+04   8.469510E+06   2.812210E+01   2.812210E+01   2.124689E+01   1.699751E+01  -1.000000E+01   3.225063E+00  -3.923586E+00        14
   1.302481E+04   8.482530E+06   2.812210E+01   2.812210E+01   2.124689E+01   1.699751E+01  -1.000000E+01   3.225063E+00  -3.923586E+00        14
   1.303481E+04   8.495560E+06   2.812210E+01   2.812210E+01   2.124689E+01   1.699751E+01  -1.000000E+01   3.225063E+00  -3.923586E+00        14
   1.304481E+04   8.508600E+06   2.812210E+01   2.812210E+01   2.124689E+01   1.699751E+01  -1.000000E+01   3.225063E+00  -3.923586E+00        14
   1.305481E+04   8.521650E+06   2.812210E+01   2.812210E+01   2.124689E+01   1.699751E+01  -1.000000E+01   3.225063E+00  -3.923586E+00        14
   1.306481E+04   8.534710E+06   2.812210E+01   2.812210E+01   2.124689E+01   1.699751E+01  -1.000000E+01   3.225063E+00  -3.923586E+00        14
   1.307481E+04   8.547780E+06   2.812210E+01   2.812210E+01   2.124689E+01   1.699751E+01  -1.000000E+01   3.225063E+00  -3.923586E+00        14
   1.308481E+04   8.560860E+06   2.812210E+01   2.812210E+01   2.124689E+01   1.699751E+01  -1.000000E+01   3.225063E+00  -3.923586E+00        14
   1.309481E+04   8.573950E+06   2.812210E+01   2.812210E+01   2.124689E+01   1.699751E+01  -1.000000E+01   3.225063E+00  -3.923586E+00        14
   1.310481E+04   8.587050E+06   2.812210E+01   2.812210E+01   2.124689E+01   1.699751E+01  -1.000000E+01   3.225063E+00  -3.923586E+00        14
   1.311481E+04   8.600160E+06   2.812210E+01   2.812210E+01   2.124689E+01   1.699751E+01  -1.000000E+01   3.225063E+00  -3.923586E+00        14
   1.312481E+04   8.613280E+06   2.812210E+01   2.812210E+01   2.124689E+01   1.699751E+01  -1.000000E+01   3.225063E+00  -3.923586E+00        14
   1.313481E+04   8.626410E+06   2.812210E+01   2.812210E+01   2.124689E+01   1.699751E+01  -1.000000E+01   3.225063E+00  -3.923586E+00        14
   1.314481E+04   8.639550E+06   2.812210E+01   2.812210E+01   2.124689E+01   1.699751E+01  -1.000000E+01   3.225063E+00  -3.923586E+00        14
   1.315481E+04   8.652700E+06   2.812210E+01   2.812210E+01   2.124689E+01   1.699751E+01  -1.000000E+01   3.225063E+00  -3.923586E+00        14
   1.316481E+04   8.665860E+06   2.812210E+01   2.812210E+01   2.124689E+01   1.699751E+01  -1.000000E+01   3.225063E+00  -3.923586E+00        14
   1.317481E+04   8.679030E+06   2.812210E+01   2.812210E+01   2.124689E+01   1.699751E+01  -1.000000E+01   3.225063E+00  -3.923586E+00        14
   1.318481E+04   8.692210E+06   2.812210E+01   2.812210E+01   2.124689E+01   1.699751E+01  -1.000000E+01   3.225063E+00  -3.923586E+00        14
   1.319481E+04   8.705400E+06   2.812210E+01   2.812210E+01   2.124689E+01   1.699751E+01  -1.000000E+01   3.225063E+00  -3.923586E+00        14
   1.320481E+04   8.718600E+06   2.812210E+01   2.812210E+01   2.124689E+01   1.699751E+01  -1.000000E+01   3.225063E+00  -3.923586E+00        14
   1.321481E+04   8.731810E+06   2.812210E+01   2.812210E+01   2.124689E+01   1.699751E+01  -1.000000E+01   3.225063E+00  -3.923586E+00        14
   1.322481E+04   8.745030E+06   2.812210E+01   2.812210E+01   2.124689E+01   1.699751E+01  -1.000000E+01   3.225063E+00  -3.923586E+00        14
   1.323481E+04   8.758260E+06   2.812210E+01   2.812210E+01   2.124689E+01   1.699751E+01  -1.000000E+01   3.225063E+00  -3.923586E+00        14
   1.324481E+04   8.771500E+06   2.812210E+01   2.812210E+01   2.124689E+01   1.699751E+01  -1.000000E+01   3.225063E+00  -3.923586E+00        14
   1.325481E+04   8.784750E+06   2.812210E+01   2.812210E+01   2.124689E+01   1.699751E+01  -1.000000E+01   3.225063E+00  -3.923586E+00        14
   1.326481E+04   8.798010E+06   2.812210E+01   2.812210E+01   2.124689E+01   1.699751E+01  -1.000000E+01   3.225063E+00  -3.923586E+00        14
   1.327481E+04   8.811280E+06   2.812210E+01   2.812210E+01   2.124689E+01   1.699751E+01  -1.000000E+01   3.225063E+00  -3.923586E+00        14
   1.328481E+04   8.824560E+06   2.812210E+01   2.812210E+01   2.124689E+01   1.699751E+01  -1.000000E+01   3.225063E+00  -3.923586E+00        14
   1.329481E+04   8.837850E+06   2.812210E+01   2.812210E+01   2.124689E+01   1.699751E+01  -1.000000E+01   3.225063E+00  -3.923586E+00        14
   1.330481E+04   8.851150E+06   2.812210E+01   2.812210E+01   2.124689E+01   1.699751E+01  -1.000000E+01   3.225063E+00  -3.923586E+00        14
   1.331481E+04   8.864460E+06   2.812210E+01   2.812210E+01   2.124689E+01   1.699751E+01  -1.000000E+01   3.225063E+00  -3.923586E+00        14
   1.332481E+04   8.877780E+06   2.812210E+01   2.812210E+01   2.124689E+01   1.699751E+01  -1.000000E+01   3.225063E+00  -3.923586E+00        14
   1.333481E+04   8.891110E+06   2.812210E+01   2.812210E+01   2.124689E+01   1.699751E+01  -1.000000E+01   3.225063E+00  -3.923586E+00        14
   1.334481E+04   8.904450E+06   2.812210E+01   2.812210E+01   2.124689E+01   1.699751E+01  -1.000000E+01   3.225063E+00  -3.923586E+00        14
   1.335481E+04   8.917800E+06   2.812210E+01   2.812210E+01   2.124689E+01   1.699751E+01  -1.000000E+01   3.225063E+00  -3.923586E+00        14
   1.336481E+04   8.931160E+06   2.812210E+01   2.812210E+01   2.124689E+01   1.699751E+01  -1.000000E+01   3.225063E+00  -3.923586E+00        14
   1.337481E+04   8.944530E+06   2.812210E+01   2.812210E+01   2.124689E+01   1.699751E+01  -1.000000E+01   3.225063E+00  -3.923586E+00        14
   1.338481E+04   8.957910E+06   2.812210E+01   2.812210E+01   2.124689E+01   1.699751E+01  -1.000000E+01   3.225063E+00  -3.923586E+00        14
   1.339481E+04   8.971300E+06   2.812210E+01   2.812210E+01   2.124689E+01   1.699751E+01  -1.000000E+01   3.225063E+00  -3.923586E+00        14
   1.340481E+04   8.984700E+06   2.812210E+01   2.812210E+01   2.124689E+01   1.699751E+01  -1.000000E+01   3.225063E+00  -3.923586E+00        14
   1.341481E+04   8.998110E+06   2.812210E+01   2.812210E+01   2.124689E+01   1.699751E+01  -1.000000E+01   3.225063E+00  -3.923586E+00        14
   1.342481E+04   9.011530E+06   2.812210E+01   2.812210E+01   2.124689E+01   1.699751E+01  -1.000000E+01   3.225063E+00  -3.923586E+00        14
   1.343481E+04   9.024960E+06   2.812210E+01   2.812210E+01   2.124689E+01   1.699751E+01  -1.000000E+01   3.225063E+00  -3.923586E+00        14
   1.344481E+04   9.038400E+06   2.812210E+01   2.812210E+01   2.124689E+01   1.699751E+01  -1.000000E+01   3.225063E+00  -3.923586E+00        14
   1.345481E+04   9.051850E+06   2.812210E+01   2.812210E+01   2.124689E+01   1.699751E+01  -1.000000E+01   3.225063E+00  -3.923586E+00        14
   1.346481E+04   9.065310E+06   2.812210E+01   2.812210E+01   2.124689E+01   1.699751E+01  -1.000000E+01   3.225063E+00  -3.923586E+00        14
   1.347481E+04   9.078780E+06   2.812210E+01   2.812210E+01   2.124689E+01   1.699751E+01  -1.000000E+01   3.225063E+00  -3.923586E+00        14
   1.348481E+04   9.092260E+06   2.812210E+01   2.812210E+01   2.124689E+01   1.699751E+01  -1.000000E+01   3.225063E+00  -3.923586E+00        14
   1.349481E+04   9.105750E+06   2.812210E+01   2.812210E+01   2.124689E+01   1.699751E+01  -1.000000E+01   3.225063E+00  -3.923586E+00        14
   1.350481E+04   9.119250E+06   2.812210E+01   2.812210E+01   2.124689E+01   1.699751E+01  -1.000000E+01   3.225063E+00  -3.923586E+00        14
   1.351481E+04   9.132760E+06   2.812210E+01   2.812210E+01   2.124689E+01   1.699751E+01  -1.000000E+01   3.225063E+00  -3.923586E+00        14
   1.352481E+04   9.146280E+06   2.812210E+01   2.812210E+01   2.124689E+01   1.699751E+01  -1.000000E+01   3.225063E+00  -3.923586E+00        14
   1.353481E+04   9.159810E+06   2.812210E+01   2.812210E+01   2.124689E+01   1.699751E+01  -1.000000E+01   3.225063E+00  -3.923586E+00        14
   1.354481E+04   9.173350E+06   2.812210E+01   2.812210E+01   2.124689E+01   1.699751E+01  -1.000000E+01   3.225063E+00  -3.923586E+00        14
   1.355481E+04   9.186900E+06   2.812210E+01   2.812210E+01   2.124689E+01   1.699751E+01  -1.000000E+01   3.225063E+00  -3.923586E+00        14
   1.356481E+04   9.200460E+06   2.812210E+01   2.812210E+01   2.124689E+01   1.699751E+01  -1.000000E+01   3.225063E+00  -3.923586E+00        14
   1.357481E+04   9.214030E+06   2.812210E+01   2.812210E+01   2.124689E+01   1.699751E+01  -1.000000E+01   3.225063E+00  -3.923586E+00        14
   1.358481E+04   9.227610E+06   2.812210E+01   2.812210E+01   2.124689E+01   1.699751E+01  -1.000000E+01   3.225063E+00  -3.923586E+00        14
   1.359481E+04   9.241200E+06   2.812210E+01   2.812210E+01   2.124689E+01   1.699751E+01  -1.000000E+01   3.225063E+00  -3.923586E+00        14
   1.360481E+04   9.254800E+06   2.812210E+01   2.812210E+01   2.124689E+01   1.699751E+01  -1.000000E+01   3.225063E+00  -3.923586E+00        14
   1.361481E+04   9.268410E+06   2.812210E+01   2.812210E+01   2.124689E+01   1.699751E+01  -1.000000E+01   3.225063E+00  -3.923586E+00        14
   1.362481E+04   9.282030E+06   2.812210E+01   2.812210E+01   2.124689E+01   1.699751E+01  -1.000000E+01   3.225063E+00  -3.923586E+00        14
   1.363481E+04   9.295660E+06   2.812210E+01   2.812210E+01   2.124689E+01   1.699751E+01  -1.000000E+01   3.225063E+00  -3.923586E+00        14
   1.364481E+04   9.309300E+06   2.812210E+01   2.812210E+01   2.124689E+01   1.699751E+01  -1.000000E+01   3.225063E+00  -3.923586E+00        14
   1.365481E+04   9.322950E+06   2.812210E+01   2.812210E+01   2.124689E+01   1.699751E+01  -1.000000E+01   3.225063E+00  -3.923586E+00        14
   1.366481E+04   9.336610E+06   2.812210E+01   2.812210E+01   2.124689E+01   1.699751E+01  -1.000000E+01   3.225063E+00  -3.923586E+00        14
   1.367481E+04   9.350280E+06   2.812210E+01   2.812210E+01   2.124689E+01   1.699751E+01  -1.000000E+01   3.225063E+00  -3.923586E+00        14
   1.368481E+04   9.363960E+06   2.812210E+01   2.812210E+01   2.124689E+01   1.699751E+01  -1.000000E+01   3.225063E+00  -3.923586E+00        14
   1.369481E+04   9.377650E+06   2.812210E+01   2.812210E+01   2.124689E+01   1.699751E+01  -1.000000E+01   3.225063E+00  -3.923586E+00        14
   1.370481E+04   9.391350E+06   2.812210E+01   2.812210E+01   2.124689E+01   1.699751E+01  -1.000000E+01   3.225063E+00  -3.923586E+00        14
   1.371481E+04   9.405060E+06   2.812210E+01   2.812210E+01   2.124689E+01   1.699751E+01  -1.000000E+01   3.225063E+00  -3.923586E+00        14
   1.372481E+04   9.418780E+06   2.812210E+01   2.812210E+01   2.124689E+01   1.699751E+01  -1.000000E+01   3.225063E+00  -3.923586E+00        14
   1.373481E+04   9.432510E+06   2.812210E+01   2.812210E+01   2.124689E+01   1.699751E+01  -1.000000E+01   3.225063E+00  -3.923586E+00        14
   1.374481E+04   9.446250E+06   2.812210E+01   2.812210E+01   2.124689E+01   1.699751E+01  -1.000000E+01   3.225063E+00  -3.923586E+00        14
   1.375481E+04   9.460000E+06   2.812210E+01   2.812210E+01   2.124689E+01   1.699751E+01  -1.000000E+01   3.225063E+00  -3.923586E+00        14
   1.376481E+04   9.473760E+06   2.812210E+01   2.812210E+01   2.124689E+01   1.699751E+01  -1.000000E+01   3.225063E+00  -3.923586E+00        14
   1.377481E+04   9.487530E+06   2.812210E+01   2.812210E+01   2.124689E+01   1.699751E+01  -1.000000E+01   3.225063E+00  -3.923586E+00        14
   1.378481E+04   9.501310E+06   2.812210E+01   2.812210E+01   2.124689E+01   1.699751E+01  -1.000000E+01   3.225063E+00  -3.923586E+00        14
   1.379481E+04   9.515100E+06   2.812210E+01   2.812210E+01   2.124689E+01   1.699751E+01  -1.000000E+01   3.225063E+00  -3.923586E+00        14
   1.380481E+04   9.528900E+06   2.812210E+01   2.812210E+01   2.124689E+01   1.699751E+01  -1.000000E+01   3.225063E+00  -3.923586E+00        14
   1.381481E+04   9.542710E+06   2.812210E+01   2.812210E+01   2.124689E+01   1.699751E+01  -1.000000E+01   3.225063E+00  -3.923586E+00        14
   1.382481E+04   9.556530E+06   2.812210E+01   2.812210E+01   2.124689E+01   1.699751E+01  -1.000000E+01   3.225063E+00  -3.923586E+00        14
   1.383481E+04   9.570360E+06   2.812210E+01   2.812210E+01   2.124689E+01   1.699751E+01  -1.000000E+01   3.225063E+00  -3.923586E+00        14
   1.384481E+04   9.584200E+06   2.812210E+01   2.812210E+01   2.124689E+01   1.699751E+01  -1.000000E+01   3.225063E+00  -3.923586E+00        14
   1.385481E+04   9.598050E+06   2.812210E+01   2.812210E+01   2.124689E+01   1.699751E+01  -1.000000E+01   3.225063E+00  -3.923586E+00        14
   1.386481E+04   9.611910E+06   2.812210E+01   2.812210E+01   2.124689E+01   1.699751E+01  -1.000000E+01   3.225063E+00  -3.923586E+00        14
   1.387481E+04   9.625780E+06   2.812210E+01   2.812210E+01   2.124689E+01   1.699751E+01  -1.000000E+01   3.225063E+00  -3.923586E+00        14
   1.388481E+04   9.639660E+06   2.812210E+01   2.812210E+01   2.124689E+01   1.699751E+01  -1.000000E+01   3.225063E+00  -3.923586E+00        14
   1.389481E+04   9.653550E+06   2.812210E+01   2.812210E+01   2.124689E+01   1.699751E+01  -1.000000E+01   3.225063E+00  -3.923586E+00        14
   1.390481E+04   9.667450E+06   2.812210E+01   2.812210E+01   2.124689E+01   1.699751E+01  -1.000000E+01   3.225063E+00  -3.923586E+00        14
   1.391481E+04   9.681360E+06   2.812210E+01   2.812210E+01   2.124689E+01   1.699751E+01  -1.000000E+01   3.225063E+00  -3.923586E+00        14
   1.392481E+04   9.695280E+06   2.812210E+01   2.812210E+01   2.124689E+01   1.699751E+01  -1.000000E+01   3.225063E+00  -3.923586E+00        14
   1.393481E+04   9.709210E+06   2.812210E+01   2.812210E+01   2.124689E+01   1.699751E+01  -1.000000E+01   3.225063E+00  -3.923586E+00        14
   1.394481E+04   9.723150E+06   2.812210E+01   2.812210E+01   2.124689E+01   1.699751E+01  -1.000000E+01   3.225063E+00  -3.923586E+00        14
   1.395481E+04   9.737100E+06   2.812210E+01   2.812210E+01   2.124689E+01   1.699751E+01  -1.000000E+01   3.225063E+00  -3.923586E+00        14
   1.396481E+04   9.751060E+06   2.812210E+01   2.812210E+01   2.124689E+01   1.699751E+01  -1.000000E+01   3.225063E+00  -3.923586E+00        14
   1.397481E+04   9.765030E+06   2.812210E+01   2.812210E+01   2.124689E+01   1.699751E+01  -1.000000E+01   3.225063E+00  -3.923586E+00        14
   1.398481E+04   9.779010E+06   2.812210E+01   2.812210E+01   2.124689E+01   1.699751E+01  -1.000000E+01   3.225063E+00  -3.923586E+00        14
   1.399481E+04   9.793000E+06   2.812210E+01   2.812210E+01   2.124689E+01   1.699751E+01  -1.000000E+01   3.225063E+00  -3.923586E+00        14
   1.400481E+04   9.807000E+06   2.812210E+01   2.812210E+01   2.124689E+01   1.699751E+01  -1.000000E+01   3.225063E+00  -3.923586E+00        14
   1.401481E+04   9.821010E+06   2.812210E+01   2.812210E+01   2.124689E+01   1.699751E+01  -1.000000E+01   3.225063E+00  -3.923586E+00        14
   1.402481E+04   9.835030E+06   2.812210E+01   2.812210E+01   2.124689E+01   1.699751E+01  -1.000000E+01   3.225063E+00  -3.923586E+00        14
   1.403481E+04   9.849060E+06   2.812210E+01   2.812210E+01   2.124689E+01   1.699751E+01  -1.000000E+01   3.225063E+00  -3.923586E+00        14
   1.404481E+04   9.863100E+06   2.812210E+01   2.812210E+01   2.124689E+01   1.699751E+01  -1.000000E+01   3.225063E+00  -3.923586E+00        14
   1.405481E+04   9.877150E+06   2.812210E+01   2.812210E+01   2.124689E+01   1.699751E+01  -1.000000E+01   3.225063E+00  -3.923586E+00        14
   1.406481E+04   9.891210E+06   2.812210E+01   2.812210E+01   2.124689E+01   1.699751E+01  -1.000000E+01   3.225063E+00  -3.923586E+00        14
   1.407481E+04   9.905280E+06   2.812210E+01   2.812210E+01   2.124689E+01   1.699751E+01  -1.000000E+01   3.225063E+00  -3.923586E+00        14
   1.408481E+04   9.919360E+06   2.812210E+01   2.812210E+01   2.124689E+01   1.699751E+01  -1.000000E+01   3.225063E+00  -3.923586E+00        14
   1.409481E+04   9.933450E+06   2.812210E+01   2.812210E+01   2.124689E+01   1.699751E+01  -1.000000E+01   3.225063E+00  -3.923586E+00        14
   1.410481E+04   9.947550E+06   2.812210E+01   2.812210E+01   2.124689E+01   1.699751E+01  -1.000000E+01   3.225063E+00  -3.923586E+00        14
   1.411481E+04   9.961660E+06   2.812210E+01   2.812210E+01   2.124689E+01   1.699751E+01  -1.000000E+01   3.225063E+00  -3.923586E+00        14
   1.412481E+04   9.975780E+06   2.812210E+01   2.812210E+01   2.124689E+01   1.699751E+01  -1.000000E+01   3.225063E+00  -3.923586E+00        14
   1.413481E+04   9.989910E+06   2.812210E+01   2.812210E+01   2.124689E+01   1.699751E+01  -1.000000E+01   3.225063E+00  -3.923586E+00        14
   1.414481E+04   1.000405E+07   2.812210E+01   2.812210E+01   2.124689E+01   1.699751E+01  -1.000000E+01   3.225063E+00  -3.923586E+00        14
   1.415481E+04   1.001820E+07   2.812210E+01   2.812210E+01   2.124689E+01   1.699751E+01  -1.000000E+01   3.225063E+00  -3.923586E+00        14
   1.416481E+04   1.003236E+07   2.812210E+01   2.812210E+01   2.124689E+01   1.699751E+01  -1.000000E+01   3.225063E+00  -3.923586E+00        14
   1.417481E+04   1.004653E+07   2.812210E+01   2.812210E+01   2.124689E+01   1.699751E+01  -1.000000E+01   3.225063E+00  -3.923586E+00        14
   1.418481E+04   1.006071E+07   2.812210E+01   2.812210E+01   2.124689E+01   1.699751E+01  -1.000000E+01   3.225063E+00  -3.923586E+00        14
   1.419481E+04   1.007490E+07   2.812210E+01   2.812210E+01   2.124689E+01   1.699751E+01  -1.000000E+01   3.225063E+00  -3.923586E+00        14
   1.420481E+04   1.008910E+07   2.812210E+01   2.812210E+01   2.124689E+01   1.699751E+01  -1.000000E+01   3.225063E+00  -3.923586E+00        14
   1.421481E+04   1.010331E+07   2.812210E+01   2.812210E+01   2.124689E+01   1.699751E+01  -1.000000E+01   3.225063E+00  -3.923586E+00        14
   1.422481E+04   1.011753E+07   2.812210E+01   2.812210E+01   2.124689E+01   1.699751E+01  -1.000000E+01   3.225063E+00  -3.923586E+00        14
   1.423481E+04   1.013176E+07   2.812210E+01   2.812210E+01   2.124689E+01   1.699751E+01  -1.000000E+01   3.225063E+00  -3.923586E+00        14
   1.424481E+04   1.014600E+07   2.812210E+01   2.812210E+01   2.124689E+01   1.699751E+01  -1.000000E+01   3.225063E+00  -3.923586E+00        14
   1.425481E+04   1.016025E+07   2.812210E+01   2.812210E+01   2.124689E+01   1.699751E+01  -1.000000E+01   3.225063E+00  -3.923586E+00        14
   1.426481E+04   1.017451E+07   2.812210E+01   2.812210E+01   2.124689E+01   1.699751E+01  -1.000000E+01   3.225063E+00  -3.923586E+00        14
   1.427481E+04   1.018878E+07   2.812210E+01   2.812210E+01   2.124689E+01   1.699751E+01  -1.000000E+01   3.225063E+00  -3.923586E+00        14
   1.428481E+04   1.020306E+07   2.812210E+01   2.812210E+01   2.124689E+01   1.699751E+01  -1.000000E+01   3.225063E+00  -3.923586E+00        14
   1.429481E+04   1.021735E+07   2.812210E+01   2.812210E+01   2.124689E+01   1.699751E+01  -1.000000E+01   3.225063E+00  -3.923586E+00        14
   1.430481E+04   1.023165E+07   2.812210E+01   2.812210E+01   2.124689E+01   1.699751E+01  -1.000000E+01   3.225063E+00  -3.923586E+00        14
   1.431481E+04   1.024596E+07   2.812210E+01   2.812210E+01   2.124689E+01   1.699751E+01  -1.000000E+01   3.225063E+00  -3.923586E+00        14
   1.432481E+04   1.026028E+07   2.812210E+01   2.812210E+01   2.124689E+01   1.699751E+01  -1.000000E+01   3.225063E+00  -3.923586E+00        14
   1.433481E+04   1.027461E+07   2.812210E+01   2.812210E+01   2.124689E+01   1.699751E+01  -1.000000E+01   3.225063E+00  -3.923586E+00        14
   1.434481E+04   1.028895E+07   2.812210E+01   2.812210E+01   2.124689E+01   1.699751E+01  -1.000000E+01   3.225063E+00  -3.923586E+00        14
   1.435481E+04   1.030330E+07   2.812210E+01   2.812210E+01   2.124689E+01   1.699751E+01  -1.000000E+01   3.225063E+00  -3.923586E+00        14
   1.436481E+04   1.031766E+07   2.812210E+01   2.812210E+01   2.124689E+01   1.699751E+01  -1.000000E+01   3.225063E+00  -3.923586E+00        14
   1.437481E+04   1.033203E+07   2.812210E+01   2.812210E+01   2.124689E+01   1.699751E+01  -1.000000E+01   3.225063E+00  -3.923586E+00        14
   1.438481E+04   1.034641E+07   2.812210E+01   2.812210E+01   2.124689E+01   1.699751E+01  -1.000000E+01   3.225063E+00  -3.923586E+00        14
   1.439481E+04   1.036080E+07   2.812210E+01   2.812210E+01   2.124689E+01   1.699751E+01  -1.000000E+01   3.225063E+00  -3.923586E+00        14
   1.440481E+04   1.037520E+07   2.812210E+01   2.812210E+01   2.124689E+01   1.699751E+01  -1.000000E+01   3.225063E+00  -3.923586E+00        14
   1.441481E+04   1.038961E+07   2.812210E+01   2.812210E+01   2.124689E+01   1.699751E+01  -1.000000E+01   3.225063E+00  -3.923586E+00        14
   1.442481E+04   1.040403E+07   2.812210E+01   2.812210E+01   2.124689E+01   1.699751E+01  -1.000000E+01   3.225063E+00  -3.923586E+00        14
   1.443481E+04   1.041846E+07   2.812210E+01   2.812210E+01   2.124689E+01   1.699751E+01  -1.000000E+01   3.225063E+00  -3.923586E+00        14
   1.444481E+04   1.043290E+07   2.812210E+01   2.812210E+01   2.124689E+01   1.699751E+01  -1.000000E+01   3.225063E+00  -3.923586E+00        14
   1.445481E+04   1.044735E+07   2.812210E+01   2.812210E+01   2.124689E+01   1.699751E+01  -1.000000E+01   3.225063E+00  -3.923586E+00        14
   1.446481E+04   1.046181E+07   2.812210E+01   2.812210E+01   2.124689E+01   1.699751E+01  -1.000000E+01   3.225063E+00  -3.923586E+00        14
   1.447481E+04   1.047628E+07   2.812210E+01   2.812210E+01   2.124689E+01   1.699751E+01  -1.000000E+01   3.225063E+00  -3.923586E+00        14
   1.448481E+04   1.049076E+07   2.812210E+01   2.812210E+01   2.124689E+01   1.699751E+01  -1.000000E+01   3.225063E+00  -3.923586E+00        14
   1.449481E+04   1.050525E+07   2.812210E+01   2.812210E+01   2.124689E+01   1.699751E+01  -1.000000E+01   3.225063E+00  -3.923586E+00        14
   1.450481E+04   1.051975E+07   2.812210E+01   2.812210E+01   2.124689E+01   1.699751E+01  -1.000000E+01   3.225063E+00  -3.923586E+00        14
   1.451481E+04   1.053426E+07   2.812210E+01   2.812210E+01   2.124689E+01   1.699751E+01  -1.000000E+01   3.225063E+00  -3.923586E+00        14
   1.452481E+04   1.054878E+07   2.812210E+01   2.812210E+01   2.124689E+01   1.699751E+01  -1.000000E+01   3.225063E+00  -3.923586E+00        14
   1.453481E+04   1.056331E+07   2.812210E+01   2.812210E+01   2.124689E+01   1.699751E+01  -1.000000E+01   3.225063E+00  -3.923586E+00        14
   1.454481E+04   1.057785E+07   2.812210E+01   2.812210E+01   2.124689E+01   1.699751E+01  -1.000000E+01   3.225063E+00  -3.923586E+00        14
   1.455481E+04   1.059240E+07   2.812210E+01   2.812210E+01   2.124689E+01   1.699751E+01  -1.000000E+01   3.225063E+00  -3.923586E+00        14
   1.456481E+04   1.060696E+07   2.812210E+01   2.812210E+01   2.124689E+01   1.699751E+01  -1.000000E+01   3.225063E+00  -3.923586E+00        14
   1.457481E+04   1.062153E+07   2.812210E+01   2.812210E+01   2.124689E+01   1.699751E+01  -1.000000E+01   3.225063E+00  -3.923586E+00        14
   1.458481E+04   1.063611E+07   2.812210E+01   2.812210E+01   2.124689E+01   1.699751E+01  -1.000000E+01   3.225063E+00  -3.923586E+00        14
   1.459481E+04   1.065070E+07   2.812210E+01   2.812210E+01   2.124689E+01   1.699751E+01  -1.000000E+01   3.225063E+00  -3.923586E+00        14
   1.460481E+04   1.066530E+07   2.812210E+01   2.812210E+01   2.124689E+01   1.699751E+01  -1.000000E+01   3.225063E+00  -3.923586E+00        14
   1.461481E+04   1.067991E+07   2.812210E+01   2.812210E+01   2.124689E+01   1.699751E+01  -1.000000E+01   3.225063E+00  -3.923586E+00        14
   1.462481E+04   1.069453E+07   2.812210E+01   2.812210E+01   2.124689E+01   1.699751E+01  -1.000000E+01   3.225063E+00  -3.923586E+00        14
   1.463481E+04   1.070916E+07   2.812210E+01   2.812210E+01   2.124689E+01   1.699751E+01  -1.000000E+01   3.225063E+00  -3.923586E+00        14
   1.464481E+04   1.072380E+07   2.812210E+01   2.812210E+01   2.124689E+01   1.699751E+01  -1.000000E+01   3.225063E+00  -3.923586E+00        14
   1.465481E+04   1.073845E+07   2.812210E+01   2.812210E+01   2.124689E+01   1.699751E+01  -1.000000E+01   3.225063E+00  -3.923586E+00        14
   1.466481E+04   1.075311E+07   2.812210E+01   2.812210E+01   2.124689E+01   1.699751E+01  -1.000000E+01   3.225063E+00  -3.923586E+00        14
   1.467481E+04   1.076778E+07   2.812210E+01   2.812210E+01   2.124689E+01   1.699751E+01  -1.000000E+01   3.225063E+00  -3.923586E+00        14
   1.468481E+04   1.078246E+07   2.812210E+01   2.812210E+01   2.124689E+01   1.699751E+01  -1.000000E+01   3.225063E+00  -3.923586E+00        14
   1.469481E+04   1.079715E+07   2.812210E+01   2.812210E+01   2.124689E+01   1.699751E+01  -1.000000E+01   3.225063E+00  -3.923586E+00        14
   1.470481E+04   1.081185E+07   2.812210E+01   2.812210E+01   2.124689E+01   1.699751E+01  -1.000000E+01   3.225063E+00  -3.923586E+00        14
   1.471481E+04   1.082656E+07   2.812210E+01   2.812210E+01   2.124689E+01   1.699751E+01  -1.000000E+01   3.225063E+00  -3.923586E+00        14
   1.472481E+04   1.084128E+07   2.812210E+01   2.812210E+01   2.124689E+01   1.699751E+01  -1.000000E+01   3.225063E+00  -3.923586E+00        14
   1.473481E+04   1.085601E+07   2.812210E+01   2.812210E+01   2.124689E+01   1.699751E+01  -1.000000E+01   3.225063E+00  -3.923586E+00        14
   1.474481E+04   1.087075E+07   2.812210E+01   2.812210E+01   2.124689E+01   1.699751E+01  -1.000000E+01   3.225063E+00  -3.923586E+00        14
   1.475481E+04   1.088550E+07   2.812210E+01   2.812210E+01   2.124689E+01   1.699751E+01  -1.000000E+01   3.225063E+00  -3.923586E+00        14
   1.476481E+04   1.090026E+07   2.812210E+01   2.812210E+01   2.124689E+01   1.699751E+01  -1.000000E+01   3.225063E+00  -3.923586E+00        14
   1.477481E+04   1.091503E+07   2.812210E+01   2.812210E+01   2.124689E+01   1.699751E+01  -1.000000E+01   3.225063E+00  -3.923586E+00        14
   1.478481E+04   1.092981E+07   2.812210E+01   2.812210E+01   2.124689E+01   1.699751E+01  -1.000000E+01   3.225063E+00  -3.923586E+00        14
   1.479481E+04   1.094460E+07   2.812210E+01   2.812210E+01   2.124689E+01   1.699751E+01  -1.000000E+01   3.225063E+00  -3.923586E+00        14
   1.480481E+04   1.095940E+07   2.812210E+01   2.812210E+01   2.124689E+01   1.699751E+01  -1.000000E+01   3.225063E+00  -3.923586E+00        14
   1.481481E+04   1.097421E+07   2.812210E+01   2.812210E+01   2.124689E+01   1.699751E+01  -1.000000E+01   3.225063E+00  -3.923586E+00        14
   1.482481E+04   1.098903E+07   2.812210E+01   2.812210E+01   2.124689E+01   1.699751E+01  -1.000000E+01   3.225063E+00  -3.923586E+00        14
   1.483481E+04   1.100386E+07   2.812210E+01   2.812210E+01   2.124689E+01   1.699751E+01  -1.000000E+01   3.225063E+00  -3.923586E+00        14
   1.484481E+04   1.101870E+07   2.812210E+01   2.812210E+01   2.124689E+01   1.699751E+01  -1.000000E+01   3.225063E+00  -3.923586E+00        14
   1.485481E+04   1.103355E+07   2.812210E+01   2.812210E+01   2.124689E+01   1.699751E+01  -1.000000E+01   3.225063E+00  -3.923586E+00        14
   1.486481E+04   1.104841E+07   2.812210E+01   2.812210E+01   2.124689E+01   1.699751E+01  -1.000000E+01   3.225063E+00  -3.923586E+00        14
   1.487481E+04   1.106328E+07   2.812210E+01   2.812210E+01   2.124689E+01   1.699751E+01  -1.000000E+01   3.225063E+00  -3.923586E+00        14
   1.488481E+04   1.107816E+07   2.812210E+01   2.812210E+01   2.124689E+01   1.699751E+01  -1.000000E+01   3.225063E+00  -3.923586E+00        14
   1.489481E+04   1.109305E+07   2.812210E+01   2.812210E+01   2.124689E+01   1.699751E+01  -1.000000E+01   3.225063E+00  -3.923586E+00        14
   1.490481E+04   1.110795E+07   2.812210E+01   2.812210E+01   2.124689E+01   1.699751E+01  -1.000000E+01   3.225063E+00  -3.923586E+00        14
   1.491481E+04   1.112286E+07   2.812210E+01   2.812210E+01   2.124689E+01   1.699751E+01  -1.000000E+01   3.225063E+00  -3.923586E+00        14
   1.492481E+04   1.113778E+07   2.812210E+01   2.812210E+01   2.124689E+01   1.699751E+01  -1.000000E+01   3.225063E+00  -3.923586E+00        14
   1.493481E+04   1.115271E+07   2.812210E+01   2.812210E+01   2.124689E+01   1.699751E+01  -1.000000E+01   3.225063E+00  -3.923586E+00        14
   1.494481E+04   1.116765E+07   2.812210E+01   2.812210E+01   2.124689E+01   1.699751E+01  -1.000000E+01   3.225063E+00  -3.923586E+00        14
   1.495481E+04   1.118260E+07   2.812210E+01   2.812210E+01   2.124689E+01   1.699751E+01  -1.000000E+01   3.225063E+00  -3.923586E+00        14
   1.496481E+04   1.119756E+07   2.812210E+01   2.812210E+01   2.124689E+01   1.699751E+01  -1.000000E+01   3.225063E+00  -3.923586E+00        14
   1.497481E+04   1.121253E+07   2.812210E+01   2.812210E+01   2.124689E+01   1.699751E+01  -1.000000E+01   3.225063E+00  -3.923586E+00        14
   1.498481E+04   1.122751E+07   2.812210E+01   2.812210E+01   2.124689E+01   1.699751E+01  -1.000000E+01   3.225063E+00  -3.923586E+00        14
   1.499481E+04   1.124250E+07   2.812210E+01   2.812210E+01   2.124689E+01   1.699751E+01  -1.000000E+01   3.225063E+00  -3.923586E+00        14
   1.500481E+04   1.125750E+07   2.812210E+01   2.812210E+01   2.124689E+01   1.699751E+01  -1.000000E+01   3.225063E+00  -3.923586E+00        14
   1.501481E+04   1.127251E+07   2.812210E+01   2.812210E+01   2.124689E+01   1.699751E+01  -1.000000E+01   3.225063E+00  -3.923586E+00        14
   1.502481E+04   1.128753E+07   2.812210E+01   2.812210E+01   2.124689E+01   1.699751E+01  -1.000000E+01   3.225063E+00  -3.923586E+00        14
   1.503481E+04   1.130256E+07   2.812210E+01   2.812210E+01   2.124689E+01   1.699751E+01  -1.000000E+01   3.225063E+00  -3.923586E+00        14
   1.504481E+04   1.131760E+07   2.812210E+01   2.812210E+01   2.124689E+01   1.699751E+01  -1.000000E+01   3.225063E+00  -3.923586E+00        14
   1.505481E+04   1.133265E+07   2.812210E+01   2.812210E+01   2.124689E+01   1.699751E+01  -1.000000E+01   3.225063E+00  -3.923586E+00        14
   1.506481E+04   1.134771E+07   2.812210E+01   2.812210E+01   2.124689E+01   1.699751E+01  -1.000000E+01   3.225063E+00  -3.923586E+00        14
   1.507481E+04   1.136278E+07   2.812210E+01   2.812210E+01   2.124689E+01   1.699751E+01  -1.000000E+01   3.225063E+00  -3.923586E+00        14
   1.508481E+04   1.137786E+07   2.812210E+01   2.812210E+01   2.124689E+01   1.699751E+01  -1.000000E+01   3.225063E+00  -3.923586E+00        14
   1.509481E+04   1.139295E+07   2.812210E+01   2.812210E+01   2.124689E+01   1.699751E+01  -1.000000E+01   3.225063E+00  -3.923586E+00        14
   1.510481E+04   1.140805E+07   2.812210E+01   2.812210E+01   2.124689E+01   1.699751E+01  -1.000000E+01   3.225063E+00  -3.923586E+00        14
   1.511481E+04   1.142316E+07   2.812210E+01   2.812210E+01   2.124689E+01   1.699751E+01  -1.000000E+01   3.225063E+00  -3.923586E+00        14
   1.512481E+04   1.143828E+07   2.812210E+01   2.812210E+01   2.124689E+01   1.699751E+01  -1.000000E+01   3.225063E+00  -3.923586E+00        14
   1.513481E+04   1.145341E+07   2.812210E+01   2.812210E+01   2.124689E+01   1.699751E+01  -1.000000E+01   3.225063E+00  -3.923586E+00        14
   1.514481E+04   1.146855E+07   2.812210E+01   2.812210E+01   2.124689E+01   1.699751E+01  -1.000000E+01   3.225063E+00  -3.923586E+00        14
   1.515481E+04   1.148370E+07   2.812210E+01   2.812210E+01   2.124689E+01   1.699751E+01  -1.000000E+01   3.225063E+00  -3.923586E+00        14
   1.516481E+04   1.149886E+07   2.812210E+01   2.812210E+01   2.124689E+01   1.699751E+01  -1.000000E+01   3.225063E+00  -3.923586E+00        14
   1.517481E+04   1.151403E+07   2.812210E+01   2.812210E+01   2.124689E+01   1.699751E+01  -1.000000E+01   3.225063E+00  -3.923586E+00        14
   1.518481E+04   1.152921E+07   2.812210E+01   2.812210E+01   2.124689E+01   1.699751E+01  -1.000000E+01   3.225063E+00  -3.923586E+00        14
   1.519481E+04   1.154440E+07   2.812210E+01   2.812210E+01   2.124689E+01   1.699751E+01  -1.000000E+01   3.225063E+00  -3.923586E+00        14
   1.520481E+04   1.155960E+07   2.812210E+01   2.812210E+01   2.124689E+01   1.699751E+01  -1.000000E+01   3.225063E+00  -3.923586E+00        14
   1.521481E+04   1.157481E+07   2.812210E+01   2.812210E+01   2.124689E+01   1.699751E+01  -1.000000E+01   3.225063E+00  -3.923586E+00        14
   1.522481E+04   1.159003E+07   2.812210E+01   2.812210E+01   2.124689E+01   1.699751E+01  -1.000000E+01   3.225063E+00  -3.923586E+00        14
   1.523481E+04   1.160526E+07   2.812210E+01   2.812210E+01   2.124689E+01   1.699751E+01  -1.000000E+01   3.225063E+00  -3.923586E+00        14
   1.524481E+04   1.162050E+07   2.812210E+01   2.812210E+01   2.124689E+01   1.699751E+01  -1.000000E+01   3.225063E+00  -3.923586E+00        14
   1.525481E+04   1.163575E+07   2.812210E+01   2.812210E+01   2.124689E+01   1.699751E+01  -1.000000E+01   3.225063E+00  -3.923586E+00        14
   1.526481E+04   1.165101E+07   2.812210E+01   2.812210E+01   2.124689E+01   1.699751E+01  -1.000000E+01   3.225063E+00  -3.923586E+00        14
   1.527481E+04   1.166628E+07   2.812210E+01   2.812210E+01   2.124689E+01   1.699751E+01  -1.000000E+01   3.225063E+00  -3.923586E+00        14
   1.528481E+04   1.168156E+07   2.812210E+01   2.812210E+01   2.124689E+01   1.699751E+01  -1.000000E+01   3.225063E+00  -3.923586E+00        14
   1.529481E+04   1.169685E+07   2.812210E+01   2.812210E+01   2.124689E+01   1.699751E+01  -1.000000E+01   3.225063E+00  -3.923586E+00        14
   1.530481E+04   1.171215E+07   2.812210E+01   2.812210E+01   2.124689E+01   1.699751E+01  -1.000000E+01   3.225063E+00  -3.923586E+00        14
   1.531481E+04   1.172746E+07   2.812210E+01   2.812210E+01   2.124689E+01   1.699751E+01  -1.000000E+01   3.225063E+00  -3.923586E+00        14
   1.532481E+04   1.174278E+07   2.812210E+01   2.812210E+01   2.124689E+01   1.699751E+01  -1.000000E+01   3.225063E+00  -3.923586E+00        14
   1.533481E+04   1.175811E+07   2.812210E+01   2.812210E+01   2.124689E+01   1.699751E+01  -1.000000E+01   3.225063E+00  -3.923586E+00        14
   1.534481E+04   1.177345E+07   2.812210E+01   2.812210E+01   2.124689E+01   1.699751E+01  -1.000000E+01   3.225063E+00  -3.923586E+00        14
   1.535481E+04   1.178880E+07   2.812210E+01   2.812210E+01   2.124689E+01   1.699751E+01  -1.000000E+01   3.225063E+00  -3.923586E+00        14
   1.536481E+04   1.180416E+07   2.812210E+01   2.812210E+01   2.124689E+01   1.699751E+01  -1.000000E+01   3.225063E+00  -3.923586E+00        14
   1.537481E+04   1.181953E+07   2.812210E+01   2.812210E+01   2.124689E+01   1.699751E+01  -1.000000E+01   3.225063E+00  -3.923586E+00        14
   1.538481E+04   1.183491E+07   2.812210E+01   2.812210E+01   2.124689E+01   1.699751E+01  -1.000000E+01   3.225063E+00  -3.923586E+00        14
   1.539481E+04   1.185030E+07   2.812210E+01   2.812210E+01   2.124689E+01   1.699751E+01  -1.000000E+01   3.225063E+00  -3.923586E+00        14
   1.540481E+04   1.186570E+07   2.812210E+01   2.812210E+01   2.124689E+01   1.699751E+01  -1.000000E+01   3.225063E+00  -3.923586E+00        14
   1.541481E+04   1.188111E+07   2.812210E+01   2.812210E+01   2.124689E+01   1.699751E+01  -1.000000E+01   3.225063E+00  -3.923586E+00        14
   1.542481E+04   1.189653E+07   2.812210E+01   2.812210E+01   2.124689E+01   1.699751E+01  -1.000000E+01   3.225063E+00  -3.923586E+00        14
   1.543481E+04   1.191196E+07   2.812210E+01   2.812210E+01   2.124689E+01   1.699751E+01  -1.000000E+01   3.225063E+00  -3.923586E+00        14
   1.544481E+04   1.192740E+07   2.812210E+01   2.812210E+01   2.124689E+01   1.699751E+01  -1.000000E+01   3.225063E+00  -3.923586E+00        14
   1.545481E+04   1.194285E+07   2.812210E+01   2.812210E+01   2.124689E+01   1.699751E+01  -1.000000E+01   3.225063E+00  -3.923586E+00        14
   1.546481E+04   1.195831E+07   2.812210E+01   2.812210E+01   2.124689E+01   1.699751E+01  -1.000000E+01   3.225063E+00  -3.923586E+00        14
   1.547481E+04   1.197378E+07   2.812210E+01   2.812210E+01   2.124689E+01   1.699751E+01  -1.000000E+01   3.225063E+00  -3.923586E+00        14
   1.548481E+04   1.198926E+07   2.812210E+01   2.812210E+01   2.124689E+01   1.699751E+01  -1.000000E+01   3.225063E+00  -3.923586E+00        14
   1.549481E+04   1.200475E+07   2.812210E+01   2.812210E+01   2.124689E+01   1.699751E+01  -1.000000E+01   3.225063E+00  -3.923586E+00        14
   1.550481E+04   1.202025E+07   2.812210E+01   2.812210E+01   2.124689E+01   1.699751E+01  -1.000000E+01   3.225063E+00  -3.923586E+00        14
   1.551481E+04   1.203576E+07   2.812210E+01   2.812210E+01   2.124689E+01   1.699751E+01  -1.000000E+01   3.225063E+00  -3.923586E+00        14
   1.552481E+04   1.205128E+07   2.812210E+01   2.812210E+01   2.124689E+01   1.699751E+01  -1.000000E+01   3.225063E+00  -3.923586E+00        14
   1.553481E+04   1.206681E+07   2.812210E+01   2.812210E+01   2.124689E+01   1.699751E+01  -1.000000E+01   3.225063E+00  -3.923586E+00        14
   1.554481E+04   1.208235E+07   2.812210E+01   2.812210E+01   2.124689E+01   1.699751E+01  -1.000000E+01   3.225063E+00  -3.923586E+00        14
   1.555481E+04   1.209790E+07   2.812210E+01   2.812210E+01   2.124689E+01   1.699751E+01  -1.000000E+01   3.225063E+00  -3.923586E+00        14
   1.556481E+04   1.211346E+07   2.812210E+01   2.812210E+01   2.124689E+01   1.699751E+01  -1.000000E+01   3.225063E+00  -3.923586E+00        14
   1.557481E+04   1.212903E+07   2.812210E+01   2.812210E+01   2.124689E+01   1.699751E+01  -1.000000E+01   3.225063E+00  -3.923586E+00        14
   1.558481E+04   1.214461E+07   2.812210E+01   2.812210E+01   2.124689E+01   1.699751E+01  -1.000000E+01   3.225063E+00  -3.923586E+00        14
   1.559481E+04   1.216020E+07   2.812210E+01   2.812210E+01   2.124689E+01   1.699751E+01  -1.000000E+01   3.225063E+00  -3.923586E+00        14
   1.560481E+04   1.217580E+07   2.812210E+01   2.812210E+01   2.124689E+01   1.699751E+01  -1.000000E+01   3.225063E+00  -3.923586E+00        14
   1.561481E+04   1.219141E+07   2.812210E+01   2.812210E+01   2.124689E+01   1.699751E+01  -1.000000E+01   3.225063E+00  -3.923586E+00        14
   1.562481E+04   1.220703E+07   2.812210E+01   2.812210E+01   2.124689E+01   1.699751E+01  -1.000000E+01   3.225063E+00  -3.923586E+00        14
   1.563481E+04   1.222266E+07   2.812210E+01   2.812210E+01   2.124689E+01   1.699751E+01  -1.000000E+01   3.225063E+00  -3.923586E+00        14
   1.564481E+04   1.223830E+07   2.812210E+01   2.812210E+01   2.124689E+01   1.699751E+01  -1.000000E+01   3.225063E+00  -3.923586E+00        14
   1.565481E+04   1.225395E+07   2.812210E+01   2.812210E+01   2.124689E+01   1.699751E+01  -1.000000E+01   3.225063E+00  -3.923586E+00        14
   1.566481E+04   1.226961E+07   2.812210E+01   2.812210E+01   2.124689E+01   1.699751E+01  -1.000000E+01   3.225063E+00  -3.923586E+00        14
   1.567481E+04   1.228528E+07   2.812210E+01   2.812210E+01   2.124689E+01   1.699751E+01  -1.000000E+01   3.225063E+00  -3.923586E+00        14
   1.568481E+04   1.230096E+07   2.812210E+01   2.812210E+01   2.124689E+01   1.699751E+01  -1.000000E+01   3.225063E+00  -3.923586E+00        14
   1.569481E+04   1.231665E+07   2.812210E+01   2.812210E+01   2.124689E+01   1.699751E+01  -1.000000E+01   3.225063E+00  -3.923586E+00        14
   1.570481E+04   1.233235E+07   2.812210E+01   2.812210E+01   2.124689E+01   1.699751E+01  -1.000000E+01   3.225063E+00  -3.923586E+00        14
   1.571481E+04   1.234806E+07   2.812210E+01   2.812210E+01   2.124689E+01   1.699751E+01  -1.000000E+01   3.225063E+00  -3.923586E+00        14
   1.572481E+04   1.236378E+07   2.812210E+01   2.812210E+01   2.124689E+01   1.699751E+01  -1.000000E+01   3.225063E+00  -3.923586E+00        14
   1.573481E+04   1.237951E+07   2.812210E+01   2.812210E+01   2.124689E+01   1.699751E+01  -1.000000E+01   3.225063E+00  -3.923586E+00        14
   1.574481E+04   1.239525E+07   2.812210E+01   2.812210E+01   2.124689E+01   1.699751E+01  -1.000000E+01   3.225063E+00  -3.923586E+00        14
   1.575481E+04   1.241100E+07   2.812210E+01   2.812210E+01   2.124689E+01   1.699751E+01  -1.000000E+01   3.225063E+00  -3.923586E+00        14
   1.576481E+04   1.242676E+07   2.812210E+01   2.812210E+01   2.124689E+01   1.699751E+01  -1.000000E+01   3.225063E+00  -3.923586E+00        14
   1.577481E+04   1.244253E+07   2.812210E+01   2.812210E+01   2.124689E+01   1.699751E+01  -1.000000E+01   3.225063E+00  -3.923586E+00        14
   1.578481E+04   1.245831E+07   2.812210E+01   2.812210E+01   2.124689E+01   1.699751E+01  -1.000000E+01   3.225063E+00  -3.923586E+00        14
   1.579481E+04   1.247410E+07   2.812210E+01   2.812210E+01   2.124689E+01   1.699751E+01  -1.000000E+01   3.225063E+00  -3.923586E+00        14
   1.580481E+04   1.248990E+07   2.812210E+01   2.812210E+01   2.124689E+01   1.699751E+01  -1.000000E+01   3.225063E+00  -3.923586E+00        14
   1.581481E+04   1.250571E+07   2.812210E+01   2.812210E+01   2.124689E+01   1.699751E+01  -1.000000E+01   3.225063E+00  -3.923586E+00        14
   1.582481E+04   1.252153E+07   2.812210E+01   2.812210E+01   2.124689E+01   1.699751E+01  -1.000000E+01   3.225063E+00  -3.923586E+00        14
   1.583481E+04   1.253736E+07   2.812210E+01   2.812210E+01   2.124689E+01   1.699751E+01  -1.000000E+01   3.225063E+00  -3.923586E+00        14
   1.584481E+04   1.255320E+07   2.812210E+01   2.812210E+01   2.124689E+01   1.699751E+01  -1.000000E+01   3.225063E+00  -3.923586E+00        14
   1.585481E+04   1.256905E+07   2.812210E+01   2.812210E+01   2.124689E+01   1.699751E+01  -1.000000E+01   3.225063E+00  -3.923586E+00        14
   1.586481E+04   1.258491E+07   2.812210E+01   2.812210E+01   2.124689E+01   1.699751E+01  -1.000000E+01   3.225063E+00  -3.923586E+00        14
   1.587481E+04   1.260078E+07   2.812210E+01   2.812210E+01   2.124689E+01   1.699751E+01  -1.000000E+01   3.225063E+00  -3.923586E+00        14
   1.588481E+04   1.261666E+07   2.812210E+01   2.812210E+01   2.124689E+01   1.699751E+01  -1.000000E+01   3.225063E+00  -3.923586E+00        14
   1.589481E+04   1.263255E+07   2.812210E+01   2.812210E+01   2.124689E+01   1.699751E+01  -1.000000E+01   3.225063E+00  -3.923586E+00        14
   1.590481E+04   1.264845E+07   2.812210E+01   2.812210E+01   2.124689E+01   1.699751E+01  -1.000000E+01   3.225063E+00  -3.923586E+00        14
   1.591481E+04   1.266436E+07   2.812210E+01   2.812210E+01   2.124689E+01   1.699751E+01  -1.000000E+01   3.225063E+00  -3.923586E+00        14
   1.592481E+04   1.268028E+07   2.812210E+01   2.812210E+01   2.124689E+01   1.699751E+01  -1.000000E+01   3.225063E+00  -3.923586E+00        14
   1.593481E+04   1.269621E+07   2.812210E+01   2.812210E+01   2.124689E+01   1.699751E+01  -1.000000E+01   3.225063E+00  -3.923586E+00        14
   1.594481E+04   1.271215E+07   2.812210E+01   2.812210E+01   2.124689E+01   1.699751E+01  -1.000000E+01   3.225063E+00  -3.923586E+00        14
   1.595481E+04   1.272810E+07   2.812210E+01   2.812210E+01   2.124689E+01   1.699751E+01  -1.000000E+01   3.225063E+00  -3.923586E+00        14
   1.596481E+04   1.274406E+07   2.812210E+01   2.812210E+01   2.124689E+01   1.699751E+01  -1.000000E+01   3.225063E+00  -3.923586E+00        14
   1.597481E+04   1.276003E+07   2.812210E+01   2.812210E+01   2.124689E+01   1.699751E+01  -1.000000E+01   3.225063E+00  -3.923586E+00        14
   1.598481E+04   1.277601E+07   2.812210E+01   2.812210E+01   2.124689E+01   1.699751E+01  -1.000000E+01   3.225063E+00  -3.923586E+00        14
   1.599481E+04   1.279200E+07   2.812210E+01   2.812210E+01   2.124689E+01   1.699751E+01  -1.000000E+01   3.225063E+00  -3.923586E+00        14
   1.600481E+04   1.280800E+07   2.812210E+01   2.812210E+01   2.124689E+01   1.699751E+01  -1.000000E+01   3.225063E+00  -3.923586E+00        14
   1.601481E+04   1.282401E+07   2.812210E+01   2.812210E+01   2.124689E+01   1.699751E+01  -1.000000E+01   3.225063E+00  -3.923586E+00        14
   1.602481E+04   1.284003E+07   2.812210E+01   2.812210E+01   2.124689E+01   1.699751E+01  -1.000000E+01   3.225063E+00  -3.923586E+00        14
   1.603481E+04   1.285606E+07   2.812210E+01   2.812210E+01   2.124689E+01   1.699751E+01  -1.000000E+01   3.225063E+00  -3.923586E+00        14
   1.604481E+04   1.287210E+07   2.812210E+01   2.812210E+01   2.124689E+01   1.699751E+01  -1.000000E+01   3.225063E+00  -3.923586E+00        14
   1.605481E+04   1.288815E+07   2.812210E+01   2.812210E+01   2.124689E+01   1.699751E+01  -1.000000E+01   3.225063E+00  -3.923586E+00        14
   1.606481E+04   1.290421E+07   2.812210E+01   2.812210E+01   2.124689E+01   1.699751E+01  -1.000000E+01   3.225063E+00  -3.923586E+00        14
   1.607481E+04   1.292028E+07   2.812210E+01   2.812210E+01   2.124689E+01   1.699751E+01  -1.000000E+01   3.225063E+00  -3.923586E+00        14
   1.608481E+04   1.293636E+07   2.812210E+01   2.812210E+01   2.124689E+01   1.699751E+01  -1.000000E+01   3.225063E+00  -3.923586E+00        14
   1.609481E+04   1.295245E+07   2.812210E+01   2.812210E+01   2.124689E+01   1.699751E+01  -1.000000E+01   3.225063E+00  -3.923586E+00        14
   1.610481E+04   1.296855E+07   2.812210E+01   2.812210E+01   2.124689E+01   1.699751E+01  -1.000000E+01   3.225063E+00  -3.923586E+00        14
   1.611481E+04   1.298466E+07   2.812210E+01   2.812210E+01   2.124689E+01   1.699751E+01  -1.000000E+01   3.225063E+00  -3.923586E+00        14
   1.612481E+04   1.300078E+07   2.812210E+01   2.812210E+01   2.124689E+01   1.699751E+01  -1.000000E+01   3.225063E+00  -3.923586E+00        14
   1.613481E+04   1.301691E+07   2.812210E+01   2.812210E+01   2.124689E+01   1.699751E+01  -1.000000E+01   3.225063E+00  -3.923586E+00        14
   1.614481E+04   1.303305E+07   2.812210E+01   2.812210E+01   2.124689E+01   1.699751E+01  -1.000000E+01   3.225063E+00  -3.923586E+00        14
   1.615481E+04   1.304920E+07   2.812210E+01   2.812210E+01   2.124689E+01   1.699751E+01  -1.000000E+01   3.225063E+00  -3.923586E+00        14
   1.616481E+04   1.306536E+07   2.812210E+01   2.812210E+01   2.124689E+01   1.699751E+01  -1.000000E+01   3.225063E+00  -3.923586E+00        14
   1.617481E+04   1.308153E+07   2.812210E+01   2.812210E+01   2.124689E+01   1.699751E+01  -1.000000E+01   3.225063E+00  -3.923586E+00        14
   1.618481E+04   1.309771E+07   2.812210E+01   2.812210E+01   2.124689E+01   1.699751E+01  -1.000000E+01   3.225063E+00  -3.923586E+00        14
   1.619481E+04   1.311390E+07   2.812210E+01   2.812210E+01   2.124689E+01   1.699751E+01  -1.000000E+01   3.225063E+00  -3.923586E+00        14
   1.620481E+04   1.313010E+07   2.812210E+01   2.812210E+01   2.124689E+01   1.699751E+01  -1.000000E+01   3.225063E+00  -3.923586E+00        14
   1.621481E+04   1.314631E+07   2.812210E+01   2.812210E+01   2.124689E+01   1.699751E+01  -1.000000E+01   3.225063E+00  -3.923586E+00        14
   1.622481E+04   1.316253E+07   2.812210E+01   2.812210E+01   2.124689E+01   1.699751E+01  -1.000000E+01   3.225063E+00  -3.923586E+00        14
   1.623481E+04   1.317876E+07   2.812210E+01   2.812210E+01   2.124689E+01   1.699751E+01  -1.000000E+01   3.225063E+00  -3.923586E+00        14
   1.624481E+04   1.319500E+07   2.812210E+01   2.812210E+01   2.124689E+01   1.699751E+01  -1.000000E+01   3.225063E+00  -3.923586E+00        14
   1.625481E+04   1.321125E+07   2.812210E+01   2.812210E+01   2.124689E+01   1.699751E+01  -1.000000E+01   3.225063E+00  -3.923586E+00        14
   1.626481E+04   1.322751E+07   2.812210E+01   2.812210E+01   2.124689E+01   1.699751E+01  -1.000000E+01   3.225063E+00  -3.923586E+00        14
   1.627481E+04   1.324378E+07   2.812210E+01   2.812210E+01   2.124689E+01   1.699751E+01  -1.000000E+01   3.225063E+00  -3.923586E+00        14
   1.628481E+04   1.326006E+07   2.812210E+01   2.812210E+01   2.124689E+01   1.699751E+01  -1.000000E+01   3.225063E+00  -3.923586E+00        14
   1.629481E+04   1.327635E+07   2.812210E+01   2.812210E+01   2.124689E+01   1.699751E+01  -1.000000E+01   3.225063E+00  -3.923586E+00        14
   1.630481E+04   1.329265E+07   2.812210E+01   2.812210E+01   2.124689E+01   1.699751E+01  -1.000000E+01   3.225063E+00  -3.923586E+00        14
   1.631481E+04   1.330896E+07   2.812210E+01   2.812210E+01   2.124689E+01   1.699751E+01  -1.000000E+01   3.225063E+00  -3.923586E+00        14
   1.632481E+04   1.332528E+07   2.812210E+01   2.812210E+01   2.124689E+01   1.699751E+01  -1.000000E+01   3.225063E+00  -3.923586E+00        14
   1.633481E+04   1.334161E+07   2.812210E+01   2.812210E+01   2.124689E+01   1.699751E+01  -1.000000E+01   3.225063E+00  -3.923586E+00        14
   1.634481E+04   1.335795E+07   2.812210E+01   2.812210E+01   2.124689E+01   1.699751E+01  -1.000000E+01   3.225063E+00  -3.923586E+00        14
   1.635481E+04   1.337430E+07   2.812210E+01   2.812210E+01   2.124689E+01   1.699751E+01  -1.000000E+01   3.225063E+00  -3.923586E+00        14
   1.636481E+04   1.339066E+07   2.812210E+01   2.812210E+01   2.124689E+01   1.699751E+01  -1.000000E+01   3.225063E+00  -3.923586E+00        14
   1.637481E+04   1.340703E+07   2.812210E+01   2.812210E+01   2.124689E+01   1.699751E+01  -1.000000E+01   3.225063E+00  -3.923586E+00        14
   1.638481E+04   1.342341E+07   2.812210E+01   2.812210E+01   2.124689E+01   1.699751E+01  -1.000000E+01   3.225063E+00  -3.923586E+00        14
   1.639481E+04   1.343980E+07   2.812210E+01   2.812210E+01   2.124689E+01   1.699751E+01  -1.000000E+01   3.225063E+00  -3.923586E+00        14
   1.640481E+04   1.345620E+07   2.812210E+01   2.812210E+01   2.124689E+01   1.699751E+01  -1.000000E+01   3.225063E+00  -3.923586E+00        14
   1.641481E+04   1.347261E+07   2.812210E+01   2.812210E+01   2.124689E+01   1.699751E+01  -1.000000E+01   3.225063E+00  -3.923586E+00        14
   1.642481E+04   1.348903E+07   2.812210E+01   2.812210E+01   2.124689E+01   1.699751E+01  -1.000000E+01   3.225063E+00  -3.923586E+00        14
   1.643481E+04   1.350546E+07   2.812210E+01   2.812210E+01   2.124689E+01   1.699751E+01  -1.000000E+01   3.225063E+00  -3.923586E+00        14
   1.644481E+04   1.352190E+07   2.812210E+01   2.812210E+01   2.124689E+01   1.699751E+01  -1.000000E+01   3.225063E+00  -3.923586E+00        14
   1.645481E+04   1.353835E+07   2.812210E+01   2.812210E+01   2.124689E+01   1.699751E+01  -1.000000E+01   3.225063E+00  -3.923586E+00        14
   1.646481E+04   1.355481E+07   2.812210E+01   2.812210E+01   2.124689E+01   1.699751E+01  -1.000000E+01   3.225063E+00  -3.923586E+00        14
   1.647481E+04   1.357128E+07   2.812210E+01   2.812210E+01   2.124689E+01   1.699751E+01  -1.000000E+01   3.225063E+00  -3.923586E+00        14
   1.648481E+04   1.358776E+07   2.812210E+01   2.812210E+01   2.124689E+01   1.699751E+01  -1.000000E+01   3.225063E+00  -3.923586E+00        14
   1.649481E+04   1.360425E+07   2.812210E+01   2.812210E+01   2.124689E+01   1.699751E+01  -1.000000E+01   3.225063E+00  -3.923586E+00        14
   1.650481E+04   1.362075E+07   2.812210E+01   2.812210E+01   2.124689E+01   1.699751E+01  -1.000000E+01   3.225063E+00  -3.923586E+00        14
   1.651481E+04   1.363726E+07   2.812210E+01   2.812210E+01   2.124689E+01   1.699751E+01  -1.000000E+01   3.225063E+00  -3.923586E+00        14
   1.652481E+04   1.365378E+07   2.812210E+01   2.812210E+01   2.124689E+01   1.699751E+01  -1.000000E+01   3.225063E+00  -3.923586E+00        14
   1.653481E+04   1.367031E+07   2.812210E+01   2.812210E+01   2.124689E+01   1.699751E+01  -1.000000E+01   3.225063E+00  -3.923586E+00        14
   1.654481E+04   1.368685E+07   2.812210E+01   2.812210E+01   2.124689E+01   1.699751E+01  -1.000000E+01   3.225063E+00  -3.923586E+00        14
   1.655481E+04   1.370340E+07   2.812210E+01   2.812210E+01   2.124689E+01   1.699751E+01  -1.000000E+01   3.225063E+00  -3.923586E+00        14
   1.656481E+04   1.371996E+07   2.812210E+01   2.812210E+01   2.124689E+01   1.699751E+01  -1.000000E+01   3.225063E+00  -3.923586E+00        14
   1.657481E+04   1.373653E+07   2.812210E+01   2.812210E+01   2.124689E+01   1.699751E+01  -1.000000E+01   3.225063E+00  -3.923586E+00        14
   1.658481E+04   1.375311E+07   2.812210E+01   2.812210E+01   2.124689E+01   1.699751E+01  -1.000000E+01   3.225063E+00  -3.923586E+00        14
   1.659481E+04   1.376970E+07   2.812210E+01   2.812210E+01   2.124689E+01   1.699751E+01  -1.000000E+01   3.225063E+00  -3.923586E+00        14
   1.660481E+04   1.378630E+07   2.812210E+01   2.812210E+01   2.124689E+01   1.699751E+01  -1.000000E+01   3.225063E+00  -3.923586E+00        14
   1.661481E+04   1.380291E+07   2.812210E+01   2.812210E+01   2.124689E+01   1.699751E+01  -1.000000E+01   3.225063E+00  -3.923586E+00        14
   1.662481E+04   1.381953E+07   2.812210E+01   2.812210E+01   2.124689E+01   1.699751E+01  -1.000000E+01   3.225063E+00  -3.923586E+00        14
   1.663481E+04   1.383616E+07   2.812210E+01   2.812210E+01   2.124689E+01   1.699751E+01  -1.000000E+01   3.225063E+00  -3.923586E+00        14
   1.664481E+04   1.385280E+07   2.812210E+01   2.812210E+01   2.124689E+01   1.699751E+01  -1.000000E+01   3.225063E+00  -3.923586E+00        14
   1.665481E+04   1.386945E+07   2.812210E+01   2.812210E+01   2.124689E+01   1.699751E+01  -1.000000E+01   3.225063E+00  -3.923586E+00        14
   1.666481E+04   1.388611E+07   2.812210E+01   2.812210E+01   2.124689E+01   1.699751E+01  -1.000000E+01   3.225063E+00  -3.923586E+00        14
   1.667481E+04   1.390278E+07   2.812210E+01   2.812210E+01   2.124689E+01   1.699751E+01  -1.000000E+01   3.225063E+00  -3.923586E+00        14
   1.668481E+04   1.391946E+07   2.812210E+01   2.812210E+01   2.124689E+01   1.699751E+01  -1.000000E+01   3.225063E+00  -3.923586E+00        14
   1.669481E+04   1.393615E+07   2.812210E+01   2.812210E+01   2.124689E+01   1.699751E+01  -1.000000E+01   3.225063E+00  -3.923586E+00        14
   1.670481E+04   1.395285E+07   2.812210E+01   2.812210E+01   2.124689E+01   1.699751E+01  -1.000000E+01   3.225063E+00  -3.923586E+00        14
   1.671481E+04   1.396956E+07   2.812210E+01   2.812210E+01   2.124689E+01   1.699751E+01  -1.000000E+01   3.225063E+00  -3.923586E+00        14
   1.672481E+04   1.398628E+07   2.812210E+01   2.812210E+01   2.124689E+01   1.699751E+01  -1.000000E+01   3.225063E+00  -3.923586E+00        14
   1.673481E+04   1.400301E+07   2.812210E+01   2.812210E+01   2.124689E+01   1.699751E+01  -1.000000E+01   3.225063E+00  -3.923586E+00        14
   1.674481E+04   1.401975E+07   2.812210E+01   2.812210E+01   2.124689E+01   1.699751E+01  -1.000000E+01   3.225063E+00  -3.923586E+00        14
   1.675481E+04   1.403650E+07   2.812210E+01   2.812210E+01   2.124689E+01   1.699751E+01  -1.000000E+01   3.225063E+00  -3.923586E+00        14
   1.676481E+04   1.405326E+07   2.812210E+01   2.812210E+01   2.124689E+01   1.699751E+01  -1.000000E+01   3.225063E+00  -3.923586E+00        14
   1.677481E+04   1.407003E+07   2.812210E+01   2.812210E+01   2.124689E+01   1.699751E+01  -1.000000E+01   3.225063E+00  -3.923586E+00        14
   1.678481E+04   1.408681E+07   2.812210E+01   2.812210E+01   2.124689E+01   1.699751E+01  -1.000000E+01   3.225063E+00  -3.923586E+00        14
   1.679481E+04   1.410360E+07   2.812210E+01   2.812210E+01   2.124689E+01   1.699751E+01  -1.000000E+01   3.225063E+00  -3.923586E+00        14
   1.680481E+04   1.412040E+07   2.812210E+01   2.812210E+01   2.124689E+01   1.699751E+01  -1.000000E+01   3.225063E+00  -3.923586E+00        14
   1.681481E+04   1.413721E+07   2.812210E+01   2.812210E+01   2.124689E+01   1.699751E+01  -1.000000E+01   3.225063E+00  -3.923586E+00        14
   1.682481E+04   1.415403E+07   2.812210E+01   2.812210E+01   2.124689E+01   1.699751E+01  -1.000000E+01   3.225063E+00  -3.923586E+00        14
   1.683481E+04   1.417086E+07   2.812210E+01   2.812210E+01   2.124689E+01   1.699751E+01  -1.000000E+01   3.225063E+00  -3.923586E+00        14
   1.684481E+04   1.418770E+07   2.812210E+01   2.812210E+01   2.124689E+01   1.699751E+01  -1.000000E+01   3.225063E+00  -3.923586E+00        14
   1.685481E+04   1.420455E+07   2.812210E+01   2.812210E+01   2.124689E+01   1.699751E+01  -1.000000E+01   3.225063E+00  -3.923586E+00        14
   1.686481E+04   1.422141E+07   2.812210E+01   2.812210E+01   2.124689E+01   1.699751E+01  -1.000000E+01   3.225063E+00  -3.923586E+00        14
   1.687481E+04   1.423828E+07   2.812210E+01   2.812210E+01   2.124689E+01   1.699751E+01  -1.000000E+01   3.225063E+00  -3.923586E+00        14
   1.688481E+04   1.425516E+07   2.812210E+01   2.812210E+01   2.124689E+01   1.699751E+01  -1.000000E+01   3.225063E+00  -3.923586E+00        14
   1.689481E+04   1.427205E+07   2.812210E+01   2.812210E+01   2.124689E+01   1.699751E+01  -1.000000E+01   3.225063E+00  -3.923586E+00        14
   1.690481E+04   1.428895E+07   2.812210E+01   2.812210E+01   2.124689E+01   1.699751E+01  -1.000000E+01   3.225063E+00  -3.923586E+00        14
   1.691481E+04   1.430586E+07   2.812210E+01   2.812210E+01   2.124689E+01   1.699751E+01  -1.000000E+01   3.225063E+00  -3.923586E+00        14
   1.692481E+04   1.432278E+07   2.812210E+01   2.812210E+01   2.124689E+01   1.699751E+01  -1.000000E+01   3.225063E+00  -3.923586E+00        14
   1.693481E+04   1.433971E+07   2.812210E+01   2.812210E+01   2.124689E+01   1.699751E+01  -1.000000E+01   3.225063E+00  -3.923586E+00        14
   1.694481E+04   1.435665E+07   2.812210E+01   2.812210E+01   2.124689E+01   1.699751E+01  -1.000000E+01   3.225063E+00  -3.923586E+00        14
   1.695481E+04   1.437360E+07   2.812210E+01   2.812210E+01   2.124689E+01   1.699751E+01  -1.000000E+01   3.225063E+00  -3.923586E+00        14
   1.696481E+04   1.439056E+07   2.812210E+01   2.812210E+01   2.124689E+01   1.699751E+01  -1.000000E+01   3.225063E+00  -3.923586E+00        14
   1.697481E+04   1.440753E+07   2.812210E+01   2.812210E+01   2.124689E+01   1.699751E+01  -1.000000E+01   3.225063E+00  -3.923586E+00        14
   1.698481E+04   1.442451E+07   2.812210E+01   2.812210E+01   2.124689E+01   1.699751E+01  -1.000000E+01   3.225063E+00  -3.923586E+00        14
   1.699481E+04   1.444150E+07   2.812210E+01   2.812210E+01   2.124689E+01   1.699751E+01  -1.000000E+01   3.225063E+00  -3.923586E+00        14
   1.700481E+04   1.445850E+07   2.812210E+01   2.812210E+01   2.124689E+01   1.699751E+01  -1.000000E+01   3.225063E+00  -3.923586E+00        14
   1.701481E+04   1.447551E+07   2.812210E+01   2.812210E+01   2.124689E+01   1.699751E+01  -1.000000E+01   3.225063E+00  -3.923586E+00        14
   1.702481E+04   1.449253E+07   2.812210E+01   2.812210E+01   2.124689E+01   1.699751E+01  -1.000000E+01   3.225063E+00  -3.923586E+00        14
   1.703481E+04   1.450956E+07   2.812210E+01   2.812210E+01   2.124689E+01   1.699751E+01  -1.000000E+01   3.225063E+00  -3.923586E+00        14
   1.704481E+04   1.452660E+07   2.812210E+01   2.812210E+01   2.124689E+01   1.699751E+01  -1.000000E+01   3.225063E+00  -3.923586E+00        14
   1.705481E+04   1.454365E+07   2.812210E+01   2.812210E+01   2.124689E+01   1.699751E+01  -1.000000E+01   3.225063E+00  -3.923586E+00        14
   1.706481E+04   1.456071E+07   2.812210E+01   2.812210E+01   2.124689E+01   1.699751E+01  -1.000000E+01   3.225063E+00  -3.923586E+00        14
   1.707481E+04   1.457778E+07   2.812210E+01   2.812210E+01   2.124689E+01   1.699751E+01  -1.000000E+01   3.225063E+00  -3.923586E+00        14
   1.708481E+04   1.459486E+07   2.812210E+01   2.812210E+01   2.124689E+01   1.699751E+01  -1.000000E+01   3.225063E+00  -3.923586E+00        14
   1.709481E+04   1.461195E+07   2.812210E+01   2.812210E+01   2.124689E+01   1.699751E+01  -1.000000E+01   3.225063E+00  -3.923586E+00        14
   1.710481E+04   1.462905E+07   2.812210E+01   2.812210E+01   2.124689E+01   1.699751E+01  -1.000000E+01   3.225063E+00  -3.923586E+00        14
   1.711481E+04   1.464616E+07   2.812210E+01   2.812210E+01   2.124689E+01   1.699751E+01  -1.000000E+01   3.225063E+00  -3.923586E+00        14
   1.712481E+04   1.466328E+07   2.812210E+01   2.812210E+01   2.124689E+01   1.699751E+01  -1.000000E+01   3.225063E+00  -3.923586E+00        14
   1.713481E+04   1.468041E+07   2.812210E+01   2.812210E+01   2.124689E+01   1.699751E+01  -1.000000E+01   3.225063E+00  -3.923586E+00        14
   1.714481E+04   1.469755E+07   2.812210E+01   2.812210E+01   2.124689E+01   1.699751E+01  -1.000000E+01   3.225063E+00  -3.923586E+00        14
   1.715481E+04   1.471470E+07   2.812210E+01   2.812210E+01   2.124689E+01   1.699751E+01  -1.000000E+01   3.225063E+00  -3.923586E+00        14
   1.716481E+04   1.473186E+07   2.812210E+01   2.812210E+01   2.124689E+01   1.699751E+01  -1.000000E+01   3.225063E+00  -3.923586E+00        14
   1.717481E+04   1.474903E+07   2.812210E+01   2.812210E+01   2.124689E+01   1.699751E+01  -1.000000E+01   3.225063E+00  -3.923586E+00        14
   1.718481E+04   1.476621E+07   2.812210E+01   2.812210E+01   2.124689E+01   1.699751E+01  -1.000000E+01   3.225063E+00  -3.923586E+00        14
   1.719481E+04   1.478340E+07   2.812210E+01   2.812210E+01   2.124689E+01   1.699751E+01  -1.000000E+01   3.225063E+00  -3.923586E+00        14
   1.720481E+04   1.480060E+07   2.812210E+01   2.812210E+01   2.124689E+01   1.699751E+01  -1.000000E+01   3.225063E+00  -3.923586E+00        14
   1.721481E+04   1.481781E+07   2.812210E+01   2.812210E+01   2.124689E+01   1.699751E+01  -1.000000E+01   3.225063E+00  -3.923586E+00        14
   1.722481E+04   1.483503E+07   2.812210E+01   2.812210E+01   2.124689E+01   1.699751E+01  -1.000000E+01   3.225063E+00  -3.923586E+00        14
   1.723481E+04   1.485226E+07   2.812210E+01   2.812210E+01   2.124689E+01   1.699751E+01  -1.000000E+01   3.225063E+00  -3.923586E+00        14
   1.724481E+04   1.486950E+07   2.812210E+01   2.812210E+01   2.124689E+01   1.699751E+01  -1.000000E+01   3.225063E+00  -3.923586E+00        14
   1.725481E+04   1.488675E+07   2.812210E+01   2.812210E+01   2.124689E+01   1.699751E+01  -1.000000E+01   3.225063E+00  -3.923586E+00        14
   1.726481E+04   1.490401E+07   2.812210E+01   2.812210E+01   2.124689E+01   1.699751E+01  -1.000000E+01   3.225063E+00  -3.923586E+00        14
   1.727481E+04   1.492128E+07   2.812210E+01   2.812210E+01   2.124689E+01   1.699751E+01  -1.000000E+01   3.225063E+00  -3.923586E+00        14
   1.728481E+04   1.493856E+07   2.812210E+01   2.812210E+01   2.124689E+01   1.699751E+01  -1.000000E+01   3.225063E+00  -3.923586E+00        14
   1.729481E+04   1.495585E+07   2.812210E+01   2.812210E+01   2.124689E+01   1.699751E+01  -1.000000E+01   3.225063E+00  -3.923586E+00        14
   1.730481E+04   1.497315E+07   2.812210E+01   2.812210E+01   2.124689E+01   1.699751E+01  -1.000000E+01   3.225063E+00  -3.923586E+00        14
   1.731481E+04   1.499046E+07   2.812210E+01   2.812210E+01   2.124689E+01   1.699751E+01  -1.000000E+01   3.225063E+00  -3.923586E+00        14
   1.732481E+04   1.500778E+07   2.812210E+01   2.812210E+01   2.124689E+01   1.699751E+01  -1.000000E+01   3.225063E+00  -3.923586E+00        14
   1.733481E+04   1.502511E+07   2.812210E+01   2.812210E+01   2.124689E+01   1.699751E+01  -1.000000E+01   3.225063E+00  -3.923586E+00        14
   1.734481E+04   1.504245E+07   2.812210E+01   2.812210E+01   2.124689E+01   1.699751E+01  -1.000000E+01   3.225063E+00  -3.923586E+00        14
   1.735481E+04   1.505980E+07   2.812210E+01   2.812210E+01   2.124689E+01   1.699751E+01  -1.000000E+01   3.225063E+00  -3.923586E+00        14
   1.736481E+04   1.507716E+07   2.812210E+01   2.812210E+01   2.124689E+01   1.699751E+01  -1.000000E+01   3.225063E+00  -3.923586E+00        14
   1.737481E+04   1.509453E+07   2.812210E+01   2.812210E+01   2.124689E+01   1.699751E+01  -1.000000E+01   3.225063E+00  -3.923586E+00        14
   1.738481E+04   1.511191E+07   2.812210E+01   2.812210E+01   2.124689E+01   1.699751E+01  -1.000000E+01   3.225063E+00  -3.923586E+00        14
   1.739481E+04   1.512930E+07   2.812210E+01   2.812210E+01   2.124689E+01   1.699751E+01  -1.000000E+01   3.225063E+00  -3.923586E+00        14
   1.740481E+04   1.514670E+07   2.812210E+01   2.812210E+01   2.124689E+01   1.699751E+01  -1.000000E+01   3.225063E+00  -3.923586E+00        14
   1.741481E+04   1.516411E+07   2.812210E+01   2.812210E+01   2.124689E+01   1.699751E+01  -1.000000E+01   3.225063E+00  -3.923586E+00        14
   1.742481E+04   1.518153E+07   2.812210E+01   2.812210E+01   2.124689E+01   1.699751E+01  -1.000000E+01   3.225063E+00  -3.923586E+00        14
   1.743481E+04   1.519896E+07   2.812210E+01   2.812210E+01   2.124689E+01   1.699751E+01  -1.000000E+01   3.225063E+00  -3.923586E+00        14
   1.744481E+04   1.521640E+07   2.812210E+01   2.812210E+01   2.124689E+01   1.699751E+01  -1.000000E+01   3.225063E+00  -3.923586E+00        14
   1.745481E+04   1.523385E+07   2.812210E+01   2.812210E+01   2.124689E+01   1.699751E+01  -1.000000E+01   3.225063E+00  -3.923586E+00        14
   1.746481E+04   1.525131E+07   2.812210E+01   2.812210E+01   2.124689E+01   1.699751E+01  -1.000000E+01   3.225063E+00  -3.923586E+00        14
   1.747481E+04   1.526878E+07   2.812210E+01   2.812210E+01   2.124689E+01   1.699751E+01  -1.000000E+01   3.225063E+00  -3.923586E+00        14
   1.748481E+04   1.528626E+07   2.812210E+01   2.812210E+01   2.124689E+01   1.699751E+01  -1.000000E+01   3.225063E+00  -3.923586E+00        14
   1.749481E+04   1.530375E+07   2.812210E+01   2.812210E+01   2.124689E+01   1.699751E+01  -1.000000E+01   3.225063E+00  -3.923586E+00        14
   1.750481E+04   1.532125E+07   2.812210E+01   2.812210E+01   2.124689E+01   1.699751E+01  -1.000000E+01   3.225063E+00  -3.923586E+00        14
   1.751481E+04   1.533876E+07   2.812210E+01   2.812210E+01   2.124689E+01   1.699751E+01  -1.000000E+01   3.225063E+00  -3.923586E+00        14
   1.752481E+04   1.535628E+07   2.812210E+01   2.812210E+01   2.124689E+01   1.699751E+01  -1.000000E+01   3.225063E+00  -3.923586E+00        14
   1.753481E+04   1.537381E+07   2.812210E+01   2.812210E+01   2.124689E+01   1.699751E+01  -1.000000E+01   3.225063E+00  -3.923586E+00        14
   1.754481E+04   1.539135E+07   2.812210E+01   2.812210E+01   2.124689E+01   1.699751E+01  -1.000000E+01   3.225063E+00  -3.923586E+00        14
   1.755481E+04   1.540890E+07   2.812210E+01   2.812210E+01   2.124689E+01   1.699751E+01  -1.000000E+01   3.225063E+00  -3.923586E+00        14
   1.756481E+04   1.542646E+07   2.812210E+01   2.812210E+01   2.124689E+01   1.699751E+01  -1.000000E+01   3.225063E+00  -3.923586E+00        14
   1.757481E+04   1.544403E+07   2.812210E+01   2.812210E+01   2.124689E+01   1.699751E+01  -1.000000E+01   3.225063E+00  -3.923586E+00        14
   1.758481E+04   1.546161E+07   2.812210E+01   2.812210E+01   2.124689E+01   1.699751E+01  -1.000000E+01   3.225063E+00  -3.923586E+00        14
   1.759481E+04   1.547920E+07   2.812210E+01   2.812210E+01   2.124689E+01   1.699751E+01  -1.000000E+01   3.225063E+00  -3.923586E+00        14
   1.760481E+04   1.549680E+07   2.812210E+01   2.812210E+01   2.124689E+01   1.699751E+01  -1.000000E+01   3.225063E+00  -3.923586E+00        14
   1.761481E+04   1.551441E+07   2.812210E+01   2.812210E+01   2.124689E+01   1.699751E+01  -1.000000E+01   3.225063E+00  -3.923586E+00        14
   1.762481E+04   1.553203E+07   2.812210E+01   2.812210E+01   2.124689E+01   1.699751E+01  -1.000000E+01   3.225063E+00  -3.923586E+00        14
   1.763481E+04   1.554966E+07   2.812210E+01   2.812210E+01   2.124689E+01   1.699751E+01  -1.000000E+01   3.225063E+00  -3.923586E+00        14
   1.764481E+04   1.556730E+07   2.812210E+01   2.812210E+01   2.124689E+01   1.699751E+01  -1.000000E+01   3.225063E+00  -3.923586E+00        14
   1.765481E+04   1.558495E+07   2.812210E+01   2.812210E+01   2.124689E+01   1.699751E+01  -1.000000E+01   3.225063E+00  -3.923586E+00        14
   1.766481E+04   1.560261E+07   2.812210E+01   2.812210E+01   2.124689E+01   1.699751E+01  -1.000000E+01   3.225063E+00  -3.923586E+00        14
   1.767481E+04   1.562028E+07   2.812210E+01   2.812210E+01   2.124689E+01   1.699751E+01  -1.000000E+01   3.225063E+00  -3.923586E+00        14
   1.768481E+04   1.563796E+07   2.812210E+01   2.812210E+01   2.124689E+01   1.699751E+01  -1.000000E+01   3.225063E+00  -3.923586E+00        14
   1.769481E+04   1.565565E+07   2.812210E+01   2.812210E+01   2.124689E+01   1.699751E+01  -1.000000E+01   3.225063E+00  -3.923586E+00        14
   1.770481E+04   1.567335E+07   2.812210E+01   2.812210E+01   2.124689E+01   1.699751E+01  -1.000000E+01   3.225063E+00  -3.923586E+00        14
   1.771481E+04   1.569106E+07   2.812210E+01   2.812210E+01   2.124689E+01   1.699751E+01  -1.000000E+01   3.225063E+00  -3.923586E+00        14
   1.772481E+04   1.570878E+07   2.812210E+01   2.812210E+01   2.124689E+01   1.699751E+01  -1.000000E+01   3.225063E+00  -3.923586E+00        14
   1.773481E+04   1.572651E+07   2.812210E+01   2.812210E+01   2.124689E+01   1.699751E+01  -1.000000E+01   3.225063E+00  -3.923586E+00        14
   1.774481E+04   1.574425E+07   2.812210E+01   2.812210E+01   2.124689E+01   1.699751E+01  -1.000000E+01   3.225063E+00  -3.923586E+00        14
   1.775481E+04   1.576200E+07   2.812210E+01   2.812210E+01   2.124689E+01   1.699751E+01  -1.000000E+01   3.225063E+00  -3.923586E+00        14
   1.776481E+04   1.577976E+07   2.812210E+01   2.812210E+01   2.124689E+01   1.699751E+01  -1.000000E+01   3.225063E+00  -3.923586E+00        14
   1.777481E+04   1.579753E+07   2.812210E+01   2.812210E+01   2.124689E+01   1.699751E+01  -1.000000E+01   3.225063E+00  -3.923586E+00        14
   1.778481E+04   1.581531E+07   2.812210E+01   2.812210E+01   2.124689E+01   1.699751E+01  -1.000000E+01   3.225063E+00  -3.923586E+00        14
   1.779481E+04   1.583310E+07   2.812210E+01   2.812210E+01   2.124689E+01   1.699751E+01  -1.000000E+01   3.225063E+00  -3.923586E+00        14
   1.780481E+04   1.585090E+07   2.812210E+01   2.812210E+01   2.124689E+01   1.699751E+01  -1.000000E+01   3.225063E+00  -3.923586E+00        14
   1.781481E+04   1.586871E+07   2.812210E+01   2.812210E+01   2.124689E+01   1.699751E+01  -1.000000E+01   3.225063E+00  -3.923586E+00        14
   1.782481E+04   1.588653E+07   2.812210E+01   2.812210E+01   2.124689E+01   1.699751E+01  -1.000000E+01   3.225063E+00  -3.923586E+00        14
   1.783481E+04   1.590436E+07   2.812210E+01   2.812210E+01   2.124689E+01   1.699751E+01  -1.000000E+01   3.225063E+00  -3.923586E+00        14
   1.784481E+04   1.592220E+07   2.812210E+01   2.812210E+01   2.124689E+01   1.699751E+01  -1.000000E+01   3.225063E+00  -3.923586E+00        14
   1.785481E+04   1.594005E+07   2.812210E+01   2.812210E+01   2.124689E+01   1.699751E+01  -1.000000E+01   3.225063E+00  -3.923586E+00        14
   1.786481E+04   1.595791E+07   2.812210E+01   2.812210E+01   2.124689E+01   1.699751E+01  -1.000000E+01   3.225063E+00  -3.923586E+00        14
   1.787481E+04   1.597578E+07   2.812210E+01   2.812210E+01   2.124689E+01   1.699751E+01  -1.000000E+01   3.225063E+00  -3.923586E+00        14
   1.788481E+04   1.599366E+07   2.812210E+01   2.812210E+01   2.124689E+01   1.699751E+01  -1.000000E+01   3.225063E+00  -3.923586E+00        14
   1.789481E+04   1.601155E+07   2.812210E+01   2.812210E+01   2.124689E+01   1.699751E+01  -1.000000E+01   3.225063E+00  -3.923586E+00        14
   1.790481E+04   1.602945E+07   2.812210E+01   2.812210E+01   2.124689E+01   1.699751E+01  -1.000000E+01   3.225063E+00  -3.923586E+00        14
   1.791481E+04   1.604736E+07   2.812210E+01   2.812210E+01   2.124689E+01   1.699751E+01  -1.000000E+01   3.225063E+00  -3.923586E+00        14
   1.792481E+04   1.606528E+07   2.812210E+01   2.812210E+01   2.124689E+01   1.699751E+01  -1.000000E+01   3.225063E+00  -3.923586E+00        14
   1.793481E+04   1.608321E+07   2.812210E+01   2.812210E+01   2.124689E+01   1.699751E+01  -1.000000E+01   3.225063E+00  -3.923586E+00        14
   1.794481E+04   1.610115E+07   2.812210E+01   2.812210E+01   2.124689E+01   1.699751E+01  -1.000000E+01   3.225063E+00  -3.923586E+00        14
   1.795481E+04   1.611910E+07   2.812210E+01   2.812210E+01   2.124689E+01   1.699751E+01  -1.000000E+01   3.225063E+00  -3.923586E+00        14
   1.796481E+04   1.613706E+07   2.812210E+01   2.812210E+01   2.124689E+01   1.699751E+01  -1.000000E+01   3.225063E+00  -3.923586E+00        14
   1.797481E+04   1.615503E+07   2.812210E+01   2.812210E+01   2.124689E+01   1.699751E+01  -1.000000E+01   3.225063E+00  -3.923586E+00        14
   1.798481E+04   1.617301E+07   2.812210E+01   2.812210E+01   2.124689E+01   1.699751E+01  -1.000000E+01   3.225063E+00  -3.923586E+00        14
   1.799481E+04   1.619100E+07   2.812210E+01   2.812210E+01   2.124689E+01   1.699751E+01  -1.000000E+01   3.225063E+00  -3.923586E+00        14
   1.800481E+04   1.620900E+07   2.812210E+01   2.812210E+01   2.124689E+01   1.699751E+01  -1.000000E+01   3.225063E+00  -3.923586E+00        14
   1.801481E+04   1.622701E+07   2.812210E+01   2.812210E+01   2.124689E+01   1.699751E+01  -1.000000E+01   3.225063E+00  -3.923586E+00        14
   1.802481E+04   1.624503E+07   2.812210E+01   2.812210E+01   2.124689E+01   1.699751E+01  -1.000000E+01   3.225063E+00  -3.923586E+00        14
   1.803481E+04   1.626306E+07   2.812210E+01   2.812210E+01   2.124689E+01   1.699751E+01  -1.000000E+01   3.225063E+00  -3.923586E+00        14
   1.804481E+04   1.628110E+07   2.812210E+01   2.812210E+01   2.124689E+01   1.699751E+01  -1.000000E+01   3.225063E+00  -3.923586E+00        14
   1.805481E+04   1.629915E+07   2.812210E+01   2.812210E+01   2.124689E+01   1.699751E+01  -1.000000E+01   3.225063E+00  -3.923586E+00        14
   1.806481E+04   1.631721E+07   2.812210E+01   2.812210E+01   2.124689E+01   1.699751E+01  -1.000000E+01   3.225063E+00  -3.923586E+00        14
   1.807481E+04   1.633528E+07   2.812210E+01   2.812210E+01   2.124689E+01   1.699751E+01  -1.000000E+01   3.225063E+00  -3.923586E+00        14
   1.808481E+04   1.635336E+07   2.812210E+01   2.812210E+01   2.124689E+01   1.699751E+01  -1.000000E+01   3.225063E+00  -3.923586E+00        14
   1.809481E+04   1.637145E+07   2.812210E+01   2.812210E+01   2.124689E+01   1.699751E+01  -1.000000E+01   3.225063E+00  -3.923586E+00        14
   1.810481E+04   1.638955E+07   2.812210E+01   2.812210E+01   2.124689E+01   1.699751E+01  -1.000000E+01   3.225063E+00  -3.923586E+00        14
   1.811481E+04   1.640766E+07   2.812210E+01   2.812210E+01   2.124689E+01   1.699751E+01  -1.000000E+01   3.225063E+00  -3.923586E+00        14
   1.812481E+04   1.642578E+07   2.812210E+01   2.812210E+01   2.124689E+01   1.699751E+01  -1.000000E+01   3.225063E+00  -3.923586E+00        14
   1.813481E+04   1.644391E+07   2.812210E+01   2.812210E+01   2.124689E+01   1.699751E+01  -1.000000E+01   3.225063E+00  -3.923586E+00        14
   1.814481E+04   1.646205E+07   2.812210E+01   2.812210E+01   2.124689E+01   1.699751E+01  -1.000000E+01   3.225063E+00  -3.923586E+00        14
   1.815481E+04   1.648020E+07   2.812210E+01   2.812210E+01   2.124689E+01   1.699751E+01  -1.000000E+01   3.225063E+00  -3.923586E+00        14
   1.816481E+04   1.649836E+07   2.812210E+01   2.812210E+01   2.124689E+01   1.699751E+01  -1.000000E+01   3.225063E+00  -3.923586E+00        14
   1.817481E+04   1.651653E+07   2.812210E+01   2.812210E+01   2.124689E+01   1.699751E+01  -1.000000E+01   3.225063E+00  -3.923586E+00        14
   1.818481E+04   1.653471E+07   2.812210E+01   2.812210E+01   2.124689E+01   1.699751E+01  -1.000000E+01   3.225063E+00  -3.923586E+00        14
   1.819481E+04   1.655290E+07   2.812210E+01   2.812210E+01   2.124689E+01   1.699751E+01  -1.000000E+01   3.225063E+00  -3.923586E+00        14
   1.820481E+04   1.657110E+07   2.812210E+01   2.812210E+01   2.124689E+01   1.699751E+01  -1.000000E+01   3.225063E+00  -3.923586E+00        14
   1.821481E+04   1.658931E+07   2.812210E+01   2.812210E+01   2.124689E+01   1.699751E+01  -1.000000E+01   3.225063E+00  -3.923586E+00        14
   1.822481E+04   1.660753E+07   2.812210E+01   2.812210E+01   2.124689E+01   1.699751E+01  -1.000000E+01   3.225063E+00  -3.923586E+00        14
   1.823481E+04   1.662576E+07   2.812210E+01   2.812210E+01   2.124689E+01   1.699751E+01  -1.000000E+01   3.225063E+00  -3.923586E+00        14
   1.824481E+04   1.664400E+07   2.812210E+01   2.812210E+01   2.124689E+01   1.699751E+01  -1.000000E+01   3.225063E+00  -3.923586E+00        14
   1.825481E+04   1.666225E+07   2.812210E+01   2.812210E+01   2.124689E+01   1.699751E+01  -1.000000E+01   3.225063E+00  -3.923586E+00        14
   1.826481E+04   1.668051E+07   2.812210E+01   2.812210E+01   2.124689E+01   1.699751E+01  -1.000000E+01   3.225063E+00  -3.923586E+00        14
   1.827481E+04   1.669878E+07   2.812210E+01   2.812210E+01   2.124689E+01   1.699751E+01  -1.000000E+01   3.225063E+00  -3.923586E+00        14
   1.828481E+04   1.671706E+07   2.812210E+01   2.812210E+01   2.124689E+01   1.699751E+01  -1.000000E+01   3.225063E+00  -3.923586E+00        14
   1.829481E+04   1.673535E+07   2.812210E+01   2.812210E+01   2.124689E+01   1.699751E+01  -1.000000E+01   3.225063E+00  -3.923586E+00        14
   1.830481E+04   1.675365E+07   2.812210E+01   2.812210E+01   2.124689E+01   1.699751E+01  -1.000000E+01   3.225063E+00  -3.923586E+00        14
   1.831481E+04   1.677196E+07   2.812210E+01   2.812210E+01   2.124689E+01   1.699751E+01  -1.000000E+01   3.225063E+00  -3.923586E+00        14
   1.832481E+04   1.679028E+07   2.812210E+01   2.812210E+01   2.124689E+01   1.699751E+01  -1.000000E+01   3.225063E+00  -3.923586E+00        14
   1.833481E+04   1.680861E+07   2.812210E+01   2.812210E+01   2.124689E+01   1.699751E+01  -1.000000E+01   3.225063E+00  -3.923586E+00        14
   1.834481E+04   1.682695E+07   2.812210E+01   2.812210E+01   2.124689E+01   1.699751E+01  -1.000000E+01   3.225063E+00  -3.923586E+00        14
   1.835481E+04   1.684530E+07   2.812210E+01   2.812210E+01   2.124689E+01   1.699751E+01  -1.000000E+01   3.225063E+00  -3.923586E+00        14
   1.836481E+04   1.686366E+07   2.812210E+01   2.812210E+01   2.124689E+01   1.699751E+01  -1.000000E+01   3.225063E+00  -3.923586E+00        14
   1.837481E+04   1.688203E+07   2.812210E+01   2.812210E+01   2.124689E+01   1.699751E+01  -1.000000E+01   3.225063E+00  -3.923586E+00        14
   1.838481E+04   1.690041E+07   2.812210E+01   2.812210E+01   2.124689E+01   1.699751E+01  -1.000000E+01   3.225063E+00  -3.923586E+00        14
   1.839481E+04   1.691880E+07   2.812210E+01   2.812210E+01   2.124689E+01   1.699751E+01  -1.000000E+01   3.225063E+00  -3.923586E+00        14
   1.840481E+04   1.693720E+07   2.812210E+01   2.812210E+01   2.124689E+01   1.699751E+01  -1.000000E+01   3.225063E+00  -3.923586E+00        14
   1.841481E+04   1.695561E+07   2.812210E+01   2.812210E+01   2.124689E+01   1.699751E+01  -1.000000E+01   3.225063E+00  -3.923586E+00        14
   1.842481E+04   1.697403E+07   2.812210E+01   2.812210E+01   2.124689E+01   1.699751E+01  -1.000000E+01   3.225063E+00  -3.923586E+00        14
   1.843481E+04   1.699246E+07   2.812210E+01   2.812210E+01   2.124689E+01   1.699751E+01  -1.000000E+01   3.225063E+00  -3.923586E+00        14
   1.844481E+04   1.701090E+07   2.812210E+01   2.812210E+01   2.124689E+01   1.699751E+01  -1.000000E+01   3.225063E+00  -3.923586E+00        14
   1.845481E+04   1.702935E+07   2.812210E+01   2.812210E+01   2.124689E+01   1.699751E+01  -1.000000E+01   3.225063E+00  -3.923586E+00        14
   1.846481E+04   1.704781E+07   2.812210E+01   2.812210E+01   2.124689E+01   1.699751E+01  -1.000000E+01   3.225063E+00  -3.923586E+00        14
   1.847481E+04   1.706628E+07   2.812210E+01   2.812210E+01   2.124689E+01   1.699751E+01  -1.000000E+01   3.225063E+00  -3.923586E+00        14
   1.848481E+04   1.708476E+07   2.812210E+01   2.812210E+01   2.124689E+01   1.699751E+01  -1.000000E+01   3.225063E+00  -3.923586E+00        14
   1.849481E+04   1.710325E+07   2.812210E+01   2.812210E+01   2.124689E+01   1.699751E+01  -1.000000E+01   3.225063E+00  -3.923586E+00        14
   1.850481E+04   1.712175E+07   2.812210E+01   2.812210E+01   2.124689E+01   1.699751E+01  -1.000000E+01   3.225063E+00  -3.923586E+00        14
   1.851481E+04   1.714026E+07   2.812210E+01   2.812210E+01   2.124689E+01   1.699751E+01  -1.000000E+01   3.225063E+00  -3.923586E+00        14
   1.852481E+04   1.715878E+07   2.812210E+01   2.812210E+01   2.124689E+01   1.699751E+01  -1.000000E+01   3.225063E+00  -3.923586E+00        14
   1.853481E+04   1.717731E+07   2.812210E+01   2.812210E+01   2.124689E+01   1.699751E+01  -1.000000E+01   3.225063E+00  -3.923586E+00        14
   1.854481E+04   1.719585E+07   2.812210E+01   2.812210E+01   2.124689E+01   1.699751E+01  -1.000000E+01   3.225063E+00  -3.923586E+00        14
   1.855481E+04   1.721440E+07   2.812210E+01   2.812210E+01   2.124689E+01   1.699751E+01  -1.000000E+01   3.225063E+00  -3.923586E+00        14
   1.856481E+04   1.723296E+07   2.812210E+01   2.812210E+01   2.124689E+01   1.699751E+01  -1.000000E+01   3.225063E+00  -3.923586E+00        14
   1.857481E+04   1.725153E+07   2.812210E+01   2.812210E+01   2.124689E+01   1.699751E+01  -1.000000E+01   3.225063E+00  -3.923586E+00        14
   1.858481E+04   1.727011E+07   2.812210E+01   2.812210E+01   2.124689E+01   1.699751E+01  -1.000000E+01   3.225063E+00  -3.923586E+00        14
   1.859481E+04   1.728870E+07   2.812210E+01   2.812210E+01   2.124689E+01   1.699751E+01  -1.000000E+01   3.225063E+00  -3.923586E+00        14
   1.860481E+04   1.730730E+07   2.812210E+01   2.812210E+01   2.124689E+01   1.699751E+01  -1.000000E+01   3.225063E+00  -3.923586E+00        14
   1.861481E+04   1.732591E+07   2.812210E+01   2.812210E+01   2.124689E+01   1.699751E+01  -1.000000E+01   3.225063E+00  -3.923586E+00        14
   1.862481E+04   1.734453E+07   2.812210E+01   2.812210E+01   2.124689E+01   1.699751E+01  -1.000000E+01   3.225063E+00  -3.923586E+00        14
   1.863481E+04   1.736316E+07   2.812210E+01   2.812210E+01   2.124689E+01   1.699751E+01  -1.000000E+01   3.225063E+00  -3.923586E+00        14
   1.864481E+04   1.738180E+07   2.812210E+01   2.812210E+01   2.124689E+01   1.699751E+01  -1.000000E+01   3.225063E+00  -3.923586E+00        14
   1.865481E+04   1.740045E+07   2.812210E+01   2.812210E+01   2.124689E+01   1.699751E+01  -1.000000E+01   3.225063E+00  -3.923586E+00        14
   1.866481E+04   1.741911E+07   2.812210E+01   2.812210E+01   2.124689E+01   1.699751E+01  -1.000000E+01   3.225063E+00  -3.923586E+00        14
   1.867481E+04   1.743778E+07   2.812210E+01   2.812210E+01   2.124689E+01   1.699751E+01  -1.000000E+01   3.225063E+00  -3.923586E+00        14
   1.868481E+04   1.745646E+07   2.812210E+01   2.812210E+01   2.124689E+01   1.699751E+01  -1.000000E+01   3.225063E+00  -3.923586E+00        14
   1.869481E+04   1.747515E+07   2.812210E+01   2.812210E+01   2.124689E+01   1.699751E+01  -1.000000E+01   3.225063E+00  -3.923586E+00        14
   1.870481E+04   1.749385E+07   2.812210E+01   2.812210E+01   2.124689E+01   1.699751E+01  -1.000000E+01   3.225063E+00  -3.923586E+00        14
   1.871481E+04   1.751256E+07   2.812210E+01   2.812210E+01   2.124689E+01   1.699751E+01  -1.000000E+01   3.225063E+00  -3.923586E+00        14
   1.872481E+04   1.753128E+07   2.812210E+01   2.812210E+01   2.124689E+01   1.699751E+01  -1.000000E+01   3.225063E+00  -3.923586E+00        14
   1.873481E+04   1.755001E+07   2.812210E+01   2.812210E+01   2.124689E+01   1.699751E+01  -1.000000E+01   3.225063E+00  -3.923586E+00        14
   1.874481E+04   1.756875E+07   2.812210E+01   2.812210E+01   2.124689E+01   1.699751E+01  -1.000000E+01   3.225063E+00  -3.923586E+00        14
   1.875481E+04   1.758750E+07   2.812210E+01   2.812210E+01   2.124689E+01   1.699751E+01  -1.000000E+01   3.225063E+00  -3.923586E+00        14
   1.876481E+04   1.760626E+07   2.812210E+01   2.812210E+01   2.124689E+01   1.699751E+01  -1.000000E+01   3.225063E+00  -3.923586E+00        14
   1.877481E+04   1.762503E+07   2.812210E+01   2.812210E+01   2.124689E+01   1.699751E+01  -1.000000E+01   3.225063E+00  -3.923586E+00        14
   1.878481E+04   1.764381E+07   2.812210E+01   2.812210E+01   2.124689E+01   1.699751E+01  -1.000000E+01   3.225063E+00  -3.923586E+00        14
   1.879481E+04   1.766260E+07   2.812210E+01   2.812210E+01   2.124689E+01   1.699751E+01  -1.000000E+01   3.225063E+00  -3.923586E+00        14
   1.880481E+04   1.768140E+07   2.812210E+01   2.812210E+01   2.124689E+01   1.699751E+01  -1.000000E+01   3.225063E+00  -3.923586E+00        14
   1.881481E+04   1.770021E+07   2.812210E+01   2.812210E+01   2.124689E+01   1.699751E+01  -1.000000E+01   3.225063E+00  -3.923586E+00        14
   1.882481E+04   1.771903E+07   2.812210E+01   2.812210E+01   2.124689E+01   1.699751E+01  -1.000000E+01   3.225063E+00  -3.923586E+00        14
   1.883481E+04   1.773786E+07   2.812210E+01   2.812210E+01   2.124689E+01   1.699751E+01  -1.000000E+01   3.225063E+00  -3.923586E+00        14
   1.884481E+04   1.775670E+07   2.812210E+01   2.812210E+01   2.124689E+01   1.699751E+01  -1.000000E+01   3.225063E+00  -3.923586E+00        14
   1.885481E+04   1.777555E+07   2.812210E+01   2.812210E+01   2.124689E+01   1.699751E+01  -1.000000E+01   3.225063E+00  -3.923586E+00        14
   1.886481E+04   1.779441E+07   2.812210E+01   2.812210E+01   2.124689E+01   1.699751E+01  -1.000000E+01   3.225063E+00  -3.923586E+00        14
   1.887481E+04   1.781328E+07   2.812210E+01   2.812210E+01   2.124689E+01   1.699751E+01  -1.000000E+01   3.225063E+00  -3.923586E+00        14
   1.888481E+04   1.783216E+07   2.812210E+01   2.812210E+01   2.124689E+01   1.699751E+01  -1.000000E+01   3.225063E+00  -3.923586E+00        14
   1.889481E+04   1.785105E+07   2.812210E+01   2.812210E+01   2.124689E+01   1.699751E+01  -1.000000E+01   3.225063E+00  -3.923586E+00        14
   1.890481E+04   1.786995E+07   2.812210E+01   2.812210E+01   2.124689E+01   1.699751E+01  -1.000000E+01   3.225063E+00  -3.923586E+00        14
   1.891481E+04   1.788886E+07   2.812210E+01   2.812210E+01   2.124689E+01   1.699751E+01  -1.000000E+01   3.225063E+00  -3.923586E+00        14
   1.892481E+04   1.790778E+07   2.812210E+01   2.812210E+01   2.124689E+01   1.699751E+01  -1.000000E+01   3.225063E+00  -3.923586E+00        14
   1.893481E+04   1.792671E+07   2.812210E+01   2.812210E+01   2.124689E+01   1.699751E+01  -1.000000E+01   3.225063E+00  -3.923586E+00        14
   1.894481E+04   1.794565E+07   2.812210E+01   2.812210E+01   2.124689E+01   1.699751E+01  -1.000000E+01   3.225063E+00  -3.923586E+00        14
   1.895481E+04   1.796460E+07   2.812210E+01   2.812210E+01   2.124689E+01   1.699751E+01  -1.000000E+01   3.225063E+00  -3.923586E+00        14
   1.896481E+04   1.798356E+07   2.812210E+01   2.812210E+01   2.124689E+01   1.699751E+01  -1.000000E+01   3.225063E+00  -3.923586E+00        14
   1.897481E+04   1.800253E+07   2.812210E+01   2.812210E+01   2.124689E+01   1.699751E+01  -1.000000E+01   3.225063E+00  -3.923586E+00        14
   1.898481E+04   1.802151E+07   2.812210E+01   2.812210E+01   2.124689E+01   1.699751E+01  -1.000000E+01   3.225063E+00  -3.923586E+00        14
   1.899481E+04   1.804050E+07   2.812210E+01   2.812210E+01   2.124689E+01   1.699751E+01  -1.000000E+01   3.225063E+00  -3.923586E+00        14
   1.900481E+04   1.805950E+07   2.812210E+01   2.812210E+01   2.124689E+01   1.699751E+01  -1.000000E+01   3.225063E+00  -3.923586E+00        14
   1.901481E+04   1.807851E+07   2.812210E+01   2.812210E+01   2.124689E+01   1.699751E+01  -1.000000E+01   3.225063E+00  -3.923586E+00        14
   1.902481E+04   1.809753E+07   2.812210E+01   2.812210E+01   2.124689E+01   1.699751E+01  -1.000000E+01   3.225063E+00  -3.923586E+00        14
   1.903481E+04   1.811656E+07   2.812210E+01   2.812210E+01   2.124689E+01   1.699751E+01  -1.000000E+01   3.225063E+00  -3.923586E+00        14
   1.904481E+04   1.813560E+07   2.812210E+01   2.812210E+01   2.124689E+01   1.699751E+01  -1.000000E+01   3.225063E+00  -3.923586E+00        14
   1.905481E+04   1.815465E+07   2.812210E+01   2.812210E+01   2.124689E+01   1.699751E+01  -1.000000E+01   3.225063E+00  -3.923586E+00        14
   1.906481E+04   1.817371E+07   2.812210E+01   2.812210E+01   2.124689E+01   1.699751E+01  -1.000000E+01   3.225063E+00  -3.923586E+00        14
   1.907481E+04   1.819278E+07   2.812210E+01   2.812210E+01   2.124689E+01   1.699751E+01  -1.000000E+01   3.225063E+00  -3.923586E+00        14
   1.908481E+04   1.821186E+07   2.812210E+01   2.812210E+01   2.124689E+01   1.699751E+01  -1.000000E+01   3.225063E+00  -3.923586E+00        14
   1.909481E+04   1.823095E+07   2.812210E+01   2.812210E+01   2.124689E+01   1.699751E+01  -1.000000E+01   3.225063E+00  -3.923586E+00        14
   1.910481E+04   1.825005E+07   2.812210E+01   2.812210E+01   2.124689E+01   1.699751E+01  -1.000000E+01   3.225063E+00  -3.923586E+00        14
   1.911481E+04   1.826916E+07   2.812210E+01   2.812210E+01   2.124689E+01   1.699751E+01  -1.000000E+01   3.225063E+00  -3.923586E+00        14
   1.912481E+04   1.828828E+07   2.812210E+01   2.812210E+01   2.124689E+01   1.699751E+01  -1.000000E+01   3.225063E+00  -3.923586E+00        14
   1.913481E+04   1.830741E+07   2.812210E+01   2.812210E+01   2.124689E+01   1.699751E+01  -1.000000E+01   3.225063E+00  -3.923586E+00        14
   1.914481E+04   1.832655E+07   2.812210E+01   2.812210E+01   2.124689E+01   1.699751E+01  -1.000000E+01   3.225063E+00  -3.923586E+00        14
   1.915481E+04   1.834570E+07   2.812210E+01   2.812210E+01   2.124689E+01   1.699751E+01  -1.000000E+01   3.225063E+00  -3.923586E+00        14
   1.916481E+04   1.836486E+07   2.812210E+01   2.812210E+01   2.124689E+01   1.699751E+01  -1.000000E+01   3.225063E+00  -3.923586E+00        14
   1.917481E+04   1.838403E+07   2.812210E+01   2.812210E+01   2.124689E+01   1.699751E+01  -1.000000E+01   3.225063E+00  -3.923586E+00        14
   1.918481E+04   1.840321E+07   2.812210E+01   2.812210E+01   2.124689E+01   1.699751E+01  -1.000000E+01   3.225063E+00  -3.923586E+00        14
   1.919481E+04   1.842240E+07   2.812210E+01   2.812210E+01   2.124689E+01   1.699751E+01  -1.000000E+01   3.225063E+00  -3.923586E+00        14
   1.920481E+04   1.844160E+07   2.812210E+01   2.812210E+01   2.124689E+01   1.699751E+01  -1.000000E+01   3.225063E+00  -3.923586E+00        14
   1.921481E+04   1.846081E+07   2.812210E+01   2.812210E+01   2.124689E+01   1.699751E+01  -1.000000E+01   3.225063E+00  -3.923586E+00        14
   1.922481E+04   1.848003E+07   2.812210E+01   2.812210E+01   2.124689E+01   1.699751E+01  -1.000000E+01   3.225063E+00  -3.923586E+00        14
   1.923481E+04   1.849926E+07   2.812210E+01   2.812210E+01   2.124689E+01   1.699751E+01  -1.000000E+01   3.225063E+00  -3.923586E+00        14
   1.924481E+04   1.851850E+07   2.812210E+01   2.812210E+01   2.124689E+01   1.699751E+01  -1.000000E+01   3.225063E+00  -3.923586E+00        14
   1.925481E+04   1.853775E+07   2.812210E+01   2.812210E+01   2.124689E+01   1.699751E+01  -1.000000E+01   3.225063E+00  -3.923586E+00        14
   1.926481E+04   1.855701E+07   2.812210E+01   2.812210E+01   2.124689E+01   1.699751E+01  -1.000000E+01   3.225063E+00  -3.923586E+00        14
   1.927481E+04   1.857628E+07   2.812210E+01   2.812210E+01   2.124689E+01   1.699751E+01  -1.000000E+01   3.225063E+00  -3.923586E+00        14
   1.928481E+04   1.859556E+07   2.812210E+01   2.812210E+01   2.124689E+01   1.699751E+01  -1.000000E+01   3.225063E+00  -3.923586E+00        14
   1.929481E+04   1.861485E+07   2.812210E+01   2.812210E+01   2.124689E+01   1.699751E+01  -1.000000E+01   3.225063E+00  -3.923586E+00        14
   1.930481E+04   1.863415E+07   2.812210E+01   2.812210E+01   2.124689E+01   1.699751E+01  -1.000000E+01   3.225063E+00  -3.923586E+00        14
   1.931481E+04   1.865346E+07   2.812210E+01   2.812210E+01   2.124689E+01   1.699751E+01  -1.000000E+01   3.225063E+00  -3.923586E+00        14
   1.932481E+04   1.867278E+07   2.812210E+01   2.812210E+01   2.124689E+01   1.699751E+01  -1.000000E+01   3.225063E+00  -3.923586E+00        14
   1.933481E+04   1.869211E+07   2.812210E+01   2.812210E+01   2.124689E+01   1.699751E+01  -1.000000E+01   3.225063E+00  -3.923586E+00        14
   1.934481E+04   1.871145E+07   2.812210E+01   2.812210E+01   2.124689E+01   1.699751E+01  -1.000000E+01   3.225063E+00  -3.923586E+00        14
   1.935481E+04   1.873080E+07   2.812210E+01   2.812210E+01   2.124689E+01   1.699751E+01  -1.000000E+01   3.225063E+00  -3.923586E+00        14
   1.936481E+04   1.875016E+07   2.812210E+01   2.812210E+01   2.124689E+01   1.699751E+01  -1.000000E+01   3.225063E+00  -3.923586E+00        14
   1.937481E+04   1.876953E+07   2.812210E+01   2.812210E+01   2.124689E+01   1.699751E+01  -1.000000E+01   3.225063E+00  -3.923586E+00        14
   1.938481E+04   1.878891E+07   2.812210E+01   2.812210E+01   2.124689E+01   1.699751E+01  -1.000000E+01   3.225063E+00  -3.923586E+00        14
   1.939481E+04   1.880830E+07   2.812210E+01   2.812210E+01   2.124689E+01   1.699751E+01  -1.000000E+01   3.225063E+00  -3.923586E+00        14
   1.940481E+04   1.882770E+07   2.812210E+01   2.812210E+01   2.124689E+01   1.699751E+01  -1.000000E+01   3.225063E+00  -3.923586E+00        14
   1.941481E+04   1.884711E+07   2.812210E+01   2.812210E+01   2.124689E+01   1.699751E+01  -1.000000E+01   3.225063E+00  -3.923586E+00        14
   1.942481E+04   1.886653E+07   2.812210E+01   2.812210E+01   2.124689E+01   1.699751E+01  -1.000000E+01   3.225063E+00  -3.923586E+00        14
   1.943481E+04   1.888596E+07   2.812210E+01   2.812210E+01   2.124689E+01   1.699751E+01  -1.000000E+01   3.225063E+00  -3.923586E+00        14
   1.944481E+04   1.890540E+07   2.812210E+01   2.812210E+01   2.124689E+01   1.699751E+01  -1.000000E+01   3.225063E+00  -3.923586E+00        14
   1.945481E+04   1.892485E+07   2.812210E+01   2.812210E+01   2.124689E+01   1.699751E+01  -1.000000E+01   3.225063E+00  -3.923586E+00        14
   1.946481E+04   1.894431E+07   2.812210E+01   2.812210E+01   2.124689E+01   1.699751E+01  -1.000000E+01   3.225063E+00  -3.923586E+00        14
   1.947481E+04   1.896378E+07   2.812210E+01   2.812210E+01   2.124689E+01   1.699751E+01  -1.000000E+01   3.225063E+00  -3.923586E+00        14
   1.948481E+04   1.898326E+07   2.812210E+01   2.812210E+01   2.124689E+01   1.699751E+01  -1.000000E+01   3.225063E+00  -3.923586E+00        14
   1.949481E+04   1.900275E+07   2.812210E+01   2.812210E+01   2.124689E+01   1.699751E+01  -1.000000E+01   3.225063E+00  -3.923586E+00        14
   1.950481E+04   1.902225E+07   2.812210E+01   2.812210E+01   2.124689E+01   1.699751E+01  -1.000000E+01   3.225063E+00  -3.923586E+00        14
   1.951481E+04   1.904176E+07   2.812210E+01   2.812210E+01   2.124689E+01   1.699751E+01  -1.000000E+01   3.225063E+00  -3.923586E+00        14
   1.952481E+04   1.906128E+07   2.812210E+01   2.812210E+01   2.124689E+01   1.699751E+01  -1.000000E+01   3.225063E+00  -3.923586E+00        14
   1.953481E+04   1.908081E+07   2.812210E+01   2.812210E+01   2.124689E+01   1.699751E+01  -1.000000E+01   3.225063E+00  -3.923586E+00        14
   1.954481E+04   1.910035E+07   2.812210E+01   2.812210E+01   2.124689E+01   1.699751E+01  -1.000000E+01   3.225063E+00  -3.923586E+00        14
   1.955481E+04   1.911990E+07   2.812210E+01   2.812210E+01   2.124689E+01   1.699751E+01  -1.000000E+01   3.225063E+00  -3.923586E+00        14
   1.956481E+04   1.913946E+07   2.812210E+01   2.812210E+01   2.124689E+01   1.699751E+01  -1.000000E+01   3.225063E+00  -3.923586E+00        14
   1.957481E+04   1.915903E+07   2.812210E+01   2.812210E+01   2.124689E+01   1.699751E+01  -1.000000E+01   3.225063E+00  -3.923586E+00        14
   1.958481E+04   1.917861E+07   2.812210E+01   2.812210E+01   2.124689E+01   1.699751E+01  -1.000000E+01   3.225063E+00  -3.923586E+00        14
   1.959481E+04   1.919820E+07   2.812210E+01   2.812210E+01   2.124689E+01   1.699751E+01  -1.000000E+01   3.225063E+00  -3.923586E+00        14
   1.960481E+04   1.921780E+07   2.812210E+01   2.812210E+01   2.124689E+01   1.699751E+01  -1.000000E+01   3.225063E+00  -3.923586E+00        14
   1.961481E+04   1.923741E+07   2.812210E+01   2.812210E+01   2.124689E+01   1.699751E+01  -1.000000E+01   3.225063E+00  -3.923586E+00        14
   1.962481E+04   1.925703E+07   2.812210E+01   2.812210E+01   2.124689E+01   1.699751E+01  -1.000000E+01   3.225063E+00  -3.923586E+00        14
   1.963481E+04   1.927666E+07   2.812210E+01   2.812210E+01   2.124689E+01   1.699751E+01  -1.000000E+01   3.225063E+00  -3.923586E+00        14
   1.964481E+04   1.929630E+07   2.812210E+01   2.812210E+01   2.124689E+01   1.699751E+01  -1.000000E+01   3.225063E+00  -3.923586E+00        14
   1.965481E+04   1.931595E+07   2.812210E+01   2.812210E+01   2.124689E+01   1.699751E+01  -1.000000E+01   3.225063E+00  -3.923586E+00        14
   1.966481E+04   1.933561E+07   2.812210E+01   2.812210E+01   2.124689E+01   1.699751E+01  -1.000000E+01   3.225063E+00  -3.923586E+00        14
   1.967481E+04   1.935528E+07   2.812210E+01   2.812210E+01   2.124689E+01   1.699751E+01  -1.000000E+01   3.225063E+00  -3.923586E+00        14
   1.968481E+04   1.937496E+07   2.812210E+01   2.812210E+01   2.124689E+01   1.699751E+01  -1.000000E+01   3.225063E+00  -3.923586E+00        14
   1.969481E+04   1.939465E+07   2.812210E+01   2.812210E+01   2.124689E+01   1.699751E+01  -1.000000E+01   3.225063E+00  -3.923586E+00        14
   1.970481E+04   1.941435E+07   2.812210E+01   2.812210E+01   2.124689E+01   1.699751E+01  -1.000000E+01   3.225063E+00  -3.923586E+00        14
   1.971481E+04   1.943406E+07   2.812210E+01   2.812210E+01   2.124689E+01   1.699751E+01  -1.000000E+01   3.225063E+00  -3.923586E+00        14
   1.972481E+04   1.945378E+07   2.812210E+01   2.812210E+01   2.124689E+01   1.699751E+01  -1.000000E+01   3.225063E+00  -3.923586E+00        14
   1.973481E+04   1.947351E+07   2.812210E+01   2.812210E+01   2.124689E+01   1.699751E+01  -1.000000E+01   3.225063E+00  -3.923586E+00        14
   1.974481E+04   1.949325E+07   2.812210E+01   2.812210E+01   2.124689E+01   1.699751E+01  -1.000000E+01   3.225063E+00  -3.923586E+00        14
   1.975481E+04   1.951300E+07   2.812210E+01   2.812210E+01   2.124689E+01   1.699751E+01  -1.000000E+01   3.225063E+00  -3.923586E+00        14
   1.976481E+04   1.953276E+07   2.812210E+01   2.812210E+01   2.124689E+01   1.699751E+01  -1.000000E+01   3.225063E+00  -3.923586E+00        14
   1.977481E+04   1.955253E+07   2.812210E+01   2.812210E+01   2.124689E+01   1.699751E+01  -1.000000E+01   3.225063E+00  -3.923586E+00        14
   1.978481E+04   1.957231E+07   2.812210E+01   2.812210E+01   2.124689E+01   1.699751E+01  -1.000000E+01   3.225063E+00  -3.923586E+00        14
   1.979481E+04   1.959210E+07   2.812210E+01   2.812210E+01   2.124689E+01   1.699751E+01  -1.000000E+01   3.225063E+00  -3.923586E+00        14
   1.980481E+04   1.961190E+07   2.812210E+01   2.812210E+01   2.124689E+01   1.699751E+01  -1.000000E+01   3.225063E+00  -3.923586E+00        14
   1.981481E+04   1.963171E+07   2.812210E+01   2.812210E+01   2.124689E+01   1.699751E+01  -1.000000E+01   3.225063E+00  -3.923586E+00        14
   1.982481E+04   1.965153E+07   2.812210E+01   2.812210E+01   2.124689E+01   1.699751E+01  -1.000000E+01   3.225063E+00  -3.923586E+00        14
   1.983481E+04   1.967136E+07   2.812210E+01   2.812210E+01   2.124689E+01   1.699751E+01  -1.000000E+01   3.225063E+00  -3.923586E+00        14
   1.984481E+04   1.969120E+07   2.812210E+01   2.812210E+01   2.124689E+01   1.699751E+01  -1.000000E+01   3.225063E+00  -3.923586E+00        14
   1.985481E+04   1.971105E+07   2.812210E+01   2.812210E+01   2.124689E+01   1.699751E+01  -1.000000E+01   3.225063E+00  -3.923586E+00        14
   1.986481E+04   1.973091E+07   2.812210E+01   2.812210E+01   2.124689E+01   1.699751E+01  -1.000000E+01   3.225063E+00  -3.923586E+00        14
   1.987481E+04   1.975078E+07   2.812210E+01   2.812210E+01   2.124689E+01   1.699751E+01  -1.000000E+01   3.225063E+00  -3.923586E+00        14
   1.988481E+04   1.977066E+07   2.812210E+01   2.812210E+01   2.124689E+01   1.699751E+01  -1.000000E+01   3.225063E+00  -3.923586E+00        14
   1.989481E+04   1.979055E+07   2.812210E+01   2.812210E+01   2.124689E+01   1.699751E+01  -1.000000E+01   3.225063E+00  -3.923586E+00        14
   1.990481E+04   1.981045E+07   2.812210E+01   2.812210E+01   2.124689E+01   1.699751E+01  -1.000000E+01   3.225063E+00  -3.923586E+00        14
   1.991481E+04   1.983036E+07   2.812210E+01   2.812210E+01   2.124689E+01   1.699751E+01  -1.000000E+01   3.225063E+00  -3.923586E+00        14
   1.992481E+04   1.985028E+07   2.812210E+01   2.812210E+01   2.124689E+01   1.699751E+01  -1.000000E+01   3.225063E+00  -3.923586E+00        14
   1.993481E+04   1.987021E+07   2.812210E+01   2.812210E+01   2.124689E+01   1.699751E+01  -1.000000E+01   3.225063E+00  -3.923586E+00        14
   1.994481E+04   1.989015E+07   2.812210E+01   2.812210E+01   2.124689E+01   1.699751E+01  -1.000000E+01   3.225063E+00  -3.923586E+00        14
   1.995481E+04   1.991010E+07   2.812210E+01   2.812210E+01   2.124689E+01   1.699751E+01  -1.000000E+01   3.225063E+00  -3.923586E+00        14
   1.996481E+04   1.993006E+07   2.812210E+01   2.812210E+01   2.124689E+01   1.699751E+01  -1.000000E+01   3.225063E+00  -3.923586E+00        14
   1.997481E+04   1.995003E+07   2.812210E+01   2.812210E+01   2.124689E+01   1.699751E+01  -1.000000E+01   3.225063E+00  -3.923586E+00        14
   1.998481E+04   1.997001E+07   2.812210E+01   2.812210E+01   2.124689E+01   1.699751E+01  -1.000000E+01   3.225063E+00  -3.923586E+00        14
   1.999481E+04   1.999000E+07   2.812210E+01   2.812210E+01   2.124689E+01   1.699751E+01  -1.000000E+01   3.225063E+00  -3.923586E+00        14
   2.000000E+04   2.001000E+07   2.812210E+01   2.812210E+01   2.124689E+01   1.699751E+01  -1.000000E+01   3.225063E+00  -3.923586E+00        14
